witness,year,idx,id,raw_id,is_kalend,n_words,SCOT,SCOT_AMBIG,INSULAR,MIDLAND,MUNSTER,TERRITORY,IONA,sha1
AU,431,0,AU431.0,U431.0,1,14,0,0,0,0,0,0,0,7be0294c41a4
AU,431,1,AU431.1,U431.1,0,41,0,0,0,0,0,0,0,c01d5d58e290
AU,432,0,AU432.0,U432.0,1,17,0,0,0,0,0,0,0,0abb53348ee8
AU,432,1,AU432.1,U432.1,0,40,0,0,0,0,0,0,0,6ee3e7bc8df0
AU,432,2,AU432.2,U432.2,0,48,0,0,0,0,0,0,0,78f338c6c365
AU,433,0,AU433.0,U433.0,1,8,0,0,0,0,0,0,0,13a85d324307
AU,434,0,AU434.0,U434.0,1,14,0,0,0,0,0,0,0,42a65250bc81
AU,434,1,AU434.1,U434.1,0,11,0,0,1,0,0,0,0,061566ba4375
AU,435,0,AU435.0,U435.0,1,14,0,0,0,0,0,0,0,b49ed800a103
AU,435,1,AU435.1,U435.1,0,6,0,0,0,0,1,0,0,28a9cd1c3984
AU,435,2,AU435.2,U435.2,0,13,0,0,0,0,0,0,0,a4cf30d0a3f7
AU,436,0,AU436.0,U436.0,1,14,0,0,0,0,0,0,0,1d7369d76740
AU,436,1,AU436.1,U436.1,0,6,0,0,0,0,0,0,0,e69d8352429c
AU,436,2,AU436.2,U436.2,0,16,0,0,0,0,0,0,0,271d5ac3f4f7
AU,436,3,AU436.3,U436.3,0,8,0,0,0,0,0,0,0,26872b7ed563
AU,437,0,AU437.0,U437.0,1,16,0,0,0,0,0,0,0,96c90096bb00
AU,437,1,AU437.1,U437.1,0,3,0,0,0,0,0,0,0,c3cf9b15a339
AU,438,0,AU438.0,U438.0,1,14,0,0,0,0,0,0,0,c182796181f1
AU,438,1,AU438.1,U438.1,0,5,0,0,0,0,0,0,0,822c240ba3a0
AU,438,2,AU438.2,U438.2,0,14,0,0,0,0,0,0,0,f255129154af
AU,439,0,AU439.0,U439.0,1,14,0,0,0,0,0,0,0,2ca59118ad6c
AU,439,1,AU439.1,U439.1,0,14,0,0,0,0,0,0,0,2158ca5083c6
AU,439,2,AU439.2,U439.2,0,12,0,0,0,0,0,0,0,04a1a4c817b2
AU,440,0,AU440.0,U440.0,1,14,0,0,0,0,0,0,0,5a831d73b2e8
AU,440,1,AU440.1,U440.1,0,26,0,0,0,0,0,0,0,7bfe1ae619b9
AU,440,2,AU440.2,U440.2,0,11,0,0,0,0,0,0,0,43cf4b44cd14
AU,440,3,AU440.3,U440.3,0,27,0,0,0,0,0,0,0,6e6f1a082ca6
AU,441,0,AU441.0,U441.0,1,6,0,0,0,0,0,0,0,d8efe9a47af7
AU,441,1,AU441.1,U441.1,0,9,0,0,0,0,0,0,0,b785985d0550
AU,441,2,AU441.2,U441.2,0,8,0,0,0,0,0,0,0,cbe0e445a6b6
AU,442,0,AU442.0,U442.0,1,7,0,0,0,0,0,0,0,6d810a8ea8b5
AU,443,0,AU443.0,U443.0,1,6,0,0,0,0,0,0,0,0110e9465ef5
AU,443,1,AU443.1,U443.1,0,18,0,0,0,0,0,0,0,19e80d538d1b
AU,444,0,AU444.0,U444.0,1,6,0,0,0,0,0,0,0,68beb2b72e87
AU,444,1,AU444.1,U444.1,0,4,0,0,0,1,0,0,0,999180fa4778
AU,444,2,AU444.2,U444.2,0,17,0,0,0,0,0,0,0,d52fe9e93287
AU,445,0,AU445.0,U445.0,1,7,0,0,0,0,0,0,0,9a82912ad79b
AU,445,1,AU445.1,U445.1,0,40,1,0,0,0,0,0,1,c17a42b1508a
AU,446,0,AU446.0,U446.0,1,14,0,0,0,0,0,0,0,c9f499af31bf
AU,446,1,AU446.1,U446.1,0,19,0,1,0,0,0,0,0,fc73e645a533
AU,447,0,AU447.0,U447.0,1,14,0,0,0,0,0,0,0,8d7fc9f12c20
AU,447,1,AU447.1,U447.1,0,11,0,0,0,0,0,0,0,91649cef3973
AU,448,0,AU448.0,U448.0,1,6,0,0,0,0,0,0,0,de8692a7fb90
AU,448,1,AU448.1,U448.1,0,31,0,0,0,0,0,0,0,2baaa98a8798
AU,449,0,AU449.0,U449.0,1,6,0,0,0,0,0,0,0,2e01b7148c02
AU,449,1,AU449.1,U449.1,0,21,0,0,0,0,0,0,0,752354decc53
AU,449,2,AU449.2,U449.2,0,41,0,0,0,0,0,0,0,58bd67dfbb41
AU,450,0,AU450.0,U450.0,1,7,0,0,0,0,0,0,0,47ae6d2ed5e0
AU,451,0,AU451.0,U451.0,1,6,0,0,0,0,0,0,0,37ab77e4770c
AU,451,1,AU451.1,U451.1,0,11,0,0,0,0,0,0,0,eafcbafb4e65
AU,451,2,AU451.2,U451.2,0,42,0,0,0,0,0,0,0,193e92db9a0d
AU,452,0,AU452.0,U452.0,1,6,0,0,0,0,0,0,0,27a542d545d4
AU,452,1,AU452.1,U452.1,0,8,0,0,0,0,0,0,0,9a231005d1a8
AU,452,2,AU452.2,U452.2,0,6,0,0,0,0,1,0,0,3f2419d9f1e9
AU,452,3,AU452.3,U452.3,0,25,0,0,0,0,0,0,0,ac0a041f319a
AU,453,0,AU453.0,U453.0,1,14,0,0,0,0,0,0,0,31c2f71b94f0
AU,453,1,AU453.1,U453.1,0,11,0,0,0,0,1,0,0,a5ebe6f60d4d
AU,454,0,AU454.0,U454.0,1,14,0,0,0,0,0,0,0,3282e85cd4dd
AU,454,1,AU454.1,U454.1,0,10,0,0,0,1,0,0,0,8b2f735fae25
AU,455,0,AU455.0,U455.0,1,7,0,0,0,0,0,0,0,12024a81e5db
AU,455,1,AU455.1,U455.1,0,4,0,0,0,0,0,0,0,da68dd98e71c
AU,456,0,AU456.0,U456.0,1,14,0,0,0,0,0,0,0,97485b9a9ecc
AU,456,1,AU456.1,U456.1,0,15,0,0,0,0,0,0,0,69185b74d493
AU,456,2,AU456.2,U456.2,0,26,0,0,0,0,0,0,0,5f27294534c5
AU,457,0,AU457.0,U457.0,1,7,0,0,0,0,0,0,0,aa3f40b91c00
AU,457,1,AU457.1,U457.1,0,5,0,0,0,0,0,0,0,a16b5e12eaaf
AU,457,2,AU457.2,U457.2,0,9,0,0,0,0,0,0,0,91a026d0e331
AU,458,0,AU458.0,U458.0,1,14,0,0,0,0,0,0,0,bf64cad5ee79
AU,458,1,AU458.1,U458.1,0,38,0,0,0,0,1,0,0,118d2cb2c908
AU,459,0,AU459.0,U459.0,1,14,0,0,0,0,0,0,0,599d6f489dd7
AU,459,1,AU459.1,U459.1,0,3,0,0,0,0,0,0,0,e40ab94a817a
AU,459,2,AU459.2,U459.2,0,13,0,0,0,0,0,0,0,159c6bc3e195
AU,460,0,AU460.0,U460.0,1,13,0,0,0,0,0,0,0,13c0ad46e6d8
AU,460,1,AU460.1,U460.1,0,25,0,0,0,0,0,0,0,d2f08b6e051e
AU,461,1,AU461.1,U461.1,0,14,0,0,0,0,0,0,0,78737c92e63d
AU,461,1,AU461.1,U461.1,0,18,0,0,0,0,0,0,0,4b021b3ad5bd
AU,461,2,AU461.2,U461.2,0,7,0,0,0,0,0,0,0,751909c993df
AU,461,3,AU461.3,U461.3,0,18,0,0,0,1,0,0,0,a7010723a449
AU,461,4,AU461.4,U461.4,0,18,0,0,0,0,1,0,0,bf0954f0f6e1
AU,462,0,AU462.0,U462.0,1,14,0,0,0,0,0,0,0,09c40cca1b37
AU,462,1,AU462.1,U462.1,0,40,0,0,0,0,1,0,0,1ba0e1b64b10
AU,463,0,AU463.0,U463.0,1,14,0,0,0,0,0,0,0,2fb18385690c
AU,463,1,AU463.1,U463.1,0,11,1,0,0,0,0,0,1,04f90f4d50ba
AU,464,0,AU464.0,U464.0,1,14,0,0,0,0,0,0,0,df37e6e79d67
AU,464,1,AU464.1,U464.1,0,10,0,0,0,0,1,0,0,ea2d6ee6bd91
AU,464,2,AU464.2,U464.2,0,5,0,0,1,0,0,0,0,3ab10977cbf9
AU,465,0,AU465.0,U465.0,1,12,0,0,0,0,0,0,0,ec7b00174fd9
AU,465,1,AU465.1,U465.1,0,34,0,0,0,0,0,0,0,596e05e83069
AU,465,2,AU465.2,U465.2,0,5,0,0,0,0,0,0,0,c835cbbd5d97
AU,466,0,AU466.0,U466.0,1,12,0,0,0,0,0,0,0,0c1b8a901821
AU,466,1,AU466.1,U466.1,0,7,0,0,0,0,0,0,0,8993b88ed2f1
AU,466,2,AU466.2,U466.2,0,4,0,0,0,0,0,0,0,7b82350eadf7
AU,467,0,AU467.0,U467.0,1,12,0,0,0,0,0,0,0,811beb396149
AU,467,1,AU467.1,U467.1,0,7,0,0,0,0,0,0,0,56ff7ade8d6c
AU,467,2,AU467.2,U467.2,0,28,0,0,0,1,0,0,0,ecb8c4b9c2f7
AU,467,3,AU467.3,U467.3,0,19,0,0,0,0,0,0,0,fc8884921c74
AU,468,0,AU468.0,U468.0,1,12,0,0,0,0,0,0,0,243b3f5f539d
AU,468,1,AU468.1,U468.1,0,3,0,0,0,0,0,0,0,b1208bae0354
AU,468,2,AU468.2,U468.2,0,19,0,0,0,0,0,0,0,193e75cc8f54
AU,469,0,AU469.0,U469.0,1,12,0,0,0,0,0,0,0,2bdf3cc3bb33
AU,469,1,AU469.1,U469.1,0,14,0,0,0,1,0,0,0,1690c960729c
AU,470,0,AU470.0,U470.0,1,12,0,0,0,0,0,0,0,7bf77ee5b4f2
AU,470,1,AU470.1,U470.1,0,11,0,0,0,1,0,0,0,76e438f2e985
AU,471,0,AU471.0,U471.0,1,12,0,0,0,0,0,0,0,b9039cc39d8a
AU,471,1,AU471.1,U471.1,0,29,0,0,1,0,0,0,0,029d41242fab
AU,472,0,AU472.0,U472.0,1,7,0,0,0,0,0,0,0,efe156ea355e
AU,473,0,AU473.0,U473.0,1,7,0,0,0,0,0,0,0,a12959dd6688
AU,473,1,AU473.1,U473.1,0,50,0,0,0,0,0,0,0,0ae5376ee128
AU,473,2,AU473.2,U473.2,0,10,0,0,1,0,0,0,0,576c88a1e5c1
AU,473,3,AU473.3,U473.3,0,12,0,0,0,0,1,0,0,104738a2d8d4
AU,474,0,AU474.0,U474.0,1,10,0,0,0,0,0,0,0,0ad82d959df7
AU,474,1,AU474.1,U474.1,0,12,0,0,0,0,1,0,0,f17a6cee4523
AU,475,0,AU475.0,U475.0,1,14,0,0,0,0,0,0,0,2cd679de5a55
AU,475,1,AU475.1,U475.1,0,24,0,0,0,0,1,0,0,c64b4b20af98
AU,476,0,AU476.0,U476.0,1,14,0,0,0,0,0,0,0,e7f2369afe18
AU,476,1,AU476.1,U476.1,0,12,0,0,0,0,1,0,0,ff5bbaeed102
AU,477,0,AU477.0,U477.0,1,7,0,0,0,0,0,0,0,6a039eb44a33
AU,477,1,AU477.1,U477.1,0,9,0,0,0,0,0,0,0,c7e4ae29ad9e
AU,478,0,AU478.0,U478.0,1,7,0,0,0,0,0,0,0,860176909ac0
AU,478,1,AU478.1,U478.1,0,5,0,0,0,0,0,0,0,0bcf41d10680
AU,479,0,AU479.0,U479.0,1,10,0,0,0,0,0,0,0,c79239c5886f
AU,480,0,AU480.0,U480.0,1,7,0,0,0,0,0,0,0,7144d01441ec
AU,480,1,AU480.1,U480.1,0,8,0,0,0,0,0,0,0,5d64d20b2868
AU,481,0,AU481.0,U481.0,1,14,0,0,0,0,0,0,0,62e854cc7c99
AU,481,1,AU481.1,U481.1,0,11,0,0,0,1,0,0,0,cdd3cde5507c
AU,481,2,AU481.2,U481.2,0,15,0,0,0,0,0,0,0,563b399cc1d8
AU,481,3,AU481.3,U481.3,0,32,0,0,0,0,0,0,0,3dd614fea395
AU,482,0,AU482.0,U482.0,1,6,0,0,0,0,0,0,0,0a4b14c180f2
AU,482,1,AU482.1,U482.1,0,21,0,0,0,0,0,0,0,8a712431056b
AU,482,2,AU482.2,U482.2,0,22,0,0,0,0,0,0,0,a69ba6eb0714
AU,483,0,AU483.0,U483.0,1,7,0,0,0,0,0,0,0,31c0b6b181ee
AU,483,1,AU483.1,U483.1,0,24,0,0,0,0,1,0,0,3ca82286345c
AU,483,2,AU483.2,U483.2,0,35,0,0,0,0,0,0,0,27e25a7112d1
AU,484,0,AU484.0,U484.0,1,10,0,0,0,0,0,0,0,7f54e9bdfe7e
AU,484,1,AU484.1,U484.1,0,11,0,0,0,0,0,0,0,0cd781b05c23
AU,485,0,AU485.0,U485.0,1,9,0,0,0,0,0,0,0,532ddc8aee7b
AU,485,1,AU485.1,U485.1,0,23,0,0,0,0,0,0,0,aba696f6fe1d
AU,485,2,AU485.2,U485.2,0,9,0,0,0,0,0,0,0,63f3c872ccef
AU,486,0,AU486.0,U486.0,1,12,0,0,0,0,0,0,0,39bb566e3945
AU,486,1,AU486.1,U486.1,0,16,0,0,0,0,0,0,0,7e36566371a7
AU,487,0,AU487.0,U487.0,1,14,0,0,0,0,0,0,0,c3a3036e0e54
AU,487,1,AU487.1,U487.1,0,8,0,0,0,0,0,0,0,ac709bc4756c
AU,489,0,AU489.0,U489.0,1,14,0,0,0,0,0,0,0,b8b3732f4eaf
AU,489,1,AU489.1,U489.1,0,11,0,0,0,0,0,0,0,dda531c77cf2
AU,490,0,AU490.0,U490.0,1,14,0,0,0,0,0,0,0,114c0586f69c
AU,490,1,AU490.1,U490.1,0,5,0,0,0,0,0,0,0,914bb49de1f1
AU,490,2,AU490.2,U490.2,0,25,0,0,0,0,1,0,0,7771cb543e41
AU,491,0,AU491.0,U491.0,1,14,0,0,0,0,0,0,0,78189cb9a7fd
AU,491,1,AU491.1,U491.1,0,47,0,0,0,0,0,0,0,e53f23050175
AU,491,2,AU491.2,U491.2,0,4,0,0,0,0,0,0,0,d7235773d762
AU,491,3,AU491.3,U491.3,0,21,0,0,0,0,1,0,0,536283b13195
AU,492,0,AU492.0,U492.0,1,14,0,0,0,0,0,0,0,8ec389d942be
AU,492,1,AU492.1,U492.1,0,76,0,0,0,0,0,0,0,356d5269894a
AU,493,0,AU493.0,U493.0,1,14,0,0,0,0,0,0,0,2e0989a43f21
AU,493,1,AU493.1,U493.1,0,4,0,0,0,0,0,0,0,d997b781ebd3
AU,493,2,AU493.2,U493.2,0,13,0,0,0,0,0,0,0,0d73a5599618
AU,493,3,AU493.3,U493.3,0,5,0,0,0,0,0,0,0,8f149977e822
AU,493,4,AU493.4,U493.4,0,39,0,0,0,0,0,0,0,78657359e612
AU,493,5,AU493.5,U493.5,0,37,0,0,0,0,0,0,0,80a2f3ecaab4
AU,494,0,AU494.0,U494.0,1,12,0,0,0,0,0,0,0,3dabedd1c921
AU,494,1,AU494.1,U494.1,0,13,0,0,0,1,1,0,0,02aed9e9f45f
AU,495,0,AU495.0,U495.0,1,12,0,0,0,0,0,0,0,a7f89ee4ca13
AU,495,1,AU495.1,U495.1,0,48,0,0,0,0,1,0,0,ca2903216b0b
AU,496,0,AU496.0,U496.0,1,12,0,0,0,0,0,0,0,ac19bc33c3ab
AU,496,1,AU496.1,U496.1,0,7,0,0,0,0,0,0,0,9f6f5a68482b
AU,496,2,AU496.2,U496.2,0,7,0,0,0,1,0,0,0,107a096d1a03
AU,496,3,AU496.3,U496.3,0,5,0,0,0,0,0,0,0,b7ef538a71d8
AU,496,4,AU496.4,U496.4,0,6,0,0,0,1,0,0,0,d7ed9d2727c3
AU,497,0,AU497.0,U497.0,1,12,0,0,0,0,0,0,0,d450a29b5839
AU,497,1,AU497.1,U497.1,0,13,0,0,0,0,0,0,0,d740a4758c8c
AU,497,2,AU497.2,U497.2,0,4,0,0,0,0,0,0,0,d53804fb99af
AU,497,3,AU497.3,U497.3,0,10,0,0,0,1,0,0,0,14e7dbe4b267
AU,497,4,AU497.4,U497.4,0,24,0,0,0,0,1,0,0,2f239b0f2a76
AU,498,0,AU498.0,U498.0,1,12,0,0,0,0,0,0,0,e6ac5220adab
AU,498,1,AU498.1,U498.1,0,5,0,0,0,0,0,0,0,b7ef538a71d8
AU,498,2,AU498.2,U498.2,0,20,0,0,0,0,1,0,0,62c87e7c1f8e
AU,498,3,AU498.3,U498.3,0,10,0,0,0,0,0,0,0,f97c871eb696
AU,498,4,AU498.4,U498.4,0,12,0,0,0,1,0,0,0,3204a6116d3f
AU,499,0,AU499.0,U499.0,1,12,0,0,0,0,0,0,0,d6de5a2fc510
AU,499,1,AU499.1,U499.1,0,13,0,0,0,0,0,0,0,495afa14c1f8
AU,499,2,AU499.2,U499.2,0,8,0,0,0,0,0,0,0,1ab750ee56a1
AU,499,3,AU499.3,U499.3,0,16,0,0,0,1,1,0,0,7bd255e9cf7b
AU,499,4,AU499.4,U499.4,0,9,0,0,0,0,0,0,0,b40c3888a639
AU,500,0,AU500.0,U500.0,1,12,0,0,0,0,0,0,0,4c41aac2cfb8
AU,500,1,AU500.1,U500.1,0,2,0,0,0,0,0,0,0,681dc4ce277b
AU,500,2,AU500.2,U500.2,0,12,0,0,0,0,0,0,0,595c1d594317
AU,501,0,AU501.0,U501.0,1,12,0,0,0,0,0,0,0,e9a24de3f6b9
AU,501,1,AU501.1,U501.1,0,17,0,0,0,0,0,0,0,2db7e16c0833
AU,501,2,AU501.2,U501.2,0,21,0,0,0,0,0,0,0,21e9cb04041c
AU,501,3,AU501.3,U501.3,0,14,0,0,0,0,1,0,0,12e15aa7f900
AU,502,0,AU502.0,U502.0,1,14,0,0,0,0,0,0,0,998ee90790e7
AU,502,1,AU502.1,U502.1,0,21,0,0,0,0,0,0,0,40b6dd933194
AU,503,0,AU503.0,U503.0,1,12,0,0,0,0,0,0,0,f0b97b4c8bfe
AU,503,1,AU503.1,U503.1,0,13,0,0,0,0,1,0,0,60f405852a81
AU,504,0,AU504.0,U504.0,1,11,0,0,0,0,0,0,0,1c6e2c4d1cf9
AU,504,1,AU504.1,U504.1,0,8,0,0,0,1,0,0,0,d24830522e1a
AU,504,2,AU504.2,U504.2,0,7,0,1,0,0,0,0,0,f85e32f02b95
AU,504,3,AU504.3,U504.3,0,7,0,0,0,0,0,0,0,4bd5ce6a4871
AU,505,0,AU505.0,U505.0,1,7,0,0,0,0,0,0,0,486a7e3e9312
AU,505,1,AU505.1,U505.1,0,6,0,0,0,0,0,0,0,bd6ef126f68f
AU,506,0,AU506.0,U506.0,1,7,0,0,0,0,0,0,0,4bd3c106f18c
AU,506,1,AU506.1,U506.1,0,7,0,0,0,0,0,0,0,76b2c30d3dd8
AU,507,0,AU507.0,U507.0,1,7,0,0,0,0,0,0,0,de7747893e10
AU,507,1,AU507.1,U507.1,0,29,0,0,0,0,0,0,0,95fec88e209a
AU,507,2,AU507.2,U507.2,0,7,0,0,0,0,0,0,0,848f1aa13694
AU,508,0,AU508.0,U508.0,1,6,0,0,0,0,0,0,0,14fc66c50579
AU,508,1,AU508.1,U508.1,0,14,0,0,0,0,0,0,0,0498a6894d44
AU,509,0,AU509.0,U509.0,1,7,0,0,0,0,0,0,0,05c062d7953b
AU,510,0,AU510.0,U510.0,1,12,0,0,0,0,0,0,0,f013d78cd9d4
AU,510,1,AU510.1,U510.1,0,14,0,0,0,0,0,0,0,7b5c27c8ee66
AU,511,0,AU511.0,U511.0,1,12,0,0,0,0,0,0,0,6f0de758bd7c
AU,511,1,AU511.1,U511.1,0,9,0,0,0,0,0,0,0,f74fdde32253
AU,512,0,AU512.0,U512.0,1,12,0,0,0,0,0,0,0,1fcecb91881d
AU,512,1,AU512.1,U512.1,0,4,0,0,0,0,0,0,0,49278797fac5
AU,512,2,AU512.2,U512.2,0,7,0,0,0,0,0,0,0,33e65820c032
AU,512,3,AU512.3,U512.3,0,8,0,0,0,0,0,0,0,398619e6f326
AU,512,4,AU512.4,U512.4,0,16,0,0,0,0,0,0,0,15e6547746e6
AU,513,0,AU513.0,U513.0,1,12,0,0,0,0,0,0,0,82543c2ee68f
AU,513,1,AU513.1,U513.1,0,6,0,0,0,0,0,0,0,e7388b0dd6e5
AU,513,2,AU513.2,U513.2,0,9,0,0,0,1,0,0,0,dd7aee3e162e
AU,513,3,AU513.3,U513.3,0,6,0,0,0,0,0,0,0,2e2c9970380a
AU,514,0,AU514.0,U514.0,1,12,0,0,0,0,0,0,0,a10ab19374f8
AU,514,1,AU514.1,U514.1,0,29,0,0,0,0,0,0,0,8859a60d8526
AU,514,2,AU514.2,U514.2,0,8,0,0,0,0,0,0,0,250d1401bbe2
AU,515,0,AU515.0,U515.0,1,8,0,0,0,0,0,0,0,852157b8a432
AU,515,1,AU515.1,U515.1,0,13,0,0,0,0,0,0,0,84abe267e948
AU,516,0,AU516.0,U516.0,1,8,0,0,0,0,0,0,0,bfe6f22f5f06
AU,516,1,AU516.1,U516.1,0,76,0,0,0,1,1,0,0,ee6a74b62c3b
AU,516,2,AU516.2,U516.2,0,6,0,0,0,0,0,0,0,0dc815966c3d
AU,517,0,AU517.0,U517.0,1,12,0,0,0,0,0,0,0,ab7c1f8c9167
AU,517,1,AU517.1,U517.1,0,18,0,0,0,0,0,0,0,88bb6369b381
AU,517,2,AU517.2,U517.2,0,12,0,0,0,0,0,0,0,29d5fd8b9120
AU,517,3,AU517.3,U517.3,0,51,0,0,0,1,1,0,0,abf13f5a1404
AU,518,0,AU518.0,U518.0,1,12,0,0,0,0,0,0,0,c6e88f32c2b5
AU,518,1,AU518.1,U518.1,0,21,0,0,0,0,0,0,0,9cef0e2c7427
AU,519,0,AU519.0,U519.0,1,12,0,0,0,0,0,0,0,d57693941935
AU,519,1,AU519.1,U519.1,0,16,0,0,0,0,0,0,0,42e1778afdf2
AU,519,2,AU519.2,U519.2,0,9,0,0,0,0,0,0,0,10a378149b22
AU,520,0,AU520.0,U520.0,1,12,0,0,0,0,0,0,0,863e410f1324
AU,520,1,AU520.1,U520.1,0,6,0,0,0,1,0,0,0,ee5dd24cdec4
AU,520,2,AU520.2,U520.2,0,30,0,0,0,0,0,0,0,a2738bd50e60
AU,520,3,AU520.3,U520.3,0,9,0,0,0,0,0,0,0,e213d973e0e2
AU,521,0,AU521.0,U521.0,1,12,0,0,0,0,0,0,0,3b424e145f12
AU,521,1,AU521.1,U521.1,0,11,0,0,0,0,0,0,0,9a62e30a1d8a
AU,522,0,AU522.0,U522.0,1,11,0,0,0,0,0,0,0,ceb3a4cbee6f
AU,523,0,AU523.0,U523.0,1,11,0,0,0,0,0,0,0,c5d7a8da6652
AU,523,1,AU523.1,U523.1,0,22,0,0,0,0,0,0,0,6b70c29e5a64
AU,523,2,AU523.2,U523.2,0,5,0,0,0,0,0,0,0,a2be8cfea9bc
AU,523,3,AU523.3,U523.3,0,4,0,0,0,0,0,0,0,8269e80b4369
AU,524,0,AU524.0,U524.0,1,15,0,0,0,0,0,0,0,97c1dc197fbf
AU,524,1,AU524.1,U524.1,0,15,0,0,0,0,0,0,0,ae788cb9d6f9
AU,524,2,AU524.2,U524.2,0,11,0,0,0,0,0,0,0,8834fd910577
AU,525,0,AU525.0,U525.0,1,8,0,0,0,0,0,0,0,caf047e68402
AU,525,1,AU525.1,U525.1,0,66,0,0,0,0,0,0,0,f93b4a6ffac6
AU,526,0,AU526.0,U526.0,1,8,0,0,0,0,0,0,0,7fdb4ab25712
AU,526,1,AU526.1,U526.1,0,13,0,0,0,0,0,0,0,ea14cd1d85b8
AU,526,2,AU526.2,U526.2,0,10,0,0,0,1,0,0,0,9db36dd477c6
AU,527,0,AU527.0,U527.0,1,8,0,0,0,0,0,0,0,b3619f79950f
AU,527,1,AU527.1,U527.1,0,6,0,0,0,0,0,0,0,f8b374639f92
AU,527,2,AU527.2,U527.2,0,14,0,0,0,0,0,0,0,1c77c200be28
AU,527,3,AU527.3,U527.3,0,60,0,0,0,0,0,0,0,dde1062700bb
AU,527,4,AU527.4,U527.4,0,4,0,0,0,0,0,0,0,09b7da6c7e65
AU,528,0,AU528.0,U528.0,1,12,0,0,0,0,0,0,0,3cd4ec82e438
AU,528,1,AU528.1,U528.1,0,45,0,0,0,0,0,0,0,1a81c7f9fc4b
AU,528,2,AU528.2,U528.2,0,20,0,0,0,0,1,0,0,6fdae4a03f8b
AU,528,3,AU528.3,U528.3,0,14,0,0,0,0,0,0,0,a31cd31abec4
AU,529,0,AU529.0,U529.0,1,12,0,0,0,0,0,0,0,9a82b3800a83
AU,529,1,AU529.1,U529.1,0,4,0,0,0,0,0,0,0,f89891b5dfe6
AU,529,2,AU529.2,U529.2,0,5,0,0,0,0,0,0,0,13d2487dd2dc
AU,530,0,AU530.0,U530.0,1,8,0,0,0,0,0,0,0,3e08726705f7
AU,531,0,AU531.0,U531.0,1,8,0,0,0,0,0,0,0,9daa7a219368
AU,531,1,AU531.1,U531.1,0,26,0,0,0,0,0,0,0,cedc959e187b
AU,532,0,AU532.0,U532.0,1,12,0,0,0,0,0,0,0,7f67cd63cbb7
AU,532,1,AU532.1,U532.1,0,25,0,0,0,0,0,0,0,5c6f71f0dff9
AU,533,0,AU533.0,U533.0,1,12,0,0,0,0,0,0,0,67c4f2998f3a
AU,533,1,AU533.1,U533.1,0,10,0,0,0,0,0,0,0,7bc6464185b6
AU,533,2,AU533.2,U533.2,0,11,0,0,0,0,0,0,0,9f724e36a047
AU,533,3,AU533.3,U533.3,0,47,0,0,0,0,1,0,0,ff337c60e074
AU,533,4,AU533.4,U533.4,0,10,0,0,0,0,0,0,0,c21039f62f21
AU,534,0,AU534.0,U534.0,1,10,0,0,0,0,0,0,0,5c2d20d9cdbb
AU,534,1,AU534.1,U534.1,0,31,0,0,0,0,0,0,0,37eacd02e0e1
AU,534,2,AU534.2,U534.2,0,6,0,0,0,0,1,0,0,8eaca2974af5
AU,534,3,AU534.3,U534.3,0,21,0,0,0,0,0,0,0,aa683c03240c
AU,535,0,AU535.0,U535.0,1,12,0,0,0,0,0,0,0,b89d0ce64527
AU,535,1,AU535.1,U535.1,0,37,0,0,0,0,0,0,0,a34a44650944
AU,535,2,AU535.2,U535.2,0,27,0,0,0,0,0,0,0,12d723d160c2
AU,535,3,AU535.3,U535.3,0,15,0,0,0,0,1,0,0,80f7952e5185
AU,536,0,AU536.0,U536.0,1,11,0,0,0,0,0,0,0,a4b3f6823c4a
AU,536,1,AU536.1,U536.1,0,7,0,0,0,0,0,0,0,43d2e17a84d0
AU,536,2,AU536.2,U536.2,0,33,0,0,0,0,0,0,0,7018c7bbc493
AU,536,3,AU536.3,U536.3,0,3,0,0,0,0,0,0,0,8be116815a91
AU,536,4,AU536.4,U536.4,0,13,0,0,0,1,0,0,0,e54b7403b23a
AU,536,5,AU536.5,U536.5,0,11,0,0,0,0,0,0,0,60b630ac67d2
AU,537,0,AU537.0,U537.0,1,12,0,0,0,0,0,0,0,7a1f10f6a5b5
AU,537,1,AU537.1,U537.1,0,5,0,0,0,0,0,0,0,58260e492231
AU,537,2,AU537.2,U537.2,0,5,0,0,0,0,0,0,0,00004816e114
AU,537,3,AU537.3,U537.3,0,11,0,0,0,0,0,0,0,bcb6cf84f090
AU,538,0,AU538.0,U538.0,1,6,0,0,0,0,0,0,0,1b53bea2438d
AU,538,1,AU538.1,U538.1,0,60,0,0,0,0,0,0,0,75d09ed7191e
AU,538,2,AU538.2,U538.2,0,11,0,0,0,0,0,0,0,66abf3b21547
AU,538,3,AU538.3,U538.3,0,13,0,0,0,0,0,0,0,c87a76b31e41
AU,539,0,AU539.0,U539.0,1,6,0,0,0,0,0,0,0,d556c77f1c34
AU,539,1,AU539.1,U539.1,0,3,0,0,0,0,0,0,0,8be116815a91
AU,539,2,AU539.2,U539.2,0,22,0,0,0,0,0,0,0,808041116950
AU,539,3,AU539.3,U539.3,0,17,0,0,0,0,0,0,0,9d33d7fc3f80
AU,540,0,AU540.0,U540.0,1,6,0,0,0,0,0,0,0,4b07eea958c3
AU,540,1,AU540.1,U540.1,0,3,0,0,0,0,0,0,0,24de2827b1eb
AU,540,2,AU540.2,U540.2,0,32,0,0,0,0,0,0,0,61ab93415324
AU,541,0,AU541.0,U541.0,1,6,0,0,0,0,0,0,0,45263fcc4bba
AU,542,0,AU542.0,U542.0,1,7,0,0,0,0,0,0,0,ead43f5553bd
AU,542,1,AU542.1,U542.1,0,6,0,0,0,0,0,0,0,2f42bb68119c
AU,542,2,AU542.2,U542.2,0,2,0,0,0,0,0,0,0,2359fe826492
AU,543,0,AU543.0,U543.0,1,7,0,0,0,0,0,0,0,35f545eaf5ec
AU,543,1,AU543.1,U543.1,0,18,0,0,0,0,1,0,0,f3a53e3a8423
AU,543,2,AU543.2,U543.2,0,32,0,0,0,0,0,0,0,eff3f8266fb0
AU,544,0,AU544.0,U544.0,1,6,0,0,0,0,0,0,0,4976c041cf0c
AU,544,1,AU544.1,U544.1,0,18,0,0,0,0,0,0,0,c7417bbb3d89
AU,545,0,AU545.0,U545.0,1,12,0,0,0,0,0,0,0,ee8b693f1599
AU,545,1,AU545.1,U545.1,0,11,0,0,0,0,0,0,0,3aacdfc48943
AU,545,2,AU545.2,U545.2,0,9,0,0,0,0,0,0,0,bf63ef07b351
AU,545,3,AU545.3,U545.3,0,23,0,0,0,0,0,0,0,195251a0e820
AU,545,4,AU545.4,U545.4,0,9,0,0,0,0,0,0,0,8e75822abc37
AU,546,0,AU546.0,U546.0,1,12,0,0,0,0,0,0,0,05fb3e0a9187
AU,546,1,AU546.1,U546.1,0,5,0,0,0,0,0,0,0,d14c74868697
AU,547,0,AU547.0,U547.0,1,12,0,0,0,0,0,0,0,6717e824607b
AU,547,1,AU547.1,U547.1,0,42,0,0,0,0,0,0,0,cc2121c16077
AU,548,0,AU548.0,U548.0,1,12,0,0,0,0,0,0,0,d38eecf5525e
AU,548,1,AU548.1,U548.1,0,14,0,0,0,1,0,0,0,ab32f4b72ce4
AU,548,2,AU548.2,U548.2,0,5,0,0,0,1,0,0,0,e79e12044895
AU,548,3,AU548.3,U548.3,0,17,0,0,0,0,1,0,0,29ee2e628859
AU,548,4,AU548.4,U548.4,0,6,0,0,0,0,0,0,0,13dde6bb76c2
AU,549,0,AU549.0,U549.0,1,12,0,0,0,0,0,0,0,53ac243e4c01
AU,549,1,AU549.1,U549.1,0,31,0,0,0,1,0,0,0,a2ff2a9d3581
AU,549,2,AU549.2,U549.2,0,6,0,0,0,0,0,0,0,9697d1b65dc8
AU,549,3,AU549.3,U549.3,0,33,0,0,0,0,0,0,0,65510159e0f0
AU,549,4,AU549.4,U549.4,0,38,0,0,0,1,0,0,0,ec102d6a9a38
AU,550,0,AU550.0,U550.0,1,12,0,0,0,0,0,0,0,3944be4d5ec1
AU,550,1,AU550.1,U550.1,0,34,0,0,0,0,0,0,0,56ac5cfcabb2
AU,550,2,AU550.2,U550.2,0,8,0,0,0,0,0,0,0,873bd367a72c
AU,551,0,AU551.0,U551.0,1,12,0,0,0,0,0,0,0,ad98568bb2ee
AU,551,1,AU551.1,U551.1,0,20,0,0,0,1,0,0,0,c05ec5106a95
AU,552,0,AU552.0,U552.0,1,9,0,0,0,0,0,0,0,ebff209dca47
AU,552,1,AU552.1,U552.1,0,20,0,0,0,0,1,0,0,829952fc632a
AU,552,2,AU552.2,U552.2,0,6,0,0,0,0,0,0,0,cc374cd78cb4
AU,553,0,AU553.0,U553.0,1,8,0,0,0,0,0,0,0,5ccc2351805b
AU,553,1,AU553.1,U553.1,0,25,0,0,0,0,0,0,0,b8da89a0f870
AU,553,2,AU553.2,U553.2,0,6,0,0,0,0,0,0,0,866f176edc86
AU,553,3,AU553.3,U553.3,0,93,0,0,0,1,0,0,0,420e23072c1e
AU,553,4,AU553.4,U553.4,0,12,0,0,0,1,0,0,0,dab9bffa4969
AU,554,0,AU554.0,U554.0,1,6,0,0,0,0,0,0,0,dabfa7961258
AU,554,1,AU554.1,U554.1,0,5,0,0,0,0,0,0,0,ffacb0957ab3
AU,554,2,AU554.2,U554.2,0,8,0,0,0,0,0,0,0,2c3c5869b83b
AU,555,0,AU555.0,U555.0,1,6,0,0,0,0,0,0,0,4911b8caafa1
AU,555,1,AU555.1,U555.1,0,9,0,0,0,0,0,0,0,c4770938b3c4
AU,555,2,AU555.2,U555.2,0,22,0,0,0,0,0,0,0,a81337140ab6
AU,555,3,AU555.3,U555.3,0,6,0,0,0,0,0,0,0,7be94d894f82
AU,556,0,AU556.0,U556.0,1,12,0,0,0,0,0,0,0,842abf9b149d
AU,556,1,AU556.1,U556.1,0,22,0,0,0,0,0,0,0,a5d67c22990b
AU,556,2,AU556.2,U556.2,0,13,0,0,0,0,0,0,0,a4b87b837bcd
AU,557,0,AU557.0,U557.0,1,10,0,0,0,0,0,0,0,1efd0868f286
AU,557,1,AU557.1,U557.1,0,11,0,0,0,0,0,0,0,027bbe58149f
AU,558,0,AU558.0,U558.0,1,12,0,0,0,0,0,0,0,59cf312b64e3
AU,558,1,AU558.1,U558.1,0,11,0,0,0,0,0,0,0,4620d4052523
AU,558,2,AU558.2,U558.2,0,24,0,0,0,1,0,0,0,82afe63b27d9
AU,558,3,AU558.3,U558.3,0,7,0,0,0,0,0,0,0,88a0662cde96
AU,558,4,AU558.4,U558.4,0,9,0,0,0,0,0,0,0,132c3378176b
AU,558,5,AU558.5,U558.5,0,8,0,0,0,0,0,0,0,9dd27abc5488
AU,559,0,AU559.0,U559.0,1,7,0,0,0,0,0,0,0,2239f22b0054
AU,559,1,AU559.1,U559.1,0,6,0,0,0,0,0,0,0,7be94d894f82
AU,560,0,AU560.0,U560.0,1,7,0,0,0,0,0,0,0,4b35effd6201
AU,560,1,AU560.1,U560.1,0,18,0,0,0,1,0,0,0,7633700eab96
AU,560,2,AU560.2,U560.2,0,8,0,0,0,0,0,0,0,cacc5908f2e4
AU,560,3,AU560.3,U560.3,0,5,0,0,0,0,0,0,0,c0c173887459
AU,561,0,AU561.0,U561.0,1,7,0,0,0,0,0,0,0,381b46a13474
AU,561,1,AU561.1,U561.1,0,67,0,0,0,0,0,0,0,c2b5b8cc35d4
AU,561,2,AU561.2,U561.2,0,46,0,0,0,0,0,0,0,4ebc9baf9e35
AU,561,3,AU561.3,U561.3,0,5,0,0,0,0,0,0,0,c9d6171efad3
AU,562,0,AU562.0,U562.0,1,7,0,0,0,0,0,0,0,0ba624c41a5d
AU,562,1,AU562.1,U562.1,0,21,0,0,0,0,0,0,0,ddc2cda9b2ed
AU,562,2,AU562.2,U562.2,0,7,0,0,0,0,0,0,0,67d5f9c2d6d0
AU,563,0,AU563.0,U563.0,1,12,0,0,0,0,0,0,0,b6268b57606d
AU,563,1,AU563.1,U563.1,0,161,0,1,0,0,0,0,0,99e732e40db7
AU,563,2,AU563.2,U563.2,0,5,0,0,0,0,0,0,0,6d54baae8d36
AU,563,3,AU563.3,U563.3,0,8,0,0,0,0,0,0,0,57b361ce637a
AU,563,4,AU563.4,U563.4,0,17,1,0,0,0,0,0,1,2b86166a3a33
AU,564,0,AU564.0,U564.0,1,12,0,0,0,0,0,0,0,258285d4c1bd
AU,564,1,AU564.1,U564.1,0,4,0,0,0,0,0,0,0,045c8a19203a
AU,564,2,AU564.2,U564.2,0,5,0,0,0,0,0,0,0,493dea0c29b5
AU,564,3,AU564.3,U564.3,0,11,0,0,0,0,0,0,0,da43a6aa9daa
AU,565,0,AU565.0,U565.0,1,12,0,0,0,0,0,0,0,9812a179cbba
AU,565,1,AU565.1,U565.1,0,26,0,0,0,0,0,0,0,b549df9efa6d
AU,565,2,AU565.2,U565.2,0,8,0,0,0,0,0,0,0,9f8621a86a40
AU,565,3,AU565.3,U565.3,0,12,0,0,0,0,0,0,0,9c8561d8a321
AU,566,0,AU566.0,U566.0,1,12,0,0,0,0,0,0,0,87e5c5346f4e
AU,566,1,AU566.1,U566.1,0,10,0,0,0,0,0,0,0,940759ce256e
AU,566,2,AU566.2,U566.2,0,17,0,0,0,0,0,0,0,8367e2a024a5
AU,566,3,AU566.3,U566.3,0,9,0,0,0,0,0,0,0,e1eac967a8c0
AU,567,0,AU567.0,U567.0,1,8,0,0,0,0,0,0,0,bda3d81f4ebb
AU,567,1,AU567.1,U567.1,0,24,0,0,0,0,0,0,0,657e24740696
AU,567,2,AU567.2,U567.2,0,4,1,0,0,0,0,1,0,fa6fed5ed661
AU,568,0,AU568.0,U568.0,1,12,0,0,0,0,0,0,0,c5294812ddee
AU,568,1,AU568.1,U568.1,0,16,1,0,0,0,0,1,0,ac5efb01996b
AU,569,0,AU569.0,U569.0,1,12,0,0,0,0,0,0,0,4ebffdea5577
AU,569,1,AU569.1,U569.1,0,12,0,0,0,0,0,0,0,eab056540832
AU,570,0,AU570.0,U570.0,1,12,0,0,0,0,0,0,0,c061ea5b2e7f
AU,570,1,AU570.1,U570.1,0,7,0,0,0,0,0,0,0,ea2286e83801
AU,570,2,AU570.2,U570.2,0,13,0,0,0,1,0,0,0,34d7b2b43f72
AU,570,3,AU570.3,U570.3,0,2,0,0,0,0,0,0,0,4a2c41dc20d6
AU,570,4,AU570.4,U570.4,0,6,0,0,0,0,0,0,0,92370c069f0c
AU,571,0,AU571.0,U571.0,1,12,0,0,0,0,0,0,0,480484228dbe
AU,571,1,AU571.1,U571.1,0,7,0,0,0,0,0,0,0,4f362e8bd01a
AU,571,2,AU571.2,U571.2,0,9,0,0,0,0,0,0,0,8960e26c171e
AU,572,0,AU572.0,U572.0,1,12,0,0,0,0,0,0,0,5ec098f1eead
AU,572,1,AU572.1,U572.1,0,43,0,0,0,0,0,0,0,7f95991ae95f
AU,572,2,AU572.2,U572.2,0,7,0,0,0,0,0,0,0,2706296bd51f
AU,572,3,AU572.3,U572.3,0,6,0,0,0,0,0,0,0,12f506639964
AU,572,4,AU572.4,U572.4,0,10,0,0,0,0,0,0,0,832531615c11
AU,572,5,AU572.5,U572.5,0,7,0,0,0,0,0,0,0,93675afec0c3
AU,572,6,AU572.6,U572.6,0,8,0,0,0,0,0,0,0,0d012b5064d0
AU,573,0,AU573.0,U573.0,1,12,0,0,0,0,0,0,0,53f87368567b
AU,573,1,AU573.1,U573.1,0,17,0,0,0,0,0,0,0,48a9eb0afeb4
AU,573,2,AU573.2,U573.2,0,11,0,0,0,0,1,0,0,c540c002ecc7
AU,573,3,AU573.3,U573.3,0,20,0,0,0,0,0,0,0,869ef2d8fe2e
AU,574,0,AU574.0,U574.0,1,12,0,0,0,0,0,0,0,363c930d96c3
AU,574,1,AU574.1,U574.1,0,12,0,1,0,0,0,0,0,0b15a034e138
AU,574,2,AU574.2,U574.2,0,22,1,0,0,0,0,0,1,025649768ac5
AU,574,3,AU574.3,U574.3,0,30,0,0,0,0,0,0,0,efb25084e923
AU,575,0,AU575.0,U575.0,1,12,0,0,0,0,0,0,0,af777d455743
AU,575,1,AU575.1,U575.1,0,17,0,0,0,0,0,0,0,a094fdf336b9
AU,576,0,AU576.0,U576.0,1,12,0,0,0,0,0,0,0,b13d10bbebcd
AU,576,1,AU576.1,U576.1,0,7,1,0,0,0,0,1,0,e33afe9b0a35
AU,576,2,AU576.2,U576.2,0,11,0,0,0,0,0,0,0,fd028244053e
AU,576,3,AU576.3,U576.3,0,20,0,0,0,0,0,0,0,722e32247538
AU,576,4,AU576.4,U576.4,0,6,0,0,0,0,0,0,0,7f1f6097d641
AU,576,5,AU576.5,U576.5,0,38,0,0,0,0,0,0,0,cce9d090f256
AU,577,0,AU577.0,U577.0,1,12,0,0,0,0,0,0,0,5dfd2162e874
AU,577,1,AU577.1,U577.1,0,4,0,0,0,0,0,0,0,6856afb9cf27
AU,577,2,AU577.2,U577.2,0,11,0,0,0,0,0,0,0,635a6eeca71b
AU,577,3,AU577.3,U577.3,0,6,0,0,0,0,0,0,0,a144bbcaa7e7
AU,577,4,AU577.4,U577.4,0,36,0,0,0,0,0,0,0,ff2d07684501
AU,577,5,AU577.5,U577.5,0,8,0,0,0,0,0,0,0,474615f05a8e
AU,577,6,AU577.6,U577.6,0,24,0,0,0,1,0,0,0,b865a88d6443
AU,578,0,AU578.0,U578.0,1,12,0,0,0,0,0,0,0,63d9ce7ba682
AU,578,1,AU578.1,U578.1,0,8,0,0,0,0,0,0,0,6410e6596117
AU,578,2,AU578.2,U578.2,0,7,0,0,0,0,0,0,0,254cc3bb5250
AU,578,3,AU578.3,U578.3,0,7,0,0,0,1,0,0,0,462b6995e043
AU,579,0,AU579.0,U579.0,1,12,0,0,0,0,0,0,0,2bb8c5ced864
AU,579,1,AU579.1,U579.1,0,6,0,0,0,0,0,0,0,6b7ec0a0083f
AU,579,2,AU579.2,U579.2,0,24,0,0,0,0,0,0,0,019d95079752
AU,579,3,AU579.3,U579.3,0,16,0,0,0,0,0,0,0,e5011df6bd8d
AU,580,0,AU580.0,U580.0,1,12,0,0,0,0,0,0,0,99b8a3c6f643
AU,580,1,AU580.1,U580.1,0,28,0,0,0,0,0,0,0,70a7b314a5ff
AU,580,2,AU580.2,U580.2,0,10,0,0,0,0,0,0,0,9e8e3454b6e8
AU,580,3,AU580.3,U580.3,0,6,1,0,0,0,0,1,0,71b3e98f8a63
AU,581,0,AU581.0,U581.0,1,11,0,0,0,0,0,0,0,26b36aecbbc6
AU,581,1,AU581.1,U581.1,0,6,0,0,0,0,0,0,0,d60d07d819c3
AU,581,2,AU581.2,U581.2,0,7,0,0,0,0,0,0,0,8454af49b63c
AU,581,3,AU581.3,U581.3,0,5,0,0,0,0,0,0,0,d731c555d7e3
AU,582,0,AU582.0,U582.0,1,8,0,0,0,0,0,0,0,de67b68ac4d9
AU,582,1,AU582.1,U582.1,0,15,0,1,0,0,0,0,0,455d9da7ec39
AU,582,2,AU582.2,U582.2,0,6,0,0,0,0,0,0,0,424b281d44a7
AU,583,0,AU583.0,U583.0,1,12,0,0,0,0,0,0,0,b9fd4f52eb20
AU,583,1,AU583.1,U583.1,0,9,0,0,0,0,0,0,0,77e6bd739213
AU,583,2,AU583.2,U583.2,0,13,0,0,0,0,0,0,0,f0db6897df72
AU,583,3,AU583.3,U583.3,0,7,0,1,0,0,0,0,0,f85e32f02b95
AU,583,4,AU583.4,U583.4,0,6,0,0,0,0,0,0,0,424b281d44a7
AU,583,5,AU583.5,U583.5,0,10,0,0,0,0,0,0,0,9cfce3d59dc4
AU,584,0,AU584.0,U584.0,1,12,0,0,0,0,0,0,0,9135deadbebe
AU,584,1,AU584.1,U584.1,0,11,0,0,0,0,0,0,0,8be7c59d0e43
AU,584,2,AU584.2,U584.2,0,9,0,0,0,0,0,0,0,2955fe635e6e
AU,584,3,AU584.3,U584.3,0,20,1,0,0,0,0,1,0,ad5ac0ac833f
AU,584,4,AU584.4,U584.4,0,7,0,0,0,0,0,0,0,d71667a960c2
AU,585,0,AU585.0,U585.0,1,14,0,0,0,0,0,0,0,01e1439e25c7
AU,585,1,AU585.1,U585.1,0,17,0,0,0,1,0,0,0,a24e7ad584f5
AU,585,2,AU585.2,U585.2,0,9,0,0,0,0,0,0,0,bb1a093ca587
AU,586,0,AU586.0,U586.0,1,11,0,0,0,0,0,0,0,f430ee5fa0b8
AU,586,1,AU586.1,U586.1,0,58,0,0,0,1,0,0,0,baddfa2567ab
AU,586,2,AU586.2,U586.2,0,9,0,0,0,0,0,0,0,b1bb7b673c09
AU,587,0,AU587.0,U587.0,1,12,0,0,0,0,0,0,0,c60b7e0f27b6
AU,587,1,AU587.1,U587.1,0,18,0,0,0,0,0,0,0,ba34cbf1402f
AU,587,2,AU587.2,U587.2,0,16,0,0,0,0,0,0,0,801359f56916
AU,587,3,AU587.3,U587.3,0,12,0,0,0,0,0,0,0,2bb8c45fd0e7
AU,588,0,AU588.0,U588.0,1,12,0,0,0,0,0,0,0,6bab75635195
AU,588,1,AU588.1,U588.1,0,20,0,0,0,1,0,0,0,9fcb0974f4ef
AU,588,2,AU588.2,U588.2,0,7,0,0,0,1,0,0,0,3f4d8a28a9c3
AU,588,3,AU588.3,U588.3,0,6,0,0,0,0,0,0,0,1c7ec6333e66
AU,588,4,AU588.4,U588.4,0,23,0,0,0,0,0,0,0,732c40cd70ec
AU,589,0,AU589.0,U589.0,1,12,0,0,0,0,0,0,0,c3cec75d7899
AU,589,1,AU589.1,U589.1,0,7,0,0,0,0,0,0,0,1703127ec6f2
AU,589,2,AU589.2,U589.2,0,16,0,0,0,1,0,0,0,aa3e906f0497
AU,589,3,AU589.3,U589.3,0,13,0,0,0,0,0,0,0,0d097058b2ff
AU,590,0,AU590.0,U590.0,1,12,0,0,0,0,0,0,0,4ceb0b2c2e3b
AU,590,1,AU590.1,U590.1,0,9,0,0,0,0,1,0,0,48f67676ece7
AU,590,2,AU590.2,U590.2,0,10,0,0,0,0,0,0,0,697d71d42d34
AU,590,3,AU590.3,U590.3,0,15,0,0,0,0,0,0,0,4e52ea1b0e6a
AU,590,4,AU590.4,U590.4,0,15,0,0,0,0,0,0,0,d90325f62c83
AU,591,0,AU591.0,U591.0,1,12,0,0,0,0,0,0,0,5feb622d4794
AU,591,1,AU591.1,U591.1,0,9,0,0,0,0,0,0,0,ecc2a2e30f1e
AU,591,2,AU591.2,U591.2,0,12,0,0,0,1,0,0,0,57fba00e641b
AU,592,0,AU592.0,U592.0,1,12,0,0,0,0,0,0,0,5fde3c2eedf3
AU,592,1,AU592.1,U592.1,0,6,0,0,0,0,0,0,0,3dbf24195b0d
AU,592,2,AU592.2,U592.2,0,4,0,0,0,0,0,0,0,2345ff11c1fc
AU,592,3,AU592.3,U592.3,0,3,0,0,0,0,0,0,0,6bbecfc7405c
AU,592,4,AU592.4,U592.4,0,9,0,0,0,0,0,0,0,b3fc035bff8a
AU,593,0,AU593.0,U593.0,1,12,0,0,0,0,0,0,0,38edbb0feb15
AU,593,1,AU593.1,U593.1,0,6,0,0,0,0,0,0,0,4786d2a48737
AU,593,2,AU593.2,U593.2,0,52,0,0,0,0,0,0,0,0b1c8a20fd36
AU,593,3,AU593.3,U593.3,0,34,0,0,0,0,0,0,0,ed8f378530be
AU,594,0,AU594.0,U594.0,1,12,0,0,0,0,0,0,0,8e1d5591dbc1
AU,594,1,AU594.1,U594.1,0,28,0,0,0,0,0,0,0,4a0a89930ca0
AU,595,0,AU595.0,U595.0,1,12,0,0,0,0,0,0,0,ad72b084771d
AU,595,1,AU595.1,U595.1,0,19,0,0,0,0,0,0,0,a9b14f27c899
AU,595,2,AU595.2,U595.2,0,6,0,0,0,0,0,0,0,e90f9f45754b
AU,595,3,AU595.3,U595.3,0,17,0,0,0,0,0,0,0,a4135d253690
AU,596,0,AU596.0,U596.0,1,12,0,0,0,0,0,0,0,ea90ceff0dde
AU,596,1,AU596.1,U596.1,0,6,0,0,0,0,0,0,0,ad4673b32c85
AU,596,2,AU596.2,U596.2,0,5,0,0,0,0,0,0,0,9ab852a222b0
AU,596,3,AU596.3,U596.3,0,9,0,0,0,0,0,0,0,8c8f9a1108cf
AU,596,4,AU596.4,U596.4,0,4,0,0,0,0,0,0,0,5262dfec00ab
AU,597,0,AU597.0,U507.0,1,12,0,0,0,0,0,0,0,019b76eabc11
AU,597,1,AU597.1,U597.1,0,15,0,0,0,0,0,0,0,be309e309c23
AU,597,2,AU597.2,U597.2,0,18,0,0,0,0,1,0,0,1ff136295023
AU,597,3,AU597.3,U597.3,0,6,0,0,0,0,0,0,0,f57ea51f36d5
AU,598,0,AU598.0,U598.0,1,13,0,0,0,0,0,0,0,edff7480476f
AU,598,1,AU598.1,U598.1,0,6,1,0,0,0,0,0,1,f0b31693ee60
AU,598,2,AU598.2,U598.2,0,31,0,0,0,0,0,0,0,091858bc64b1
AU,598,3,AU598.3,U598.3,0,6,0,0,0,1,0,0,0,7512aeec2b47
AU,598,4,AU598.4,U598.4,0,4,0,0,0,0,0,0,0,2572d9b0f735
AU,598,5,AU598.5,U598.5,0,10,0,0,0,0,0,0,0,1af5126ed233
AU,599,0,AU599.0,U599.0,1,12,0,0,0,0,0,0,0,92ecb5586840
AU,599,1,AU599.1,U599.1,0,7,0,0,0,1,0,0,0,a7232c8c9c8e
AU,599,2,AU599.2,U599.2,0,9,0,0,0,0,0,0,0,a7428a36c7b3
AU,600,0,AU600.0,U600.0,1,12,0,0,0,0,0,0,0,cde6e6b2d43a
AU,600,1,AU600.1,U600.1,0,15,0,0,1,0,0,0,0,57b6ec43e7c0
AU,600,2,AU600.2,U600.2,0,37,0,0,0,0,0,0,0,3303ab755d7f
AU,601,0,AU601.0,U601.0,1,12,0,0,0,0,0,0,0,8935c8e160e9
AU,601,1,AU601.1,U601.1,0,4,0,0,0,0,0,0,0,e033669a51f6
AU,601,2,AU601.2,U601.2,0,9,0,0,0,0,0,0,0,13501221385e
AU,601,3,AU601.3,U601.3,0,35,0,0,0,0,0,0,0,3a05472ea892
AU,601,4,AU601.4,U601.4,0,11,0,0,0,0,0,0,0,8e9f06b91d77
AU,602,0,AU602.0,U602.0,1,12,0,0,0,0,0,0,0,06fab8cf4052
AU,602,1,AU602.1,U602.1,0,5,0,0,0,0,0,0,0,4134f4848296
AU,602,2,AU602.2,U602.2,0,29,0,0,0,0,0,0,0,7bd4f4e964ed
AU,602,3,AU602.3,U602.3,0,19,0,0,0,0,0,0,0,dee4801357e4
AU,602,4,AU602.4,U602.4,0,6,0,0,0,0,0,0,0,f29650621da2
AU,602,5,AU602.5,U602.5,0,4,0,0,0,0,0,0,0,8b742ad0a865
AU,603,0,AU603.0,U603.0,1,12,0,0,0,0,0,0,0,982f5c244688
AU,603,1,AU603.1,U603.1,0,5,0,0,0,0,0,0,0,5df0327923db
AU,603,2,AU603.2,U603.2,0,23,0,0,0,0,0,0,0,5cafcf004e9f
AU,603,3,AU603.3,U603.3,0,24,0,0,0,0,0,0,0,82d7467ce0fa
AU,603,4,AU603.4,U603.4,0,7,0,0,0,0,0,0,0,00d2823d2636
AU,603,5,AU603.5,U603.5,0,7,0,0,0,0,1,0,0,85728576faa5
AU,604,0,AU604.0,U604.0,1,12,0,0,0,0,0,0,0,ff0a41a5cbd6
AU,604,1,AU604.1,U604.1,0,56,0,0,0,0,0,0,0,85a2e5e8a6dd
AU,604,2,AU604.2,U604.2,0,56,0,0,0,1,0,0,0,90df4bf50739
AU,604,3,AU604.3,U604.3,0,61,0,0,0,0,0,0,0,5c7380d2f37c
AU,604,4,AU604.4,U604.4,0,8,0,0,0,0,0,0,0,2718b6a193dd
AU,604,5,AU604.5,U604.5,0,10,0,0,0,0,0,0,0,d607b32f99e2
AU,604,6,AU604.6,U604.6,0,4,0,0,0,0,0,0,0,8021817ee68f
AU,605,0,AU605.0,U605.0,1,7,0,0,0,0,0,0,0,a7b518753d69
AU,605,1,AU605.1,U605.1,0,26,0,0,0,0,0,0,0,d57801c7eefe
AU,605,2,AU605.2,U605.2,0,105,0,0,0,0,1,0,0,6fa868ba013e
AU,605,3,AU605.3,U605.3,0,4,0,0,0,0,0,0,0,0768b0053b56
AU,605,4,AU605.4,U605.4,0,6,0,0,0,0,0,0,0,fece6fa6dcd3
AU,606,0,AU606.0,U606.0,1,7,0,0,0,0,0,0,0,d2be17e97bd1
AU,606,1,AU606.1,U606.1,0,6,0,0,0,0,0,0,0,dbc01b74ae22
AU,606,2,AU606.2,U606.2,0,24,0,0,0,0,0,0,0,41e466b188af
AU,606,3,AU606.3,U606.3,0,53,0,0,0,0,0,0,0,a63e52ab2e66
AU,607,0,AU607.0,U607.0,1,7,0,0,0,0,0,0,0,4c3d0f8c8895
AU,607,1,AU607.1,U607.1,0,14,0,0,0,0,0,0,0,63a38ee55746
AU,608,0,AU608.0,U608.0,1,12,0,0,0,0,0,0,0,d8bd98a059df
AU,608,1,AU608.1,U608.1,0,17,0,1,0,0,0,0,0,00d500b36414
AU,608,2,AU608.2,U608.2,0,24,0,0,0,0,0,0,0,cebd46f49abb
AU,609,0,AU609.0,U609.0,1,12,0,0,0,0,0,0,0,f941b14493d0
AU,609,1,AU609.1,U609.1,0,22,0,0,0,0,0,0,0,f46bdc18611f
AU,610,0,AU610.0,U610.0,1,12,0,0,0,0,0,0,0,e9842cd92e83
AU,610,1,AU610.1,U610.1,0,10,0,0,0,0,0,0,0,00d497a1b97a
AU,610,2,AU610.2,U610.2,0,25,0,0,0,0,0,0,0,4d441a05b572
AU,610,3,AU610.3,U610.3,0,9,0,0,0,1,0,0,0,86bda9c8b78d
AU,610,4,AU610.4,U610.4,0,6,0,0,0,0,0,0,0,59392eb7bfb5
AU,611,0,AU611.0,U611.0,1,12,0,0,0,0,0,0,0,ab5f74417e4f
AU,611,1,AU611.1,U611.1,0,12,0,0,0,0,0,0,0,252f1cbf7edf
AU,611,2,AU611.2,U611.2,0,18,0,0,0,0,0,0,0,1482dcf7b4d3
AU,611,3,AU611.3,U611.3,0,12,0,0,0,0,0,0,0,4ed27c962e55
AU,611,4,AU611.4,U611.4,0,7,0,0,0,0,0,0,0,e306b3c35afb
AU,612,0,AU612.0,U612.0,1,12,0,0,0,0,0,0,0,c6637fe05137
AU,612,1,AU612.1,U612.1,0,10,0,0,0,1,0,0,0,bc4dd216d197
AU,612,2,AU612.2,U612.2,0,20,0,0,0,0,0,0,0,fef681fc0d57
AU,612,3,AU612.3,U612.3,0,7,0,0,0,0,0,0,0,7cb53d863f63
AU,613,0,AU613.0,U613.0,1,12,0,0,0,0,0,0,0,ba2b5e426bff
AU,613,1,AU613.1,U613.1,0,8,0,0,0,0,0,0,0,6af682792c7d
AU,613,2,AU613.2,U613.2,0,4,0,0,0,0,0,0,0,c34621672d1c
AU,613,3,AU613.3,U613.3,0,21,0,0,1,0,0,0,0,138531a09c81
AU,613,4,AU613.4,U613.4,0,4,0,0,0,0,0,0,0,af521660d41a
AU,614,0,AU614.0,U614.0,1,12,0,0,0,0,0,0,0,3f7a5de912da
AU,614,1,AU614.1,U614.1,0,9,0,0,0,1,0,0,0,9a597133d805
AU,614,2,AU614.2,U614.2,0,10,0,0,0,0,0,0,0,e918f2ba4e71
AU,615,0,AU615.0,U615.0,1,12,0,0,0,0,0,0,0,54828f78eeac
AU,615,1,AU615.1,U615.1,0,26,0,0,0,0,0,0,0,a22703222b71
AU,615,2,AU615.2,U615.2,0,8,0,0,0,1,0,0,0,0b1a09d1946d
AU,615,3,AU615.3,U615.3,0,8,0,0,0,0,0,0,0,154f180c3a93
AU,615,4,AU615.4,U615.4,0,4,0,0,0,0,0,0,0,396b8bbfdb18
AU,616,0,AU616.0,U616.0,1,12,0,0,0,0,0,0,0,953b42bf3994
AU,616,1,AU616.1,U616.1,0,31,1,0,0,1,0,1,0,e71a3bc6bcff
AU,616,2,AU616.2,U616.2,0,10,0,0,0,0,0,0,0,4284f2429abb
AU,616,3,AU616.3,U616.3,0,4,0,0,0,0,0,0,0,b6463dd9f30d
AU,617,0,AU617.0,U617.0,1,12,0,0,0,0,0,0,0,f3228cb27148
AU,617,1,AU617.1,U617.1,0,36,0,0,0,0,0,0,0,00d80c4db2c7
AU,617,2,AU617.2,U617.2,0,59,0,0,0,0,0,0,0,ea88b5b29233
AU,618,0,AU618.0,U618.0,1,11,0,0,0,0,0,0,0,519a258b6bbc
AU,618,1,AU618.1,U618.1,0,7,0,0,0,0,0,0,0,40db0a4a598f
AU,618,2,AU618.2,U618.2,0,77,0,0,0,0,0,0,0,74a26fc9bf4f
AU,618,3,AU618.3,U618.3,0,15,0,0,0,0,0,0,0,8b7ba3e743f3
AU,618,4,AU618.4,U618.4,0,9,0,0,0,0,0,0,0,b93995994b4a
AU,619,0,AU619.0,U619.0,1,12,0,0,0,0,0,0,0,c8bab0a49636
AU,619,1,AU619.1,U619.1,0,8,0,0,0,0,0,0,0,0aeb9550aaa8
AU,619,2,AU619.2,U619.2,0,7,0,0,0,0,0,0,0,ec40d1ad7d77
AU,619,3,AU619.3,U619.3,0,10,0,0,0,0,0,0,0,d9304318d5de
AU,620,0,AU620.0,U620.0,1,12,0,0,0,0,0,0,0,05f38d9260b0
AU,620,1,AU620.1,U620.1,0,45,0,0,0,0,0,0,0,3750632156de
AU,621,0,AU621.0,U621.0,1,13,0,0,0,0,0,0,0,53b9e00659e4
AU,621,1,AU621.1,U621.1,0,7,0,0,0,0,0,0,0,c6bfff77c7a3
AU,621,2,AU621.2,U621.2,0,14,0,0,0,0,0,0,0,a6eb3c70e6a8
AU,621,3,AU621.3,U621.3,0,11,0,0,0,0,0,0,0,369efb707d18
AU,622,0,AU622.0,U622.0,1,12,0,0,0,0,0,0,0,93d5fc182e29
AU,622,1,AU622.1,U622.1,0,22,0,0,0,0,0,0,0,a8fcc331ce68
AU,622,2,AU622.2,U622.2,0,31,0,0,0,0,0,0,0,a4a602311b05
AU,622,3,AU622.3,U622.3,0,19,0,0,0,0,0,0,0,3dede0059953
AU,622,4,AU622.4,U622.4,0,4,0,0,0,0,0,0,0,9f5b3c04f361
AU,622,5,AU622.5,U622.5,0,10,0,0,0,0,0,0,0,dfaea1f8dea1
AU,622,6,AU622.6,U622.6,0,11,0,0,0,0,0,0,0,6581d2795f61
AU,622,7,AU622.7,U622.7,0,7,0,0,0,0,0,0,0,7771c744ad5e
AU,622,8,AU622.8,U622.8,0,7,0,0,0,0,0,0,0,04de3ecd0857
AU,623,0,AU623.0,U623.0,1,12,0,0,0,0,0,0,0,80b9be36c872
AU,623,1,AU623.1,U623.1,0,6,1,0,0,0,0,0,1,218da0f24b1b
AU,623,2,AU623.2,U623.2,0,14,0,0,0,1,0,0,0,94fc41e691b0
AU,623,3,AU623.3,U623.3,0,38,0,0,0,0,0,0,0,d4f65561e21f
AU,624,0,AU624.0,U624.0,1,12,0,0,0,0,0,0,0,ba527e5da181
AU,624,1,AU624.1,U624.1,0,20,0,0,0,0,0,0,0,5d053b21a565
AU,624,2,AU624.2,U624.2,0,6,1,0,0,0,0,0,1,d0b59a3b34ec
AU,625,0,AU625.0,U625.0,1,12,0,0,0,0,0,0,0,28389211066a
AU,625,1,AU625.1,U625.1,0,3,0,0,0,0,0,0,0,5807457080cd
AU,625,2,AU625.2,U625.2,0,77,0,0,0,0,0,0,0,d77c8e1f352a
AU,625,3,AU625.3,U625.3,0,4,0,0,0,0,0,0,0,a06237e91dcc
AU,626,0,AU626.0,U626.0,1,12,0,0,0,0,0,0,0,a7dc860a6263
AU,626,1,AU626.1,U626.1,0,17,0,0,0,0,0,0,0,4d7d62f1625a
AU,626,2,AU626.2,U626.2,0,11,0,0,0,0,0,0,0,1e349879e351
AU,627,0,AU627.0,U627.0,1,12,0,0,0,0,0,0,0,8a0db27e05b9
AU,627,1,AU627.1,U627.1,0,17,1,0,0,0,0,1,0,4f4930b7ba0d
AU,627,2,AU627.2,U627.2,0,57,0,0,0,0,0,0,0,3b2a1e12b281
AU,627,3,AU627.3,U627.3,0,8,0,0,0,0,0,0,0,ebe3b125eebf
AU,628,0,AU628.0,U628.0,1,15,0,0,0,0,0,0,0,0e633a02ed50
AU,628,1,AU628.1,U628.1,0,16,0,0,0,0,1,0,0,a18f933646fc
AU,628,2,AU628.2,U628.2,0,20,0,0,0,0,0,0,0,a491b223d36e
AU,628,3,AU628.3,U628.3,0,31,0,0,0,0,0,0,0,69b8e966d415
AU,628,4,AU628.4,U628.4,0,9,0,0,0,0,0,0,0,63f629c9ff14
AU,628,5,AU628.5,U628.5,0,7,0,0,0,0,0,0,0,0671aec33998
AU,628,6,AU628.6,U628.6,0,6,0,0,0,0,1,0,0,492e3839a8d7
AU,628,7,AU628.7,U628.7,0,10,0,0,0,0,0,0,0,5eca7d997a79
AU,629,0,AU629.0,U629.0,1,12,0,0,0,0,0,0,0,ee343dabe5f1
AU,629,1,AU629.1,U629.1,0,29,1,1,0,0,0,1,0,e4d0486494da
AU,629,2,AU629.2,U629.2,0,25,0,0,0,0,0,0,0,a89eb5f1d92c
AU,629,3,AU629.3,U629.3,0,16,0,0,0,0,0,0,0,ee8d9d646149
AU,629,4,AU629.4,U629.4,0,20,1,0,0,0,0,1,0,cbf2bdbab721
AU,630,0,AU630.0,U630.0,1,12,0,0,0,0,0,0,0,8d369419a790
AU,630,1,AU630.1,U630.1,0,19,0,0,0,0,0,0,0,17ddeb8f3262
AU,630,2,AU630.2,U630.2,0,13,0,0,0,0,0,0,0,4ac7b7947a5a
AU,630,3,AU630.3,U630.3,0,38,0,0,0,0,0,0,0,ae48187ba1ed
AU,631,0,AU631.0,U631.0,1,12,0,0,0,0,0,0,0,3ffa4bc98bf3
AU,631,1,AU631.1,U631.1,0,16,1,0,0,0,0,1,0,bef813c91903
AU,632,0,AU632.0,U632.0,1,12,0,0,0,0,0,0,0,796d4f96be19
AU,632,1,AU632.1,U632.1,0,10,0,0,1,0,0,0,0,5b5040e75e43
AU,632,2,AU632.2,U632.2,0,15,0,0,1,0,0,0,0,0060f731b0a2
AU,632,3,AU632.3,U632.3,0,18,0,0,0,0,0,0,0,1495d80742da
AU,632,4,AU632.4,U632.4,0,7,0,0,0,0,0,0,0,18fce275fe0b
AU,632,5,AU632.5,U632.5,0,7,0,0,0,0,0,0,0,7e3609d05ff7
AU,633,0,AU633.0,U633.0,1,12,0,0,0,0,0,0,0,16eb282f6d1f
AU,633,1,AU633.1,U633.1,0,8,0,0,1,0,0,0,0,6b3a02416ac7
AU,633,2,AU633.2,U633.2,0,21,0,0,0,0,1,0,0,3b60fb08f9c5
AU,634,0,AU634.0,U634.0,1,12,0,0,0,0,0,0,0,f754a49246e3
AU,634,1,AU634.1,U634.1,0,31,0,0,0,1,0,0,0,dbbb9a657f8b
AU,635,0,AU635.0,U635.0,1,12,0,0,0,0,0,0,0,206851808131
AU,635,1,AU635.1,U635.1,0,19,0,0,0,0,0,0,0,0fbb288f4228
AU,635,2,AU635.2,U635.2,0,20,0,0,0,0,0,0,0,0609c63fd580
AU,635,3,AU635.3,U635.3,0,6,0,1,0,0,0,0,0,3ab3a5c186fd
AU,635,4,AU635.4,U635.4,0,8,0,0,0,0,0,0,0,e80dfd45c64b
AU,635,5,AU635.5,U635.5,0,12,0,0,0,0,0,0,0,8b29f9f0cb12
AU,635,6,AU635.6,U635.6,0,6,0,0,0,0,0,0,0,e9732fcfc342
AU,635,7,AU635.7,U635.7,0,5,0,0,0,0,0,0,0,65a6f8c620d9
AU,635,8,AU635.8,U635.8,0,21,0,0,0,0,0,0,0,abeef94d051d
AU,636,0,AU636.0,U636.0,1,12,0,0,0,0,0,0,0,1486503224c5
AU,636,1,AU636.1,U636.1,0,33,0,0,0,0,0,0,0,c26d7a4171db
AU,637,0,AU637.0,U637.0,1,12,0,0,0,0,0,0,0,a0d0f2a00b25
AU,637,1,AU637.1,U637.1,0,48,0,0,0,0,1,0,0,46f52146b75e
AU,637,2,AU637.2,U637.2,0,4,0,0,0,0,0,0,0,0a366db3277c
AU,638,0,AU638.0,U638.0,1,11,0,0,0,0,0,0,0,c3b4eeb3bb77
AU,638,1,AU638.1,U638.1,0,10,0,0,0,0,0,0,0,19b27109ae87
AU,638,2,AU638.2,U638.2,0,9,0,0,0,1,0,0,0,fea0c9fa8167
AU,639,0,AU639.0,U639.0,1,12,0,0,0,0,0,0,0,c63177f24867
AU,639,1,AU639.1,U639.1,0,7,0,0,0,0,0,0,0,0f6ffd5b73ec
AU,639,2,AU639.2,U639.2,0,6,0,0,0,0,0,0,0,19a72f00db84
AU,639,3,AU639.3,U639.3,0,8,0,0,1,0,0,0,0,2f450e60711e
AU,639,4,AU639.4,U639.4,0,15,0,0,0,1,0,0,0,b37a69b3c2a6
AU,639,5,AU639.5,U639.5,0,7,0,0,0,0,0,0,0,2df4fc22ad87
AU,639,6,AU639.6,U639.6,0,7,0,0,0,0,0,0,0,ce5c6e0b4543
AU,639,7,AU639.7,U639.7,0,8,0,0,0,0,0,0,0,25cdc23f0145
AU,640,0,AU640.0,U640.0,1,12,0,0,0,0,0,0,0,afb3ad9f8a5d
AU,640,1,AU640.1,U640.1,0,18,0,0,0,0,0,0,0,b2160d484868
AU,641,0,AU641.0,U641.0,1,12,0,0,0,0,0,0,0,2853d6e5b9f1
AU,641,1,AU641.1,U641.1,0,8,0,0,0,0,0,0,0,c44293097377
AU,641,2,AU641.2,U641.2,0,6,0,0,0,0,0,0,0,39a1648a0e7c
AU,641,3,AU641.3,U641.3,0,9,0,0,0,0,0,0,0,8ad4ed7d784f
AU,641,4,AU641.4,U641.4,0,9,1,0,0,0,0,0,1,4daf3e2f8df2
AU,641,5,AU641.5,U641.5,0,4,0,0,0,0,0,0,0,0f455d149560
AU,641,6,AU641.6,U641.6,0,8,0,0,0,0,0,0,0,9a11216c3515
AU,641,7,AU641.7,U641.7,0,15,0,0,0,0,0,0,0,5f134f17bd33
AU,642,0,AU642.0,U642.0,1,12,0,0,0,0,0,0,0,578586dc88d3
AU,642,1,AU642.1,U642.1,0,100,0,0,1,0,0,0,0,bf5a21307ad2
AU,642,2,AU642.2,U642.2,0,11,0,0,0,0,0,0,0,62b649624161
AU,642,3,AU642.3,U642.3,0,7,0,0,0,0,0,0,0,7a60227c1920
AU,642,4,AU642.4,U642.4,0,7,0,0,1,0,0,0,0,fec0cba566f6
AU,643,0,AU643.0,U643.0,1,12,0,0,0,0,0,0,0,9cab07ad8282
AU,643,1,AU643.1,U643.1,0,6,0,0,0,0,0,0,0,7d266d3d0ab8
AU,643,2,AU643.2,U643.2,0,6,0,0,0,0,0,0,0,299ef1bf11e6
AU,643,3,AU643.3,U643.3,0,5,0,0,0,0,0,0,0,25a7d7f37fea
AU,643,4,AU643.4,U643.4,0,7,0,0,0,0,0,0,0,bc3d93c786e4
AU,643,5,AU643.5,U643.5,0,22,0,0,0,0,0,0,0,c3dad6af3160
AU,643,6,AU643.6,U643.6,0,7,0,0,0,0,0,0,0,2eb6ed217ac4
AU,643,7,AU643.7,U643.7,0,48,0,0,0,0,0,0,0,a05cbcd0a8f0
AU,644,0,AU644.0,U644.0,1,12,0,0,0,0,0,0,0,c89695060940
AU,644,1,AU644.1,U644.1,0,13,0,0,0,0,0,0,0,3cd603fbb779
AU,644,2,AU644.2,U644.2,0,6,0,0,0,0,0,0,0,3930310b9309
AU,644,3,AU644.3,U644.3,0,6,0,0,0,0,0,0,0,d000347f5e0b
AU,645,0,AU645.0,U645.0,1,12,0,0,0,0,0,0,0,4ed665087079
AU,645,1,AU645.1,U645.1,0,14,0,0,0,0,0,0,0,c81b00bafbe6
AU,645,2,AU645.2,U645.2,0,9,0,1,0,0,0,0,0,68d1db468848
AU,646,0,AU646.0,U646.0,1,14,0,0,0,0,0,0,0,a1e72529e8f9
AU,646,1,AU646.1,U646.1,0,14,0,1,0,0,0,0,0,c4a180b39b3a
AU,646,2,AU646.2,U646.2,0,6,0,0,0,0,0,0,0,8b624893eef3
AU,647,0,AU647.0,U647.0,1,14,0,0,0,0,0,0,0,912ecdc25551
AU,647,1,AU647.1,U647.1,0,10,0,0,0,0,0,0,0,83c8927a8eec
AU,647,2,AU647.2,U647.2,0,6,0,0,0,0,0,0,0,7e642ab96eed
AU,647,3,AU647.3,U647.3,0,13,0,0,0,0,0,0,0,729ea6dfc2db
AU,648,0,AU648.0,U648.0,1,14,0,0,0,0,0,0,0,c39adc612de6
AU,648,1,AU648.1,U648.1,0,4,0,0,0,0,0,0,0,96ef668437d5
AU,649,0,AU649.0,U649.0,1,14,0,0,0,0,0,0,0,6a089e137473
AU,649,1,AU649.1,U649.1,0,10,0,0,0,0,0,0,0,a9c503176e4b
AU,649,2,AU649.2,U649.2,0,75,0,0,0,0,0,0,0,c07a8c2fcede
AU,649,3,AU649.3,U649.3,0,8,0,0,0,0,0,0,0,7b94bbf65b31
AU,649,4,AU649.4,U649.4,0,13,0,0,0,0,0,0,0,55baf62c3fb1
AU,649,5,AU649.5,U649.5,0,5,0,0,0,0,0,0,0,da105e48d532
AU,650,0,AU650.0,U650.0,1,14,0,0,0,0,0,0,0,65cb863f71d8
AU,650,1,AU650.1,U650.1,0,6,0,0,0,0,0,0,0,08ff8adc4ec9
AU,650,2,AU650.2,U650.2,0,25,0,0,0,0,0,0,0,07ada00dc2e3
AU,650,3,AU650.3,U650.3,0,7,0,0,0,0,0,0,0,e045d51c82ac
AU,650,4,AU650.4,U650.4,0,6,0,0,0,0,0,0,0,f0233b8079ef
AU,650,5,AU650.5,U650.5,0,5,0,0,0,0,0,0,0,37543747c3e5
AU,651,0,AU651.0,U651.0,1,14,0,0,0,0,0,0,0,9f8ac764f957
AU,651,1,AU651.1,U651.1,0,92,0,0,1,0,0,0,0,fb2412ee074d
AU,651,2,AU651.2,U651.2,0,7,0,0,0,0,0,0,0,079ae32571d5
AU,652,0,AU652.0,U652.0,1,14,0,0,0,0,0,0,0,729a2ca9080b
AU,652,1,AU652.1,U652.1,0,32,1,0,0,1,0,0,1,7378ae46a4ce
AU,652,2,AU652.2,U652.2,0,18,0,0,0,0,0,0,0,6d3df7bf4161
AU,653,0,AU653.0,U653.0,1,14,0,0,0,0,0,0,0,0bde85675e2c
AU,653,1,AU653.1,U653.1,0,16,1,0,0,0,0,1,0,c9979d488703
AU,653,2,AU653.2,U653.2,0,5,0,0,0,0,0,0,0,19a1d3663aa4
AU,653,3,AU653.3,U653.3,0,12,0,0,0,0,0,0,0,814e63e35945
AU,654,0,AU654.0,U654.0,1,14,0,0,0,0,0,0,0,b8dd4f341018
AU,654,1,AU654.1,U654.1,0,15,0,0,0,0,0,0,0,fd76956f836d
AU,654,2,AU654.2,U654.2,0,14,0,0,0,1,0,0,0,0d309e1e6d20
AU,654,3,AU654.3,U654.3,0,7,0,0,0,0,0,0,0,85aae43d9741
AU,654,4,AU654.4,U654.4,0,21,0,0,0,0,0,0,0,68d7d8839954
AU,654,5,AU654.5,U654.5,0,12,0,0,0,0,0,0,0,6103ae075cd9
AU,654,6,AU654.6,U654.6,0,8,0,0,0,0,0,0,0,a6b3e34c0850
AU,654,7,AU654.7,U654.7,0,5,0,0,0,0,0,0,0,12c87aec90c1
AU,655,0,AU655.0,U655.0,1,7,0,0,0,0,0,0,0,2347d196a210
AU,655,1,AU655.1,U655.1,0,4,0,0,0,0,0,0,0,ca98a429a1dd
AU,656,0,AU656.0,U656.0,1,7,0,0,0,0,0,0,0,7c3fed06e1a3
AU,656,1,AU656.1,U656.1,0,17,0,0,0,0,0,0,0,21bb0fb06c26
AU,656,2,AU656.2,U656.2,0,11,0,0,1,0,0,0,0,f48e55f8da8d
AU,656,3,AU656.3,U656.3,0,4,0,0,0,0,0,0,0,5e5e3ae1135b
AU,656,4,AU656.4,U656.4,0,10,0,0,0,0,1,0,0,6220b8c61fef
AU,656,5,AU656.5,U656.5,0,8,0,0,0,0,0,0,0,c12acae79128
AU,656,6,AU656.6,U656.6,0,10,0,0,0,0,0,0,0,6f8d29432dc3
AU,656,7,AU656.7,U656.7,0,9,0,0,0,0,0,0,0,bab8147f2eae
AU,656,8,AU656.8,U656.8,0,5,0,0,0,0,0,0,0,d346b4149e92
AU,657,0,AU657.0,U657.0,1,12,0,0,0,0,0,0,0,4dd2c79be560
AU,657,1,AU657.1,U657.1,0,13,1,0,0,0,0,0,1,dcdcf9fea243
AU,657,2,AU657.2,U657.2,0,13,0,0,0,0,0,0,0,683285a9bf62
AU,657,3,AU657.3,U657.3,0,10,1,0,0,0,0,1,0,c02041470587
AU,657,4,AU657.4,U657.4,0,5,0,0,0,0,0,0,0,2fdb3b264ff2
AU,657,5,AU657.5,U657.5,0,13,0,0,0,0,0,0,0,7819172c96ad
AU,658,0,AU658.0,U658.0,1,12,0,0,0,0,0,0,0,41c0f20c93d1
AU,658,1,AU658.1,U658.1,0,50,0,0,0,0,0,0,0,470296cef217
AU,658,2,AU658.2,U658.2,0,13,1,0,0,0,0,1,0,992ba54ec086
AU,658,3,AU658.3,U658.3,0,3,0,0,0,0,0,0,0,77d2c757be95
AU,658,4,AU658.4,U658.4,0,5,0,0,0,0,0,0,0,5bb07df36c10
AU,659,0,AU659.0,U659.0,1,12,0,0,0,0,0,0,0,be62b905595f
AU,659,1,AU659.1,U659.1,0,39,0,0,0,0,0,0,0,d5e37228f7f9
AU,660,0,AU660.0,U660.0,1,12,0,0,0,0,0,0,0,0e5d9d1e8d9f
AU,660,1,AU660.1,U660.1,0,20,1,0,0,0,0,1,0,2c9432d1bcf7
AU,660,2,AU660.2,U660.2,0,6,0,0,0,0,0,0,0,54c6058c1b61
AU,660,3,AU660.3,U660.3,0,3,0,0,0,0,0,0,0,8655eb8e9b7a
AU,660,4,AU660.4,U660.4,0,5,0,0,0,0,0,0,0,b9e70e11fd07
AU,661,0,AU661.0,U661.0,1,6,0,0,0,0,0,0,0,fcd596b46fc2
AU,661,1,AU661.1,U661.1,0,26,0,0,0,1,1,0,0,4890a1594f9e
AU,661,2,AU661.2,U661.2,0,4,0,0,0,0,0,0,0,49846fdb1d10
AU,662,0,AU662.0,U662.0,1,7,0,0,0,0,0,0,0,cd51c2256f3e
AU,662,1,AU662.1,U662.1,0,44,0,0,0,0,0,0,0,d0455a77ef44
AU,662,2,AU662.2,U662.2,0,33,0,0,0,0,0,0,0,3492ecd9f7e6
AU,662,3,AU662.3,U662.3,0,9,0,0,0,0,0,0,0,6b0a80b43186
AU,662,4,AU662.4,U662.4,0,25,0,0,0,0,1,0,0,39f52d8d7e2c
AU,662,5,AU662.5,U662.5,0,8,0,0,0,0,0,0,0,16df4aa48163
AU,662,6,AU662.6,U662.6,0,5,0,0,0,1,0,0,0,bcda1d068ef9
AU,663,0,AU663.0,U663.0,1,12,0,0,0,0,0,0,0,ae63a122e450
AU,663,1,AU663.1,U663.1,0,14,0,0,0,0,0,0,0,40c145f80f16
AU,663,2,AU663.2,U663.2,0,15,0,0,0,0,0,0,0,65ab511446a9
AU,663,3,AU663.3,U663.3,0,12,0,0,0,0,0,0,0,4a1dfd9c68f6
AU,663,4,AU663.4,U663.4,0,6,0,0,0,0,0,0,0,70890e99c3d7
AU,663,5,AU663.5,U663.5,0,13,0,0,0,0,0,0,0,ac0fb20da027
AU,663,6,AU663.6,U663.6,0,8,0,0,0,0,0,0,0,843fcdd98588
AU,664,0,AU664.0,U664.0,1,14,0,0,0,0,0,0,0,ffee69f7b26f
AU,664,1,AU664.1,U664.1,0,23,0,0,0,0,0,0,0,1e2ba558f981
AU,664,2,AU664.2,U664.2,0,10,0,0,0,0,0,0,0,26cffdf25b6e
AU,664,3,AU664.3,U664.3,0,8,0,0,0,0,0,0,0,7c5c0c906418
AU,664,4,AU664.4,U664.4,0,35,0,0,1,0,0,0,0,790019ae27f7
AU,664,5,AU664.5,U664.5,0,7,0,0,0,0,0,0,0,fbfc4e0445e6
AU,664,6,AU664.6,U664.6,0,26,0,0,0,0,0,0,0,1c342c305096
AU,664,7,AU664.7,U664.7,0,11,0,0,0,0,0,0,0,28aedc41d9a5
AU,665,0,AU665.0,U665.0,1,14,0,0,0,0,0,0,0,5cf8d3922067
AU,665,1,AU665.1,U665.1,0,24,0,0,0,0,0,0,0,865c4538f442
AU,665,2,AU665.2,U665.2,0,10,0,0,0,1,0,0,0,22447f3216ad
AU,665,3,AU665.3,U665.3,0,23,0,0,0,0,0,0,0,815f87f1ed1c
AU,665,4,AU665.4,U665.4,0,19,0,0,0,0,1,0,0,23d9e1393dac
AU,665,5,AU665.5,U665.5,0,17,0,0,0,0,0,0,0,fea616c70655
AU,665,6,AU665.6,U665.6,0,15,0,0,0,1,0,0,0,526c99bd76cc
AU,666,0,AU666.0,U666.0,1,12,0,0,0,0,0,0,0,416ff8b49188
AU,666,1,AU666.1,U666.1,0,14,0,0,0,0,0,0,0,02c8df93b88c
AU,666,2,AU666.2,U666.2,0,19,0,1,0,0,0,0,0,b2f1e8908ffc
AU,666,3,AU666.3,U666.3,0,7,0,1,0,0,0,0,0,46036fc22ec6
AU,666,4,AU666.4,U666.4,0,14,0,0,0,0,0,0,0,7eb44acd55a7
AU,666,5,AU666.5,U666.5,0,6,0,0,0,0,0,0,0,d17da4811346
AU,666,6,AU666.6,U666.6,0,8,0,0,0,0,0,0,0,091b8b2d4954
AU,667,0,AU667.0,U667.0,1,12,0,0,0,0,0,0,0,26890d4996c3
AU,667,1,AU667.1,U667.1,0,5,0,0,0,0,0,0,0,1534c7a6610e
AU,667,2,AU667.2,U667.2,0,18,0,0,0,0,0,0,0,6606ec21cfb4
AU,667,3,AU667.3,U667.3,0,6,0,0,0,0,0,0,0,7fd797008093
AU,668,0,AU668.0,U668.0,1,12,0,0,0,0,0,0,0,7928947d2d5f
AU,668,1,AU668.1,U668.1,0,8,0,0,0,0,0,0,0,042cdf1e672f
AU,668,2,AU668.2,U668.2,0,17,0,1,0,0,0,0,0,2c9513ee2e21
AU,668,3,AU668.3,U668.3,0,35,1,0,0,0,0,1,0,022eca026f3f
AU,668,4,AU668.4,U668.4,0,5,0,0,0,0,0,0,0,6dcc507d0c4a
AU,668,5,AU668.5,U668.5,0,25,0,0,0,0,0,0,0,9d88ecabc7de
AU,669,0,AU669.0,U669.0,1,7,0,0,0,0,0,0,0,148131cddcb4
AU,669,1,AU669.1,U669.1,0,55,1,0,0,0,0,0,1,07fcb0335f61
AU,669,2,AU669.2,U669.2,0,7,1,0,0,0,0,1,0,f6cd489c935b
AU,669,3,AU669.3,U669.3,0,8,0,0,0,0,0,0,0,b4b63ff596b7
AU,670,0,AU670.0,U670.0,1,7,0,0,0,0,0,0,0,49ddb8256d6c
AU,670,1,AU670.1,U670.1,0,7,0,0,0,0,0,0,0,2152326cfe54
AU,670,2,AU670.2,U670.2,0,8,0,0,0,0,0,0,0,b7ba248c4ed8
AU,670,3,AU670.3,U670.3,0,15,0,0,0,0,0,0,0,e58ae9a16bbf
AU,670,4,AU670.4,U670.4,0,8,0,0,0,0,0,0,0,a54055f4096b
AU,670,5,AU670.5,U670.5,0,9,0,0,0,0,0,0,0,cf02bbd65d96
AU,670,6,AU670.6,U670.6,0,6,0,0,0,0,0,0,0,9ce1f261c630
AU,671,0,AU671.0,U671.0,1,7,0,0,0,0,0,0,0,92b4f8eddbb6
AU,671,1,AU671.1,U671.1,0,10,0,0,1,0,0,0,0,9ed5fd811e1f
AU,671,2,AU671.2,U671.2,0,5,0,0,0,0,0,0,0,7383c3f8bc09
AU,671,3,AU671.3,U671.3,0,63,0,0,0,1,0,0,0,7def45411d0b
AU,671,4,AU671.4,U671.4,0,5,0,0,0,0,0,0,0,bbe3141c9174
AU,671,5,AU671.5,U671.5,0,5,0,0,1,0,0,0,0,26c240ca7020
AU,672,0,AU672.0,U672.0,1,12,0,0,0,0,0,0,0,725aa1d87d48
AU,672,1,AU672.1,U672.1,0,23,0,0,0,1,0,0,0,4a72c29be4e4
AU,672,2,AU672.2,U672.2,0,4,0,0,0,0,0,0,0,74f8be0d4842
AU,672,3,AU672.3,U672.3,0,6,0,0,0,0,0,0,0,d651e5430fc1
AU,672,4,AU672.4,U672.4,0,3,0,0,0,0,0,0,0,40d73311cfc5
AU,672,5,AU672.5,U672.5,0,8,0,0,0,0,0,0,0,184aad774f5c
AU,672,6,AU672.6,U672.6,0,14,0,0,1,0,0,0,0,ff524b7846d2
AU,673,0,AU673.0,U673.0,1,7,0,0,0,0,0,0,0,e8798df7c289
AU,673,1,AU673.1,U673.1,0,5,0,0,0,0,0,0,0,6b61c5832bad
AU,673,2,AU673.2,U673.2,0,12,1,0,0,0,0,1,0,d73dfcc29710
AU,673,3,AU673.3,U673.3,0,21,0,0,0,0,0,0,0,408e618b104b
AU,673,4,AU673.4,U673.4,0,9,1,0,0,0,0,0,1,1831933eecd1
AU,673,5,AU673.5,U673.5,0,8,0,0,0,0,0,0,0,a10f3487a9d8
AU,673,6,AU673.6,U673.6,0,9,0,0,0,0,0,0,0,69699bb18794
AU,674,0,AU674.0,U674.0,1,7,0,0,0,0,0,0,0,15d1dc445b6c
AU,674,1,AU674.1,U674.1,0,16,0,0,0,0,0,0,0,dba98ae8d9ab
AU,674,2,AU674.2,U674.2,0,10,0,0,0,0,0,0,0,7879d7bf9f7c
AU,674,3,AU674.3,U674.3,0,10,0,0,0,0,0,0,0,b58bbc89ad73
AU,674,4,AU674.4,U674.4,0,40,0,0,0,0,0,0,0,c7896de16142
AU,675,0,AU675.0,U675.0,1,12,0,0,0,0,0,0,0,9d0292c5ba46
AU,675,1,AU675.1,U675.1,0,24,0,0,0,0,0,0,0,7ce8a57680da
AU,675,2,AU675.2,U675.2,0,7,0,0,0,0,0,0,0,e2b3b1f92c92
AU,675,3,AU675.3,U675.3,0,6,0,0,0,0,0,0,0,239234b3080b
AU,675,4,AU675.4,U675.4,0,4,0,0,0,0,0,0,0,125186c0a68d
AU,675,5,AU675.5,U675.5,0,10,0,0,0,0,0,0,0,20282ba9c623
AU,675,6,AU675.6,U675.6,0,14,0,0,0,0,0,0,0,7188dda15035
AU,676,0,AU676.0,U676.0,1,12,0,0,0,0,0,0,0,92da1fac70d0
AU,676,1,AU676.1,U676.1,0,12,0,0,0,0,0,0,0,130609fce7d7
AU,676,2,AU676.2,U676.2,0,17,0,0,0,0,0,0,0,6de40d8cadf2
AU,676,3,AU676.3,U676.3,0,7,1,0,0,0,0,1,0,205bcc317dc0
AU,676,4,AU676.4,U676.4,0,6,0,0,0,0,0,0,0,404c6bf642f9
AU,676,5,AU676.5,U676.5,0,4,0,0,0,0,0,0,0,a5d7d7022c66
AU,676,6,AU676.6,U676.6,0,14,0,0,0,0,0,0,0,53f04cc455d6
AU,677,0,AU677.0,U677.0,1,12,0,0,0,0,0,0,0,2bc89fdcd2d1
AU,677,1,AU677.1,U677.1,0,13,0,0,0,0,0,0,0,6f393a3d6444
AU,677,2,AU677.2,U677.2,0,9,0,0,0,0,0,0,0,2d2912633012
AU,677,3,AU677.3,U677.3,0,18,0,0,0,0,1,0,0,69e36c6ab1a0
AU,677,4,AU677.4,U677.4,0,7,0,0,0,0,0,0,0,b637043194c5
AU,677,5,AU677.5,U677.5,0,13,0,0,0,0,0,0,0,ffe542b47588
AU,677,6,AU677.6,U677.6,0,4,0,0,0,0,0,0,0,95526c088826
AU,678,0,AU678.0,U678.0,1,15,0,0,0,0,0,0,0,42b9b79da39d
AU,678,1,AU678.1,U678.1,0,10,0,0,0,0,1,0,0,eaef319658c1
AU,678,2,AU678.2,U678.2,0,15,0,0,0,0,0,0,0,3e77524b2610
AU,678,3,AU678.3,U678.3,0,7,1,0,0,0,0,1,0,e883cbbfb123
AU,678,4,AU678.4,U678.4,0,7,0,0,0,0,0,0,0,6060f9f025f2
AU,678,5,AU678.5,U678.5,0,16,0,0,0,0,0,0,0,507054542dec
AU,678,6,AU678.6,U678.6,0,6,0,0,0,0,0,0,0,ac53453f6887
AU,678,7,AU678.7,U678.7,0,10,0,0,0,0,0,0,0,ba58161cdcf5
AU,679,0,AU679.0,U679.0,1,12,0,0,0,0,0,0,0,f18eb1f83c62
AU,679,1,AU679.1,U679.1,0,6,1,0,0,0,0,0,1,bb3b851a869d
AU,679,2,AU679.2,U679.2,0,11,0,0,0,0,0,0,0,b34043303734
AU,679,3,AU679.3,U679.3,0,8,0,0,0,0,0,0,0,221a9f58a412
AU,679,4,AU679.4,U679.4,0,6,0,0,0,0,0,0,0,2f73975d7d79
AU,679,5,AU679.5,U679.5,0,8,0,0,0,0,0,0,0,03ae8ea20515
AU,680,0,AU680.0,U680.0,1,7,0,0,0,0,0,0,0,50f4eb463018
AU,680,1,AU680.1,U680.1,0,5,0,0,0,0,0,0,0,826d27bcfe3c
AU,680,2,AU680.2,U680.2,0,11,0,0,0,0,1,0,0,dab622f7c9d4
AU,680,3,AU680.3,U680.3,0,5,0,0,0,0,0,0,0,5ee925bb4171
AU,680,4,AU680.4,U680.4,0,12,0,0,1,0,0,0,0,27c076f40d18
AU,680,5,AU680.5,U680.5,0,5,0,0,0,0,0,0,0,76ddf9706f9f
AU,680,6,AU680.6,U680.6,0,6,0,0,0,0,0,0,0,6800c4564127
AU,680,7,AU680.7,U680.7,0,8,0,0,0,0,0,0,0,b4780bce103c
AU,680,8,AU680.8,U680.8,0,9,0,0,0,0,0,0,0,fad13b86b047
AU,680,9,AU680.9,U680.9,0,9,0,0,0,0,0,0,0,a91426f7d441
AU,681,0,AU681.0,U681.0,1,6,0,0,0,0,0,0,0,97ff1cd80a1b
AU,681,1,AU681.1,U681.1,0,39,0,1,0,0,0,0,0,0bf30df7ded0
AU,681,2,AU681.2,U681.2,0,21,0,0,0,0,0,0,0,d3dc00dbf9ee
AU,681,3,AU681.3,U681.3,0,11,1,0,0,0,0,1,0,c468b6b40e70
AU,681,4,AU681.4,U681.4,0,13,0,0,0,0,0,0,0,28d68e66d198
AU,681,5,AU681.5,U681.5,0,5,0,0,0,0,0,0,0,07e6db1f70a0
AU,682,0,AU682.0,U682.0,1,7,0,0,0,0,0,0,0,00e2d8758218
AU,682,1,AU682.1,U682.1,0,11,0,0,0,0,0,0,0,91151dfeff08
AU,682,2,AU682.2,U682.2,0,34,0,1,1,0,0,0,0,77198c258b53
AU,682,3,AU682.3,U682.3,0,10,0,0,0,0,0,0,0,23fb43c30d9e
AU,682,4,AU682.4,U682.4,0,6,0,0,0,0,0,0,0,0e76fff25a46
AU,683,0,AU683.0,U683.0,1,7,0,0,0,0,0,0,0,4b51800f663c
AU,683,1,AU683.1,U683.1,0,8,0,0,0,0,0,0,0,24e7eac7cc9e
AU,683,2,AU683.2,U683.2,0,21,0,0,0,0,0,0,0,0b132dd79a7a
AU,683,3,AU683.3,U683.3,0,11,1,0,0,0,0,1,0,b88a064e3989
AU,683,4,AU683.4,U683.4,0,11,0,0,0,0,0,0,0,5d544ce5064e
AU,683,5,AU683.5,U683.5,0,8,0,0,0,0,0,0,0,a2ad270347ac
AU,684,0,AU684.0,U684.0,1,7,0,0,0,0,0,0,0,718718ca548b
AU,684,1,AU684.1,U684.1,0,5,0,0,0,0,0,0,0,f8291400d4ae
AU,684,2,AU684.2,U684.2,0,11,0,0,0,0,0,0,0,f4bf9012211e
AU,684,3,AU684.3,U684.3,0,4,0,0,0,0,0,0,0,66ba6dfb0169
AU,684,4,AU684.4,U684.4,0,5,0,0,0,0,1,0,0,6ede46214c37
AU,684,5,AU684.5,U684.5,0,8,0,0,0,0,0,0,0,b9c046dc90fb
AU,685,0,AU685.0,U685.0,1,7,0,0,0,0,0,0,0,5da41b875cf1
AU,685,1,AU685.1,U685.1,0,8,0,0,0,0,0,0,0,70b76740eeb8
AU,685,2,AU685.2,U685.2,0,14,0,0,1,0,0,0,0,dcdca899750a
AU,685,3,AU685.3,U685.3,0,15,0,0,0,0,0,0,0,9d7e54f9d01f
AU,686,0,AU686.0,U686.0,1,7,0,0,0,0,0,0,0,2416aec620e4
AU,686,1,AU686.1,U686.1,0,49,1,0,1,0,0,1,0,1fe12475b30b
AU,686,2,AU686.2,U686.2,0,11,0,0,0,0,0,0,0,bc9a784bce0f
AU,686,3,AU686.3,U686.3,0,11,0,0,0,0,0,0,0,29bc729bb38d
AU,686,4,AU686.4,U686.4,0,7,0,0,0,0,0,0,0,5cab378a17bc
AU,687,0,AU687.0,U687.0,1,7,0,0,0,0,0,0,0,c73e6aebe03c
AU,687,1,AU687.1,U687.1,0,7,0,0,0,0,0,0,0,cb4e68eec4ae
AU,687,2,AU687.2,U687.2,0,9,0,0,0,0,0,0,0,e2e9ff32dbaf
AU,687,3,AU687.3,U687.3,0,9,0,0,0,0,0,0,0,e81d8a24a3a2
AU,687,4,AU687.4,U687.4,0,12,0,0,0,0,0,0,0,bb6729a8632b
AU,687,5,AU687.5,U687.5,0,8,0,0,0,0,0,0,0,9a2d002083e1
AU,688,0,AU688.0,U688.0,1,7,0,0,0,0,0,0,0,1ca3363f618f
AU,688,1,AU688.1,U688.1,0,10,0,0,0,1,0,0,0,993b73a18e11
AU,688,2,AU688.2,U688.2,0,7,0,0,0,0,0,0,0,a900012a6a64
AU,688,3,AU688.3,U688.3,0,4,0,0,0,0,0,0,0,7c9bb75d691c
AU,688,4,AU688.4,U688.4,0,130,0,0,0,1,1,0,0,1ea01e4c0515
AU,689,0,AU689.0,U689.0,1,7,0,0,0,0,0,0,0,9e9dcc11bbdd
AU,689,1,AU689.1,U689.1,0,6,1,0,0,0,0,1,0,3776bfb70dae
AU,689,2,AU689.2,U689.2,0,5,0,0,0,0,0,0,0,8b0b051a273c
AU,689,3,AU689.3,U689.3,0,10,0,0,0,1,0,0,0,0a8b15a08aea
AU,689,4,AU689.4,U689.4,0,7,0,0,0,0,0,0,0,d81229fe2581
AU,689,5,AU689.5,U689.5,0,6,0,0,0,0,0,0,0,d3012c225c6c
AU,689,6,AU689.6,U689.6,0,6,0,0,0,0,0,0,0,bc620569beb7
AU,689,7,AU689.7,U689.7,0,8,0,0,0,0,0,0,0,a6e391063985
AU,689,8,AU689.8,U689.8,0,6,0,0,0,0,0,0,0,a84ee3e6574b
AU,690,0,AU690.0,U690.0,1,7,0,0,0,0,0,0,0,d4d18fa52eb0
AU,690,1,AU690.1,U690.1,0,30,0,0,0,0,0,0,0,74e6bd747397
AU,690,2,AU690.2,U690.2,0,5,0,0,0,1,0,0,0,54c713433352
AU,690,3,AU690.3,U690.3,0,17,0,0,0,0,0,0,0,32c25afefa5b
AU,690,4,AU690.4,U690.4,0,5,0,0,0,0,0,0,0,c453d01fa5b3
AU,690,5,AU690.5,U690.5,0,9,0,0,0,0,0,0,0,8f09a6e5bd79
AU,691,0,AU691.0,U691.0,1,7,0,0,0,0,0,0,0,8d465f788dfd
AU,691,1,AU691.1,U691.1,0,7,0,0,0,0,0,0,0,7f35c36ab981
AU,691,2,AU691.2,U691.2,0,5,0,0,1,0,0,0,0,b6fa74db64f9
AU,691,3,AU691.3,U691.3,0,9,1,1,0,0,0,1,0,62af51e2551c
AU,691,4,AU691.4,U691.4,0,9,0,0,0,0,0,0,0,7372413e77f9
AU,691,5,AU691.5,U691.5,0,24,1,0,0,0,0,0,1,81400e566d5b
AU,692,0,AU692.0,U692.0,1,12,0,0,0,0,0,0,0,09b4386b5e37
AU,692,1,AU692.1,U692.1,0,14,0,0,0,0,0,0,0,765e02d34059
AU,692,2,AU692.2,U692.2,0,3,0,0,0,0,0,0,0,954c0d540e86
AU,692,3,AU692.3,U692.3,0,12,0,0,0,0,0,0,0,8c79128e9726
AU,692,4,AU692.4,U692.4,0,8,0,0,0,0,0,0,0,6eaa2d4085de
AU,692,5,AU692.5,U692.5,0,17,0,0,0,0,0,0,0,978d47f3a70c
AU,692,6,AU692.6,U692.6,0,7,0,0,0,0,0,0,0,a88a03885d1e
AU,693,0,AU693.0,U693.0,1,7,0,0,0,0,0,0,0,34e8f1575015
AU,693,1,AU693.1,U693.1,0,13,0,0,0,0,0,0,0,f27b817bc501
AU,693,2,AU693.2,U693.2,0,15,0,0,0,0,1,0,0,9f41267bf598
AU,693,3,AU693.3,U693.3,0,6,0,0,0,0,0,0,0,a9b4fb04f6f5
AU,693,4,AU693.4,U693.4,0,16,0,0,0,0,1,0,0,a0dc58568f86
AU,693,5,AU693.5,U693.5,0,12,0,0,0,0,0,0,0,628bb501a84f
AU,693,6,AU693.6,U693.6,0,7,0,0,0,0,0,0,0,37b144a7987d
AU,693,7,AU693.7,U693.7,0,4,0,0,0,0,0,0,0,f67539c571f0
AU,694,0,AU694.0,U694.0,1,7,0,0,0,0,0,0,0,008d53a232dd
AU,694,1,AU694.1,U694.1,0,8,0,0,0,1,0,0,0,a829f05a7459
AU,694,2,AU694.2,U694.2,0,4,0,0,0,0,0,0,0,49b54a79c384
AU,694,3,AU694.3,U694.3,0,8,0,0,0,0,0,0,0,33431068d88c
AU,694,4,AU694.4,U694.4,0,5,0,0,0,0,0,0,0,07e6db1f70a0
AU,694,5,AU694.5,U694.5,0,7,0,0,0,0,0,0,0,8d10da383a92
AU,694,6,AU694.6,U694.6,0,9,1,0,0,0,0,1,0,602a6be15d24
AU,694,7,AU694.7,U694.7,0,5,0,0,0,0,0,0,0,a441bad9cc5e
AU,694,8,AU694.8,U694.8,0,5,0,0,0,0,0,0,0,4d7d34ab8735
AU,695,0,AU695.0,U695.0,1,12,0,0,0,0,0,0,0,eaff3f8498c8
AU,695,1,AU695.1,U695.1,0,98,0,0,0,1,0,0,0,b2c692444e0b
AU,695,2,AU695.2,U695.2,0,10,0,0,0,0,0,0,0,a3d5e715ad89
AU,695,3,AU695.3,U695.3,0,8,0,0,0,0,0,0,0,b6f8ae43bf52
AU,695,4,AU695.4,U695.4,0,5,0,0,0,1,0,0,0,b697d13d1472
AU,695,5,AU695.5,U695.5,0,7,0,0,0,0,0,0,0,074399f0b13e
AU,695,6,AU695.6,U695.6,0,5,0,0,0,0,0,0,0,5e35a06f49d3
AU,695,7,AU695.7,U695.7,0,6,0,0,0,0,0,0,0,197e071c8b64
AU,696,0,AU696.0,U696.0,1,7,0,0,0,0,0,0,0,f0a16953eae5
AU,696,1,AU696.1,U696.1,0,8,0,0,0,0,0,0,0,16e82968bdf9
AU,696,2,AU696.2,U696.2,0,10,0,0,0,0,1,0,0,8ccb4e9a1679
AU,696,3,AU696.3,U696.3,0,9,0,0,0,0,0,0,0,8a512168fff3
AU,696,4,AU696.4,U696.4,0,10,0,0,0,1,0,0,0,cce08be45b9a
AU,696,5,AU696.5,U696.5,0,4,0,0,0,0,0,0,0,42254e8a9052
AU,696,6,AU696.6,U696.6,0,12,0,0,0,0,0,0,0,49a548230b47
AU,696,7,AU696.7,U696.7,0,7,0,0,0,0,0,0,0,2bbad5df4e26
AU,697,0,AU697.0,U697.0,1,7,0,0,0,0,0,0,0,a05556a14460
AU,697,1,AU697.1,U697.1,0,6,0,0,0,0,0,0,0,4d6dae64f958
AU,697,2,AU697.2,U697.2,0,4,0,0,0,0,0,0,0,3632ea8769e8
AU,697,3,AU697.3,U697.3,0,12,0,0,0,0,0,0,0,8c9e23d8893d
AU,697,4,AU697.4,U697.4,0,6,0,0,0,0,0,0,0,2936fb19f7db
AU,697,5,AU697.5,U697.5,0,9,0,0,0,0,0,0,0,3df1e022468f
AU,697,6,AU697.6,U697.6,0,12,0,0,0,0,0,0,0,52dd31ce5caf
AU,697,7,AU697.7,U697.7,0,4,0,0,0,0,0,0,0,b74ac977e4b4
AU,697,8,AU697.8,U697.8,0,9,0,0,0,0,0,0,0,48f47695deb2
AU,697,9,AU697.9,U697.9,0,5,0,0,0,0,0,0,0,9d227e6e4830
AU,697,10,AU697.10,U697.10,0,6,0,0,1,0,0,0,0,274246941f54
AU,697,11,AU697.11,U697.11,0,5,0,0,0,1,0,0,0,9c2f34e2cb9f
AU,697,12,AU697.12,U697.12,0,5,0,0,0,0,0,0,0,268855426bae
AU,698,0,AU698.0,U698.0,1,7,0,0,0,0,0,0,0,a2264b0f6cae
AU,698,1,AU698.1,U698.1,0,22,0,0,0,0,0,0,0,6a982a71fd50
AU,698,2,AU698.2,U698.2,0,15,1,0,1,0,0,1,0,ee9c794a2323
AU,698,3,AU698.3,U698.3,0,5,0,0,0,0,0,0,0,d88160b45cf8
AU,698,4,AU698.4,U698.4,0,17,0,0,0,0,0,0,0,6a8f7d594ea3
AU,698,5,AU698.5,U698.5,0,14,0,0,0,1,0,0,0,9bfd95165502
AU,698,6,AU698.6,U698.6,0,11,0,0,0,0,0,0,0,9039c44be020
AU,699,0,AU699.0,U699.0,1,7,0,0,0,0,0,0,0,baa7e93e7e1a
AU,699,1,AU699.1,U699.1,0,10,0,0,1,0,0,0,0,2ec342838e6d
AU,699,2,AU699.2,U699.2,0,7,0,0,0,0,0,0,0,c17dff4360d0
AU,699,3,AU699.3,U699.3,0,6,0,0,0,0,0,0,0,de8378369472
AU,700,0,AU700.0,U700.0,1,7,0,0,0,0,0,0,0,379771e9074d
AU,700,1,AU700.1,U700.1,0,18,0,0,0,0,0,0,0,aa84de484192
AU,700,2,AU700.2,U700.2,0,7,0,0,0,0,0,0,0,529212db9936
AU,700,3,AU700.3,U700.3,0,9,0,0,0,0,0,0,0,4edeec7d13e9
AU,700,4,AU700.4,U700.4,0,19,1,0,0,0,0,1,0,5f7c53af64bc
AU,700,5,AU700.5,U700.5,0,13,0,0,1,0,0,0,0,596e93d495e2
AU,700,6,AU700.6,U700.6,0,14,0,0,0,0,0,0,0,c2b34d30525c
AU,700,7,AU700.7,U700.7,0,20,0,0,0,0,0,0,0,51e6e529e8b8
AU,701,0,AU701.0,U701.0,1,7,0,0,0,0,0,0,0,37ee19a2aac9
AU,701,1,AU701.1,U701.1,0,4,0,0,0,0,0,0,0,0ffe9efb9ebc
AU,701,2,AU701.2,U701.2,0,16,0,0,0,0,0,0,0,12db84b52e09
AU,701,3,AU701.3,U701.3,0,10,0,0,0,0,1,0,0,657307c6c5b0
AU,701,4,AU701.4,U701.4,0,8,0,0,0,0,0,0,0,5792aa578879
AU,701,5,AU701.5,U701.5,0,6,0,0,0,0,0,0,0,7872880b32b1
AU,701,6,AU701.6,U701.6,0,9,0,0,0,0,0,0,0,e0486e2ac00e
AU,701,7,AU701.7,U701.7,0,14,1,0,0,0,0,1,0,0d8c136f8198
AU,701,8,AU701.8,U701.8,0,6,1,0,0,0,0,1,0,3625e85fa122
AU,701,9,AU701.9,U701.9,0,17,0,0,0,0,0,0,0,937bc72f52fb
AU,701,10,AU701.10,U701.10,0,9,0,0,0,0,0,0,0,7bf819a043ef
AU,701,11,AU701.11,U701.11,0,13,0,0,0,0,0,0,0,1e2f5a6e70cd
AU,702,0,AU702.0,U702.0,1,7,0,0,0,0,0,0,0,f2717418ff40
AU,702,1,AU702.1,U702.1,0,11,0,0,0,0,0,0,0,faf213268eeb
AU,702,2,AU702.2,U702.2,0,12,0,0,1,0,0,0,0,f16192357dae
AU,702,3,AU702.3,U702.3,0,5,0,0,0,0,0,0,0,6d678ef62544
AU,702,4,AU702.4,U702.4,0,37,0,0,0,1,0,0,0,707315ba6d42
AU,702,5,AU702.5,U702.5,0,5,0,0,0,0,0,0,0,fab5c565b505
AU,703,0,AU703.0,U703.0,1,7,0,0,0,0,0,0,0,451bdce59cc0
AU,703,1,AU703.1,U703.1,0,29,0,0,1,0,0,0,0,bb6957e3dc5d
AU,703,2,AU703.2,U703.2,0,146,0,0,0,0,0,0,0,f539bc9064bc
AU,703,3,AU703.3,U703.3,0,9,0,0,0,0,0,0,0,89785ff164be
AU,703,4,AU703.4,U703.4,0,4,0,0,0,0,0,0,0,ab888da2e1fc
AU,703,5,AU703.5,U703.5,0,5,0,0,0,0,0,0,0,0ffea80fa9c4
AU,703,6,AU703.6,U703.6,0,4,0,0,0,0,0,0,0,7b042c8a70ec
AU,704,0,AU704.0,U704.0,1,7,0,0,0,0,0,0,0,441656167ddc
AU,704,1,AU704.1,U704.1,0,8,1,0,0,0,0,1,0,24794f164ded
AU,704,2,AU704.2,U704.2,0,12,1,0,0,0,0,0,1,a18980af2b06
AU,704,3,AU704.3,U704.3,0,11,0,0,1,0,0,0,0,b6ae63ca7395
AU,704,4,AU704.4,U704.4,0,24,0,0,0,1,0,0,0,26fc15d83610
AU,704,5,AU704.5,U704.5,0,10,0,0,0,0,0,0,0,2f4e17d984b5
AU,705,0,AU705.0,U705.0,1,7,0,0,0,0,0,0,0,3f1497487c07
AU,705,1,AU705.1,U705.1,0,11,0,0,0,0,0,0,0,32a12d8c807b
AU,705,2,AU705.2,U705.2,0,12,0,0,0,0,1,0,0,122b551098f2
AU,705,3,AU705.3,U705.3,0,12,0,0,0,0,0,0,0,5b08d8c21ec2
AU,705,4,AU705.4,U705.4,0,7,0,0,0,0,0,0,0,2a7c09bc68b6
AU,705,5,AU705.5,U705.5,0,13,0,0,0,0,0,0,0,e1469a0922fd
AU,706,0,AU706.0,U706.0,1,10,0,0,0,0,0,0,0,26c2bc4378cf
AU,706,1,AU706.1,U706.1,0,14,0,0,0,1,0,0,0,c16ea61690d5
AU,706,2,AU706.2,U706.2,0,5,0,0,0,0,0,0,0,9c9fcad3f21f
AU,706,3,AU706.3,U706.3,0,11,0,0,0,0,0,0,0,62af84e2e810
AU,706,4,AU706.4,U706.4,0,7,0,0,0,0,0,0,0,bb90e93def4f
AU,707,0,AU707.0,U707.0,1,7,0,0,0,0,0,0,0,17df6a27ab94
AU,707,1,AU707.1,U707.1,0,4,0,0,0,0,0,0,0,5e9c02622966
AU,707,2,AU707.2,U707.2,0,28,0,0,0,0,0,0,0,83b219e3aca6
AU,707,3,AU707.3,U707.3,0,6,0,0,0,0,0,0,0,719a3345d513
AU,707,4,AU707.4,U707.4,0,6,0,0,0,0,0,0,0,19da08960d90
AU,707,5,AU707.5,U707.5,0,17,0,0,0,0,0,0,0,dd348599b638
AU,707,6,AU707.6,U707.6,0,8,0,0,0,0,0,0,0,2422abc1112a
AU,707,6,AU707.6,U707.6,0,6,0,0,0,0,0,0,0,b1d834eea07e
AU,707,7,AU707.7,U707.7,0,10,0,0,0,0,1,0,0,c42294fe82d4
AU,707,8,AU707.8,U707.8,0,8,1,0,0,0,0,0,1,b45be491c799
AU,708,0,AU708.0,U708.0,1,7,0,0,0,0,0,0,0,b5c5d52468bc
AU,708,1,AU708.1,U708.1,0,8,0,1,0,0,0,0,0,1e64f4fc3d87
AU,708,2,AU708.2,U708.2,0,6,0,0,0,0,0,0,0,19a4668f1127
AU,708,3,AU708.3,U708.3,0,5,0,0,0,0,0,0,0,44ef358d0ebd
AU,709,0,AU709.0,U709.0,1,7,0,0,0,0,0,0,0,14148765f6a2
AU,709,1,AU709.1,U709.1,0,20,0,0,0,0,0,0,0,4598d7b2e788
AU,709,2,AU709.2,U709.2,0,38,0,0,1,0,0,0,0,d22770810cb2
AU,709,3,AU709.3,U709.3,0,7,0,0,0,1,0,0,0,2b2af0ff443f
AU,709,4,AU709.4,U709.4,0,11,0,0,0,0,0,0,0,ffc937301a4e
AU,709,5,AU709.5,U709.5,0,8,0,0,0,0,0,0,0,98de1d3b196e
AU,709,6,AU709.6,U709.6,0,7,0,0,0,0,0,0,0,775d314012f2
AU,709,7,AU709.7,U709.7,0,7,0,0,0,0,0,0,0,d1b5bdb0b6b6
AU,710,0,AU710.0,U710.0,1,7,0,0,0,0,0,0,0,7e408f525728
AU,710,1,AU710.1,U710.1,0,8,1,0,0,0,0,0,1,8dd107456c83
AU,710,2,AU710.2,U710.2,0,5,0,0,0,1,0,0,0,78d6d71b5f41
AU,710,3,AU710.3,U710.3,0,25,0,0,0,1,0,0,0,17b1d666e17b
AU,710,4,AU710.4,U710.4,0,18,1,0,0,0,0,1,0,4be7410dd766
AU,710,5,AU710.5,U710.5,0,9,0,0,0,0,0,0,0,2a2f60cf5884
AU,710,6,AU710.6,U710.6,0,9,0,1,0,0,0,0,0,f581bbfee860
AU,710,7,AU710.7,U710.7,0,8,0,0,0,0,0,0,0,70315c08b3bc
AU,710,8,AU710.8,U710.8,0,9,0,0,0,0,0,0,0,7a46217c7395
AU,710,9,AU710.9,U710.9,0,8,0,0,0,0,0,0,0,e4decd793799
AU,711,0,AU711.0,U711.0,1,7,0,0,0,0,0,0,0,f5f5135589d5
AU,711,1,AU711.1,U711.1,0,5,0,0,0,0,0,0,0,45c68995d079
AU,711,2,AU711.2,U711.2,0,26,0,0,0,0,0,0,0,f75bdb9aae79
AU,711,3,AU711.3,U711.3,0,21,1,0,1,0,0,1,0,c3748f30c8b4
AU,711,4,AU711.4,U711.4,0,6,0,0,0,0,0,0,0,2c21b8f216f2
AU,711,5,AU711.5,U711.5,0,17,1,0,1,0,0,1,0,6273ab84118b
AU,711,6,AU711.6,U711.6,0,5,0,0,0,0,0,0,0,82f6fd0a7cc9
AU,711,7,AU711.7,U711.7,0,20,0,0,0,0,0,0,0,b24acba973f0
AU,711,8,AU711.8,U711.8,0,12,0,0,0,0,0,0,0,5105c40b26e9
AU,712,0,AU712.0,U712.0,1,7,0,0,0,0,0,0,0,301d1bf3bd17
AU,712,1,AU712.1,U712.1,0,5,1,0,0,0,0,0,1,98a54210bc48
AU,712,2,AU712.2,U712.2,0,5,0,0,0,0,0,0,0,8507b6fcac65
AU,712,3,AU712.3,U712.3,0,7,0,0,0,0,0,0,0,27c13f91b6d1
AU,712,4,AU712.4,U712.4,0,6,0,0,0,0,0,0,0,bccc18c35bcc
AU,712,5,AU712.5,U712.5,0,6,0,0,0,0,0,0,0,18a10701b65e
AU,712,6,AU712.6,U712.6,0,25,0,0,0,0,0,0,0,48cc0d0a297a
AU,712,7,AU712.7,U712.7,0,13,0,0,0,0,0,0,0,ab72bf0f2b3d
AU,712,8,AU712.8,U712.8,0,16,0,0,0,0,0,0,0,b7251aa92592
AU,712,9,AU712.9,U712.9,0,17,0,0,0,0,1,0,0,54c4f8b20b96
AU,712,10,AU712.10,U712.10,0,7,0,0,0,0,0,0,0,ad5f505d60c3
AU,712,11,AU712.11,U712.11,0,8,0,0,0,0,0,0,0,f61956a38f7b
AU,713,0,AU713.0,U713.0,1,7,0,0,0,0,0,0,0,e077de1e92b7
AU,713,1,AU713.1,U713.1,0,7,0,0,0,0,0,0,0,d406f4c5ec3f
AU,713,2,AU713.2,U713.2,0,8,0,0,0,1,0,0,0,8ca704c27860
AU,713,3,AU713.3,U713.3,0,9,0,0,0,0,0,0,0,39946a2656b1
AU,713,4,AU713.4,U713.4,0,9,0,0,0,0,0,0,0,721df0497b87
AU,713,5,AU713.5,U713.5,0,27,1,0,0,0,0,0,1,12e01afdb5e3
AU,713,6,AU713.6,U713.6,0,11,0,0,0,0,1,0,0,06ba538a05dd
AU,713,7,AU713.7,U713.7,0,12,0,0,0,0,0,0,0,96425aee2155
AU,713,8,AU713.8,U713.8,0,6,0,0,0,0,0,0,0,999c0b623c55
AU,713,9,AU713.9,U713.9,0,6,0,0,0,0,0,0,0,9a1849f050a3
AU,714,0,AU714.0,U714.0,1,7,0,0,0,0,0,0,0,ddce291a3b01
AU,714,1,AU714.1,U714.1,0,47,0,0,0,0,0,0,0,6c1044a44a68
AU,714,2,AU714.2,U714.2,0,6,0,0,0,0,0,0,0,c080de66b5c4
AU,714,3,AU714.3,U714.3,0,4,0,0,0,0,0,0,0,9b74f58e17fb
AU,714,4,AU714.4,U714.4,0,13,0,0,1,0,0,0,0,1b1dc3b1033c
AU,714,5,AU714.5,U714.5,0,32,0,0,0,1,0,0,0,87f2d07f5660
AU,714,6,AU714.6,U714.6,0,2,0,0,0,0,0,0,0,09c6dfe139ec
AU,714,7,AU714.7,U714.7,0,23,0,0,0,0,0,0,0,56adf5d9b03f
AU,714,8,AU714.8,U714.8,0,15,0,0,0,0,0,0,0,d0f8c20e9982
AU,714,9,AU714.9,U714.9,0,5,0,0,0,0,0,0,0,21db757fb58c
AU,715,0,AU715.0,U715.0,1,7,0,0,0,0,0,0,0,d54c344da1a2
AU,715,1,AU715.1,U715.1,0,26,0,0,0,1,1,0,0,97ef8af8de97
AU,715,2,AU715.2,U715.2,0,15,0,0,0,0,0,0,0,6850b153ebaf
AU,715,3,AU715.3,U715.3,0,20,0,0,0,0,0,0,0,a18eec06a22a
AU,715,4,AU715.4,U715.4,0,9,0,0,0,0,0,0,0,3b0e49d71f7b
AU,716,0,AU716.0,U716.0,1,7,0,0,0,0,0,0,0,aa3cc098a99a
AU,716,1,AU716.1,U716.1,0,15,0,0,1,0,0,0,0,e7ee4fd9a4d6
AU,716,2,AU716.2,U716.2,0,6,0,0,0,0,0,0,0,bc485621d306
AU,716,3,AU716.3,U716.3,0,6,0,0,0,0,0,0,0,8cba2b621b26
AU,716,4,AU716.4,U716.4,0,11,1,0,0,0,0,0,1,108e6bb95152
AU,716,5,AU716.5,U716.5,0,28,0,0,0,0,0,0,0,23d6d28b0e92
AU,716,6,AU716.6,U716.6,0,8,0,0,0,0,0,0,0,36f06d927e0c
AU,716,7,AU716.7,U716.7,0,6,0,0,0,0,0,0,0,9c80c2e4b5d9
AU,716,8,AU716.8,U716.8,0,7,0,0,0,0,0,0,0,45efcf6591be
AU,717,0,AU717.0,U717.0,1,6,0,0,0,0,0,0,0,216fe34fad93
AU,717,1,AU717.1,U717.1,0,9,1,0,0,0,0,0,1,eac5b1ad575f
AU,717,2,AU717.2,U717.2,0,5,0,0,0,0,0,0,0,d4d2a78c01d4
AU,717,3,AU717.3,U717.3,0,10,0,0,0,0,0,0,0,4b6492f81bc9
AU,717,4,AU717.4,U717.4,0,12,1,0,0,0,0,0,1,34e2b17d6c6c
AU,717,5,AU717.5,U717.5,0,18,1,0,1,0,0,1,0,5da69d5941ef
AU,717,6,AU717.6,U717.6,0,17,0,0,0,1,0,0,0,6131c30ed2de
AU,718,0,AU718.0,U718.0,1,7,0,0,0,0,0,0,0,12323bba7fd8
AU,718,1,AU718.1,U718.1,0,7,0,0,1,0,0,0,0,63df7c703ddc
AU,718,2,AU718.2,U718.2,0,4,0,0,0,0,0,0,0,e353a626f218
AU,718,3,AU718.3,U718.3,0,55,0,0,0,0,0,0,0,1f49e66bc75b
AU,718,4,AU718.4,U718.4,0,9,0,0,0,0,0,0,0,487992f2b4bf
AU,718,5,AU718.5,U718.5,0,25,0,0,0,1,0,0,0,30469a11e5c9
AU,718,6,AU718.6,U718.6,0,12,0,0,0,0,0,0,0,3e1a55029379
AU,718,7,AU718.7,U718.7,0,29,0,0,0,0,1,0,0,27ffb99a676c
AU,718,8,AU718.8,U718.8,0,8,0,0,0,0,0,0,0,d15b12e8300c
AU,719,0,AU719.0,U719.0,1,7,0,0,0,0,0,0,0,97d903131b93
AU,719,1,AU719.1,U719.1,0,21,0,0,0,0,0,0,0,9ef589d971b1
AU,719,2,AU719.2,U719.2,0,7,0,0,0,0,0,0,0,b211312b8bce
AU,719,3,AU719.3,U719.3,0,3,0,0,0,0,0,0,0,0325acc71cd0
AU,719,4,AU719.4,U719.4,0,6,0,0,0,0,0,0,0,33c9f1466b9a
AU,719,5,AU719.5,U719.5,0,17,0,0,0,0,1,0,0,5a7f01b76513
AU,719,6,AU719.6,U719.6,0,25,0,0,0,0,0,0,0,fde2c3812056
AU,719,7,AU719.7,U719.7,0,41,1,0,0,0,0,1,0,06fff5dee831
AU,719,8,AU719.8,U719.8,0,21,0,0,0,0,0,0,0,6ebb51cc7f85
AU,719,9,AU719.9,U719.9,0,10,0,0,0,1,0,0,0,b6b4f501b58c
AU,719,10,AU719.10,U719.10,0,3,0,0,0,0,0,0,0,7c04d7e31503
AU,720,0,AU720.0,U720.0,1,7,0,0,0,0,0,0,0,5ff491d1e01f
AU,720,1,AU720.1,U720.1,0,3,0,0,0,0,0,0,0,d702c5ad159b
AU,720,2,AU720.2,U720.2,0,6,0,0,0,0,0,0,0,dc04c108f273
AU,720,3,AU720.3,U720.3,0,8,0,0,0,0,0,0,0,d0230b38127d
AU,720,4,AU720.4,U720.4,0,4,0,0,0,0,0,0,0,494c73ea7ae1
AU,721,0,AU721.0,U721.0,1,7,0,0,0,0,0,0,0,92f7b090d992
AU,721,1,AU721.1,U721.1,0,7,1,0,0,0,0,1,0,fa09ef5bf788
AU,721,2,AU721.2,U721.2,0,4,0,0,0,0,0,0,0,3d29183104cd
AU,721,3,AU721.3,U721.3,0,13,0,0,0,0,0,0,0,0fb5487f0414
AU,721,4,AU721.4,U721.4,0,8,0,0,0,0,0,0,0,8a20cf796830
AU,721,5,AU721.5,U721.5,0,7,0,0,0,0,0,0,0,25993e12e433
AU,721,6,AU721.6,U721.6,0,16,0,0,0,0,0,0,0,7293b66826d7
AU,721,7,AU721.7,U721.7,0,6,0,0,0,0,0,0,0,73e731b9db8f
AU,721,8,AU721.8,U721.8,0,25,0,0,0,0,1,0,0,01411b062415
AU,721,9,AU721.9,U721.9,0,16,0,0,0,0,0,0,0,ee00cab84d5e
AU,722,0,AU722.0,U722.0,1,7,0,0,0,0,0,0,0,49f715ef6081
AU,722,1,AU722.1,U722.1,0,13,1,0,0,0,0,1,0,620b88702e30
AU,722,2,AU722.2,U722.2,0,7,0,0,0,0,0,0,0,87e5d0723f4e
AU,722,3,AU722.3,U722.3,0,15,1,0,0,0,0,1,0,680a2229a095
AU,722,4,AU722.4,U722.4,0,7,0,0,0,0,0,0,0,e9672e6667c3
AU,722,5,AU722.5,U722.5,0,20,0,0,0,0,0,0,0,a07bb0d97c40
AU,722,6,AU722.6,U722.6,0,8,1,0,0,0,0,0,1,4310c8cfb814
AU,722,7,AU722.7,U722.7,0,8,0,0,0,0,0,0,0,618b38ccdb5f
AU,722,8,AU722.8,U722.8,0,84,0,0,0,0,0,0,0,619a875132fd
AU,723,0,AU723.0,U723.0,1,7,0,0,0,0,0,0,0,ecef8f4443ef
AU,723,1,AU723.1,U723.1,0,6,0,0,0,1,0,0,0,12e5a6fd2ff8
AU,723,2,AU723.2,U723.2,0,6,0,0,0,0,0,0,0,23332f1cd0c4
AU,723,3,AU723.3,U723.3,0,8,0,0,0,0,0,0,0,4fe14f665164
AU,723,4,AU723.4,U723.4,0,7,0,0,0,0,0,0,0,e47ee9cf6ebb
AU,723,5,AU723.5,U723.5,0,4,0,0,0,1,0,0,0,7c198dceb6d8
AU,724,0,AU724.0,U724.0,1,7,0,0,0,0,0,0,0,6b07d5cae5c9
AU,724,1,AU724.1,U724.1,0,18,1,0,0,0,0,0,1,acaa5ba7f581
AU,724,2,AU724.2,U724.2,0,10,0,0,0,0,0,0,0,577b83513122
AU,724,3,AU724.3,U724.3,0,33,0,0,0,0,0,0,0,a56e55b4ac67
AU,724,4,AU724.4,U724.4,0,7,0,0,0,1,0,0,0,0456d9da2e94
AU,724,5,AU724.5,U724.5,0,8,0,0,0,0,0,0,0,29e26c40afaf
AU,724,6,AU724.6,U724.6,0,7,0,0,0,0,0,0,0,737a98a1097a
AU,725,0,AU725.0,U725.0,1,6,0,0,0,0,0,0,0,276ed66933c6
AU,725,1,AU725.1,U725.1,0,12,0,0,0,1,0,0,0,2c8a9a21122e
AU,725,2,AU725.2,U725.2,0,8,0,0,0,0,0,0,0,3541e070d09f
AU,725,3,AU725.3,U725.3,0,6,0,0,0,0,0,0,0,e18e1c90da35
AU,725,4,AU725.4,U725.4,0,37,0,0,0,1,1,0,0,df28c14a3f64
AU,725,5,AU725.5,U725.5,0,8,0,0,0,0,0,0,0,bd13ef3bd74d
AU,725,6,AU725.6,U725.6,0,13,0,0,0,0,0,0,0,7c060bdff998
AU,725,7,AU725.7,U725.7,0,13,1,0,0,0,0,1,0,5ada6221f486
AU,726,0,AU726.0,U726.0,1,7,0,0,0,0,0,0,0,e02bbe5e7ab0
AU,726,1,AU726.1,U726.1,0,9,0,0,0,0,0,0,0,4e0b3e1f3fe9
AU,726,2,AU726.2,U726.2,0,7,0,0,0,0,0,0,0,4bc7ded465c9
AU,726,3,AU726.3,U726.3,0,3,0,0,0,0,0,0,0,014ad54881ad
AU,726,4,AU726.4,U726.4,0,17,0,0,0,0,0,0,0,812c7ddf35b5
AU,726,5,AU726.5,U726.5,0,5,0,0,0,0,0,0,0,85b8c86b8c36
AU,726,6,AU726.6,U726.6,0,9,0,0,0,1,0,0,0,defe8496600b
AU,727,0,AU727.0,U727.0,1,7,0,0,0,0,0,0,0,d094e94c0673
AU,727,1,AU727.1,U727.1,0,7,0,0,0,1,0,0,0,fe5e430e9043
AU,727,2,AU727.2,U727.2,0,25,0,0,0,0,0,0,0,d5d9cd679525
AU,727,3,AU727.3,U727.3,0,22,0,0,0,0,0,0,0,f8147906c49e
AU,727,4,AU727.4,U727.4,0,8,0,0,0,0,0,0,0,7c7b6aca91e1
AU,727,5,AU727.5,U727.5,0,15,0,0,0,0,0,0,0,0ae28d89ad31
AU,727,6,AU727.6,U727.6,0,19,0,0,0,0,1,0,0,a70c1903e5ab
AU,727,7,AU727.7,U727.7,0,8,0,0,0,0,1,0,0,60e76abefac7
AU,727,8,AU727.8,U727.8,0,12,0,1,0,0,0,0,0,f4aa5c66c8bd
AU,727,9,AU727.9,U727.9,0,24,0,0,0,1,0,0,0,64a3358afe6a
AU,727,10,AU727.10,U727.10,0,6,0,0,0,0,0,0,0,3ef88c873b12
AU,728,0,AU728.0,U728.0,1,7,0,0,0,0,0,0,0,0a1c9744da62
AU,728,1,AU728.1,U728.1,0,45,0,0,0,0,0,0,0,b273c6316aa0
AU,728,2,AU728.2,U728.2,0,25,0,0,0,0,0,0,0,4d8fb260d0c8
AU,728,3,AU728.3,U728.3,0,7,0,0,0,0,0,0,0,25204b943c12
AU,728,4,AU728.4,U728.4,0,41,1,0,0,0,0,1,0,846e28a21a97
AU,728,5,AU728.5,U728.5,0,8,0,0,0,0,0,0,0,6b033a7fb77a
AU,728,6,AU728.6,U728.6,0,7,0,0,0,0,0,0,0,132c8ba191ed
AU,729,0,AU729.0,U729.0,1,7,0,0,0,0,0,0,0,aff35c7fdae9
AU,729,1,AU729.1,U729.1,0,12,0,0,0,0,0,0,0,ccbcbca335c2
AU,729,2,AU729.2,U729.2,0,48,0,0,0,0,0,0,0,61e19f0ed4af
AU,729,3,AU729.3,U729.3,0,23,1,0,0,0,0,1,0,31b937fbc359
AU,729,4,AU729.4,U729.4,0,8,0,0,0,0,0,0,0,9472bd83014c
AU,730,0,AU730.0,U730.0,1,7,0,0,0,0,0,0,0,a908e7b37697
AU,730,1,AU730.1,U730.1,0,16,0,0,0,0,0,0,0,d57209888a32
AU,730,2,AU730.2,U730.2,0,3,0,0,0,0,0,0,0,374aab4784e4
AU,730,3,AU730.3,U730.3,0,14,0,0,0,0,0,0,0,1d18b2501efb
AU,730,4,AU730.4,U730.4,0,9,0,0,0,0,0,0,0,0d20dbd49088
AU,730,5,AU730.5,U730.5,0,35,0,0,0,1,0,0,0,f53c2ca90c9f
AU,730,6,AU730.6,U730.6,0,14,0,0,0,0,0,0,0,de73d090d7c5
AU,730,7,AU730.7,U730.7,0,7,0,0,0,0,0,0,0,2abbb9b57861
AU,730,8,AU730.8,U730.8,0,19,0,0,0,0,1,0,0,e74e449e6f7f
AU,730,9,AU730.9,U730.9,0,10,0,0,0,0,0,0,0,f36e1b705c9b
AU,730,10,AU730.10,U730.10,0,8,0,0,0,0,0,0,0,c1c9e3ac984a
AU,731,0,AU731.0,U731.0,1,7,0,0,0,0,0,0,0,ecff6c37d850
AU,731,1,AU731.1,U731.1,0,5,0,0,0,0,0,0,0,72d8abd468b3
AU,731,2,AU731.2,U731.2,0,5,0,0,0,0,0,0,0,371b05d38b0b
AU,731,3,AU731.3,U731.3,0,8,0,0,1,0,0,0,0,acb18d08e830
AU,731,4,AU731.4,U731.4,0,7,0,0,0,0,0,0,0,fec179b9b51a
AU,731,5,AU731.5,U731.5,0,18,1,1,0,0,0,1,0,6d48ab58af23
AU,731,6,AU731.6,U731.6,0,21,0,0,0,0,0,0,0,28e3d7c88ce3
AU,731,7,AU731.7,U731.7,0,8,0,0,0,0,0,0,0,ec889e52b587
AU,731,8,AU731.8,U731.8,0,21,0,0,0,0,0,0,0,7c288c3163f6
AU,731,9,AU731.9,U731.9,0,7,0,0,0,0,0,0,0,b3c6d4eb06d7
AU,731,10,AU731.10,U731.10,0,10,0,0,0,1,0,0,0,cd8e14d88c70
AU,731,11,AU731.11,U731.11,0,10,0,0,0,0,0,0,0,b2b1589ef1cf
AU,731,12,AU731.12,U731.12,0,7,0,0,0,0,0,0,0,23060d7b7936
AU,732,0,AU732.0,U732.0,1,7,0,0,0,0,0,0,0,9b7373682998
AU,732,1,AU732.1,U732.1,0,12,0,0,0,1,0,0,0,505d44001960
AU,732,2,AU732.2,U732.2,0,11,0,0,0,0,0,0,0,b400bc36109c
AU,732,3,AU732.3,U732.3,0,14,0,0,0,0,0,0,0,db87de1daebb
AU,732,4,AU732.4,U732.4,0,11,0,0,0,0,0,0,0,f3e188c479e2
AU,732,5,AU732.5,U732.5,0,9,0,0,1,0,0,0,0,70d123b9ab7c
AU,732,6,AU732.6,U732.6,0,8,0,0,0,0,0,0,0,9401ad9fa428
AU,732,7,AU732.7,U732.7,0,16,0,0,0,0,0,0,0,1a6f94e13e6d
AU,732,8,AU732.8,U732.8,0,8,0,0,0,0,0,0,0,cf32ac473acc
AU,732,9,AU732.9,U732.9,0,10,0,0,0,0,0,0,0,a6d12fcef7e6
AU,732,10,AU732.10,U732.10,0,52,0,0,0,0,0,0,0,dc67e4b1c7b4
AU,732,11,AU732.11,U732.11,0,5,0,0,0,0,0,0,0,f85408c03fd3
AU,732,12,AU732.12,U731.12,0,17,0,0,0,0,1,0,0,3d45c2b6eae1
AU,732,13,AU732.13,U732.13,0,9,0,0,0,1,0,0,0,b890c170ac69
AU,732,14,AU732.14,U732.14,0,12,0,0,0,1,0,0,0,76b04547bdb5
AU,732,15,AU732.15,U732.15,0,4,0,0,0,0,0,0,0,65df9925af88
AU,733,0,AU733.0,U733.0,1,7,0,0,0,0,0,0,0,1078eb60117e
AU,733,1,AU733.1,U733.1,0,22,0,0,0,0,0,0,0,124991f6fd66
AU,733,2,AU733.2,U733.2,0,10,1,0,0,0,0,1,0,95501de1f1af
AU,733,3,AU733.3,U733.3,0,27,0,0,0,0,0,0,0,eab08277fa3d
AU,733,4,AU733.4,U733.4,0,6,0,0,0,0,0,0,0,79147791eb2b
AU,733,5,AU733.5,U733.5,0,10,0,0,0,0,0,0,0,cbca419f0b7d
AU,733,6,AU733.6,U733.6,0,9,0,0,0,0,0,0,0,4f05a7f8e10d
AU,733,7,AU733.7,U733.7,0,17,0,0,0,1,0,0,0,f47279b56c03
AU,733,8,AU733.8,U733.8,0,7,0,0,0,0,0,0,0,e67ed972e8dc
AU,733,9,AU733.9,U733.9,0,8,0,0,0,1,0,0,0,c675bc4ce975
AU,733,10,AU733.10,U733.10,0,8,0,0,0,1,0,0,0,908634ac187a
AU,733,11,AU733.11,U733.11,0,34,0,0,0,0,0,0,0,8d0ab56b909c
AU,734,0,AU734.0,U734.0,1,7,0,0,0,0,0,0,0,904cdc2a8b18
AU,734,1,AU734.1,U734.1,0,9,0,0,0,0,0,0,0,55bf7615d768
AU,734,2,AU734.2,U734.2,0,11,0,0,0,0,0,0,0,30fe0f64e4a2
AU,734,3,AU734.3,U734.3,0,27,0,0,0,0,0,0,0,75d6636dbf88
AU,734,4,AU734.4,U734.4,0,7,0,0,0,0,0,0,0,f3c6da35df84
AU,734,5,AU734.5,U734.5,0,19,1,0,0,0,0,1,0,c6e95f6fa86c
AU,734,6,AU734.6,U734.6,0,11,0,0,0,0,0,0,0,6bcc2a7bb95a
AU,734,7,AU734.7,U734.7,0,19,0,0,0,0,0,0,0,2e52d81d409b
AU,734,8,AU734.8,U734.8,0,24,0,0,0,0,0,0,0,232ebba1c4f9
AU,734,9,AU734.9,U734.9,0,9,0,0,0,0,0,0,0,98db669faf9d
AU,734,10,AU734.10,U734.10,0,5,0,0,0,0,0,0,0,ebcf10d996a9
AU,735,0,AU735.0,U735.0,1,7,0,0,0,0,0,0,0,da41010c42ec
AU,735,1,AU735.1,U735.1,0,5,0,0,0,0,0,0,0,9456b574f397
AU,735,2,AU735.2,U735.2,0,36,0,0,0,0,0,0,0,2b0d0f41d81e
AU,735,3,AU735.3,U735.3,0,36,0,0,0,0,1,0,0,d7562459469e
AU,735,4,AU735.4,U735.4,0,28,0,0,0,0,0,0,0,3dba172e7979
AU,735,5,AU735.5,U735.5,0,12,0,0,0,0,0,0,0,11d3f3090658
AU,735,6,AU735.6,U735.6,0,15,0,0,0,0,0,0,0,7263616386ca
AU,735,7,AU735.7,U735.7,0,8,0,0,1,0,0,0,0,7196469a108b
AU,736,0,AU736.0,U736.0,1,7,0,0,0,0,0,0,0,9e73ddbb13ef
AU,736,1,AU736.1,U736.1,0,45,1,0,0,0,0,1,0,04399013adb2
AU,736,2,AU736.2,U736.2,0,35,1,0,0,0,0,1,0,dbb27f9160ed
AU,736,3,AU736.3,U736.3,0,20,0,0,0,1,0,0,0,9784a6ca2d3b
AU,736,4,AU736.4,U736.4,0,21,0,0,0,0,0,0,0,7c022f5ce1b5
AU,736,5,AU736.5,U736.5,0,12,0,0,0,0,1,0,0,44a5d8221331
AU,736,6,AU736.6,U736.6,0,17,0,0,0,0,0,0,0,d3a2559ebc07
AU,736,7,AU736.7,U736.7,0,10,0,0,0,0,0,0,0,5db601bcb9c1
AU,737,0,AU737.0,U737.0,1,7,0,0,0,0,0,0,0,ddd594df05a1
AU,737,1,AU737.1,U737.1,0,7,1,0,0,0,0,1,0,9c68bee194a4
AU,737,2,AU737.2,U737.2,0,27,0,0,0,0,0,0,0,e1c08591dbba
AU,737,3,AU737.3,U737.3,0,10,0,0,0,1,0,0,0,e0ffaab9c49a
AU,737,4,AU737.4,U737.4,0,34,0,0,0,0,0,0,0,846a4fb782f7
AU,737,5,AU737.5,U737.5,0,7,0,0,0,0,0,0,0,25b8d762b6be
AU,737,6,AU737.6,U737.6,0,8,0,0,0,0,0,0,0,2295d5de399c
AU,737,7,AU737.7,U737.7,0,9,0,0,0,0,0,0,0,8e3c4cb6b52f
AU,737,8,AU737.8,U737.8,0,7,0,0,0,0,1,0,0,c0963e0a5842
AU,737,9,AU737.9,U737.9,0,11,0,0,0,0,0,0,0,7f616a04f175
AU,737,10,AU737.10,U737.10,0,9,0,0,0,0,0,0,0,a9157d078a11
AU,737,11,AU737.11,U737.11,0,9,0,0,0,0,0,0,0,47df2d686c9e
AU,738,0,AU738.0,U738.0,1,7,0,0,0,0,0,0,0,df5221661802
AU,738,1,AU738.1,U738.1,0,13,0,0,0,0,1,0,0,a4ab4055b027
AU,738,2,AU738.2,U738.2,0,12,0,0,0,1,0,0,0,821425472033
AU,738,3,AU738.3,U738.3,0,29,0,0,0,0,0,0,0,232453b96598
AU,738,4,AU738.4,U738.4,0,227,0,0,0,1,1,0,0,53c8fbae28af
AU,738,5,AU738.5,U738.5,0,7,0,0,0,0,0,0,0,e9eb4842a1da
AU,738,6,AU738.6,U738.6,0,9,0,0,0,0,0,0,0,8787f6211479
AU,738,7,AU738.7,U738.7,0,8,0,0,0,0,0,0,0,96cc80510e02
AU,738,8,AU738.8,U738.8,0,7,0,0,0,0,0,0,0,54c6266c417a
AU,738,9,AU738.9,U738.9,0,18,0,0,0,0,1,0,0,1984945fb58e
AU,739,0,AU739.0,U739.0,1,7,0,0,0,0,0,0,0,36eeed8deba1
AU,739,1,AU739.1,U739.1,0,13,0,0,0,0,0,0,0,c05985a14921
AU,739,2,AU739.2,U739.2,0,8,0,0,0,0,0,0,0,38e327ecd2bc
AU,739,3,AU739.3,U739.3,0,20,0,0,0,0,0,0,0,69953ce17ac2
AU,739,4,AU739.4,U739.4,0,16,0,0,0,0,0,0,0,00eca42c5085
AU,739,5,AU739.5,U739.5,0,10,0,0,0,0,0,0,0,bc1fa7082f42
AU,739,6,AU739.6,U739.6,0,11,0,0,0,0,0,0,0,c235ef50344a
AU,739,7,AU739.7,U739.7,0,12,0,0,0,0,0,0,0,365fe8ae0135
AU,739,8,AU739.8,U739.8,0,6,0,0,0,0,0,0,0,0c87f1453a79
AU,740,0,AU740.0,U740.0,1,7,0,0,0,0,0,0,0,8b126db4ef08
AU,740,1,AU740.1,U740.1,0,6,0,0,0,0,0,0,0,10af0ca8bc98
AU,740,2,AU740.2,U740.2,0,9,0,0,0,0,0,0,0,b8c518b2cc04
AU,740,3,AU740.3,U740.3,0,12,0,0,0,0,0,0,0,3c16876b4523
AU,740,4,AU740.4,U740.4,0,5,0,0,0,0,0,0,0,7312293bca09
AU,740,5,AU740.5,U740.5,0,19,0,0,0,1,0,0,0,3b229de569b0
AU,740,6,AU740.6,U740.6,0,8,0,0,0,0,0,0,0,84f94a7fd5b3
AU,740,7,AU740.7,U740.7,0,8,0,0,0,0,0,0,0,131eed212574
AU,740,8,AU740.8,U740.8,0,10,0,0,0,0,0,0,0,9b4b0c680f29
AU,740,9,AU740.9,U740.9,0,8,0,0,0,0,0,0,0,ad98a98327e1
AU,741,0,AU741.0,U741.0,1,7,0,0,0,0,0,0,0,ff47ffba44ab
AU,741,1,AU741.1,U741.1,0,11,0,0,0,0,0,0,0,f33b66fa6a4b
AU,741,2,AU741.2,U741.2,0,17,0,0,0,0,0,0,0,dd9afa7a920b
AU,741,3,AU741.3,U741.3,0,8,0,0,0,0,0,0,0,e0d87eb6598e
AU,741,4,AU741.4,U741.4,0,7,0,0,0,0,0,0,0,acbcbcdbc70f
AU,741,5,AU741.5,U741.5,0,6,0,0,0,0,0,0,0,da906b45356f
AU,741,6,AU741.6,U741.6,0,17,0,0,0,0,0,0,0,7d26d6297795
AU,741,7,AU741.7,U741.7,0,7,0,0,0,0,0,0,0,2a3bd53f17d2
AU,741,8,AU741.8,U741.8,0,11,0,0,0,0,0,0,0,15e9ef70fb32
AU,741,9,AU741.9,U741.9,0,12,0,0,0,0,0,0,0,abbd15fd1329
AU,741,10,AU741.10,U741.10,0,25,1,1,0,0,0,1,0,d69e2029a90d
AU,741,11,AU741.11,U741.11,0,40,0,0,0,0,0,0,0,478ae27e2bea
AU,742,0,AU742.0,U742.0,1,6,0,0,0,0,0,0,0,ea40d53806b1
AU,742,1,AU742.1,U742.1,0,9,0,0,0,0,0,0,0,870827e76860
AU,742,2,AU742.2,U742.2,0,11,0,0,0,0,0,0,0,432ea8845660
AU,742,3,AU742.3,U742.3,0,9,0,0,0,0,1,0,0,886d8172171c
AU,742,4,AU742.4,U742.4,0,8,0,0,0,0,0,0,0,106b4f119d83
AU,742,5,AU742.5,U742.5,0,8,0,0,0,1,0,0,0,68ff34c01ec4
AU,742,6,AU742.6,U742.6,0,14,0,0,0,0,0,0,0,7d13bf0a2465
AU,742,7,AU742.7,U742.7,0,10,0,0,0,0,0,0,0,8cca6fe4dcb9
AU,742,8,AU742.8,U742.8,0,11,0,0,0,0,0,0,0,ecc86de7eff8
AU,742,9,AU742.9,U742.9,0,3,0,0,0,0,0,0,0,f0e6ff952cce
AU,742,10,AU742.10,U742.10,0,7,0,0,0,0,0,0,0,fa8b94c15c5a
AU,742,11,AU742.11,U742.11,0,8,0,0,0,0,0,0,0,9b4405b6dfdb
AU,743,0,AU743.0,U743.0,1,7,0,0,0,0,0,0,0,5a56e545dac3
AU,743,1,AU743.1,U743.1,0,7,0,0,0,1,0,0,0,4dcf89bdc8c3
AU,743,2,AU743.2,U743.2,0,27,0,0,0,0,0,0,0,bae8ee06e9c4
AU,743,3,AU743.3,U743.3,0,9,0,1,0,0,0,0,0,9af79842f6be
AU,743,4,AU743.4,U743.4,0,84,0,0,0,0,0,0,0,a1d7d9a92bfd
AU,743,5,AU743.5,U743.5,0,10,0,0,0,0,0,0,0,e078769c91f9
AU,743,6,AU743.6,U743.6,0,20,0,0,0,0,0,0,0,7a4a77273a51
AU,743,7,AU743.7,U743.7,0,8,0,0,0,0,0,0,0,25ac68020283
AU,743,8,AU743.8,U743.8,0,7,0,0,0,0,0,0,0,00b0a2b6e0ed
AU,743,9,AU743.9,U743.9,0,9,0,0,0,0,0,0,0,fdbca1cbac90
AU,743,10,AU743.10,U743.10,0,7,0,0,0,0,0,0,0,90ae8ad7d14e
AU,743,11,AU743.11,U743.11,0,18,0,0,0,0,0,0,0,c57ed3d5a248
AU,743,12,AU743.12,U743.12,0,7,0,0,0,0,0,0,0,bb8890e689df
AU,744,0,AU744.0,U744.0,1,7,0,0,0,0,0,0,0,d3152f4277d4
AU,744,1,AU744.1,U744.1,0,11,0,0,0,0,0,0,0,e9d197e28372
AU,744,2,AU744.2,U744.2,0,5,0,0,0,0,0,0,0,324ef05c2ce7
AU,744,3,AU744.3,U744.3,0,10,0,0,0,0,0,0,0,1df4b95fe277
AU,744,4,AU744.4,U744.4,0,12,0,0,0,0,0,0,0,62a768748423
AU,744,5,AU744.5,U744.5,0,15,0,0,0,0,0,0,0,2bcab8398de2
AU,744,6,AU744.6,U744.6,0,11,0,0,0,0,0,0,0,8d652060b313
AU,744,7,AU744.7,U744.7,0,9,0,0,0,0,0,0,0,4baa8f518029
AU,744,8,AU744.8,U744.8,0,7,0,0,0,0,1,0,0,ec4f1436e67d
AU,744,9,AU744.9,U744.9,0,21,0,0,0,0,0,0,0,84bbdd8ada35
AU,744,10,AU744.10,U744.10,0,9,0,0,0,0,0,0,0,8b65a63be512
AU,745,0,AU745.0,U745.0,1,7,0,0,0,0,0,0,0,c783e6d08f4a
AU,745,1,AU745.1,U745.1,0,12,0,0,0,0,0,0,0,ecb6dc9a2bc1
AU,745,2,AU745.2,U745.2,0,12,0,0,0,1,0,0,0,48b30dd39ab9
AU,745,3,AU745.3,U745.3,0,9,0,0,0,0,0,0,0,d86ac18b27b4
AU,745,4,AU745.4,U745.4,0,47,0,0,0,0,0,0,0,f7d72ac696ad
AU,745,5,AU745.5,U745.5,0,9,0,0,0,0,0,0,0,d29fb3f2fe05
AU,745,6,AU745.6,U745.6,0,8,0,0,0,0,0,0,0,591e67e076cc
AU,745,7,AU745.7,U745.7,0,9,0,0,0,0,0,0,0,57bf3531cc3e
AU,746,0,AU746.0,U746.0,1,7,0,0,0,0,0,0,0,a30709dd6c88
AU,746,1,AU746.1,U746.1,0,8,0,0,0,0,0,0,0,58f98d050061
AU,746,2,AU746.2,U746.2,0,6,0,0,0,0,0,0,0,ef8825428b4e
AU,746,3,AU746.3,U746.3,0,5,0,0,0,0,0,0,0,7580330bdd25
AU,746,4,AU746.4,U746.4,0,22,0,0,0,0,0,0,0,b6b13af770ef
AU,746,5,AU746.5,U746.5,0,9,0,0,0,0,0,0,0,7101a5e23c7c
AU,746,6,AU746.6,U746.6,0,9,0,0,0,0,0,0,0,0bbc3e333d12
AU,746,7,AU746.7,U746.7,0,4,0,0,0,0,0,0,0,030936540864
AU,746,8,AU746.8,U746.8,0,12,0,0,0,0,0,0,0,fd936e68f91d
AU,746,9,AU746.9,U746.9,0,20,0,0,0,0,0,0,0,d1e80849d9bb
AU,746,10,AU746.10,U746.10,0,10,0,0,0,0,0,0,0,c935375b5158
AU,746,11,AU746.11,U746.11,0,10,0,0,0,0,0,0,0,3dd69b50fc97
AU,747,0,AU747.0,U747.0,1,14,0,0,0,0,0,0,0,85ce8112f947
AU,747,1,AU747.1,U747.1,0,7,0,0,0,0,1,0,0,ef793a044b70
AU,747,2,AU747.2,U747.2,0,8,0,0,0,0,0,0,0,b4cd332f1749
AU,747,3,AU747.3,U747.3,0,8,0,0,0,0,0,0,0,bfe1ab18170a
AU,747,4,AU747.4,U747.4,0,18,0,0,0,0,1,0,0,5cbc82b3cb26
AU,747,5,AU747.5,U747.5,0,61,0,0,0,0,0,0,0,551097afcd5c
AU,747,6,AU747.6,U747.6,0,8,0,0,0,0,0,0,0,2b59962423cf
AU,747,7,AU747.7,U747.7,0,6,0,0,0,0,0,0,0,ad9e33edb69e
AU,747,8,AU747.8,U747.8,0,17,0,0,0,0,1,0,0,78c05f1a60a7
AU,747,9,AU747.9,U747.9,0,10,0,0,0,0,0,0,0,738a517b36e2
AU,747,10,AU747.10,U747.10,0,7,0,0,0,0,0,0,0,a694e4553b2b
AU,747,11,AU747.11,U747.11,0,7,0,0,0,0,0,0,0,491ff8eb617e
AU,747,12,AU747.12,U747.12,0,18,0,0,0,0,0,0,0,b267c34add64
AU,747,13,AU747.13,U747.13,0,6,0,0,0,0,0,0,0,1b9834f574d3
AU,747,14,AU747.14,U747.14,0,11,0,0,0,0,0,0,0,98ef3e6007e4
AU,748,0,AU748.0,U748.0,1,7,0,0,0,0,0,0,0,38404406aa33
AU,748,1,AU748.1,U748.1,0,8,0,0,0,0,0,0,0,1fdd9f73f0f7
AU,748,2,AU748.2,U748.2,0,6,0,0,0,0,0,0,0,9ad2a2080b97
AU,748,3,AU748.3,U748.3,0,25,0,0,0,0,0,0,0,fcbf4f54ff3a
AU,748,4,AU748.4,U748.4,0,9,0,0,0,0,0,0,0,bc91c7d6280d
AU,748,5,AU748.5,U748.5,0,18,0,0,0,1,0,0,0,e28ac7a562da
AU,748,6,AU748.6,U748.6,0,9,0,0,0,0,0,0,0,e547fbb3171f
AU,748,7,AU748.7,U748.7,0,14,0,0,0,0,0,0,0,b5e1d2801ccb
AU,748,8,AU748.8,U748.8,0,10,0,0,0,0,0,0,0,a82b7a9d8ab8
AU,748,9,AU748.9,U748.9,0,11,0,0,0,0,0,0,0,bc8458949843
AU,749,0,AU749.0,U749.0,1,7,0,0,0,0,0,0,0,00a7e92f290d
AU,749,1,AU749.1,U749.1,0,14,0,1,0,0,0,0,0,bfe3e1a10fb1
AU,749,2,AU749.2,U749.2,0,9,0,0,0,0,0,0,0,6fd95cb3ce88
AU,749,3,AU749.3,U749.3,0,6,0,0,0,0,0,0,0,d934b83502e9
AU,749,4,AU749.4,U749.4,0,10,0,0,0,0,0,0,0,782c1dc42ef5
AU,749,5,AU749.5,U749.5,0,37,0,0,0,0,0,0,0,bdb341a0d43e
AU,749,6,AU749.6,U749.6,0,24,0,0,0,1,0,0,0,39f4c7c57fdf
AU,749,7,AU749.7,U749.7,0,6,1,0,0,0,0,0,1,a1571bf50542
AU,749,8,AU749.8,U749.8,0,7,0,0,0,0,0,0,0,6ca7faae63aa
AU,749,9,AU749.9,U749.9,0,13,0,0,0,1,0,0,0,62d34d03c74b
AU,750,0,AU750.0,U750.0,1,7,0,0,0,0,0,0,0,47fc3f53142f
AU,750,1,AU750.1,U750.1,0,10,0,0,0,0,0,0,0,ef016e11bf04
AU,750,2,AU750.2,U750.2,0,6,0,0,0,0,0,0,0,4dae1a801e9f
AU,750,3,AU750.3,U750.3,0,7,0,0,0,1,0,0,0,8b394d1a876d
AU,750,4,AU750.4,U750.4,0,20,1,0,1,0,0,1,0,7675bc185709
AU,750,5,AU750.5,U750.5,0,9,0,0,0,0,0,0,0,4865694549d5
AU,750,6,AU750.6,U750.6,0,3,0,0,0,0,0,0,0,3d77ad53dd86
AU,750,7,AU750.7,U750.7,0,7,0,0,0,1,0,0,0,3cab4b32fa20
AU,750,8,AU750.8,U750.8,0,11,0,0,0,0,0,0,0,6c7c1cbe0e06
AU,750,9,AU750.9,U750.9,0,11,0,0,0,0,0,0,0,0a8d521e3815
AU,750,10,AU750.10,U750.10,0,17,0,0,0,0,0,0,0,cdc67ce71fd1
AU,750,11,AU750.11,U750.11,0,6,0,0,0,0,0,0,0,2aade869d167
AU,750,12,AU750.12,U750.12,0,9,0,0,0,0,0,0,0,2ace82b30991
AU,750,13,AU750.13,U750.13,0,6,0,0,0,0,0,0,0,82c5103993ac
AU,750,14,AU750.14,U750.14,0,7,0,0,0,0,0,0,0,4d3ba537fbb0
AU,751,0,AU751.0,U751.0,1,7,0,0,0,0,0,0,0,4ff023ea0d7f
AU,751,1,AU751.1,U751.1,0,10,0,0,0,0,0,0,0,e80b49230317
AU,751,2,AU751.2,U751.2,0,12,0,0,0,1,0,0,0,953b1060bad4
AU,751,3,AU751.3,U751.3,0,12,0,0,0,1,0,0,0,32f9f14c477c
AU,751,4,AU751.4,U751.4,0,6,0,0,0,0,0,0,0,68057bb52e48
AU,751,5,AU751.5,U751.5,0,6,0,0,0,0,0,0,0,9b2b6510510c
AU,751,6,AU751.6,U751.6,0,20,0,0,1,0,0,0,0,9657190fe6e1
AU,751,7,AU751.7,U751.7,0,11,0,0,0,0,0,0,0,e6977ab0f7db
AU,751,8,AU751.8,U751.8,0,7,0,0,0,1,0,0,0,7d4fe04a291c
AU,751,9,AU751.9,U751.9,0,7,0,0,0,0,0,0,0,1c8710e2dd96
AU,752,0,AU752.0,U752.0,1,7,0,0,0,0,0,0,0,475976aa4185
AU,752,1,AU752.1,U752.1,0,8,1,0,0,0,0,0,1,6be586293169
AU,752,2,AU752.2,U752.2,0,19,1,0,0,1,0,1,0,329affe3c8b9
AU,752,3,AU752.3,U752.3,0,22,0,0,0,0,0,0,0,753daea28e05
AU,752,4,AU752.4,U752.4,0,11,0,0,0,0,0,0,0,d5d2e3f9ae9c
AU,752,5,AU752.5,U752.5,0,11,0,0,0,0,0,0,0,ad87dcd56270
AU,752,6,AU752.6,U752.6,0,6,0,0,0,0,0,0,0,053289610bbb
AU,752,7,AU752.7,U752.7,0,10,0,0,0,0,0,0,0,134a241351f8
AU,752,8,AU752.8,U752.8,0,8,1,0,0,0,0,0,1,d0bda06b9efe
AU,752,9,AU752.9,U752.9,0,13,0,0,0,0,0,0,0,0e8c20e036ba
AU,752,10,AU752.10,U752.10,0,9,0,0,0,0,0,0,0,c5cc08fd2657
AU,752,11,AU752.11,U752.11,0,9,0,0,0,0,0,0,0,0e06537342d2
AU,752,12,AU752.12,U752.12,0,10,0,0,0,0,0,0,0,5a4471542dc8
AU,752,13,AU752.13,U752.13,0,10,0,0,0,0,0,0,0,868abab475ca
AU,752,14,AU752.14,U752.14,0,11,0,0,0,0,0,0,0,8e5f0ad4607b
AU,752,15,AU752.15,U752.15,0,10,0,0,0,0,0,0,0,5b2439913b96
AU,753,0,AU753.0,U753.0,1,6,0,0,0,0,0,0,0,29da0a851a81
AU,753,1,AU753.1,U753.1,0,3,0,0,0,0,0,0,0,9e415b8347cc
AU,753,2,AU753.2,U753.2,0,10,0,0,0,0,0,0,0,65d5518c9d62
AU,753,3,AU753.3,U753.3,0,8,0,0,0,1,0,0,0,e7d06118270d
AU,753,4,AU753.4,U753.4,0,10,0,0,0,1,0,0,0,17c94d8f82c9
AU,753,5,AU753.5,U753.5,0,8,0,0,0,0,0,0,0,087bf8fc3275
AU,753,6,AU753.6,U753.6,0,6,0,0,0,0,0,0,0,735b345b3a88
AU,753,7,AU753.7,U753.7,0,10,0,0,0,0,0,0,0,cdc5429927bd
AU,753,8,AU753.8,U753.8,0,3,0,0,0,0,0,0,0,5ab8a3c832a1
AU,753,9,AU753.9,U753.9,0,8,0,0,0,0,0,0,0,bea3a2c7ad0b
AU,753,10,AU753.10,U753.10,0,9,0,0,0,0,0,0,0,9ab5dc1b586e
AU,753,11,AU753.11,U753.11,0,6,0,0,0,0,0,0,0,16e352ff238f
AU,753,12,AU753.12,U753.12,0,7,0,0,0,0,0,0,0,1bb520681e28
AU,753,13,AU753.13,U753.13,0,49,0,0,0,0,0,0,0,549981021283
AU,754,0,AU754.0,U754.0,1,7,0,0,0,0,0,0,0,cec73541428d
AU,754,1,AU754.1,U754.1,0,10,0,0,0,0,0,0,0,0c93ed44b37f
AU,754,2,AU754.2,U754.2,0,9,0,0,0,0,0,0,0,8668a7f88f90
AU,754,3,AU754.3,U754.3,0,7,1,0,0,0,0,0,1,e16b1ed0c0f7
AU,754,4,AU754.4,U754.4,0,6,0,0,0,1,0,0,0,7d8db064ebef
AU,754,5,AU754.5,U754.5,0,8,0,0,0,0,0,0,0,8a2db0c8c072
AU,754,6,AU754.6,U754.6,0,8,0,0,0,0,0,0,0,6bddcfcf354b
AU,754,7,AU754.7,U754.7,0,17,0,0,0,0,0,0,0,cf9d90aea3a0
AU,754,8,AU754.8,U754.8,0,6,0,0,0,0,0,0,0,8e7b795ec387
AU,754,9,AU754.9,U754.9,0,7,0,0,0,0,0,0,0,94ad34eeed57
AU,755,0,AU755.0,U755.0,1,7,0,0,0,0,0,0,0,ef59ed7f9cb3
AU,755,1,AU755.1,U755.1,0,10,0,0,0,0,0,0,0,55337d41d132
AU,755,2,AU755.2,U755.2,0,17,0,0,0,1,0,0,0,9accd3a1e00a
AU,755,3,AU755.3,U755.3,0,5,0,0,0,0,0,0,0,cda199d7334a
AU,755,4,AU755.4,U755.4,0,16,0,0,0,0,0,0,0,7521faad096f
AU,755,5,AU755.5,U755.5,0,45,0,0,0,0,0,0,0,8f478a8a977c
AU,756,0,AU756.0,U756.0,1,7,0,0,0,0,0,0,0,584643dc5457
AU,756,1,AU756.1,U756.1,0,13,0,0,0,0,0,0,0,51c9fe25abb0
AU,756,2,AU756.2,U756.2,0,25,0,0,0,0,0,0,0,74af8537e22b
AU,756,3,AU756.3,U756.3,0,15,0,0,0,0,1,0,0,5ab6b4abfb8b
AU,756,4,AU756.4,U756.4,0,24,0,0,0,0,0,0,0,d06a6588c286
AU,756,5,AU756.5,U756.5,0,12,0,0,0,0,0,0,0,678cb2d41345
AU,757,0,AU757.0,U757.0,1,7,0,0,0,0,0,0,0,41fcc59857c4
AU,757,1,AU757.1,U757.1,0,10,0,0,0,0,0,0,0,f480f2fc0a92
AU,757,2,AU757.2,U757.2,0,8,0,0,1,0,0,0,0,da1251de8839
AU,757,3,AU757.3,U757.3,0,10,0,0,0,0,0,0,0,4dff8d9d96a4
AU,757,4,AU757.4,U757.4,0,7,0,0,0,0,0,0,0,287db98b4d06
AU,757,5,AU757.5,U757.5,0,16,0,0,0,0,0,0,0,406ea66630b7
AU,757,6,AU757.6,U757.6,0,8,0,0,0,0,0,0,0,ab8666dbe50e
AU,757,7,AU757.7,U757.7,0,18,0,0,0,0,0,0,0,a319ba90686b
AU,757,8,AU757.8,U757.8,0,13,0,0,0,0,0,0,0,dc96626cb2e9
AU,757,9,AU757.9,U757.9,0,8,0,0,0,0,0,0,0,82cab4f58846
AU,758,0,AU758.0,U758.0,1,7,0,0,0,0,0,0,0,dc8db9ee55f8
AU,758,1,AU758.1,U758.1,0,50,0,0,0,1,0,0,0,2deb2a8f4e4d
AU,758,2,AU758.2,U758.2,0,11,0,0,0,1,0,0,0,7fbe80b2eac9
AU,758,3,AU758.3,U758.3,0,10,0,0,0,1,0,0,0,b78075d0273f
AU,758,4,AU758.4,U758.4,0,35,0,0,0,0,0,0,0,1fcda2d520ff
AU,759,0,AU759.0,U759.0,1,7,0,0,0,0,0,0,0,dc8db9ee55f8
AU,759,1,AU759.1,U759.1,0,41,0,0,0,0,1,0,0,df0c8277536d
AU,759,2,AU759.2,U759.2,0,132,0,0,0,1,0,0,0,6accaf09243a
AU,759,3,AU759.3,U759.3,0,10,0,0,0,0,0,0,0,5d5ae08e336c
AU,759,4,AU759.4,U759.4,0,6,0,0,0,0,0,0,0,92f6a3e8aab5
AU,759,5,AU759.5,U759.5,0,3,0,0,0,0,0,0,0,d702c5ad159b
AU,759,6,AU759.6,U759.6,0,9,0,0,0,0,0,0,0,b54dde55dea4
AU,759,7,AU759.7,U759.7,0,8,0,0,0,0,0,0,0,9ab4bd915f42
AU,760,0,AU760.0,U760.0,1,7,0,0,0,0,0,0,0,b53482038e79
AU,760,1,AU760.1,U760.1,0,12,0,0,0,0,0,0,0,d1d66545d0f0
AU,760,2,AU760.2,U760.2,0,16,0,0,0,0,0,0,0,cd3fe261f54b
AU,760,3,AU760.3,U760.3,0,5,0,0,0,0,0,0,0,80a643b964db
AU,760,4,AU760.4,U760.4,0,10,0,0,0,0,0,0,0,f6d51b557e4c
AU,760,5,AU760.5,U760.5,0,9,0,0,0,0,1,0,0,90962d4473ea
AU,760,6,AU760.6,U760.6,0,5,0,0,0,0,0,0,0,a25f7f893bc5
AU,760,7,AU760.7,U760.7,0,23,0,0,0,0,0,0,0,a9ae9f5901b2
AU,760,8,AU760.8,U760.8,0,13,0,0,0,0,0,0,0,cac3995ac5ef
AU,760,9,AU760.9,U760.9,0,5,0,0,0,0,0,0,0,b79f07903810
AU,761,0,AU761.0,U761.0,1,7,0,0,0,0,0,0,0,077623565c44
AU,761,1,AU761.1,U761.1,0,9,0,0,0,0,0,0,0,c70682b65f4b
AU,761,2,AU761.2,U761.2,0,19,0,0,0,0,0,0,0,e662a1e9908b
AU,761,3,AU761.3,U761.3,0,19,0,0,0,0,0,0,0,a5ff90599b68
AU,761,4,AU761.4,U761.4,0,10,1,0,0,0,0,1,0,f06280f3c17a
AU,762,0,AU762.0,U762.0,1,7,0,0,0,0,0,0,0,3f293b701ce1
AU,762,1,AU762.1,U762.1,0,7,0,0,0,0,0,0,0,745e031ce608
AU,762,2,AU762.2,U762.2,0,14,0,0,0,1,0,0,0,ab4fdc674fd1
AU,762,3,AU762.3,U762.3,0,8,0,0,0,1,0,0,0,e7e61bacb943
AU,762,4,AU762.4,U762.4,0,5,0,0,0,0,0,0,0,21db757fb58c
AU,762,5,AU762.5,U762.5,0,17,0,0,0,0,0,0,0,dda4322f1c7a
AU,762,6,AU762.6,U762.6,0,12,0,0,0,1,0,0,0,d3ecaebaafac
AU,762,7,AU762.7,U762.7,0,5,0,0,0,0,0,0,0,2e91c3533b49
AU,762,8,AU762.8,U762.8,0,8,0,0,0,0,0,0,0,715284b6e027
AU,763,0,AU763.0,U763.0,1,7,0,0,0,0,0,0,0,eaf611f04a09
AU,763,1,AU763.1,U763.1,0,42,0,0,0,1,0,0,0,f6aaa2e123e3
AU,763,2,AU763.2,U763.2,0,21,0,0,0,1,0,0,0,aaa7c38d7b2d
AU,763,3,AU763.3,U763.3,0,6,0,0,0,0,0,0,0,a20573ca15f8
AU,763,4,AU763.4,U763.4,0,7,0,0,0,0,0,0,0,f2c9f982701d
AU,763,5,AU763.5,U763.5,0,9,0,0,0,0,0,0,0,7a082d063e15
AU,763,6,AU763.6,U763.6,0,9,0,0,0,0,0,0,0,81d42a6d2372
AU,763,7,AU763.7,U763.7,0,5,0,0,0,0,0,0,0,29d5c8c18f21
AU,763,8,AU763.8,U763.8,0,10,0,0,0,0,0,0,0,2b75d4ccb251
AU,763,9,AU763.9,U763.9,0,14,0,0,0,0,1,0,0,1b476d52addf
AU,763,10,AU763.10,U763.10,0,5,0,0,0,0,0,0,0,dec8233fb707
AU,763,11,AU763.11,U763.11,0,5,0,0,0,0,0,0,0,041a80493f82
AU,764,0,AU764.0,U764.0,1,7,0,0,0,0,0,0,0,f6e0b92ffe66
AU,764,1,AU764.1,U764.1,0,8,0,0,0,0,0,0,0,52be9456fa9e
AU,764,2,AU764.2,U764.2,0,8,0,0,0,1,0,0,0,df2f9c787155
AU,764,3,AU764.3,U764.3,0,10,0,0,0,0,0,0,0,addf0fefefc2
AU,764,4,AU764.4,U764.4,0,5,0,0,0,0,0,0,0,69dee4681cad
AU,764,5,AU764.5,U764.5,0,6,0,0,0,0,0,0,0,e8bbd894ba37
AU,764,6,AU764.6,U764.6,0,50,0,0,0,1,0,0,0,3df5d2cf131a
AU,764,7,AU764.7,U764.7,0,4,0,0,0,0,0,0,0,c0d3366b5c96
AU,764,8,AU764.8,U764.8,0,8,0,0,0,0,0,0,0,239b31237ce7
AU,764,9,AU764.9,U764.9,0,7,0,0,0,0,0,0,0,c7157bb60aeb
AU,764,10,AU764.10,U764.10,0,5,0,0,0,0,0,0,0,91fda0b7f54b
AU,764,11,AU764.11,U764.11,0,7,0,0,0,0,0,0,0,205b02de1e80
AU,764,12,AU764.12,U764.12,0,12,0,0,0,0,0,0,0,13cd9c5e7806
AU,764,13,AU764.13,U764.13,0,9,0,0,0,0,0,0,0,66d16873d9f6
AU,764,14,AU764.14,U764.14,0,6,0,0,0,0,0,0,0,aa8360639c1e
AU,764,15,AU764.15,U764.15,0,95,0,0,0,0,0,0,0,fa36fc1c61e2
AU,765,0,AU765.0,U765.0,1,7,0,0,0,0,0,0,0,ead31f2c9057
AU,765,1,AU765.1,U765.1,0,12,0,0,0,0,0,0,0,ecb6dc9a2bc1
AU,765,2,AU765.2,U765.2,0,12,0,0,0,1,0,0,0,845dcdc38b39
AU,765,3,AU765.3,U765.3,0,6,0,0,0,0,0,0,0,4bae862af063
AU,765,4,AU765.4,U765.4,0,11,0,0,0,0,0,0,0,536e50ecc1e5
AU,765,5,AU765.5,U765.5,0,31,0,0,0,0,0,0,0,b897a21ad635
AU,765,6,AU765.6,U765.6,0,5,0,0,0,0,0,0,0,d9c1cf12dc0c
AU,765,7,AU765.7,U765.7,0,6,0,0,0,1,0,0,0,435926040d5b
AU,765,8,AU765.8,U765.8,0,6,0,0,0,0,0,0,0,675cdabe64f7
AU,765,9,AU765.9,U765.9,0,4,0,0,0,0,0,0,0,68e6e687a9b6
AU,766,0,AU766.0,U766.0,1,7,0,0,0,0,0,0,0,8e4e23c07c29
AU,766,1,AU766.1,U766.1,0,9,0,0,0,0,0,0,0,2b9185b5a3d4
AU,766,2,AU766.2,U766.2,0,12,0,0,0,1,0,0,0,9c43cedbb748
AU,766,3,AU766.3,U766.3,0,33,0,0,0,0,0,0,0,09882e9e7ca5
AU,766,4,AU766.4,U766.4,0,19,0,0,0,1,0,0,0,b96f159a22c9
AU,766,5,AU766.5,U766.5,0,12,0,0,0,0,0,0,0,8c64251d42cc
AU,766,6,AU766.6,U766.6,0,7,1,0,0,0,0,0,1,4741f97a7a90
AU,767,0,AU767.0,U767.0,1,7,0,0,0,0,0,0,0,088d3a667bf6
AU,767,1,AU767.1,U767.1,0,6,0,0,0,0,0,0,0,03a6e8311ccc
AU,767,2,AU767.2,U767.2,0,11,0,0,0,0,0,0,0,188296b1d92f
AU,767,3,AU767.3,U767.3,0,5,0,0,0,0,0,0,0,15038313bb89
AU,767,4,AU767.4,U767.4,0,12,0,0,0,0,0,0,0,a89064ec88b2
AU,767,5,AU767.5,U767.5,0,5,1,0,0,0,0,0,1,afa95fa9455b
AU,767,6,AU767.6,U767.6,0,9,0,0,0,0,0,0,0,d0b83c6005d4
AU,767,7,AU767.7,U767.7,0,6,0,0,0,0,0,0,0,eacdbf50c1f3
AU,767,8,AU767.8,U767.8,0,12,0,0,0,0,0,0,0,299676ce6b05
AU,767,9,AU767.9,U767.9,0,10,0,0,0,0,0,0,0,7e9052fd1d63
AU,767,10,AU767.10,U767.10,0,5,0,0,0,0,0,0,0,ac29d93d736e
AU,768,0,AU768.0,U768.0,1,7,0,0,0,0,0,0,0,045cb20c971e
AU,768,1,AU768.1,U768.1,0,14,0,0,0,0,0,0,0,c44715ea80e2
AU,768,2,AU768.2,U768.2,0,5,0,0,0,0,0,0,0,8f7e89d094a1
AU,768,3,AU768.3,U768.3,0,16,0,0,0,1,0,0,0,a501c951e07a
AU,768,4,AU768.4,U768.4,0,11,0,0,0,1,0,0,0,bd949b498c52
AU,768,5,AU768.5,U768.5,0,21,0,0,0,1,0,0,0,bfed47b7af18
AU,768,6,AU768.6,U768.6,0,6,0,0,0,0,0,0,0,c660ff92e4df
AU,768,7,AU768.7,U768.7,0,8,0,0,0,0,0,0,0,c41612dad9e2
AU,769,0,AU769.0,U769.0,1,7,0,0,0,0,0,0,0,e53a90c40507
AU,769,1,AU769.1,U769.1,0,26,0,0,0,0,0,0,0,487d556f0c47
AU,769,2,AU769.2,U769.2,0,15,0,0,0,0,0,0,0,b7c0ca6b6182
AU,769,3,AU769.3,U769.3,0,9,0,1,0,0,0,0,0,5bab9ebb72bd
AU,769,4,AU769.4,U769.4,0,10,0,0,0,0,0,0,0,0fc3187c147b
AU,769,5,AU769.5,U769.5,0,9,0,0,0,0,0,0,0,9d16bff60a67
AU,769,6,AU769.6,U769.6,0,13,0,0,0,0,0,0,0,40771dffe1d5
AU,769,7,AU769.7,U769.7,0,13,0,0,0,0,0,0,0,b23a9ec0b5b9
AU,770,0,AU770.0,U770.0,1,7,0,0,0,0,0,0,0,f319fb45d33a
AU,770,1,AU770.1,U770.1,0,10,0,0,0,0,0,0,0,a5b3a7e45446
AU,770,2,AU770.2,U770.2,0,10,0,0,0,0,0,0,0,51b0fecc1b4e
AU,770,3,AU770.3,U770.3,0,7,0,0,0,0,0,0,0,dc8dfe9d036a
AU,770,4,AU770.4,U770.4,0,35,0,0,0,0,1,0,0,d9c38585d996
AU,770,5,AU770.5,U770.5,0,15,0,0,0,0,0,0,0,6874432fbf34
AU,770,6,AU770.6,U770.6,0,10,0,0,0,1,0,0,0,95e286d89b97
AU,770,7,AU770.7,U770.7,0,23,0,0,0,0,0,0,0,ef64f141e266
AU,770,8,AU770.8,U770.8,0,54,0,0,0,0,1,0,0,739f0ff45c0c
AU,770,9,AU770.9,U770.9,0,37,0,0,0,1,0,0,0,9bc239bf6dfd
AU,770,10,AU770.10,U770.10,0,34,0,0,0,0,1,0,0,2e386ace04db
AU,770,11,AU770.11,U770.11,0,8,0,0,0,0,0,0,0,742b79ecb701
AU,770,12,AU770.12,U770.12,0,8,0,0,0,0,0,0,0,f62659d22684
AU,770,13,AU770.13,U770.13,0,10,0,0,0,0,0,0,0,32fdb76346e1
AU,770,14,AU770.14,U770.14,0,8,0,0,0,0,0,0,0,a6d5a556711f
AU,770,15,AU770.15,U770.15,0,7,0,0,0,0,0,0,0,b619f934b0fc
AU,771,0,AU771.0,U771.0,1,7,0,0,0,0,0,0,0,f56d14e4188d
AU,771,1,AU771.1,U771.1,0,11,0,0,0,0,0,0,0,61c527b22059
AU,771,2,AU771.2,U771.2,0,4,0,0,0,0,0,0,0,16d38368ad91
AU,771,3,AU771.3,U771.3,0,8,0,0,0,0,0,0,0,7a4777bea01e
AU,771,4,AU771.4,U771.4,0,8,0,0,0,1,0,0,0,7b06a4199a89
AU,771,5,AU771.5,U771.5,0,11,0,0,0,1,0,0,0,c796f2944e84
AU,771,6,AU771.6,U771.6,0,10,0,0,0,0,0,0,0,b89865066e5e
AU,771,7,AU771.7,U771.7,0,18,0,0,0,0,0,0,0,50c4f7dd86f4
AU,771,8,AU771.8,U771.8,0,9,0,0,0,0,0,0,0,47d6367276f5
AU,771,9,AU771.9,U771.9,0,11,0,0,0,0,0,0,0,2ca9bd1b3d00
AU,771,10,AU771.10,U771.10,0,7,0,0,0,0,0,0,0,3b832b55c3fb
AU,772,0,AU772.0,U772.0,1,7,0,0,0,0,0,0,0,b1d9d38948ec
AU,772,1,AU772.1,U772.1,0,6,0,0,0,1,0,0,0,92f91f37c8b6
AU,772,2,AU772.2,U772.2,0,8,0,0,0,0,0,0,0,b8a08e3d0527
AU,772,3,AU772.3,U772.3,0,7,0,0,0,0,0,0,0,411d79864d11
AU,772,4,AU772.4,U772.4,0,29,0,0,0,0,0,0,0,7fd9b3a3d911
AU,772,5,AU772.5,U772.5,0,6,1,0,0,0,0,0,1,401983cf691e
AU,772,6,AU772.6,U772.6,0,19,0,0,0,0,0,0,0,77c09fc455dd
AU,772,7,AU772.7,U772.7,0,8,0,0,0,0,0,0,0,f00bfbee9e15
AU,772,8,AU772.8,U772.8,0,14,0,0,0,0,0,0,0,d4d13f944ca9
AU,772,9,AU772.9,U772.9,0,16,0,0,0,0,0,0,0,bb82e5c9f1ce
AU,772,10,AU772.10,U772.10,0,6,0,0,0,0,0,0,0,f719d7de25c6
AU,773,0,AU773.0,U773.0,1,7,0,0,0,0,0,0,0,1c6b0e2f2de3
AU,773,1,AU773.1,U773.1,0,15,0,0,0,0,0,0,0,d636d323c8b0
AU,773,2,AU773.2,U773.2,0,8,0,0,0,0,0,0,0,e317357abfc3
AU,773,3,AU773.3,U773.3,0,6,0,0,0,0,0,0,0,71203d7feea6
AU,773,4,AU773.4,U773.4,0,18,0,0,0,0,0,0,0,300fde180163
AU,773,5,AU773.5,U773.5,0,19,0,0,0,0,0,0,0,2cde99b5c500
AU,773,6,AU773.6,U773.6,0,6,0,0,0,1,0,0,0,87ef79fb9e43
AU,773,7,AU773.7,U773.7,0,12,0,0,0,0,0,0,0,dd38e0b907a8
AU,773,8,AU773.8,U773.8,0,8,0,1,0,0,0,0,0,a52b5ac896ff
AU,774,0,AU774.0,U774.0,1,7,0,0,0,0,0,0,0,47958455e59f
AU,774,1,AU774.1,U774.1,0,21,0,0,0,0,0,0,0,3a8f256705ed
AU,774,2,AU774.2,U774.2,0,23,0,0,0,0,0,0,0,16f950549c44
AU,774,3,AU774.3,U774.3,0,5,0,0,0,0,0,0,0,c968d0d705ac
AU,774,4,AU774.4,U774.4,0,18,0,0,0,0,0,0,0,65d6d87f6f9e
AU,774,5,AU774.5,U774.5,0,17,0,0,0,0,0,0,0,baa138ed7e4b
AU,774,6,AU774.6,U774.6,0,9,0,1,0,0,0,0,0,d1e49adf26b3
AU,774,7,AU774.7,U774.7,0,6,0,0,0,0,0,0,0,051dc43a2326
AU,774,8,AU774.8,U774.8,0,17,0,0,0,0,0,0,0,95cc0be7d0d2
AU,775,0,AU775.0,U775.0,1,7,0,0,0,0,0,0,0,e6dbad59ce05
AU,775,1,AU775.1,U775.1,0,31,1,0,0,1,0,1,0,cd8cfd51a907
AU,775,2,AU775.2,U775.2,0,5,0,0,0,1,0,0,0,54c713433352
AU,775,3,AU775.3,U775.3,0,5,0,0,0,1,0,0,0,78d6d71b5f41
AU,775,4,AU775.4,U775.4,0,6,0,0,0,0,0,0,0,035f0dc5bdb1
AU,775,5,AU775.5,U775.5,0,26,0,0,0,0,0,0,0,147ed6a7fda4
AU,775,6,AU775.6,U775.6,0,13,0,0,0,1,0,0,0,4497da8c5a98
AU,775,7,AU775.7,U775.7,0,9,0,0,0,0,0,0,0,8fcfebfa33a1
AU,775,8,AU775.8,U775.8,0,20,0,0,0,0,0,0,0,5790b64a394a
AU,775,9,AU775.9,U775.9,0,16,0,0,0,0,0,0,0,29f52184c20c
AU,775,10,AU775.10,U775.10,0,5,0,0,0,0,0,0,0,43dff47aa729
AU,776,0,AU776.0,U776.0,1,7,0,0,0,0,0,0,0,20ee0e658374
AU,776,1,AU776.1,U776.1,0,7,0,0,0,0,0,0,0,270942414cad
AU,776,2,AU776.2,U776.2,0,6,0,0,0,1,0,0,0,af054d5ec891
AU,776,3,AU776.3,U776.3,0,7,0,0,0,0,0,0,0,ff80e4007d91
AU,776,4,AU776.4,U776.4,0,8,0,0,0,1,0,0,0,d728e6ff61c2
AU,776,5,AU776.5,U776.5,0,22,0,0,0,1,0,0,0,da02105e1d0d
AU,776,6,AU776.6,U776.6,0,8,1,0,0,0,0,1,0,e4fc15836ddb
AU,776,7,AU776.7,U776.7,0,57,0,0,0,0,0,0,0,1d4b4d9f2593
AU,776,8,AU776.8,U776.8,0,8,0,0,0,0,1,0,0,7a2021535389
AU,776,9,AU776.9,U776.9,0,23,0,0,0,0,0,0,0,a1249a03747d
AU,776,10,AU776.10,U776.10,0,15,0,0,0,0,0,0,0,15eba8bd1d0d
AU,776,11,AU776.11,U776.11,0,40,0,0,0,1,1,0,0,ad5eb51f56b2
AU,776,12,AU776.12,U776.12,0,4,0,0,0,0,0,0,0,97e22916b8cd
AU,777,0,AU777.0,U777.0,1,7,0,0,0,0,0,0,0,fd156d50a16a
AU,777,1,AU777.1,U777.1,0,12,0,0,0,0,0,0,0,025e9c0a6181
AU,777,2,AU777.2,U777.2,0,27,0,0,0,0,0,0,0,93434e899738
AU,777,3,AU777.3,U777.3,0,9,0,0,0,1,1,0,0,bb8c8ce15022
AU,777,4,AU777.4,U777.4,0,10,0,0,0,0,0,0,0,246206a45182
AU,777,5,AU777.5,U777.5,0,9,0,0,0,0,0,0,0,9c7a7fbaa555
AU,777,6,AU777.6,U777.6,0,14,0,0,0,0,0,0,0,129464edb14c
AU,777,7,AU777.7,U777.7,0,9,0,0,0,0,0,0,0,243c43f2b6fe
AU,777,8,AU777.8,U777.8,0,5,0,0,0,0,0,0,0,9075c4d8ca7b
AU,777,9,AU777.9,U777.9,0,14,0,0,0,0,0,0,0,af71288a9d0c
AU,778,0,AU778.0,U778.0,1,7,0,0,0,0,0,0,0,2e951bad1eef
AU,778,1,AU778.1,U778.1,0,77,0,0,0,0,0,0,0,f476e284efe3
AU,778,2,AU778.2,U778.2,0,15,0,0,0,1,0,0,0,3e8b504f7fd3
AU,778,3,AU778.3,U778.3,0,8,0,0,0,0,0,0,0,1920c2b761d8
AU,778,4,AU778.4,U778.4,0,10,0,0,0,0,0,0,0,fcbc19c0f81d
AU,778,5,AU778.5,U778.5,0,13,0,0,0,0,0,0,0,601c6b797756
AU,778,6,AU778.6,U778.6,0,11,0,0,0,0,0,0,0,7678ce1b1166
AU,778,7,AU778.7,U778.7,0,44,1,0,0,1,0,1,1,94d46cb7a6f9
AU,778,8,AU778.8,U778.8,0,7,0,0,0,0,0,0,0,68455aebba92
AU,778,9,AU778.9,U778.9,0,13,0,0,0,0,0,0,0,4b6081f3a931
AU,778,10,AU778.10,U778.10,0,13,0,0,0,0,0,0,0,c21e753f0784
AU,778,11,AU778.11,U778.11,0,5,0,0,0,0,0,0,0,72b16e52f191
AU,779,0,AU779.0,U779.0,1,7,0,0,0,0,0,0,0,21e8141fad4a
AU,779,1,AU779.1,U779.1,0,7,0,0,0,1,0,0,0,920a07db1018
AU,779,2,AU779.2,U779.2,0,39,0,0,0,0,0,0,0,2381ecf28ef5
AU,779,3,AU779.3,U779.3,0,16,0,0,0,0,0,0,0,396e0d1ba6c0
AU,779,4,AU779.4,U779.4,0,14,0,0,0,1,0,0,0,2a41ccd75d99
AU,779,5,AU779.5,U779.5,0,6,0,0,0,0,0,0,0,31d750e58173
AU,779,6,AU779.6,U779.6,0,5,0,0,0,0,0,0,0,7258f8fccf4e
AU,779,7,AU779.7,U779.7,0,4,0,0,0,0,0,0,0,704ae0fa26d7
AU,779,8,AU779.8,U779.8,0,8,0,0,0,0,0,0,0,2ba32456e195
AU,779,9,AU779.9,U779.9,0,10,0,0,0,0,0,0,0,c34519a1f6c2
AU,779,10,AU779.10,U779.10,0,21,0,0,0,0,0,0,0,625eafa1b237
AU,779,11,AU779.11,U779.11,0,21,0,0,0,0,0,0,0,9755864bd12d
AU,779,12,AU779.12,U779.12,0,10,0,0,0,0,0,0,0,a5543b9db7ac
AU,780,0,AU780.0,U780.0,1,7,0,0,0,0,0,0,0,e8a8380fb6c8
AU,780,1,AU780.1,U780.1,0,11,1,0,0,0,0,1,0,e899c385675d
AU,780,2,AU780.2,U780.2,0,10,0,0,0,0,0,0,0,b8d2921a1cc4
AU,780,3,AU780.3,U780.3,0,8,0,0,0,0,0,0,0,96c75ac4dc73
AU,780,4,AU780.4,U780.4,0,18,0,0,0,0,0,0,0,405718c6f24c
AU,780,5,AU780.5,U780.5,0,6,0,0,1,0,0,0,0,e61dae350793
AU,780,6,AU780.6,U780.6,0,7,0,0,0,0,0,0,0,795f8f830d67
AU,780,7,AU780.7,U780.7,0,57,0,0,0,0,1,0,0,724ae81cacbb
AU,780,8,AU780.8,U780.8,0,5,0,0,0,0,0,0,0,a32f26c3b401
AU,780,9,AU780.9,U780.9,0,5,0,0,0,0,0,0,0,28ec5a3aa635
AU,780,10,AU780.10,U780.10,0,9,0,0,0,0,0,0,0,c37e545a58d9
AU,780,11,AU780.11,U780.11,0,13,0,0,0,0,0,0,0,d7e219e9c110
AU,780,12,AU780.12,U780.12,0,26,0,0,0,1,1,0,0,2b2a3f4407f0
AU,780,13,AU780.13,U780.13,0,9,0,0,0,0,0,0,0,d2201a30e235
AU,780,14,AU780.14,U780.14,0,10,0,0,0,0,0,0,0,c64409a0ea2a
AU,781,0,AU781.0,U781.0,1,7,0,0,0,0,0,0,0,28cd4111ee58
AU,781,1,AU781.1,U781.1,0,5,0,0,0,0,0,0,0,8da5699cf79a
AU,781,2,AU781.2,U781.2,0,16,0,0,0,1,0,0,0,5382fa51760f
AU,781,3,AU781.3,U781.3,0,106,1,0,0,0,1,1,0,c8e421fbe49e
AU,781,4,AU781.4,U781.4,0,91,0,0,0,1,1,0,0,005860a1d70d
AU,781,2,AU781.2,U781.2,0,14,0,0,0,1,1,0,0,21a4c4b3ce65
AU,782,0,AU782.0,U782.0,1,7,0,0,0,0,0,0,0,4bb067e3996a
AU,782,1,AU782.1,U782.1,0,84,1,0,0,0,0,1,1,a7c222cafddc
AU,782,2,AU782.2,U782.2,0,24,1,0,0,0,0,0,1,51ab44ee7dc2
AU,782,3,AU782.3,U782.3,0,62,0,0,0,1,0,0,0,a90a02e3255c
AU,783,0,AU783.0,U783.0,1,7,0,0,0,0,0,0,0,b6f78b4de2cd
AU,783,1,AU783.1,U783.1,0,19,0,0,0,0,0,0,0,8fe36346c2b3
AU,783,2,AU783.2,U783.2,0,71,0,0,0,1,0,0,0,95f263a9e539
AU,783,3,AU783.3,U783.3,0,10,0,0,1,1,0,0,0,0a756f632056
AU,783,4,AU783.4,U783.4,0,26,0,0,0,0,0,0,0,af2a5a66d701
AU,783,5,AU783.5,U783.5,0,18,0,0,0,0,0,0,0,a925881c6dff
AU,783,6,AU783.6,U783.6,0,16,0,0,0,0,0,0,0,96ce7a26a872
AU,783,7,AU783.7,U783.7,0,17,0,0,0,0,0,0,0,882154b408d0
AU,783,8,AU783.8,U783.8,0,5,0,0,0,0,0,0,0,d4b79e81b586
AU,783,9,AU783.9,U783.9,0,15,0,0,0,0,0,0,0,a928c935ddfb
AU,784,0,AU784.0,U784.0,1,7,0,0,0,0,0,0,0,8a578ba612fc
AU,784,1,AU784.1,U784.1,0,7,0,0,0,1,0,0,0,c24ae63664e4
AU,784,2,AU784.2,U784.2,0,74,0,0,0,1,0,0,0,c2121d9ffe8f
AU,784,3,AU784.3,U784.3,0,5,0,0,0,0,0,0,0,1f27bca488d3
AU,784,4,AU784.4,U784.4,0,13,0,0,0,0,0,0,0,388a92eeba34
AU,784,5,AU784.5,U784.5,0,14,0,0,0,0,0,0,0,40b1f506626d
AU,784,6,AU784.6,U784.6,0,13,0,0,0,0,0,0,0,9fa4a7f1185a
AU,784,7,AU784.7,U784.7,0,17,0,0,0,0,0,0,0,c1de516ca37a
AU,784,8,AU784.8,U784.8,0,43,0,0,0,1,0,0,0,f2f25da94047
AU,784,9,AU784.9,U784.9,0,13,0,0,0,1,0,0,0,364ed27f3546
AU,785,0,AU785.0,U785.0,1,7,0,0,0,0,0,0,0,68a746a0d1c0
AU,785,1,AU785.1,U785.1,0,75,0,0,0,0,1,0,0,511987c91773
AU,785,2,AU785.2,U785.2,0,9,0,0,0,0,0,0,0,55b7bd142e19
AU,785,3,AU785.3,U785.3,0,10,0,0,0,0,0,0,0,cc7cde27beb5
AU,785,4,AU785.4,U785.4,0,11,0,0,0,0,0,0,0,620b5183830e
AU,785,5,AU785.5,U785.5,0,6,0,0,0,0,0,0,0,24881326c967
AU,786,0,AU786.0,U786.0,1,7,0,0,0,0,0,0,0,7e7485a60eec
AU,786,1,AU786.1,U786.1,0,49,0,0,0,1,0,0,0,29134146742d
AU,786,2,AU786.2,U786.2,0,9,0,0,0,0,0,0,0,22b565cbc584
AU,786,3,AU786.3,U786.3,0,22,0,0,0,1,0,0,0,593f6194069c
AU,786,4,AU786.4,U786.4,0,13,0,0,0,0,0,0,0,7f58cd56b6b0
AU,786,5,AU786.5,U786.5,0,12,0,0,0,0,0,0,0,5ea977233e87
AU,786,6,AU786.6,U786.6,0,43,0,0,0,0,0,0,0,db783741beb8
AU,786,7,AU786.7,U786.7,0,23,0,0,0,0,0,0,0,abb94d63f78f
AU,786,8,AU786.8,U786.8,0,10,0,0,0,0,0,0,0,e726d045c5c6
AU,786,9,AU786.9,U786.9,0,5,0,0,0,0,0,0,0,74cf3ca59e4a
AU,787,0,AU787.0,U787.0,1,7,0,0,0,0,0,0,0,277684cc183a
AU,787,1,AU787.1,U787.1,0,58,0,0,0,1,0,0,0,5d61d07340f7
AU,787,2,AU787.2,U787.2,0,9,0,0,0,0,0,0,0,f924f0ae46b6
AU,787,3,AU787.3,U787.3,0,28,0,0,0,0,0,0,0,a46688567448
AU,787,4,AU787.4,U787.4,0,26,0,0,0,0,0,0,0,46d33768e2eb
AU,787,5,AU787.5,U787.5,0,15,0,0,0,1,1,0,0,ae8b85b6dbbe
AU,787,6,AU787.6,U787.6,0,26,0,0,0,0,0,0,0,659b0f845d8c
AU,787,7,AU787.7,U787.7,0,9,0,0,0,0,0,0,0,6e9bc7087d4f
AU,788,0,AU788.0,U788.0,1,7,0,0,0,0,0,0,0,9349c3a051e6
AU,788,1,AU788.1,U788.1,0,12,0,0,0,0,0,0,0,c914a4601042
AU,788,2,AU788.2,U788.2,0,6,0,0,0,0,0,0,0,c6a766fbcbb9
AU,788,3,AU788.3,U788.3,0,9,0,0,0,0,0,0,0,8b21d3610a0c
AU,788,4,AU788.4,U788.4,0,14,0,0,0,0,0,0,0,5aa93ac1f86c
AU,788,5,AU788.5,U788.5,0,6,0,0,0,0,0,0,0,bf945a61e2d1
AU,788,6,AU788.6,U788.6,0,8,0,0,0,0,0,0,0,f171eabb120e
AU,788,7,AU788.7,U788.7,0,11,0,0,0,0,0,0,0,ca2716897716
AU,788,8,AU788.8,U788.8,0,9,0,0,0,0,0,0,0,7431a1158801
AU,788,9,AU788.9,U788.9,0,6,0,0,0,0,0,0,0,bd027fd56245
AU,788,10,AU788.10,U788.10,0,5,0,0,0,0,0,0,0,c904a298ec58
AU,789,0,AU789.0,U789.0,1,7,0,0,0,0,0,0,0,e6188d21155a
AU,789,1,AU789.1,U789.1,0,8,0,0,0,1,0,0,0,4283c28dc84b
AU,789,2,AU789.2,U789.2,0,9,0,0,0,0,0,0,0,584e2773de9b
AU,789,3,AU789.3,U789.3,0,18,0,0,0,1,0,0,0,595a6ce5839b
AU,789,4,AU789.4,U789.4,0,11,0,0,0,0,0,0,0,7805538425ca
AU,789,5,AU789.5,U789.5,0,8,0,0,0,0,0,0,0,65e0e2abec7f
AU,789,6,AU789.6,U789.6,0,11,0,0,0,1,0,0,0,3b99ff669713
AU,789,7,AU789.7,U789.7,0,14,0,0,0,0,0,0,0,2017b6f27147
AU,789,8,AU789.8,U789.8,0,17,0,0,0,1,0,0,0,52d0d0c756d1
AU,789,9,AU789.9,U789.9,0,16,0,0,0,0,0,0,0,dcbb658ff209
AU,789,10,AU789.10,U789.10,0,23,0,0,0,0,0,0,0,9719df68fd22
AU,789,11,AU789.11,U789.11,0,19,1,0,0,0,0,1,0,070e1a1ab28d
AU,789,12,AU789.12,U789.12,0,27,0,0,0,0,0,0,0,67bbfd8a9ae1
AU,789,13,AU789.13,U789.13,0,6,0,0,0,0,0,0,0,93053e8d8048
AU,789,14,AU789.14,U789.14,0,6,0,0,0,0,0,0,0,eb3f82c09c7c
AU,789,15,AU789.15,U789.15,0,13,0,0,0,0,1,0,0,0a4068d9c4a3
AU,789,16,AU789.16,U789.16,0,31,0,0,0,0,0,0,0,276bef640bf4
AU,789,17,AU789.17,U789.17,0,21,0,0,0,0,0,0,0,36d1792c4533
AU,790,0,AU790.0,U790.0,1,7,0,0,0,0,0,0,0,32d6577a7b32
AU,790,1,AU790.1,U790.1,0,7,1,0,0,0,0,1,0,7dda5204bb29
AU,790,2,AU790.2,U790.2,0,45,0,0,0,0,0,0,0,a6e61fadc271
AU,790,3,AU790.3,U790.3,0,30,0,0,0,0,0,0,0,d192d0ffc04c
AU,790,4,AU790.4,U790.4,0,6,0,0,0,0,0,0,0,f2464b1cf2b3
AU,790,5,AU790.5,U790.5,0,14,0,0,0,0,0,0,0,7e7936cd456c
AU,790,6,AU790.6,U790.6,0,10,0,0,0,0,0,0,0,600e36aab76a
AU,790,7,AU790.7,U790.7,0,12,0,0,0,0,0,0,0,158f043108ab
AU,791,0,AU791.0,U791.0,1,6,0,0,0,0,0,0,0,94a2360b8158
AU,791,1,AU791.1,U791.1,0,57,1,0,0,1,0,0,1,9e22d7647973
AU,791,2,AU791.2,U791.2,0,5,0,0,0,0,0,0,0,eed2959a7be1
AU,791,3,AU791.3,U791.3,0,6,0,0,0,0,0,0,0,e83e0dd53694
AU,791,4,AU791.4,U791.4,0,22,0,0,0,0,0,0,0,1fbc8f26b899
AU,791,5,AU791.5,U791.5,0,37,0,0,0,1,0,0,0,7b1b8722b816
AU,791,6,AU791.6,U791.6,0,7,0,0,0,0,0,0,0,30485b0f1f50
AU,792,0,AU792.0,U792.0,1,7,0,0,0,0,0,0,0,f704e7c3ae78
AU,792,1,AU792.1,U792.1,0,25,0,0,0,0,0,0,0,c60b07d30138
AU,792,2,AU792.2,U792.2,0,28,0,0,0,0,0,0,0,89b1cf080ffa
AU,792,3,AU792.3,U792.3,0,40,0,0,0,0,0,0,0,862dd6346208
AU,792,4,AU792.4,U792.4,0,36,1,0,0,0,0,1,0,9fd001d01aec
AU,793,0,AU793.0,U793.0,1,7,0,0,0,0,0,0,0,54306b742d3c
AU,793,1,AU793.1,U793.1,0,47,0,0,0,1,1,0,0,fa0b49d81c5e
AU,793,2,AU793.2,U793.2,0,13,0,0,0,0,0,0,0,6a1e57b05fac
AU,793,3,AU793.3,U793.3,0,16,0,0,0,0,1,0,0,2bc5ab83abc6
AU,793,4,AU793.4,U793.4,0,33,0,0,0,1,0,0,0,75f72aace299
AU,793,5,AU793.5,U793.5,0,9,0,0,0,0,0,0,0,796a20a42a1b
AU,794,0,AU794.0,U794.0,1,7,0,0,0,0,0,0,0,175b0da3e235
AU,794,1,AU794.1,U794.1,0,25,0,0,0,1,0,0,0,48bcbc9ab0a3
AU,794,2,AU794.2,U794.2,0,15,0,0,0,1,0,0,0,5a1da2818965
AU,794,3,AU794.3,U794.3,0,16,0,0,0,0,0,0,0,d8f9d0689c8e
AU,794,4,AU794.4,U794.4,0,7,0,0,0,0,0,0,0,bf8511400e30
AU,794,5,AU794.5,U794.5,0,9,0,0,0,0,0,0,0,592993679c96
AU,794,6,AU794.6,U794.6,0,11,0,0,0,0,1,0,0,cf1a2c7820af
AU,794,7,AU794.7,U794.7,0,9,0,0,1,0,0,0,0,e0cc562f5350
AU,794,8,AU794.8,U794.8,0,10,0,0,0,0,0,0,0,69129d0be4c4
AU,795,0,AU795.0,U795.0,1,7,0,0,0,0,0,0,0,6291124a6500
AU,795,1,AU795.1,U795.1,0,44,0,0,0,1,0,0,0,f5980d416194
AU,795,2,AU795.2,U795.2,0,16,0,0,0,0,0,0,0,1ba24228fe45
AU,795,3,AU795.3,U795.3,0,14,1,1,0,0,0,1,0,f4e81af6cc56
AU,795,4,AU795.4,U795.4,0,10,0,0,0,1,0,0,0,9e684b2e8034
AU,795,5,AU795.5,U795.5,0,21,0,0,0,0,0,0,0,f36cb34bbf72
AU,796,0,AU796.0,U796.0,1,7,0,0,0,0,0,0,0,40e176b5370a
AU,796,1,AU796.1,U796.1,0,23,0,0,0,0,1,0,0,a973addbbcc9
AU,796,2,AU796.2,U796.2,0,8,0,0,1,0,0,0,0,7ab6fd766ff6
AU,796,3,AU796.3,U796.3,0,11,0,0,0,1,0,0,0,15c30d22e84f
AU,796,4,AU796.4,U796.4,0,25,0,0,0,1,0,0,0,124424b9e6bb
AU,796,5,AU796.5,U796.5,0,15,0,0,0,0,1,0,0,c69677a8e222
AU,796,6,AU796.6,U796.6,0,11,0,0,0,0,0,0,0,d573418dd63d
AU,796,7,AU796.7,U796.7,0,10,0,0,0,1,0,0,0,f38be2d00ea1
AU,797,0,AU797.0,U797.0,1,7,0,0,0,0,0,0,0,bbd36bdf969d
AU,797,1,AU797.1,U797.1,0,44,0,0,0,1,0,0,0,74890284906a
AU,797,2,AU797.2,U797.2,0,53,0,0,0,1,0,0,0,4cae008ce2e4
AU,797,3,AU797.3,U797.3,0,65,0,0,0,0,0,0,0,8ceff6243d4d
AU,797,4,AU797.4,U797.4,0,14,0,0,0,1,0,0,0,194e5feb5f75
AU,797,5,AU797.5,U797.5,0,15,0,0,0,1,0,0,0,806ef3cbe73a
AU,798,0,AU798.0,U798.0,1,7,0,0,0,0,0,0,0,2112b38ee5ce
AU,798,1,AU798.1,U798.1,0,9,0,0,0,1,0,0,0,4b24a7fba047
AU,798,2,AU798.2,U798.2,0,33,0,1,0,0,0,0,0,2b91aea9c890
AU,798,3,AU798.3,U798.3,0,20,0,0,0,1,1,0,0,1150d7248511
AU,799,0,AU799.0,U799.0,1,7,0,0,0,0,0,0,0,7a2ff1b64845
AU,799,1,AU799.1,U799.1,0,28,0,0,0,0,0,0,0,538d6af47be7
AU,799,2,AU799.2,U799.2,0,42,0,0,0,0,0,0,0,acb1a4d8267b
AU,799,3,AU799.3,U799.3,0,20,0,0,0,0,0,0,0,3a0d50282d94
AU,799,4,AU799.4,U799.4,0,10,0,0,0,0,0,0,0,88a2a1698aab
AU,799,5,AU799.5,U799.5,0,10,0,0,0,0,0,0,0,2cfc9c06aa94
AU,799,6,AU799.6,U799.6,0,8,0,1,0,0,0,0,0,7a00e05ebdaf
AU,799,7,AU799.7,U799.7,0,34,0,0,0,1,0,0,0,fb68136ec2eb
AU,799,8,AU799.8,U799.8,0,12,0,0,0,0,0,0,0,90b43dd91466
AU,799,9,AU799.9,U799.9,0,10,0,0,0,0,0,0,0,9735f7c11e07
AU,799,10,AU799.10,U799.10,0,11,0,0,0,0,0,0,0,9a3c0d680260
AU,799,11,AU799.11,U799.11,0,9,0,0,0,0,0,0,0,55897d70f836
AU,800,0,AU800.0,U800.0,1,6,0,0,0,0,0,0,0,0fe09dfd8eca
AU,800,1,AU800.1,U800.1,0,20,0,0,0,0,0,0,0,5ab0366ba245
AU,800,2,AU800.2,U800.2,0,17,0,0,0,0,0,0,0,181ecbbce538
AU,800,3,AU800.3,U800.3,0,9,0,0,0,1,0,0,0,3e6135ef7ecd
AU,800,4,AU800.4,U800.4,0,25,0,0,0,1,0,0,0,cf373ba8803c
AU,800,5,AU800.5,U800.5,0,39,0,0,0,0,0,0,0,6541b015c546
AU,800,6,AU800.6,U800.6,0,14,0,0,0,0,0,0,0,e4f96c3d66a1
AU,800,7,AU800.7,U800.7,0,26,0,0,0,0,0,0,0,2137ebcaf6fe
AU,801,0,AU801.0,U801.0,1,7,0,0,0,0,0,0,0,d00cb28dc51d
AU,801,1,AU801.1,U801.1,0,16,0,0,0,0,0,0,0,bdf2406ca22f
AU,801,2,AU801.2,U801.2,0,9,0,0,0,0,0,0,0,76122203980b
AU,801,3,AU801.3,U801.3,0,37,0,0,0,0,0,0,0,5883c3f96098
AU,801,4,AU801.4,U801.4,0,15,1,0,0,0,0,0,1,d3ee78c9d00a
AU,801,5,AU801.5,U801.5,0,6,0,0,0,0,0,0,0,16531692fa4c
AU,801,6,AU801.6,U801.6,0,8,0,0,0,0,0,0,0,96b2d10c6926
AU,801,7,AU801.7,U801.7,0,13,0,0,0,0,0,0,0,adc1673b4930
AU,801,8,AU801.8,U801.8,0,11,0,0,0,0,0,0,0,2fb598f78fa7
AU,801,9,AU801.9,U801.9,0,3,0,0,0,0,0,0,0,d702c5ad159b
AU,802,0,AU802.0,U802.0,1,7,0,0,0,0,0,0,0,6f9e5cb1b0bd
AU,802,1,AU802.1,U802.1,0,8,0,0,0,1,0,0,0,37cbd5cb3014
AU,802,2,AU802.2,U802.2,0,19,0,0,0,1,0,0,0,9dcc1a84d280
AU,802,3,AU802.3,U802.3,0,15,0,0,0,0,0,0,0,f6085d555b76
AU,802,4,AU802.4,U802.4,0,8,0,0,0,0,0,0,0,b1f7ffc74250
AU,802,5,AU802.5,U802.5,0,35,1,0,0,1,0,1,0,ba2054ec2700
AU,802,6,AU802.6,U802.6,0,9,0,0,0,0,0,0,0,dd063b58f6db
AU,802,7,AU802.7,U802.7,0,11,0,0,0,1,0,0,0,40b55e0aa8c4
AU,802,8,AU802.8,U802.8,0,9,0,0,0,0,0,0,0,49ab758a8602
AU,802,9,AU802.9,U802.9,0,8,1,0,0,0,0,0,1,c5ed2ce79d11
AU,803,0,AU803.0,U803.0,1,7,0,0,0,0,0,0,0,0afe4919c0ae
AU,803,1,AU803.1,U803.1,0,14,0,0,0,0,0,0,0,78f8a9843bc2
AU,803,2,AU803.2,U803.2,0,9,0,0,0,0,0,0,0,eb666ce066ca
AU,803,3,AU803.3,U803.3,0,13,0,0,0,0,0,0,0,7c2bca506ee1
AU,803,4,AU803.4,U803.4,0,14,0,0,0,0,0,0,0,ca522833dee5
AU,803,5,AU803.5,U803.5,0,18,0,0,0,0,0,0,0,9b1446ef0b42
AU,803,6,AU803.6,U803.6,0,23,0,0,0,0,0,0,0,53b40b6ecd61
AU,803,7,AU803.7,U803.7,0,15,0,0,0,0,0,0,0,61b363268333
AU,804,0,AU804.0,U804.0,1,7,0,0,0,0,0,0,0,9d0d420c95e3
AU,804,1,AU804.1,U804.1,0,10,0,0,0,0,0,0,0,8eb6bf67cca9
AU,804,2,AU804.2,U804.2,0,9,0,0,0,0,0,0,0,f03071e18731
AU,804,3,AU804.3,U804.3,0,6,0,0,0,0,0,0,0,4dde9c43eb14
AU,804,4,AU804.4,U804.4,0,8,0,0,0,1,0,0,0,f7123853137a
AU,804,5,AU804.5,U804.5,0,12,0,0,0,0,1,0,0,407461646c64
AU,804,6,AU804.6,U804.6,0,17,0,0,0,1,0,0,0,6308474af262
AU,804,7,AU804.7,U804.7,0,20,0,0,0,1,0,0,0,0fbdf1b91844
AU,804,8,AU804.8,U804.8,0,29,0,0,0,0,0,0,0,6f1fd2616840
AU,804,9,AU804.9,U804.9,0,33,0,0,0,0,0,0,0,06b035427d73
AU,804,10,AU804.10,U804.10,0,15,0,0,0,0,1,0,0,e87631daf505
AU,804,11,AU804.11,U804.11,0,55,0,0,0,0,1,0,0,f7d4520d990f
AU,804,12,AU804.12,U804.12,0,12,0,0,0,0,0,0,0,1e8985b7c8c1
AU,805,0,AU805.0,U805.0,1,6,0,0,0,0,0,0,0,1b9ecedd474b
AU,805,1,AU805.1,U805.1,0,13,0,0,0,0,0,0,0,433074245625
AU,805,2,AU805.2,U805.2,0,7,0,0,0,0,0,0,0,6acd41996946
AU,805,3,AU805.3,U805.3,0,16,0,0,0,1,0,0,0,f299ae7f77c8
AU,805,4,AU805.4,U805.4,0,6,0,0,0,1,0,0,0,8198e274e4ee
AU,805,5,AU805.5,U805.5,0,15,0,0,0,1,0,0,0,80a5d05ba0f3
AU,805,6,AU805.6,U805.6,0,9,0,0,0,0,0,0,0,524acede3f44
AU,805,7,AU805.7,U805.7,0,24,0,0,0,0,1,0,0,210374e28d64
AU,805,8,AU805.8,U805.8,0,18,0,0,0,0,1,0,0,6b228feb50dd
AU,805,9,AU805.9,U805.9,0,8,0,0,0,0,0,0,0,63d301fd0db5
AU,805,10,AU805.10,U805.10,0,8,0,0,0,0,0,0,0,59273505acf7
AU,806,0,AU806.0,U806.0,1,7,0,0,0,0,0,0,0,fae82e4b001b
AU,806,1,AU806.1,U806.1,0,12,0,0,0,0,0,0,0,b91d1621d0ec
AU,806,2,AU806.2,U806.2,0,12,0,0,0,1,0,0,0,db949d967947
AU,806,3,AU806.3,U806.3,0,14,0,0,0,0,0,0,0,882cf2f3c101
AU,806,4,AU806.4,U806.4,0,9,0,0,0,0,0,0,0,da26828675b9
AU,806,5,AU806.5,U806.5,0,8,0,0,0,0,0,0,0,bc77cdcbc168
AU,806,6,AU806.6,U806.6,0,5,0,0,0,0,0,0,0,94b35288211b
AU,806,7,AU806.7,U806.7,0,5,0,0,0,0,0,0,0,8c00f473ceb8
AU,806,8,AU806.8,U806.8,0,14,1,0,0,0,0,0,1,e2b641c6b4df
AU,806,9,AU806.9,U806.9,0,7,0,0,0,0,0,0,0,a438c10455de
AU,806,10,AU806.10,U806.10,0,13,0,0,0,0,0,0,0,e44092e3be47
AU,806,11,AU806.11,U806.11,0,5,0,0,0,0,0,0,0,6db7458f1b2a
AU,807,0,AU807.0,U807.0,1,7,0,0,0,0,0,0,0,2aeee9ab436f
AU,807,1,AU807.1,U807.1,0,12,0,0,0,1,0,0,0,df7d1ecfc06b
AU,807,2,AU807.2,U807.2,0,13,0,0,0,0,0,0,0,feb55817994c
AU,807,3,AU807.3,U807.3,0,15,1,0,0,0,0,1,0,587ac5a2d2d4
AU,807,4,AU807.4,U807.4,0,10,0,0,0,0,0,0,0,f982f2d36444
AU,807,5,AU807.5,U807.5,0,9,0,0,0,0,0,0,0,f1424ddaa9ab
AU,807,6,AU807.6,U807.6,0,9,0,0,0,0,0,0,0,b67a13835d7a
AU,807,7,AU807.7,U807.7,0,10,0,0,0,0,0,0,0,f1550e6508a1
AU,807,8,AU807.8,U807.8,0,9,0,0,0,0,0,0,0,61c5e1762204
AU,807,9,AU807.9,U807.9,0,35,0,0,0,0,0,0,0,8025fcd2251c
AU,808,0,AU808.0,U808.0,1,7,0,0,0,0,0,0,0,93b1452735c1
AU,808,1,AU808.1,U808.1,0,14,0,0,0,1,0,0,0,5358f19ac4d9
AU,808,2,AU808.2,U808.2,0,9,0,0,0,0,0,0,0,53cf35984997
AU,808,3,AU808.3,U808.3,0,7,0,0,0,0,0,0,0,db220eafd095
AU,808,4,AU808.4,U808.4,0,58,0,0,0,1,0,0,0,547572fd5569
AU,808,5,AU808.5,U808.5,0,13,0,1,0,0,0,0,0,132d0d95b8b0
AU,808,6,AU808.6,U808.6,0,13,0,0,0,1,1,0,0,df33ef0da8bc
AU,809,0,AU809.0,U809.0,1,7,0,0,0,0,0,0,0,7938b1b4d49e
AU,809,1,AU809.1,U809.1,0,14,0,0,0,1,0,0,0,37e015e250d5
AU,809,2,AU809.2,U809.2,0,19,0,0,0,0,0,0,0,14d63f0b7bb0
AU,809,3,AU809.3,U809.3,0,20,0,0,0,0,0,0,0,e42cf67d03b3
AU,809,4,AU809.4,U809.4,0,11,0,0,0,0,0,0,0,ad4615113009
AU,809,5,AU809.5,U809.5,0,12,0,0,0,0,0,0,0,adb6ea925a53
AU,809,6,AU809.6,U809.6,0,6,0,0,0,0,0,0,0,78fb838b5a16
AU,809,7,AU809.7,U809.7,0,70,0,0,0,0,0,0,0,93d4398e274e
AU,809,8,AU809.8,U809.8,0,13,0,0,0,0,0,0,0,09ff89fc6267
AU,809,9,AU809.9,U809.9,0,15,0,0,0,0,0,0,0,399ec4c8ec6c
AU,810,0,AU810.0,U810.0,1,7,0,0,0,0,0,0,0,4e15072905fb
AU,810,1,AU810.1,U810.1,0,74,0,0,0,1,0,0,0,50a473ce0f55
AU,810,2,AU810.2,U810.2,0,8,0,0,0,0,0,0,0,673bbf2b07cd
AU,810,3,AU810.3,U810.3,0,49,0,0,0,0,0,0,0,68da3e45143b
AU,811,0,AU811.0,U811.0,1,7,0,0,0,0,0,0,0,880ae873ce8e
AU,811,1,AU811.1,U811.1,0,14,0,0,0,1,0,0,0,24ceff07599e
AU,811,2,AU811.2,U811.2,0,59,0,0,0,1,0,0,0,c47ed855bfa2
AU,811,3,AU811.3,U811.3,0,12,0,0,0,0,1,0,0,e31b58674000
AU,811,4,AU811.4,U811.4,0,10,0,0,0,0,0,0,0,8a1a1afa46c8
AU,811,5,AU811.5,U811.5,0,8,0,0,0,0,0,0,0,5ae133ec1713
AU,811,6,AU811.6,U811.6,0,8,0,0,0,0,0,0,0,1f4675ed1acf
AU,811,7,AU811.7,U811.7,0,9,0,0,0,0,0,0,0,b76e754ae3f3
AU,812,0,AU812.0,U812.0,1,7,0,0,0,0,0,0,0,5c850f87526e
AU,812,1,AU812.1,U812.1,0,14,0,0,0,0,0,0,0,bef4182ebd99
AU,812,2,AU812.2,U812.2,0,10,0,0,0,0,0,0,0,1e0d702d2c83
AU,812,3,AU812.3,U812.3,0,18,0,0,0,1,0,0,0,4c1ce33179e4
AU,812,4,AU812.4,U812.4,0,13,0,0,0,1,0,0,0,c390a26633ff
AU,812,5,AU812.5,U812.5,0,8,0,0,0,0,0,0,0,15951d4fbb35
AU,812,6,AU812.6,U812.6,0,19,0,0,0,0,0,0,0,3992de703ce2
AU,812,7,AU812.7,U812.7,0,7,0,0,0,0,1,0,0,8397a03b1eb9
AU,812,8,AU812.8,U812.8,0,18,0,0,0,0,0,0,0,2b18eccaad82
AU,812,9,AU812.9,U812.9,0,11,0,0,0,0,0,0,0,88dd5be80537
AU,812,10,AU812.10,U812.10,0,13,0,0,0,1,1,0,0,dc42065b17ae
AU,812,11,AU812.11,U812.11,0,18,0,0,0,0,1,0,0,3d45e42dc450
AU,812,12,AU812.12,U812.12,0,12,0,0,0,0,0,0,0,3c74a2af9f10
AU,812,13,AU812.13,U812.13,0,5,0,0,0,0,0,0,0,d238e5773ce8
AU,813,0,AU813.0,U813.0,1,7,0,0,0,0,0,0,0,63272794d5a5
AU,813,1,AU813.1,U813.1,0,8,0,0,0,0,0,0,0,f26ed6071ba3
AU,813,2,AU813.2,U813.2,0,16,0,0,0,0,0,0,0,5b4fae1c1145
AU,813,3,AU813.3,U813.3,0,9,0,0,0,0,0,0,0,5f49e95c8d6f
AU,813,4,AU813.4,U813.4,0,19,0,0,0,0,0,0,0,aae925ba3ee7
AU,813,5,AU813.5,U813.5,0,10,0,0,0,0,0,0,0,40f5a9959263
AU,813,6,AU813.6,U813.6,0,9,0,0,0,0,0,0,0,ed998b901d1c
AU,813,7,AU813.7,U813.7,0,17,0,0,0,0,0,0,0,86d3585324fe
AU,813,8,AU813.8,U813.8,0,7,0,0,0,0,0,0,0,bb7fa7c2e935
AU,814,0,AU814.0,U814.0,1,7,0,0,0,0,0,0,0,ad386a1e4bb4
AU,814,1,AU814.1,U814.1,0,20,0,0,0,1,0,0,0,2781f5ce710d
AU,814,2,AU814.2,U814.2,0,15,0,0,0,1,0,0,0,86050b7a2a5d
AU,814,3,AU814.3,U814.3,0,21,0,0,0,0,0,0,0,927195f33b0a
AU,814,4,AU814.4,U814.4,0,8,0,0,0,0,0,0,0,6d7665b43326
AU,814,5,AU814.5,U814.5,0,16,0,0,0,0,0,0,0,8f8d04ab357f
AU,814,6,AU814.6,U814.6,0,19,0,0,0,0,0,0,0,74075a723f49
AU,814,7,AU814.7,U814.7,0,23,0,0,0,1,0,0,0,fccdb09572d9
AU,814,8,AU814.8,U814.8,0,19,0,0,0,0,1,0,0,6437873de8fe
AU,814,9,AU814.9,U814.9,0,29,1,0,0,0,0,0,1,4b8fdefa3272
AU,814,10,AU814.10,U814.10,0,9,0,0,0,0,1,0,0,6ed62b0bc42f
AU,814,11,AU814.11,U814.11,0,8,0,0,0,0,0,0,0,e6ae414aea28
AU,814,12,AU814.12,U814.12,0,5,0,0,0,0,0,0,0,1e20563db6f7
AU,814,13,AU814.13,U814.13,0,10,0,0,0,0,0,0,0,327cd7e00524
AU,814,14,AU814.14,U814.14,0,20,0,0,0,0,0,0,0,5b9b1dcd9bc0
AU,815,0,AU815.0,U815.0,1,7,0,0,0,0,0,0,0,23481fa7da69
AU,815,1,AU815.1,U815.1,0,27,0,0,0,0,0,0,0,4b12e18401b7
AU,815,2,AU815.2,U815.2,0,8,0,0,0,0,0,0,0,d8dd8ffc08d7
AU,815,3,AU815.3,U815.3,0,7,0,0,0,0,0,0,0,3498cee4aa92
AU,815,4,AU815.4,U815.4,0,9,0,0,0,1,0,0,0,f7d79b09feaf
AU,815,5,AU815.5,U815.5,0,25,0,0,0,0,0,0,0,8fcae9cacac6
AU,815,6,AU815.6,U815.6,0,15,1,0,0,1,0,0,1,2cffe82c457c
AU,815,7,AU815.7,U815.7,0,18,0,0,0,0,0,0,0,77f0d70f9c17
AU,815,8,AU815.8,U815.8,0,12,0,0,0,1,0,0,0,ecce389d7c7d
AU,816,0,AU816.0,U816.0,1,7,0,0,0,0,0,0,0,24908f158188
AU,816,1,AU816.1,U816.1,0,41,0,0,1,0,1,0,0,43098d459567
AU,816,2,AU816.2,U816.2,0,11,0,0,0,0,0,0,0,9960bad8cbe0
AU,816,3,AU816.3,U816.3,0,7,0,0,0,0,0,0,0,840a6746cc0f
AU,816,4,AU816.4,U816.4,0,9,0,0,0,1,0,0,0,506c5985def3
AU,816,5,AU816.5,U816.5,0,11,0,0,0,1,0,0,0,1b269be90965
AU,816,6,AU816.6,U816.6,0,15,0,0,0,0,0,0,0,1a58f6870f3b
AU,816,7,AU816.7,U816.7,0,9,0,0,0,0,0,0,0,6fb81d0a1dd3
AU,816,8,AU816.8,U816.8,0,33,0,0,0,0,0,0,0,e805162dad01
AU,816,9,AU816.9,U816.9,0,10,0,0,0,0,0,0,0,87aa3127906f
AU,816,10,AU816.10,U816.10,0,6,0,0,0,0,0,0,0,bc5a9cb3e535
AU,817,0,AU817.0,U817.0,1,7,0,0,0,0,0,0,0,b0742156cbef
AU,817,1,AU817.1,U817.1,0,11,0,0,0,0,0,0,0,b91d53cc141a
AU,817,2,AU817.2,U817.2,0,10,0,0,0,0,0,0,0,2c98c4c86d6a
AU,817,3,AU817.3,U817.3,0,16,0,0,0,1,0,0,0,d014ec0724ad
AU,817,4,AU817.4,U817.4,0,18,0,0,0,1,0,0,0,098ae7b0f870
AU,817,5,AU817.5,U817.5,0,24,0,0,0,0,0,0,0,31b0bb737053
AU,817,6,AU817.6,U817.6,0,8,0,0,0,0,0,0,0,dafbc7314a3f
AU,817,7,AU817.7,U817.7,0,18,0,0,0,0,0,0,0,9b677c715c7b
AU,817,8,AU817.8,U817.8,0,9,0,0,0,1,0,0,0,900222806d95
AU,817,9,AU817.9,U817.9,0,6,0,0,0,0,0,0,0,c94db5798b74
AU,817,10,AU817.10,U817.10,0,8,0,0,0,0,0,0,0,913ccee0765a
AU,817,11,AU817.11,U817.11,0,6,0,0,0,0,0,0,0,bf6cc2c63a75
AU,817,12,AU817.12,U817.12,0,8,0,0,0,0,0,0,0,3b958c30c966
AU,817,13,AU817.13,U817.13,0,9,0,0,0,0,0,0,0,557521c56850
AU,818,0,AU818.0,U818.0,1,7,0,0,0,0,0,0,0,3fe53c69a9a2
AU,818,1,AU818.1,U818.1,0,11,0,0,0,0,1,0,0,800d97db93bd
AU,818,2,AU818.2,U818.2,0,73,0,0,0,0,0,0,0,0a330ad1cabc
AU,818,3,AU818.3,U818.3,0,17,0,0,0,0,0,0,0,77d274bd16c0
AU,818,4,AU818.4,U818.4,0,17,0,0,0,1,1,0,0,c80ef01c9e09
AU,818,5,AU818.5,U818.5,0,13,0,0,0,1,0,0,0,91cc4ed7b0b2
AU,818,6,AU818.6,U818.6,0,19,0,0,0,0,1,0,0,e8fa62637de1
AU,818,7,AU818.7,U818.7,0,22,0,0,0,0,1,0,0,8d00e3fe2e7b
AU,818,8,AU818.8,U818.8,0,24,0,0,0,0,1,0,0,a36027797461
AU,818,9,AU818.9,U818.9,0,54,0,0,0,0,0,0,0,1fedc7825827
AU,818,10,AU818.10,U818.10,0,8,0,0,0,0,0,0,0,928d7210725a
AU,818,11,AU818.11,U818.11,0,21,0,0,0,1,0,0,0,96a876c6bace
AU,819,0,AU819.0,U819.0,1,7,0,0,0,0,0,0,0,36052397ab76
AU,819,1,AU819.1,U819.1,0,21,0,0,0,0,1,0,0,1f619f0723e1
AU,819,2,AU819.2,U819.2,0,22,0,0,0,0,0,0,0,cfcd858490a8
AU,819,3,AU819.3,U819.3,0,29,0,0,0,0,0,0,0,565cf7ddcc09
AU,819,4,AU819.4,U819.4,0,20,0,0,0,0,0,0,0,a78a41387344
AU,819,5,AU819.5,U819.5,0,13,0,0,0,0,0,0,0,96569d561bb5
AU,819,6,AU819.6,U819.6,0,18,0,0,0,1,0,0,0,2e59d33767a6
AU,819,7,AU819.7,U819.7,0,9,0,0,0,0,0,0,0,1423d8a84908
AU,819,8,AU819.8,U819.8,0,31,0,0,0,1,0,0,0,fdae98ae65b5
AU,819,9,AU819.9,U819.9,0,4,0,0,0,0,0,0,0,b6620584088b
AU,820,0,AU820.0,U820.0,1,7,0,0,0,0,0,0,0,fadafa15ccd7
AU,820,1,AU820.1,U820.1,0,9,0,0,0,1,0,0,0,861027cb9fbf
AU,820,2,AU820.2,U820.2,0,34,0,0,0,0,1,0,0,b77943a24ef5
AU,820,3,AU820.3,U820.3,0,8,1,0,0,0,0,1,0,aeb4dab415e9
AU,820,4,AU820.4,U820.4,0,6,0,0,0,0,0,0,0,7a412ef8e492
AU,820,5,AU820.5,U820.5,0,9,0,0,0,0,1,0,0,41a3efda55d7
AU,821,0,AU821.0,U821.0,1,7,0,0,0,0,0,0,0,f3a16f0a4379
AU,821,1,AU821.1,U821.1,0,9,0,0,0,1,0,0,0,cea0920fed7d
AU,821,2,AU821.2,U821.2,0,6,0,0,1,0,0,0,0,a53a843944ee
AU,821,3,AU821.3,U821.3,0,17,0,0,0,0,0,0,0,b2555d858e2c
AU,821,4,AU821.4,U821.4,0,15,0,0,0,0,0,0,0,a8fb4d70de8a
AU,821,5,AU821.5,U821.5,0,22,0,0,0,0,0,0,0,3786d01aa612
AU,822,0,AU822.0,U822.0,1,7,0,0,0,0,0,0,0,98925bd3b613
AU,822,1,AU822.1,U822.1,0,12,0,0,0,0,0,0,0,bd81fee3f2e1
AU,822,2,AU822.2,U822.2,0,20,0,0,0,0,0,0,0,363ae14c3929
AU,822,3,AU822.3,U822.3,0,86,0,0,0,1,0,0,0,a015f8c761c6
AU,822,4,AU822.4,U822.4,0,8,0,0,0,0,0,0,0,0fab6c8b511f
AU,822,5,AU822.5,U822.5,0,12,0,0,0,0,0,0,0,8e85e0b9a71a
AU,822,6,AU822.6,U822.6,0,41,0,0,0,0,0,0,0,91aef1527bc0
AU,822,7,AU822.7,U822.7,0,22,0,0,0,0,0,0,0,9ca2ec529512
AU,822,8,AU822.8,U822.8,0,21,0,0,0,0,0,0,0,9cea60ee6873
AU,822,9,AU822.9,U822.9,0,12,0,0,0,0,0,0,0,fe1959e1427e
AU,822,10,AU822.10,U822.10,0,11,0,0,0,0,0,0,0,866a25f9af81
AU,823,0,AU823.0,U823.0,1,7,0,0,0,0,0,0,0,a028835f967c
AU,823,1,AU823.1,U823.1,0,9,0,0,0,0,0,0,0,bd29da89a2e6
AU,823,2,AU823.2,U823.2,0,13,0,0,0,0,0,0,0,5d567c2d891a
AU,823,3,AU823.3,U823.3,0,8,0,0,0,0,0,0,0,0e04e75c09b1
AU,823,4,AU823.4,U823.4,0,8,0,0,0,0,0,0,0,a09621ef7d3c
AU,823,5,AU823.5,U823.5,0,22,0,0,0,1,1,0,0,aa8cfca9d5aa
AU,823,6,AU823.6,U823.6,0,11,0,0,0,1,0,0,0,9d006c3596cf
AU,823,7,AU823.7,U823.7,0,16,0,0,0,0,0,0,0,74d4ca1fbe8b
AU,823,8,AU823.8,U823.8,0,5,0,0,0,0,0,0,0,79b40ec9ce3a
AU,823,9,AU823.9,U823.9,0,14,0,0,1,0,0,0,0,8eb7140a188d
AU,823,10,AU823.10,U823.10,0,13,0,0,0,1,0,0,0,cd1bb832d1d3
AU,824,0,AU824.0,U824.0,1,7,0,0,0,0,0,0,0,e2b16ccc91b7
AU,824,1,AU824.1,U824.1,0,9,0,0,0,0,0,0,0,342dfdea58ba
AU,824,2,AU824.2,U824.2,0,47,0,0,0,0,0,0,0,6512fb9bc771
AU,824,3,AU824.3,U824.3,0,23,0,0,0,0,0,0,0,a14c792108ac
AU,824,4,AU824.4,U824.4,0,8,0,0,0,0,0,0,0,9d3cd91f09b1
AU,824,5,AU824.5,U824.5,0,11,0,0,0,0,0,0,0,b0325804d8a7
AU,824,6,AU824.6,U824.6,0,22,0,0,0,0,0,0,0,0b5c25dffa5e
AU,824,7,AU824.7,U824.7,0,16,0,0,0,0,0,0,0,f6846788f8b9
AU,824,8,AU824.8,U824.8,0,10,0,0,0,0,0,0,0,5ebab1166639
AU,824,9,AU824.9,U824.9,0,17,0,0,0,0,0,0,0,4ea1b086b6a2
AU,825,0,AU825.0,U825.0,1,7,0,0,0,0,0,0,0,a87067db18dd
AU,825,1,AU825.1,U825.1,0,10,0,0,0,0,0,0,0,e0b95dcb471b
AU,825,2,AU825.2,U825.2,0,19,0,0,0,0,0,0,0,198d77449a7e
AU,825,3,AU825.3,U825.3,0,11,0,0,0,0,0,0,0,b000bc87e39c
AU,825,4,AU825.4,U825.4,0,16,0,0,0,0,0,0,0,d99ba34d884f
AU,825,5,AU825.5,U825.5,0,9,0,0,0,0,0,0,0,fe45112315f3
AU,825,6,AU825.6,U825.6,0,12,0,0,0,0,0,0,0,29f964d0b9be
AU,825,7,AU825.7,U825.7,0,24,0,0,0,0,0,0,0,0222b7cb9c63
AU,825,8,AU825.8,U825.8,0,10,0,0,0,0,0,0,0,3f79e880b603
AU,825,9,AU825.9,U825.9,0,7,0,0,0,0,0,0,0,b1a9a6048d74
AU,825,10,AU825.10,U825.10,0,10,0,0,0,0,0,0,0,5dacd1274d96
AU,825,11,AU825.11,U825.11,0,16,0,0,0,0,0,0,0,509fb24c4d96
AU,825,12,AU825.12,U825.12,0,8,0,0,0,0,0,0,0,8fe73c1eae3b
AU,825,13,AU825.13,U825.13,0,10,0,0,0,0,0,0,0,31b01c8b523c
AU,825,14,AU825.14,U825.14,0,17,0,0,0,1,0,0,0,674e851e82e4
AU,825,15,AU825.15,U825.15,0,8,0,0,0,0,0,0,0,65ea5b9b74c8
AU,825,16,AU825.16,U825.16,0,12,0,0,0,0,0,0,0,63ba26c3134d
AU,825,17,AU825.17,U825.17,0,18,1,0,0,0,0,0,1,ea86e5368135
AU,826,0,AU826.0,U826.0,1,7,0,0,0,0,0,0,0,9b122cfacad0
AU,826,1,AU826.1,U826.1,0,9,0,0,0,1,0,0,0,ef83162c3d49
AU,826,2,AU826.2,U826.2,0,9,0,0,0,1,0,0,0,f1aa008ee271
AU,826,3,AU826.3,U826.3,0,8,0,0,0,1,0,0,0,e5490294ceb5
AU,826,4,AU826.4,U826.4,0,10,0,0,0,0,0,0,0,5ccde0103fde
AU,826,5,AU826.5,U826.5,0,10,0,0,0,1,0,0,0,29a39d31f080
AU,826,6,AU826.6,U826.6,0,17,0,0,0,0,1,0,0,9b531957e0ba
AU,826,7,AU826.7,U826.7,0,13,0,0,0,0,0,0,0,5afd6ffc55f6
AU,826,8,AU826.8,U826.8,0,12,0,0,0,0,0,0,0,3c73e7e2edba
AU,826,9,AU826.9,U826.9,0,11,0,0,0,0,0,0,0,5b8c89632cfe
AU,826,10,AU826.10,U826.10,0,7,0,0,0,0,0,0,0,1f13221eac50
AU,826,11,AU826.11,U826.11,0,9,0,0,0,0,0,0,0,fcc233de0a94
AU,827,0,AU827.0,U827.0,1,7,0,0,0,0,0,0,0,c4a62b776fd8
AU,827,1,AU827.1,U827.1,0,6,0,0,0,0,0,0,0,69f08d6e2ed2
AU,827,2,AU827.2,U827.2,0,18,0,0,0,1,0,0,0,e6af477c20ba
AU,827,3,AU827.3,U827.3,0,27,0,0,0,1,0,0,0,fd21b09b8dfb
AU,827,4,AU827.4,U827.4,0,40,0,0,0,0,0,0,0,4d7c026b010b
AU,827,5,AU827.5,U827.5,0,23,0,0,0,1,0,0,0,192546e5a0f1
AU,827,6,AU827.6,U827.6,0,22,0,0,0,0,1,0,0,6235a43f6370
AU,827,7,AU827.7,U827.7,0,9,0,0,0,1,0,0,0,559811c3399d
AU,827,8,AU827.8,U827.8,0,7,0,0,0,0,0,0,0,54b31a9e9dfd
AU,827,9,AU827.9,U827.9,0,25,0,0,0,0,1,0,0,402773236753
AU,827,10,AU827.10,U827.10,0,9,0,0,0,0,0,0,0,c52da150c60d
AU,828,0,AU828.0,U828.0,1,7,0,0,0,0,0,0,0,d145af6704ae
AU,828,1,AU828.1,U828.1,0,9,0,0,0,0,0,0,0,7679f95d3215
AU,828,2,AU828.2,U828.2,0,23,0,0,0,0,0,0,0,170e1b1c38e0
AU,828,3,AU828.3,U828.3,0,22,0,0,0,1,0,0,0,3055fcff8fa0
AU,828,4,AU828.4,U828.4,0,25,0,0,0,1,0,0,0,a9100faa949c
AU,828,5,AU828.5,U828.5,0,16,0,0,0,0,0,0,0,cee601613894
AU,828,6,AU828.6,U828.6,0,23,0,0,0,0,0,0,0,d13b8b0dc097
AU,828,7,AU828.7,U828.7,0,7,0,0,0,0,0,0,0,9b7764d6202d
AU,829,0,AU829.0,U829.0,1,7,0,0,0,0,0,0,0,a3084c8290a5
AU,829,1,AU829.1,U829.1,0,60,0,0,0,1,1,0,0,9c69854bb3c7
AU,829,2,AU829.2,U829.2,0,12,0,0,0,0,0,0,0,3c0b3a099a4e
AU,829,3,AU829.3,U829.3,0,13,1,1,0,0,0,0,1,40e2307bc2e8
AU,829,4,AU829.4,U829.4,0,14,0,0,0,1,0,0,0,c4bac750413a
AU,830,0,AU830.0,U830.0,1,7,0,0,0,0,0,0,0,14b301aa59e8
AU,830,1,AU830.1,U830.1,0,9,0,0,0,1,0,0,0,37e961cf9fa6
AU,830,2,AU830.2,U830.2,0,15,0,0,0,1,0,0,0,f64445d11cff
AU,830,3,AU830.3,U830.3,0,10,0,0,0,0,0,0,0,a69a9256dba8
AU,830,4,AU830.4,U830.4,0,6,0,0,0,0,0,0,0,f94f7154add3
AU,830,5,AU830.5,U830.5,0,9,0,0,0,0,0,0,0,fa71af6996cf
AU,830,6,AU830.6,U830.6,0,9,0,0,0,0,0,0,0,b67577933fbe
AU,830,7,AU830.7,U830.7,0,9,0,0,0,0,0,0,0,50073383bd8d
AU,830,8,AU830.8,U830.8,0,11,0,0,0,0,0,0,0,45fb803cd0a8
AU,830,9,AU830.9,U830.9,0,16,0,0,0,1,0,0,0,73fc45f48a50
AU,831,0,AU831.0,U831.0,1,7,0,0,0,0,0,0,0,4e95bec2f2b9
AU,831,1,AU831.1,U831.1,0,11,0,0,0,0,0,0,0,d9e885379587
AU,831,2,AU831.2,U831.2,0,7,0,0,0,1,0,0,0,cf8845d22620
AU,831,3,AU831.3,U831.3,0,7,0,0,0,0,0,0,0,c0f9f2e6bacb
AU,831,4,AU831.4,U831.4,0,14,0,0,0,1,0,0,0,e78d818aac56
AU,831,5,AU831.5,U831.5,0,28,0,0,0,1,0,0,0,2db638833769
AU,831,6,AU831.6,U831.6,0,24,0,0,0,0,0,0,0,940d51e74325
AU,831,7,AU831.7,U831.7,0,21,0,0,0,1,0,0,0,f6176fb93e1a
AU,831,8,AU831.8,U831.8,0,30,0,0,0,1,0,0,0,ddf343670b2f
AU,831,9,AU831.9,U831.9,0,20,0,0,0,1,1,0,0,760439842575
AU,831,10,AU831.10,U831.10,0,6,0,0,0,0,0,0,0,69f5c103b611
AU,832,0,AU832.0,U832.0,1,7,0,0,0,0,0,0,0,1d597393b559
AU,832,1,AU832.1,U832.1,0,14,0,0,0,1,0,0,0,7d65c248ad66
AU,832,2,AU832.2,U832.2,0,13,0,0,0,0,0,0,0,5c2ed6c91c96
AU,832,3,AU832.3,U832.3,0,18,0,0,0,1,0,0,0,7fdaa1caea45
AU,832,4,AU832.4,U832.4,0,10,0,0,0,0,0,0,0,9e355293cf9f
AU,832,5,AU832.5,U832.5,0,16,0,0,0,0,0,0,0,90019846ede9
AU,832,6,AU832.6,U832.6,0,9,0,0,0,0,0,0,0,2d95d533ad5f
AU,832,7,AU832.7,U832.7,0,18,0,0,0,0,0,0,0,89e9850838c9
AU,832,8,AU832.8,U832.8,0,17,0,0,0,0,0,0,0,1e52a164b56d
AU,832,9,AU832.9,U832.9,0,8,0,0,0,0,0,0,0,6729509ac531
AU,833,0,AU833.0,U833.0,1,7,0,0,0,0,0,0,0,9efbdd1eedee
AU,833,1,AU833.1,U833.1,0,21,0,0,0,1,0,0,0,511851fbb0f7
AU,833,2,AU833.2,U833.2,0,13,0,0,0,0,0,0,0,32bcac3b4860
AU,833,3,AU833.3,U833.3,0,7,0,0,0,0,0,0,0,679ee4885881
AU,833,4,AU833.4,U833.4,0,9,0,0,0,0,0,0,0,ac3ffe684688
AU,833,5,AU833.5,U833.5,0,7,0,0,0,0,0,0,0,f7ad881b6184
AU,833,6,AU833.6,U833.6,0,30,0,0,0,1,0,0,0,7afd50816cf5
AU,833,7,AU833.7,U833.7,0,39,0,0,0,1,1,0,0,7fe07ff85b73
AU,833,8,AU833.8,U833.8,0,9,0,0,0,0,0,0,0,c67da9980595
AU,833,9,AU833.9,U833.9,0,10,0,0,0,0,0,0,0,0e8d738843c1
AU,833,10,AU833.10,U833.10,0,14,0,0,0,0,0,0,0,a8d0e58351ef
AU,833,11,AU833.11,U833.11,0,7,0,0,0,0,0,0,0,e05b4efdec82
AU,833,12,AU833.12,U833.12,0,20,0,0,0,0,0,0,0,d4106a226333
AU,833,13,AU833.13,U833.13,0,6,0,0,0,0,0,0,0,b3a7369f3574
AU,833,14,AU833.14,U833.14,0,9,0,0,0,0,0,0,0,c23314523686
AU,834,0,AU834.0,U834.0,1,7,0,0,0,0,0,0,0,0aa12d78cd27
AU,834,1,AU834.1,U834.1,0,8,0,0,0,0,0,0,0,d3ce5ec4f21e
AU,834,2,AU834.2,U834.2,0,18,0,0,0,1,0,0,0,cdc66ce34284
AU,834,3,AU834.3,U834.3,0,40,0,0,0,0,1,0,0,f69b471dcbb4
AU,834,4,AU834.4,U834.4,0,13,0,0,0,0,0,0,0,bb63b4aee28d
AU,834,5,AU834.5,U834.5,0,9,0,0,0,0,0,0,0,53af147b6bc1
AU,834,6,AU834.6,U834.6,0,9,0,0,0,0,0,0,0,8e6e27f83349
AU,834,7,AU834.7,U834.7,0,8,0,0,0,1,0,0,0,a0597b466008
AU,834,8,AU834.8,U834.8,0,18,0,0,0,0,0,0,0,bfb099f88fc9
AU,834,9,AU834.9,U834.9,0,17,0,0,0,0,0,0,0,093d54e0e91d
AU,834,10,AU834.10,U834.10,0,8,0,0,0,1,0,0,0,37bff3d13a21
AU,834,11,AU834.11,U834.11,0,9,0,0,0,0,0,0,0,f6b259e52a34
AU,835,0,AU835.0,U835.0,1,7,0,0,0,0,0,0,0,6aadf483cfc2
AU,835,1,AU835.1,U835.1,0,20,0,0,0,0,1,0,0,7607b6fab91f
AU,835,2,AU835.2,U835.2,0,12,0,0,0,0,0,0,0,4722f81ea914
AU,835,3,AU835.3,U835.3,0,13,0,0,0,1,0,0,0,a18afded1a9e
AU,835,4,AU835.4,U835.4,0,10,0,0,0,1,0,0,0,c89cd32b6489
AU,835,5,AU835.5,U835.5,0,10,0,0,0,0,0,0,0,d2b801f4957e
AU,835,6,AU835.6,U835.6,0,19,0,0,0,1,0,0,0,0b45d4202b3c
AU,835,7,AU835.7,U835.7,0,38,0,0,0,1,0,0,0,66d589a22676
AU,835,8,AU835.8,U835.8,0,12,0,0,0,0,0,0,0,302dae77a94b
AU,835,9,AU835.9,U835.9,0,10,0,0,0,0,0,0,0,6641ef401921
AU,835,10,AU835.10,U835.10,0,19,0,0,0,1,0,0,0,ef3fb3815e96
AU,835,11,AU835.11,U835.11,0,11,0,0,0,0,0,0,0,00d499611775
AU,835,12,AU835.12,U835.12,0,5,0,0,0,0,0,0,0,751fa4b77718
AU,836,0,AU836.0,U836.0,1,7,0,0,0,0,0,0,0,05de1021afc6
AU,836,1,AU836.1,U836.1,0,27,0,0,0,1,0,0,0,9cc693cdd8c4
AU,836,2,AU836.2,U836.2,0,16,0,0,0,0,1,0,0,e4f7a21224e9
AU,836,3,AU836.3,U836.3,0,29,0,0,0,1,0,0,0,0ae7aa3062f1
AU,836,4,AU836.4,U836.4,0,10,0,0,0,0,0,0,0,200228c7eb1f
AU,836,5,AU836.5,U836.5,0,16,0,0,0,1,0,0,0,97be0beed251
AU,836,6,AU836.6,U836.6,0,31,0,0,0,0,0,0,0,638a65781d57
AU,836,7,AU836.7,U836.7,0,35,0,0,1,1,0,0,0,0ba9b215c541
AU,836,8,AU836.8,U836.8,0,21,0,0,0,0,0,0,0,0d73bef24d92
AU,836,9,AU836.9,U836.9,0,30,0,0,0,0,0,0,0,b9ac16a167bc
AU,836,10,AU836.10,U836.10,0,26,0,0,0,0,0,0,0,c35091693282
AU,837,0,AU837.0,U837.0,1,7,0,0,0,0,0,0,0,67625189b664
AU,837,1,AU837.1,U837.1,0,16,0,0,0,0,0,0,0,d2d6c630d648
AU,837,2,AU837.2,U837.2,0,29,0,0,0,0,1,0,0,eb2dc0136d2e
AU,837,3,AU837.3,U837.3,0,61,0,0,0,1,0,0,0,cae3fe2b39ec
AU,837,4,AU837.4,U837.4,0,31,0,0,0,0,0,0,0,6a639c2aa9dd
AU,837,5,AU837.5,U837.5,0,7,0,0,0,0,0,0,0,bb4838fcae57
AU,837,6,AU837.6,U837.6,0,16,0,0,0,0,0,0,0,ed1ad12790f4
AU,837,7,AU837.7,U837.7,0,7,0,0,0,0,0,0,0,600f4ae3ffa1
AU,837,8,AU837.8,U837.8,0,10,0,0,0,0,0,0,0,15761e16c5d8
AU,837,9,AU837.9,U837.9,0,10,0,0,1,0,0,0,0,84c86ef028cb
AU,838,0,AU838.0,U838.0,1,6,0,0,0,0,0,0,0,e56503bba339
AU,838,1,AU838.1,U838.1,0,26,0,0,0,0,0,0,0,f0c293268383
AU,838,2,AU838.2,U838.2,0,9,0,0,0,0,0,0,0,fa524ab1ae61
AU,838,3,AU838.3,U838.3,0,18,0,0,0,0,0,0,0,7acce101d720
AU,838,4,AU838.4,U838.4,0,18,0,0,0,1,0,0,0,cb32d7d11051
AU,838,5,AU838.5,U838.5,0,11,0,0,0,0,0,0,0,723e7468cf04
AU,838,6,AU838.6,U838.6,0,12,0,0,0,0,0,0,0,0c7dd32e64d5
AU,838,7,AU838.7,U838.7,0,15,0,0,0,0,0,0,0,8a1b550ce1a4
AU,838,8,AU838.8,U838.8,0,6,0,0,0,1,0,0,0,88e90d1144ae
AU,838,9,AU838.9,U838.9,0,19,0,0,0,0,0,0,0,6a20e79edb70
AU,838,10,AU838.10,U838.10,0,8,0,0,0,0,1,0,0,d84d459a33ae
AU,839,0,AU839.0,U839.0,1,7,0,0,0,0,0,0,0,78b62359f023
AU,839,1,AU839.1,U839.1,0,12,0,0,0,0,0,0,0,1fc37525d8a8
AU,839,2,AU839.2,U839.2,0,28,0,0,0,1,0,0,0,4d8255ef97cf
AU,839,3,AU839.3,U839.3,0,8,0,0,0,1,0,0,0,f5fb30c16448
AU,839,4,AU839.4,U839.4,0,22,0,0,0,0,0,0,0,cfd6ea72b514
AU,839,5,AU839.5,U839.5,0,20,0,0,0,1,0,0,0,b8430a148382
AU,839,6,AU839.6,U839.6,0,16,0,0,0,0,0,0,0,9155613d6feb
AU,839,7,AU839.7,U839.7,0,24,0,0,0,0,0,0,0,64953d4713ac
AU,839,8,AU839.8,U839.8,0,19,0,0,0,1,0,0,0,5ebf3a6fcc4a
AU,839,9,AU839.9,U839.9,0,29,0,0,0,0,0,0,0,4df2529d6c8a
AU,839,10,AU839.10,U839.10,0,8,0,0,0,0,0,0,0,8ee7240d11c3
AU,840,0,AU840.0,U840.0,1,7,0,0,0,0,0,0,0,fd9cedba4290
AU,840,1,AU840.1,U840.1,0,24,0,0,0,0,0,0,0,b0be47ea47f9
AU,840,2,AU840.2,U840.2,0,6,0,0,0,0,0,0,0,2d94d2d0035e
AU,840,3,AU840.3,U840.3,0,10,0,0,0,1,0,0,0,739a1368af92
AU,840,4,AU840.4,U840.4,0,50,0,0,0,1,1,0,0,f936d35f0a03
AU,840,5,AU840.5,U840.5,0,9,0,0,0,0,0,0,0,650237138a73
AU,840,6,AU840.6,U840.6,0,12,0,0,0,0,0,0,0,000940dd1f82
AU,840,7,AU840.7,U840.7,0,18,0,0,0,0,0,0,0,596330ae660d
AU,840,8,AU840.8,U840.8,0,15,0,0,0,0,0,0,0,59abda88d8a7
AU,841,1,AU841.1,U841.1,0,7,0,0,0,0,0,0,0,bb9ff138be60
AU,841,2,AU841.2,U841.2,0,31,0,0,0,0,0,0,0,82725b5851c1
AU,841,3,AU841.3,U841.3,0,19,0,0,0,0,0,0,0,71e8242e517a
AU,841,4,AU841.4,U841.4,0,44,0,0,0,0,1,0,0,53125121a1da
AU,841,5,AU841.5,U841.5,0,39,0,0,0,0,0,0,0,c9cf0787247e
AU,842,0,AU842.0,U842.0,1,7,0,0,0,0,0,0,0,4007da79cf31
AU,842,1,AU842.1,U842.1,0,9,0,0,0,1,0,0,0,6d0f88415f50
AU,842,2,AU842.2,U842.2,0,5,0,0,0,0,0,0,0,4586cc26b731
AU,842,3,AU842.3,U842.3,0,19,0,0,0,0,0,0,0,bb2613f0ef2e
AU,842,4,AU842.4,U842.4,0,8,0,0,0,0,0,0,0,572ee83d3b75
AU,842,5,AU842.5,U842.5,0,14,0,0,0,0,0,0,0,bece5d328b5d
AU,842,6,AU842.6,U842.6,0,10,0,0,0,1,0,0,0,f1f68f869518
AU,842,7,AU842.7,U842.7,0,9,0,0,0,0,0,0,0,a293c0dacdd0
AU,842,8,AU842.8,U842.8,0,27,0,0,0,0,0,0,0,d398e95ceb54
AU,842,9,AU842.9,U842.9,0,23,0,0,0,0,0,0,0,bdaf4846c195
AU,842,10,AU842.10,U842.10,0,14,0,0,0,0,0,0,0,2cda1172fe90
AU,842,11,AU842.11,U842.11,0,9,0,0,0,0,0,0,0,e712e7a23212
AU,842,12,AU842.12,U842.12,0,13,0,0,0,0,0,0,0,c83fce4892dd
AU,842,13,AU842.13,U842.13,0,8,0,0,0,0,0,0,0,16b2778be295
AU,843,0,AU843.0,U843.0,1,7,0,0,0,0,0,0,0,0e681892e3a3
AU,843,1,AU843.1,U843.1,0,16,0,0,0,1,0,0,0,7b98724f76cd
AU,843,2,AU843.2,U843.2,0,6,0,0,0,0,0,0,0,2913d497b315
AU,843,3,AU843.3,U843.3,0,12,0,0,0,0,0,0,0,4d3aaa8a0bbb
AU,843,4,AU843.4,U843.4,0,14,0,0,0,0,0,0,0,255fcbdfedd4
AU,843,5,AU843.5,U843.5,0,21,0,0,0,0,0,0,0,504e280e3f4b
AU,843,6,AU843.6,U843.6,0,8,0,0,0,0,0,0,0,5dfdba3c169e
AU,843,7,AU843.7,U843.7,0,11,0,0,0,0,0,0,0,4a4fc6446bef
AU,843,8,AU843.8,U843.8,0,9,0,0,0,0,1,0,0,7b0841c13285
AU,843,9,AU843.9,U843.9,0,7,0,0,0,0,0,0,0,031c2cca030d
AU,844,0,AU844.0,U844.0,1,7,0,0,0,0,0,0,0,0ff684c10c8d
AU,844,1,AU844.1,U844.1,0,10,0,0,0,0,0,0,0,82d61932b177
AU,844,2,AU844.2,U844.2,0,8,0,0,0,1,0,0,0,0cd90ca946ec
AU,844,3,AU844.3,U844.3,0,5,0,0,0,0,0,0,0,f901162cdedf
AU,844,4,AU844.4,U844.4,0,10,0,0,0,0,0,0,0,d9302aafc3da
AU,845,0,AU845.0,U845.0,1,7,0,0,0,0,0,0,0,044e71ede4d9
AU,845,1,AU845.1,U845.1,0,27,0,0,0,1,1,0,0,f67d0f47350d
AU,845,2,AU845.2,U845.2,0,38,0,0,0,1,0,0,0,70825a7be09a
AU,845,3,AU845.3,U845.3,0,40,0,0,0,1,0,0,0,7860e2df0cae
AU,845,4,AU845.4,U845.4,0,10,0,0,0,0,0,0,0,b95ecd10cbd1
AU,845,5,AU845.5,U845.5,0,11,0,0,0,0,0,0,0,18304c99fa4e
AU,845,6,AU845.6,U845.6,0,13,0,0,0,0,0,0,0,910a81b3b26f
AU,845,7,AU845.7,U845.7,0,19,0,0,0,0,0,0,0,7f463b62e153
AU,845,8,AU845.8,U845.8,0,13,0,0,0,0,0,0,0,fdf99e61e35e
AU,845,9,AU845.9,U845.9,0,8,0,0,0,0,0,0,0,d8b6381149cb
AU,845,10,AU845.10,U845.10,0,10,0,0,0,0,0,0,0,2e107f44eacc
AU,845,11,AU845.11,U845.11,0,9,0,0,0,0,0,0,0,f2fcc57774a1
AU,845,12,AU845.12,U845.12,0,11,0,0,0,0,0,0,0,019cd19b51d6
AU,846,0,AU846.0,U846.0,1,7,0,0,0,0,0,0,0,84ef8a6ccc0b
AU,846,1,AU846.1,U846.1,0,29,0,0,0,1,0,0,0,6c00a16f69cf
AU,846,2,AU846.2,U846.2,0,6,0,0,0,0,0,0,0,740dd820dca5
AU,846,3,AU846.3,U846.3,0,45,0,0,0,1,0,0,0,1f2ecdbf5137
AU,846,4,AU846.4,U846.4,0,13,0,0,0,0,1,0,0,622d1ec4017b
AU,846,5,AU846.5,U846.5,0,10,0,0,0,0,0,0,0,273bc69cd660
AU,846,6,AU846.6,U846.6,0,27,0,0,0,0,0,0,0,9558c198efd8
AU,846,7,AU846.7,U846.7,0,14,0,0,0,0,0,0,0,f5449c6c90ea
AU,846,8,AU846.8,U846.8,0,9,0,0,0,0,0,0,0,1b1bec9566a7
AU,846,9,AU846.9,U846.9,0,16,0,0,0,1,1,0,0,cf87c3b5b786
AU,846,10,AU846.10,U846.10,0,9,0,0,0,0,0,0,0,d258b1bf676c
AU,846,11,AU846.11,U846.11,0,9,0,0,0,0,0,0,0,2cc68185a23c
AU,846,12,AU846.12,U846.12,0,9,0,0,0,0,0,0,0,fcb2e18c22fb
AU,847,0,AU847.0,U847.0,1,7,0,0,0,0,0,0,0,b1e143d50c76
AU,847,1,AU847.1,U847.1,0,18,0,0,0,0,1,0,0,73873572b41c
AU,847,2,AU847.2,U847.2,0,9,0,0,0,0,0,0,0,8f05b7a86b6d
AU,847,3,AU847.3,U847.3,0,32,0,0,0,0,0,0,0,52dd5ef97406
AU,847,4,AU847.4,U847.4,0,15,0,0,0,0,0,0,0,a37c7d8cfdcf
AU,847,5,AU847.5,U847.5,0,10,0,0,0,0,0,0,0,b7506a546599
AU,847,6,AU847.6,U847.6,0,16,0,0,0,1,0,0,0,9e4dfb78eed1
AU,847,7,AU847.7,U847.7,0,14,0,0,0,0,1,0,0,933dbd229fc5
AU,847,8,AU847.8,U847.8,0,9,0,0,0,0,0,0,0,bc5e9ac37bfc
AU,847,9,AU847.9,U847.9,0,13,0,0,0,0,0,0,0,cd0f878faae3
AU,848,0,AU848.0,U848.0,1,6,0,0,0,0,0,0,0,e9dc2422bd9f
AU,848,1,AU848.1,U848.1,0,9,0,0,0,0,0,0,0,1edbabcec605
AU,848,2,AU848.2,U848.2,0,10,0,0,0,0,0,0,0,4c71ede15d44
AU,848,3,AU848.3,U848.3,0,8,0,0,0,0,0,0,0,43ab3fc34266
AU,848,4,AU848.4,U848.4,0,15,0,0,0,0,0,0,0,6182b26564c2
AU,848,5,AU848.5,U848.5,0,38,0,0,0,0,1,0,0,462c0d49b918
AU,848,6,AU848.6,U848.6,0,18,0,0,0,0,0,0,0,bf84a60ec9af
AU,848,7,AU848.7,U848.7,0,19,0,0,0,0,1,0,0,eff1302a5a1b
AU,848,8,AU848.8,U848.8,0,12,0,0,0,1,0,0,0,b44d222facf0
AU,848,9,AU848.9,U848.9,0,6,0,0,0,0,0,0,0,2a50a7ecad9c
AU,849,0,AU849.0,U849.0,1,7,0,0,0,0,0,0,0,2b975f9ffb7c
AU,849,1,AU849.1,U849.1,0,8,0,0,0,1,0,0,0,30e2e530b1cd
AU,849,2,AU849.2,U849.2,0,9,0,0,0,0,0,0,0,7bf63fc75801
AU,849,3,AU849.3,U849.3,0,21,0,0,0,1,0,0,0,5943f91e6d34
AU,849,4,AU849.4,U849.4,0,9,0,0,0,0,0,0,0,1316ab0eea7a
AU,849,5,AU849.5,U849.5,0,10,0,0,0,0,0,0,0,5b0543ccb414
AU,849,6,AU849.6,U849.6,0,37,0,0,0,0,0,0,0,babd827b96be
AU,849,7,AU849.7,U849.7,0,13,1,0,0,0,0,0,1,e87c966c345d
AU,849,8,AU849.8,U849.8,0,11,0,0,0,0,0,0,0,5901c35dc992
AU,849,9,AU849.9,U849.9,0,17,0,0,0,0,0,0,0,d4cab8939326
AU,849,10,AU849.10,U849.10,0,20,0,0,0,0,0,0,0,e0f7641647f3
AU,849,11,AU849.11,U849.11,0,6,0,0,0,0,0,0,0,77e9bffc7b78
AU,849,12,AU849.12,U849.12,0,5,0,0,0,0,0,0,0,e58c14761423
AU,850,0,AU850.0,U850.0,1,7,0,0,0,0,0,0,0,c32da0e60438
AU,850,1,AU850.1,U850.1,0,26,0,1,0,1,0,0,0,d2877ded70da
AU,850,2,AU850.2,U850.2,0,15,0,0,0,0,0,0,0,a76530f53066
AU,850,3,AU850.3,U850.3,0,60,0,0,0,0,0,0,0,b7080fcd8e02
AU,850,4,AU850.4,U850.4,0,21,0,0,0,0,0,0,0,108681ed149e
AU,851,0,AU851.0,U851.0,1,7,0,0,0,0,0,0,0,b5f954c003da
AU,851,1,AU851.1,U851.1,0,26,0,0,0,0,1,0,0,89af5c349ea9
AU,851,2,AU851.2,U851.2,0,63,0,0,0,0,0,0,0,6dc17d206f9f
AU,851,3,AU851.3,U851.3,0,41,0,0,0,0,0,0,0,421fa39d5904
AU,851,4,AU851.4,U851.4,0,9,0,0,0,0,0,0,0,e86cb009585a
AU,851,5,AU851.5,U851.5,0,40,0,0,0,1,0,0,0,7ba839e1f4d3
AU,851,6,AU851.6,U851.6,0,24,0,0,0,0,0,0,0,82592d8629a3
AU,851,7,AU851.7,U851.7,0,13,0,0,0,1,0,0,0,44801f005a60
AU,851,8,AU851.8,U851.8,0,10,0,0,0,0,0,0,0,88e18b1fe9e1
AU,852,0,AU852.0,U852.0,1,7,0,0,0,0,0,0,0,e6b924f7a5a8
AU,852,1,AU852.1,U852.1,0,26,0,0,0,1,0,0,0,6267a5e7d174
AU,852,2,AU852.2,U852.2,0,15,0,0,0,1,0,0,0,f43d00c61655
AU,852,3,AU852.3,U852.3,0,53,0,0,0,0,0,0,0,2e02f5fa4d7e
AU,852,4,AU852.4,U852.4,0,22,0,0,0,0,0,0,0,96256115bd9b
AU,852,5,AU852.5,U852.5,0,9,0,0,0,0,0,0,0,440542a39977
AU,852,6,AU852.6,U852.6,0,11,0,0,0,0,0,0,0,b043ce818e01
AU,852,7,AU852.7,U852.7,0,12,0,0,0,0,0,0,0,9c15ed41f996
AU,852,8,AU852.8,U852.8,0,28,0,0,0,1,0,0,0,0bc000bd2103
AU,853,0,AU853.0,U853.0,1,7,0,0,0,0,0,0,0,49a069bb03d5
AU,853,1,AU853.1,U853.1,0,25,0,0,0,1,1,0,0,a022543333bb
AU,853,2,AU853.2,U853.2,0,25,0,0,0,0,0,0,0,17107a3d8608
AU,853,3,AU853.3,U853.3,0,43,0,0,0,0,1,0,0,0c5eea6a2927
AU,853,4,AU853.4,U853.4,0,8,0,0,0,0,0,0,0,57e12c74d2a3
AU,853,5,AU853.5,U853.5,0,9,0,0,0,0,0,0,0,8a77a130cd8f
AU,853,6,AU853.6,U853.6,0,15,0,0,0,0,0,0,0,50d12cb7bc9f
AU,854,0,AU854.0,U854.0,1,7,0,0,0,0,0,0,0,bd1f2431e82d
AU,854,1,AU854.1,U854.1,0,16,0,0,0,0,0,0,0,27eca8d2a97c
AU,854,2,AU854.2,U854.2,0,20,0,0,0,1,1,0,0,2ef8655cd694
AU,854,3,AU854.3,U854.3,0,24,0,0,1,0,0,0,0,139b5c1f7349
AU,854,4,AU854.4,U854.4,0,15,0,0,0,0,0,0,0,e6eebb5f9f44
AU,855,0,AU855.0,U855.0,1,7,0,0,0,0,0,0,0,7bd8803ee75b
AU,855,1,AU855.1,U855.1,0,6,0,0,0,1,0,0,0,159106c07fd4
AU,855,2,AU855.2,U855.2,0,20,0,0,0,0,0,0,0,bd5f72c05fdd
AU,855,3,AU855.3,U855.3,0,29,0,0,0,0,0,0,0,af13bcdf0048
AU,855,4,AU855.4,U855.4,0,9,0,0,0,0,0,0,0,1a1b22c7f831
AU,855,5,AU855.5,U855.5,0,10,0,0,0,0,0,0,0,cf0407cb01f8
AU,855,6,AU855.6,U855.6,0,21,0,0,0,1,0,0,0,0b8e2b2193fe
AU,856,0,AU856.0,U856.0,1,7,0,0,0,0,0,0,0,1b548c1879d1
AU,856,1,AU856.1,U856.1,0,46,0,0,0,0,0,0,0,c42f73f431ec
AU,856,2,AU856.2,U856.2,0,15,0,0,0,0,1,0,0,03d8c17f0ce0
AU,856,3,AU856.3,U856.3,0,11,0,0,0,0,0,0,0,07f62fc6fbdb
AU,856,4,AU856.4,U856.4,0,9,0,0,0,1,0,0,0,8377f42b1ee5
AU,856,5,AU856.5,U856.5,0,24,0,0,0,0,0,0,0,bff526bd38ee
AU,856,6,AU856.6,U856.6,0,16,0,0,1,0,0,0,0,b9bd93c87f85
AU,856,7,AU856.7,U856.7,0,24,0,0,0,0,0,0,0,22f27b1fb7a1
AU,856,8,AU856.8,U856.8,0,8,0,0,0,0,0,0,0,dcf315eca691
AU,857,0,AU857.0,U857.0,1,7,0,0,0,0,0,0,0,f6f31532a750
AU,857,1,AU857.1,U857.1,0,18,0,0,0,0,0,0,0,887c1eb09e53
AU,857,2,AU857.2,U857.2,0,10,0,0,0,0,0,0,0,a033fa49c169
AU,857,3,AU857.3,U857.3,0,8,0,0,0,0,0,0,0,c91a98a98581
AU,857,4,AU857.4,U857.4,0,10,0,0,0,1,0,0,0,c525bfbba474
AU,857,5,AU857.5,U857.5,0,40,0,0,0,0,0,0,0,1741b0af3bcf
AU,858,0,AU858.0,U858.0,1,7,0,0,0,0,0,0,0,7d30f98b710a
AU,858,1,AU858.1,U858.1,0,12,0,0,0,1,0,0,0,79a7805c4349
AU,858,2,AU858.2,U858.2,0,15,1,0,1,0,0,1,0,96158fafb2dd
AU,858,3,AU858.3,U858.3,0,10,0,0,0,0,0,0,0,0f476b2d3372
AU,858,4,AU858.4,U858.4,0,82,0,0,0,0,1,0,0,365e1590c2c2
AU,858,5,AU858.5,U858.5,0,10,0,0,0,0,0,0,0,aa4c4f822b10
AU,859,0,AU859.0,U859.0,1,7,0,0,0,0,0,0,0,678475ccdca4
AU,859,1,AU859.1,U859.1,0,30,0,0,0,0,0,0,0,8303ce49764b
AU,859,2,AU859.2,U859.2,0,11,0,0,0,1,0,0,0,8d5dd0b9babb
AU,859,3,AU859.3,U859.3,0,79,0,0,0,1,1,0,0,6cf35d092e85
AU,859,4,AU859.4,U859.4,0,10,0,0,0,0,1,0,0,04f0e604d10a
AU,859,5,AU859.5,U859.5,0,9,0,0,0,0,0,0,0,4c99e2789304
AU,860,0,AU860.0,U860.0,1,7,0,0,0,0,0,0,0,6a59970075ee
AU,860,1,AU860.1,U860.1,0,74,0,0,0,1,1,0,0,3950150acd48
AU,860,2,AU860.2,U860.2,0,11,0,0,0,0,0,0,0,38a3b6aec9da
AU,860,3,AU860.3,U860.3,0,5,0,0,0,0,0,0,0,bce67b8332d9
AU,860,4,AU860.4,U860.4,0,24,0,0,0,0,0,0,0,8278f075e554
AU,861,0,AU861.0,U861.0,1,7,0,0,0,0,0,0,0,769a1fd61acb
AU,861,1,AU861.1,U861.1,0,10,0,0,0,1,0,0,0,a641c74b0d8e
AU,861,2,AU861.2,U861.2,0,14,0,0,0,0,0,0,0,f1c6049541bc
AU,862,0,AU862.0,U862.0,1,7,0,0,0,0,0,0,0,20994cad7c28
AU,862,1,AU862.1,U862.1,0,9,1,0,0,0,0,1,0,027a6a0d4558
AU,862,2,AU862.2,U862.2,0,22,0,0,0,1,0,0,0,f6a79934af8c
AU,862,3,AU862.3,U862.3,0,7,0,0,0,0,0,0,0,e9201def2663
AU,862,4,AU862.4,U862.4,0,20,0,0,0,1,0,0,0,d6e5c219eb67
AU,862,5,AU862.5,U862.5,0,77,0,0,0,1,0,0,0,5786c0f2956f
AU,862,6,AU862.6,U862.6,0,10,0,0,0,0,0,0,0,ea5791c3e02f
AU,862,7,AU862.7,U862.7,0,9,0,0,0,0,0,0,0,b0011cb10d60
AU,863,0,AU863.0,U863.0,1,7,0,0,0,0,0,0,0,6ee2401ce120
AU,863,1,AU863.1,U863.1,0,9,0,0,0,0,0,0,0,d4214d41c1dd
AU,863,2,AU863.2,U863.2,0,24,0,0,0,1,0,0,0,0261fa324888
AU,863,3,AU863.3,U863.3,0,15,0,0,0,0,0,0,0,eba29ad69c4d
AU,863,4,AU863.4,U863.4,0,66,0,0,0,1,0,0,0,247ea484cffd
AU,864,0,AU864.0,U864.0,1,7,0,0,0,0,0,0,0,980662222e23
AU,864,1,AU864.1,U864.1,0,17,0,0,0,1,0,0,0,c0faa03ace37
AU,864,2,AU864.2,U864.2,0,25,0,0,0,1,0,0,0,a06e5be9b322
AU,864,3,AU864.3,U864.3,0,31,0,0,0,0,0,0,0,3f75bbf09a08
AU,864,4,AU864.4,U864.4,0,11,0,0,0,0,0,0,0,ad2b75838eb2
AU,864,5,AU864.5,U864.5,0,18,0,0,1,1,0,0,0,259285f0f82d
AU,865,0,AU865.0,U865.0,1,7,0,0,0,0,0,0,0,7218492f06ba
AU,865,1,AU865.1,U865.1,0,17,0,0,0,0,0,0,0,54a7aea303f8
AU,865,2,AU865.2,U865.2,0,18,1,0,0,1,0,1,1,e23445da6ffd
AU,865,3,AU865.3,U865.3,0,16,0,0,0,1,0,0,0,d6f83042c1ea
AU,865,4,AU865.4,U865.4,0,18,0,0,1,0,0,0,0,45496ce7dea9
AU,865,5,AU865.5,U865.5,0,18,0,0,0,0,0,0,0,70f909a39813
AU,865,6,AU865.6,U865.6,0,20,0,0,0,0,0,0,0,cefd10be6173
AU,866,0,AU866.0,U866.0,1,7,0,0,0,0,0,0,0,44ac84fdace4
AU,866,1,AU866.1,U866.1,0,24,1,1,0,0,0,1,0,16db4f139787
AU,866,2,AU866.2,U866.2,0,13,0,0,0,0,0,0,0,808af8ff3a44
AU,866,3,AU866.3,U866.3,0,16,0,0,0,0,0,0,0,e3521e1ce6a4
AU,866,4,AU866.4,U866.4,0,55,0,0,0,0,0,0,0,0c80552c8fb3
AU,866,5,AU866.5,U866.5,0,19,0,0,0,0,0,0,0,cd4614698ad5
AU,867,0,AU867.0,U867.0,1,7,0,0,0,0,0,0,0,5eacae752a5a
AU,867,1,AU867.1,U867.1,0,14,0,0,0,0,0,0,0,62ddcadf2f54
AU,867,2,AU867.2,U867.2,0,41,0,0,0,0,0,0,0,db12244607ae
AU,867,3,AU867.3,U867.3,0,7,0,0,0,0,0,0,0,723ec5783a8e
AU,867,4,AU867.4,U867.4,0,7,0,0,0,0,0,0,0,db47be053f1d
AU,867,5,AU867.5,U867.5,0,17,0,0,0,0,0,0,0,8c7d36af66b5
AU,867,6,AU867.6,U867.6,0,17,0,0,0,0,0,0,0,a8445a1b5adf
AU,867,7,AU867.7,U867.7,0,21,0,0,1,0,0,0,0,2f6a014be56c
AU,867,8,AU867.8,U867.8,0,42,0,0,0,0,0,0,0,fc69c742960f
AU,867,9,AU867.9,U867.9,0,12,0,0,0,0,0,0,0,616fd2f3ea27
AU,868,0,AU868.0,U868.0,1,7,0,0,0,0,0,0,0,ccfbaa9ffce0
AU,868,1,AU868.1,U868.1,0,15,0,0,0,0,0,0,0,6d9a30d75de7
AU,868,2,AU868.2,U868.2,0,20,0,0,0,1,0,0,0,048727b83b7a
AU,868,3,AU868.3,U868.3,0,19,0,0,0,1,0,0,0,30e7fb07690d
AU,868,4,AU868.4,U868.4,0,156,0,0,0,1,1,0,0,de8827c15c3a
AU,868,5,AU868.5,U868.5,0,11,0,0,0,0,0,0,0,9bfd584bb2a2
AU,868,6,AU868.6,U868.6,0,12,0,0,0,0,0,0,0,a1bbc3be6b9a
AU,868,7,AU868.7,U868.7,0,10,0,0,0,0,0,0,0,5921a11f118e
AU,868,8,AU868.8,U868.8,0,10,0,0,0,0,0,0,0,d714388d683c
AU,869,0,AU869.0,U869.0,1,7,0,0,0,0,0,0,0,9b5f24214ed0
AU,869,1,AU869.1,U869.1,0,17,0,0,0,1,0,0,0,7319ef45ea21
AU,869,2,AU869.2,U869.2,0,18,0,0,0,0,0,0,0,9c4565c3f913
AU,869,3,AU869.3,U869.3,0,18,0,0,0,1,0,0,0,276fda342b28
AU,869,4,AU869.4,U869.4,0,18,0,0,0,0,0,0,0,8c13aae85a72
AU,869,5,AU869.5,U869.5,0,19,0,0,0,1,0,0,0,9f2b4f784460
AU,869,6,AU869.6,U869.6,0,23,0,0,0,1,0,0,0,b41b1270a64f
AU,869,7,AU869.7,U869.7,0,14,0,0,0,0,0,0,0,36a27f7ddc14
AU,869,8,AU869.8,U869.8,0,13,0,0,0,0,0,0,0,ac8889b79b8e
AU,869,9,AU869.9,U869.9,0,17,0,0,0,0,0,0,0,5e1f714ef7d8
AU,869,10,AU869.10,U869.10,0,12,0,0,0,0,0,0,0,53da8c798898
AU,870,0,AU870.0,U870.0,1,7,0,0,0,0,0,0,0,e99427b2ac92
AU,870,1,AU870.1,U870.1,0,21,0,0,0,1,0,0,0,565d4307b7e9
AU,870,2,AU870.2,U870.2,0,59,0,0,0,0,1,0,0,5b3b75cd2efa
AU,870,3,AU870.3,U870.3,0,14,0,0,0,0,0,0,0,c31cf12a284f
AU,870,4,AU870.4,U870.4,0,23,0,0,0,1,0,0,0,20e8d16ac610
AU,870,5,AU870.5,U870.5,0,55,0,0,0,0,0,0,0,8fcf3f817145
AU,870,6,AU870.6,U870.6,0,33,1,0,0,0,0,1,0,239cedea1bf3
AU,870,7,AU870.7,U870.7,0,21,0,0,0,1,0,0,0,dce01e1ba9a7
AU,870,8,AU870.8,U870.8,0,10,0,0,0,1,0,0,0,d239c107924b
AU,871,0,AU871.0,U871.0,1,7,0,0,0,0,0,0,0,91c1eb019de0
AU,871,1,AU871.1,U871.1,0,18,0,0,0,0,0,0,0,c3073e5e4226
AU,871,2,AU871.2,U871.2,0,30,1,1,1,0,0,1,0,4a5f2c7db999
AU,871,3,AU871.3,U871.3,0,20,0,0,0,0,0,0,0,b8a00f7e439f
AU,871,4,AU871.4,U871.4,0,12,0,0,0,0,1,0,0,28d2d0663758
AU,871,5,AU871.5,U871.5,0,9,0,0,0,0,0,0,0,7b0d2869cd62
AU,871,6,AU871.6,U871.6,0,30,0,0,0,1,0,0,0,d56934b33165
AU,871,7,AU871.7,U871.7,0,14,0,0,0,0,0,0,0,d2c5e21f99c0
AU,871,8,AU871.8,U871.8,0,14,0,0,0,0,0,0,0,12d323fdee78
AU,871,9,AU871.9,U871.9,0,11,0,0,0,1,0,0,0,82c879d94a8d
AU,872,0,AU872.0,U872.0,1,7,0,0,0,0,0,0,0,daff6c21285a
AU,872,1,AU872.1,U872.1,0,13,0,0,0,1,0,0,0,76f798b3d2c5
AU,872,2,AU872.2,U872.2,0,15,0,0,0,0,0,0,0,8f11cd23012f
AU,872,3,AU872.3,U872.3,0,14,0,0,0,0,1,0,0,c8c588d9ae9c
AU,872,4,AU872.4,U872.4,0,8,0,0,0,1,0,0,0,3167afb84c78
AU,872,5,AU872.5,U872.5,0,17,0,0,1,0,0,0,0,bb12e7790c03
AU,872,6,AU872.6,U872.6,0,10,0,0,0,0,0,0,0,f77a1b6a922b
AU,872,7,AU872.7,U872.7,0,9,0,0,0,0,0,0,0,870418c5542f
AU,872,8,AU872.8,U872.8,0,7,0,0,0,0,0,0,0,49b7ca34d793
AU,872,9,AU872.9,U872.9,0,12,0,0,0,0,0,0,0,9b57734862d8
AU,873,0,AU873.0,U873.0,1,10,0,0,0,0,0,0,0,ac1831d490ea
AU,873,1,AU873.1,U873.1,0,30,0,0,0,0,1,0,0,f7142f27eb72
AU,873,2,AU873.2,U873.2,0,15,0,0,0,0,0,0,0,6cd8e5b95726
AU,873,3,AU873.3,U873.3,0,13,0,0,1,0,0,0,0,239f6f94f208
AU,873,4,AU873.4,U873.4,0,12,0,0,0,0,0,0,0,7652dc90cbcb
AU,873,5,AU873.5,U873.5,0,13,0,0,0,0,0,0,0,10762294575c
AU,873,6,AU873.6,U873.6,0,27,0,0,0,1,0,0,0,f90dc6ee2542
AU,873,7,AU873.7,U873.7,0,8,0,0,0,0,0,0,0,c28fe7517c4a
AU,873,8,AU873.8,U873.8,0,9,0,0,0,0,0,0,0,039b25c18751
AU,874,0,AU874.0,U874.0,1,10,0,0,0,0,0,0,0,4e54831aecd7
AU,874,1,AU874.1,U874.1,0,26,0,0,0,0,0,0,0,2f28ea4f1101
AU,874,2,AU874.2,U874.2,0,13,0,0,0,0,0,0,0,52d46ae66688
AU,874,3,AU874.3,U874.3,0,25,0,0,0,0,0,0,0,8d198f30dfe6
AU,874,4,AU874.4,U874.4,0,22,0,0,0,0,1,0,0,24d2d015b61a
AU,874,5,AU874.5,U874.5,0,10,0,0,0,0,0,0,0,8060f91f88a3
AU,875,0,AU875.0,U875.0,1,11,0,0,0,0,0,0,0,62f081c3b58f
AU,875,1,AU875.1,U875.1,0,41,0,0,0,1,0,0,0,a917413484a8
AU,875,2,AU875.2,U875.2,0,27,0,0,0,0,1,0,0,1894d4faa81a
AU,875,3,AU875.3,U875.3,0,17,1,0,0,0,0,1,0,beff2c4223e7
AU,875,4,AU875.4,U875.4,0,13,0,1,0,0,0,0,0,a4b3522cd079
AU,875,5,AU875.5,U875.5,0,15,0,0,0,1,0,0,0,924a8a826abb
AU,875,6,AU875.6,U875.6,0,7,0,0,0,0,0,0,0,0cb6416fcb54
AU,876,0,AU876.0,U876.0,1,11,0,0,0,0,0,0,0,bc31d48a190e
AU,876,1,AU876.1,U876.1,0,29,1,0,0,0,0,1,0,da065b8156b5
AU,876,2,AU876.2,U876.2,0,14,0,0,0,0,0,0,0,54ab3a56d850
AU,876,3,AU876.3,U876.3,0,17,0,0,0,1,0,0,0,9783b3c7e13c
AU,876,4,AU876.4,U876.4,0,9,0,0,0,0,0,0,0,cff2f6fe50de
AU,877,0,AU877.0,U877.0,1,11,0,0,0,0,0,0,0,35c1a91f0af5
AU,877,1,AU877.1,U877.1,0,17,0,0,0,1,0,0,0,ea246bcb0e9e
AU,877,2,AU877.2,U877.2,0,16,0,0,0,0,0,0,0,5c8fcfc9d27e
AU,877,3,AU877.3,U877.3,0,17,0,0,1,0,0,0,0,5bad06b968b6
AU,877,4,AU877.4,U877.4,0,9,0,0,0,0,0,0,0,7b95842c0b80
AU,877,5,AU877.5,U877.5,0,22,0,1,0,0,0,0,0,ef585409f235
AU,877,6,AU877.6,U877.6,0,9,0,0,0,0,0,0,0,cf4dd5ae91f5
AU,877,7,AU877.7,U877.7,0,13,0,0,0,1,0,0,0,fe8f2face900
AU,877,8,AU877.8,U877.8,0,9,0,0,0,0,0,0,0,15471e533f71
AU,878,0,AU878.0,U878.0,1,11,0,0,0,0,0,0,0,0205d0746e4d
AU,878,1,AU878.1,U878.1,0,13,0,0,1,0,0,0,0,07ca9d10947f
AU,878,2,AU878.2,U878.2,0,14,1,0,0,0,0,1,0,8e827e55bac0
AU,878,3,AU878.3,U878.3,0,62,1,1,0,0,0,1,0,9468f21c3075
AU,878,4,AU878.4,U878.4,0,13,0,0,0,0,0,0,0,16844ecc911f
AU,878,5,AU878.5,U878.5,0,11,0,0,0,0,0,0,0,66b2d8631950
AU,878,6,AU878.6,U878.6,0,20,0,0,0,0,0,0,0,e2add42b6be7
AU,878,7,AU878.7,U878.7,0,17,0,0,0,1,0,0,0,9783b3c7e13c
AU,878,8,AU878.8,U878.8,0,60,0,0,0,0,0,0,0,e9a5571d77fd
AU,878,9,AU878.9,U878.9,0,21,0,0,0,0,0,0,0,cd2e591de14f
AU,879,0,AU879.0,U879.0,1,11,0,0,0,0,0,0,0,3cd32010dd85
AU,879,1,AU879.1,U879.1,0,80,0,0,0,1,0,0,0,b7f51b8d3909
AU,879,2,AU879.2,U879.2,0,8,0,0,0,0,0,0,0,db0534b977cb
AU,879,3,AU879.3,U879.3,0,13,0,0,0,0,0,0,0,09168935420d
AU,879,4,AU879.4,U879.4,0,11,0,0,0,0,0,0,0,41946071a958
AU,879,5,AU879.5,U879.5,0,12,0,0,0,0,0,0,0,08413d932188
AU,879,6,AU879.6,U879.6,0,20,0,0,0,1,0,0,0,caea26f7c3ed
AU,879,7,AU879.7,U879.7,0,14,0,0,0,0,0,0,0,60b92a0b4113
AU,879,8,AU879.8,U879.8,0,8,0,0,0,0,0,0,0,0ac5e45f2d8b
AU,879,9,AU879.9,U879.9,0,10,0,0,0,0,0,0,0,bb3456c0d6d8
AU,879,10,AU879.10,U879.10,0,12,0,0,0,0,0,0,0,69acf46f0074
AU,879,11,AU879.11,U879.11,0,10,0,0,0,1,0,0,0,4d7c43c24216
AU,879,12,AU879.12,U879.12,0,5,0,0,0,0,0,0,0,a3acac41bc87
AU,880,0,AU880.0,U880.0,1,11,0,0,0,0,0,0,0,9b3749b4af61
AU,880,1,AU880.1,U880.1,0,8,1,0,0,0,0,0,1,b2c5f32da8b1
AU,880,2,AU880.2,U880.2,0,17,0,0,0,0,0,0,0,40a36816890c
AU,880,3,AU880.3,U880.3,0,9,0,0,0,0,0,0,0,380f4e757cdc
AU,880,4,AU880.4,U880.4,0,8,0,0,0,0,0,0,0,fb91b9738e53
AU,880,5,AU880.5,U880.5,0,8,0,0,0,0,0,0,0,07533c5384bb
AU,881,0,AU881.0,U881.0,1,11,0,0,0,0,0,0,0,ea7488b422d4
AU,881,1,AU881.1,U881.1,0,5,0,0,0,0,0,0,0,86134c6cd97e
AU,881,2,AU881.2,U881.2,0,10,0,0,0,0,0,0,0,63e4b2d5305f
AU,881,3,AU881.3,U881.3,0,29,0,0,0,0,0,0,0,736db0ecf384
AU,881,4,AU881.4,U881.4,0,10,0,0,0,0,0,0,0,c302e3979825
AU,881,5,AU881.5,U881.5,0,28,0,0,0,1,0,0,0,957325a8b2bd
AU,881,6,AU881.6,U881.6,0,6,0,0,0,1,0,0,0,b6e0bf23ddbe
AU,881,7,AU881.7,U881.7,0,7,0,0,0,0,1,0,0,7f7132f68583
AU,881,8,AU881.8,U881.8,0,10,0,0,0,0,0,0,0,7ead161091a5
AU,882,0,AU882.0,U882.0,1,11,0,0,0,0,0,0,0,3119dff5663f
AU,882,1,AU882.1,U882.1,0,30,0,0,0,1,0,0,0,6dc60ccebb44
AU,882,2,AU882.2,U882.2,0,12,0,0,0,0,0,0,0,68ab434ddcc0
AU,882,3,AU882.3,U882.3,0,20,0,0,0,0,0,0,0,af122b02d560
AU,882,4,AU882.4,U882.4,0,36,0,0,0,0,0,0,0,fde18ebb8d1f
AU,882,5,AU882.5,U882.5,0,10,0,0,0,0,0,0,0,de246371f52f
AU,882,6,AU882.6,U882.6,0,16,0,0,0,0,0,0,0,a98a63ef4803
AU,882,7,AU882.7,U882.7,0,16,0,0,0,0,0,0,0,211fa9dfd30e
AU,882,8,AU882.8,U882.8,0,8,0,0,0,1,0,0,0,a25955c4c27e
AU,882,9,AU882.9,U882.9,0,8,0,0,0,0,0,0,0,55b56cd5cf49
AU,883,0,AU883.0,U883.0,1,10,0,0,0,0,0,0,0,2dfbb15eb64e
AU,883,1,AU883.1,U883.1,0,9,0,0,0,1,0,0,0,3f719f229a8f
AU,883,2,AU883.2,U883.2,0,9,0,0,0,0,0,0,0,3a53f3847b41
AU,883,3,AU883.3,U883.3,0,41,0,0,0,0,0,0,0,36d86ba2cc10
AU,883,4,AU883.4,U883.4,0,16,0,0,0,0,0,0,0,4e02b723d610
AU,883,5,AU883.5,U883.5,0,12,0,0,0,1,0,0,0,6b803e692233
AU,883,6,AU883.6,U883.6,0,20,0,0,0,0,0,0,0,0f4b89b92193
AU,883,7,AU883.7,U883.7,0,11,0,0,0,1,0,0,0,e9a0e7f39449
AU,883,8,AU883.8,U883.8,0,16,0,0,0,0,0,0,0,bb078f194045
AU,884,0,AU884.0,U884.0,1,10,0,0,0,0,0,0,0,5954a17cf39f
AU,884,1,AU884.1,U884.1,0,14,0,0,0,1,0,0,0,6d2c0d2cf83d
AU,884,2,AU884.2,U884.2,0,12,0,0,0,0,0,0,0,ce69a6b2ae15
AU,884,3,AU884.3,U884.3,0,12,0,0,0,0,1,0,0,3e3cdd67e75b
AU,884,4,AU884.4,U884.4,0,9,0,0,0,0,0,0,0,8aa9bad1cb4a
AU,884,5,AU884.5,U884.5,0,13,0,0,0,0,1,0,0,8b0c6e32aa9f
AU,884,6,AU884.6,U884.6,0,12,0,0,0,0,0,0,0,272ac66ff0a2
AU,884,7,AU884.7,U884.7,0,15,0,0,0,0,0,0,0,60e6042f687b
AU,884,8,AU884.8,U884.8,0,14,0,0,0,0,0,0,0,2fc71c2b9ff9
AU,884,9,AU884.9,U884.9,0,25,0,0,0,0,0,0,0,1de47f3044f1
AU,885,0,AU885.0,U885.0,1,11,0,0,0,0,0,0,0,8219f32f8f38
AU,885,1,AU885.1,U885.1,0,14,0,0,0,1,0,0,0,94fa728d36f3
AU,885,2,AU885.2,U885.2,0,12,0,0,0,0,0,0,0,6a01f2d6a816
AU,885,3,AU885.3,U885.3,0,10,0,0,0,0,0,0,0,76c9d373034f
AU,885,4,AU885.4,U885.4,0,15,0,0,0,0,0,0,0,824727a9e2c0
AU,885,5,AU885.5,U885.5,0,10,0,0,0,0,0,0,0,536e8b032130
AU,885,6,AU885.6,U885.6,0,10,0,0,0,0,0,0,0,323ef1e2c216
AU,885,7,AU885.7,U885.7,0,14,0,0,0,1,0,0,0,05ebd2bc845d
AU,885,8,AU885.8,U885.8,0,20,0,0,0,0,0,0,0,c63981632f8f
AU,885,9,AU885.9,U885.9,0,14,0,0,0,1,1,0,0,cd50a7da0bf2
AU,885,10,AU885.10,U885.10,0,7,0,0,0,1,0,0,0,793f484d2493
AU,885,11,AU885.11,U885.11,0,11,0,0,0,0,0,0,0,ac139201cc7a
AU,886,0,AU886.0,U886.0,1,11,0,0,0,0,0,0,0,f533383415c1
AU,886,1,AU886.1,U886.1,0,18,0,0,0,0,0,0,0,bddf4784e8ca
AU,886,2,AU886.2,U886.2,0,20,0,0,0,1,0,0,0,97801f235fcf
AU,886,3,AU886.3,U886.3,0,12,0,0,0,0,0,0,0,c73e1bfe1f99
AU,886,4,AU886.4,U886.4,0,14,0,0,0,0,0,0,0,a0969480f031
AU,887,0,AU887.0,U887.0,1,7,0,0,0,0,0,0,0,7d3cf8bb66e6
AU,887,1,AU887.1,U887.1,0,20,0,0,0,0,0,0,0,d0f502d17332
AU,887,2,AU887.2,U887.2,0,14,0,0,0,1,0,0,0,b5a4234d1d50
AU,887,3,AU887.3,U887.3,0,17,0,0,0,0,0,0,0,eafb8863746e
AU,887,4,AU887.4,U887.4,0,13,0,0,0,0,0,0,0,6d24f2e7fb40
AU,887,5,AU887.5,U887.5,0,60,0,0,0,1,0,0,0,51844d02f973
AU,888,0,AU888.0,U888.0,1,7,0,0,0,0,0,0,0,a0a6f547babd
AU,888,1,AU888.1,U888.1,0,16,0,0,0,1,0,0,0,89f1316305fa
AU,888,2,AU888.2,U888.2,0,11,0,0,0,0,0,0,0,f4c045eec72c
AU,888,3,AU888.3,U888.3,0,24,0,0,0,0,0,0,0,47d555ae0a36
AU,888,4,AU888.4,U888.4,0,10,0,0,0,0,1,0,0,f6f0e31f3004
AU,888,5,AU888.5,U888.5,0,49,0,0,0,1,0,0,0,53dcebc23008
AU,888,6,AU888.6,U888.6,0,9,0,0,0,0,0,0,0,9a44d9dd20d7
AU,888,7,AU888.7,U888.7,0,8,0,0,0,0,1,0,0,0dfb1fe734e4
AU,888,8,AU888.8,U888.8,0,18,0,0,0,1,0,0,0,4393c2dbaab5
AU,888,9,AU888.9,U888.9,0,14,0,0,0,0,0,0,0,ae829634c1d1
AU,888,10,AU888.10,U888.10,0,10,0,0,0,1,0,0,0,e259eb60afd1
AU,889,0,AU889.0,U889.0,1,7,0,0,0,0,0,0,0,3d56b70d6b15
AU,889,1,AU889.1,U889.1,0,20,0,0,0,0,0,0,0,4ffb1a57ac8a
AU,889,2,AU889.2,U889.2,0,6,0,0,0,0,0,0,0,ede65f2b9607
AU,889,3,AU889.3,U889.3,0,8,0,0,0,0,0,0,0,d1f736e65b87
AU,889,4,AU889.4,U889.4,0,7,0,0,0,1,0,0,0,b2a6ffdb4f07
AU,890,0,AU890.0,U890.0,1,7,0,0,0,0,0,0,0,a6fe64ef6b51
AU,890,1,AU890.1,U890.1,0,17,0,0,0,0,0,0,0,21cedef01c52
AU,890,2,AU890.2,U890.2,0,11,0,0,0,0,0,0,0,7eb48ea6ce02
AU,890,3,AU890.3,U890.3,0,11,0,0,0,0,1,0,0,a4627b70f184
AU,890,4,AU890.4,U890.4,0,12,0,0,0,0,0,0,0,536025022167
AU,890,5,AU890.5,U890.5,0,14,0,0,0,1,0,0,0,353953a15b63
AU,890,6,AU890.6,U890.6,0,7,0,0,0,0,0,0,0,204990b72c2c
AU,891,0,AU891.0,U891.0,1,10,0,0,0,0,0,0,0,fbaa3032813a
AU,891,1,AU891.1,U891.1,0,11,1,0,0,0,0,0,1,979c7e7d617a
AU,891,2,AU891.2,U891.2,0,34,0,0,0,0,0,0,0,b2c2c46e9d5b
AU,891,3,AU891.3,U891.3,0,18,0,0,0,0,0,0,0,9f43ea2ea262
AU,891,4,AU891.4,U891.4,0,11,0,0,0,1,0,0,0,aba4b6371d80
AU,891,5,AU891.5,U891.5,0,10,0,0,0,0,0,0,0,6779f0f86e93
AU,891,6,AU891.6,U891.6,0,6,0,0,0,1,0,0,0,c5768aae2f89
AU,891,7,AU891.7,U891.7,0,6,0,0,0,0,0,0,0,66564dcb897d
AU,891,8,AU891.8,U891.8,0,15,0,0,0,1,0,0,0,301a3fbf0317
AU,891,9,AU891.9,U891.9,0,43,0,1,0,0,0,0,0,2dc7b79a4c7a
AU,891,10,AU891.10,U891.10,0,9,0,0,0,0,0,0,0,0d439903eff0
AU,892,0,AU892.0,U892.0,1,10,0,0,0,0,0,0,0,c8f1e2648eaa
AU,892,1,AU892.1,U892.1,0,11,0,0,0,1,0,0,0,2e39cb871f99
AU,892,2,AU892.2,U892.2,0,33,0,0,0,0,0,0,0,2f50dde0410a
AU,892,3,AU892.3,U892.3,0,6,0,0,0,0,0,0,0,0da43a6aeb00
AU,892,4,AU892.4,U892.4,0,8,0,0,0,0,0,0,0,d66b3b9bd88d
AU,893,0,AU893.0,U893.0,1,11,0,0,0,0,0,0,0,eafa28d7dfc0
AU,893,1,AU893.1,U893.1,0,15,0,0,0,1,0,0,0,099fa4cbed8b
AU,893,2,AU893.2,U893.2,0,18,0,0,0,1,0,0,0,6a8c070a025c
AU,893,3,AU893.3,U893.3,0,14,0,0,1,0,0,0,0,7b57be14d33a
AU,893,4,AU893.4,U893.4,0,26,0,0,0,0,0,0,0,5a80766d7835
AU,893,5,AU893.5,U893.5,0,11,0,0,0,1,0,0,0,f17696d8aa0a
AU,894,0,AU894.0,U894.0,1,10,0,0,0,0,0,0,0,421eb5b450d5
AU,894,1,AU894.1,U894.1,0,17,0,0,0,0,0,0,0,6367b9acdd42
AU,894,2,AU894.2,U894.2,0,9,0,0,0,0,0,0,0,455e15fc2a9c
AU,894,3,AU894.3,U894.3,0,12,0,0,0,1,0,0,0,cdba495244dc
AU,894,4,AU894.4,U894.4,0,6,0,0,0,0,0,0,0,5886f554064c
AU,895,0,AU895.0,U895.0,1,10,0,0,0,0,0,0,0,782d2f143d36
AU,895,1,AU895.1,U895.1,0,10,0,0,0,0,1,0,0,c764568fe3b7
AU,895,2,AU895.2,U895.2,0,9,0,0,0,0,0,0,0,03be45634fa3
AU,895,3,AU895.3,U895.3,0,45,0,0,0,1,0,0,0,f8e0bc41ce0d
AU,895,4,AU895.4,U895.4,0,17,0,0,0,0,0,0,0,716dc68b0feb
AU,895,5,AU895.5,U895.5,0,6,0,0,0,0,0,0,0,aa478e7828d6
AU,895,6,AU895.6,U895.6,0,46,0,0,0,1,0,0,0,89920e5a07f3
AU,896,0,AU896.0,U896.0,1,10,0,0,0,0,0,0,0,70f4abd1fec7
AU,896,1,AU896.1,U896.1,0,20,0,0,0,1,0,0,0,749443437b97
AU,896,2,AU896.2,U896.2,0,9,0,0,0,1,0,0,0,d4d723bb3881
AU,896,3,AU896.3,U896.3,0,9,0,0,0,0,0,0,0,d6108f71281b
AU,896,4,AU896.4,U896.4,0,16,0,0,0,0,0,0,0,c7ed9b2c4472
AU,896,5,AU896.5,U896.5,0,16,0,0,0,1,0,0,0,36baba5c5946
AU,896,6,AU896.6,U896.6,0,8,0,0,0,0,0,0,0,8b9ff0439729
AU,896,7,AU896.7,U896.7,0,18,0,0,0,0,0,0,0,6bdfcec78493
AU,896,8,AU896.8,U896.8,0,21,0,0,0,1,0,0,0,007c4c2f35a8
AU,896,9,AU896.9,U896.9,0,12,0,0,0,1,0,0,0,72634406a489
AU,896,10,AU896.10,U896.10,0,14,0,0,0,0,1,0,0,b9aef361aa45
AU,897,0,AU897.0,U897.0,1,10,0,0,0,0,0,0,0,26ceb3865b19
AU,897,1,AU897.1,U897.1,0,13,0,0,0,1,0,0,0,42dbea08f063
AU,897,2,AU897.2,U897.2,0,48,0,0,0,0,0,0,0,c309ebd43d14
AU,897,3,AU897.3,U897.3,0,14,0,0,0,0,0,0,0,41cec312f80e
AU,898,0,AU898.0,U898.0,1,10,0,0,0,0,0,0,0,90c716a3a1d4
AU,898,1,AU898.1,U898.1,0,13,0,0,0,0,0,0,0,0483c040f4ea
AU,898,2,AU898.2,U898.2,0,8,0,0,0,1,0,0,0,ea0695137669
AU,898,3,AU898.3,U898.3,0,10,0,0,0,0,0,0,0,04aee63a4f74
AU,899,0,AU899.0,U899.0,1,10,0,0,0,0,0,0,0,8b1c26dd98e8
AU,899,1,AU899.1,U899.1,0,16,0,0,0,1,1,0,0,7135b44d2fd9
AU,900,0,AU900.0,U900.0,1,9,0,0,0,0,0,0,0,0c8d848d0478
AU,900,1,AU900.1,U900.1,0,3,0,0,0,0,0,0,0,b231be2985e7
AU,900,2,AU900.2,U900.2,0,10,0,0,0,0,0,0,0,8067ca776764
AU,900,3,AU900.3,U900.3,0,5,0,0,0,0,0,0,0,22b844f99433
AU,900,4,AU900.4,U900.4,0,9,0,0,0,1,0,0,0,72c740e82929
AU,900,5,AU900.5,U900.5,0,13,0,0,0,0,0,0,0,f3519b788cf4
AU,900,6,AU900.6,U900.6,0,8,0,1,0,0,0,0,0,929dfaf45bea
AU,901,0,AU901.0,U901.0,1,9,0,0,0,0,0,0,0,61e37a4743e1
AU,901,1,AU901.1,U901.1,0,65,0,0,0,0,0,0,0,c213f4f4e8b9
AU,901,2,AU901.2,U901.2,0,18,0,0,0,0,0,0,0,3fade232da18
AU,901,3,AU901.3,U901.3,0,16,0,0,0,0,1,0,0,e754a1ee04d8
AU,902,0,AU902.0,U902.0,1,9,0,0,0,0,0,0,0,045cf357dc9b
AU,902,1,AU902.1,U902.1,0,10,0,0,0,0,1,0,0,869f7a57a1ae
AU,902,2,AU902.2,U902.2,0,53,0,0,0,1,1,0,0,40c759bf96d4
AU,902,3,AU902.3,U902.3,0,9,0,0,0,0,0,0,0,34740960eb1c
AU,903,0,AU903.0,U903.0,1,9,0,0,0,0,0,0,0,8405faefbf64
AU,903,1,AU903.1,U903.1,0,31,0,0,0,1,0,0,0,ddce09573536
AU,903,2,AU903.2,U903.2,0,105,0,0,0,1,0,0,0,04054f3973c2
AU,903,3,AU903.3,U903.3,0,17,0,0,0,0,0,0,0,3a18aa3a1679
AU,903,4,AU903.4,U903.4,0,28,0,0,0,0,0,0,0,c526d4f748ff
AU,904,0,AU904.0,U904.0,1,9,0,0,0,0,0,0,0,200a95cbab5e
AU,904,1,AU904.1,U904.1,0,9,0,0,0,1,0,0,0,2e8d211e9f6d
AU,904,2,AU904.2,U904.2,0,23,0,0,0,0,0,0,0,b4db6100f65c
AU,904,3,AU904.3,U904.3,0,16,0,0,0,0,0,0,0,fbbde35cff93
AU,904,4,AU904.4,U904.4,0,19,0,0,0,0,0,0,0,de2d1b63b00d
AU,904,5,AU904.5,U904.5,0,10,0,0,0,0,1,0,0,bd60fb2aa9b3
AU,905,0,AU905.0,U905.0,1,9,0,0,0,0,0,0,0,0ac9ba955cf9
AU,905,1,AU905.1,U905.1,0,12,0,0,0,0,0,0,0,39894370b8e9
AU,905,2,AU905.2,U905.2,0,10,0,0,0,0,0,0,0,84f7fd421819
AU,905,3,AU905.3,U905.3,0,5,0,0,0,0,0,0,0,d81cace8a7ff
AU,905,4,AU905.4,U905.4,0,27,0,0,0,0,0,0,0,7b37197a2f21
AU,906,0,AU906.0,U906.0,1,9,0,0,0,0,0,0,0,30b30d038c1a
AU,906,1,AU906.1,U906.1,0,10,0,0,0,0,0,0,0,1d635a342df7
AU,906,2,AU906.2,U906.2,0,9,0,0,0,0,0,0,0,a55e140fee8b
AU,906,3,AU906.3,U906.3,0,20,0,0,0,0,1,0,0,ea497b97f3b7
AU,906,4,AU906.4,U906.4,0,7,0,0,0,0,0,0,0,bd8b40fc1dc7
AU,906,5,AU906.5,U906.5,0,5,0,0,0,0,0,0,0,ccff850e50ac
AU,907,0,AU907.0,U907.0,1,9,0,0,0,0,0,0,0,d97f61e58cdf
AU,907,1,AU907.1,U907.1,0,12,0,0,0,1,0,0,0,b8dc78062085
AU,907,2,AU907.2,U907.2,0,19,0,0,0,0,0,0,0,2dc48228878d
AU,907,3,AU907.3,U907.3,0,5,0,0,0,0,0,0,0,149368b90f70
AU,907,4,AU907.4,U907.4,0,10,0,0,0,0,0,0,0,16e7ac069f90
AU,908,0,AU908.0,U908.0,1,9,0,0,0,0,0,0,0,05fecce30013
AU,908,1,AU908.1,U908.1,0,24,0,0,0,0,0,0,0,b95cf7078061
AU,908,2,AU908.2,U908.2,0,6,0,0,0,0,0,0,0,63ce00dc2cff
AU,908,3,AU908.3,U908.3,0,117,0,0,0,1,1,0,0,3302695618e8
AU,908,4,AU908.4,U908.4,0,8,0,0,0,0,0,0,0,dedf5d2da8df
AU,908,5,AU908.5,U908.5,0,8,0,0,0,0,0,0,0,299b13ceff52
AU,908,6,AU908.6,U908.6,0,17,0,0,0,0,0,0,0,935b8a1454a9
AU,909,0,AU909.0,U909.0,1,9,0,0,0,0,0,0,0,632bf48d1a86
AU,909,1,AU909.1,U909.1,0,14,0,0,0,0,1,0,0,ff75434ba628
AU,909,2,AU909.2,U909.2,0,10,0,0,0,0,0,0,0,aef18fcb768b
AU,909,3,AU909.3,U909.3,0,9,0,0,0,0,0,0,0,617c2ac71796
AU,909,4,AU909.4,U909.4,0,4,0,0,0,0,0,0,0,8c10fcdfe117
AU,909,5,AU909.5,U909.5,0,24,0,0,0,1,0,0,0,1b43d9fe4cd0
AU,909,6,AU909.6,U909.6,0,9,0,0,0,1,0,0,0,ead539efec70
AU,910,0,AU910.0,U910.0,1,9,0,0,0,0,0,0,0,05fcbdf54c66
AU,910,1,AU910.1,U910.1,0,29,0,0,0,0,0,0,0,51a6adebe81d
AU,910,2,AU910.2,U910.2,0,16,0,0,0,0,0,0,0,334329b1b088
AU,911,0,AU911.0,U911.0,1,9,0,0,0,0,0,0,0,dd2b1dd7371a
AU,911,1,AU911.1,U911.1,0,10,0,0,0,0,0,0,0,57683363008d
AU,911,2,AU911.2,U911.2,0,14,0,0,0,0,0,0,0,c7d05c69e8a7
AU,911,3,AU911.3,U911.3,0,20,0,0,0,0,0,0,0,8212cbef58d3
AU,911,4,AU911.4,U911.4,0,8,0,0,0,0,0,0,0,f22201cd92d8
AU,912,0,AU912.0,U912.0,1,9,0,0,0,0,0,0,0,0f8bd2817c00
AU,912,1,AU912.1,U912.1,0,10,0,0,0,0,0,0,0,4511d4e33e39
AU,912,2,AU912.2,U912.2,0,13,0,0,0,0,0,0,0,39384e306ede
AU,912,3,AU912.3,U912.3,0,16,0,0,0,0,0,0,0,4f4e592df469
AU,912,4,AU912.4,U912.4,0,83,0,0,0,0,0,0,0,da35e14a72c9
AU,912,5,AU912.5,U912.5,0,13,0,0,0,0,0,0,0,3c0f33e4e546
AU,912,6,AU912.6,U912.6,0,19,0,0,0,0,0,0,0,63e3b297ec71
AU,912,7,AU912.7,U912.7,0,12,0,0,0,1,0,0,0,48839357b49f
AU,912,8,AU912.8,U912.8,0,8,0,0,0,0,0,0,0,a816eb8d2551
AU,913,0,AU913.0,U913.0,1,9,0,0,0,0,0,0,0,826fb01f25ef
AU,913,1,AU913.1,U913.1,0,27,0,0,1,0,1,0,0,2681312a28f5
AU,913,2,AU913.2,U913.2,0,39,0,0,0,0,0,0,0,e202854a6236
AU,913,3,AU913.3,U913.3,0,13,0,0,0,0,0,0,0,0a8b2bf305e6
AU,913,4,AU913.4,U913.4,0,40,0,0,0,1,1,0,0,dc86f7e741f4
AU,913,5,AU913.5,U913.5,0,36,0,0,0,0,0,0,0,921234f2ac18
AU,913,6,AU913.6,U913.6,0,49,0,0,0,0,0,0,0,8fb53bd82094
AU,913,7,AU913.7,U913.7,0,5,0,0,0,0,0,0,0,5923c5fa3b1b
AU,913,8,AU913.8,U913.8,0,13,0,0,1,0,1,0,0,9c853c99bd0d
AU,914,0,AU914.0,U914.0,1,9,0,0,0,0,0,0,0,886005521b67
AU,914,1,AU914.1,U914.1,0,19,0,0,0,1,0,0,0,b7fe309374fa
AU,914,2,AU914.2,U914.2,0,22,0,0,0,0,0,0,0,a6cf3408b9bf
AU,914,3,AU914.3,U914.3,0,116,0,0,0,0,0,0,0,6474114f623b
AU,914,4,AU914.4,U914.4,0,25,0,1,0,0,0,0,0,930c42e67bc4
AU,914,5,AU914.5,U914.5,0,11,0,0,0,0,0,0,0,3b2f8419ad7d
AU,914,6,AU914.6,U914.6,0,26,0,0,0,0,0,0,0,4550e34cfdf5
AU,914,7,AU914.7,U914.7,0,162,0,0,0,1,0,0,0,54c26602f661
AU,915,0,AU915.0,U915.0,1,9,0,0,0,0,0,0,0,9150a413d7b7
AU,915,1,AU915.1,U915.1,0,55,0,0,0,1,0,0,0,670e126a0c3c
AU,915,2,AU915.2,U915.2,0,17,0,0,0,0,0,0,0,93f926db6f17
AU,915,3,AU915.3,U915.3,0,59,0,0,0,1,0,0,0,4dbc803d84ea
AU,915,4,AU915.4,U915.4,0,22,0,0,0,1,0,0,0,166d30175c1f
AU,915,5,AU915.5,U915.5,0,16,0,0,0,0,0,0,0,8f4268674e19
AU,915,6,AU915.6,U915.6,0,20,0,0,0,0,0,0,0,1652daa14484
AU,915,7,AU915.7,U915.7,0,26,0,0,0,0,1,0,0,b53b3550110b
AU,916,0,AU916.0,U916.0,1,9,0,0,0,0,0,0,0,388368c91567
AU,916,1,AU916.1,U916.1,0,52,0,0,0,1,0,0,0,78aee0d0e74f
AU,916,2,AU916.2,U916.2,0,9,0,0,0,1,0,0,0,8b8f10b584cc
AU,916,3,AU916.3,U916.3,0,20,0,0,0,0,0,0,0,05adac1b4005
AU,916,4,AU916.4,U916.4,0,25,0,0,0,0,0,0,0,4175ed2ec9ed
AU,916,5,AU916.5,U916.5,0,22,0,0,0,1,0,0,0,a878881b2e21
AU,916,6,AU916.6,U916.6,0,12,0,0,0,0,1,0,0,ddc6279934ea
AU,916,7,AU916.7,U916.7,0,8,0,0,0,1,0,0,0,ea684caa6da1
AU,916,8,AU916.8,U916.8,0,39,0,0,0,1,0,0,0,06452e7ba78f
AU,916,9,AU916.9,U916.9,0,9,0,0,0,0,0,0,0,bdee5cd7febc
AU,917,0,AU917.0,U917.0,1,9,0,0,0,0,0,0,0,051551fb457d
AU,917,1,AU917.1,U917.1,0,58,0,0,0,0,0,0,0,1ae27d24bd5a
AU,917,2,AU917.2,U917.2,0,49,0,0,0,0,1,0,0,84be318cb89b
AU,917,3,AU917.3,U917.3,0,234,0,0,0,0,1,0,0,d49949b76cb4
AU,917,4,AU917.4,U917.4,0,7,0,0,0,0,0,0,0,dce6aba162e3
AU,917,5,AU917.5,U917.5,0,13,0,0,0,0,0,0,0,7df4add14e6e
AU,918,0,AU918.0,U918.0,1,9,0,0,0,0,0,0,0,7227303c3b47
AU,918,1,AU918.1,U918.1,0,16,0,0,0,0,0,0,0,36d5c711f203
AU,918,2,AU918.2,U918.2,0,14,0,0,0,0,0,0,0,522abc71e052
AU,918,3,AU918.3,U918.3,0,9,0,0,0,1,0,0,0,ab8fc3286f76
AU,918,4,AU918.4,U918.4,0,150,0,1,1,0,0,0,0,34a7a2e3e68a
AU,918,5,AU918.5,U918.5,0,9,0,0,1,0,0,0,0,7af064d3cb78
AU,918,6,AU918.6,U918.6,0,14,0,0,0,1,0,0,0,cb939a222168
AU,918,7,AU918.7,U918.7,0,29,0,0,0,1,0,0,0,49e415d620b1
AU,919,0,AU919.0,U919.0,1,9,0,0,0,0,0,0,0,0207e815fe70
AU,919,1,AU919.1,U919.1,0,20,0,0,0,0,0,0,0,fc1fb79f8ca2
AU,919,2,AU919.2,U919.2,0,14,0,0,0,1,0,0,0,a64e25f91783
AU,919,3,AU919.3,U919.3,0,234,0,0,0,1,0,0,0,5701644471ed
AU,919,4,AU919.4,U919.4,0,20,0,0,0,0,1,0,0,da83110eb4de
AU,920,0,AU920.0,U920.0,1,9,0,0,0,0,0,0,0,6ca2b63c23df
AU,920,1,AU920.1,U920.1,0,7,0,0,0,0,0,0,0,e5dae9eaa090
AU,920,2,AU920.2,U920.2,0,19,0,0,0,0,0,0,0,f2989a47747f
AU,920,3,AU920.3,U920.3,0,9,0,0,0,0,0,0,0,39987c7e49cd
AU,920,4,AU920.4,U920.4,0,10,0,0,0,1,0,0,0,2a7a0d6874b6
AU,920,5,AU920.5,U920.5,0,12,0,0,0,0,0,0,0,a1b76ca588d8
AU,920,6,AU920.6,U920.6,0,31,0,0,0,0,0,0,0,d1ad3544f2cc
AU,920,7,AU920.7,U920.7,0,12,0,0,0,0,1,0,0,69482d74e7e5
AU,921,0,AU921.0,U921.0,1,9,0,0,0,0,0,0,0,6b67ed6d5512
AU,921,1,AU921.1,U921.1,0,18,0,0,0,0,0,0,0,315eae0ca91b
AU,921,2,AU921.2,U921.2,0,15,0,0,0,0,0,0,0,512785a2755b
AU,921,3,AU921.3,U921.3,0,5,0,0,0,0,0,0,0,2fa4feb2219f
AU,921,4,AU921.4,U921.4,0,32,0,0,0,1,0,0,0,a023483dcf19
AU,921,5,AU921.5,U921.5,0,7,0,0,0,0,0,0,0,9cee05ba0293
AU,921,6,AU921.6,U921.6,0,21,0,0,0,0,0,0,0,00134534f1b3
AU,921,7,AU921.7,U921.7,0,88,0,0,0,0,0,0,0,cb7f7017e954
AU,921,8,AU921.8,U921.8,0,120,0,0,0,1,0,0,0,a7818088e9fb
AU,921,9,AU921.9,U921.9,0,20,0,0,0,0,0,0,0,51f6e6261ed7
AU,921,10,AU921.10,U921.10,0,39,0,0,0,0,0,0,0,c1df064264b1
AU,922,0,AU922.0,U922.0,1,9,0,0,0,0,0,0,0,0fa8f653ea32
AU,922,1,AU922.1,U922.1,0,62,0,0,0,1,0,0,0,041a38aeac8e
AU,922,2,AU922.2,U922.2,0,29,0,0,0,1,0,0,0,2ee0ef378b10
AU,922,3,AU922.3,U922.3,0,35,0,0,0,1,1,0,0,3fcb3138de5c
AU,923,0,AU923.0,U923.0,1,9,0,0,0,0,0,0,0,182f4013cc1b
AU,923,1,AU923.1,U923.1,0,13,0,0,0,0,0,0,0,a7eb51e7af18
AU,923,2,AU923.2,U923.2,0,10,0,0,0,0,0,0,0,89d414cb428c
AU,923,3,AU923.3,U923.3,0,15,0,0,0,1,0,0,0,edb5be4e474f
AU,923,4,AU923.4,U923.4,0,22,0,0,0,1,0,0,0,e07b1f52a2fe
AU,923,5,AU923.5,U923.5,0,17,0,0,0,0,0,0,0,30255a073050
AU,923,6,AU923.6,U923.6,0,12,0,0,0,0,0,0,0,bec796dde7ea
AU,923,7,AU923.7,U923.7,0,12,0,0,0,1,0,0,0,b8a31518100f
AU,923,8,AU923.8,U923.8,0,15,0,0,0,0,1,0,0,74fe67f78629
AU,923,9,AU923.9,U923.9,0,7,0,0,0,0,0,0,0,15b62b62eee7
AU,924,0,AU924.0,U924.0,1,9,0,0,0,0,0,0,0,d2b6ebaa79ec
AU,924,1,AU924.1,U924.1,0,33,0,0,0,0,0,0,0,311bc59a52d7
AU,924,2,AU924.2,U924.2,0,37,0,0,0,0,0,0,0,2b8871e0e8aa
AU,924,3,AU924.3,U924.3,0,27,0,0,0,0,1,0,0,f11e29837765
AU,924,4,AU924.4,U924.4,0,13,0,0,0,1,0,0,0,c99ce0992f22
AU,924,5,AU924.5,U924.5,0,50,0,0,0,1,0,0,0,f84ce50c0979
AU,924,6,AU924.6,U924.6,0,9,0,0,0,0,0,0,0,1bd6ffdb4cd9
AU,925,0,AU925.0,U925.0,1,9,0,0,0,0,0,0,0,174292131daa
AU,925,1,AU925.1,U925.1,0,13,0,0,0,0,0,0,0,314c2d43891f
AU,925,2,AU925.2,U925.2,0,11,0,0,0,1,0,0,0,749a3874c10c
AU,925,3,AU925.3,U925.3,0,10,0,0,0,0,0,0,0,c5c0ce3de68d
AU,925,4,AU925.4,U925.4,0,19,0,0,0,0,0,0,0,39e914d44627
AU,926,0,AU926.0,U926.0,1,9,0,0,0,0,0,0,0,367ac7e6e30f
AU,926,1,AU926.1,U926.1,0,19,0,0,0,0,0,0,0,a1e1f898e789
AU,926,2,AU926.2,U926.2,0,19,0,0,0,0,0,0,0,19d2ec583bff
AU,926,3,AU926.3,U926.3,0,17,0,0,0,1,0,0,0,c4297beb445b
AU,926,4,AU926.4,U926.4,0,14,0,0,0,0,0,0,0,bf071a379167
AU,926,5,AU926.5,U926.5,0,25,0,0,0,0,0,0,0,9e7cc7ad230b
AU,926,6,AU926.6,U926.6,0,66,0,0,0,0,0,0,0,519b20a95f51
AU,927,0,AU927.0,U927.0,1,9,0,0,0,0,0,0,0,4f15a7134c9f
AU,927,1,AU927.1,U927.1,0,16,0,0,0,0,0,0,0,0a2222c915c5
AU,927,2,AU927.2,U927.2,0,18,0,0,0,0,0,0,0,97c092086ad5
AU,927,3,AU927.3,U927.3,0,18,0,0,0,0,0,0,0,b79262662bb7
AU,927,4,AU927.4,U927.4,0,32,0,0,0,1,0,0,0,7e4cca5906ea
AU,927,5,AU927.5,U927.5,0,18,0,0,0,0,0,0,0,608622665a93
AU,927,6,AU927.6,U927.6,0,14,0,0,0,0,0,0,0,c6ab3907e063
AU,927,7,AU927.7,U927.7,0,9,0,0,0,0,0,0,0,8747a2099a74
AU,928,0,AU928.0,U928.0,1,9,0,0,0,0,0,0,0,fa0eb5c869f4
AU,928,1,AU928.1,U928.1,0,7,0,0,0,0,0,0,0,8355f2f57d71
AU,928,2,AU928.2,U928.2,0,9,0,0,0,0,0,0,0,ec91ec2db067
AU,928,3,AU928.3,U928.3,0,9,0,0,0,0,0,0,0,d4622f505e13
AU,928,4,AU928.4,U928.4,0,12,0,0,0,0,0,0,0,ceff4f74edcf
AU,928,5,AU928.5,U928.5,0,25,0,0,0,0,0,0,0,056298dbb785
AU,928,6,AU928.6,U928.6,0,8,0,0,0,0,0,0,0,70f11cba11dc
AU,928,7,AU928.7,U928.7,0,13,0,0,0,0,0,0,0,099235ca485b
AU,928,8,AU928.8,U928.8,0,5,0,0,0,0,0,0,0,5d45effb7810
AU,929,0,AU929.0,U929.0,1,9,0,0,0,0,0,0,0,50499a88a179
AU,929,1,AU929.1,U929.1,0,27,0,0,0,1,0,0,0,ea3b6199c30e
AU,929,2,AU929.2,U929.2,0,7,0,0,0,0,0,0,0,f5cf5e7814be
AU,929,3,AU929.3,U929.3,0,67,0,0,0,0,0,0,0,0017e07e95d0
AU,929,4,AU929.4,U929.4,0,34,0,0,0,0,0,0,0,4632b52f1c44
AU,930,0,AU930.0,U930.0,1,9,0,0,0,0,0,0,0,0b4586319aa3
AU,930,1,AU930.1,U930.1,0,18,0,0,0,0,0,0,0,653e7a025fb6
AU,930,1,AU930.1,U930.1,0,13,0,0,0,0,0,0,0,ed5f5ff4aa1d
AU,930,2,AU930.2,U930.2,0,12,0,0,0,0,0,0,0,52433794e8cc
AU,930,3,AU930.3,U930.3,0,6,0,0,0,0,0,0,0,a53393e918e5
AU,931,0,AU931.0,U931.0,1,9,0,0,0,0,0,0,0,50dbf0379e30
AU,931,1,AU931.1,U931.1,0,11,0,0,0,0,0,0,0,5661efaeeb69
AU,931,2,AU931.2,U931.2,0,22,0,0,0,1,0,0,0,3a0e8e751cd0
AU,931,3,AU931.3,U931.3,0,10,0,0,0,0,0,0,0,e011cafb8e89
AU,931,4,AU931.4,U931.4,0,13,0,0,0,1,0,0,0,3c78c71898f2
AU,931,5,AU931.5,U931.5,0,8,0,0,0,0,0,0,0,b06eef9fb3dd
AU,932,0,AU932.0,U932.0,1,9,0,0,0,0,0,0,0,40710c7095ca
AU,932,1,AU932.1,U932.1,0,12,0,0,0,1,0,0,0,1c1cc075a611
AU,932,2,AU932.2,U932.2,0,8,0,0,0,0,0,0,0,5083dfe251e4
AU,932,3,AU932.3,U932.3,0,9,0,0,0,0,0,0,0,18a1cc1a391d
AU,932,4,AU932.4,U932.4,0,9,0,0,0,0,0,0,0,c0668050cb25
AU,932,5,AU932.5,U932.5,0,9,0,0,0,0,0,0,0,00468f8ebbbd
AU,932,6,AU932.6,U932.6,0,10,0,0,0,0,0,0,0,2ba8009cb752
AU,932,7,AU932.7,U932.7,0,5,0,0,0,0,0,0,0,3920cd79ac25
AU,933,0,AU933.0,U933.0,1,9,0,0,0,0,0,0,0,c901eb7197a4
AU,933,1,AU933.1,U933.1,0,49,0,0,0,0,0,0,0,11cf8ef9117e
AU,933,2,AU933.2,U933.2,0,11,0,0,0,0,0,0,0,fc39d87df088
AU,933,3,AU933.3,U933.3,0,70,0,0,0,0,0,0,0,e511efa2ddf3
AU,933,4,AU933.4,U933.4,0,9,0,0,0,0,0,0,0,27ed53ccf380
AU,934,0,AU934.0,U934.0,1,9,0,0,0,0,0,0,0,5db97b68a0ff
AU,934,1,AU934.1,U934.1,0,15,0,0,0,0,0,0,0,ac7f9019b8cc
AU,934,2,AU934.2,U934.2,0,11,0,0,0,0,0,0,0,c614be5f0964
AU,935,0,AU935.0,U935.0,1,9,0,0,0,0,0,0,0,6fc2b8af404d
AU,935,1,AU935.1,U935.1,0,9,0,0,0,0,0,0,0,231d78d96df9
AU,935,2,AU935.2,U935.2,0,6,0,0,0,0,0,0,0,8a6e12397776
AU,935,3,AU935.3,U935.3,0,14,0,0,0,1,0,0,0,26fe301cdb10
AU,935,4,AU935.4,U935.4,0,22,0,0,0,0,0,0,0,267ccd521eaa
AU,935,5,AU935.5,U935.5,0,3,0,0,0,0,0,0,0,cdb510db239e
AU,935,6,AU935.6,U935.6,0,15,0,0,0,0,0,0,0,4f90a635373e
AU,935,7,AU935.7,U935.7,0,21,0,0,0,1,0,0,0,524b5bd6d584
AU,936,0,AU936.0,U936.0,1,9,0,0,0,0,0,0,0,494200f1ea48
AU,936,1,AU936.1,U936.1,0,23,0,0,0,1,0,0,0,b820d06bb411
AU,936,2,AU936.2,U936.2,0,23,0,0,0,1,0,0,0,b6de32b3f87c
AU,936,3,AU936.3,U936.3,0,14,0,0,0,1,0,0,0,0ac77ef6459e
AU,937,0,AU937.0,U937.0,1,9,0,0,0,0,0,0,0,213c928f9233
AU,937,1,AU937.1,U937.1,0,12,0,0,0,0,0,0,0,e78071d2c9eb
AU,937,2,AU937.2,U937.2,0,10,0,0,0,0,0,0,0,0ddb9735374f
AU,937,3,AU937.3,U937.3,0,14,0,0,0,1,0,0,0,2f98dbe7d1c9
AU,937,4,AU937.4,U937.4,0,13,0,0,0,0,0,0,0,768b56ab855e
AU,937,5,AU937.5,U937.5,0,9,0,0,0,0,0,0,0,f95d49f1444d
AU,937,6,AU937.6,U937.6,0,54,0,0,1,0,0,0,0,48a9a634a562
AU,937,7,AU937.7,U937.7,0,10,0,0,0,0,0,0,0,1ea55f0a2cbc
AU,937,8,AU937.8,U937.8,0,5,0,0,0,0,0,0,0,7db46013e8b4
AU,938,0,AU938.0,U938.0,1,9,0,0,0,0,0,0,0,999f9def58f8
AU,938,1,AU938.1,U938.1,0,10,0,0,0,0,0,0,0,e14707e25f85
AU,938,2,AU938.2,U938.2,0,9,0,0,0,0,0,0,0,1dbb84ff521e
AU,938,3,AU938.3,U938.3,0,8,0,0,0,0,0,0,0,20115f16c50a
AU,938,4,AU938.4,U938.4,0,20,0,0,0,0,0,0,0,adb4eeed4a02
AU,938,5,AU938.5,U938.5,0,8,0,0,0,0,0,0,0,e43c3dbab6be
AU,938,6,AU938.6,U938.6,0,49,0,0,0,1,0,0,0,2183c76bcc8a
AU,938,7,AU938.7,U938.7,0,14,0,0,0,0,1,0,0,f7a147b7ce38
AU,939,0,AU939.0,U939.0,1,9,0,0,0,0,0,0,0,a2accc5ce32d
AU,939,1,AU939.1,U939.1,0,16,0,0,0,0,0,0,0,a5118ffde758
AU,939,2,AU939.2,U939.2,0,10,0,0,0,0,0,0,0,cbfc6f2b3a2b
AU,939,3,AU939.3,U939.3,0,20,0,0,0,0,0,0,0,e84f83841c49
AU,939,4,AU939.4,U939.4,0,22,0,0,0,1,0,0,0,c0b0b0f49323
AU,939,5,AU939.5,U939.5,0,21,0,0,0,0,0,0,0,3bef3cd020fa
AU,939,6,AU939.6,U939.6,0,16,0,0,1,0,0,0,0,4a92755ccfd5
AU,939,7,AU939.7,U939.7,0,10,0,0,0,0,0,0,0,7269d3407f96
AU,940,0,AU940.0,U940.0,1,13,0,0,0,0,0,0,0,45c6f27e53d6
AU,940,1,AU940.1,U940.1,0,17,0,0,0,0,1,0,0,5922e0febc59
AU,940,2,AU940.2,U940.2,0,10,0,0,0,0,0,0,0,989dc36f255a
AU,940,3,AU940.3,U940.3,0,15,0,0,0,0,0,0,0,4b302d5f635e
AU,940,4,AU940.4,U940.4,0,8,0,0,0,0,0,0,0,d4479599c2a5
AU,940,5,AU940.5,U940.5,0,10,0,0,0,1,0,0,0,ee2c083976ff
AU,940,6,AU940.6,U940.6,0,6,0,0,0,0,0,0,0,185733f0e039
AU,941,0,AU941.0,U941.0,1,13,0,0,0,0,0,0,0,da2fa67557d0
AU,941,1,AU941.1,U941.1,0,12,0,0,0,0,0,0,0,8cdbcd420807
AU,941,2,AU941.2,U941.2,0,6,0,0,0,0,0,0,0,fb6bf9268a7e
AU,941,3,AU941.3,U941.3,0,40,0,0,0,1,1,0,0,0734bdae3afa
AU,941,4,AU941.4,U941.4,0,16,0,0,0,0,0,0,0,9b9c0fb2bc09
AU,941,5,AU941.5,U941.5,0,9,0,0,0,0,1,0,0,359c561a9bd9
AU,941,6,AU941.6,U941.6,0,6,0,0,0,0,0,0,0,2be3d8b34669
AU,942,0,AU942.0,U942.0,1,13,0,0,0,0,0,0,0,8d00f64e4759
AU,942,1,AU942.1,U942.1,0,11,0,0,0,1,0,0,0,9a017855fb52
AU,942,2,AU942.2,U942.2,0,8,0,0,0,0,1,0,0,bdbc29ac59bd
AU,942,3,AU942.3,U942.3,0,18,0,0,0,0,0,0,0,1e3834729fb0
AU,942,4,AU942.4,U942.4,0,39,0,0,0,0,0,0,0,8a5f0dcbbcdf
AU,942,5,AU942.5,U942.5,0,15,0,0,0,0,0,0,0,83ffd5ce1c0e
AU,942,6,AU942.6,U942.6,0,7,0,0,0,1,0,0,0,3fd9ea01e9cd
AU,942,7,AU942.7,U942.7,0,14,0,0,0,1,0,0,0,e513912289e6
AU,943,0,AU943.0,U943.0,1,13,0,0,0,0,0,0,0,c194464a41cb
AU,943,1,AU943.1,U943.1,0,18,0,0,0,0,0,0,0,b8291fa092d1
AU,943,2,AU943.2,U943.2,0,108,0,0,0,1,0,0,0,31209a48a723
AU,943,3,AU943.3,U943.3,0,12,0,0,0,0,1,0,0,19378ab0e099
AU,943,4,AU943.4,U943.4,0,14,0,0,0,0,0,0,0,3ecb100f7025
AU,944,0,AU944.0,U944.0,1,9,0,0,0,0,0,0,0,ac506e28c898
AU,944,1,AU944.1,U944.1,0,8,0,0,0,0,0,0,0,397ea5cf69f4
AU,944,2,AU944.2,U944.2,0,26,0,0,0,0,1,0,0,b96b4f742304
AU,944,3,AU944.3,U944.3,0,26,0,0,0,0,1,0,0,f4f4faa21e7a
AU,944,4,AU944.4,U944.4,0,25,0,0,0,1,0,0,0,c6b91a1a3f30
AU,944,5,AU944.5,U944.5,0,7,0,0,0,0,0,0,0,9bab0e1a73eb
AU,944,6,AU944.6,U944.6,0,8,0,0,0,0,0,0,0,7c15054f2ac5
AU,944,7,AU944.7,U944.7,0,16,0,0,0,0,0,0,0,103572313c6f
AU,945,0,AU945.0,U945.0,1,9,0,0,0,0,0,0,0,b9b1936e5795
AU,945,1,AU945.1,U945.1,0,14,0,0,0,0,0,0,0,401bc77024dd
AU,945,2,AU945.2,U945.2,0,23,0,0,0,0,0,0,0,cfee823901c4
AU,945,3,AU945.3,U945.3,0,14,0,0,0,0,0,0,0,a284b15cb161
AU,945,4,AU945.4,U945.4,0,12,0,0,0,0,0,0,0,bf8cb5fb9969
AU,945,5,AU945.5,U945.5,0,11,0,0,0,1,0,0,0,ef9d556d4ac5
AU,945,6,AU945.6,U945.6,0,9,0,0,0,0,0,0,0,17b4ba488ba0
AU,945,7,AU945.7,U945.7,0,15,0,0,0,0,0,0,0,090527e382ed
AU,946,0,AU946.0,U946.0,1,9,0,0,0,0,0,0,0,9ba357fe03e3
AU,946,1,AU946.1,U946.1,0,20,0,0,0,1,0,0,0,2788d8dc302d
AU,946,2,AU946.2,U946.2,0,6,0,0,0,0,0,0,0,f6e530f96ad4
AU,947,0,AU947.0,U947.0,1,9,0,0,0,0,0,0,0,9c836ffe877d
AU,947,1,AU947.1,U947.1,0,40,0,0,0,0,0,0,0,a1033498f3b2
AU,947,2,AU947.2,U947.2,0,15,0,0,0,0,0,0,0,f9aaa0d501f1
AU,947,3,AU947.3,U947.3,0,30,0,0,0,0,0,0,0,7041861bcd15
AU,947,4,AU947.4,U947.4,0,16,0,0,0,0,1,0,0,05551a7f63e0
AU,947,5,AU947.5,U947.5,0,9,0,0,0,0,0,0,0,50e0972ae6ff
AU,948,0,AU948.0,U948.0,1,9,0,0,0,0,0,0,0,350d183edf3b
AU,948,1,AU948.1,U948.1,0,25,0,0,0,0,0,0,0,037a374e6c50
AU,948,2,AU948.2,U948.2,0,7,0,0,0,0,0,0,0,d0afcb02ba77
AU,948,3,AU948.3,U948.3,0,12,0,0,0,0,0,0,0,56c7d02a5a94
AU,948,4,AU948.4,U948.4,0,20,0,0,0,0,0,0,0,aea3454efe8d
AU,948,5,AU948.5,U948.5,0,11,0,0,0,0,0,0,0,b42e4009ff80
AU,949,0,AU949.0,U949.0,1,9,0,0,0,0,0,0,0,9b282064683e
AU,949,1,AU949.1,U949.1,0,22,0,0,0,0,0,0,0,637e890d0625
AU,949,2,AU949.2,U949.2,0,14,0,0,0,0,0,0,0,10d490dc397c
AU,949,3,AU949.3,U949.3,0,8,0,0,0,0,0,0,0,3836e3aa7751
AU,949,4,AU949.4,U949.4,0,10,0,0,0,0,0,0,0,d5f6bc4e7ad1
AU,949,5,AU949.5,U949.5,0,14,0,0,0,0,0,0,0,8760f042e432
AU,950,0,AU950.0,U950.0,1,9,0,0,0,0,0,0,0,ea941f686fb1
AU,950,1,AU950.1,U950.1,0,12,0,0,0,1,0,0,0,d8eea0ad1cb1
AU,950,2,AU950.2,U950.2,0,5,0,0,1,0,0,0,0,71c088abb63a
AU,950,3,AU950.3,U950.3,0,22,0,0,0,1,0,0,0,392927046195
AU,950,4,AU950.4,U950.4,0,29,0,0,0,0,0,0,0,6a53d5c311b3
AU,950,5,AU950.5,U950.5,0,56,0,0,0,1,0,0,0,65d9191412e1
AU,950,6,AU950.6,U950.6,0,4,0,0,0,0,0,0,0,8f0bbafe1f75
AU,950,7,AU950.7,U950.7,0,34,0,0,0,0,0,0,0,91893f65b7ba
AU,951,0,AU951.0,U951.0,1,9,0,0,0,0,0,0,0,a74029222f6c
AU,951,1,AU951.1,U951.1,0,10,0,0,0,0,0,0,0,0f264bf41f57
AU,951,2,AU951.2,U951.2,0,8,0,0,0,0,0,0,0,0ed16dc07c84
AU,951,3,AU951.3,U951.3,0,56,0,0,0,0,0,0,0,be799f7001dc
AU,951,4,AU951.4,U951.4,0,30,0,0,0,0,0,0,0,fcffb91f7e20
AU,951,5,AU951.5,U951.5,0,8,0,0,0,0,0,0,0,41fb7e398d9b
AU,951,6,AU951.6,U951.6,0,4,0,0,0,0,0,0,0,6eefa4e32a16
AU,951,7,AU951.7,U951.7,0,13,0,0,0,0,0,0,0,7c7db6e965a3
AU,952,0,AU952.0,U952.0,1,9,0,0,0,0,0,0,0,8c48cd8a97d7
AU,952,1,AU952.1,U952.1,0,23,0,1,0,0,0,0,0,7340683397c9
AU,952,2,AU952.2,U952.2,0,16,0,1,1,0,0,0,0,e2a42c47ce3b
AU,952,3,AU952.3,U952.3,0,35,0,0,0,1,0,0,0,f8e9cfc23246
AU,953,0,AU953.0,U953.0,1,9,0,0,0,0,0,0,0,36058c512094
AU,953,1,AU953.1,U953.1,0,13,0,0,0,1,1,0,0,fc2f5a935276
AU,953,2,AU953.2,U953.2,0,9,0,0,0,0,0,0,0,983b5ecb7f9d
AU,953,3,AU953.3,U953.3,0,17,0,0,0,0,0,0,0,9c3869d6d60d
AU,953,4,AU953.4,U953.4,0,49,0,0,0,1,0,0,0,8646ac466130
AU,954,0,AU954.0,U954.0,1,9,0,0,0,0,0,0,0,589d99e15f36
AU,954,1,AU954.1,U954.1,0,14,0,0,0,0,0,0,0,e014d2de57c8
AU,954,2,AU954.2,U954.2,0,10,0,1,0,0,0,0,0,8bf19977cec1
AU,954,3,AU954.3,U954.3,0,13,0,0,0,0,0,0,0,b8b612c8fd3e
AU,954,4,AU954.4,U954.4,0,7,0,0,0,0,0,0,0,75b4890d0e4c
AU,954,5,AU954.5,U954.5,0,18,0,0,0,0,0,0,0,d523231c70bc
AU,954,6,AU954.6,U954.6,0,17,0,0,0,0,0,0,0,7c4156933530
AU,954,7,AU954.7,U954.7,0,14,0,0,0,0,1,0,0,0fab6f7b3154
AU,954,8,AU954.8,U954.8,0,12,0,0,0,1,0,0,0,d4f6cca7204a
AU,955,0,AU955.0,U955.0,1,14,0,0,0,0,0,0,0,9e6a7dadb56d
AU,955,1,AU955.1,U955.1,0,20,0,0,0,1,0,0,0,7ce0283e62aa
AU,955,2,AU955.2,U955.2,0,20,0,0,0,1,0,0,0,f2982e06f917
AU,955,3,AU955.3,U955.3,0,36,0,0,0,0,0,0,0,6af9b5ce7061
AU,956,0,AU956.0,U956.0,1,14,0,0,0,0,0,0,0,efffe02726a1
AU,956,1,AU956.1,U956.1,0,26,0,0,0,0,0,0,0,8433a1915f68
AU,956,2,AU956.2,U956.2,0,8,0,0,0,0,0,0,0,ebf030d42976
AU,956,3,AU956.3,U956.3,0,62,0,0,0,0,1,0,0,46bdacebfc29
AU,956,4,AU956.4,U956.4,0,28,0,0,0,1,0,0,0,1555618719a7
AU,956,5,AU956.5,U956.5,0,4,0,0,0,0,0,0,0,78b8ed628fe4
AU,957,0,AU957.0,U957.0,1,9,0,0,0,0,0,0,0,df183d2e94a3
AU,957,1,AU957.1,U957.1,0,19,0,0,0,0,0,0,0,fdd710996323
AU,957,2,AU957.2,U957.2,0,30,0,0,0,0,1,0,0,78c354f23199
AU,957,3,AU957.3,U957.3,0,23,0,0,0,0,0,0,0,a1c8b3cd5577
AU,958,0,AU958.0,U958.0,1,9,0,0,0,0,0,0,0,cde148e84ed5
AU,958,1,AU958.1,U958.1,0,12,0,0,0,0,0,0,0,729d80d18342
AU,958,2,AU958.2,U958.2,0,12,0,0,0,0,0,0,0,833a4b91b435
AU,958,3,AU958.3,U958.3,0,3,0,0,0,0,0,0,0,56543664ec3c
AU,958,4,AU958.4,U958.4,0,8,0,0,0,0,1,0,0,b603f7f9cf70
AU,958,5,AU958.5,U958.5,0,10,0,0,0,0,0,0,0,1eb73c75baa3
AU,958,6,AU958.6,U958.6,0,8,0,0,0,0,0,0,0,36cb42170da3
AU,959,0,AU959.0,U959.0,1,9,0,0,0,0,0,0,0,65f06761b32a
AU,959,1,AU959.1,U959.1,0,10,0,0,0,1,1,0,0,d67b1dcd11ab
AU,959,2,AU959.2,U959.2,0,16,0,0,0,0,0,0,0,8af345e01f8d
AU,959,3,AU959.3,U959.3,0,15,0,0,0,0,1,0,0,5f8d08ba7b45
AU,959,4,AU959.4,U959.4,0,10,0,0,0,0,0,0,0,dfce694e3a2d
AU,960,0,AU960.0,U960.0,1,9,0,0,0,0,0,0,0,51bb79b55107
AU,960,1,AU960.1,U960.1,0,13,0,0,0,0,0,0,0,c8c31b38103c
AU,960,2,AU960.2,U960.2,0,12,0,0,0,0,0,0,0,0534d6d6c9c4
AU,960,3,AU960.3,U960.3,0,11,0,0,0,0,0,0,0,65a039a18600
AU,960,4,AU960.4,U960.4,0,10,0,0,0,0,0,0,0,ab5bcf34c1fb
AU,960,5,AU960.5,U960.5,0,6,0,0,0,0,0,0,0,ef96558acd1f
AU,961,0,AU961.0,U961.0,1,9,0,0,0,0,0,0,0,1c4cca2cbd82
AU,961,1,AU961.1,U961.1,0,24,0,0,0,0,1,0,0,9d7a1c920214
AU,961,2,AU961.2,U961.2,0,8,0,0,0,0,0,0,0,edad5a94b7b9
AU,961,3,AU961.3,U961.3,0,10,0,0,0,0,0,0,0,624a6b990017
AU,961,4,AU961.4,U961.4,0,11,0,0,0,0,1,0,0,b219e8f3847b
AU,961,5,AU961.5,U961.5,0,12,0,0,0,0,0,0,0,6a4c501139c7
AU,962,0,AU962.0,U962.0,1,9,0,0,0,0,0,0,0,9f7c30b78b73
AU,962,1,AU962.1,U962.1,0,37,0,0,0,0,0,0,0,4e0d47fdc847
AU,962,2,AU962.2,U962.2,0,14,0,0,0,0,0,0,0,07a480cc2fbf
AU,962,3,AU962.3,U962.3,0,10,0,0,0,0,0,0,0,d72311f13424
AU,963,0,AU963.0,U963.0,1,9,0,0,0,0,0,0,0,8f18118a3e54
AU,963,1,AU963.1,U963.1,0,29,0,0,0,0,0,0,0,3743c908e66f
AU,963,2,AU963.2,U963.2,0,30,0,0,0,0,0,0,0,d84848dbca3e
AU,963,3,AU963.3,U963.3,0,10,0,0,0,0,0,0,0,7561a17a750b
AU,963,4,AU963.4,U963.4,0,6,0,0,0,0,1,0,0,d28f2b342af6
AU,963,5,AU963.5,U963.5,0,5,0,0,0,0,0,0,0,a8f30835b62b
AU,963,6,AU963.6,U963.6,0,7,0,0,0,0,0,0,0,fe160693089b
AU,963,7,AU963.7,U963.7,0,10,0,0,0,0,0,0,0,becd549c4ec7
AU,964,0,AU964.0,U964.0,1,9,0,0,0,0,0,0,0,986055eb665f
AU,964,1,AU964.1,U964.1,0,18,0,0,0,0,0,0,0,e3e2dbb7f447
AU,964,2,AU964.2,U964.2,0,18,0,0,0,0,0,0,0,c65185a760d4
AU,964,3,AU964.3,U964.3,0,10,0,0,0,0,0,0,0,2c79f917943e
AU,964,4,AU964.4,U964.4,0,16,0,0,0,0,0,0,0,3beb58008fd1
AU,964,5,AU964.5,U964.5,0,19,0,0,0,1,0,0,0,216d4d7d10e2
AU,964,6,AU964.6,U964.6,0,48,0,0,0,1,0,0,0,e97d949f81a2
AU,965,0,AU965.0,U965.0,1,9,0,0,0,0,0,0,0,be52a067593f
AU,965,1,AU965.1,U965.1,0,20,0,0,0,0,0,0,0,9fc7e080149c
AU,965,2,AU965.2,U965.2,0,10,0,0,0,0,0,0,0,03b4d57d3767
AU,965,3,AU965.3,U965.3,0,18,0,0,0,0,0,0,0,28088fc1c310
AU,965,4,AU965.4,U965.4,0,21,0,1,0,0,0,0,0,8010a03f7e2b
AU,965,5,AU965.5,U965.5,0,17,0,0,0,1,0,0,0,001fa6fd720a
AU,965,6,AU965.6,U965.6,0,17,0,0,0,1,0,0,0,a75316724b0b
AU,966,0,AU966.0,U966.0,1,9,0,0,0,0,0,0,0,0e041ea191f3
AU,966,1,AU966.1,U966.1,0,31,0,0,0,1,1,0,0,450eac60a248
AU,966,2,AU966.2,U966.2,0,9,0,0,0,0,0,0,0,d986acde4da0
AU,966,3,AU966.3,U966.3,0,9,0,0,0,0,0,0,0,7e69f3c25aef
AU,966,4,AU966.4,U966.4,0,13,0,0,0,1,0,0,0,166cb6cfc74d
AU,967,0,AU967.0,U967.0,1,9,0,0,0,0,0,0,0,5bd291a15d34
AU,967,1,AU967.1,U967.1,0,14,0,1,0,0,0,0,0,7e3826d77c66
AU,967,2,AU967.2,U967.2,0,9,0,0,0,0,0,0,0,596b3d66e5ff
AU,967,3,AU967.3,U967.3,0,37,0,0,0,0,0,0,0,bf1e6b9bacb7
AU,967,4,AU967.4,U967.4,0,13,0,0,0,0,0,0,0,0e8f165704d8
AU,967,5,AU967.5,U967.5,0,11,0,0,0,0,1,0,0,80636e788814
AU,967,6,AU967.6,U967.6,0,15,0,0,0,1,1,0,0,147bb001d45e
AU,968,0,AU968.0,U968.0,1,9,0,0,0,0,0,0,0,f4db8e7edb51
AU,968,1,AU968.1,U968.1,0,7,0,0,0,0,0,0,0,c46efc22ce91
AU,968,2,AU968.2,U968.2,0,14,0,0,0,0,0,0,0,e206696ce7ec
AU,968,3,AU968.3,U968.3,0,34,0,0,0,0,1,0,0,63638198ea84
AU,968,4,AU968.4,U968.4,0,5,0,0,0,0,0,0,0,a576d45f731c
AU,969,0,AU969.0,U969.0,1,9,0,0,0,0,0,0,0,274372d71c83
AU,969,1,AU969.1,U969.1,0,30,0,0,0,0,0,0,0,520ad2112b71
AU,969,2,AU969.2,U969.2,0,8,0,0,0,0,0,0,0,5338de403875
AU,969,3,AU969.3,U969.3,0,11,0,0,0,0,0,0,0,6590f78ce5c1
AU,970,0,AU970.0,U970.0,1,9,0,0,0,0,0,0,0,05e333d17669
AU,970,1,AU970.1,U970.1,0,6,0,0,0,0,0,0,0,9adf79afd9f6
AU,970,2,AU970.2,U970.2,0,16,0,0,0,0,0,0,0,0a46c52d4b80
AU,970,3,AU970.3,U970.3,0,24,0,0,0,0,0,0,0,429ddb6b495a
AU,970,4,AU970.4,U970.4,0,51,0,0,0,0,0,0,0,0bcd8ccffdd2
AU,970,5,AU970.5,U970.5,0,12,0,0,0,0,0,0,0,f54d58b680e7
AU,970,6,AU970.6,U970.6,0,23,0,0,0,0,0,0,0,c2b2a5288b52
AU,971,0,AU971.0,U971.0,1,9,0,0,0,0,0,0,0,28cc93335742
AU,971,1,AU971.1,U971.1,0,15,0,1,1,0,0,0,0,1d3cdb84a831
AU,971,2,AU971.2,U971.2,0,14,0,0,0,1,0,0,0,27e289ab59a2
AU,971,3,AU971.3,U971.3,0,8,0,0,0,0,0,0,0,608606cab338
AU,971,4,AU971.4,U971.4,0,11,0,0,0,0,0,0,0,b1d9fa9395a1
AU,971,5,AU971.5,U971.5,0,12,0,0,0,0,0,0,0,4da3cf7990d6
AU,971,6,AU971.6,U971.6,0,24,0,0,0,1,0,0,0,cba80c6b32f6
AU,972,0,AU972.0,U972.0,1,9,0,0,0,0,0,0,0,62f3ea49debb
AU,972,1,AU972.1,U972.1,0,24,0,0,0,0,0,0,0,44f7c43613cf
AU,972,2,AU972.2,U972.2,0,10,0,0,0,0,0,0,0,3d08cacb7d67
AU,972,3,AU972.3,U972.3,0,8,0,0,0,0,0,0,0,dd8e18266f92
AU,972,4,AU972.4,U972.4,0,14,0,0,0,0,0,0,0,830cc40a6b2c
AU,972,5,AU972.5,U972.5,0,7,0,0,0,0,0,0,0,3f45ae8051fe
AU,973,0,AU973.0,U973.0,1,9,0,0,0,0,0,0,0,edc7770c5c35
AU,973,1,AU973.1,U973.1,0,8,0,0,0,0,0,0,0,789f9f650da6
AU,973,2,AU973.2,U973.2,0,31,0,0,0,0,0,0,0,088c296ec611
AU,973,3,AU973.3,U973.3,0,10,0,0,0,0,0,0,0,06d8876b9f3e
AU,973,4,AU973.4,U973.4,0,14,0,0,0,0,0,0,0,acb326d75193
AU,973,5,AU973.5,U973.5,0,15,0,0,0,0,1,0,0,bf932b7ab282
AU,974,0,AU974.0,U974.0,1,9,0,0,0,0,0,0,0,864ac2d92be0
AU,974,1,AU974.1,U974.1,0,32,0,0,0,0,0,0,0,f266473b88e6
AU,974,2,AU974.2,U974.2,0,8,0,0,0,0,0,0,0,e00fe7213214
AU,974,3,AU974.3,U974.3,0,12,0,0,0,1,0,0,0,5165bff96995
AU,974,4,AU974.4,U974.4,0,33,0,0,0,0,0,0,0,ba5ae513cfa0
AU,975,0,AU975.0,U975.0,1,9,0,0,0,0,0,0,0,e9450e43a8d1
AU,975,1,AU975.1,U975.1,0,11,0,0,1,0,0,0,0,fb6593eebdd0
AU,975,2,AU975.2,U975.2,0,17,0,0,1,0,0,0,0,1a91f6eb3a3e
AU,975,3,AU975.3,U975.3,0,9,0,1,0,0,0,0,0,a4cd68cef578
AU,975,4,AU975.4,U975.4,0,15,0,0,0,0,0,0,0,6153d9641459
AU,975,6,AU975.6,U975.6,0,7,0,0,0,0,0,0,0,d5d3fb316990
AU,976,0,AU976.0,U976.0,1,9,0,0,0,0,0,0,0,d2fcf4567785
AU,976,1,AU976.1,U976.1,0,15,0,0,0,0,1,0,0,91c65e05e21f
AU,976,2,AU976.2,U976.2,0,16,0,0,0,1,0,0,0,809fbc5ad6b9
AU,976,3,AU976.3,U976.3,0,12,0,0,0,0,0,0,0,f2442b650e96
AU,976,4,AU976.4,U976.4,0,11,0,0,0,0,0,0,0,a363ded4753f
AU,976,5,AU976.5,U976.5,0,14,0,0,0,0,0,0,0,e7b40749dbeb
AU,977,0,AU977.0,U977.0,1,9,0,0,0,0,0,0,0,17f9a59134df
AU,977,1,AU977.1,U977.1,0,23,0,0,0,0,0,0,0,98ed0572d4df
AU,977,2,AU977.2,U977.2,0,8,0,0,0,0,0,0,0,a395c6b0647e
AU,977,3,AU977.3,U977.3,0,10,0,0,0,0,0,0,0,43db6da29e07
AU,977,4,AU977.4,U977.4,0,15,0,1,0,0,0,0,0,a101aa24afe4
AU,977,5,AU977.5,U977.5,0,8,0,0,0,0,0,0,0,b99f5b999dea
AU,978,0,AU978.0,U978.0,1,9,0,0,0,0,0,0,0,005b346780fc
AU,978,1,AU978.1,U978.1,0,5,1,0,0,0,0,0,1,fdbe8f023af4
AU,978,2,AU978.2,U978.2,0,18,0,0,0,0,0,0,0,b002165ac513
AU,978,3,AU978.3,U978.3,0,31,0,0,0,0,1,0,0,10a09b92b932
AU,978,4,AU978.4,U978.4,0,18,0,0,0,0,0,0,0,a3f6b08d1798
AU,978,5,AU978.5,U978.5,0,8,0,0,0,0,1,0,0,17dc86529488
AU,978,6,AU978.6,U978.6,0,7,0,0,0,0,0,0,0,9153fc8dfa31
AU,979,0,AU979.0,U979.0,1,9,0,0,0,0,0,0,0,426f779a8be3
AU,979,1,AU979.1,U979.1,0,8,0,0,0,0,0,0,0,5daa7b109785
AU,979,2,AU979.2,U979.2,0,10,0,0,0,0,0,0,0,2e2a60d2d87c
AU,979,3,AU979.3,U979.3,0,9,0,0,0,0,0,0,0,e25722550395
AU,979,4,AU979.4,U979.4,0,11,0,0,0,0,0,0,0,263b5f4f0dd3
AU,980,0,AU980.0,U980.0,1,9,0,0,0,0,0,0,0,194dc85d1662
AU,980,1,AU980.1,U980.1,0,69,0,0,0,1,0,0,0,87986c362c3d
AU,980,2,AU980.2,U980.2,0,101,0,0,0,1,0,0,0,83cd0c88dabd
AU,980,3,AU980.3,U980.3,0,43,0,1,0,0,0,0,0,105b95d0f3bb
AU,980,4,AU980.4,U980.4,0,15,0,0,0,0,0,0,0,f5ffd8d579c2
AU,980,5,AU980.5,U980.5,0,36,0,0,0,0,0,0,0,afff349efa3f
AU,980,6,AU980.6,U980.6,0,9,0,0,0,0,0,0,0,8d902b491e23
AU,980,7,AU980.7,U980.7,0,14,0,0,0,0,0,0,0,d6b18847a015
AU,980,8,AU980.8,U980.8,0,18,0,0,0,0,1,0,0,0d18cd451e0a
AU,981,0,AU981.0,U981.0,1,9,0,0,0,0,0,0,0,e4535c6ce87a
AU,981,1,AU981.1,U981.1,0,20,0,0,0,0,0,0,0,9e2d0b4426ab
AU,981,2,AU981.2,U981.2,0,25,0,0,0,0,0,0,0,a572c73ba515
AU,981,3,AU981.3,U981.3,0,7,0,0,0,0,0,0,0,f7199a01d8c6
AU,982,0,AU982.0,U982.0,1,9,0,0,0,0,0,0,0,8c643da1aa7e
AU,982,1,AU982.1,U982.1,0,9,0,0,0,0,0,0,0,8e5d37720f36
AU,982,2,AU982.2,U982.2,0,12,0,0,0,0,0,0,0,d5dd7b5f7db1
AU,982,3,AU982.3,U982.3,0,13,0,0,0,0,0,0,0,f0f73854f478
AU,982,4,AU982.4,U982.4,0,10,0,0,0,1,0,0,0,453b0d0bf5b5
AU,983,0,AU983.0,U983.0,1,9,0,0,0,0,0,0,0,eec9c646b623
AU,983,1,AU983.1,U983.1,0,18,0,0,0,1,0,0,0,a978bb32a85f
AU,983,2,AU983.2,U983.2,0,44,0,0,0,0,1,0,0,c1acfc6971ed
AU,983,3,AU983.3,U983.3,0,11,0,0,0,0,0,0,0,cf4b535a0ace
AU,984,0,AU984.0,U984.0,1,9,0,0,0,0,0,0,0,72e622c743e0
AU,984,1,AU984.1,U984.1,0,16,0,0,0,1,0,0,0,3dae3f672460
AU,984,2,AU984.2,U984.2,0,14,0,0,0,0,0,0,0,f83b79c9e3bc
AU,984,3,AU984.3,U984.3,0,11,0,0,0,0,1,0,0,64d48c5b61ba
AU,984,4,AU984.4,U984.4,0,14,0,0,0,0,0,0,0,263f5f1f213c
AU,985,0,AU985.0,U985.0,1,14,0,0,0,0,0,0,0,313cad339123
AU,985,1,AU985.1,U985.1,0,19,0,0,0,0,0,0,0,18537b87b4fb
AU,985,2,AU985.2,U985.2,0,52,0,0,0,0,0,0,0,d58f19ea609c
AU,986,0,AU986.0,U986.0,1,9,0,0,0,0,0,0,0,1b22d8647932
AU,986,1,AU986.1,U986.1,0,34,0,0,0,1,0,0,0,1154c2fe0165
AU,986,2,AU986.2,U986.2,0,24,1,0,0,0,0,1,0,f5a28ad393cf
AU,986,3,AU986.3,U986.3,0,25,1,0,0,0,0,0,1,84254382ccba
AU,987,0,AU987.0,U987.0,1,9,0,0,0,0,0,0,0,20cc234ab5fc
AU,987,1,AU987.1,U987.1,0,18,0,1,0,0,0,0,0,0cfc16c552bf
AU,987,2,AU987.2,U987.2,0,26,0,0,1,0,0,0,0,af6910c6c69e
AU,987,3,AU987.3,U987.3,0,19,1,0,0,0,0,0,1,0123078b72f1
AU,988,0,AU988.0,U988.0,1,14,0,0,0,0,0,0,0,8527f8b4faa4
AU,988,1,AU988.1,U988.1,0,23,0,0,0,0,1,0,0,bd659f52349e
AU,988,2,AU988.2,U988.2,0,20,0,0,0,1,0,0,0,81e06b146e01
AU,988,3,AU988.3,U988.3,0,20,0,0,0,1,0,0,0,4288a538278f
AU,988,4,AU988.4,U988.4,0,14,0,0,0,0,0,0,0,91b8e9023bc2
AU,988,5,AU988.5,U988.5,0,12,0,0,0,0,0,0,0,8d9038fc4934
AU,989,0,AU989.0,U989.0,1,9,0,0,0,0,0,0,0,ede724dc74c0
AU,989,1,AU989.1,U989.1,0,32,0,0,0,1,0,0,0,bfb716673183
AU,989,2,AU989.2,U989.2,0,9,0,0,0,0,0,0,0,1006b49067ab
AU,989,3,AU989.3,U989.3,0,14,0,0,0,0,0,0,0,5e5167648026
AU,989,4,AU989.4,U989.4,0,13,1,0,0,0,0,1,0,fee4490b4b9d
AU,989,5,AU989.5,U989.5,0,8,0,0,0,0,0,0,0,eb36b4298c19
AU,989,6,AU989.6,U989.6,0,20,0,0,0,0,0,0,0,d8adad38227e
AU,989,7,AU989.7,U989.7,0,22,0,1,0,0,0,0,0,71b9be1269b3
AU,989,8,AU989.8,U989.8,0,17,0,0,0,0,0,0,0,e9358d3c88fc
AU,989,9,AU989.9,U989.9,0,11,0,0,0,0,0,0,0,8e440254c6fe
AU,990,0,AU990.0,U990.0,1,9,0,0,0,0,0,0,0,defe924b9b3f
AU,990,1,AU990.1,U990.1,0,7,0,0,0,0,0,0,0,fc121551f069
AU,990,2,AU990.2,U990.2,0,19,0,0,0,0,0,0,0,6d1fab0fb5d3
AU,990,3,AU990.3,U990.3,0,26,0,0,0,0,0,0,0,0bf854cff608
AU,991,0,AU991.0,U991.0,1,9,0,0,0,0,0,0,0,36b7ffeb6a30
AU,991,1,AU991.1,U991.1,0,14,0,0,0,1,0,0,0,f5ba29983687
AU,991,2,AU991.2,U991.2,0,30,0,0,0,0,1,0,0,ff08eebe8912
AU,992,0,AU992.0,U992.0,1,9,0,0,0,0,0,0,0,3b97424d0a2b
AU,992,1,AU992.1,U992.1,0,19,0,0,0,0,0,0,0,9b5abf4537c9
AU,992,2,AU992.2,U992.2,0,8,0,0,0,0,0,0,0,05828167cd3f
AU,992,3,AU992.3,U992.3,0,15,0,0,0,0,0,0,0,4da1b27c3d70
AU,992,4,AU992.4,U992.4,0,11,0,0,0,0,0,0,0,cffd70dcfd2e
AU,993,0,AU993.0,U993.0,1,14,0,0,0,0,0,0,0,8f7e034b4997
AU,993,1,AU993.1,U993.1,0,18,0,0,0,0,0,0,0,691989000448
AU,993,2,AU993.2,U993.2,0,14,0,0,0,0,0,0,0,30aa9f71a839
AU,993,3,AU993.3,U993.3,0,7,0,0,0,0,0,0,0,c1d71f13e741
AU,993,4,AU993.4,U993.4,0,18,0,0,0,0,0,0,0,067677b234d9
AU,993,5,AU993.5,U993.5,0,18,0,0,0,0,0,0,0,567962e569e6
AU,993,6,AU993.6,U993.6,0,15,0,0,0,0,0,0,0,41af8c828eb4
AU,993,7,AU993.7,U993.7,0,12,0,0,0,0,0,0,0,ea5c3288d4bb
AU,993,8,AU993.8,U993.8,0,40,0,0,0,0,0,0,0,797b100a4f2b
AU,994,0,AU994.0,U994.0,1,9,0,0,0,0,0,0,0,92dc20234072
AU,994,1,AU994.1,U994.1,0,15,0,0,0,0,1,0,0,ec8397d434cb
AU,994,2,AU994.2,U994.2,0,15,0,0,0,0,0,0,0,ccb5e30c5ec3
AU,994,3,AU994.3,U994.3,0,9,0,0,0,0,0,0,0,dcb6e6c8e4fe
AU,994,4,AU994.4,U994.4,0,10,0,0,0,0,0,0,0,28f46ae72466
AU,994,5,AU994.5,U994.5,0,10,0,0,0,1,0,0,0,196798f8140c
AU,994,6,AU994.6,U994.6,0,9,0,0,0,0,0,0,0,a8935d61f7ae
AU,994,7,AU994.7,U994.7,0,8,0,0,0,0,0,0,0,54f3ed6393eb
AU,995,0,AU995.0,U995.0,1,9,0,0,0,0,0,0,0,d183e8617653
AU,995,1,AU995.1,U995.1,0,11,0,1,0,0,0,0,0,fdc4fe3bc41d
AU,995,2,AU995.2,U995.2,0,30,0,0,0,0,0,0,0,d1dfeb631fcb
AU,995,3,AU995.3,U995.3,0,6,0,0,0,0,0,0,0,4fb235bdffe2
AU,995,4,AU995.4,U995.4,0,9,0,0,0,1,0,0,0,6d22d5103f92
AU,996,0,AU996.0,U996.0,1,9,0,0,0,0,0,0,0,ff11f30e7179
AU,996,1,AU996.1,U996.1,0,18,0,0,0,1,0,0,0,ce431b2c4c9d
AU,996,2,AU996.2,U996.2,0,23,0,0,0,0,0,0,0,2f696f0a26f0
AU,996,3,AU996.3,U996.3,0,52,0,0,0,1,0,0,0,ae99b9152787
AU,997,0,AU997.0,U997.0,1,9,0,0,0,0,0,0,0,00982592d1a1
AU,997,1,AU997.1,U997.1,0,27,0,0,0,1,0,0,0,1b5cce4af5c2
AU,997,2,AU997.2,U997.2,0,15,0,0,0,0,0,0,0,27596b8f541b
AU,997,3,AU997.3,U997.3,0,9,0,0,0,1,0,0,0,59dd759176dc
AU,997,4,AU997.4,U997.4,0,10,0,0,0,0,0,0,0,3527090cc3f8
AU,997,5,AU997.5,U997.5,0,11,0,0,1,0,0,0,0,7c465a6c2995
AU,998,0,AU998.0,U998.0,1,14,0,0,0,0,0,0,0,5d84eb97bc03
AU,998,1,AU998.1,U998.1,0,21,0,0,0,0,0,0,0,128a3a35de04
AU,998,2,AU998.2,U998.2,0,29,0,0,0,0,0,0,0,330640661047
AU,998,3,AU998.3,U998.3,0,6,0,0,0,1,0,0,0,d6f4a9c8b28b
AU,998,4,AU998.4,U998.4,0,13,0,0,0,0,0,0,0,848efa85f7c8
AU,998,5,AU998.5,U998.5,0,20,0,0,0,0,1,0,0,d128b5c3fb0d
AU,999,0,AU999.0,U999.0,1,9,0,0,0,0,0,0,0,88ffcb100b6b
AU,999,1,AU999.1,U999.1,0,12,0,0,0,0,0,0,0,effebbc29e5d
AU,999,2,AU999.2,U999.2,0,12,0,0,0,0,0,0,0,cf9f44168f9c
AU,999,3,AU999.3,U999.3,0,37,0,0,0,0,1,0,0,a22c475e0ebf
AU,999,4,AU999.4,U999.4,0,21,0,0,0,0,0,0,0,b93be444ac79
AU,999,5,AU999.5,U999.5,0,8,0,0,0,0,1,0,0,085a83382e6e
AU,999,6,AU999.6,U999.6,0,15,0,0,0,0,0,0,0,b980f90aae23
AU,999,7,AU999.7,U999.7,0,21,0,0,0,0,0,0,0,c44834cabbce
AU,999,8,AU999.8,U999.8,0,76,0,0,0,0,1,0,0,77b79a268452
AU,1000,0,AU1000.0,U1000.0,1,14,0,0,0,0,0,0,0,a16e23d9b311
AU,1000,1,AU1000.1,U1000.1,0,33,0,0,0,0,0,0,0,ef860fceae34
AU,1000,2,AU1000.2,U1000.2,0,12,0,0,0,0,0,0,0,2a55f804568f
AU,1000,3,AU1000.3,U1000.3,0,6,0,0,0,0,0,0,0,cda61e8e04b9
AU,1000,4,AU1000.4,U1000.4,0,11,0,0,0,0,0,0,0,dd3018d1ce4f
AU,1000,5,AU1000.5,U1000.5,0,13,0,0,0,0,0,0,0,b9313a2e0c62
AU,1000,6,AU1000.6,U1000.6,0,5,0,0,0,0,0,0,0,5e637efe5ae7
AU,1000,7,AU1000.7,U1000.7,0,51,0,0,0,0,1,0,0,4321128957f6
AU,1001,0,AU1001.0,U1001.0,1,14,0,0,0,0,0,0,0,5ec2069e0177
AU,1001,1,AU1001.1,U1001.1,0,20,0,0,0,1,0,0,0,272d9142328e
AU,1001,2,AU1001.2,U1001.2,0,8,0,0,0,0,0,0,0,4194778fc581
AU,1001,3,AU1001.3,U1001.3,0,13,0,0,0,0,0,0,0,d078dbefa7f7
AU,1001,4,AU1001.4,U1001.4,0,6,0,0,0,0,0,0,0,c2ad52f543fa
AU,1001,5,AU1001.5,U1001.5,0,31,0,0,0,1,1,0,0,69345e237e6a
AU,1001,6,AU1001.6,U1001.6,0,16,0,0,0,0,0,0,0,fb4f7f418032
AU,1002,0,AU1002.0,U1002.0,1,14,0,0,0,0,0,0,0,0b18f16ac3cc
AU,1002,1,AU1002.1,U1002.1,0,20,0,0,0,1,0,0,0,d24c05c07d0b
AU,1002,2,AU1002.2,U1002.2,0,13,0,0,0,1,0,0,0,38a062cf861c
AU,1002,3,AU1002.3,U1002.3,0,19,0,0,0,1,0,0,0,d97b89e796fd
AU,1002,4,AU1002.4,U1002.4,0,9,0,0,0,0,0,0,0,2d2ac9c952db
AU,1002,5,AU1002.5,U1002.5,0,14,0,0,0,0,0,0,0,9b2be5b5a54a
AU,1002,6,AU1002.6,U1002.6,0,11,0,0,0,0,1,0,0,f8f4a84d250f
AU,1002,7,AU1002.7,U1002.7,0,22,0,0,0,0,0,0,0,8ff4f70c565a
AU,1002,8,AU1002.8,U1002.8,0,24,0,0,0,0,0,0,0,fce5349d0ca1
AU,1003,0,AU1003.0,U1003.0,1,14,0,0,0,0,0,0,0,a17548087aac
AU,1003,1,AU1003.1,U1003.1,0,31,0,0,0,0,0,0,0,e4267ec32bf1
AU,1003,2,AU1003.2,U1003.2,0,20,0,0,0,1,0,0,0,7db2a6fdc840
AU,1003,3,AU1003.3,U1003.3,0,29,0,0,0,0,1,0,0,1e6d44394932
AU,1003,4,AU1003.4,U1003.4,0,13,0,0,0,0,0,0,0,cda4a8486e1c
AU,1004,0,AU1004.0,U1004.0,1,14,0,0,0,0,0,0,0,16b839bbf799
AU,1004,1,AU1004.1,U1004.1,0,14,0,0,0,1,0,0,0,aeec0bd7a055
AU,1004,2,AU1004.2,U1004.2,0,83,0,0,0,0,0,0,0,643fd73e0d60
AU,1004,3,AU1004.3,U1004.3,0,18,0,0,0,0,0,0,0,fa09f75cacd6
AU,1004,4,AU1004.4,U1004.4,0,18,0,0,0,0,1,0,0,ec56fc6e2c0a
AU,1004,5,AU1004.5,U1004.5,0,166,0,0,0,0,0,0,0,fef74ec70d97
AU,1004,6,AU1004.6,U1004.6,0,14,0,0,0,0,0,0,0,0aa641da8eea
AU,1004,7,AU1004.7,U1004.7,0,21,0,0,0,0,0,0,0,f20edc7dce12
AU,1004,8,AU1004.8,U1004.8,0,11,0,0,0,0,0,0,0,98f3bb8e254a
AU,1004,9,AU1004.9,U1004.9,0,9,0,0,0,0,1,0,0,4608b79a7ea7
AU,1004,10,AU1004.10,U1004.10,0,16,0,0,0,1,0,0,0,cb96bc700363
AU,1005,0,AU1005.0,U1005.0,1,14,0,0,0,0,0,0,0,288391116f84
AU,1005,1,AU1005.1,U1005.1,0,42,1,0,0,0,0,0,1,3848800219fd
AU,1005,2,AU1005.2,U1005.2,0,13,0,0,0,0,0,0,0,703b102fb139
AU,1005,3,AU1005.3,U1005.3,0,21,0,0,0,0,0,0,0,2ad1d96f6b91
AU,1005,4,AU1005.4,U1005.4,0,28,0,0,0,1,0,0,0,9a2dea4a070b
AU,1005,5,AU1005.5,U1005.5,0,20,0,0,0,0,0,0,0,843b13e1f91a
AU,1005,6,AU1005.6,U1005.6,0,22,0,0,0,0,0,0,0,928587f69513
AU,1005,7,AU1005.7,U1005.7,0,33,0,0,0,1,0,0,0,c7f9cb6cd28c
AU,1006,0,AU1006.0,U1006.0,1,14,0,0,0,0,0,0,0,7ca17e09eed1
AU,1006,1,AU1006.1,U1006.1,0,20,0,0,0,1,0,0,0,5d2b5ce962f7
AU,1006,2,AU1006.2,U1006.2,0,14,0,0,0,0,0,0,0,bbed9bd55c1f
AU,1006,3,AU1006.3,U1006.3,0,22,0,0,0,0,0,0,0,b166ba56f5f4
AU,1006,4,AU1006.4,U1006.4,0,94,0,0,0,0,0,0,0,d02f1863e69e
AU,1006,5,AU1006.5,U1006.5,0,24,0,1,1,0,0,0,0,1a00d5a08ca9
AU,1006,6,AU1006.6,U1006.6,0,14,0,0,0,0,0,0,0,d8f6a65474e8
AU,1006,7,AU1006.7,U1006.7,0,24,0,0,0,0,0,0,0,393dd4fcaf85
AU,1007,0,AU1007.0,U1007.0,1,14,0,0,0,0,0,0,0,b3d124cf0ddd
AU,1007,1,AU1007.1,U1007.1,0,12,0,0,0,0,0,0,0,bddb1b42b23d
AU,1007,2,AU1007.2,U1007.2,0,7,0,0,0,0,0,0,0,83a6b64751fc
AU,1007,3,AU1007.3,U1007.3,0,15,0,0,0,0,0,0,0,e020a2927c1c
AU,1007,4,AU1007.4,U1007.4,0,22,0,0,0,0,0,0,0,ede9d3718a84
AU,1007,5,AU1007.5,U1007.5,0,33,0,0,0,0,0,0,0,e5dd290502e5
AU,1007,6,AU1007.6,U1007.6,0,27,0,0,0,0,0,0,0,d1ece614f296
AU,1007,7,AU1007.7,U1007.7,0,37,0,0,0,1,0,0,0,7f486660a93e
AU,1007,8,AU1007.8,U1007.8,0,24,0,0,0,0,0,0,0,1903472b414b
AU,1007,9,AU1007.9,U1007.9,0,15,0,0,0,0,0,0,0,95c7d6634dec
AU,1007,10,AU1007.10,U1007.10,0,29,0,0,0,1,0,0,0,07b1482613f4
AU,1007,11,AU1007.11,U1007.11,0,61,0,0,0,0,0,0,0,2ab4e14bd451
AU,1007,12,AU1007.12,U1007.12,0,21,0,0,0,0,0,0,0,dc642c536cda
AU,1008,0,AU1008.0,U1008.0,1,14,0,0,0,0,0,0,0,c13bb71dd6c5
AU,1008,1,AU1008.1,U1008.1,0,34,0,0,0,0,0,0,0,22d9d65da7b9
AU,1008,2,AU1008.2,U1008.2,0,14,0,0,0,0,0,0,0,3d2774ececb3
AU,1008,3,AU1008.3,U1008.3,0,8,0,0,0,1,0,0,0,7e83f6788a46
AU,1008,4,AU1008.4,U1008.4,0,18,0,0,0,0,0,0,0,558af9f2429a
AU,1009,0,AU1009.0,U1009.0,1,14,0,0,0,0,0,0,0,1fc2ddc261d6
AU,1009,1,AU1009.1,U1009.1,0,12,0,0,0,0,1,0,0,bc2fa3b8c3e1
AU,1009,2,AU1009.2,U1009.2,0,16,0,0,0,0,0,0,0,4816bc1c4cee
AU,1009,3,AU1009.3,U1009.3,0,36,0,0,0,1,0,0,0,799aad86bb6d
AU,1009,4,AU1009.4,U1009.4,0,15,0,0,0,0,0,0,0,5ab7c4a6ef9c
AU,1009,5,AU1009.5,U1009.5,0,21,0,0,0,0,0,0,0,a606a4ceca56
AU,1009,6,AU1009.6,U1009.6,0,17,0,0,0,1,0,0,0,4d7875279338
AU,1009,7,AU1009.7,U1009.7,0,14,0,0,0,0,1,0,0,f244e487d08d
AU,1009,8,AU1009.8,U1009.8,0,16,0,0,0,0,0,0,0,210fcbeffbf5
AU,1009,9,AU1009.9,U1009.9,0,11,0,0,0,1,0,0,0,78ee2a45b0f8
AU,1009,10,AU1009.10,U1009.10,0,9,0,0,0,0,0,0,0,cf79857ecab4
AU,1010,0,AU1010.0,U1010.0,1,14,0,0,0,0,0,0,0,9e884312a55d
AU,1010,1,AU1010.1,U1010.1,0,27,0,0,0,0,0,0,0,4c1507c1ad4b
AU,1010,2,AU1010.2,U1010.2,0,46,0,0,0,0,0,0,0,999fed3ab396
AU,1010,3,AU1010.3,U1010.3,0,16,0,0,0,0,0,0,0,7f770c70acfe
AU,1010,4,AU1010.4,U1010.4,0,16,0,0,0,0,0,0,0,84fa8156062b
AU,1010,5,AU1010.5,U1010.5,0,7,0,0,0,0,0,0,0,90387184ec75
AU,1010,6,AU1010.6,U1010.6,0,23,0,0,0,0,0,0,0,690a80001c6a
AU,1010,7,AU1010.7,U1010.7,0,9,0,0,0,0,0,0,0,696e225022e0
AU,1011,0,AU1011.0,U1011.0,1,14,0,0,0,0,0,0,0,4cf660957bda
AU,1011,1,AU1011.1,U1011.1,0,75,0,0,0,1,0,0,0,d9fd4f5a9827
AU,1011,2,AU1011.2,U1011.2,0,42,0,0,0,0,1,0,0,b55d7b342d97
AU,1011,3,AU1011.3,U1011.3,0,22,0,0,0,0,0,0,0,a499d7ba4001
AU,1011,4,AU1011.4,U1011.4,0,41,0,0,0,0,1,0,0,41408c7962bb
AU,1011,6,AU1011.6,U1011.6,0,26,0,0,0,0,0,0,0,b32d09de43bf
AU,1011,7,AU1011.7,U1011.7,0,26,0,0,0,0,0,0,0,6c797383afc9
AU,1011,8,AU1011.8,U1011.8,0,15,0,0,0,0,0,0,0,73ad1a810c96
AU,1012,0,AU1012.0,U1012.0,1,14,0,0,0,0,0,0,0,f62fb098d0c8
AU,1012,1,AU1012.1,U1012.1,0,53,0,0,0,1,0,0,0,11f3c378f550
AU,1012,2,AU1012.2,U1012.2,0,130,0,0,0,0,0,0,0,64bd0b961a70
AU,1012,3,AU1012.3,U1012.3,0,18,0,0,0,0,0,0,0,a95b7b1b6308
AU,1012,4,AU1012.4,U1012.4,0,40,0,0,0,0,0,0,0,5ea465f8771a
AU,1012,5,AU1012.5,U1012.5,0,14,0,0,0,0,0,0,0,7b54a6058423
AU,1012,6,AU1012.6,U1012.6,0,11,0,0,0,0,0,0,0,fa87e1b62a09
AU,1012,7,AU1012.7,U1012.7,0,12,0,0,0,0,0,0,0,cd3f2dce798a
AU,1013,0,AU1013.0,U1013.0,1,13,0,0,0,0,0,0,0,35e407d96e92
AU,1013,1,AU1013.1,U1013.1,0,29,0,0,0,0,0,0,0,758e9d756b36
AU,1013,2,AU1013.2,U1013.2,0,101,0,0,0,1,0,0,0,bf3422d7c14d
AU,1013,3,AU1013.3,U1013.3,0,19,0,0,0,0,0,0,0,45eef0cc7e8c
AU,1013,4,AU1013.4,U1013.4,0,44,0,0,0,1,0,0,0,fd7c55a7b531
AU,1013,5,AU1013.5,U1013.5,0,63,0,0,0,1,1,0,0,7c0585e29c7d
AU,1013,6,AU1013.6,U1013.6,0,14,0,0,0,0,0,0,0,41355338b77c
AU,1013,7,AU1013.7,U1013.7,0,31,0,0,0,0,1,0,0,8756372003d3
AU,1013,8,AU1013.8,U1013.8,0,41,0,0,0,0,0,0,0,7c0cba1409d3
AU,1013,9,AU1013.9,U1013.9,0,25,0,0,0,0,0,0,0,ec7d20551125
AU,1013,10,AU1013.10,U1013.10,0,12,1,0,0,0,0,1,0,e4cd8a912db9
AU,1013,11,AU1013.11,U1013.11,0,20,0,0,0,0,0,0,0,8d9ffcc43c5d
AU,1013,12,AU1013.12,U1013.12,0,28,0,0,0,0,1,0,0,668132539976
AU,1013,13,AU1013.13,U1013.13,0,10,0,0,0,0,0,0,0,cbf0f6753dd8
AU,1014,0,AU1014.0,U1014.0,1,7,0,0,0,0,0,0,0,5b7ebbaab685
AU,1014,0,AU1014.0,U1014.0,1,12,0,0,0,0,0,0,0,a812a2b6e019
AU,1014,1,AU1014.1,U1014.1,0,49,0,0,0,0,0,0,0,cd0f3c8ee475
AU,1014,2,AU1014.2,U1014.2,0,423,0,1,1,1,1,0,0,9dbd682ab50a
AU,1014,3,AU1014.3,U1014.3,0,8,0,0,0,0,1,0,0,36e1cffc8528
AU,1014,4,AU1014.4,U1014.4,0,37,0,0,0,0,0,0,0,e0f194de2063
AU,1014,5,AU1014.5,U1014.5,0,15,0,0,0,0,0,0,0,cf72941cdbd1
AU,1014,6,AU1014.6,U1014.6,0,24,0,0,0,0,0,0,0,cae9dcfa0aa6
AU,1014,7,AU1014.7,U1014.7,0,35,0,0,0,0,0,0,0,136b4663c839
AU,1014,8,AU1014.8,U1014.8,0,16,0,0,0,0,0,0,0,7fa7ffab7133
AU,1014,9,AU1014.9,U1014.9,0,21,0,0,0,0,0,0,0,8775ac8c37f3
AU,1014,10,AU1014.10,U1014.10,0,8,0,0,0,0,0,0,0,74f2f07d8088
AU,1015,0,AU1015.0,U1015.0,1,12,0,0,0,0,0,0,0,245003e8263d
AU,1015,1,AU1015.1,U1015.1,0,15,0,0,0,0,0,0,0,240f80427e93
AU,1015,2,AU1015.2,U1015.2,0,35,0,0,0,1,1,0,0,a673b813e204
AU,1015,3,AU1015.3,U1015.3,0,13,0,0,0,0,0,0,0,a3a6ccd8d9f0
AU,1015,4,AU1015.4,U1015.4,0,12,0,0,0,0,0,0,0,a840350b5dde
AU,1015,5,AU1015.5,U1015.5,0,12,0,0,0,0,0,0,0,bf89878332c4
AU,1015,6,AU1015.6,U1015.6,0,33,0,0,0,0,0,0,0,ca962efefa17
AU,1015,7,AU1015.7,U1015.7,0,45,0,0,0,0,0,0,0,0c390688037d
AU,1015,8,AU1015.8,U1015.8,0,14,0,0,0,0,0,0,0,412cab590a8a
AU,1016,0,AU1016.0,U1016.0,1,12,0,0,0,0,0,0,0,9e2af36ddb10
AU,1016,1,AU1016.1,U1016.1,0,19,0,0,0,1,0,0,0,ac1b9b0fb8ea
AU,1016,2,AU1016.2,U1016.2,0,17,0,0,0,0,0,0,0,9ccd3fed417d
AU,1016,3,AU1016.3,U1016.3,0,7,0,0,0,0,0,0,0,f48c309814ca
AU,1016,4,AU1016.4,U1016.4,0,48,0,0,0,0,0,0,0,f35b088100cf
AU,1016,5,AU1016.5,U1016.5,0,19,0,0,0,0,0,0,0,d62576cc8e26
AU,1016,6,AU1016.6,U1016.6,0,29,0,0,0,0,1,0,0,d190f61f1938
AU,1016,7,AU1016.7,U1016.7,0,15,0,0,0,1,0,0,0,add3c7fcdde2
AU,1016,8,AU1016.8,U1016.8,0,10,0,0,0,0,0,0,0,b15655982141
AU,1016,9,AU1016.9,U1016.9,0,3,0,0,0,0,0,0,0,d160826007fe
AU,1017,0,AU1017.0,U1017.0,1,12,0,0,0,0,0,0,0,1b78927fe7c6
AU,1017,1,AU1017.1,U1017.1,0,10,0,0,0,1,0,0,0,bbf3858cbf76
AU,1017,2,AU1017.2,U1017.2,0,18,0,0,0,0,0,0,0,163255c0332f
AU,1017,3,AU1017.3,U1017.3,0,13,0,0,0,0,0,0,0,f0f08d0bc619
AU,1017,4,AU1017.4,U1017.4,0,14,0,0,0,0,0,0,0,42519d5d4b4c
AU,1017,5,AU1017.5,U1017.5,0,16,0,0,0,0,0,0,0,d6e04ab888d2
AU,1017,6,AU1017.6,U1017.6,0,16,0,0,0,1,0,0,0,53151747fd1a
AU,1017,7,AU1017.7,U1017.7,0,15,0,0,0,0,1,0,0,d2c255587b35
AU,1017,8,AU1017.8,U1017.8,0,18,0,0,0,1,0,0,0,58bb1961b593
AU,1017,9,AU1017.9,U1017.9,0,12,0,0,0,0,0,0,0,d171d7e6bafa
AU,1017,10,AU1017.10,U1017.10,0,8,0,0,0,0,0,0,0,f9d3f4d9fecf
AU,1017,11,AU1017.11,U1017.11,0,9,0,0,0,0,0,0,0,c4ddee7a7044
AU,1018,0,AU1018.0,U1018.0,1,12,0,0,0,0,0,0,0,06ed55049e1c
AU,1018,1,AU1018.1,U1018.1,0,11,0,0,0,0,0,0,0,8b02fa2f8cb2
AU,1018,2,AU1018.2,U1018.2,0,18,0,0,0,0,1,0,0,cf9c01ee76bd
AU,1018,3,AU1018.3,U1018.3,0,18,0,0,0,0,0,0,0,7bcaf3701742
AU,1018,4,AU1018.4,U1018.4,0,32,0,0,0,0,0,0,0,c0d1cbbdda4a
AU,1018,5,AU1018.5,U1018.5,0,7,0,0,0,0,0,0,0,de3c8deca4ad
AU,1018,6,AU1018.6,U1018.6,0,26,0,0,0,1,0,0,0,2bcc668da2c3
AU,1018,7,AU1018.7,U1018.7,0,15,0,0,0,0,0,0,0,65aa1251e84a
AU,1018,8,AU1018.8,U1018.8,0,18,0,0,0,0,0,0,0,543753c9e3ba
AU,1019,0,AU1019.0,U1019.0,1,12,0,0,0,0,0,0,0,e1af131094c8
AU,1019,1,AU1019.1,U1019.1,0,20,0,0,0,0,0,0,0,abe6551a475a
AU,1019,2,AU1019.2,U1019.2,0,7,0,0,0,1,0,0,0,a99281a30e21
AU,1019,3,AU1019.3,U1019.3,0,13,0,0,0,0,0,0,0,c52ee65990ab
AU,1019,4,AU1019.4,U1019.4,0,22,0,0,0,0,0,0,0,9a620ed59a1f
AU,1019,5,AU1019.5,U1019.5,0,16,0,0,0,0,1,0,0,6202c98681a7
AU,1019,6,AU1019.6,U1019.6,0,13,0,0,0,0,1,0,0,56c55030d273
AU,1019,7,AU1019.7,U1019.7,0,14,0,0,0,0,0,0,0,930d63ea9eb3
AU,1019,8,AU1019.8,U1019.8,0,31,0,0,0,0,0,0,0,09100211a404
AU,1019,9,AU1019.9,U1019.9,0,20,0,0,0,0,0,0,0,d966e853265d
AU,1019,10,AU1019.10,U1019.10,0,35,0,0,0,1,0,0,0,da1ce3f8b26e
AU,1020,0,AU1020.0,U1020.0,1,12,0,0,0,0,0,0,0,0461eb04d4da
AU,1020,1,AU1020.1,U1020.1,0,32,0,0,0,1,0,0,0,38fd63a77dae
AU,1020,2,AU1020.2,U1020.2,0,10,0,0,0,0,0,0,0,3a625d47fd9a
AU,1020,3,AU1020.3,U1020.3,0,34,0,0,0,1,0,0,0,386c0a447f20
AU,1020,4,AU1020.4,U1020.4,0,53,0,0,0,1,0,0,0,4f5e38fec33c
AU,1020,5,AU1020.5,U1020.5,0,80,0,0,0,0,0,0,0,50d7ceafec91
AU,1020,6,AU1020.6,U1020.6,0,13,0,1,0,0,0,0,0,6073f676eea4
AU,1020,7,AU1020.7,U1020.7,0,13,0,0,0,0,0,0,0,48183862d342
AU,1021,0,AU1021.0,U1021.0,1,12,0,0,0,0,0,0,0,ab71c24d1893
AU,1021,1,AU1021.1,U1021.1,0,25,0,0,0,0,1,0,0,0f28ff850383
AU,1021,2,AU1021.2,U1021.2,0,7,0,0,0,0,0,0,0,0e53f4481570
AU,1021,3,AU1021.3,U1021.3,0,145,0,0,0,1,0,0,0,61a3f21f21c9
AU,1021,4,AU1021.4,U1021.4,0,15,0,0,0,1,0,0,0,9c414126a834
AU,1021,5,AU1021.5,U1021.5,0,16,0,0,0,0,1,0,0,f5cfe378e5fa
AU,1021,6,AU1021.6,U1021.6,0,13,0,0,0,0,0,0,0,89eaa100ef81
AU,1021,7,AU1021.7,U1021.7,0,25,0,0,0,1,0,0,0,843e90ff3024
AU,1022,0,AU1022.0,U1022.0,1,12,0,0,0,0,0,0,0,5f75f831e62a
AU,1022,1,AU1022.1,U1022.1,0,23,0,0,0,0,0,0,0,7273c347c257
AU,1022,2,AU1022.2,U1022.2,0,29,0,0,0,1,0,0,0,46c8d8cebdca
AU,1022,3,AU1022.3,U1022.3,0,121,0,0,0,0,0,0,0,5883ff743293
AU,1022,4,AU1022.4,U1022.4,0,38,0,0,0,0,0,0,0,9cc4f12c3804
AU,1022,5,AU1022.5,U1022.5,0,16,0,0,0,1,0,0,0,ab9f65b86afa
AU,1022,6,AU1022.6,U1022.6,0,25,0,0,0,0,0,0,0,08e78250c7df
AU,1022,7,AU1022.7,U1022.7,0,19,0,0,0,0,0,0,0,15641d03a75c
AU,1022,8,AU1022.8,U1022.8,0,5,0,0,0,0,0,0,0,0398a6c790be
AU,1023,0,AU1023.0,U1023.0,1,12,0,0,0,0,0,0,0,426bcedcb1d0
AU,1023,1,AU1023.1,U1023.1,0,49,0,0,0,0,0,0,0,5f31dd57a4f8
AU,1023,2,AU1023.2,U1023.2,0,17,0,0,0,0,0,0,0,c96ed72f57ee
AU,1023,3,AU1023.3,U1023.3,0,20,0,0,0,1,0,0,0,7ed90f15698a
AU,1023,4,AU1023.4,U1023.4,0,11,0,0,0,0,0,0,0,608e4bd246d9
AU,1023,5,AU1023.5,U1023.5,0,9,0,0,0,0,0,0,0,609f47970e66
AU,1023,6,AU1023.6,U1023.6,0,8,0,0,0,0,0,0,0,6af7be9c4847
AU,1023,7,AU1023.7,U1023.7,0,6,0,0,1,0,0,0,0,a59d80387421
AU,1023,8,AU1023.8,U1023.8,0,17,0,0,0,0,0,0,0,f189ce2814a7
AU,1023,9,AU1023.9,U1023.9,0,10,0,0,0,0,0,0,0,cc2b23d2a421
AU,1023,10,AU1023.10,U1023.10,0,17,0,0,0,0,0,0,0,1142a62188f9
AU,1024,0,AU1024.0,U1024.0,1,12,0,0,0,0,0,0,0,459744519ba3
AU,1024,1,AU1024.1,U1024.1,0,53,0,0,0,0,1,0,0,2b4eb1ec6a58
AU,1024,2,AU1024.2,U1024.2,0,48,0,0,0,0,0,0,0,e47727ea772e
AU,1024,3,AU1024.3,U1024.3,0,32,0,0,0,0,0,0,0,2a0c8648d82d
AU,1024,4,AU1024.4,U1024.4,0,16,0,0,0,0,0,0,0,731760cbbbaf
AU,1024,5,AU1024.5,U1024.5,0,15,0,0,0,0,0,0,0,3091c0a17248
AU,1024,6,AU1024.6,U1024.6,0,13,0,0,0,0,0,0,0,f0e897948b84
AU,1024,7,AU1024.7,U1024.7,0,13,0,0,0,0,0,0,0,b0ae0257f7e5
AU,1025,0,AU1025.0,U1025.0,1,12,0,0,0,0,0,0,0,52eda983f1db
AU,1025,1,AU1025.1,U1025.1,0,53,1,0,0,0,1,0,1,908aaae3f575
AU,1025,2,AU1025.2,U1025.2,0,15,0,0,0,1,0,0,0,944d4fad5020
AU,1025,3,AU1025.3,U1025.3,0,7,0,0,0,1,0,0,0,c055824a7f09
AU,1025,4,AU1025.4,U1025.4,0,25,0,0,0,1,0,0,0,6b71b2af6481
AU,1025,5,AU1025.5,U1025.5,0,34,0,0,0,0,0,0,0,f23b22399ff6
AU,1025,6,AU1025.6,U1025.6,0,8,0,0,0,0,0,0,0,9d8c2d036b7f
AU,1026,0,AU1026.0,U1026.0,1,12,0,0,0,0,0,0,0,7b6c6f9284a7
AU,1026,1,AU1026.1,U1026.1,0,24,0,0,0,1,1,0,0,b3220ff2d157
AU,1026,2,AU1026.2,U1026.2,0,23,0,0,0,1,0,0,0,ec421ec70b7c
AU,1026,3,AU1026.3,U1026.3,0,24,0,0,0,0,0,0,0,62a6a8ba288f
AU,1026,4,AU1026.4,U1026.4,0,11,0,0,0,0,0,0,0,31cf48faebdd
AU,1026,5,AU1026.5,U1026.5,0,9,0,0,0,0,0,0,0,412a404ad2e0
AU,1026,6,AU1026.6,U1026.6,0,8,0,0,0,0,0,0,0,ebde352c1c2e
AU,1026,7,AU1026.7,U1026.7,0,10,0,0,0,0,0,0,0,cfde71b9ef05
AU,1026,8,AU1026.8,U1026.8,0,14,0,0,0,0,0,0,0,29bcdcd20062
AU,1027,0,AU1027.0,U1027.0,1,12,0,0,0,0,0,0,0,8a079943555f
AU,1027,1,AU1027.1,U1027.1,0,12,0,0,0,1,0,0,0,f9effa315d90
AU,1027,2,AU1027.2,U1027.2,0,50,0,0,0,0,0,0,0,29a84e12593f
AU,1027,3,AU1027.3,U1027.3,0,7,0,0,0,0,0,0,0,4bc055001c7c
AU,1027,4,AU1027.4,U1027.4,0,17,0,0,0,1,0,0,0,1544d72e1a95
AU,1027,5,AU1027.5,U1027.5,0,22,0,0,0,0,0,0,0,1a5ed480b0c1
AU,1027,6,AU1027.6,U1027.6,0,16,0,0,0,0,0,0,0,81a8f9f19d0b
AU,1027,7,AU1027.7,U1027.7,0,7,0,1,0,0,0,0,0,f95290bac61a
AU,1027,8,AU1027.8,U1027.8,0,18,0,0,0,0,0,0,0,6f6da4b875e2
AU,1028,0,AU1028.0,U1028.0,1,12,0,0,0,0,0,0,0,e1bdb48101b4
AU,1028,1,AU1028.1,U1028.1,0,18,0,0,0,0,0,0,0,c4ad6d72d722
AU,1028,2,AU1028.2,U1028.2,0,16,0,0,0,1,0,0,0,d56fd80caccb
AU,1028,3,AU1028.3,U1028.3,0,17,0,0,0,0,0,0,0,886dbe67074f
AU,1028,4,AU1028.4,U1028.4,0,11,0,0,0,1,0,0,0,e570d165a96f
AU,1028,5,AU1028.5,U1028.5,0,8,0,0,0,1,0,0,0,e117a34f3d3f
AU,1028,6,AU1028.6,U1028.6,0,10,0,0,0,0,0,0,0,ee6ad32da392
AU,1028,7,AU1028.7,U1028.7,0,18,0,0,0,1,0,0,0,d123e68c96e4
AU,1028,8,AU1028.8,U1028.8,0,13,0,0,0,0,0,0,0,7ff367c58717
AU,1028,9,AU1028.9,U1028.9,0,6,0,0,0,0,0,0,0,b28f27a5c777
AU,1028,10,AU1028.10,U1028.10,0,8,0,0,0,0,0,0,0,1de7ada54910
AU,1029,0,AU1029.0,U1029.0,1,12,0,0,0,0,0,0,0,725c82eb290e
AU,1029,1,AU1029.1,U1029.1,0,15,0,0,0,0,0,0,0,629fe7273981
AU,1029,2,AU1029.2,U1029.2,0,20,0,0,0,0,0,0,0,0fbf4b9f7cb0
AU,1029,3,AU1029.3,U1029.3,0,13,0,0,0,0,0,0,0,8f3b9a3bd44e
AU,1029,4,AU1029.4,U1029.4,0,25,0,0,0,0,0,0,0,edac1c5bb730
AU,1029,5,AU1029.5,U1029.5,0,10,0,0,0,0,0,0,0,823bc1ad9410
AU,1029,6,AU1029.6,U1029.6,0,91,0,0,1,1,1,0,0,f9717c1419e6
AU,1029,7,AU1029.7,U1029.7,0,19,0,0,0,0,0,0,0,14e711be7fe9
AU,1030,0,AU1030.0,U1030.0,1,12,0,0,0,0,0,0,0,e9cc688d022d
AU,1030,1,AU1030.1,U1030.1,0,8,0,0,0,0,0,0,0,1608c94b7680
AU,1030,2,AU1030.2,U1030.2,0,16,0,0,0,1,0,0,0,e9e1c5bb9933
AU,1030,3,AU1030.3,U1030.3,0,8,0,0,0,0,0,0,0,7cad629299e3
AU,1030,4,AU1030.4,U1030.4,0,6,0,0,0,0,0,0,0,cd5c642622ab
AU,1030,5,AU1030.5,U1030.5,0,14,0,0,0,1,0,0,0,0a69f98f1191
AU,1030,6,AU1030.6,U1030.6,0,9,0,0,0,0,0,0,0,1cf052bde205
AU,1030,7,AU1030.7,U1030.7,0,16,0,0,0,0,0,0,0,a2c8d7166f35
AU,1030,8,AU1030.8,U1030.8,0,11,0,0,0,0,0,0,0,0f8b607967bd
AU,1030,9,AU1030.9,U1030.9,0,13,0,0,0,0,0,0,0,d38f06d8cfb3
AU,1030,10,AU1030.10,U1030.10,0,13,0,0,0,0,0,0,0,490f52134ccf
AU,1030,11,AU1030.11,U1030.11,0,18,0,0,0,0,0,0,0,82f3b71203de
AU,1030,12,AU1030.12,U1030.12,0,18,0,0,0,0,0,0,0,9e0e37761c6a
AU,1030,13,AU1030.13,U1030.13,0,23,0,0,0,0,1,0,0,c133d3937203
AU,1031,0,AU1031.0,U1031.0,1,12,0,0,0,0,0,0,0,289b489e5cae
AU,1031,1,AU1031.1,U1031.1,0,6,0,0,0,0,0,0,0,1250ec14f71a
AU,1031,2,AU1031.2,U1031.2,0,28,0,0,0,0,0,0,0,da479c17e84a
AU,1031,3,AU1031.3,U1031.3,0,11,0,0,0,1,0,0,0,b98112ac5694
AU,1031,4,AU1031.4,U1031.4,0,28,0,0,0,0,0,0,0,38405d25cd88
AU,1031,5,AU1031.5,U1031.5,0,21,0,0,0,0,0,0,0,3ff5e59872c8
AU,1031,6,AU1031.6,U1031.6,0,22,0,0,0,0,0,0,0,cfc069433659
AU,1031,7,AU1031.7,U1031.7,0,11,0,0,0,0,0,0,0,d20ae7495f6b
AU,1031,8,AU1031.8,U1031.8,0,20,0,0,0,0,0,0,0,25e2e801a774
AU,1031,9,AU1031.9,U1031.9,0,13,0,0,0,0,0,0,0,ed4e7a0ef316
AU,1032,0,AU1032.0,U1032.0,1,12,0,0,0,0,0,0,0,d5b03d8eaaf8
AU,1032,1,AU1032.1,U1032.1,0,15,0,0,0,1,0,0,0,f8d363b0597e
AU,1032,2,AU1032.2,U1032.2,0,15,0,0,0,0,0,0,0,aa46d50f9e4f
AU,1032,3,AU1032.3,U1032.3,0,11,0,0,0,0,0,0,0,1571262bbb0f
AU,1032,4,AU1032.4,U1032.4,0,21,0,0,0,0,1,0,0,cbbe1df9698c
AU,1032,5,AU1032.5,U1032.5,0,14,0,0,0,0,1,0,0,060cb47d6485
AU,1032,6,AU1032.6,U1032.6,0,13,0,0,0,0,0,0,0,43bd6b9b374a
AU,1032,7,AU1032.7,U1032.7,0,29,0,0,0,0,0,0,0,e611476b930b
AU,1032,8,AU1032.8,U1032.8,0,56,0,0,0,1,0,0,0,44311927b774
AU,1033,0,AU1033.0,U1033.0,1,12,0,0,0,0,0,0,0,51d77a6c8f64
AU,1033,1,AU1033.1,U1033.1,0,33,0,0,0,0,0,0,0,6c92b4b699ba
AU,1033,2,AU1033.2,U1033.2,0,9,0,0,0,0,0,0,0,04f70dbcbd65
AU,1033,3,AU1033.3,U1033.3,0,8,0,0,0,0,1,0,0,b01302a29bb5
AU,1033,4,AU1033.4,U1033.4,0,20,0,0,0,0,1,0,0,bb55425f8d81
AU,1033,5,AU1033.5,U1033.5,0,15,0,0,0,0,0,0,0,73c6259027b2
AU,1033,6,AU1033.6,U1033.6,0,22,0,0,0,0,0,0,0,0c2b61f6eef1
AU,1033,7,AU1033.7,U1033.7,0,15,0,0,0,0,0,0,0,35fab6a7119b
AU,1033,8,AU1033.8,U1033.8,0,13,0,0,0,0,0,0,0,b153edf7c404
AU,1033,9,AU1033.9,U1033.9,0,21,0,0,0,1,0,0,0,f826c99dc792
AU,1033,10,AU1033.10,U1033.10,0,29,0,0,0,0,0,0,0,5ea34efb18b1
AU,1034,0,AU1034.0,U1034.0,1,12,0,0,0,0,0,0,0,975ddc95e22c
AU,1034,1,AU1034.1,U1034.1,0,9,0,1,0,0,0,0,0,dfc859425720
AU,1034,2,AU1034.2,U1034.2,0,14,0,0,1,0,0,0,0,599703694a05
AU,1034,3,AU1034.3,U1034.3,0,8,0,0,0,0,0,0,0,eb8627230ce6
AU,1034,4,AU1034.4,U1034.4,0,11,0,0,0,0,0,0,0,312d27f4ffb1
AU,1034,5,AU1034.5,U1034.5,0,7,0,0,0,0,0,0,0,50354ac1661d
AU,1034,6,AU1034.6,U1034.6,0,20,0,0,0,0,0,0,0,8f0bd15a879d
AU,1034,7,AU1034.7,U1034.7,0,11,0,0,0,1,0,0,0,97341adb2731
AU,1034,8,AU1034.8,U1034.8,0,10,0,0,0,1,0,0,0,792ffa17faea
AU,1034,9,AU1034.9,U1034.9,0,30,0,1,0,0,0,0,0,d7a6161135de
AU,1034,10,AU1034.10,U1034.10,0,9,0,0,0,0,0,0,0,b99dcd84380b
AU,1035,0,AU1035.0,U1035.0,1,12,0,0,0,0,0,0,0,d620839c96bb
AU,1035,1,AU1035.1,U1035.1,0,8,0,0,0,0,0,0,0,013e16a17ff3
AU,1035,2,AU1035.2,U1035.2,0,40,0,0,0,0,1,0,0,ccc3d62469e6
AU,1035,3,AU1035.3,U1035.3,0,13,0,0,0,0,0,0,0,9bd6d143e885
AU,1035,4,AU1035.4,U1035.4,0,52,0,0,0,0,0,0,0,310cf463f98f
AU,1035,5,AU1035.5,U1035.5,0,17,0,0,0,0,0,0,0,998a0ff09f7b
AU,1035,6,AU1035.6,U1035.6,0,25,0,0,0,0,0,0,0,ca010770a7b0
AU,1036,0,AU1036.0,U1036.0,1,12,0,0,0,0,0,0,0,940dc45ef4e7
AU,1036,1,AU1036.1,U1036.1,0,52,0,0,0,1,0,0,0,5112dc69f381
AU,1036,2,AU1036.2,U1036.2,0,10,0,0,0,0,0,0,0,58f397058243
AU,1036,3,AU1036.3,U1036.3,0,20,0,0,0,0,1,0,0,bb3bdd6fe855
AU,1036,4,AU1036.4,U1036.4,0,12,0,0,0,0,0,0,0,95d426233e48
AU,1036,5,AU1036.5,U1036.5,0,20,0,0,0,0,0,0,0,794aa6745d8f
AU,1036,6,AU1036.6,U1036.6,0,16,0,0,0,0,0,0,0,ab26dfbbb6a3
AU,1037,0,AU1037.0,U1037.0,1,12,0,0,0,0,0,0,0,8e7d8f574708
AU,1037,1,AU1037.1,U1037.1,0,17,0,0,0,1,0,0,0,2ac35e4f4464
AU,1037,2,AU1037.2,U1037.2,0,11,0,0,0,0,0,0,0,ca8b33c4cfd3
AU,1037,3,AU1037.3,U1037.3,0,30,0,0,0,0,0,0,0,08c49f9722b2
AU,1037,4,AU1037.4,U1037.4,0,14,0,0,0,0,0,0,0,7315a3ef903f
AU,1037,5,AU1037.5,U1037.5,0,10,0,0,0,0,0,0,0,f3ff73dc413d
AU,1037,6,AU1037.6,U1037.6,0,8,0,0,0,0,0,0,0,1c32de771543
AU,1037,7,AU1037.7,U1037.7,0,6,0,0,0,0,0,0,0,193b02db66ba
AU,1038,0,AU1038.0,U1038.0,1,12,0,0,0,0,0,0,0,f7b8df37b1be
AU,1038,1,AU1038.1,U1038.1,0,22,0,0,0,0,0,0,0,653aaee09387
AU,1038,2,AU1038.2,U1038.2,0,16,0,0,0,0,0,0,0,802af828f6b5
AU,1038,3,AU1038.3,U1038.3,0,22,0,0,1,0,0,0,0,2a9152d0d3ad
AU,1038,4,AU1038.4,U1038.4,0,44,0,0,0,1,0,0,0,42a83b66c6b9
AU,1038,5,AU1038.5,U1038.5,0,33,0,0,0,1,0,0,0,dc525e0026c1
AU,1038,6,AU1038.6,U1038.6,0,14,0,0,0,0,1,0,0,9138bc65a7ff
AU,1039,0,AU1039.0,U1039.0,1,12,0,0,0,0,0,0,0,71ad7cf04de9
AU,1039,1,AU1039.1,U1039.1,0,50,0,0,1,0,0,0,0,0c7d97a0d935
AU,1039,2,AU1039.2,U1039.2,0,23,0,0,0,0,1,0,0,05d9814fdde6
AU,1039,3,AU1039.3,U1039.3,0,10,0,0,0,0,0,0,0,191b6b7f4289
AU,1039,4,AU1039.4,U1039.4,0,14,0,0,0,1,0,0,0,0f04db71cefa
AU,1039,5,AU1039.5,U1039.5,0,11,0,0,0,0,0,0,0,bb6f93d6d6f5
AU,1039,6,AU1039.6,U1039.6,0,9,0,0,0,0,0,0,0,ae66f0881687
AU,1040,0,AU1040.0,U1040.0,1,12,0,0,0,0,0,0,0,c9d43ebafd77
AU,1040,1,AU1040.1,U1040.1,0,11,0,0,0,0,0,0,0,4fc60247be1b
AU,1040,2,AU1040.2,U1040.2,0,28,0,0,0,0,0,0,0,9adc1625c137
AU,1040,3,AU1040.3,U1040.3,0,13,0,0,0,0,0,0,0,275f1439a135
AU,1040,4,AU1040.4,U1040.4,0,16,0,0,0,1,0,0,0,2045a266fa8b
AU,1040,5,AU1040.5,U1040.5,0,13,0,1,0,0,0,0,0,76ec32ba2379
AU,1040,6,AU1040.6,U1040.6,0,8,0,0,1,0,0,0,0,ac02b9378d81
AU,1040,7,AU1040.7,U1040.7,0,26,0,0,0,1,0,0,0,271a26b0a9f2
AU,1041,0,AU1041.0,U1041.0,1,12,0,0,0,0,0,0,0,8dd64e76adcd
AU,1041,1,AU1041.1,U1041.1,0,41,0,0,0,0,0,0,0,809d44c7baf7
AU,1041,2,AU1041.2,U1041.2,0,15,0,0,0,1,0,0,0,de43c390837b
AU,1041,3,AU1041.3,U1041.3,0,12,0,0,0,0,1,0,0,6eedb62ea117
AU,1041,4,AU1041.4,U1041.4,0,12,0,0,0,0,0,0,0,d08480b3b41f
AU,1041,5,AU1041.5,U1041.5,0,16,0,0,0,0,0,0,0,8a8717b06ee6
AU,1041,6,AU1041.6,U1041.6,0,14,0,0,0,0,0,0,0,4c5f1a526021
AU,1041,7,AU1041.7,U1041.7,0,20,0,0,0,1,0,0,0,207b4aa9ed74
AU,1041,8,AU1041.8,U1041.8,0,13,0,0,0,0,0,0,0,8f835fcfc733
AU,1042,0,AU1042.0,U1042.0,1,12,0,0,0,0,0,0,0,3844e5832e70
AU,1042,1,AU1042.1,U1042.1,0,43,0,0,0,0,0,0,0,60f450721063
AU,1042,3,AU1042.3,U1042.3,0,10,0,0,0,0,0,0,0,b669525b0e3c
AU,1042,4,AU1042.4,U1042.4,0,21,0,0,0,0,0,0,0,c2e8514750ed
AU,1042,5,AU1042.5,U1042.5,0,35,0,0,0,0,1,0,0,1abae0d0a78c
AU,1042,6,AU1042.6,U1042.6,0,12,0,0,0,0,0,0,0,2a054931cc24
AU,1042,7,AU1042.7,U1042.7,0,20,0,0,0,1,0,0,0,eb3f51869292
AU,1042,8,AU1042.8,U1042.8,0,11,0,0,0,0,0,0,0,9524aa679829
AU,1043,0,AU1043.0,U1043.0,1,12,0,0,0,0,0,0,0,64ed559f5841
AU,1043,1,AU1043.1,U1043.1,0,16,0,0,0,1,0,0,0,ba50ab987a21
AU,1043,2,AU1043.2,U1043.2,0,14,0,0,0,0,0,0,0,f7bbd771af26
AU,1043,3,AU1043.3,U1043.3,0,34,0,0,0,0,0,0,0,20da198d434e
AU,1043,4,AU1043.4,U1043.4,0,27,0,0,0,0,0,0,0,9cfdad1e8abd
AU,1043,5,AU1043.5,U1043.5,0,34,0,0,0,0,0,0,0,2613e68b2133
AU,1043,6,AU1043.6,U1043.6,0,15,0,0,0,0,0,0,0,f26b147455b9
AU,1044,0,AU1044.0,U1044.0,1,12,0,0,0,0,0,0,0,23a49e1c0c35
AU,1044,1,AU1044.1,U1044.1,0,13,0,0,0,0,0,0,0,9cfa744a621c
AU,1044,2,AU1044.2,U1044.2,0,19,0,0,0,0,0,0,0,1911cb0708e4
AU,1044,3,AU1044.3,U1044.3,0,14,0,0,0,0,0,0,0,cc4d9bea7c6b
AU,1044,4,AU1044.4,U1044.4,0,65,0,0,0,0,0,0,0,366e17e3a0d9
AU,1044,5,AU1044.5,U1044.5,0,6,0,0,0,0,0,0,0,07f2d543a652
AU,1045,0,AU1045.0,U1045.0,1,12,0,0,0,0,0,0,0,f665004912a3
AU,1045,1,AU1045.1,U1045.1,0,25,0,0,0,1,0,0,0,8d16954d3977
AU,1045,2,AU1045.2,U1045.2,0,31,0,0,0,0,1,0,0,f0c5b6749efb
AU,1045,3,AU1045.3,U1045.3,0,11,0,0,0,0,0,0,0,29e4d001697e
AU,1045,4,AU1045.4,U1045.4,0,37,0,0,0,1,0,0,0,f822879ccb90
AU,1045,5,AU1045.5,U1045.5,0,29,0,0,0,0,1,0,0,c24cc5f59636
AU,1045,6,AU1045.6,U1045.6,0,14,0,1,0,0,0,0,0,3c347200616d
AU,1046,0,AU1046.0,U1046.0,1,12,0,0,0,0,0,0,0,ef7c89b828d1
AU,1046,1,AU1046.1,U1046.1,0,37,0,0,0,0,0,0,0,961c36c9688d
AU,1046,2,AU1046.2,U1046.2,0,12,0,0,0,0,0,0,0,1457653e7ab7
AU,1046,3,AU1046.3,U1046.3,0,14,0,0,0,0,0,0,0,f7133017ea84
AU,1046,4,AU1046.4,U1046.4,0,18,0,0,0,0,1,0,0,5a3e44799940
AU,1046,5,AU1046.5,U1046.5,0,32,0,0,0,1,0,0,0,244eb39517da
AU,1047,0,AU1047.0,U1047.0,1,12,0,0,0,0,0,0,0,adcea63e825b
AU,1047,1,AU1047.1,U1047.1,0,45,0,0,0,0,0,0,0,9a46c8273c3a
AU,1047,2,AU1047.2,U1047.2,0,10,0,0,0,0,0,0,0,59e6e261aec3
AU,1047,3,AU1047.3,U1047.3,0,18,0,0,0,1,0,0,0,dc3535f3ef49
AU,1047,4,AU1047.4,U1047.4,0,10,0,0,0,0,0,0,0,94726e41e2fa
AU,1047,5,AU1047.5,U1047.5,0,8,0,0,0,0,0,0,0,ca13163c18c7
AU,1047,6,AU1047.6,U1047.6,0,15,0,0,0,1,0,0,0,09c51c2bdd1e
AU,1048,0,AU1048.0,U1048.0,1,12,0,0,0,0,0,0,0,772b451bf514
AU,1048,1,AU1048.1,U1048.1,0,10,0,0,0,0,0,0,0,d50483128f55
AU,1048,2,AU1048.2,U1048.2,0,35,0,0,0,0,1,0,0,7585c671750f
AU,1048,3,AU1048.3,U1048.3,0,22,0,0,0,0,1,0,0,c4febc765485
AU,1048,4,AU1048.4,U1048.4,0,26,0,0,0,0,0,0,0,6a6590a71cd5
AU,1049,0,AU1049.0,U1049.0,1,12,0,0,0,0,0,0,0,179e0739bf66
AU,1049,1,AU1049.1,U1049.1,0,57,0,0,0,0,0,0,0,0600f68136dd
AU,1049,2,AU1049.2,U1049.2,0,18,0,0,0,0,0,0,0,1e24287d24b1
AU,1049,3,AU1049.3,U1049.3,0,12,0,0,0,0,0,0,0,ee109a7eb095
AU,1049,4,AU1049.4,U1049.4,0,21,0,0,0,0,0,0,0,d8d004920fa0
AU,1049,5,AU1049.5,U1049.5,0,19,0,0,0,0,0,0,0,dbb46cd303d5
AU,1049,6,AU1049.6,U1049.6,0,24,0,0,0,0,0,0,0,c4f903fe8baf
AU,1049,7,AU1049.7,U1049.7,0,11,0,0,0,0,0,0,0,94237b85ea62
AU,1050,0,AU1050.0,U1050.0,1,10,0,0,0,0,0,0,0,5cc0e158a927
AU,1050,1,AU1050.1,U1050.1,0,30,0,0,0,0,0,0,0,4e9f3ed36451
AU,1050,2,AU1050.2,U1050.2,0,8,0,0,0,1,0,0,0,76fdd3d90bde
AU,1050,3,AU1050.3,U1050.3,0,44,0,0,0,0,0,0,0,6980a850e716
AU,1050,4,AU1050.4,U1050.4,0,15,0,0,0,0,0,0,0,7bf9bee1a63f
AU,1050,5,AU1050.5,U1050.5,0,16,0,0,0,0,0,0,0,8a5e74efb2c2
AU,1050,6,AU1050.6,U1050.6,0,15,0,0,0,0,0,0,0,9788443c1389
AU,1050,7,AU1050.7,U1050.7,0,25,0,0,0,1,0,0,0,86768936b003
AU,1051,0,AU1051.0,U1051.0,1,12,0,0,0,0,0,0,0,56ba89dea147
AU,1051,1,AU1051.1,U1051.1,0,16,0,0,0,0,1,0,0,67f0eff3ec45
AU,1051,2,AU1051.2,U1051.2,0,21,0,0,0,0,0,0,0,3e4bac48071b
AU,1051,3,AU1051.3,U1051.3,0,16,0,0,0,0,0,0,0,fe97694e3fc3
AU,1051,4,AU1051.4,U1051.4,0,24,0,0,0,0,0,0,0,91d5fd66284f
AU,1051,5,AU1051.5,U1051.5,0,17,0,0,0,0,0,0,0,ba995f42cd86
AU,1052,0,AU1052.0,U1052.0,1,12,0,0,0,0,0,0,0,4e2585b76744
AU,1052,1,AU1052.1,U1052.1,0,9,0,0,0,0,0,0,0,bffcf9be788a
AU,1052,2,AU1052.2,U1052.2,0,17,0,0,0,1,0,0,0,bbcd55d2af95
AU,1052,3,AU1052.3,U1052.3,0,11,0,0,0,0,1,0,0,218903e1c818
AU,1052,4,AU1052.4,U1052.4,0,10,0,0,0,0,1,0,0,d2f0c0d14001
AU,1052,5,AU1052.5,U1052.5,0,19,0,0,0,0,1,0,0,b52421122a44
AU,1052,6,AU1052.6,U1052.6,0,19,0,0,0,1,0,0,0,6b5929247c45
AU,1052,7,AU1052.7,U1052.7,0,18,0,0,0,0,0,0,0,7eba142c12f0
AU,1052,8,AU1052.8,U1052.8,0,32,0,0,0,0,1,0,0,3a6a1e30441b
AU,1053,0,AU1053.0,U1053.0,1,12,0,0,0,0,0,0,0,57df9fc343d2
AU,1053,1,AU1053.1,U1053.1,0,19,0,0,0,0,0,0,0,4f762c7cb06b
AU,1053,2,AU1053.2,U1053.2,0,46,0,0,0,1,0,0,0,fac8f6cf9370
AU,1053,3,AU1053.3,U1053.3,0,46,0,0,0,0,0,0,0,a36e782b4f35
AU,1053,4,AU1053.4,U1053.4,0,13,0,0,0,1,0,0,0,67b15e2fd0ca
AU,1053,5,AU1053.5,U1053.5,0,12,0,0,0,0,1,0,0,3e5e180e88a4
AU,1053,6,AU1053.6,U1053.6,0,14,0,0,0,0,0,0,0,8f28f027c8a5
AU,1053,7,AU1053.7,U1053.7,0,11,0,0,0,0,0,0,0,5b25d314130b
AU,1054,0,AU1054.0,U1054.0,1,12,0,0,0,0,0,0,0,ce7989a5173c
AU,1054,1,AU1054.1,U1054.1,0,9,0,0,0,0,0,0,0,5398b67366eb
AU,1054,2,AU1054.2,U1054.2,0,25,0,0,0,0,0,0,0,14086fc2f6bf
AU,1054,3,AU1054.3,U1054.3,0,12,0,0,0,0,0,0,0,43a9886b714c
AU,1054,4,AU1054.4,U1054.4,0,29,0,0,0,0,0,0,0,9dce93d03365
AU,1054,5,AU1054.5,U1054.5,0,17,0,0,0,0,0,0,0,8781391a08c3
AU,1054,6,AU1054.6,U1054.6,0,27,0,1,0,0,0,0,0,f05fde8d714d
AU,1054,7,AU1054.7,U1054.7,0,32,0,0,0,0,0,0,0,70e5f6a373f8
AU,1055,0,AU1055.0,U1055.0,1,12,0,0,0,0,0,0,0,d2f97ce44b6e
AU,1055,1,AU1055.1,U1055.1,0,9,0,0,0,0,0,0,0,2d3e72e688dc
AU,1055,2,AU1055.2,U1055.2,0,35,0,0,0,1,0,0,0,a12ff7cb2ade
AU,1055,3,AU1055.3,U1055.3,0,20,0,0,0,0,0,0,0,5e5b898e95ff
AU,1055,4,AU1055.4,U1055.4,0,33,0,0,0,0,0,0,0,7a3ab7efa0d7
AU,1056,0,AU1056.0,U1056.0,1,12,0,0,0,0,0,0,0,b61a97f13a54
AU,1056,1,AU1056.1,U1056.1,0,19,0,0,0,0,1,0,0,d7cc81e0b96d
AU,1056,2,AU1056.2,U1056.2,0,45,0,0,0,1,0,0,0,e53900ca402e
AU,1056,3,AU1056.3,U1056.3,0,13,0,0,0,0,0,0,0,d97a6ad0db3f
AU,1056,4,AU1056.4,U1056.4,0,13,0,0,0,0,0,0,0,b1d5de0eeed4
AU,1056,5,AU1056.5,U1056.5,0,18,0,0,0,0,0,0,0,e7c3bf107887
AU,1056,6,AU1056.6,U1056.6,0,21,0,0,0,0,0,0,0,339d3f433d40
AU,1056,7,AU1056.7,U1056.7,0,10,0,0,0,0,0,0,0,cbd5d33339c6
AU,1056,8,AU1056.8,U1056.8,0,17,0,0,0,0,0,0,0,fab7f2eb1b41
AU,1056,9,AU1056.9,U1056.9,0,22,0,0,0,0,0,0,0,209eed37b154
AU,1056,10,AU1056.10,U1056.10,0,47,0,0,0,0,0,0,0,52e9de99480f
AU,1057,0,AU1057.0,U1057.0,1,12,0,0,0,0,0,0,0,9be67687eb96
AU,1057,1,AU1057.1,U1057.1,0,13,0,0,0,0,0,0,0,b5846f0774ff
AU,1057,2,AU1057.2,U1057.2,0,19,0,0,0,0,1,0,0,34b3b649550b
AU,1057,3,AU1057.3,U1057.3,0,12,0,0,0,0,1,0,0,10a012935c2f
AU,1057,4,AU1057.4,U1057.4,0,11,0,0,0,0,0,0,0,9e8201be149d
AU,1057,5,AU1057.5,U1057.5,0,20,0,0,0,0,0,0,0,c03fdf4e6312
AU,1057,6,AU1057.6,U1057.6,0,16,0,0,0,0,0,0,0,53f9a0fd2015
AU,1057,7,AU1057.7,U1057.7,0,8,0,0,0,0,0,0,0,6df4990420ca
AU,1057,8,AU1057.8,U1057.8,0,22,0,0,0,0,0,0,0,63cac4f1a6d4
AU,1057,9,AU1057.9,U1057.9,0,15,0,0,0,0,0,0,0,8da4b9ff7e39
AU,1058,0,AU1058.0,U1058.0,1,12,0,0,0,0,0,0,0,2770529c9974
AU,1058,1,AU1058.1,U1058.1,0,10,0,0,0,0,1,0,0,d1864f31fe2c
AU,1058,2,AU1058.2,U1058.2,0,18,0,1,0,0,0,0,0,16703206b3a1
AU,1058,3,AU1058.3,U1058.3,0,42,0,0,0,0,1,0,0,0b46883eb27b
AU,1058,4,AU1058.4,U1058.4,0,8,0,0,0,1,0,0,0,858924b22fa8
AU,1058,5,AU1058.5,U1058.5,0,16,0,0,0,0,1,0,0,2bf7cda943d4
AU,1058,6,AU1058.6,U1058.6,0,18,0,1,0,0,0,0,0,2975b98a5d1d
AU,1059,0,AU1059.0,U1059.0,1,12,0,0,0,0,0,0,0,d1ad537fe8f4
AU,1059,1,AU1059.1,U1059.1,0,33,0,0,0,0,0,0,0,aea415501918
AU,1059,2,AU1059.2,U1059.2,0,14,0,0,0,0,0,0,0,9fa6cee95636
AU,1059,3,AU1059.3,U1059.3,0,13,0,0,0,0,0,0,0,fcc496751de9
AU,1059,4,AU1059.4,U1059.4,0,30,0,0,0,0,0,0,0,6274c1902eb6
AU,1059,5,AU1059.5,U1059.5,0,35,0,0,0,1,1,0,0,999b40c767c3
AU,1059,6,AU1059.6,U1059.6,0,24,0,0,0,0,0,0,0,a082e28bbbc4
AU,1059,7,AU1059.7,U1059.7,0,30,0,0,0,1,0,0,0,27b5f489e0da
AU,1060,0,AU1060.0,U1060.0,1,12,0,0,0,0,0,0,0,23eac930966f
AU,1060,1,AU1060.1,U1060.1,0,20,0,0,0,1,0,0,0,89536f165eda
AU,1060,2,AU1060.2,U1060.2,0,8,0,0,0,0,0,0,0,e737aae53efb
AU,1060,3,AU1060.3,U1060.3,0,8,0,0,0,0,0,0,0,14dd933692e8
AU,1060,4,AU1060.4,U1060.4,0,59,0,0,0,1,0,0,0,b004c5ae14be
AU,1060,5,AU1060.5,U1060.5,0,8,0,0,0,0,0,0,0,db1d19f01b5e
AU,1060,6,AU1060.6,U1060.6,0,11,0,0,0,0,0,0,0,c4bc4eea8714
AU,1060,7,AU1060.7,U1060.7,0,27,0,0,0,1,0,0,0,98658570ee0c
AU,1060,8,AU1060.8,U1060.8,0,9,0,0,0,1,0,0,0,e29a8af5f425
AU,1061,0,AU1061.0,U1061.0,1,12,0,0,0,0,0,0,0,f8cbcd85b820
AU,1061,1,AU1061.1,U1061.1,0,40,0,0,0,1,0,0,0,ea823a6fc7c3
AU,1061,2,AU1061.2,U1061.2,0,12,0,0,0,0,0,0,0,17004dab0538
AU,1061,3,AU1061.3,U1061.3,0,19,0,0,0,1,0,0,0,fcb67c6289b4
AU,1061,4,AU1061.4,U1061.4,0,9,0,0,0,0,0,0,0,ea570c873916
AU,1061,5,AU1061.5,U1061.5,0,21,0,0,0,0,0,0,0,2c9543cdff41
AU,1061,6,AU1061.6,U1061.6,0,6,0,0,0,0,0,0,0,08aaf0bdb2df
AU,1062,0,AU1062.0,U1062.0,1,12,0,0,0,0,0,0,0,9f283e83f096
AU,1062,1,AU1062.1,U1062.1,0,17,0,0,0,0,0,0,0,e2602cb94df4
AU,1062,2,AU1062.2,U1062.2,0,30,0,1,0,0,0,0,0,568243f6be84
AU,1062,3,AU1062.3,U1062.3,0,18,0,0,0,0,0,0,0,53afcfa11cf7
AU,1062,4,AU1062.4,U1062.4,0,25,0,0,0,0,0,0,0,bba0efcd1fca
AU,1062,5,AU1062.5,U1062.5,0,14,0,0,0,0,0,0,0,c821c503c2fe
AU,1062,6,AU1062.6,U1062.6,0,22,0,0,0,0,0,0,0,03a9e387dd44
AU,1062,7,AU1062.7,U1062.7,0,18,0,0,0,0,0,0,0,d564ab69b334
AU,1063,0,AU1063.0,U1063.0,1,12,0,0,0,0,0,0,0,7c564944e080
AU,1063,1,AU1063.1,U1063.1,0,14,0,0,0,1,0,0,0,8e8e8abbca1a
AU,1063,2,AU1063.2,U1063.2,0,8,0,0,0,1,0,0,0,3d97ac94a4cc
AU,1063,3,AU1063.3,U1063.3,0,33,0,0,0,0,1,0,0,bb81af8f193f
AU,1063,4,AU1063.4,U1063.4,0,50,0,0,0,0,0,0,0,249c6a9e1377
AU,1063,5,AU1063.5,U1063.5,0,26,0,0,0,0,0,0,0,b5a91dd2b51e
AU,1063,6,AU1063.6,U1063.6,0,20,0,0,0,0,0,0,0,39aa0175f266
AU,1063,7,AU1063.7,U1063.7,0,21,0,0,0,0,0,0,0,c0a8082577f0
AU,1064,0,AU1064.0,U1064.0,1,12,0,0,0,0,0,0,0,7f6a234969f8
AU,1064,1,AU1064.1,U1064.1,0,26,0,0,0,0,0,0,0,f9660253b626
AU,1064,2,AU1064.2,U1064.2,0,21,0,0,0,0,0,0,0,065f6c33f72d
AU,1064,3,AU1064.3,U1064.3,0,13,0,0,0,0,0,0,0,cc9df31f98c6
AU,1064,4,AU1064.4,U1064.4,0,15,0,0,0,0,1,0,0,591aee31a505
AU,1064,5,AU1064.5,U1064.5,0,24,0,0,0,0,0,0,0,260a6d2370b4
AU,1064,6,AU1064.6,U1064.6,0,15,0,0,0,0,1,0,0,30bdfeed4fc6
AU,1064,7,AU1064.7,U1064.7,0,23,0,0,0,1,0,0,0,3ad170bf3a28
AU,1064,8,AU1064.8,U1064.8,0,15,0,0,1,0,0,0,0,97606924325a
AU,1064,9,AU1064.9,U1064.9,0,6,0,0,0,0,0,0,0,a1540454a4db
AU,1064,10,AU1064.10,U1064.10,0,45,0,0,0,0,0,0,0,e419177797f2
AU,1065,0,AU1065.0,U1065.0,1,12,0,0,0,0,0,0,0,694f76cc6aeb
AU,1065,1,AU1065.1,U1065.1,0,42,0,1,0,1,0,0,0,fb8a8f147fa7
AU,1065,2,AU1065.2,U1065.2,0,14,0,0,0,0,0,0,0,259a3088e8f1
AU,1065,3,AU1065.3,U1065.3,0,9,0,0,0,0,0,0,0,86b7a58fe87f
AU,1065,4,AU1065.4,U1065.4,0,9,0,0,0,0,0,0,0,0a6aab753727
AU,1065,5,AU1065.5,U1065.5,0,19,0,0,0,0,0,0,0,6670209e6263
AU,1065,6,AU1065.6,U1065.6,0,25,0,0,0,0,0,0,0,f1c321e7d18a
AU,1065,7,AU1065.7,U1065.7,0,24,0,0,0,0,0,0,0,cf764fea5774
AU,1065,8,AU1065.8,U1065.8,0,14,0,0,0,0,0,0,0,9ce21ce92bc4
AU,1065,9,AU1065.9,U1065.9,0,13,0,0,0,0,0,0,0,a225fe554425
AU,1065,10,AU1065.10,U1065.10,0,32,0,0,0,0,0,0,0,8ecf41f24a90
AU,1066,0,AU1066.0,U1066.0,1,12,0,0,0,0,0,0,0,294c20179809
AU,1066,1,AU1066.1,U1066.1,0,15,0,0,0,0,0,0,0,78e68419ca99
AU,1066,2,AU1066.2,U1066.2,0,32,0,0,0,0,0,0,0,5d3eee8c63ad
AU,1066,3,AU1066.3,U1066.3,0,14,0,0,0,0,0,0,0,7d4c7d5e378d
AU,1066,4,AU1066.4,U1066.4,0,19,0,0,0,0,0,0,0,e3ba6dcbf21b
AU,1067,0,AU1067.0,U1067.0,1,12,0,0,0,0,0,0,0,c8b04a92371e
AU,1067,1,AU1067.1,U1067.1,0,35,0,0,0,0,0,0,0,0264d3438dfd
AU,1067,2,AU1067.2,U1067.2,0,21,0,0,0,0,1,0,0,1da9aef59603
AU,1067,3,AU1067.3,U1067.3,0,7,0,0,0,1,0,0,0,224b3f000a66
AU,1067,4,AU1067.4,U1067.4,0,86,0,0,0,0,0,0,0,49d0fc7d1e37
AU,1068,0,AU1068.0,U1068.0,1,12,0,0,0,0,0,0,0,9cd3b35ecc7e
AU,1068,1,AU1068.1,U1068.1,0,27,0,0,0,1,0,0,0,ad652b9bc695
AU,1068,2,AU1068.2,U1068.2,0,26,0,0,0,0,1,0,0,1db29afeeb9b
AU,1068,3,AU1068.3,U1068.3,0,14,0,0,0,0,1,0,0,7c357d8a8b49
AU,1068,4,AU1068.4,U1068.4,0,13,0,0,0,0,0,0,0,e431c2adc106
AU,1068,5,AU1068.5,U1068.5,0,30,0,0,0,0,0,0,0,d955d42a0c9a
AU,1069,0,AU1069.0,U1069.0,1,12,0,0,0,0,0,0,0,c05685ed27a4
AU,1069,1,AU1069.1,U1069.1,0,8,0,0,0,1,0,0,0,96d230de6616
AU,1069,2,AU1069.2,U1069.2,0,16,0,0,0,1,0,0,0,cd96739948fb
AU,1069,3,AU1069.3,U1069.3,0,29,0,0,0,1,0,0,0,36afab5c8685
AU,1070,0,AU1070.0,U1070.0,1,12,0,0,0,0,0,0,0,85416efcac72
AU,1070,1,AU1070.1,U1070.1,0,8,0,0,0,0,0,0,0,da4a629420c8
AU,1070,2,AU1070.2,U1070.2,0,17,0,0,0,0,1,0,0,7746addb55f5
AU,1070,3,AU1070.3,U1070.3,0,12,0,0,0,0,0,0,0,1919c61add22
AU,1070,4,AU1070.4,U1070.4,0,7,0,0,0,0,0,0,0,2e706d648dfc
AU,1070,5,AU1070.5,U1070.5,0,6,0,0,0,0,0,0,0,cfeea0ea77d4
AU,1070,6,AU1070.6,U1070.6,0,19,1,0,0,0,0,0,1,58a5e940a7fb
AU,1070,7,AU1070.7,U1070.7,0,12,0,0,0,0,0,0,0,9568e344c593
AU,1070,8,AU1070.8,U1070.8,0,9,0,0,0,0,0,0,0,fe9006940613
AU,1070,9,AU1070.9,U1070.9,0,7,0,0,0,0,0,0,0,3cddda664a2b
AU,1070,10,AU1070.10,U1070.10,0,13,0,0,0,0,0,0,0,71a4d95eb40b
AU,1070,11,AU1070.11,U1070.11,0,19,0,0,0,0,0,0,0,b9c2f3290033
AU,1070,12,AU1070.12,U1070.12,0,18,0,0,0,0,0,0,0,07d36bfa2b4c
AU,1070,13,AU1070.13,U1070.13,0,11,0,0,0,0,0,0,0,af9915f1124d
AU,1070,14,AU1070.14,U1070.14,0,15,0,0,0,1,0,0,0,9a97c59469f2
AU,1071,0,AU1071.0,U1071.0,1,12,0,0,0,0,0,0,0,a1bc48828330
AU,1071,1,AU1071.1,U1071.1,0,29,0,0,0,0,0,0,0,ee4c9d8b7c07
AU,1071,2,AU1071.2,U1071.2,0,11,0,0,0,1,0,0,0,77fa8a3f641e
AU,1071,3,AU1071.3,U1071.3,0,11,0,0,0,1,0,0,0,9345fe6d4707
AU,1072,0,AU1072.0,U1072.0,1,12,0,0,0,0,0,0,0,57497682d1b2
AU,1072,1,AU1072.1,U1072.1,0,8,0,0,0,0,0,0,0,f0d58a9f7dbd
AU,1072,2,AU1072.2,U1072.2,0,8,0,0,0,0,1,0,0,577f6a6e6cb8
AU,1072,3,AU1072.3,U1072.3,0,8,0,0,0,0,0,0,0,a37789a312cd
AU,1072,4,AU1072.4,U1072.4,0,43,0,0,0,1,1,0,0,ad4c1ca7e9ac
AU,1072,5,AU1072.5,U1072.5,0,21,0,0,0,1,0,0,0,a6bf5483ab63
AU,1072,6,AU1072.6,U1072.6,0,12,0,0,0,0,0,0,0,0590864a7827
AU,1072,7,AU1072.7,U1072.7,0,14,0,0,0,0,0,0,0,82f4d691f62f
AU,1072,8,AU1072.8,U1072.8,0,16,0,1,0,0,0,0,0,5955a2ff80df
AU,1073,0,AU1073.0,U1073.0,1,12,0,0,0,0,0,0,0,40c2dd7b3d37
AU,1073,1,AU1073.1,U1073.1,0,11,0,0,0,1,0,0,0,9badbdcc0024
AU,1073,2,AU1073.2,U1073.2,0,32,0,0,0,1,0,0,0,a4f01ee4e8b0
AU,1073,3,AU1073.3,U1073.3,0,25,0,0,0,1,1,0,0,6cddfa12a4fe
AU,1073,4,AU1073.4,U1073.4,0,27,0,0,0,1,0,0,0,a9f3d0641098
AU,1073,5,AU1073.5,U1073.5,0,13,0,0,0,0,0,0,0,e445f87b602b
AU,1074,0,AU1074.0,U1074.0,1,12,0,0,0,0,0,0,0,b0578a613b5d
AU,1074,1,AU1074.1,U1074.1,0,36,0,0,0,0,0,0,0,465e272f2052
AU,1074,2,AU1074.2,U1074.2,0,8,0,0,0,0,0,0,0,fa4f5ae88d69
AU,1074,3,AU1074.3,U1074.3,0,23,0,0,0,1,0,0,0,f84e49c2f1a4
AU,1074,4,AU1074.4,U1074.4,0,15,0,0,0,0,0,0,0,9379f1eee402
AU,1074,5,AU1074.5,U1074.5,0,13,0,0,0,0,0,0,0,8038a39fefa1
AU,1074,6,AU1074.6,U1074.6,0,8,0,0,0,0,0,0,0,3b9bf65f1fbc
AU,1075,0,AU1075.0,U1075.0,1,12,0,0,0,0,0,0,0,e3ff47c77e31
AU,1075,1,AU1075.1,U1075.1,0,22,0,0,0,0,0,0,0,65e90a8ce627
AU,1075,2,AU1075.2,U1075.2,0,35,0,0,0,0,0,0,0,138f406aa888
AU,1075,3,AU1075.3,U1075.3,0,9,0,0,0,0,0,0,0,6c84c61958ab
AU,1075,4,AU1075.4,U1075.4,0,13,0,0,0,0,0,0,0,d59331df671c
AU,1075,5,AU1075.5,U1075.5,0,8,0,0,0,0,0,0,0,44a39221dcf3
AU,1076,0,AU1076.0,U1076.0,1,12,0,0,0,0,0,0,0,95ac6e0f21e4
AU,1076,1,AU1076.1,U1076.1,0,28,0,0,0,1,0,0,0,ae3961b02c20
AU,1076,2,AU1076.2,U1076.2,0,25,0,0,0,0,0,0,0,6513f666c0eb
AU,1076,3,AU1076.3,U1076.3,0,28,0,0,0,1,0,0,0,81e32f15f72f
AU,1076,4,AU1076.4,U1076.4,0,21,0,0,0,0,0,0,0,3b75288713cd
AU,1076,5,AU1076.5,U1076.5,0,28,0,0,0,0,0,0,0,3a603caa188b
AU,1076,6,AU1076.6,U1076.6,0,13,0,0,0,0,0,0,0,1938cf9eaa12
AU,1076,7,AU1076.7,U1076.7,0,11,0,0,0,0,0,0,0,1060d14fb8b8
AU,1077,0,AU1077.0,U1077.0,1,12,0,0,0,0,0,0,0,f28aa7d8b469
AU,1077,1,AU1077.1,U1077.1,0,26,0,0,0,0,0,0,0,e7abce4c691b
AU,1077,2,AU1077.2,U1077.2,0,15,0,0,0,1,0,0,0,4012080bd2d9
AU,1077,3,AU1077.3,U1077.3,0,12,0,0,0,0,0,0,0,7a9cb7c0cd8a
AU,1077,4,AU1077.4,U1077.4,0,11,0,0,0,0,0,0,0,419ff7ddd8b6
AU,1077,5,AU1077.5,U1077.5,0,22,0,0,0,0,0,0,0,8f0c3984fca8
AU,1077,6,AU1077.6,U1077.6,0,13,0,0,0,1,0,0,0,25c86407683e
AU,1077,7,AU1077.7,U1077.7,0,26,0,0,0,0,0,0,0,2aa7be308370
AU,1077,8,AU1077.8,U1077.8,0,12,0,0,0,0,0,0,0,021eb1d309f6
AU,1078,0,AU1078.0,U1078.0,1,12,0,0,0,0,0,0,0,1e9858365138
AU,1078,1,AU1078.1,U1078.1,0,4,0,0,0,0,0,0,0,32c691ccef19
AU,1078,2,AU1078.2,U1078.2,0,14,0,0,0,0,0,0,0,88b1c1f9d9bd
AU,1078,3,AU1078.3,U1078.3,0,22,0,0,0,0,0,0,0,8470058ee0f1
AU,1078,4,AU1078.4,U1078.4,0,15,0,0,0,0,0,0,0,96b1d1bcbd07
AU,1078,5,AU1078.5,U1078.5,0,37,0,0,0,0,1,0,0,cba463a524fb
AU,1078,6,AU1078.6,U1078.6,0,23,0,0,0,0,0,0,0,e64986b2e7d1
AU,1078,7,AU1078.7,U1078.7,0,23,0,0,0,0,0,0,0,7e062320401d
AU,1079,0,AU1079.0,U1079.0,1,12,0,0,0,0,0,0,0,8e834e0657d4
AU,1079,1,AU1079.1,U1079.1,0,41,0,0,0,1,0,0,0,8eb342a8f082
AU,1080,0,AU1080.0,U1080.0,1,12,0,0,0,0,0,0,0,0f1aa06d8ba0
AU,1080,1,AU1080.1,U1080.1,0,15,0,0,0,0,0,0,0,9bc8fea50cf5
AU,1080,2,AU1080.2,U1080.2,0,6,0,0,0,0,0,0,0,b8c1f1d048cb
AU,1080,3,AU1080.3,U1080.3,0,6,0,0,0,0,0,0,0,241c9c3db0c6
AU,1080,4,AU1080.4,U1080.4,0,16,0,0,0,0,1,0,0,c5662dfc4656
AU,1080,5,AU1080.5,U1080.5,0,9,0,0,0,0,0,0,0,e4759232c85d
AU,1080,6,AU1080.6,U1080.6,0,15,0,0,0,0,1,0,0,6d6c22d3719b
AU,1080,7,AU1080.7,U1080.7,0,64,0,0,0,1,0,0,0,60feeb3bbaf5
AU,1081,0,AU1081.0,U1081.0,1,12,0,0,0,0,0,0,0,ce12c96289c1
AU,1081,1,AU1081.1,U1081.1,0,14,0,0,0,0,0,0,0,c5bcb4145bbc
AU,1081,2,AU1081.2,U1081.2,0,31,0,0,0,0,0,0,0,947859e21e52
AU,1081,3,AU1081.3,U1081.3,0,15,0,0,0,0,0,0,0,983f0c742ec9
AU,1081,4,AU1081.4,U1081.4,0,23,0,0,0,1,0,0,0,fca79f420e61
AU,1081,5,AU1081.5,U1081.5,0,12,0,0,0,0,0,0,0,e1f569cd52f6
AU,1082,0,AU1082.0,U1082.0,1,12,0,0,0,0,0,0,0,4a5b458eb635
AU,1082,1,AU1082.1,U1082.1,0,45,0,0,0,0,0,0,0,596bed80ba7b
AU,1082,2,AU1082.2,U1082.2,0,17,0,0,0,0,0,0,0,bd58d2030672
AU,1082,3,AU1082.3,U1082.3,0,14,0,0,0,0,0,0,0,1281d6364c0c
AU,1083,0,AU1083.0,U1083.0,1,12,0,0,0,0,0,0,0,07c031eed750
AU,1083,1,AU1083.1,U1083.1,0,13,0,0,0,0,0,0,0,ac587ffaf011
AU,1083,2,AU1083.2,U1083.2,0,29,0,0,0,0,0,0,0,474f19b95934
AU,1083,3,AU1083.3,U1083.3,0,7,0,0,0,0,0,0,0,54b3a6b92d9b
AU,1083,4,AU1083.4,U1083.4,0,6,0,0,0,0,1,0,0,73d3110ebcb5
AU,1083,5,AU1083.5,U1083.5,0,15,0,0,0,0,0,0,0,3f7ec3d4c545
AU,1083,6,AU1083.6,U1083.6,0,37,0,0,0,0,0,0,0,1a12100ef81c
AU,1084,0,AU1084.0,U1084.0,1,12,0,0,0,0,0,0,0,61e9324e30e8
AU,1084,1,AU1084.1,U1084.1,0,19,0,0,0,0,0,0,0,7a5bbafecd13
AU,1084,2,AU1084.2,U1084.2,0,8,0,0,0,0,0,0,0,701b3cf4aa3a
AU,1084,3,AU1084.3,U1084.3,0,8,0,0,0,0,0,0,0,08be24061f0f
AU,1084,4,AU1084.4,U1084.4,0,46,0,0,0,0,0,0,0,813c8bff3e0d
AU,1084,5,AU1084.5,U1084.5,0,40,0,0,0,1,1,0,0,bf6e2c4506cb
AU,1084,6,AU1084.6,U1084.6,0,45,0,0,0,0,0,0,0,f7286ec18006
AU,1084,7,AU1084.7,U1084.7,0,9,0,0,0,0,0,0,0,079a3751a81e
AU,1084,8,AU1084.8,U1084.8,0,8,0,0,0,0,0,0,0,1333caaa284f
AU,1084,9,AU1084.9,U1084.9,0,13,0,0,0,0,0,0,0,53450be6b8f9
AU,1085,0,AU1085.0,U1085.0,1,12,0,0,0,0,0,0,0,0be7127c17bc
AU,1085,1,AU1085.1,U1085.1,0,49,0,0,0,1,0,0,0,da68368da9fd
AU,1085,2,AU1085.2,U1085.2,0,38,0,1,0,0,0,0,0,e8e3be9e74c6
AU,1086,0,AU1086.0,U1086.0,1,12,0,0,0,0,0,0,0,ab44702e46ee
AU,1086,1,AU1086.1,U1086.1,0,55,0,0,0,0,0,0,0,0f30dd13a5b7
AU,1086,2,AU1086.2,U1086.2,0,39,0,0,0,0,1,0,0,b937f07bce75
AU,1086,3,AU1086.3,U1086.3,0,13,0,0,0,0,0,0,0,45533d56c3a4
AU,1086,4,AU1086.4,U1086.4,0,80,0,0,0,0,0,0,0,2a169784ab13
AU,1086,5,AU1086.5,U1086.5,0,29,0,0,0,1,1,0,0,dff935465a26
AU,1086,6,AU1086.6,U1086.6,0,17,0,0,0,0,0,0,0,a19a88ade780
AU,1086,7,AU1086.7,U1086.7,0,38,0,0,0,0,0,0,0,f058c93d9da8
AU,1087,0,AU1087.0,U1087.0,1,12,0,0,0,0,0,0,0,ebd9348d71d2
AU,1087,1,AU1087.1,U1087.1,0,8,0,0,0,0,0,0,0,420b31432468
AU,1087,2,AU1087.2,U1087.2,0,8,0,0,0,0,1,0,0,6af23c880228
AU,1087,3,AU1087.3,U1087.3,0,13,0,0,0,0,0,0,0,33eeb379ee2b
AU,1087,4,AU1087.4,U1087.4,0,23,0,0,0,1,0,0,0,55e7b7061338
AU,1087,5,AU1087.5,U1087.5,0,10,0,0,0,0,0,0,0,08151d1e43e6
AU,1087,6,AU1087.6,U1087.6,0,31,0,0,0,0,0,0,0,52c838c7ba4a
AU,1087,7,AU1087.7,U1087.7,0,27,0,0,0,0,0,0,0,aac21234181e
AU,1087,8,AU1087.8,U1087.8,0,8,0,0,0,0,0,0,0,228e424259c4
AU,1087,9,AU1087.9,U1087.9,0,21,0,0,0,0,0,0,0,3cf73dfd3104
AU,1088,0,AU1088.0,U1088.0,1,12,0,0,0,0,0,0,0,b627fa6f2d4f
AU,1088,1,AU1088.1,U1088.1,0,59,0,0,0,0,1,0,0,9455d3c4222a
AU,1088,2,AU1088.2,U1088.2,0,59,0,0,0,0,1,0,0,1a66a4ffdcd7
AU,1088,3,AU1088.3,U1088.3,0,11,0,0,0,1,0,0,0,024c19f30daa
AU,1088,4,AU1088.4,U1088.4,0,31,0,0,0,0,1,0,0,146693c76d90
AU,1088,5,AU1088.5,U1088.5,0,9,0,0,0,0,0,0,0,effc2225332a
AU,1088,6,AU1088.6,U1088.6,0,11,0,0,0,0,0,0,0,38cb3af879ec
AU,1089,0,AU1089.0,U1089.0,1,12,0,0,0,0,0,0,0,65dcb9865010
AU,1089,1,AU1089.1,U1089.1,0,18,0,0,0,1,1,0,0,c4797d5f8e23
AU,1089,2,AU1089.2,U1089.2,0,8,0,0,0,1,0,0,0,5d03554b2539
AU,1089,3,AU1089.3,U1089.3,0,14,0,0,0,0,1,0,0,850ceec4acd5
AU,1089,4,AU1089.4,U1089.4,0,8,0,0,0,0,0,0,0,b55fa55d1a46
AU,1089,5,AU1089.5,U1089.5,0,24,0,0,0,0,0,0,0,78f6a2509d56
AU,1089,6,AU1089.6,U1089.6,0,13,0,0,0,0,0,0,0,7a58add1955a
AU,1089,7,AU1089.7,U1089.7,0,12,0,0,0,1,0,0,0,29744edf3520
AU,1090,1,AU1090.1,U1090.1,0,29,0,0,0,0,0,0,0,0fe638ae06a5
AU,1090,1,AU1090.1,U1090.1,0,19,0,0,0,0,0,0,0,f90a7b0484af
AU,1090,2,AU1090.2,U1090.2,0,27,0,0,0,0,0,0,0,cb5dd44bc660
AU,1090,3,AU1090.3,U1090.3,0,14,0,0,0,0,0,0,0,0ae4819e4bdd
AU,1090,4,AU1090.4,U1090.4,0,38,0,0,0,1,1,0,0,f9db5311637a
AU,1090,5,AU1090.5,U1090.5,0,6,0,0,0,0,0,0,0,1d3834212d55
AU,1091,0,AU1091.0,U1091.0,1,12,0,0,0,0,0,0,0,7b4ea7437ca5
AU,1091,1,AU1091.1,U1091.1,0,13,0,0,0,0,0,0,0,34ee46e3d357
AU,1091,2,AU1091.2,U1091.2,0,11,0,0,0,1,0,0,0,96631388e77d
AU,1091,3,AU1091.3,U1091.3,0,22,0,0,0,0,0,0,0,7256a483dbb6
AU,1091,4,AU1091.4,U1091.4,0,14,0,0,0,0,0,0,0,7482ee293742
AU,1091,5,AU1091.5,U1091.5,0,32,0,0,0,0,0,0,0,05e01e84c374
AU,1091,6,AU1091.6,U1091.6,0,8,0,0,0,0,0,0,0,3172c63be66b
AU,1092,0,AU1092.0,U1092.0,1,12,0,0,0,0,0,0,0,9877244f50ac
AU,1092,1,AU1092.1,U1092.1,0,10,0,0,0,0,0,0,0,dce812acdad4
AU,1092,2,AU1092.2,U1092.2,0,10,0,0,0,1,1,0,0,f493104511d0
AU,1092,3,AU1092.3,U1092.3,0,15,0,0,0,0,0,0,0,00d46266a46a
AU,1092,4,AU1092.4,U1092.4,0,11,0,0,0,0,1,0,0,5e6a54d41ad7
AU,1092,5,AU1092.5,U1092.5,0,12,0,0,0,0,0,0,0,7661b3e695f1
AU,1092,6,AU1092.6,U1092.6,0,20,0,0,0,0,0,0,0,92178939b9b4
AU,1092,7,AU1092.7,U1092.7,0,35,0,0,1,1,0,0,0,f15401522832
AU,1092,8,AU1092.8,U1092.8,0,14,0,0,0,0,0,0,0,67a11a79634e
AU,1092,9,AU1092.9,U1092.9,0,8,0,0,0,0,0,0,0,8b41e9a58c7f
AU,1092,10,AU1092.10,U1092.10,0,10,0,0,0,0,0,0,0,536b5620c53e
AU,1093,0,AU1093.0,U1093.0,1,12,0,0,0,0,0,0,0,55bd65282fa0
AU,1093,1,AU1093.1,U1093.1,0,35,0,0,0,1,1,0,0,96e98eddb9b6
AU,1093,2,AU1093.2,U1093.2,0,25,0,1,0,0,0,0,0,189d9b116eca
AU,1093,3,AU1093.3,U1093.3,0,11,0,0,0,0,0,0,0,854b7f9ac3fe
AU,1093,4,AU1093.4,U1093.4,0,16,0,0,0,0,0,0,0,c961843d4f78
AU,1093,5,AU1093.5,U1093.5,0,35,0,1,0,0,0,0,0,3921183d1d8f
AU,1093,6,AU1093.6,U1093.6,0,9,0,0,0,0,0,0,0,a4fa53103b22
AU,1093,7,AU1093.7,U1093.7,0,8,0,0,0,0,0,0,0,228e424259c4
AU,1094,0,AU1094.0,U1094.0,1,12,0,0,0,0,0,0,0,5b39c4250824
AU,1094,1,AU1094.1,U1094.1,0,16,0,0,0,0,0,0,0,8175915034a9
AU,1094,2,AU1094.2,U1094.2,0,31,0,0,0,1,0,0,0,f67d47253b02
AU,1094,3,AU1094.3,U1094.3,0,23,0,0,0,0,0,0,0,bc669dff37ed
AU,1094,4,AU1094.4,U1094.4,0,16,0,0,0,0,0,0,0,908b21aaed5d
AU,1094,5,AU1094.5,U1094.5,0,19,0,0,0,0,0,0,0,96262c910b93
AU,1094,6,AU1094.6,U1094.6,0,27,0,0,0,0,1,0,0,b21c915273d0
AU,1094,7,AU1094.7,U1094.7,0,20,0,1,0,0,0,0,0,d994d8c4152b
AU,1094,8,AU1094.8,U1094.8,0,10,0,0,0,0,0,0,0,05fbd51bfc93
AU,1094,9,AU1094.9,U1094.9,0,24,0,0,0,0,0,0,0,989d3ea20453
AU,1095,0,AU1095.0,U1095.0,1,12,0,0,0,0,0,0,0,f4c09abdc251
AU,1095,1,AU1095.1,U1095.1,0,18,0,0,0,0,0,0,0,4dbd4c335412
AU,1095,2,AU1095.2,U1095.2,0,20,0,0,0,1,0,0,0,b3b5bd20886e
AU,1095,3,AU1095.3,U1095.3,0,13,0,0,0,0,0,0,0,fcaa4395aafd
AU,1095,4,AU1095.4,U1095.4,0,26,0,0,0,0,0,0,0,feab4cfe4f17
AU,1095,5,AU1095.5,U1095.5,0,15,0,0,0,0,0,0,0,86d8efcf6f60
AU,1095,6,AU1095.6,U1095.6,0,12,0,0,0,0,0,0,0,2a3e2528282f
AU,1095,7,AU1095.7,U1095.7,0,22,0,0,0,0,0,0,0,6b1c0c5556f7
AU,1095,8,AU1095.8,U1095.8,0,26,0,0,0,0,0,0,0,8d1078e2a8c9
AU,1095,9,AU1095.9,U1095.9,0,13,0,0,0,0,0,0,0,45ee1e3c9981
AU,1095,10,AU1095.10,U1095.10,0,13,0,0,0,0,0,0,0,3cb4f255dffe
AU,1095,11,AU1095.11,U1095.11,0,7,0,0,0,0,0,0,0,5b7aedf579af
AU,1096,0,AU1096.0,U1096.0,1,12,0,0,0,0,0,0,0,027518a62530
AU,1096,1,AU1096.1,U1096.1,0,35,0,0,0,1,0,0,0,4421e0bc042c
AU,1096,2,AU1096.2,U1096.2,0,27,0,0,0,0,0,0,0,ff180a7c7bad
AU,1096,3,AU1096.3,U1096.3,0,33,0,0,0,0,0,0,0,d93b19df19ef
AU,1096,4,AU1096.4,U1096.4,0,11,0,0,0,0,0,0,0,bcdabee9449b
AU,1096,5,AU1096.5,U1096.5,0,13,0,0,0,0,0,0,0,1979eb543e37
AU,1096,6,AU1096.6,U1096.6,0,8,0,0,0,0,0,0,0,dcac9489f5c5
AU,1096,7,AU1096.7,U1096.7,0,20,0,0,0,0,0,0,0,8eb4c0d9a8f9
AU,1096,8,AU1096.8,U1096.8,0,10,0,0,0,0,0,0,0,dc8bd0a50153
AU,1096,9,AU1096.9,U1096.9,0,9,0,0,0,0,0,0,0,3f674d5180a2
AU,1096,10,AU1096.10,U1096.10,0,18,0,0,0,0,0,0,0,902550135403
AU,1097,0,AU1097.0,U1097.0,1,12,0,0,0,0,0,0,0,f903aaa7bc0d
AU,1097,1,AU1097.1,U1097.1,0,10,0,0,0,0,0,0,0,feea590828e4
AU,1097,2,AU1097.2,U1097.2,0,16,0,0,0,0,0,0,0,841bd046fae5
AU,1097,3,AU1097.3,U1097.3,0,9,0,0,0,0,0,0,0,033f524c6c22
AU,1097,4,AU1097.4,U1097.4,0,12,0,0,0,0,0,0,0,3fe95ce26bba
AU,1097,5,AU1097.5,U1097.5,0,24,0,0,0,1,1,0,0,05ebebbc8742
AU,1097,6,AU1097.6,U1097.6,0,48,0,0,0,0,0,0,0,85859fbe0924
AU,1097,7,AU1097.7,U1097.7,0,14,0,0,0,0,0,0,0,827dc60ce58e
AU,1097,8,AU1097.8,U1097.8,0,37,0,0,0,0,0,0,0,7a4bdf69c3bd
AU,1098,0,AU1098.0,U1098.0,1,12,0,0,0,0,0,0,0,7726c2552020
AU,1098,1,AU1098.1,U1098.1,0,15,0,0,0,0,0,0,0,898c69006cc1
AU,1098,2,AU1098.2,U1098.2,0,29,0,0,0,0,0,0,0,07725c4f6845
AU,1098,3,AU1098.3,U1098.3,0,18,0,0,0,0,0,0,0,1abd4a5da67e
AU,1098,4,AU1098.4,U1098.4,0,27,0,0,0,1,1,0,0,8d28e5a1f65a
AU,1098,5,AU1098.5,U1098.5,0,7,0,0,0,0,0,0,0,37094b2aee22
AU,1098,6,AU1098.6,U1098.6,0,38,0,0,0,0,0,0,0,8e6708db61dd
AU,1098,7,AU1098.7,U1098.7,0,11,0,0,0,0,0,0,0,71f7af4432f3
AU,1098,8,AU1098.8,U1098.8,0,43,0,0,0,0,0,0,0,76ffc65b4627
AU,1098,9,AU1098.9,U1098.9,0,22,0,0,0,0,0,0,0,7560f953adb3
AU,1098,10,AU1098.10,U1098.10,0,25,0,0,0,0,0,0,0,83eef64c4d1a
AU,1098,11,AU1098.11,U1098.11,0,15,0,0,0,0,0,0,0,6c231d543d30
AU,1099,0,AU1099.0,U1099.0,1,12,0,0,0,0,0,0,0,343e4d1c3c86
AU,1099,1,AU1099.1,U1099.1,0,6,0,0,0,0,0,0,0,0c8f65f3e8e1
AU,1099,2,AU1099.2,U1099.2,0,5,0,0,0,0,0,0,0,da70ed5ed438
AU,1099,3,AU1099.3,U1099.3,0,12,0,0,0,0,0,0,0,c1f49006b74d
AU,1099,4,AU1099.4,U1099.4,0,6,0,0,0,1,0,0,0,1c6da9da5212
AU,1099,5,AU1099.5,U1099.5,0,15,0,0,0,1,0,0,0,dc72957a680e
AU,1099,6,AU1099.6,U1099.6,0,28,1,0,0,0,0,0,1,f4fbcf8cb3d8
AU,1099,7,AU1099.7,U1099.7,0,30,0,0,0,0,0,0,0,74100afa9a93
AU,1099,8,AU1099.8,U1099.8,0,154,0,0,0,0,0,0,0,f9596074e403
AU,1099,9,AU1099.9,U1099.9,0,15,0,0,0,0,0,0,0,6b97634a90da
AU,1099,10,AU1099.10,U1099.10,0,37,0,0,0,0,0,0,0,af7966e0e0d0
AU,1100,0,AU1100.0,U1100.0,1,12,0,0,0,0,0,0,0,f3d81779dad6
AU,1100,1,AU1100.1,U1100.1,0,13,0,0,0,1,0,0,0,9816d355bccc
AU,1100,2,AU1100.2,U1100.2,0,38,0,0,0,0,0,0,0,805fc9a460a8
AU,1100,3,AU1100.3,U1100.3,0,18,0,0,0,1,0,0,0,1a88b1774acc
AU,1100,4,AU1100.4,U1100.4,0,11,0,0,0,0,0,0,0,fcf5ec6ba533
AU,1100,5,AU1100.5,U1100.5,0,18,0,0,0,0,0,0,0,e33a0c28a5f1
AU,1100,6,AU1100.6,U1100.6,0,17,0,0,0,0,0,0,0,008058af7b9d
AU,1100,7,AU1100.7,U1100.7,0,25,0,0,0,1,0,0,0,8eae473e118e
AU,1100,8,AU1100.8,U1100.8,0,13,0,0,0,0,0,0,0,bd7c4b6514d7
AU,1100,9,AU1100.9,U1100.9,0,12,0,0,0,0,0,0,0,6f35351aa9d9
AU,1101,0,AU1101.0,U1101.0,1,12,0,0,0,0,0,0,0,17ea003a2798
AU,1101,1,AU1101.1,U1101.1,0,12,0,0,0,0,0,0,0,400533e8698b
AU,1101,2,AU1101.2,U1101.2,0,14,0,0,0,0,0,0,0,d32d372e171a
AU,1101,3,AU1101.3,U1101.3,0,7,0,0,0,0,0,0,0,de6ad92d79a2
AU,1101,4,AU1101.4,U1101.4,0,67,0,0,0,0,0,0,0,18536b45bb0a
AU,1101,5,AU1101.5,U1101.5,0,28,0,0,0,0,0,0,0,8c3f2c59f941
AU,1101,6,AU1101.6,U1101.6,0,8,0,0,0,1,0,0,0,cd434e4eb9ca
AU,1101,7,AU1101.7,U1101.7,0,8,0,0,0,0,0,0,0,f3b25bddfeaf
AU,1101,7,AU1101.7,U1101.7,0,72,0,0,0,1,0,0,0,633c4aadb4e7
AU,1102,0,AU1102.0,U1102.0,1,12,0,0,0,0,0,0,0,4aef0aef2475
AU,1102,1,AU1102.1,U1102.1,0,6,0,0,0,0,0,0,0,01f7261f4e6d
AU,1102,2,AU1102.2,U1102.2,0,24,0,0,0,0,0,0,0,e8754d258417
AU,1102,3,AU1102.3,U1102.3,0,15,0,0,0,0,0,0,0,11f76c956180
AU,1102,4,AU1102.4,U1102.4,0,8,0,0,0,0,0,0,0,353eb2b9031d
AU,1102,5,AU1102.5,U1102.5,0,19,0,0,0,0,0,0,0,ea754fe641b4
AU,1102,6,AU1102.6,U1102.6,0,38,0,0,0,0,0,0,0,0bdec94fc492
AU,1102,7,AU1102.7,U1102.7,0,24,0,0,0,0,0,0,0,fd3fd2972965
AU,1102,8,AU1102.8,U1102.8,0,32,0,0,0,0,0,0,0,c4c07e9608ea
AU,1102,9,AU1102.9,U1102.9,0,14,0,0,0,1,0,0,0,8975a3cfdfde
AU,1102,10,AU1102.10,U1102.10,0,23,0,0,0,0,0,0,0,502db0df2429
AU,1102,11,AU1102.11,U1102.11,0,6,0,0,0,0,1,0,0,e5983e88d629
AU,1102,12,AU1102.12,U1102.12,0,36,0,0,0,1,0,0,0,78a430b771ed
AU,1103,0,AU1103.0,U1103.0,1,12,0,0,0,0,0,0,0,5f4140ee55de
AU,1103,1,AU1103.1,U1103.1,0,19,0,0,0,0,0,0,0,55638ce64979
AU,1103,2,AU1103.2,U1103.2,0,14,0,0,0,0,0,0,0,f83e9cd115df
AU,1103,3,AU1103.3,U1103.3,0,28,0,0,0,0,0,0,0,9d160a6992ce
AU,1103,4,AU1103.4,U1103.4,0,15,0,0,0,0,0,0,0,90ed21227808
AU,1103,5,AU1103.5,U1103.5,0,419,0,0,0,1,1,0,0,e5885da06f7c
AU,1103,6,AU1103.6,U1103.6,0,11,0,0,0,0,0,0,0,bb77fb840d28
AU,1103,7,AU1103.7,U1103.7,0,9,0,0,0,0,0,0,0,dff9eb8adedc
AU,1103,8,AU1103.8,U1103.8,0,23,0,0,0,1,0,0,0,6e67ae210efa
AU,1104,0,AU1104.0,U1104.0,1,12,0,0,0,0,0,0,0,fbf2d1248ebf
AU,1104,1,AU1104.1,U1104.1,0,14,0,0,0,0,0,0,0,dcdfa48591f7
AU,1104,2,AU1104.2,U1104.2,0,21,0,0,0,0,0,0,0,0b7f5918d721
AU,1104,3,AU1104.3,U1104.3,0,12,0,0,0,0,0,0,0,4ae4ba8ead21
AU,1104,4,AU1104.4,U1104.4,0,10,0,0,0,0,0,0,0,00f4999e4fb5
AU,1104,5,AU1104.5,U1104.5,0,38,0,0,0,0,0,0,0,7fcf452fc92d
AU,1104,6,AU1104.6,U1104.6,0,35,0,0,0,1,0,0,0,dd304fceaea1
AU,1104,7,AU1104.7,U1104.7,0,7,0,0,0,0,0,0,0,cfec0b3de7c7
AU,1104,8,AU1104.8,U1104.8,0,12,0,0,0,0,0,0,0,4ddcf8a6b1f3
AU,1105,0,AU1105.0,U1105.0,1,12,0,0,0,0,0,0,0,c8bb10073dfe
AU,1105,1,AU1105.1,U1105.1,0,24,0,0,0,0,0,0,0,b3087211faa1
AU,1105,2,AU1105.2,U1105.2,0,11,0,0,0,1,0,0,0,a1e74a6f99fc
AU,1105,3,AU1105.3,U1105.3,0,115,0,0,0,1,0,0,0,bfe8ba5b907a
AU,1105,4,AU1105.4,U1105.4,0,6,0,0,0,0,0,0,0,690eae8655d5
AU,1105,5,AU1105.5,U1105.5,0,4,0,0,0,0,0,0,0,40a6e9e82dec
AU,1105,6,AU1105.6,U1105.6,0,23,0,0,0,0,0,0,0,e73b56d88550
AU,1106,0,AU1106.0,U1106.0,1,12,0,0,0,0,0,0,0,894dbf42e5c9
AU,1106,1,AU1106.1,U1106.1,0,32,0,0,0,1,0,0,0,018d10c5a52c
AU,1106,2,AU1106.2,U1106.2,0,8,0,0,0,0,0,0,0,9ee3a8b48d9f
AU,1106,3,AU1106.3,U1106.3,0,7,0,0,0,0,0,0,0,9319dfac019e
AU,1106,4,AU1106.4,U1106.4,0,47,0,0,0,0,0,0,0,7bb1e2a9ec02
AU,1106,5,AU1106.5,U1106.5,0,9,0,0,0,0,0,0,0,7dfafce7314f
AU,1106,6,AU1106.6,U1106.6,0,59,0,0,0,0,1,0,0,4a2cf9f5887c
AU,1106,7,AU1106.7,U1106.7,0,11,0,0,0,1,0,0,0,99ace34efbd0
AU,1106,8,AU1106.8,U1106.8,0,5,0,1,0,0,0,0,0,f7643bc93860
AU,1107,0,AU1107.0,U1107.0,1,12,0,0,0,0,0,0,0,5cb00571a95c
AU,1107,1,AU1107.1,U1107.1,0,26,0,0,0,0,0,0,0,ec1c7821f5da
AU,1107,2,AU1107.2,U1107.2,0,22,0,0,0,0,0,0,0,320f471a083f
AU,1107,3,AU1107.3,U1107.3,0,16,0,0,0,0,0,0,0,3f5ac77e3e81
AU,1107,4,AU1107.4,U1107.4,0,26,0,0,0,0,0,0,0,03fe01a1086a
AU,1107,5,AU1107.5,U1107.5,0,28,0,0,0,0,0,0,0,6dd08b95569e
AU,1107,6,AU1107.6,U1107.6,0,13,0,0,0,0,0,0,0,1d99b4e0aa12
AU,1107,7,AU1107.7,U1107.7,0,33,0,0,0,1,0,0,0,283b4ebac08e
AU,1107,8,AU1107.8,U1107.8,0,19,0,0,0,0,0,0,0,f57fdfd52b79
AU,1108,0,AU1108.0,U1108.0,1,12,0,0,0,0,0,0,0,ef86fea5f05e
AU,1108,1,AU1108.1,U1108.1,0,5,0,0,0,0,1,0,0,ba81ab76a92f
AU,1108,2,AU1108.2,U1108.2,0,17,0,0,0,0,0,0,0,46add61182d1
AU,1108,3,AU1108.3,U1108.3,0,20,0,0,0,0,0,0,0,50045a18d062
AU,1108,4,AU1108.4,U1108.4,0,16,0,0,0,0,0,0,0,e121f26fa36f
AU,1108,5,AU1108.5,U1108.5,0,14,0,0,0,0,0,0,0,b8f7f06f7d74
AU,1108,6,AU1108.6,U1108.6,0,33,0,0,0,0,0,0,0,c9830362ff5c
AU,1108,7,AU1108.7,U1108.7,0,16,0,0,0,1,0,0,0,2402d8f5c57e
AU,1108,8,AU1108.8,U1108.8,0,8,0,0,0,0,0,0,0,bb84c7990a73
AU,1108,9,AU1108.9,U1108.9,0,14,0,0,0,0,0,0,0,9bc237423c9b
AU,1108,10,AU1108.10,U1108.10,0,9,0,0,0,0,0,0,0,bccdac9b74a6
AU,1109,0,AU1109.0,U1109.0,1,59,0,0,0,0,0,0,0,931db68e864d
AU,1109,2,AU1109.2,U1109.2,0,25,0,0,0,0,0,0,0,88378e192ab0
AU,1109,3,AU1109.3,U1109.3,0,27,0,0,0,0,0,0,0,dd22c315bf5f
AU,1109,4,AU1109.4,U1109.4,0,22,0,0,0,0,0,0,0,ddbc4245d295
AU,1109,5,AU1109.5,U1109.5,0,64,0,0,0,0,0,0,0,383f88fd9644
AU,1109,6,AU1109.6,U1109.6,0,8,0,0,0,0,0,0,0,eb8e1cafc0ca
AU,1109,7,AU1109.7,U1109.7,0,24,0,0,0,0,0,0,0,6725ac4f76c9
AU,1109,9,AU1109.9,U1109.9,0,30,0,0,0,0,0,0,0,5776933daeaf
AU,1109,9,AU1109.9,U1109.9,0,17,0,0,0,0,0,0,0,608edbf1e975
AU,1109,10,AU1109.10,U1109.10,0,4,0,0,0,0,0,0,0,02b3ce16b366
AU,1109,11,AU1109.11,U1109.11,0,8,0,0,0,0,0,0,0,810a2782e35a
AU,1110,0,AU1110.0,U1110.0,1,12,0,0,0,0,0,0,0,4a95857b64cd
AU,1110,1,AU1110.1,U1110.1,0,11,0,0,0,0,0,0,0,2f5b980bca0b
AU,1110,2,AU1110.2,U1110.2,0,10,0,0,0,0,0,0,0,5bf491dd0433
AU,1110,3,AU1110.3,U1110.3,0,11,0,0,0,0,0,0,0,d80c454de1ed
AU,1110,4,AU1110.4,U1110.4,0,5,0,0,0,0,0,0,0,961c68c758e2
AU,1110,5,AU1110.5,U1110.5,0,9,0,0,0,0,0,0,0,02240df109de
AU,1110,6,AU1110.6,U1110.6,0,9,0,0,0,0,0,0,0,a8987ba30985
AU,1110,7,AU1110.7,U1110.7,0,11,0,0,0,0,1,0,0,b81f9c24e5d4
AU,1110,8,AU1110.8,U1110.8,0,16,0,0,0,0,0,0,0,f8f34d3fef6d
AU,1110,9,AU1110.9,U1110.9,0,23,0,0,0,0,0,0,0,2406ad3fd687
AU,1110,10,AU1110.10,U1110.10,0,27,0,0,0,0,0,0,0,89de018abe59
AU,1110,11,AU1110.11,U1110.11,0,33,0,0,0,1,1,0,0,b48712fb6a03
AU,1110,12,AU1110.12,U1110.12,0,20,0,0,0,1,0,0,0,8c0a224315f9
AU,1110,13,AU1110.13,U1110.13,0,17,0,0,0,0,0,0,0,4358c9a8b88d
AU,1111,0,AU1111.0,U1111.0,1,12,0,0,0,0,0,0,0,bdfa5766d431
AU,1111,1,AU1111.1,U1111.1,0,19,0,0,0,0,0,0,0,a44cce4c13ea
AU,1111,2,AU1111.2,U1111.2,0,16,0,0,0,0,0,0,0,2280fecc6b76
AU,1111,3,AU1111.3,U1111.3,0,3,0,0,0,1,0,0,0,1de27c755ca6
AU,1111,4,AU1111.4,U1111.4,0,4,0,0,0,0,0,0,0,fcc0a8e13984
AU,1111,5,AU1111.5,U1111.5,0,3,0,0,0,0,0,0,0,df86a75195f8
AU,1111,6,AU1111.6,U1111.6,0,38,0,0,0,0,0,0,0,a4830521cc21
AU,1111,7,AU1111.7,U1111.7,0,10,0,0,0,0,0,0,0,21d582aca754
AU,1111,8,AU1111.8,U1111.8,0,65,0,0,0,0,0,0,0,824a42c93cd8
AU,1111,9,AU1111.9,U1111.9,0,29,0,0,0,0,0,0,0,fd5b04875582
AU,1111,10,AU1111.10,U1111.10,0,32,0,0,0,0,0,0,0,e81e909070b3
AU,1112,0,AU1112.0,U1112.0,1,12,0,0,0,0,0,0,0,077fca4ee60a
AU,1112,1,AU1112.1,U1112.1,0,36,0,0,0,1,0,0,0,863a23ee213b
AU,1112,2,AU1112.2,U1112.2,0,19,0,0,0,0,0,0,0,401d0f30e956
AU,1112,3,AU1112.3,U1112.3,0,23,0,0,0,1,0,0,0,cd2745cd60de
AU,1112,4,AU1112.4,U1112.4,0,15,0,0,0,0,0,0,0,3e28ab2dc849
AU,1113,0,AU1113.0,U1113.0,1,12,0,0,0,0,0,0,0,e1fe37b98437
AU,1113,1,AU1113.1,U1113.1,0,9,0,0,0,0,0,0,0,32708112a6cd
AU,1113,2,AU1113.2,U1113.2,0,24,0,0,0,0,0,0,0,e825e5e39c7b
AU,1113,3,AU1113.3,U1113.3,0,40,0,0,0,0,1,0,0,78dc3215b410
AU,1113,4,AU1113.4,U1113.4,0,18,0,0,0,1,0,0,0,66be8c9940cc
AU,1113,5,AU1113.5,U1113.5,0,13,0,0,0,0,0,0,0,0835db3e6e2f
AU,1113,6,AU1113.6,U1113.6,0,12,0,0,0,0,0,0,0,95118521e7fe
AU,1113,7,AU1113.7,U1113.7,0,134,0,0,0,0,1,0,0,c6100fc0fc18
AU,1113,8,AU1113.8,U1113.8,0,63,0,0,0,1,0,0,0,fb1c3b3c79af
AU,1113,9,AU1113.9,U1113.9,0,24,0,0,0,0,0,0,0,ab733e3b1e91
AU,1114,0,AU1114.0,U1114.0,1,12,0,0,0,0,0,0,0,7a6159f1085f
AU,1114,1,AU1114.1,U1114.1,0,51,0,0,0,0,1,0,0,5c23352c1106
AU,1114,2,AU1114.2,U1114.2,0,35,0,0,0,0,1,0,0,d5d7f68d49c9
AU,1114,3,AU1114.3,U1114.3,0,109,0,0,0,1,1,0,0,66372a286acf
AU,1114,4,AU1114.4,U1114.4,0,36,0,0,0,0,0,0,0,b76541470529
AU,1115,0,AU1115.0,U1115.0,1,12,0,0,0,0,0,0,0,cdc8ef89a146
AU,1115,1,AU1115.1,U1115.1,0,58,0,0,0,0,1,0,0,5d2279698a64
AU,1115,2,AU1115.2,U1115.2,0,13,0,0,0,0,1,0,0,a515de867b22
AU,1115,3,AU1115.3,U1115.3,0,32,0,0,0,0,0,0,0,84cc5aa4f9d3
AU,1115,4,AU1115.4,U1115.4,0,46,0,0,0,0,1,0,0,e754e729c274
AU,1115,5,AU1115.5,U1115.5,0,15,0,0,0,0,1,0,0,f7b74c4a9817
AU,1115,6,AU1115.6,U1115.6,0,16,0,0,0,1,1,0,0,df6086bc8766
AU,1115,7,AU1115.7,U1115.7,0,28,0,0,0,1,1,0,0,2b6a1dc94275
AU,1115,8,AU1115.8,U1115.8,0,29,0,0,0,0,1,0,0,c5b3b047d2a8
AU,1115,9,AU1115.9,U1115.9,0,11,0,0,0,1,0,0,0,1a0c609e521a
AU,1116,0,AU1116.0,U1116.0,1,12,0,0,0,0,0,0,0,3d689aafa067
AU,1116,1,AU1116.1,U1116.1,0,20,0,0,0,0,0,0,0,905ce1c953d7
AU,1116,2,AU1116.2,U1116.2,0,8,0,0,0,0,0,0,0,42d212f405c3
AU,1116,3,AU1116.3,U1116.3,0,28,0,0,0,1,1,0,0,ce92ee205e3f
AU,1116,4,AU1116.4,U1116.4,0,25,0,0,0,1,0,0,0,474d432786ad
AU,1116,5,AU1116.5,U1116.5,0,38,0,0,0,0,1,0,0,a89554d22357
AU,1116,6,AU1116.6,U1116.6,0,17,0,1,0,0,0,0,0,b093ecdde2aa
AU,1116,7,AU1116.7,U1116.7,0,7,0,0,0,0,0,0,0,ba744ad9d151
AU,1117,0,AU1117.0,U1117.0,1,12,0,0,0,0,0,0,0,facf3ddeb330
AU,1117,1,AU1117.1,U1117.1,0,9,0,0,0,0,0,0,0,3920b96d0fab
AU,1117,2,AU1117.2,U1117.2,0,11,0,0,0,0,0,0,0,2a095b9946fa
AU,1117,3,AU1117.3,U1117.3,0,58,0,0,0,0,0,0,0,13d99084aec5
AU,1117,4,AU1117.4,U1117.4,0,44,0,0,0,0,0,0,0,fa0d24f0dd1f
AU,1117,5,AU1117.5,U1117.5,0,18,0,0,0,0,0,0,0,3c84d49a2990
AU,1117,6,AU1117.6,U1117.6,0,68,0,0,0,0,0,0,0,f1f1f4738a8d
AU,1117,7,AU1117.7,U1117.7,0,52,0,0,0,0,0,0,0,e8a12a3f129b
AU,1118,0,AU1118.0,U1118.0,1,12,0,0,0,0,0,0,0,838f62cc5f03
AU,1118,1,AU1118.1,U1118.1,0,17,0,0,0,0,0,0,0,b4cd6b7a56f4
AU,1118,2,AU1118.2,U1118.2,0,20,0,0,0,0,1,0,0,6310a092dbae
AU,1118,3,AU1118.3,U1118.3,0,24,0,0,0,0,0,0,0,f6ae62304cfe
AU,1118,4,AU1118.4,U1118.4,0,18,0,0,0,0,0,0,0,6b29d1942c76
AU,1118,5,AU1118.5,U1118.5,0,19,0,1,0,0,0,0,0,d10b9d65ecc0
AU,1118,6,AU1118.6,U1118.6,0,96,0,0,0,1,1,0,0,cf9fcddbae87
AU,1118,7,AU1118.7,U1118.7,0,46,0,0,0,0,0,0,0,36b13d7bc50b
AU,1118,8,AU1118.8,U1118.8,0,23,0,0,0,0,0,0,0,3fb1af32891a
AU,1118,9,AU1118.9,U1118.9,0,20,0,0,0,0,0,0,0,0dd6fd13f93c
AU,1119,0,AU1119.0,U1119.0,1,12,0,0,0,0,0,0,0,99c69cdd1dd3
AU,1119,1,AU1119.1,U1119.1,0,7,0,0,0,0,0,0,0,5547d0bb4336
AU,1119,2,AU1119.2,U1119.2,0,49,0,0,0,0,0,0,0,eca720094d4e
AU,1119,3,AU1119.3,U1119.3,0,61,0,0,0,0,0,0,0,a78f4fbfdb92
AU,1119,4,AU1119.4,U1119.4,0,8,0,0,0,0,0,0,0,16e5cd185144
AU,1119,5,AU1119.5,U1119.5,0,10,0,0,0,0,0,0,0,732d2fddb902
AU,1119,6,AU1119.6,U1119.6,0,16,0,0,0,0,0,0,0,58123dba7c2d
AU,1119,7,AU1119.7,U1119.7,0,17,0,0,0,0,0,0,0,01f964653862
AU,1119,8,AU1119.8,U1119.8,0,60,0,0,0,0,0,0,0,178c3ad24946
AU,1120,0,AU1120.0,U1120.0,1,11,0,0,0,0,0,0,0,f3d7be5d58c9
AU,1120,1,AU1120.1,U1120.1,0,29,0,0,0,0,0,0,0,1426acd93710
AU,1120,2,AU1120.2,U1120.2,0,24,0,0,0,0,0,0,0,bcd7085315a3
AU,1120,3,AU1120.3,U1120.3,0,24,0,0,0,0,0,0,0,c3e7b871a61b
AU,1120,4,AU1120.4,U1120.4,0,20,0,0,0,0,1,0,0,581da9113a04
AU,1120,5,AU1120.5,U1120.5,0,10,0,0,0,0,0,0,0,2fc27840cb99
AU,1120,6,AU1120.6,U1120.6,0,14,0,0,0,0,0,0,0,d6557e19b69f
AU,1121,1,AU1121.1,U1121.1,0,12,0,0,0,0,0,0,0,f866c5e3bb2e
AU,1121,2,AU1121.2,U1121.2,0,73,0,0,0,0,0,0,0,e18d911c1819
AU,1121,2,AU1121.2,U1121.2,0,28,0,0,0,0,0,0,0,5227888394b9
AU,1121,3,AU1121.3,U1121.3,0,21,0,0,0,0,0,0,0,919879f64413
AU,1121,4,AU1121.4,U1121.4,0,35,0,0,0,0,0,0,0,2de2bf3240ef
AU,1121,5,AU1121.5,U1121.5,0,49,0,0,0,0,0,0,0,20cc8d9e506c
AU,1121,6,AU1121.6,U1121.6,0,26,0,0,0,0,0,0,0,308257daee2e
AU,1121,7,AU1121.7,U1121.7,0,27,0,0,0,0,0,0,0,0f3b7b273b97
AU,1121,8,AU1121.8,U1121.8,0,18,0,0,0,0,0,0,0,3904fe7edabe
AU,1121,9,AU1121.9,U1121.9,0,29,0,0,0,1,0,0,0,edbec092a113
AU,1122,0,AU1122.0,U1122.0,1,12,0,0,0,0,0,0,0,c918954b1b44
AU,1122,1,AU1122.1,U1122.1,0,18,0,0,0,1,0,0,0,37dc933f15ed
AU,1122,2,AU1122.2,U1122.2,0,28,0,0,0,0,0,0,0,77e0147c4851
AU,1122,3,AU1122.3,U1122.3,0,29,0,0,0,1,1,0,0,cc8cb9be9cf5
AU,1122,4,AU1122.4,U1122.4,0,12,0,0,0,0,0,0,0,7fad4f5e089c
AU,1122,5,AU1122.5,U1122.5,0,28,0,0,0,0,0,0,0,6fa574d223d6
AU,1122,6,AU1122.6,U1122.6,0,22,0,0,0,1,0,0,0,df349a78ccbb
AU,1122,7,AU1122.7,U1122.7,0,21,0,0,0,0,0,0,0,ebc4fe5054d0
AU,1123,0,AU1123.0,U1123.0,1,12,0,0,0,0,0,0,0,3956b55bd1ca
AU,1123,1,AU1123.1,U1123.1,0,44,0,0,0,1,0,0,0,db9072a7b68b
AU,1123,2,AU1123.2,U1123.2,0,100,0,0,0,0,1,0,0,8cdd8915ac51
AU,1123,3,AU1123.3,U1123.3,0,14,0,0,0,0,0,0,0,cf36840ce80f
AU,1123,4,AU1123.4,U1123.4,0,34,0,0,0,1,0,0,0,1fb175037b71
AU,1123,5,AU1123.5,U1123.5,0,15,0,0,0,0,0,0,0,1ffe1c7d6fd5
AU,1123,6,AU1123.6,U1123.6,0,9,0,0,0,0,0,0,0,4520a0995863
AU,1124,0,AU1124.0,U1124.0,1,12,0,0,0,0,0,0,0,fdba8777e4d4
AU,1124,1,AU1124.1,U1124.1,0,15,0,0,0,0,0,0,0,0fdb15e192e1
AU,1124,2,AU1124.2,U1124.2,0,10,0,0,0,0,0,0,0,ea92baafa2ab
AU,1124,3,AU1124.3,U1124.3,0,24,0,0,0,1,0,0,0,059ac6b4b91b
AU,1124,4,AU1124.4,U1124.4,0,5,0,0,0,0,1,0,0,da276dff8a5b
AU,1124,5,AU1124.5,U1124.5,0,12,0,1,0,0,0,0,0,b654d440e70c
AU,1124,6,AU1124.6,U1124.6,0,36,0,0,0,0,1,0,0,a49a3267aae5
AU,1124,7,AU1124.7,U1124.7,0,24,0,0,0,0,0,0,0,62e5728c359a
AU,1125,0,AU1125.0,U1125.0,1,12,0,0,0,0,0,0,0,19da37bd61be
AU,1125,1,AU1125.1,U1125.1,0,60,0,0,0,1,0,0,0,f6a7a8e094c2
AU,1125,2,AU1125.2,U1125.2,0,9,0,0,0,0,0,0,0,613137f0464b
AU,1125,3,AU1125.3,U1125.3,0,49,0,0,0,1,0,0,0,dad8c9f84d1f
AU,1125,4,AU1125.4,U1125.4,0,47,0,0,0,1,0,0,0,f75993dad154
AU,1126,0,AU1126.0,U1126.0,1,12,0,0,0,0,0,0,0,b250009fb45e
AU,1126,1,AU1126.1,U1126.1,0,8,0,0,0,0,1,0,0,2116fc4e4403
AU,1126,2,AU1126.2,U1126.2,0,15,0,0,0,0,1,0,0,fad0824e7eb9
AU,1126,3,AU1126.3,U1126.3,0,13,0,0,0,0,0,0,0,e0b603c7cd3f
AU,1126,4,AU1126.4,U1126.4,0,23,0,0,0,0,0,0,0,0ba0e8b652e8
AU,1126,5,AU1126.5,U1126.5,0,9,0,0,0,0,1,0,0,d319d54c193f
AU,1126,6,AU1126.6,U1126.6,0,13,0,0,0,0,0,0,0,1e84a1323fe0
AU,1126,7,AU1126.7,U1126.7,0,26,0,0,0,0,1,0,0,ce39d4693476
AU,1126,8,AU1126.8,U1126.8,0,43,0,0,0,1,0,0,0,b635bb81eada
AU,1126,9,AU1126.9,U1126.9,0,29,0,0,0,0,0,0,0,7799c3439ab9
AU,1126,10,AU1126.10,U1126.10,0,12,0,0,0,0,0,0,0,f48c4a3374c2
AU,1126,11,AU1126.11,U1126.11,0,35,0,0,0,0,0,0,0,5962ac494e3e
AU,1126,12,AU1126.12,U1126.12,0,24,0,0,0,0,0,0,0,119063524698
AU,1127,0,AU1127.0,U1127.0,1,12,0,0,0,0,0,0,0,7e1c007e1d97
AU,1127,1,AU1127.1,U1127.1,0,25,0,0,0,0,1,0,0,00de7fcdbfa4
AU,1127,2,AU1127.2,U1127.2,0,35,0,0,1,0,0,0,0,dd2773203bc2
AU,1127,3,AU1127.3,U1127.3,0,37,0,0,0,0,0,0,0,14a6ca7c885a
AU,1127,4,AU1127.4,U1127.4,0,20,0,0,0,0,0,0,0,c9164c9ed84e
AU,1127,5,AU1127.5,U1127.5,0,43,0,0,0,0,1,0,0,ff327f2d7dd1
AU,1127,6,AU1127.6,U1127.6,0,31,0,0,0,1,0,0,0,40828e8fec1a
AU,1127,7,AU1127.7,U1127.7,0,13,0,0,0,0,0,0,0,6c7843d86b45
AU,1127,8,AU1127.8,U1127.8,0,20,0,0,0,0,0,0,0,3448ea2c9cd2
AU,1127,9,AU1127.9,U1127.9,0,25,0,0,0,1,0,0,0,01017317e333
AU,1128,0,AU1128.0,U1128.0,1,12,0,0,0,0,0,0,0,346f1927f987
AU,1128,1,AU1128.1,U1128.1,0,49,0,0,0,0,0,0,0,2f9e4ffdcdf5
AU,1128,2,AU1128.2,U1128.2,0,21,0,0,0,0,0,0,0,4b86db5ddb4d
AU,1128,3,AU1128.3,U1128.3,0,51,0,0,0,0,0,0,0,0f39b2ebc494
AU,1128,4,AU1128.4,U1128.4,0,16,0,0,0,0,0,0,0,b573713eb81a
AU,1128,5,AU1128.5,U1128.5,0,152,0,0,0,0,0,0,0,54152147bff5
AU,1128,6,AU1128.6,U1128.6,0,49,0,0,0,0,1,0,0,c1b77228a977
AU,1128,7,AU1128.7,U1128.7,0,61,0,0,0,0,0,0,0,330ddad12a70
AU,1128,8,AU1128.8,U1128.8,0,88,0,0,0,1,0,0,0,4e730044ef27
AU,1128,9,AU1128.9,U1128.9,0,25,0,0,0,0,1,0,0,dd773cdea494
AU,1129,0,AU1129.0,U1129.0,1,12,0,0,0,0,0,0,0,0b4e4f7c0bdb
AU,1129,1,AU1129.1,U1129.1,0,12,0,0,0,0,0,0,0,e3e471c8140d
AU,1129,2,AU1129.2,U1129.2,0,12,0,0,0,0,0,0,0,2d19bcfd8810
AU,1129,3,AU1129.3,U1129.3,0,191,0,0,0,0,1,0,0,903b7b233007
AU,1129,4,AU1129.4,U1129.4,0,27,0,0,0,0,0,0,0,8dd445890222
AU,1129,5,AU1129.5,U1129.5,0,11,0,0,0,0,0,0,0,3f74c7dceaf1
AU,1129,6,AU1129.6,U1129.6,0,20,0,0,0,0,0,0,0,8a5616374dd3
AU,1129,7,AU1129.7,U1129.7,0,16,0,0,0,0,0,0,0,a180607421a7
AU,1130,0,AU1130.0,U1130.0,1,12,0,0,0,0,0,0,0,8387e43feb3c
AU,1130,1,AU1130.1,U1130.1,0,12,0,0,0,0,0,0,0,4e9d6041b89c
AU,1130,2,AU1130.2,U1130.2,0,9,0,0,0,0,0,0,0,0c111416662c
AU,1130,3,AU1130.3,U1130.3,0,29,0,0,0,0,0,0,0,d2c24423ba08
AU,1130,4,AU1130.4,U1130.4,0,51,0,1,0,0,0,0,0,0b8aa160a8fb
AU,1130,5,AU1130.5,U1130.5,0,114,0,0,0,1,0,0,0,f7972f8e6be0
AU,1130,6,AU1130.6,U1130.6,0,11,0,0,0,0,0,0,0,2806ec1309f3
AU,1131,0,AU1131.0,U1131.0,1,12,0,0,0,0,0,0,0,8e39d048b4b0
AU,1131,1,AU1131.1,U1131.1,0,22,0,0,0,0,1,0,0,1416f481d07e
AU,1131,2,AU1131.2,U1131.2,0,46,0,0,0,1,1,0,0,44ff58b4033c
AU,1132,0,AU1132.0,U1132.0,1,14,0,0,0,0,0,0,0,bcd5ab7d26b6
AU,1132,1,AU1132.1,U1132.1,0,13,0,0,0,0,0,0,0,7e14cbbc1462
AU,1155,0,AU1155.0,U1155.0,1,12,0,0,0,0,0,0,0,ea454ba40569
AU,1155,1,AU1155.1,U1155.1,0,62,0,0,0,0,0,0,0,d1f921e7d7d7
AU,1155,2,AU1155.2,U1155.2,0,19,0,0,0,0,0,0,0,196f34bcfb0d
AU,1155,3,AU1155.3,U1155.3,0,17,0,0,0,0,0,0,0,644aab46ea2a
AU,1156,0,AU1156.0,U1156.0,1,13,0,0,0,0,0,0,0,438e025e18c9
AU,1156,1,AU1156.1,U1156.1,0,34,0,0,0,0,0,0,0,930aaf661606
AU,1156,2,AU1156.2,U1156.2,0,32,0,0,0,0,0,0,0,520eef504b47
AU,1156,3,AU1156.3,U1156.3,0,18,0,0,0,0,0,0,0,0769aa329139
AU,1156,4,AU1156.4,U1156.4,0,64,0,0,0,0,0,0,0,2f823baf1f10
AU,1156,5,AU1156.5,U1156.5,0,18,0,0,0,0,0,0,0,9a889ed2b7ae
AU,1157,0,AU1157.0,U1157.0,1,12,0,0,0,0,0,0,0,e9a8756a4271
AU,1157,1,AU1157.1,U1157.1,0,8,0,0,0,0,0,0,0,86cd1d9e3194
AU,1157,2,AU1157.2,U1157.2,0,37,0,0,0,0,0,0,0,f78bccb45299
AU,1157,3,AU1157.3,U1157.3,0,6,0,0,0,0,0,0,0,ad80b3bb123a
AU,1157,4,AU1157.4,U1157.4,0,167,0,0,0,0,0,0,0,f4c330e8abd7
AU,1157,5,AU1157.5,U1157.5,0,42,0,0,0,0,0,0,0,b10a61fa664b
AU,1158,0,AU1158.0,U1158.0,1,13,0,0,0,0,0,0,0,4c1cdc040f0b
AU,1158,1,AU1158.1,U1158.1,0,9,0,0,0,0,0,0,0,a5c88edd46cd
AU,1158,2,AU1158.2,U1158.2,0,14,0,0,0,0,0,0,0,8c06595b17a7
AU,1158,3,AU1158.3,U1158.3,0,91,0,0,0,0,0,0,0,05eb6c5bfa29
AU,1159,0,AU1159.0,U1159.0,1,13,0,0,0,0,0,0,0,feb65109d3cf
AU,1159,1,AU1159.1,U1159.1,0,7,0,0,0,0,0,0,0,9b4454e1fa6e
AU,1159,2,AU1159.2,U1159.2,0,26,0,0,0,0,0,0,0,41b0ea4ec86a
AU,1159,3,AU1159.3,U1159.3,0,302,0,0,0,0,0,0,0,995c6477acc2
AU,1159,4,AU1159.4,U1159.4,0,65,0,0,0,0,0,0,0,c8985c311ceb
AU,1159,5,AU1159.5,U1159.5,0,10,0,0,0,0,0,0,0,bb00d9f847cf
AU,1159,6,AU1159.6,U1159.6,0,8,0,0,0,0,0,0,0,3ba0b35a0673
AU,1159,7,AU1159.7,U1159.7,0,9,0,0,0,0,0,0,0,818584ab17e1
AU,1160,0,AU1160.0,U1160.0,1,13,0,0,0,0,0,0,0,bdfe9abd5df0
AU,1160,1,AU1160.1,U1160.1,0,19,0,0,0,0,0,0,0,db120428a6a8
AU,1160,2,AU1160.2,U1160.2,0,20,0,0,0,0,0,0,0,d36bf19de73b
AU,1160,3,AU1160.3,U1160.3,0,7,0,0,0,0,0,0,0,7cdcdac836ed
AU,1160,4,AU1160.4,U1160.4,0,19,0,0,0,0,0,0,0,87025ad82aab
AU,1160,5,AU1160.5,U1160.5,0,14,0,0,0,0,0,0,0,38c6097862fa
AU,1160,6,AU1160.6,U1160.6,0,65,0,0,0,0,0,0,0,63164facccc7
AU,1160,7,AU1160.7,U1160.7,0,70,0,0,0,0,0,0,0,fbaba7dc2083
AU,1161,0,AU1161.0,U1160.0,1,13,0,0,0,0,0,0,0,08238485473d
AU,1161,1,AU1161.1,U1161.1,0,8,0,0,0,0,0,0,0,22d67dc6104a
AU,1161,2,AU1161.2,U1161.2,0,50,0,0,0,0,0,0,0,1d68c9e98e47
AU,1161,3,AU1161.3,U1161.3,0,8,0,0,0,0,0,0,0,fe111325abeb
AU,1161,4,AU1161.4,U1161.4,0,101,0,0,0,0,0,0,0,3a122e3b819f
AU,1161,5,AU1161.5,U1161.5,0,39,0,0,0,1,0,0,0,a4995bd2b97e
AU,1161,6,AU1161.6,U1161.6,0,15,0,0,0,0,0,0,0,4d7ed174e334
AU,1161,7,AU1161.7,U1161.7,0,72,0,0,0,0,0,0,0,7b5a1726e516
AU,1162,0,AU1162.0,U1162.0,1,13,0,0,0,0,0,0,0,dc98ebffa0f0
AU,1162,1,AU1162.1,U1162.1,0,66,0,0,0,0,0,0,0,4879954157d6
AU,1162,2,AU1162.2,U1162.2,0,6,0,0,0,0,0,0,0,825ae6222863
AU,1162,3,AU1162.3,U1162.3,0,83,0,0,0,1,0,0,0,926921242930
AU,1162,4,AU1162.4,U1162.4,0,60,0,0,0,0,0,0,0,388470245fbe
AU,1162,5,AU1162.5,U1162.5,0,29,0,0,0,0,0,0,0,f34f58d94f84
AU,1162,6,AU1162.6,U1162.6,0,32,0,0,0,0,0,0,0,9eb80d7c7727
AU,1162,7,AU1162.7,U1162.7,0,26,0,0,0,0,0,0,0,1026717bc32e
AU,1162,8,AU1162.8,U1162.8,0,5,0,0,0,0,0,0,0,b9b24e4e222b
AU,1162,9,AU1162.9,U1162.9,0,8,0,0,0,0,0,0,0,a09a37fc0be9
AU,1162,10,AU1162.10,U1162.10,0,6,0,0,0,0,0,0,0,b763afbe3429
AU,1163,0,AU1163.0,U1163.0,1,13,0,0,0,0,0,0,0,dc3804da6446
AU,1163,1,AU1163.1,U1163.1,0,21,0,0,0,0,0,0,0,82abc6cbe7d6
AU,1163,2,AU1163.2,U1163.2,0,10,0,0,0,0,0,0,0,48a432b40e9c
AU,1163,3,AU1163.3,U1163.3,0,19,0,0,0,0,0,0,0,bec01997f8b0
AU,1163,4,AU1163.4,U1163.4,0,38,0,0,0,0,0,0,0,22a5931bba6e
AU,1163,5,AU1163.5,U1163.5,0,14,0,0,0,0,0,0,0,add5a59741a3
AU,1164,0,AU1164.0,U1164.0,1,13,0,0,0,0,0,0,0,8084f35cc30c
AU,1164,1,AU1164.1,U1164.1,0,9,0,0,0,0,0,0,0,63a7724be148
AU,1164,2,AU1164.2,U1164.2,0,92,1,0,0,0,0,0,1,a67130df0a9c
AU,1164,3,AU1164.3,U1164.3,0,4,0,0,0,0,0,0,0,1ff4207e8a25
AU,1164,4,AU1164.4,U1164.4,0,34,0,0,0,0,0,0,0,fc9e3c91adaa
AU,1164,5,AU1164.5,U1164.5,0,5,0,0,0,0,0,0,0,c064750f3880
AU,1164,6,AU1164.6,U1164.6,0,60,0,0,0,0,0,0,0,0c153a03aea6
AU,1164,7,AU1164.7,U1164.7,0,8,0,0,0,0,0,0,0,e07ea7da4bf9
AU,1165,0,AU1165.0,U1165.0,1,13,0,0,0,0,0,0,0,6e423107c362
AU,1165,1,AU1165.1,U1165.1,0,27,0,0,0,0,0,0,0,5ae31731c8cf
AU,1165,2,AU1165.2,U1165.2,0,40,0,0,0,0,0,0,0,44b483e000df
AU,1165,3,AU1165.3,U1165.3,0,29,0,0,0,0,0,0,0,226f640fe7fe
AU,1165,4,AU1165.4,U1165.4,0,49,0,0,0,0,0,0,0,4c2d2145f7b7
AU,1165,5,AU1165.5,U1165.5,0,93,0,0,0,0,0,0,0,bc8fef296649
AU,1165,6,AU1165.6,U1165.6,0,13,0,0,0,0,0,0,0,fc7dc2daf660
AU,1165,7,AU1165.7,U1165.7,0,46,0,0,1,0,0,0,0,dfcd5b40b113
AU,1165,8,AU1165.8,U1165.8,0,30,0,1,0,0,0,0,0,0d949ae14a07
AU,1165,9,AU1165.9,U1165.9,0,39,0,0,0,0,0,0,0,bd8aafa31df5
AU,1165,10,AU1165.10,U1165.10,0,189,0,0,0,0,0,0,0,e7826b7764ae
AU,1165,11,AU1165.11,U1165.11,0,29,0,0,0,0,0,0,0,b52c16acdba7
AU,1166,0,AU1166.0,U1166.0,1,13,0,0,0,0,0,0,0,c0bea1158f82
AU,1166,1,AU1166.1,U1166.1,0,9,0,0,0,0,0,0,0,f73e8f5302fe
AU,1166,2,AU1166.2,U1166.2,0,13,0,0,0,0,0,0,0,50ac7ed5f500
AU,1166,3,AU1166.3,U1166.3,0,14,0,0,0,0,0,0,0,57d17ba0ea0b
AU,1166,4,AU1166.4,U1166.4,0,121,0,0,0,0,0,0,0,a1b8045d2804
AU,1166,5,AU1166.5,U1166.5,0,14,0,0,0,0,0,0,0,f20257ae0809
AU,1166,6,AU1166.6,U1166.6,0,20,0,0,0,0,0,0,0,f25b02ccdd97
AU,1166,7,AU1166.7,U1166.7,0,22,0,0,0,0,0,0,0,06e57d68b2ec
AU,1166,8,AU1166.8,U1166.8,0,37,0,0,0,0,0,0,0,eba24ea8a066
AU,1166,9,AU1166.9,U1166.9,0,85,0,0,0,0,0,0,0,4d37655ced42
AU,1166,10,AU1166.10,U1166.10,0,205,0,0,0,0,0,0,0,2a0158c22733
AU,1166,11,AU1166.11,U1166.11,0,11,0,0,0,0,0,0,0,f64314673f0d
AU,1166,12,AU1166.12,U1166.12,0,39,0,0,0,0,0,0,0,d3dd68fe8bbc
AU,1166,13,AU1166.13,U1166.13,0,49,0,0,0,0,0,0,0,f55693c4b914
AU,1166,14,AU1166.14,U1166.14,0,12,0,0,0,0,0,0,0,9043d8646637
AU,1166,15,AU1166.15,U1166.15,0,7,0,0,0,0,0,0,0,5de377b942d2
AU,1166,16,AU1166.16,U1166.16,0,17,0,0,0,0,0,0,0,de20d939b82a
AU,1167,0,AU1167.0,U1167.0,1,13,0,0,0,0,0,0,0,e74eea23ec44
AU,1167,1,AU1167.1,U1167.1,0,50,0,0,0,0,0,0,0,8d80af0ca319
AU,1167,2,AU1167.2,U1167.2,0,154,0,0,0,0,0,0,0,c12c40a594f2
AU,1167,3,AU1167.3,U1167.3,0,13,0,0,0,0,0,0,0,2bc96ddfa321
AU,1167,4,AU1167.4,U1167.4,0,26,0,0,0,0,0,0,0,c60edda4faa8
AU,1167,5,AU1167.5,U1167.5,0,9,0,0,0,0,0,0,0,6208d9475ad8
AU,1167,6,AU1167.6,U1167.6,0,9,0,0,0,0,0,0,0,6f679c4b3cd2
AU,1167,7,AU1167.7,U1167.7,0,6,0,0,0,0,0,0,0,1da99fc76933
AU,1168,0,AU1168.0,U1168.0,1,13,0,0,0,0,0,0,0,96e2dcf46465
AU,1168,1,AU1168.1,U1168.1,0,54,0,0,0,0,0,0,0,f43bfed2fbe5
AU,1168,2,AU1168.2,U1168.2,0,29,0,0,0,0,0,0,0,b4a3bc8d291c
AU,1168,3,AU1168.3,U1168.3,0,116,0,0,0,0,0,0,0,16adf5e446dd
AU,1168,4,AU1168.4,U1168.4,0,35,0,0,0,0,0,0,0,6b2bf72aff97
AU,1168,5,AU1168.5,U1168.5,0,17,0,0,0,0,0,0,0,2fb42504016e
AU,1168,6,AU1168.6,U1168.6,0,11,0,0,0,0,1,0,0,a6abb758dcf3
AU,1169,0,AU1169.0,U1169.0,1,13,0,0,0,0,0,0,0,f1203287f551
AU,1169,1,AU1169.1,U1169.1,0,6,0,0,0,0,0,0,0,99579562b26a
AU,1169,2,AU1169.2,U1169.2,0,25,0,0,0,0,0,0,0,b2d76a73b521
AU,1169,3,AU1169.3,U1169.3,0,44,0,1,0,0,0,0,0,f7104dd51b3f
AU,1169,4,AU1169.4,U1169.4,0,8,0,0,0,0,0,0,0,149f9a39bf7d
AU,1169,5,AU1169.5,U1169.5,0,13,0,0,0,0,0,0,0,a8a17fee69c3
AU,1169,6,AU1169.6,U1169.6,0,7,0,0,0,0,0,0,0,f2b366cbb019
AU,1169,7,AU1169.7,U1169.7,0,10,0,0,0,0,0,0,0,50503e0d2794
AU,1170,0,AU1170.0,U1170.0,1,13,0,0,0,0,0,0,0,5e72f5b75620
AU,1170,1,AU1170.1,U1170.1,0,45,0,0,0,0,0,0,0,6684db7bb4ec
AU,1170,2,AU1170.2,U1170.2,0,9,0,0,0,0,0,0,0,e4f57f1110b0
AU,1170,3,AU1170.3,U1170.3,0,106,0,0,0,0,0,0,0,d4c982255164
AU,1170,4,AU1170.4,U1170.4,0,44,0,0,0,0,0,0,0,6eb849aba9ce
AU,1170,5,AU1170.5,U1170.5,0,84,0,0,0,0,0,0,0,802c76f891e2
AU,1170,6,AU1170.6,U1170.6,0,278,0,0,0,0,0,0,0,f72eabb3806c
AU,1170,7,AU1170.7,U1170.7,0,41,0,0,0,0,0,0,0,b5325eaeb7e9
AU,1171,0,AU1171.0,U1171.0,1,13,0,0,0,0,0,0,0,61194b789b00
AU,1171,1,AU1171.1,U1171.1,0,44,0,0,0,0,0,0,0,b3815c1862fc
AU,1171,2,AU1171.2,U1171.2,0,34,0,0,0,0,0,0,0,2c907a8c8d66
AU,1171,3,AU1171.3,U1171.3,0,14,0,0,0,0,0,0,0,d8024bdc858e
AU,1171,4,AU1171.4,U1171.4,0,17,0,0,0,0,0,0,0,5aa35e5818c0
AU,1171,5,AU1171.5,U1171.5,0,168,0,0,0,0,0,0,0,f86b671125ff
AU,1171,6,AU1171.6,U1171.6,0,12,0,0,0,0,0,0,0,251c26385f33
AU,1171,7,AU1171.7,U1171.7,0,87,0,0,0,0,0,0,0,d8d9a4581f80
AU,1171,8,AU1171.8,U1171.8,0,12,0,0,0,0,0,0,0,8e090dc706d1
AU,1171,9,AU1171.9,U1171.9,0,40,0,0,0,0,0,0,0,67af6d2065ed
AU,1171,10,AU1171.10,U1171.10,0,85,0,0,1,0,0,0,0,4308f52cb202
AU,1171,11,AU1171.11,U1171.11,0,43,0,0,0,0,0,0,0,c86f810cf9b5
AU,1171,12,AU1171.12,U1171.12,0,5,0,0,0,0,0,0,0,42da4b31f14f
AU,1171,13,AU1171.13,U1171.13,0,7,0,0,0,0,0,0,0,f980afa0af08
AU,1171,14,AU1171.14,U1171.14,0,10,0,0,0,0,0,0,0,15f1acbe0ff4
AU,1172,0,AU1172.0,U1172.0,1,13,0,0,0,0,0,0,0,de130ddb8423
AU,1172,1,AU1172.1,U1172.1,0,26,0,0,1,0,0,0,0,19243444f181
AU,1172,2,AU1172.2,U1172.2,0,82,0,0,1,0,0,0,0,7eb56094398a
AU,1172,3,AU1172.3,U1172.3,0,11,0,0,0,0,0,0,0,b3c186378963
AU,1172,4,AU1172.4,U1172.4,0,12,0,0,0,0,0,0,0,f967d91a58a1
AU,1172,5,AU1172.5,U1172.5,0,47,0,0,0,0,0,0,0,e109a6a29ea1
AU,1172,6,AU1172.6,U1172.6,0,28,0,0,0,0,0,0,0,29f9838b5a54
AU,1172,7,AU1172.7,U1172.7,0,30,0,0,0,0,0,0,0,9c5f39ffd338
AU,1172,8,AU1172.8,U1172.8,0,17,0,0,1,0,0,0,0,4487ad200ae3
AU,1172,9,AU1172.9,U1172.9,0,17,0,0,0,0,0,0,0,8b2e2ae4c07b
AU,1172,10,AU1172.10,U1172.10,0,9,0,0,0,0,0,0,0,5fe9774a8a9b
AU,1172,11,AU1172.11,U1172.11,0,10,0,0,0,0,0,0,0,5c3cfc02b043
AU,1172,12,AU1172.12,U1172.12,0,5,0,0,0,0,0,0,0,647628531cd7
AU,1173,0,AU1173.0,U1173.0,1,13,0,0,0,0,0,0,0,6fef069001f1
AU,1173,1,AU1173.1,U1173.1,0,9,0,0,0,0,0,0,0,6450d56275bb
AU,1173,2,AU1173.2,U1173.2,0,220,0,0,0,0,0,0,0,6df809682e10
AU,1173,3,AU1173.3,U1173.3,0,13,0,0,0,0,0,0,0,e10fe8a214f9
AU,1173,4,AU1173.4,U1173.4,0,34,0,0,0,0,0,0,0,406e83a64617
AU,1173,5,AU1173.5,U1173.5,0,11,0,0,0,0,0,0,0,6230515476eb
AU,1173,6,AU1173.6,U1173.6,0,12,0,0,0,0,0,0,0,b85364d542fe
AU,1173,7,AU1173.7,U1173.7,0,9,0,0,0,0,0,0,0,e4b581143d1e
AU,1173,8,AU1173.8,U1173.8,0,11,0,0,0,0,0,0,0,4566311e1f6e
AU,1174,0,AU1174.0,U1174.0,1,13,0,0,0,0,0,0,0,74d0f48486cc
AU,1174,1,AU1174.1,U1174.1,0,66,0,0,1,0,0,0,0,80005331ac74
AU,1174,2,AU1174.2,U1174.2,0,33,0,0,0,0,0,0,0,0750c265177a
AU,1174,3,AU1174.3,U1174.3,0,85,0,0,0,0,0,0,0,a6bcee5c4ce9
AU,1174,4,AU1174.4,U1174.4,0,38,0,0,0,0,0,0,0,46858a33b833
AU,1174,5,AU1174.5,U1174.5,0,30,0,0,1,0,0,0,0,b4323c563090
AU,1174,6,AU1174.6,U1174.6,0,8,0,0,0,0,0,0,0,b89114e3dd0a
AU,1174,7,AU1174.7,U1174.7,0,10,0,0,0,0,0,0,0,4b1f407c3e68
AU,1174,8,AU1174.8,U1174.8,0,9,0,0,0,0,0,0,0,2c73182fa918
AU,1174,9,AU1174.9,U1174.9,0,10,0,0,0,0,0,0,0,baf1d1bf0dc0
AU,1174,10,AU1174.10,U1174.10,0,8,0,0,0,0,0,0,0,121531e3f7f0
AU,1174,11,AU1174.11,U1174.11,0,11,0,0,0,0,0,0,0,6c182a508483
AU,1175,0,AU1175.0,U1175.0,1,13,0,0,0,0,0,0,0,ae6883935db4
AU,1175,1,AU1175.1,U1175.1,0,24,0,0,0,0,0,0,0,4d18a3ca299e
AU,1175,2,AU1175.2,U1175.2,0,69,1,0,0,0,0,0,1,35dc441dac13
AU,1175,3,AU1175.3,U1175.3,0,20,0,0,0,0,0,0,0,27ffc7cbd2b1
AU,1175,4,AU1175.4,U1175.4,0,6,0,0,0,0,0,0,0,ac40f8beb962
AU,1175,5,AU1175.5,U1175.5,0,36,0,0,0,0,0,0,0,ccd18e0d9466
AU,1175,6,AU1175.6,U1175.6,0,24,0,0,0,0,0,0,0,b24e46d40c54
AU,1175,7,AU1175.7,U1175.7,0,8,0,0,0,0,0,0,0,0fca1f2c98af
AU,1175,8,AU1175.8,U1175.8,0,8,0,0,0,0,0,0,0,7cce4e1e88c5
AU,1175,9,AU1175.9,U1176.9,0,7,0,0,0,0,0,0,0,db3edc1b5803
AU,1175,10,AU1175.10,U1175.10,0,14,0,0,0,0,0,0,0,fe161c2cf4fe
AU,1175,11,AU1175.11,U1175.11,0,12,0,0,0,0,0,0,0,6b91cdd3d76c
AU,1176,0,AU1176.0,U1176.0,1,13,0,0,0,0,0,0,0,eed5cf3bf535
AU,1176,1,AU1176.1,U1176.1,0,17,0,0,1,0,0,0,0,3c32acb99ca4
AU,1176,2,AU1176.2,U1176.2,0,17,0,0,0,0,0,0,0,eb5b69914eaa
AU,1176,3,AU1176.3,U1176.3,0,22,0,0,0,0,0,0,0,b084ff6c33b6
AU,1176,4,AU1176.4,U1176.4,0,12,0,0,0,0,0,0,0,81f5e3e3f540
AU,1176,5,AU1176.5,U1176.5,0,9,0,0,0,0,0,0,0,9a915046bc25
AU,1176,6,AU1176.6,U1176.6,0,6,0,0,1,0,0,0,0,f08db947562a
AU,1176,7,AU1176.7,U1176.7,0,9,0,0,0,0,0,0,0,479c8eff5630
AU,1176,8,AU1176.8,U1176.8,0,30,0,0,1,0,0,0,0,01004551d2c7
AU,1176,9,AU1176.9,U1176.9,0,107,0,0,0,1,0,0,0,be96d56795c1
AU,1176,10,AU1176.10,U1176.10,0,21,0,0,0,0,0,0,0,aeb2c000d037
AU,1176,11,AU1176.11,U1176.11,0,22,0,0,0,0,0,0,0,3422f6c34002
AU,1177,0,AU1177.0,U1177.0,1,13,0,0,0,0,0,0,0,5428a9d392db
AU,1177,1,AU1177.1,U1177.1,0,144,0,0,0,0,0,0,0,1c7ba81a1e09
AU,1177,2,AU1177.2,U1177.2,0,75,0,0,0,0,0,0,0,13a10791c756
AU,1177,3,AU1177.3,U1177.3,0,56,0,0,0,0,0,0,0,3ff01f967684
AU,1177,4,AU1177.4,U1177.4,0,22,0,0,0,0,0,0,0,c99563565dfa
AU,1177,5,AU1177.5,U1177.5,0,61,0,0,0,0,0,0,0,4d12dca439f5
AU,1177,6,AU1177.6,U1177.6,0,193,0,0,0,0,0,0,0,f5ebbb08f66b
AU,1177,7,AU1177.7,U1177.7,0,15,0,0,0,0,0,0,0,e93c5f031d13
AU,1177,8,AU1177.8,U1177.8,0,13,0,0,0,0,0,0,0,8dff9b2e851f
AU,1178,0,AU1178.0,U1178.0,1,22,0,0,0,0,0,0,0,efc3c31cdfc1
AU,1178,1,AU1178.1,U1178.1,0,56,0,0,0,0,0,0,0,56ba75019ee5
AU,1178,2,AU1178.2,U1178.2,0,125,0,0,0,0,0,0,0,cba9b15794ad
AU,1178,3,AU1178.3,U1178.3,0,52,0,0,0,0,0,0,0,7bc00c671b80
AU,1178,4,AU1178.4,U1178.4,0,45,0,0,0,0,0,0,0,42c38bcc098f
AU,1178,5,AU1178.5,U1178.5,0,121,0,0,0,0,0,0,0,479bafd7f6da
AU,1178,6,AU1178.6,U1178.6,0,15,0,0,0,0,0,0,0,0b4f321bba6b
AU,1178,7,AU1178.7,U1178.7,0,9,0,0,0,0,0,0,0,8d34728a7273
AU,1178,8,AU1178.8,U1178.8,0,9,0,0,0,0,0,0,0,b449c0e9a861
AU,1179,0,AU1179.0,U1179.0,1,27,0,0,0,0,0,0,0,862bc6d6a545
AU,1179,1,AU1179.1,U1179.1,0,159,0,0,0,0,0,0,0,813e3baee994
AU,1179,2,AU1179.2,U1179.2,0,41,0,0,0,0,0,0,0,9a42f82ccd7d
AU,1179,3,AU1179.3,U1179.3,0,26,0,0,0,0,0,0,0,68185ff99030
AU,1179,4,AU1179.4,U1179.4,0,18,0,0,0,0,0,0,0,3f7d846b09ec
AU,1179,5,AU1179.5,U1179.5,0,21,0,0,0,0,0,0,0,5b4a8cf2bdee
AU,1179,6,AU1179.6,U1179.6,0,11,0,0,0,0,0,0,0,e65152b0fa3c
AU,1179,7,AU1179.7,U1179.7,0,15,0,0,0,0,0,0,0,f90246d69524
AU,1179,8,AU1179.8,U1179.8,0,19,0,0,0,0,0,0,0,b30df792cabe
AU,1179,9,AU1179.9,U1179.9,0,11,0,0,0,0,0,0,0,b66fbd669c6b
AU,1179,10,AU1179.10,U1179.10,0,9,0,0,0,0,0,0,0,2021780a0079
AU,1179,11,AU1179.11,U1179.11,0,8,0,0,0,0,0,0,0,1b7e848373d9
AU,1180,0,AU1180.0,U1180.0,1,13,0,0,0,0,0,0,0,41c0d121139c
AU,1180,1,AU1180.1,U1180.1,0,9,0,0,0,0,0,0,0,fdb944884ecc
AU,1180,2,AU1180.2,U1180.2,0,20,0,0,0,0,0,0,0,286232f64ed7
AU,1180,3,AU1180.3,U1180.3,0,19,0,0,0,0,0,0,0,afe255bcfef5
AU,1180,4,AU1180.4,U1180.4,0,17,0,0,0,0,0,0,0,15b60c343da5
AU,1180,5,AU1180.5,U1180.5,0,7,0,0,0,0,0,0,0,b1d2dd148370
AU,1180,6,AU1180.6,U1180.6,0,14,0,0,0,0,0,0,0,470bbcc96e7e
AU,1180,7,AU1180.7,U1180.7,0,8,0,0,0,0,0,0,0,e46839c9bbf8
AU,1180,8,AU1180.8,U1180.8,0,51,0,0,0,0,0,0,0,8d90f5dfe7e4
AU,1180,9,AU1180.9,U1180.9,0,10,0,0,0,0,0,0,0,b8193860f098
AU,1181,0,AU1181.0,U1181.0,1,13,0,0,0,0,0,0,0,f7bfa6933fc6
AU,1181,1,AU1181.1,U1181.1,0,23,0,0,0,0,0,0,0,b54f2d3f363b
AU,1181,2,AU1181.2,U1181.2,0,58,0,0,0,0,0,0,0,7c0ad0fb7908
AU,1181,3,AU1181.3,U1181.3,0,42,0,0,0,0,0,0,0,9792c6cc41fd
AU,1181,4,AU1181.4,U1181.4,0,39,0,0,0,0,0,0,0,c48438e76318
AU,1181,5,AU1181.5,U1181.5,0,31,0,0,0,0,0,0,0,27aa7b455e86
AU,1181,6,AU1181.6,U1181.6,0,8,0,0,0,0,0,0,0,3a2db015c724
AU,1181,7,AU1181.7,U1181.7,0,7,0,0,0,0,0,0,0,1b4eae97ba9e
AU,1181,8,AU1181.8,U1181.8,0,8,0,0,0,0,0,0,0,b4811850f25a
AU,1181,9,AU1181.9,U1181.9,0,8,0,0,0,0,0,0,0,cd1661f57a52
AU,1181,10,AU1181.10,U1181.10,0,38,0,0,0,0,0,0,0,1c080080b9b0
AU,1182,0,AU1182.0,U1182.0,1,13,0,0,0,0,0,0,0,a2b82f7a41f9
AU,1182,1,AU1182.1,U1182.1,0,63,0,0,0,0,0,0,0,1ff8a7befb2a
AU,1182,2,AU1182.2,U1182.2,0,7,0,0,0,0,0,0,0,d42bbfcd9643
AU,1182,3,AU1182.3,U1182.3,0,16,0,0,0,0,0,0,0,2157fc88927f
AU,1182,4,AU1182.4,U1182.4,0,26,0,0,0,0,0,0,0,e5c75b28be51
AU,1183,0,AU1183.0,U1183.0,1,13,0,0,0,0,0,0,0,fc31073e56ac
AU,1183,1,AU1183.1,U1183.1,0,31,0,0,0,0,0,0,0,7b6a6b8dde73
AU,1183,2,AU1183.2,U1183.2,0,8,0,0,0,0,0,0,0,d6b058c83a2c
AU,1183,3,AU1183.3,U1183.3,0,8,0,0,0,0,0,0,0,f9e132760f1c
AU,1183,4,AU1183.4,U1183.4,0,7,0,0,0,0,0,0,0,2b4054c9e41c
AU,1183,5,AU1183.5,U1183.5,0,12,0,0,0,0,0,0,0,4a7a8a7b774c
AU,1184,0,AU1184.0,U1184.0,1,13,0,0,0,0,0,0,0,6698ac3872f6
AU,1184,1,AU1184.1,U1184.1,0,18,0,0,0,0,0,0,0,269877655f6a
AU,1184,2,AU1184.2,U1184.2,0,20,0,0,0,0,0,0,0,b30e4034f60d
AU,1184,3,AU1184.3,U1184.3,0,25,0,0,0,0,0,0,0,d49ed32ea5ed
AU,1184,4,AU1184.4,U1184.4,0,9,0,0,0,0,0,0,0,cbd6703b493d
AU,1184,5,AU1184.5,U1184.5,0,19,0,0,0,0,0,0,0,1156e92b13f8
AU,1184,6,AU1184.6,U1184.6,0,8,0,0,0,0,0,0,0,19cf727dbd84
AU,1184,7,AU1184.7,U1184.7,0,7,0,0,0,0,0,0,0,2b4054c9e41c
AU,1184,8,AU1184.8,U1184.8,0,12,0,0,0,0,0,0,0,73dc7831a248
AU,1184,9,AU1184.9,U1184.9,0,9,0,0,0,0,0,0,0,23d93a07eef8
AU,1184,10,AU1184.10,U1184.10,0,7,0,0,0,0,0,0,0,39e12119ad41
AU,1185,0,AU1185.0,U1185.0,1,13,0,0,0,0,0,0,0,fe63a3cfecce
AU,1185,1,AU1185.1,U1185.1,0,8,0,0,0,0,0,0,0,7d8c838d576f
AU,1185,2,AU1185.2,U1185.2,0,26,0,0,0,0,0,0,0,c5ef1c82b13c
AU,1185,3,AU1185.3,U1185.3,0,70,0,0,0,0,0,0,0,e54fbc4b51de
AU,1185,4,AU1185.4,U1185.4,0,77,0,0,0,0,0,0,0,67040c7e4d5b
AU,1185,5,AU1185.5,U1185.5,0,27,0,0,1,0,0,0,0,e6f0f20bf7ee
AU,1185,6,AU1185.6,U1185.6,0,20,0,0,0,0,0,0,0,b4e5e90cbb8c
AU,1185,7,AU1185.7,U1185.7,0,11,0,0,0,0,0,0,0,181b5d5b8d54
AU,1185,8,AU1185.8,U1185.8,0,52,0,0,0,0,0,0,0,e0d87c8160fe
AU,1185,9,AU1185.9,U1185.9,0,12,0,0,0,0,0,0,0,88089152a51d
AU,1185,10,AU1185.10,U1185.10,0,9,0,0,0,0,0,0,0,8a9dacfd01b9
AU,1186,0,AU1186.0,U1186.0,1,13,0,0,0,0,0,0,0,1e2a7819d261
AU,1186,1,AU1186.1,U1186.1,0,10,0,0,0,0,0,0,0,6ce32af093e7
AU,1186,2,AU1186.2,U1186.2,0,23,0,0,0,0,0,0,0,0b9312ac4d37
AU,1186,3,AU1186.3,U1186.3,0,26,0,0,0,0,0,0,0,2e8d4fce1df1
AU,1186,4,AU1186.4,U1186.4,0,88,0,0,0,1,0,0,0,0a5ac9ab2414
AU,1186,5,AU1186.5,U1186.5,0,18,0,0,0,0,0,0,0,2042217643c6
AU,1186,6,AU1186.6,U1186.6,0,36,0,0,0,0,0,0,0,bcc272208ee6
AU,1186,7,AU1186.7,U1186.7,0,15,0,0,0,0,0,0,0,c610d27492fe
AU,1186,8,AU1186.8,U1186.8,0,13,0,0,0,0,0,0,0,7f3347cdec2e
AU,1186,9,AU1186.9,U1186.9,0,12,0,0,0,0,0,0,0,de009acae024
AU,1186,10,AU1186.10,U1186.10,0,7,0,0,0,0,0,0,0,a61e7ece048a
AU,1187,0,AU1187.0,U1187.0,1,13,0,0,0,0,0,0,0,6829b5aaabcd
AU,1187,1,AU1187.1,U1187.1,0,14,0,0,0,0,0,0,0,372881afb7f5
AU,1187,2,AU1187.2,U1187.2,0,48,0,0,0,0,0,0,0,df5fcb642297
AU,1187,3,AU1187.3,U1187.3,0,114,0,0,0,0,0,0,0,f05b828a29ae
AU,1187,4,AU1187.4,U1187.4,0,7,0,0,0,0,0,0,0,873473983a67
AU,1187,5,AU1187.5,U1187.5,0,10,0,0,0,0,0,0,0,992047629cbe
AU,1188,0,AU1188.0,U1188.0,1,13,0,0,0,0,0,0,0,5fea787075c0
AU,1188,1,AU1188.1,U1188.1,0,86,0,0,0,0,0,0,0,57f493956c7e
AU,1188,2,AU1188.2,U1188.2,0,29,0,0,0,0,0,0,0,836b2fc2d778
AU,1188,3,AU1188.3,U1188.3,0,13,0,0,0,0,0,0,0,0990cc13168c
AU,1188,4,AU1188.4,U1188.4,0,19,0,0,0,0,0,0,0,28add03716ad
AU,1188,5,AU1188.5,U1188.5,0,134,0,0,0,0,0,0,0,f0f70c9aa46a
AU,1188,6,AU1188.6,U1188.6,0,142,0,0,0,0,0,0,0,1cb0720b7ae4
AU,1188,7,AU1188.7,U1188.7,0,25,0,0,0,0,0,0,0,b39dbaacc920
AU,1188,8,AU1188.8,U1188.8,0,10,0,0,0,0,0,0,0,edefb9d1becb
AU,1188,9,AU1188.9,U1188.9,0,23,0,0,0,0,0,0,0,dc446e66b89c
AU,1188,10,AU1188.10,U1188.10,0,8,0,0,0,0,0,0,0,11c5abc7ea93
AU,1188,11,AU1188.11,U1188.11,0,7,0,0,0,0,0,0,0,d3d572d6e3ce
AU,1189,0,AU1189.0,U1189.0,1,13,0,0,0,0,0,0,0,d1881cedd787
AU,1189,1,AU1189.1,U1189.1,0,16,0,0,0,0,0,0,0,96fc32d8ce72
AU,1189,2,AU1189.2,U1189.2,0,16,0,0,0,0,0,0,0,4d939a3bc40d
AU,1189,3,AU1189.3,U1189.3,0,20,0,0,0,0,0,0,0,cc46e91bf448
AU,1189,4,AU1189.4,U1189.4,0,12,0,0,0,0,0,0,0,b1dc7e8c4e1f
AU,1189,5,AU1189.5,U1189.5,0,48,0,0,0,0,0,0,0,01bbef22530d
AU,1189,6,AU1189.6,U1189.6,0,57,0,0,0,0,0,0,0,47089d968240
AU,1189,7,AU1189.7,U1189.7,0,12,0,0,0,0,0,0,0,4d65bf9c2b76
AU,1189,8,AU1189.8,U1189.8,0,10,0,0,1,0,0,0,0,6c1a91f187dc
AU,1189,9,AU1189.9,U1189.9,0,12,0,0,0,0,0,0,0,f0dcade61812
AU,1189,10,AU1189.10,U1189.10,0,9,0,0,0,0,0,0,0,9404170baf4f
AU,1190,0,AU1190.0,U1190.0,1,13,0,0,0,0,0,0,0,3486fe529a26
AU,1190,1,AU1190.1,U1190.1,0,63,0,0,0,0,0,0,0,dbeb506b4493
AU,1190,2,AU1190.2,U1190.2,0,11,0,0,0,0,0,0,0,843cadd49ced
AU,1190,3,AU1190.3,U1190.3,0,7,0,0,0,0,0,0,0,6741f354ad90
AU,1190,4,AU1190.4,U1190.4,0,7,0,0,0,0,0,0,0,b61ac4a31dd3
AU,1190,5,AU1190.5,U1190.5,0,7,0,0,0,0,0,0,0,db931679adae
AU,1190,6,AU1190.6,U1190.6,0,19,0,0,0,0,0,0,0,c1920ddca951
AU,1191,0,AU1191.0,U1191.0,1,15,0,0,0,0,0,0,0,244a1f9713c7
AU,1191,1,AU1191.1,U1191.1,0,10,0,0,0,0,0,0,0,501a8d533cf1
AU,1192,0,AU1192.0,U1192.0,1,13,0,0,0,0,0,0,0,564c5a88fe38
AU,1192,1,AU1192.1,U1192.1,0,25,0,0,0,0,0,0,0,6fcff34fd955
AU,1192,2,AU1192.2,U1192.2,0,22,0,0,0,0,0,0,0,dfd40273fa84
AU,1192,3,AU1192.3,U1192.3,0,8,0,0,0,0,0,0,0,0f7daaa97e05
AU,1193,0,AU1193.0,U1193.0,1,13,0,0,0,0,0,0,0,85fd8d49ab2c
AU,1193,1,AU1193.1,U1193.1,0,10,0,0,0,0,0,0,0,426d96ce697f
AU,1193,2,AU1193.2,U1193.2,0,3,0,0,0,0,0,0,0,0b63e91584ce
AU,1193,3,AU1193.3,U1193.3,0,5,0,0,0,0,0,0,0,d9421022a6df
AU,1193,4,AU1193.4,U1193.4,0,18,0,0,0,0,0,0,0,ba3a5002d656
AU,1193,5,AU1193.5,U1193.5,0,9,0,0,0,0,0,0,0,b62b5e3d4a9c
AU,1193,6,AU1193.6,U1193.6,0,12,0,0,0,0,0,0,0,f2fadffb5b84
AU,1193,7,AU1193.7,U1193.7,0,10,0,0,0,0,0,0,0,e6c5a0785c3c
AU,1194,0,AU1194.0,U1194.0,1,13,0,0,0,0,0,0,0,07842d895937
AU,1194,1,AU1194.1,U1194.1,0,12,0,0,0,0,0,0,0,d5d0872d9a63
AU,1194,2,AU1194.2,U1194.2,0,16,0,0,0,0,0,0,0,68b1c1e3c232
AU,1194,3,AU1194.3,U1194.3,0,8,0,0,0,0,0,0,0,efd894a24321
AU,1194,4,AU1194.4,U1194.4,0,18,0,0,0,0,0,0,0,aa6e28ada646
AU,1194,5,AU1194.5,U1194.5,0,18,0,0,0,0,0,0,0,1a6fafe0e6f9
AU,1195,0,AU1195.0,U1195.0,1,13,0,0,0,0,0,0,0,115ee51679f9
AU,1195,1,AU1195.1,U1195.1,0,17,0,0,0,0,0,0,0,049caeea2722
AU,1195,2,AU1195.2,U1195.2,0,9,0,0,0,0,0,0,0,a833a719a1fe
AU,1195,3,AU1195.3,U1195.3,0,8,0,0,0,0,0,0,0,ead4995e5910
AU,1195,4,AU1195.4,U1195.4,0,11,0,0,0,0,0,0,0,250e5a22e325
AU,1195,5,AU1195.5,U1195.5,0,12,0,0,0,0,0,0,0,01099e44fb0d
AU,1195,6,AU1195.6,U1195.6,0,12,0,0,0,0,0,0,0,b94ebbcb263d
AU,1195,7,AU1195.7,U1195.7,0,22,0,0,0,0,0,0,0,f08e6b195aeb
AU,1195,8,AU1195.8,U1195.8,0,10,0,0,0,0,0,0,0,7a5bfdd17a4b
AU,1196,0,AU1196.0,U1196.0,1,13,0,0,0,0,0,0,0,7c5bf017bd74
AU,1196,1,AU1196.1,U1196.1,0,24,0,0,0,0,0,0,0,8637e4c6a950
AU,1196,2,AU1196.2,U1196.2,0,67,0,0,0,0,0,0,0,e8633defb475
AU,1196,3,AU1196.3,U1196.3,0,88,0,0,0,0,0,0,0,151cbd14e76c
AU,1196,4,AU1196.4,U1196.4,0,34,0,0,0,0,0,0,0,b129e14ecaf1
AU,1196,5,AU1196.5,U1196.5,0,44,0,0,0,0,0,0,0,797fc343b3ee
AU,1197,0,AU1197.0,U1197.0,1,13,0,0,0,0,0,0,0,5cce77b82076
AU,1197,1,AU1197.1,U1197.1,0,140,0,0,0,0,0,0,0,283d5ad9c30d
AU,1197,2,AU1197.2,U1197.2,0,107,0,0,0,0,0,0,0,206f2b84383d
AU,1197,3,AU1197.3,U1197.3,0,6,0,0,0,0,0,0,0,ecc5fcfca3e7
AU,1197,4,AU1197.4,U1197.4,0,230,0,0,0,0,0,0,0,7873b646f370
AU,1197,5,AU1197.5,U1197.5,0,33,0,0,0,0,0,0,0,1e8d2b62b3d2
AU,1197,6,AU1197.6,U1197.6,0,35,0,0,0,0,0,0,0,cf3ba8f7d321
AU,1198,0,AU1198.0,U1198.0,1,13,0,0,0,0,0,0,0,89410e51f6ef
AU,1198,1,AU1198.1,U1198.1,0,38,0,0,0,0,0,0,0,1fb189637ee5
AU,1198,2,AU1198.2,U1198.2,0,20,0,0,0,0,0,0,0,212cd78b6448
AU,1198,3,AU1198.3,U1198.3,0,19,0,0,0,0,0,0,0,913d068f58a1
AU,1199,0,AU1199.0,U1199.0,1,16,0,0,0,0,0,0,0,ad402025f6f2
AU,1199,1,AU1199.1,U1199.1,0,16,0,0,0,0,0,0,0,5875b5a2b787
AU,1199,2,AU1199.2,U1199.2,0,18,0,0,0,0,0,0,0,fa8cd4003037
AU,1199,3,AU1199.3,U1199.3,0,169,0,0,0,0,0,0,0,61f2084de034
AU,1199,4,AU1199.4,U1199.4,0,147,0,0,0,0,0,0,0,6ae420b4d60d
AU,1199,5,AU1199.5,U1199.5,0,27,0,0,0,0,0,0,0,7bc4564c874a
AU,1200,0,AU1200.0,U1200.0,1,13,0,0,0,0,0,0,0,04a672dda8e0
AU,1200,1,AU1200.1,U1200.1,0,17,0,0,0,0,0,0,0,1d43b66c20eb
AU,1200,2,AU1200.2,U1200.2,0,70,0,0,0,0,0,0,0,f77c0fc22471
AU,1200,3,AU1200.3,U1200.3,0,13,0,0,0,0,0,0,0,baec3350f825
AU,1200,4,AU1200.4,U1200.4,0,35,0,0,0,0,0,0,0,4ab3da04377b
AU,1200,5,AU1200.5,U1200.5,0,16,0,0,0,0,0,0,0,bf12dbf9a3b5
AU,1200,6,AU1200.6,U1200.6,0,11,0,0,0,0,0,0,0,df25d3092103
AU,1200,7,AU1200.7,U1200.7,0,17,0,0,1,0,0,0,0,6da3b9331647
AU,1201,0,AU1201.0,U1201.0,1,21,0,0,0,0,0,0,0,4696566a611a
AU,1201,1,AU1201.1,U1201.1,0,35,0,0,0,0,0,0,0,c7a2673211ec
AU,1201,2,AU1201.2,U1201.2,0,19,0,0,0,0,0,0,0,da5e1bd611fb
AU,1201,3,AU1201.3,U1201.3,0,29,0,0,0,0,0,0,0,75b1a7fd82f2
AU,1201,4,AU1201.4,U1201.4,0,75,0,0,0,0,0,0,0,adb4236229a5
AU,1201,5,AU1201.5,U1201.5,0,70,0,0,0,0,0,0,0,6912bba7623a
AU,1201,6,AU1201.6,U1201.6,0,151,0,0,0,0,0,0,0,2ad2650d6c5a
AU,1201,7,AU1201.7,U1201.7,0,8,0,0,0,0,0,0,0,acfb20d4810a
AT,488,0,AT488.0,T488.0,1,2,0,0,0,0,0,0,0,e9ceae5e081f
AT,488,1,AT488.1,T488.1,0,16,0,0,0,0,0,0,0,e28d74bbc9ca
AT,489,0,AT489.0,T489.0,1,2,0,0,0,0,0,0,0,c672ce404c64
AT,489,1,AT489.1,T489.1,0,103,0,0,0,0,0,0,0,370bf97814f2
AT,489,3,AT489.3,T489.3,0,13,0,0,0,0,0,0,0,bcd8c194c676
AT,490,0,AT490.0,T490.0,1,1,0,0,0,0,0,0,0,b48d67fc12e3
AT,490,1,AT490.1,T490.1,0,13,0,0,0,0,0,0,0,5faa5aa427ca
AT,490,2,AT490.2,T490.2,0,15,0,0,0,0,0,0,0,8237dc6f5981
AT,491,0,AT491.0,T491.0,1,2,0,0,0,0,0,0,0,e9ceae5e081f
AT,491,1,AT491.1,T491.1,0,5,0,0,0,0,0,0,0,2d9b8f90f2f1
AT,491,2,AT491.2,T491.2,0,45,0,0,0,0,0,0,0,3f116be63f44
AT,492,0,AT492.0,T492.0,1,2,0,0,0,0,0,0,0,f21cd9f0c70f
AT,492,1,AT492.1,T492.1,0,18,0,0,0,0,0,0,0,2dac9377e7d4
AT,493,0,AT493.0,T493.0,1,18,0,0,0,0,0,0,0,144428ff0808
AT,494,0,AT494.0,T494.0,1,14,0,0,0,1,0,0,0,0359094bf81a
AT,495,0,AT495.0,T495.0,1,2,0,0,0,0,0,0,0,c672ce404c64
AT,495,1,AT495.1,T495.1,0,23,0,0,0,0,0,0,0,616dad1146b4
AT,496,0,AT496.0,T496.0,1,15,0,0,0,0,0,0,0,253e7fa871a7
AT,496,2,AT496.2,T496.2,0,6,0,0,0,0,0,0,0,1efe6a715372
AT,496,3,AT496.3,T496.3,0,4,0,0,0,0,0,0,0,64c33a6a33e4
AT,496,4,AT496.4,T496.4,0,2,0,0,0,0,0,0,0,f40ee3a9653c
AT,497,0,AT497.0,T497.0,1,3,0,0,0,0,0,0,0,39250401ff4e
AT,497,1,AT497.1,T497.1,0,13,0,0,0,0,0,0,0,d2b14ae3a089
AT,497,2,AT497.2,T497.2,0,27,0,0,0,0,0,0,0,0c110470da6a
AT,498,0,AT498.0,T498.0,1,2,0,0,0,0,0,0,0,76945f5dc9d7
AT,498,1,AT498.1,T498.1,0,10,0,0,0,0,0,0,0,953d7e4d5726
AT,498,2,AT498.2,T498.2,0,4,0,0,0,0,0,0,0,fadc86a3f310
AT,499,0,AT499.0,T499.0,1,2,0,0,0,0,0,0,0,e9ceae5e081f
AT,499,1,AT499.1,T499.1,0,12,0,0,0,0,0,0,0,ade0cd884ad8
AT,499,2,AT499.2,T499.2,0,13,0,0,0,0,0,0,0,8a70566c319d
AT,500,0,AT500.0,T500.0,1,73,0,0,0,0,0,0,0,0d1bb34d1517
AT,501,0,AT501.0,T501.0,1,2,0,0,0,0,0,0,0,c672ce404c64
AT,501,1,AT501.1,T501.1,0,48,0,0,0,0,0,0,0,756d8313a585
AT,501,2,AT501.2,T501.2,0,13,0,0,0,0,0,0,0,6a3b39429fa5
AT,501,3,AT501.3,T501.3,0,19,0,0,1,0,0,0,0,794a9078032c
AT,501,4,AT501.4,T501.4,0,8,0,0,0,0,0,0,0,67ad5aba6fe9
AT,502,0,AT502.0,T502.0,1,2,0,0,0,0,0,0,0,770197002e64
AT,502,1,AT502.1,T502.1,0,29,0,0,0,0,0,0,0,fd6bf6056abe
AT,502,2,AT502.2,T502.2,0,17,0,0,0,0,0,0,0,0bbaba39c85e
AT,503,0,AT503.0,T503.0,1,2,0,0,0,0,0,0,0,770197002e64
AT,504,0,AT504.0,T504.0,1,2,0,0,0,0,0,0,0,76945f5dc9d7
AT,505,0,AT505.0,T505.0,1,2,0,0,0,0,0,0,0,f21cd9f0c70f
AT,505,1,AT505.1,T505.1,0,6,0,0,0,0,0,0,0,9bf65724e26f
AT,505,2,AT505.2,T505.2,0,10,0,0,0,0,0,0,0,b303cd7e40dc
AT,506,0,AT506.0,T506.0,1,2,0,0,0,0,0,0,0,c672ce404c64
AT,506,1,AT506.1,T506.1,0,11,1,0,0,0,0,1,0,8c4a5e570a90
AT,506,2,AT506.2,T506.2,0,10,0,1,0,0,0,0,0,b3299f3b9740
AT,507,0,AT507.0,T507.0,1,2,0,0,0,0,0,0,0,201ef06c9733
AT,507,1,AT507.1,T507.1,0,47,0,0,0,0,0,0,0,abd3e52e47d4
AT,508,0,AT508.0,T508.0,1,4,0,0,0,0,0,0,0,161d86ce4471
AT,508,1,AT508.1,T509.1,0,5,0,0,0,0,0,0,0,4b9e463658bf
AT,508,2,AT508.2,T509.2,0,29,0,0,0,0,0,0,0,e90b95219069
AT,508,3,AT508.3,T509.3,0,15,0,0,0,0,0,0,0,a13bda3a5db1
AT,510,0,AT510.0,T510.0,1,2,0,0,0,0,0,0,0,e9ceae5e081f
AT,510,1,AT510.1,T510.1,0,9,0,0,0,0,0,0,0,4e105f82b206
AT,511,0,AT511.0,T511.0,1,2,0,0,0,0,0,0,0,f21cd9f0c70f
AT,511,1,AT511.1,T511.1,0,29,0,0,0,0,0,0,0,f353ebf2d722
AT,512,0,AT512.0,T512.0,1,2,0,0,0,0,0,0,0,c672ce404c64
AT,513,0,AT513.0,T513.0,1,2,0,0,0,0,0,0,0,770197002e64
AT,513,1,AT513.1,T513.1,0,38,0,0,0,0,0,0,0,50d576c242ba
AT,514,0,AT514.0,T514.0,1,2,0,0,0,0,0,0,0,085e6f93a786
AT,514,1,AT514.1,T514.1,0,9,0,0,0,0,0,0,0,36fe457bff76
AT,514,2,AT514.2,T514.2,0,15,0,0,0,0,0,0,0,102f8015c1f1
AT,514,3,AT514.3,T514.3,0,58,0,0,0,0,0,0,0,976e2faf6e94
AT,515,0,AT515.0,T515.0,1,2,0,0,0,0,0,0,0,76945f5dc9d7
AT,515,1,AT515.1,T515.1,0,4,0,0,0,0,0,0,0,111d56a6090d
AT,516,0,AT516.0,T516.0,1,2,0,0,0,0,0,0,0,e9ceae5e081f
AT,517,0,AT517.0,T517.0,1,2,0,0,0,0,0,0,0,c672ce404c64
AT,517,1,AT517.1,T517.1,0,5,0,0,0,0,0,0,0,2151ddd998e4
AT,518,0,AT518.0,T518.0,1,2,0,0,0,0,0,0,0,201ef06c9733
AT,518,1,AT518.1,T518.1,0,5,0,0,0,0,0,0,0,52c3bf4b8373
AT,518,2,AT518.2,T518.2,0,17,0,0,0,0,0,0,0,eb627c95b14a
AT,518,3,AT518.3,T518.3,0,20,0,0,0,0,0,0,0,fd98bf69128b
AT,519,0,AT519.0,T519.0,1,2,0,0,0,0,0,0,0,770197002e64
AT,519,1,AT519.1,T519.1,0,7,0,0,0,0,0,0,0,93f72cf8dc19
AT,519,2,AT519.2,T519.2,0,6,0,0,0,0,0,0,0,25467373d943
AT,520,0,AT520.0,T520.0,1,2,0,0,0,0,0,0,0,085e6f93a786
AT,520,1,AT520.1,T520.1,0,36,0,0,0,0,0,0,0,02e75c5d32da
AT,520,2,AT520.2,T520.2,0,5,0,0,0,0,0,0,0,6e6ff7e15d04
AT,520,3,AT520.3,T520.3,0,33,0,0,0,0,0,0,0,ab9857bd3664
AT,520,4,AT520.4,T520.4,0,6,0,0,0,0,0,0,0,54d5ef4aab4c
AT,520,5,AT520.5,T520.5,0,4,0,0,0,0,0,0,0,32bbed210551
AT,521,0,AT521.0,T521.0,1,2,0,0,0,0,0,0,0,e9ceae5e081f
AT,522,0,AT522.0,T522.0,1,2,0,0,0,0,0,0,0,f21cd9f0c70f
AT,522,1,AT522.1,T522.1,0,13,0,0,0,0,0,0,0,c57f1bf7bba7
AT,522,2,AT522.2,T522.2,0,8,0,0,0,0,0,0,0,65656944bcb1
AT,522,3,AT522.3,T522.3,0,9,0,0,0,0,0,0,0,ae453e744671
AT,523,0,AT523.0,T523.0,1,2,0,0,0,0,0,0,0,c672ce404c64
AT,523,1,AT523.1,T523.1,0,73,0,0,0,0,0,0,0,5ef16d46b616
AT,524,0,AT524.0,T524.0,1,2,0,0,0,0,0,0,0,201ef06c9733
AT,524,1,AT524.1,T524.1,0,20,0,0,0,0,0,0,0,7a407fc8ed09
AT,524,2,AT524.2,T524.2,0,3,0,0,0,0,0,0,0,8d34eb9020a9
AT,525,0,AT525.0,T525.0,1,2,0,0,0,0,0,0,0,085e6f93a786
AT,525,1,AT525.1,T525.1,0,20,0,0,0,0,0,0,0,26d47cd772b4
AT,525,2,AT525.2,T525.2,0,35,0,0,0,0,0,0,0,6ccbd078610c
AT,525,3,AT525.3,T525.3,0,39,0,0,0,0,0,0,0,55aee2403424
AT,525,4,AT525.4,T525.4,0,6,0,0,0,0,0,0,0,854ff93c0827
AT,525,5,AT525.5,T525.5,0,48,0,0,0,0,0,0,0,ad2c81d890b5
AT,525,6,AT525.6,T525.6,0,5,0,0,0,0,0,0,0,ef699c75481c
AT,525,7,AT525.7,T525.7,0,22,0,0,0,0,0,0,0,881f9df28528
AT,525,8,AT525.8,T525.8,0,12,0,0,0,0,0,0,0,485241e0eb6a
AT,526,0,AT526.0,T526.0,1,69,0,0,0,0,0,0,0,7e53f0075014
AT,527,0,AT527.0,T527.0,1,2,0,0,0,0,0,0,0,e9ceae5e081f
AT,527,1,AT527.1,T527.1,0,5,0,0,0,0,0,0,0,c11759831eb6
AT,528,0,AT528.0,T528.0,1,2,0,0,0,0,0,0,0,f21cd9f0c70f
AT,529,0,AT529.0,T529.0,1,2,0,0,0,0,0,0,0,201ef06c9733
AT,529,1,AT529.1,T529.1,0,20,0,0,0,0,0,0,0,1421be85b142
AT,529,2,AT529.2,T529.2,0,35,0,0,0,0,0,0,0,1893aa08a517
AT,530,0,AT530.0,T532.0,1,2,0,0,0,0,0,0,0,770197002e64
AT,530,1,AT530.1,T530.1,0,13,0,0,0,0,0,0,0,1d09dcefa77e
AT,530,2,AT530.2,T530.2,0,12,0,0,0,0,0,0,0,d9f1ebeaf889
AT,531,0,AT531.0,T531.0,1,2,0,0,0,0,0,0,0,085e6f93a786
AT,531,1,AT531.1,T531.1,0,75,0,0,0,0,0,0,0,b5c3a2a7df56
AT,531,2,AT531.2,T531.2,0,9,0,0,0,0,0,0,0,f03d5466a6c6
AT,532,0,AT532.0,T532.0,1,2,0,0,0,0,0,0,0,4a9133d1d695
AT,532,1,AT532.1,T532.1,0,204,0,0,0,0,0,0,0,57fa810450bb
AT,532,2,AT532.2,T532.2,0,5,0,0,0,0,0,0,0,7c5f7a2a122b
AT,532,3,AT532.3,T532.3,0,7,0,0,0,0,0,0,0,b6bceba037c1
AT,533,0,AT533.0,T533.0,1,2,0,0,0,0,0,0,0,245cef14dc73
AT,533,1,AT533.1,T533.1,0,6,0,0,0,0,0,0,0,9ee8d901ff0b
AT,533,2,AT533.2,T533.2,0,99,0,0,0,0,0,0,0,3b70218db408
AT,533,3,AT533.3,T533.3,0,17,0,0,0,0,0,0,0,879349d386a6
AT,533,4,AT533.4,T533.4,0,15,0,0,0,0,0,0,0,3965136d5686
AT,534,0,AT534.0,T534.0,1,2,0,0,0,0,0,0,0,c672ce404c64
AT,534,1,AT534.1,T534.1,0,6,0,0,0,0,0,0,0,5902bf07bb14
AT,534,2,AT534.2,T534.2,0,10,0,0,0,0,0,0,0,d9b61f02380c
AT,534,3,AT534.3,T534.3,0,7,0,0,0,0,0,0,0,079ab3c077a7
AT,535,0,AT535.0,T535.0,1,2,0,0,0,0,0,0,0,201ef06c9733
AT,535,1,AT535.1,T535.1,0,12,0,0,0,0,0,0,0,774f466967c9
AT,536,0,AT536.0,T536.0,1,2,0,0,0,0,0,0,0,770197002e64
AT,536,1,AT536.1,T536.1,0,57,0,0,0,0,0,0,0,09bc523612fb
AT,537,0,AT537.0,T537.0,1,2,0,0,0,0,0,0,0,76945f5dc9d7
AT,537,1,AT537.1,T537.1,0,31,0,0,0,0,0,0,0,4d7b8a89d38b
AT,537,2,AT537.2,T537.2,0,15,0,1,0,0,0,0,0,f81f66d1a800
AT,538,0,AT538.0,T538.0,1,2,0,0,0,0,0,0,0,e9ceae5e081f
AT,538,1,AT538.1,T538.1,0,3,0,0,0,0,0,0,0,8be116815a91
AT,538,2,AT538.2,T538.2,0,20,0,0,0,0,0,0,0,8c73036c31be
AT,538,3,AT538.3,T538.3,0,4,0,0,0,0,0,0,0,95e202993ffb
AT,539,0,AT539.0,T539.0,1,2,0,0,0,0,0,0,0,d0040897796a
AT,539,1,AT539.1,T539.1,0,6,0,0,0,0,0,0,0,40163ca220f3
AT,539,2,AT539.2,T539.2,0,4,0,0,0,0,0,0,0,9c9214dc37a9
AT,539,3,AT539.3,T539.3,0,27,0,0,0,0,0,0,0,d93b4091b66b
AT,540,0,AT540.0,T540.0,1,2,0,0,0,0,0,0,0,c672ce404c64
AT,540,1,AT540.1,T540.1,0,17,0,0,0,0,0,0,0,5ccd588fc7f7
AT,541,0,AT541.0,T541.0,1,2,0,0,0,0,0,0,0,84ee5e026a14
AT,541,1,AT541.1,T541.1,0,5,0,0,0,0,0,0,0,9f5c4022e841
AT,542,0,AT542.0,T542.0,1,2,0,0,0,0,0,0,0,085e6f93a786
AT,542,1,AT542.1,T542.1,0,22,0,0,0,0,0,0,0,422b05118575
AT,542,2,AT542.2,T542.2,0,94,0,0,0,0,0,0,0,804c35295797
AT,542,3,AT542.3,T542.3,0,9,0,0,0,0,0,0,0,f8807e781523
AT,542,4,AT542.4,T542.4,0,5,0,0,0,0,0,0,0,afc68fe7481c
AT,543,0,AT543.0,T543.0,1,2,0,0,0,0,0,0,0,76945f5dc9d7
AT,543,1,AT543.1,T543.1,0,56,0,0,0,0,0,0,0,48edf8918a18
AT,543,2,AT543.2,T543.2,0,10,0,0,0,0,0,0,0,4574d354f3e3
AT,543,3,AT543.3,T543.3,0,23,0,0,0,0,0,0,0,039d89ebe85a
AT,543,4,AT543.4,T543.4,0,46,0,0,0,1,0,0,0,783ce9bcb008
AT,543,5,AT543.5,T543.5,0,38,0,0,0,0,0,0,0,0db6d22a5656
AT,543,6,AT543.6,T543.6,0,9,0,0,0,0,0,0,0,8d40884cd330
AT,544,0,AT544.0,T544.0,1,2,0,0,0,0,0,0,0,e9ceae5e081f
AT,544,1,AT544.1,T544.1,0,10,0,0,0,0,0,0,0,4ee0857a58f5
AT,545,0,AT545.0,T545.0,1,2,0,0,0,0,0,0,0,c672ce404c64
AT,545,1,AT545.1,T545.1,0,8,0,0,0,0,0,0,0,2dd66f26085e
AT,545,2,AT545.2,T545.2,0,7,0,0,0,0,0,0,0,8aec8e758a16
AT,546,0,AT546.0,T546.0,1,2,0,0,0,0,0,0,0,201ef06c9733
AT,547,0,AT547.0,T547.0,1,2,0,0,0,0,0,0,0,770197002e64
AT,548,0,AT548.0,T548.0,1,2,0,0,0,0,0,0,0,085e6f93a786
AT,549,0,AT549.0,T549.0,1,2,0,0,0,0,0,0,0,56e9fe090c05
AT,549,1,AT549.1,T549.1,0,29,0,0,0,0,0,0,0,a3f1c690c9aa
AT,549,2,AT549.2,T549.2,0,9,0,0,0,0,0,0,0,940080bd90e9
AT,550,0,AT550.0,T550.0,1,2,0,0,0,0,0,0,0,f21cd9f0c70f
AT,550,1,AT550.1,T550.1,0,56,0,0,0,0,0,0,0,8cdb001389c3
AT,551,0,AT551.0,T551.0,1,2,0,0,0,0,0,0,0,c672ce404c64
AT,551,1,AT551.1,T551.1,0,20,0,0,0,0,0,0,0,33ae4f300a03
AT,551,2,AT551.2,T551.2,0,7,0,0,0,0,0,0,0,6186a680da83
AT,552,0,AT552.0,T552.0,1,2,0,0,0,0,0,0,0,201ef06c9733
AT,552,1,AT552.1,T552.1,0,18,0,0,0,0,0,0,0,817b102e9f2b
AT,552,2,AT552.2,T552.2,0,5,0,0,0,0,0,0,0,cabb43df0f70
AT,552,3,AT552.3,T552.3,0,7,0,0,0,0,0,0,0,b75735efc2f9
AT,552,4,AT552.4,T552.4,0,6,0,0,0,0,0,0,0,4ca9e0cb85f0
AT,552,5,AT552.5,T552.5,0,7,0,0,0,0,0,0,0,e96224900685
AT,552,6,AT552.6,T552.6,0,7,0,0,0,0,0,0,0,9efb45dd05b1
AT,553,0,AT553.0,T553.0,1,2,0,0,0,0,0,0,0,085e6f93a786
AT,553,1,AT553.1,T553.1,0,8,0,0,0,0,0,0,0,05101e9c2baf
AT,553,2,AT553.2,T553.2,0,7,0,0,0,0,0,0,0,a2aca8137772
AT,554,0,AT554.0,T554.0,1,2,0,0,0,0,0,0,0,76945f5dc9d7
AT,554,1,AT554.1,T554.1,0,18,0,0,0,0,0,0,0,1fdb9b1aad64
AT,554,2,AT554.2,T554.2,0,22,0,0,0,0,0,0,0,4b714e7aec2e
AT,554,3,AT554.3,T554.3,0,6,0,0,0,0,0,0,0,1a7457d21f7f
AT,555,0,AT555.0,T555.0,1,2,0,0,0,0,0,0,0,e9ceae5e081f
AT,556,0,AT556.0,T556.0,1,2,0,0,0,0,0,0,0,f21cd9f0c70f
AT,556,1,AT556.1,T556.1,0,7,0,0,0,0,0,0,0,946521145691
AT,556,2,AT556.2,T556.2,0,27,0,0,0,0,0,0,0,823cc8ac98de
AT,556,3,AT556.3,T556.3,0,5,0,0,0,0,0,0,0,45f5b52b21be
AT,556,4,AT556.4,T556.4,0,4,0,0,0,0,0,0,0,23fcd7151723
AT,557,0,AT557.0,T557.0,1,2,0,0,0,0,0,0,0,201ef06c9733
AT,557,1,AT557.1,T557.1,0,19,1,0,0,0,0,1,0,76508369853a
AT,557,2,AT557.2,T557.2,0,6,0,0,0,0,0,0,0,2d32e90917f6
AT,557,3,AT557.3,T557.3,0,8,0,0,0,0,0,0,0,a07994f5d591
AT,558,0,AT558.0,T558.0,1,2,0,0,0,0,0,0,0,770197002e64
AT,558,1,AT558.1,T558.1,0,33,0,0,0,0,0,0,0,074af32f0f95
AT,558,2,AT558.2,T558.2,0,11,0,0,0,0,0,0,0,0ce484df4126
AT,559,0,AT559.0,T559.0,1,2,0,0,0,0,0,0,0,085e6f93a786
AT,559,1,AT559.1,T559.1,0,10,0,0,0,0,0,0,0,6aa9e9bfcc0a
AT,559,2,AT559.2,T559.2,0,10,0,1,0,0,0,0,0,8522d25d7ef0
AT,559,3,AT559.3,T559.3,0,13,1,1,0,0,0,1,0,e457ac190ee7
AT,559,4,AT559.4,T559.4,0,33,0,0,0,0,0,0,0,b78b0b4f34fc
AT,560,0,AT560.0,T560.0,1,2,0,0,0,0,0,0,0,76945f5dc9d7
AT,560,1,AT560.1,T560.1,0,177,0,0,0,0,0,0,0,df9c1dc468d9
AT,561,0,AT561.0,T561.0,1,2,0,0,0,0,0,0,0,f21cd9f0c70f
AT,561,1,AT561.1,T561.1,0,27,0,0,0,0,0,0,0,ede50110c839
AT,562,0,AT562.0,T562.0,1,2,0,0,0,0,0,0,0,c672ce404c64
AT,562,1,AT562.1,T562.1,0,16,0,0,0,0,0,0,0,c3033d64b0c5
AT,562,2,AT562.2,T562.2,0,148,1,0,0,0,0,1,0,cc5a19243821
AT,562,3,AT562.3,T562.3,0,4,0,0,0,0,0,0,0,445418e0149e
AT,562,4,AT562.4,T562.4,0,6,0,0,0,0,0,0,0,2795a940897d
AT,562,5,AT562.5,T562.5,0,8,0,0,0,0,0,0,0,9c744f489e17
AT,563,0,AT563.0,T563.0,1,2,0,0,0,0,0,0,0,201ef06c9733
AT,563,1,AT563.1,T563.1,0,7,0,0,0,0,0,0,0,168da2b2d591
AT,563,2,AT563.2,T563.2,0,59,0,0,0,0,0,0,0,5c369c2720c0
AT,563,3,AT563.3,T563.3,0,8,0,0,0,0,0,0,0,6090549e5415
AT,563,4,AT563.4,T563.4,0,48,0,0,0,0,0,0,0,c43cb26b3cc4
AT,564,0,AT564.0,T564.0,1,2,0,0,0,0,0,0,0,770197002e64
AT,564,1,AT564.1,T564.1,0,39,0,0,0,0,0,0,0,88d5578f91a4
AT,564,2,AT564.2,T564.2,0,9,0,0,0,0,0,0,0,ef3ccce9d7d1
AT,564,3,AT564.3,T564.3,0,4,0,0,0,0,0,0,0,ae0024cbb9e2
AT,565,0,AT565.0,T565.0,1,2,0,0,0,0,0,0,0,76945f5dc9d7
AT,565,1,AT565.1,T565.1,0,63,0,0,0,0,0,0,0,cba887ce0057
AT,565,2,AT565.2,T565.2,0,17,0,0,0,0,0,0,0,be1e74de3b5b
AT,565,3,AT565.3,T565.3,0,7,0,0,0,0,0,0,0,30fe5e0db87e
AT,566,0,AT566.0,T566.0,1,2,0,0,0,0,0,0,0,e9ceae5e081f
AT,566,1,AT566.1,T566.1,0,24,0,0,0,0,0,0,0,f86836e123f1
AT,567,0,AT567.0,T567.0,1,2,0,0,0,0,0,0,0,f21cd9f0c70f
AT,567,1,AT567.1,T567.1,0,15,0,0,0,0,0,0,0,53731d3aafa7
AT,567,2,AT567.2,T567.2,0,8,0,0,0,0,0,0,0,9e17cc072929
AT,568,0,AT568.0,T568.0,1,23,0,0,0,0,0,0,0,d1b47657b71e
AT,568,1,AT568.1,T568.1,0,40,0,0,0,0,0,0,0,8819dd5d14a0
AT,569,0,AT569.0,T569.0,1,2,0,0,0,0,0,0,0,770197002e64
AT,569,1,AT569.1,T569.1,0,11,0,0,0,0,0,0,0,a6e1b7b0fbae
AT,569,2,AT569.2,T569.2,0,22,0,0,0,0,0,0,0,27ed8fa4753f
AT,569,3,AT569.3,T569.3,0,6,0,0,0,0,0,0,0,759eb9fa806a
AT,570,0,AT570.0,T570.0,1,2,0,0,0,0,0,0,0,085e6f93a786
AT,570,1,AT570.1,T570.1,0,7,0,0,0,0,0,0,0,4f362e8bd01a
AT,570,2,AT570.2,T570.2,0,7,0,0,0,0,0,0,0,fef490f1e68f
AT,571,0,AT571.0,T571.0,1,2,0,0,0,0,0,0,0,76945f5dc9d7
AT,571,1,AT571.1,T571.1,0,46,0,0,0,1,1,0,0,20b31e3d410c
AT,572,0,AT572.0,T572.0,1,2,0,0,0,0,0,0,0,e9ceae5e081f
AT,572,1,AT572.1,T572.1,0,50,0,0,0,0,0,0,0,b1fb9151f00e
AT,572,2,AT572.2,T572.2,0,37,0,0,0,0,0,0,0,17ac0284d8a6
AT,572,3,AT572.3,T572.3,0,5,0,0,0,0,0,0,0,3874277d1cf2
AT,572,4,AT572.4,T572.4,0,28,0,0,0,0,0,0,0,0a50b62ccf28
AT,573,0,AT573.0,T573.0,1,2,0,0,0,0,0,0,0,c672ce404c64
AT,573,1,AT573.1,T573.1,0,25,1,0,0,0,0,0,1,6d8a64013b0f
AT,574,0,AT574.0,T574.0,1,2,0,0,0,0,0,0,0,201ef06c9733
AT,574,1,AT574.1,T574.1,0,27,0,0,0,0,0,0,0,02a0514086ea
AT,574,2,AT574.2,T574.2,0,5,0,0,0,0,0,0,0,bd619e293307
AT,574,3,AT574.3,T574.3,0,12,0,0,0,0,0,0,0,188ad564a6b3
AT,575,0,AT575.0,T575.0,1,2,0,0,0,0,0,0,0,770197002e64
AT,575,1,AT575.1,T575.1,0,87,0,0,0,0,0,0,0,a785f2d3acec
AT,575,2,AT575.2,T575.2,0,27,0,0,0,0,0,0,0,62fa15a3cfd7
AT,575,3,AT575.3,T575.3,0,6,0,0,0,0,0,0,0,7eea7f0eca06
AT,575,4,AT575.4,T575.4,0,18,0,0,0,0,0,0,0,d1b144feb2e4
AT,575,5,AT575.5,T575.5,0,7,0,0,0,0,0,0,0,960bdad14a0d
AT,575,6,AT575.6,T575.6,0,6,0,0,0,0,0,0,0,52478f492582
AT,576,0,AT576.0,T576.0,1,2,0,0,0,0,0,0,0,085e6f93a786
AT,576,1,AT576.1,T576.1,0,9,0,0,0,0,0,0,0,934e03840e7e
AT,576,2,AT576.2,T576.2,0,11,0,0,0,0,0,0,0,bee85052a397
AT,576,3,AT576.3,T576.3,0,11,0,0,0,0,0,0,0,53ede5c640de
AT,577,0,AT577.0,T577.0,1,2,0,0,0,0,0,0,0,e9ceae5e081f
AT,577,1,AT577.1,T577.1,0,7,0,0,0,0,0,0,0,e9cdc0c8772c
AT,577,2,AT577.2,T577.2,0,22,0,0,0,0,0,0,0,296fd77d37d5
AT,577,3,AT577.3,T577.3,0,23,0,0,0,0,0,0,0,ab2f42597958
AT,578,0,AT578.0,T578.0,1,2,0,0,0,0,0,0,0,f21cd9f0c70f
AT,578,1,AT578.1,T578.1,0,22,0,0,0,0,0,0,0,5bf27278bd01
AT,578,2,AT578.2,T578.2,0,6,1,0,0,0,0,1,0,46665f3258d4
AT,579,0,AT579.0,T579.0,1,2,0,0,0,0,0,0,0,c672ce404c64
AT,579,1,AT579.1,T579.1,0,13,0,0,0,0,0,0,0,ec68c27e2644
AT,579,2,AT579.2,T579.2,0,5,0,0,0,0,0,0,0,cf0674176ea8
AT,579,3,AT579.3,T579.3,0,17,0,0,0,0,0,0,0,bd39cdf77e27
AT,580,0,AT580.0,T580.0,1,2,0,0,0,0,0,0,0,201ef06c9733
AT,580,1,AT580.1,T580.1,0,13,0,0,0,0,0,0,0,9dea03f61a0c
AT,580,2,AT580.2,T580.2,0,12,0,0,0,0,0,0,0,9a5206b9695a
AT,581,0,AT581.0,T581.0,1,2,0,0,0,0,0,0,0,085e6f93a786
AT,581,1,AT581.1,T581.1,0,11,1,0,0,0,0,1,0,8c4a5e570a90
AT,581,2,AT581.2,T581.2,0,14,0,0,0,0,0,0,0,2bd066ea27d5
AT,581,3,AT581.3,T581.3,0,12,0,0,0,0,0,0,0,890c41701300
AT,582,0,AT582.0,T582.0,1,2,0,0,0,0,0,0,0,76945f5dc9d7
AT,582,1,AT582.1,T582.1,0,6,0,0,0,0,0,0,0,02c3740645ca
AT,582,2,AT582.2,T582.2,0,115,0,0,0,0,0,0,0,e1d2ead267d1
AT,582,3,AT582.3,T582.3,0,208,0,0,1,0,0,0,0,6712a0701a3f
AT,582,4,AT582.4,T582.4,0,15,0,0,0,0,0,0,0,1c1d3f179ad8
AT,582,5,AT582.5,T582.5,0,12,0,0,0,0,0,0,0,d01530ecf4bf
AT,582,6,AT582.6,T582.6,0,6,0,0,0,0,0,0,0,d1d0d6f4e1ba
AT,582,7,AT582.7,T582.7,0,4,0,0,0,0,0,0,0,d80943b334e2
AT,582,8,AT582.8,T582.8,0,6,0,0,0,0,0,0,0,e3acb5aa5b48
AT,582,9,AT582.9,T582.9,0,9,0,0,0,0,0,0,0,a404eea8446c
AT,583,0,AT583.0,T583.0,1,2,0,0,0,0,0,0,0,e9ceae5e081f
AT,583,1,AT583.1,T583.1,0,8,0,0,0,0,0,0,0,cbe24315ea23
AT,583,2,AT583.2,T583.2,0,8,0,0,0,0,0,0,0,1373bf7c4610
AT,583,3,AT583.3,T583.3,0,7,0,0,0,0,0,0,0,5bd014c89455
AT,584,0,AT584.0,T584.0,1,2,0,0,0,0,0,0,0,f21cd9f0c70f
AT,584,1,AT584.1,T584.1,0,44,0,0,0,0,0,0,0,4e118a063e4e
AT,584,2,AT584.2,T584.2,0,9,0,0,0,0,0,0,0,7709482e49a2
AT,585,0,AT585.0,T585.0,1,2,0,0,0,0,0,0,0,201ef06c9733
AT,585,1,AT585.1,T585.1,0,77,0,0,0,0,0,0,0,978c4f9ad506
AT,585,2,AT585.2,T585.2,0,5,0,0,0,0,0,0,0,7c22483db3c7
AT,586,0,AT586.0,T586.0,1,2,0,0,0,0,0,0,0,770197002e64
AT,586,1,AT586.1,T586.1,0,8,0,0,0,0,0,0,0,fb39be64e942
AT,586,2,AT586.2,T586.2,0,7,0,0,0,0,0,0,0,4e98125b9470
AT,586,3,AT586.3,T586.3,0,6,0,0,0,0,0,0,0,685c99d984ea
AT,586,4,AT586.4,T586.4,0,3,0,0,0,0,0,0,0,4c57d2bac2bd
AT,586,5,AT586.5,T586.5,0,16,0,0,0,0,0,0,0,331b48c3d962
AT,586,6,AT586.6,T586.6,0,5,0,0,0,0,0,0,0,2f9ef6fc7640
AT,587,0,AT587.0,T587.0,1,2,0,0,0,0,0,0,0,085e6f93a786
AT,587,1,AT587.1,T587.1,0,23,0,0,0,0,0,0,0,4a486f9086df
AT,587,2,AT587.2,T587.2,0,11,0,0,0,0,0,0,0,faffef3db603
AT,587,3,AT587.3,T587.3,0,6,0,0,0,0,0,0,0,52a6414da64b
AT,587,4,AT587.4,T587.4,0,7,0,0,0,0,0,0,0,ca6f48fd13b2
AT,588,0,AT588.0,T588.0,1,2,0,0,0,0,0,0,0,76945f5dc9d7
AT,588,1,AT588.1,T588.1,0,8,0,0,0,0,0,0,0,f6712fdbeca2
AT,588,2,AT588.2,T588.2,0,10,0,0,0,0,0,0,0,fb7b96d9facb
AT,588,3,AT588.3,T588.3,0,25,0,0,0,0,0,0,0,dc7b93d5d864
AT,588,4,AT588.4,T588.4,0,7,0,0,0,0,0,0,0,b01e0885746f
AT,588,5,AT588.5,T588.5,0,5,0,0,0,0,0,0,0,f020f8aebd36
AT,589,0,AT589.0,T589.0,1,2,0,0,0,0,0,0,0,f21cd9f0c70f
AT,589,1,AT589.1,T589.1,0,12,0,0,0,0,0,0,0,1650b5d46229
AT,589,2,AT589.2,T589.2,0,8,0,0,0,0,0,0,0,7d753e2fdc5d
AT,590,0,AT590.0,T590.0,1,2,0,0,0,0,0,0,0,c672ce404c64
AT,590,1,AT590.1,T590.1,0,9,0,0,0,0,0,0,0,5c9ed3945732
AT,591,0,AT591.0,T591.0,1,2,0,0,0,0,0,0,0,201ef06c9733
AT,591,1,AT591.1,T591.1,0,7,0,0,0,0,0,0,0,4cada6f0bbc7
AT,591,2,AT591.2,T591.2,0,39,0,0,0,0,0,0,0,e55e625e9362
AT,592,0,AT592.0,T592.0,1,2,0,0,0,0,0,0,0,770197002e64
AT,592,1,AT592.1,T592.1,0,49,0,0,0,1,0,0,0,d95f01c7b733
AT,592,2,AT592.2,T592.2,0,8,0,0,0,0,0,0,0,3eb41d951d5e
AT,593,0,AT593.0,T593.0,1,2,0,0,0,0,0,0,0,76945f5dc9d7
AT,593,1,AT593.1,T593.1,0,53,0,0,0,0,0,0,0,49dc39265015
AT,593,2,AT593.2,T593.2,0,7,0,0,0,0,0,0,0,972c1e133ea3
AT,593,3,AT593.3,T593.3,0,9,0,0,0,0,0,0,0,ef8b86679e70
AT,593,4,AT593.4,T593.4,0,8,0,0,0,0,0,0,0,e92b71438ece
AT,594,0,AT594.0,T594.0,1,2,0,0,0,0,0,0,0,e9ceae5e081f
AT,594,1,AT594.1,T594.1,0,12,0,0,0,0,0,0,0,cd083517db1b
AT,594,2,AT594.2,T594.2,0,43,0,0,0,0,0,0,0,cf08df47b7dc
AT,595,0,AT595.0,T595.0,1,2,0,0,0,0,0,0,0,f21cd9f0c70f
AT,595,1,AT595.1,T595.1,0,39,0,0,0,0,0,0,0,fcfe86f3ee56
AT,595,2,AT595.2,T595.2,0,17,0,0,0,0,0,0,0,7268e04a1319
AT,595,3,AT595.3,T595.3,0,7,0,0,0,0,0,0,0,db5efe795310
AT,596,0,AT596.0,T596.0,1,2,0,0,0,0,0,0,0,c672ce404c64
AT,596,1,AT596.1,T596.1,0,14,1,0,0,0,0,0,1,27c62437ece6
AT,596,2,AT596.2,T596.2,0,106,0,0,0,0,0,0,0,4f6e2453d749
AT,596,3,AT596.3,T596.3,0,15,0,0,0,0,0,0,0,6fcd02698b6b
AT,596,4,AT596.4,T596.4,0,11,0,0,0,0,0,0,0,cc61a2ca1a77
AT,597,0,AT597.0,T597.0,1,2,0,0,0,0,0,0,0,770197002e64
AT,597,1,AT597.1,T597.1,0,9,0,0,0,0,0,0,0,3c1bf94e9556
AT,597,2,AT597.2,T597.2,0,5,1,0,0,0,0,1,0,548e8cb876d5
AT,597,3,AT597.3,T597.3,0,6,0,0,1,0,0,0,0,a8861b15ef1a
AT,598,0,AT598.0,T598.0,1,2,0,0,0,0,0,0,0,085e6f93a786
AT,598,1,AT598.1,T598.1,0,16,0,0,0,0,0,0,0,8d0815f81871
AT,598,2,AT598.2,T598.2,0,24,0,0,1,0,0,0,0,d9855f7d5e6a
AT,598,3,AT598.3,T598.3,0,17,0,0,0,0,0,0,0,5d533416f771
AT,598,4,AT598.4,T598.4,0,4,0,0,0,0,0,0,0,8eaee81ac9aa
AT,599,0,AT599.0,T599.0,1,2,0,0,0,0,0,0,0,76945f5dc9d7
AT,599,1,AT599.1,T599.1,0,6,0,0,0,0,0,0,0,bc2755c65741
AT,599,2,AT599.2,T599.2,0,23,0,0,0,0,0,0,0,27afaccf4567
AT,600,0,AT600.0,T600.0,1,2,0,0,0,0,0,0,0,e9ceae5e081f
AT,600,1,AT600.1,T600.1,0,28,0,0,0,0,0,0,0,679ad11c74da
AT,600,2,AT600.2,T600.2,0,29,0,0,0,0,0,0,0,60adbfd24dc8
AT,600,3,AT600.3,T600.3,0,19,0,0,0,0,0,0,0,14d29f6c47ca
AT,600,4,AT600.4,T600.4,0,10,0,0,0,0,0,0,0,85f976d7c8e2
AT,601,0,AT601.0,T601.0,1,2,0,0,0,0,0,0,0,c672ce404c64
AT,601,1,AT601.1,T601.1,0,10,0,0,0,0,0,0,0,590c57f00cef
AT,601,2,AT601.2,T601.2,0,33,0,0,0,0,0,0,0,f98587376345
AT,601,3,AT601.3,T601.3,0,4,0,0,0,0,0,0,0,4478731aa5b1
AT,601,4,AT601.4,T601.4,0,8,0,0,0,0,0,0,0,19e3d3d09864
AT,601,5,AT601.5,T601.5,0,9,0,0,0,0,0,0,0,fbebecff6570
AT,602,0,AT602.0,T602.0,1,2,0,0,0,0,0,0,0,201ef06c9733
AT,602,1,AT602.1,T602.1,0,45,0,0,0,0,0,0,0,6064caca29f3
AT,602,2,AT602.2,T602.2,0,49,0,0,0,0,0,0,0,b7c8686efbc9
AT,602,3,AT602.3,T602.3,0,54,0,0,0,0,0,0,0,d97395b536df
AT,602,4,AT602.4,T602.4,0,7,0,0,0,0,0,0,0,5ad805b270db
AT,602,5,AT602.5,T602.5,0,8,0,0,0,0,0,0,0,38349ac13068
AT,602,6,AT602.6,T602.6,0,5,0,0,0,0,0,0,0,611c08001581
AT,602,7,AT602.7,T602.7,0,5,0,0,0,0,0,0,0,ffa6ca5b901f
AT,602,8,AT602.8,T602.8,0,3,0,0,0,0,0,0,0,297c471fffa6
AT,603,0,AT603.0,T603.0,1,2,0,0,0,0,0,0,0,770197002e64
AT,603,1,AT603.1,T603.1,0,5,0,0,0,0,0,0,0,ad60be08563f
AT,603,2,AT603.2,T603.2,0,15,0,0,0,0,0,0,0,4dc3d5da7c7a
AT,603,3,AT603.3,T603.3,0,117,0,0,0,0,0,0,0,d23398a971d3
AT,603,4,AT603.4,T603.4,0,6,1,0,0,0,0,0,1,85bf85e3bc9f
AT,603,5,AT603.5,T603.5,0,9,0,0,0,0,0,0,0,fc4fb73cf661
AT,603,6,AT603.6,T603.6,0,6,0,0,0,0,0,0,0,6da93333c30f
AT,603,6,AT603.6,T603.6,0,6,0,0,0,0,0,0,0,a685e558fd2a
AT,604,0,AT604.0,T604.0,1,2,0,0,0,0,0,0,0,085e6f93a786
AT,604,1,AT604.1,T604.1,0,7,0,0,0,0,0,0,0,10a7bb4a4baa
AT,604,2,AT604.2,T604.2,0,20,0,0,0,0,0,0,0,0472c093b804
AT,604,3,AT604.3,T604.3,0,19,0,0,0,0,0,0,0,7ba14972121f
AT,604,4,AT604.4,T604.4,0,48,0,0,0,0,0,0,0,b203622d9a0d
AT,605,0,AT605.0,T605.0,1,2,0,0,0,0,0,0,0,e9ceae5e081f
AT,605,1,AT605.1,T605.1,0,45,0,0,0,0,0,0,0,a5d7a99ebd1a
AT,605,2,AT605.2,T605.2,0,8,0,0,0,0,0,0,0,7245c3a25fc8
AT,606,0,AT606.0,T606.0,1,2,0,0,0,0,0,0,0,f21cd9f0c70f
AT,606,1,AT606.1,T606.1,0,17,1,0,0,0,0,1,0,63af512b9186
AT,606,2,AT606.2,T608.2,0,25,0,0,0,0,0,0,0,3bd6988e67da
AT,607,0,AT607.0,T607.0,1,2,0,0,0,0,0,0,0,c672ce404c64
AT,607,1,AT607.1,T607.1,0,30,0,0,0,0,0,0,0,9f275d33b26c
AT,607,2,AT607.2,T607.2,0,9,0,0,0,0,0,0,0,303d08286ac9
AT,608,0,AT608.0,T608.0,1,2,0,0,0,0,0,0,0,201ef06c9733
AT,608,1,AT608.1,T608.1,0,73,0,0,0,0,0,0,0,36509367474d
AT,608,2,AT608.2,T608.2,0,14,0,0,0,0,0,0,0,5e6a3ae7340e
AT,608,3,AT608.3,T608.3,0,14,0,0,0,0,0,0,0,1e4b76aec2af
AT,608,4,AT608.4,T608.4,0,7,0,0,0,0,0,0,0,adf5a2772b49
AT,609,0,AT609.0,T609.0,1,2,0,0,0,0,0,0,0,085e6f93a786
AT,609,1,AT609.1,T609.1,0,12,0,0,0,0,0,0,0,4059b1cc7dc2
AT,609,2,AT609.2,T609.2,0,10,0,0,0,0,0,0,0,cdd1e1f43f16
AT,609,3,AT609.3,T609.3,0,15,0,0,0,0,0,0,0,b546714759db
AT,609,4,AT609.4,T609.4,0,5,0,0,0,0,0,0,0,5968e48e6aee
AT,609,5,AT609.5,T609.5,0,4,0,1,0,0,0,0,0,fa219f2a82dd
AT,610,0,AT610.0,T610.0,1,2,0,0,0,0,0,0,0,76945f5dc9d7
AT,610,1,AT610.1,T610.1,0,9,0,0,0,0,0,0,0,91b6d6fc94bb
AT,610,2,AT610.2,T610.2,0,50,0,0,0,0,0,0,0,fffb475c9c7d
AT,610,3,AT610.3,T610.3,0,2,0,0,0,0,0,0,0,7b6dca504d23
AT,610,4,AT610.4,T610.4,0,6,0,0,0,0,0,0,0,24b66e8f8035
AT,611,0,AT611.0,T611.0,1,2,0,0,0,0,0,0,0,e9ceae5e081f
AT,611,1,AT611.1,T611.1,0,3,0,0,0,0,0,0,0,0c8e13ed00ad
AT,611,2,AT611.2,T611.2,0,74,0,0,0,0,0,0,0,8c2e094f8606
AT,611,3,AT611.3,T611.3,0,39,0,0,0,0,0,0,0,553988912eb6
AT,611,4,AT611.4,T611.4,0,8,0,0,0,0,0,0,0,4971d2470b03
AT,611,5,AT611.5,T611.5,0,5,0,0,0,0,0,0,0,5e4a4ae11f38
AT,611,6,AT611.6,T611.6,0,30,0,0,1,0,0,0,0,6a49b7edae1f
AT,612,0,AT612.0,T612.0,1,2,0,0,0,0,0,0,0,f21cd9f0c70f
AT,612,1,AT612.1,T612.1,0,10,0,0,0,0,1,0,0,517a7cdcf7bb
AT,612,2,AT612.2,T612.2,0,10,0,0,0,0,0,0,0,aa94fc792153
AT,613,0,AT613.0,T613.0,1,2,0,0,0,0,0,0,0,201ef06c9733
AT,613,1,AT613.1,T613.1,0,18,0,0,0,0,0,0,0,d6eb73f0232a
AT,613,2,AT613.2,T613.2,0,8,0,0,0,0,0,0,0,07b0edece91a
AT,613,3,AT613.3,T613.3,0,5,0,0,0,0,0,0,0,38ab5c3236fe
AT,613,4,AT613.4,T613.4,0,14,0,0,0,0,0,0,0,e6d13168210a
AT,614,0,AT614.0,T614.0,1,2,0,0,0,0,0,0,0,770197002e64
AT,614,1,AT614.1,T614.1,0,4,0,0,0,0,0,0,0,b6463dd9f30d
AT,615,0,AT615.0,T615.0,1,2,0,0,0,0,0,0,0,085e6f93a786
AT,615,1,AT615.1,T615.1,0,27,0,0,0,0,0,0,0,53eaed8377bc
AT,615,2,AT615.2,T615.2,0,44,0,0,0,0,0,0,0,ba6b7da77c6e
AT,616,0,AT616.0,T616.0,1,2,0,0,0,0,0,0,0,76945f5dc9d7
AT,616,1,AT616.1,T616.1,0,13,0,0,0,0,0,0,0,bdd2d0cda475
AT,616,2,AT616.2,T616.2,0,9,0,0,0,0,0,0,0,9589f6d028bc
AT,616,3,AT616.3,T616.3,0,7,0,0,0,0,0,0,0,6f9f2e9a99e7
AT,616,4,AT616.4,T616.4,0,6,0,0,0,0,0,0,0,fab9199a0d90
AT,616,5,AT616.5,T616.5,0,3,0,0,0,0,0,0,0,b1f32aaf11b9
AT,616,6,AT616.6,T616.6,0,4,0,0,0,0,0,0,0,9d51934000e8
AT,616,7,AT616.7,T616.7,0,67,0,0,0,0,0,0,0,f2bf6c4ca300
AT,616,8,AT616.8,T616.8,0,5,0,0,0,0,0,0,0,4edd3137c925
AT,617,0,AT617.0,T617.0,1,3,0,0,0,0,0,0,0,123dbf372113
AT,618,0,AT618.0,T618.0,1,2,0,0,0,0,0,0,0,c672ce404c64
AT,618,1,AT618.1,T618.1,0,4,0,0,0,0,0,0,0,e8eabf1b047b
AT,618,2,AT618.2,T618.2,0,13,0,0,0,0,0,0,0,3732f8fc0c62
AT,618,3,AT618.3,T618.3,0,65,0,0,0,0,0,0,0,b86fc37f3024
AT,618,4,AT618.4,T618.4,0,30,0,0,0,0,0,0,0,675ba41de0f7
AT,618,5,AT618.5,T618.5,0,9,0,0,0,0,0,0,0,d04ff941f103
AT,619,0,AT619.0,T619.0,1,2,0,0,0,0,0,0,0,201ef06c9733
AT,619,1,AT619.1,T619.1,0,27,0,0,0,0,0,0,0,984974c92ad3
AT,619,2,AT619.2,T619.2,0,21,0,0,0,0,0,0,0,d93b1e1b8344
AT,620,0,AT620.0,T620.0,1,2,0,0,0,0,0,0,0,201ef06c9733
AT,621,0,AT621.0,T621.0,1,2,0,0,0,0,0,0,0,201ef06c9733
AT,621,1,AT621.1,T621.1,0,7,0,0,0,0,0,0,0,7a55eedf66e6
AT,621,2,AT621.2,T621.2,0,14,0,0,0,0,0,0,0,3730275914a2
AT,621,3,AT621.3,T621.3,0,12,0,0,0,0,0,0,0,eee2ba62fe96
AT,621,4,AT621.4,T621.4,0,6,0,0,0,0,0,0,0,ef491c66c4dc
AT,621,5,AT621.5,T621.5,0,9,0,0,0,0,0,0,0,186f5284f063
AT,621,6,AT621.6,T621.6,0,9,0,0,0,0,0,0,0,34c1a1cc3544
AT,622,0,AT622.0,T622.0,1,2,0,0,0,0,0,0,0,e9ceae5e081f
AT,622,1,AT622.1,T622.1,0,29,0,0,0,0,0,0,0,6b45bbb9b5c2
AT,622,2,AT622.2,T622.2,0,8,0,0,0,0,0,0,0,afb2c3517c8b
AT,622,3,AT622.3,T622.3,0,58,0,0,0,0,0,0,0,da3e8cac9f3b
AT,622,4,AT622.4,T622.4,0,19,0,0,0,0,0,0,0,a6b0fc6fb383
AT,622,5,AT622.5,T622.5,0,4,0,0,0,0,0,0,0,9f5b3c04f361
AT,622,6,AT622.6,T622.6,0,20,0,0,0,0,0,0,0,f38164aa9e2a
AT,622,7,AT622.7,T622.7,0,6,0,0,0,0,0,0,0,751b9e83c80c
AT,623,0,AT623.0,T623.0,1,2,0,0,0,0,0,0,0,f21cd9f0c70f
AT,624,0,AT624.0,T624.0,1,2,0,0,0,0,0,0,0,c672ce404c64
AT,624,1,AT624.1,T624.1,0,6,1,0,0,0,0,0,1,218da0f24b1b
AT,624,2,AT624.2,T624.2,0,8,0,0,0,0,0,0,0,ef1138c1f41a
AT,624,3,AT624.3,T624.3,0,43,0,0,0,0,0,0,0,4380bef12af0
AT,625,0,AT625.0,T625.0,1,2,0,0,0,0,0,0,0,770197002e64
AT,625,1,AT625.1,T625.1,0,11,0,0,0,0,0,0,0,688311ccacd5
AT,625,2,AT625.2,T625.2,0,86,0,0,0,0,0,0,0,98a1444f327d
AT,625,3,AT625.3,T625.3,0,6,1,0,0,0,0,0,1,fcbf4b2a831d
AT,626,0,AT626.0,T626.0,1,2,0,0,0,0,0,0,0,085e6f93a786
AT,627,0,AT627.0,T627.0,1,2,0,0,0,0,0,0,0,76945f5dc9d7
AT,627,1,AT627.1,T627.1,0,3,0,0,0,0,0,0,0,a71dbbd280ec
AT,627,2,AT627.2,T627.2,0,15,0,0,0,0,0,0,0,ed0f3a3c356c
AT,627,3,AT627.3,T627.3,0,15,0,0,1,0,0,0,0,c07ac36fa7a0
AT,627,4,AT627.4,T627.4,0,5,0,0,0,0,0,0,0,69956e985ef8
AT,627,5,AT627.5,T627.5,0,9,0,0,0,0,0,0,0,312e14065ed4
AT,627,6,AT627.6,T627.6,0,88,0,0,1,0,0,0,0,374ca90f7b29
AT,627,7,AT627.7,T627.7,0,7,0,0,0,0,0,0,0,a7f605508f83
AT,627,8,AT627.8,T627.8,0,4,0,0,0,0,0,0,0,96f9ce1b1486
AT,628,0,AT628.0,T628.0,1,2,0,0,0,0,0,0,0,e9ceae5e081f
AT,628,1,AT628.1,T628.1,0,23,0,0,0,0,0,0,0,bc8ba1b73bc8
AT,628,2,AT628.2,T628.2,0,7,0,0,0,0,0,0,0,06affc54ff16
AT,628,3,AT628.3,T628.3,0,20,0,0,0,0,0,0,0,234669600692
AT,628,4,AT628.4,T628.4,0,15,0,0,0,0,0,0,0,b88e1a74f8f6
AT,628,5,AT628.5,T628.5,0,5,0,0,0,0,0,0,0,e6d9e4d3e33e
AT,629,0,AT629.0,T629.0,1,2,0,0,0,0,0,0,0,e9ceae5e081f
AT,629,1,AT629.1,T629.1,0,26,0,0,0,0,0,0,0,fc073b132176
AT,629,2,AT629.2,T629.2,0,9,0,0,0,0,0,0,0,c615cda16e6b
AT,629,3,AT629.3,T629.3,0,44,0,0,0,0,0,0,0,bda1d7855c3c
AT,629,4,AT629.4,T629.4,0,6,0,0,0,0,0,0,0,0bcfeebb48d3
AT,630,0,AT630.0,T630.0,1,2,0,0,0,0,0,0,0,201ef06c9733
AT,630,1,AT630.1,T630.1,0,24,0,0,0,0,1,0,0,e87733a118e1
AT,630,2,AT630.2,T630.2,0,19,0,0,0,0,0,0,0,321cefc341c9
AT,630,3,AT630.3,T630.3,0,16,0,0,0,0,0,0,0,eccf3386e547
AT,630,4,AT630.4,T630.4,0,15,0,0,0,0,0,0,0,5c3726715694
AT,630,5,AT630.5,T630.5,0,7,0,0,0,0,0,0,0,6908fe90f331
AT,630,6,AT630.6,T630.6,0,9,0,0,0,0,0,0,0,4a7d8dce2e18
AT,630,7,AT630.7,T630.7,0,5,0,0,0,0,0,0,0,3e8a92bbf9f3
AT,631,0,AT631.0,T631.0,1,2,0,0,0,0,0,0,0,770197002e64
AT,632,0,AT632.0,T632.0,1,2,0,0,0,0,0,0,0,085e6f93a786
AT,632,1,AT632.1,T632.1,0,64,0,0,0,0,0,0,0,4ad9d84fe089
AT,632,2,AT632.2,T632.2,0,8,0,0,0,0,0,0,0,ad4d513813c4
AT,632,3,AT632.3,T632.3,0,50,0,0,0,0,0,0,0,c7f681326d10
AT,632,4,AT632.4,T632.4,0,12,0,0,0,0,0,0,0,b17494a12c9e
AT,633,0,AT633.0,T633.0,1,2,0,0,0,0,0,0,0,e9ceae5e081f
AT,633,1,AT633.1,T633.1,0,24,0,0,0,0,0,0,0,7dd192a3d7f5
AT,633,2,AT633.2,T633.2,0,5,0,0,0,0,0,0,0,701781b05128
AT,633,3,AT633.3,T633.3,0,8,0,0,1,0,0,0,0,938524eb3e86
AT,633,4,AT633.4,T633.4,0,4,0,0,0,0,0,0,0,4f901b8d7767
AT,634,0,AT634.0,T634.0,1,2,0,0,0,0,0,0,0,f21cd9f0c70f
AT,634,1,AT634.1,T634.1,0,28,0,0,1,0,0,0,0,40f1d218d170
AT,634,2,AT634.2,T634.2,0,11,1,0,0,0,0,1,0,94bfe9ff5dad
AT,635,0,AT635.0,T635.0,1,2,0,0,0,0,0,0,0,c672ce404c64
AT,635,1,AT635.1,T635.1,0,25,0,0,1,0,0,0,0,9ee75adffbff
AT,635,2,AT635.2,T635.2,0,15,0,0,0,0,0,0,0,2917dabeefc8
AT,635,3,AT635.3,T635.3,0,8,0,0,0,0,0,0,0,c41692a2ac73
AT,636,0,AT636.0,T636.0,1,2,0,0,0,0,0,0,0,201ef06c9733
AT,636,1,AT636.1,T636.1,0,12,0,0,1,0,0,0,0,f7eed82320c3
AT,636,2,AT636.2,T636.2,0,48,0,0,0,0,0,0,0,20d9faff6ce1
AT,636,3,AT636.3,T636.3,0,5,0,0,0,0,0,0,0,98f205985adc
AT,636,4,AT636.4,T636.4,0,5,0,0,0,0,0,0,0,60fd6be8b622
AT,637,0,AT637.0,T637.0,1,2,0,0,0,0,0,0,0,085e6f93a786
AT,637,1,AT637.1,T637.1,0,37,0,0,0,0,0,0,0,19250fd8691a
AT,637,2,AT637.2,T637.2,0,11,1,1,0,0,0,0,1,374dc4bb64da
AT,637,3,AT637.3,T637.3,0,7,0,0,1,0,0,0,0,b889bbbab6b6
AT,637,4,AT637.4,T637.4,0,5,0,1,0,0,0,0,0,c34937de8de4
AT,637,5,AT637.5,T637.5,0,29,0,0,0,0,0,0,0,2f78f2dadabb
AT,637,6,AT637.6,T637.6,0,21,0,0,0,0,0,0,0,aff17fbc6b00
AT,637,7,AT637.7,T637.7,0,17,0,0,0,0,0,0,0,8caa77b72153
AT,637,8,AT637.8,T637.8,0,25,0,0,0,0,0,0,0,9d0cec6c8dea
AT,638,0,AT638.0,T638.0,1,2,0,0,0,0,0,0,0,76945f5dc9d7
AT,638,1,AT638.1,T638.1,0,20,0,0,0,0,0,0,0,adf6d803c407
AT,638,2,AT638.2,T638.2,0,15,0,0,0,0,0,0,0,82a4586325b3
AT,639,0,AT639.0,T639.0,1,2,0,0,0,0,0,0,0,e9ceae5e081f
AT,639,1,AT639.1,T639.1,0,44,0,0,0,0,0,0,0,49d7f0a8d6ed
AT,639,2,AT639.2,T639.2,0,22,0,0,0,0,0,0,0,5799f3538ea9
AT,639,3,AT639.3,T639.3,0,8,0,0,0,0,0,0,0,d77e1d805b2e
AT,639,4,AT639.4,T639.4,0,14,0,0,0,0,0,0,0,e7533eac351f
AT,640,0,AT640.0,T640.0,1,2,0,0,0,0,0,0,0,f21cd9f0c70f
AT,640,1,AT640.1,T640.1,0,21,0,0,0,0,0,0,0,6b247ca82677
AT,640,2,AT640.2,T640.2,0,15,0,0,0,0,0,0,0,2aadd74ef1f1
AT,640,3,AT640.3,T640.3,0,6,0,0,0,0,0,0,0,571545303acf
AT,641,0,AT641.0,T641.0,1,2,0,0,0,0,0,0,0,201ef06c9733
AT,641,1,AT641.1,T641.1,0,9,0,0,0,0,0,0,0,bb8011c76cd0
AT,641,2,AT641.2,T641.2,0,8,0,0,0,0,0,0,0,780580c0b36c
AT,641,3,AT641.3,T641.3,0,7,0,0,0,0,0,0,0,bf0d97bbe34e
AT,641,4,AT641.4,T641.4,0,10,0,0,0,0,0,0,0,6a6b80ff36e4
AT,641,5,AT641.5,T641.5,0,19,0,0,0,0,0,0,0,3fb0c3ee5d63
AT,641,6,AT641.6,T641.6,0,7,0,0,0,0,0,0,0,dc19b74445be
AT,641,7,AT641.7,T641.7,0,7,0,0,0,0,0,0,0,6135c4361914
AT,641,8,AT641.8,T641.8,0,7,0,0,0,0,0,0,0,82dd8a422d32
AT,641,9,AT641.9,T641.9,0,14,0,0,0,0,0,0,0,9d48fb5195b1
AT,641,10,AT641.10,T641.10,0,8,0,0,0,0,0,0,0,8f4844825069
AT,642,0,AT642.0,T642.0,1,2,0,0,0,0,0,0,0,770197002e64
AT,642,1,AT642.1,T642.1,0,21,0,0,0,0,0,0,0,c2dd625e703c
AT,642,2,AT642.2,T642.2,0,8,0,0,0,0,0,0,0,8e73587ad85e
AT,642,3,AT642.3,T642.3,0,11,0,0,0,0,0,0,0,a0c1b5400b9d
AT,642,4,AT642.4,T642.4,0,6,0,0,0,0,0,0,0,777756bcb515
AT,642,5,AT642.5,T642.5,0,13,0,0,0,0,0,0,0,24d9bf7dfd5b
AT,642,6,AT642.6,T642.6,0,7,0,0,0,0,0,0,0,b4cdb311bfcc
AT,643,0,AT643.0,T643.0,1,2,0,0,0,0,0,0,0,085e6f93a786
AT,643,1,AT643.1,T643.1,0,8,0,0,0,0,0,0,0,1b56722e50bb
AT,643,2,AT643.2,T643.2,0,61,0,0,1,0,0,0,0,9a982af185a6
AT,643,3,AT643.3,T643.3,0,12,0,0,0,0,0,0,0,dcbc90461e75
AT,643,4,AT643.4,T643.4,0,7,0,0,1,0,0,0,0,7ec379e6db87
AT,644,0,AT644.0,T644.0,1,2,0,0,0,0,0,0,0,76945f5dc9d7
AT,644,1,AT644.1,T644.1,0,48,0,0,0,0,0,0,0,de72e7f9fcf3
AT,644,2,AT644.2,T644.2,0,19,0,0,0,0,0,0,0,176b727558f9
AT,644,3,AT644.3,T644.3,0,7,0,0,0,0,0,0,0,2b182f5b222e
AT,644,4,AT644.4,T644.4,0,5,0,0,0,0,0,0,0,25a7d7f37fea
AT,644,5,AT644.5,T644.5,0,7,0,0,0,0,0,0,0,373e5625a393
AT,644,6,AT644.6,T644.6,0,10,0,0,0,0,0,0,0,09d8868154a7
AT,644,7,AT644.7,T644.7,0,9,0,0,0,0,0,0,0,2ab1ca995ab4
AT,644,8,AT644.8,T644.8,0,10,0,0,0,0,0,0,0,ca2837340bba
AT,644,9,AT644.9,T644.9,0,13,0,0,0,0,0,0,0,fb40185759c4
AT,645,0,AT645.0,T645.0,1,2,0,0,0,0,0,0,0,f21cd9f0c70f
AT,645,1,AT645.1,T645.1,0,17,0,0,0,0,0,0,0,5acc715c4b82
AT,645,2,AT645.2,T645.2,0,6,0,0,0,0,0,0,0,c3848e9601a5
AT,646,0,AT646.0,T646.0,1,2,0,0,0,0,0,0,0,c672ce404c64
AT,646,1,AT646.1,T646.1,0,16,0,0,0,0,0,0,0,93ea768ace0a
AT,646,2,AT646.2,T646.2,0,8,1,0,0,0,0,1,0,170936012ca9
AT,646,3,AT646.3,T646.3,0,8,0,0,0,0,0,0,0,0458780e142c
AT,647,0,AT647.0,T647.0,1,2,0,0,0,0,0,0,0,201ef06c9733
AT,647,1,AT647.1,T647.1,0,14,1,0,0,0,0,1,0,16519d3c5bed
AT,647,2,AT647.2,T647.2,0,6,0,0,0,0,0,0,0,fc7d962a762f
AT,647,3,AT647.3,T647.3,0,10,0,0,0,0,0,0,0,fc76e3b7faef
AT,648,0,AT648.0,T648.0,1,2,0,0,0,0,0,0,0,770197002e64
AT,648,1,AT648.1,T648.1,0,47,0,0,0,0,0,0,0,fb79fcf375a9
AT,648,2,AT648.2,T648.2,0,9,0,0,0,0,0,0,0,4176e1c00c35
AT,649,0,AT649.0,T649.0,1,2,0,0,0,0,0,0,0,76945f5dc9d7
AT,649,1,AT649.1,T649.1,0,102,0,0,0,0,0,0,0,917c87c16d35
AT,649,2,AT649.2,T649.2,0,141,0,0,0,0,0,0,0,6f52d41e8bb4
AT,649,3,AT649.3,T649.3,0,6,0,0,0,0,0,0,0,a1c88e143d16
AT,649,4,AT649.4,T649.4,0,5,0,0,0,0,0,0,0,ffde4963cb42
AT,650,0,AT650.0,T650.0,1,2,0,0,0,0,0,0,0,e9ceae5e081f
AT,650,1,AT650.1,T650.1,0,13,0,0,0,0,0,0,0,52d964733d3a
AT,650,2,AT650.2,T650.2,0,28,0,0,0,0,0,0,0,1d25e2d04d57
AT,650,3,AT650.3,T650.3,0,8,0,0,0,0,0,0,0,0c02f6252678
AT,650,4,AT650.4,T650.4,0,12,0,0,0,0,0,0,0,7281d6a5bd4e
AT,651,0,AT651.0,T651.0,1,2,0,0,0,0,0,0,0,f21cd9f0c70f
AT,651,1,AT651.1,T651.1,0,8,0,0,1,0,0,0,0,5445af075d94
AT,651,2,AT651.2,T651.2,0,72,0,0,0,0,0,0,0,fb453ae81a7b
AT,651,3,AT651.3,T651.3,0,10,0,0,0,0,0,0,0,73542806376a
AT,652,0,AT652.0,T652.0,1,2,0,0,0,0,0,0,0,c672ce404c64
AT,652,1,AT652.1,T652.1,0,12,1,0,0,0,0,0,1,aee2023e7637
AT,652,2,AT652.2,T652.2,0,19,0,0,0,0,0,0,0,90206c7f242e
AT,652,3,AT652.3,T652.3,0,8,0,0,0,0,0,0,0,2a88b264163c
AT,652,4,AT652.4,T652.4,0,23,0,0,0,0,0,0,0,7fb68fc672e5
AT,652,5,AT652.5,T652.5,0,6,0,0,0,0,0,0,0,cfea291c286f
AT,652,6,AT652.6,T652.6,0,6,0,0,0,0,0,0,0,0a6cf45171e3
AT,652,7,AT652.7,T652.7,0,6,0,0,0,0,0,0,0,80d689afb27c
AT,653,0,AT653.0,T653.0,1,2,0,0,0,0,0,0,0,770197002e64
AT,653,1,AT653.1,T653.1,0,7,0,0,0,0,0,0,0,04d68a7a00ee
AT,653,2,AT653.2,T653.2,0,11,1,0,0,0,0,1,0,fda678513c30
AT,653,3,AT653.3,T653.3,0,11,0,0,0,0,0,0,0,fd711d761c5b
AT,653,4,AT653.4,T653.4,0,6,0,0,0,0,0,0,0,e8ce51fbaa6f
AT,653,5,AT653.5,T653.5,0,5,0,0,0,0,0,0,0,8d0b709d812d
AT,653,6,AT653.6,T653.6,0,36,0,0,0,0,0,0,0,592ee95b7690
AT,653,7,AT653.7,T653.7,0,8,0,0,0,0,0,0,0,9abccfa51d0c
AT,654,0,AT654.0,T654.0,1,2,0,0,0,0,0,0,0,085e6f93a786
AT,654,1,AT654.1,T654.1,0,16,0,0,0,0,0,0,0,52c48cb2a22a
AT,654,2,AT654.2,T654.2,0,26,0,0,0,0,0,0,0,3b9bb3ac2c2c
AT,654,3,AT654.3,T654.3,0,12,0,0,0,0,0,0,0,cd958d71a7fd
AT,654,4,AT654.4,T654.4,0,26,1,0,0,0,0,1,0,a4e1c16d2e9d
AT,654,5,AT654.5,T654.5,0,7,0,0,0,0,0,0,0,b6b064bc1920
AT,654,6,AT654.6,T654.6,0,25,0,0,0,0,0,0,0,23a207bf5982
AT,655,0,AT655.0,T655.0,1,2,0,0,0,0,0,0,0,76945f5dc9d7
AT,655,1,AT655.1,T655.1,0,26,0,0,0,0,0,0,0,2512dc5c7f83
AT,655,2,AT655.2,T655.2,0,19,0,0,1,0,0,0,0,8641a37c096c
AT,655,3,AT655.3,T655.3,0,12,0,0,0,0,0,0,0,4b6211cfcfbd
AT,655,4,AT655.4,T655.4,0,13,0,0,0,0,0,0,0,fe69f052bcc9
AT,655,5,AT655.5,T655.5,0,6,0,0,0,0,0,0,0,d931d57c8cc9
AT,655,6,AT655.6,T655.6,0,8,0,0,0,0,0,0,0,d694868bd928
AT,656,0,AT656.0,T656.0,1,2,0,0,0,0,0,0,0,e9ceae5e081f
AT,656,1,AT656.1,T656.1,0,16,0,0,0,0,0,0,0,155f50c03186
AT,656,2,AT656.2,T656.2,0,10,1,0,0,0,0,0,1,9d05cb04c53f
AT,656,3,AT656.3,T656.3,0,13,0,0,0,0,0,0,0,8ef434e692d4
AT,656,4,AT656.4,T656.4,0,11,1,0,0,0,0,1,0,3e4972c87486
AT,656,5,AT656.5,T656.5,0,7,0,0,0,0,0,0,0,e2a636f94d83
AT,657,0,AT657.0,T657.0,1,2,0,0,0,0,0,0,0,c672ce404c64
AT,657,1,AT657.1,T657.1,0,15,0,0,0,0,0,0,0,c4ab2e8df887
AT,657,2,AT657.2,T657.2,0,11,0,0,0,0,0,0,0,d23a181857db
AT,657,3,AT657.3,T657.3,0,5,0,0,0,0,0,0,0,d9c410b8e690
AT,658,0,AT658.0,T658.0,1,2,0,0,0,0,0,0,0,201ef06c9733
AT,658,1,AT658.1,T658.1,0,23,0,0,0,0,0,0,0,31bfb4148574
AT,658,2,AT658.2,T658.2,0,13,0,0,0,0,0,0,0,1a86f8fe7b3e
AT,658,3,AT658.3,T658.3,0,6,0,0,0,0,0,0,0,8d3d85a227cc
AT,659,0,AT659.0,T659.0,1,2,0,0,0,0,0,0,0,770197002e64
AT,659,1,AT659.1,T659.1,0,8,0,0,0,0,0,0,0,c7b0142c0480
AT,659,2,AT659.2,T659.2,0,9,1,0,0,0,0,1,0,736160918527
AT,659,3,AT659.3,T659.3,0,11,0,0,0,0,0,0,0,7ccf2ecae0ce
AT,659,4,AT659.4,T659.4,0,3,0,0,0,0,0,0,0,21ef11bbaa1e
AT,659,5,AT659.5,T659.5,0,5,0,0,0,0,0,0,0,363180d5bbcc
AT,659,6,AT659.6,T659.6,0,9,0,0,0,0,0,0,0,060daf24a702
AT,659,7,AT659.7,T659.7,0,9,0,0,0,0,0,0,0,9ceb72a9d112
AT,659,8,AT659.8,T659.8,0,4,0,0,0,0,0,0,0,8c5262b2aea7
AT,660,0,AT660.0,T660.0,1,11,0,0,0,0,0,0,0,b419d565207c
AT,660,1,AT660.1,T660.1,0,7,0,0,0,0,0,0,0,12ca2c3365fc
AT,660,2,AT660.2,T660.2,0,6,0,0,0,0,0,0,0,fb3dd03c122a
AT,660,3,AT660.3,T660.3,0,9,0,0,0,0,0,0,0,dae086d9f2fb
AT,660,4,AT660.4,T660.4,0,5,0,0,0,0,0,0,0,d2dcf906f59a
AT,660,5,AT660.5,T660.5,0,6,0,0,0,0,0,0,0,1d9a601474e8
AT,661,0,AT661.0,T661.0,1,2,0,0,0,0,0,0,0,e9ceae5e081f
AT,661,1,AT661.1,T661.1,0,10,0,0,0,0,0,0,0,636cf0d45fde
AT,661,2,AT661.2,T661.2,0,4,0,0,0,0,0,0,0,33e3f2d0b835
AT,661,3,AT661.3,T661.3,0,7,0,0,0,0,0,0,0,366e69cec832
AT,661,4,AT661.4,T661.4,0,97,0,0,0,1,0,0,0,b220d9874f24
AT,661,5,AT661.5,T661.5,0,8,0,0,0,0,0,0,0,da1d1da893ef
AT,661,6,AT661.6,T661.6,0,11,0,0,0,0,0,0,0,c576e83a4a5a
AT,661,7,AT661.7,T661.7,0,5,0,0,0,1,0,0,0,6724f20f3dcb
AT,661,8,AT661.8,T661.8,0,8,0,0,0,0,0,0,0,6e3daf930e6e
AT,661,9,AT661.9,T661.9,0,6,0,0,0,0,0,0,0,4a65a4d5993f
AT,661,10,AT661.10,T661.10,0,4,0,0,0,0,0,0,0,fa6b775dbf32
AT,661,11,AT661.11,T661.11,0,130,0,0,0,0,0,0,0,062c49a01467
AT,661,12,AT661.12,T661.12,0,8,0,0,0,0,0,0,0,0485b1f165b2
AT,662,0,AT662.0,T662.0,1,2,0,0,0,0,0,0,0,f21cd9f0c70f
AT,663,0,AT663.0,T663.0,1,2,0,0,0,0,0,0,0,c672ce404c64
AT,663,1,AT663.1,T663.1,0,9,0,0,0,0,0,0,0,d2ff793b6db3
AT,663,2,AT663.2,T663.2,0,17,0,0,0,0,0,0,0,7d1e9c5e1519
AT,663,3,AT663.3,T663.3,0,23,1,0,0,0,0,1,0,a64c26eeeb29
AT,663,4,AT663.4,T663.4,0,20,0,0,0,0,0,0,0,f8bae10d76c7
AT,663,5,AT663.5,T663.5,0,6,0,0,0,0,0,0,0,62b21ef03594
AT,663,6,AT663.6,T663.6,0,7,0,0,0,0,0,0,0,60463fcd95c0
AT,664,0,AT664.0,T664.0,1,2,0,0,0,0,0,0,0,201ef06c9733
AT,664,1,AT664.1,T664.1,0,22,0,0,0,0,0,0,0,df3d90e6b07b
AT,664,2,AT664.2,T664.2,0,17,0,0,0,0,0,0,0,953c198d68e6
AT,664,3,AT664.3,T664.3,0,28,0,0,1,0,0,0,0,35e0b9e1ff8c
AT,664,4,AT664.4,T664.4,0,9,0,0,0,0,0,0,0,235a80620b3c
AT,664,5,AT664.5,T664.5,0,18,0,0,0,0,0,0,0,1824f1ac6665
AT,665,0,AT665.0,T665.0,1,3,0,0,0,0,0,0,0,0bf4d6a1ede9
AT,665,1,AT665.1,T665.1,0,3,0,0,0,0,0,0,0,a2b55c36158f
AT,665,2,AT665.2,T665.2,0,19,0,0,0,0,0,0,0,d75a30c09bfd
AT,665,3,AT665.3,T665.3,0,8,0,0,0,0,0,0,0,b2838b6d6a36
AT,665,4,AT665.4,T665.4,0,25,0,0,0,0,0,0,0,05a2d0ab44e0
AT,665,5,AT665.5,T665.5,0,10,0,0,0,0,0,0,0,410a55d51041
AT,665,6,AT665.6,T665.6,0,9,0,0,0,0,0,0,0,e00b45fc5751
AT,665,7,AT665.7,T665.7,0,17,0,0,0,0,0,0,0,907592a12804
AT,665,8,AT665.8,T665.8,0,25,0,0,0,0,0,0,0,f66941cb2e01
AT,665,9,AT665.9,T665.9,0,7,0,0,0,0,0,0,0,132bcb0a45b0
AT,666,0,AT666.0,T666.0,1,2,0,0,0,0,0,0,0,76945f5dc9d7
AT,666,1,AT666.1,T666.1,0,14,0,0,0,0,0,0,0,6cfd65aa1540
AT,666,2,AT666.2,T666.2,0,22,1,0,0,0,0,1,0,74d007e1b34d
AT,666,3,AT666.3,T666.3,0,8,1,0,0,0,0,1,0,fcc7892fe00d
AT,666,4,AT666.4,T666.4,0,11,0,0,0,0,0,0,0,cb72c2137b4d
AT,666,5,AT666.5,T666.5,0,7,0,0,0,0,0,0,0,ef16660726eb
AT,666,6,AT666.6,T666.6,0,17,1,0,0,0,0,1,0,33abbef5cb1c
AT,666,7,AT666.7,T666.7,0,5,0,0,0,0,0,0,0,0efed4e21995
AT,666,8,AT666.8,T666.8,0,8,0,0,0,0,0,0,0,90c1862a66d5
AT,667,0,AT667.0,T667.0,1,2,0,0,0,0,0,0,0,e9ceae5e081f
AT,667,1,AT667.1,T667.1,0,16,0,0,0,0,0,0,0,8c39566065d1
AT,667,2,AT667.2,T667.2,0,18,0,0,0,0,0,0,0,5de4fe161dbe
AT,667,3,AT667.3,T667.3,0,17,0,0,0,0,0,0,0,900291f7c35a
AT,668,0,AT668.0,T668.0,1,2,0,0,0,0,0,0,0,f21cd9f0c70f
AT,668,1,AT668.1,T668.1,0,37,0,1,0,0,0,0,0,6bfa21652cbb
AT,668,2,AT668.2,T668.2,0,5,0,0,0,0,0,0,0,80b02a2f5cce
AT,669,0,AT669.0,T669.0,1,2,0,0,0,0,0,0,0,201ef06c9733
AT,669,1,AT669.1,T669.1,0,33,0,0,0,0,0,0,0,616882d13fbc
AT,669,2,AT669.2,T669.2,0,8,1,0,0,0,0,1,0,a8650566081c
AT,669,3,AT669.3,T669.3,0,8,0,0,0,0,0,0,0,a737a5976178
AT,670,0,AT670.0,T670.0,1,2,0,0,0,0,0,0,0,770197002e64
AT,670,1,AT670.1,T670.1,0,7,0,0,0,0,0,0,0,cd2d959618e8
AT,670,2,AT670.2,T670.2,0,8,0,0,0,0,0,0,0,bab4f62917a3
AT,670,3,AT670.3,T670.3,0,20,0,0,0,0,0,0,0,3a2a392b9cf6
AT,670,4,AT670.4,T670.4,0,7,0,0,0,0,0,0,0,c216b8d5fe4e
AT,670,5,AT670.5,T670.5,0,9,0,0,0,0,0,0,0,8a13d0a7eb72
AT,670,6,AT670.6,T670.6,0,7,0,0,0,0,0,0,0,4dfb53d01ecb
AT,671,0,AT671.0,T671.0,1,2,0,0,0,0,0,0,0,085e6f93a786
AT,671,1,AT671.1,T671.1,0,11,0,0,1,0,0,0,0,51e6c1632efd
AT,671,2,AT671.2,T671.2,0,51,0,0,0,0,0,0,0,4971b4f2dde2
AT,671,3,AT671.3,T671.3,0,12,0,0,0,0,0,0,0,46bec1aafb6e
AT,671,4,AT671.4,T671.4,0,5,0,0,1,0,0,0,0,7c897963bce8
AT,672,0,AT672.0,T672.0,1,2,0,0,0,0,0,0,0,76945f5dc9d7
AT,672,1,AT672.1,T672.1,0,18,0,0,0,0,0,0,0,5da4cf49607b
AT,672,2,AT672.2,T672.2,0,7,0,0,0,0,0,0,0,aaf5be53a1cc
AT,672,3,AT672.3,T672.3,0,7,0,0,0,0,0,0,0,465380b20853
AT,672,4,AT672.4,T672.4,0,7,0,0,0,0,0,0,0,b715faa0162c
AT,672,5,AT672.5,T672.5,0,16,0,0,1,0,0,0,0,58da9a84223b
AT,673,0,AT673.0,T673.0,1,2,0,0,0,0,0,0,0,f21cd9f0c70f
AT,673,1,AT673.1,T673.1,0,10,0,0,0,0,0,0,0,f98fde836c31
AT,673,2,AT673.2,T673.2,0,12,0,0,0,0,0,0,0,6a3a91dba08d
AT,673,3,AT673.3,T673.3,0,9,1,0,0,0,0,0,1,e85b42147f51
AT,673,4,AT673.4,T673.4,0,7,1,0,0,0,0,1,0,83a1cbdf4d54
AT,673,5,AT673.5,T673.5,0,5,0,0,0,0,0,0,0,714006eade2a
AT,674,0,AT674.0,T674.0,1,2,0,0,0,0,0,0,0,c672ce404c64
AT,674,1,AT674.1,T674.1,0,17,0,0,0,0,0,0,0,734da908e86e
AT,674,2,AT674.2,T674.2,0,39,0,0,0,0,0,0,0,9e7ff1b62ac1
AT,675,0,AT675.0,T675.0,1,2,0,0,0,0,0,0,0,201ef06c9733
AT,675,1,AT675.1,T675.1,0,29,0,0,0,0,0,0,0,a3907bc19495
AT,675,2,AT675.2,T675.2,0,5,0,0,0,0,0,0,0,b1e7dea3d18d
AT,675,3,AT675.3,T675.3,0,7,0,0,0,0,0,0,0,864df1e7eed5
AT,675,4,AT675.4,T675.4,0,7,0,0,0,0,0,0,0,4175e277e27c
AT,676,0,AT676.0,T676.0,1,2,0,0,0,0,0,0,0,770197002e64
AT,676,1,AT676.1,T676.1,0,15,0,1,0,0,0,0,0,96880d7dbf02
AT,676,2,AT676.2,T676.2,0,9,0,0,0,0,0,0,0,fab7ba57d992
AT,676,3,AT676.3,T676.3,0,4,0,0,0,0,0,0,0,761067899c84
AT,676,4,AT676.4,T676.4,0,14,0,0,0,0,0,0,0,80c454365b38
AT,677,0,AT677.0,T677.0,1,2,0,0,0,0,0,0,0,76945f5dc9d7
AT,677,1,AT677.1,T677.1,0,13,0,0,0,0,0,0,0,0020ebfe0d6d
AT,677,2,AT677.2,T677.2,0,16,0,0,0,0,0,0,0,a48f2c4b05a9
AT,677,3,AT677.3,T677.3,0,20,0,0,0,0,0,0,0,8f1b3f6d78d2
AT,677,4,AT677.4,T677.4,0,12,0,0,0,0,0,0,0,20fa5d313aeb
AT,677,5,AT677.5,T677.5,0,8,0,0,1,0,0,0,0,c579e5837ca2
AT,678,0,AT678.0,T678.0,1,2,0,0,0,0,0,0,0,e9ceae5e081f
AT,678,1,AT678.1,T678.1,0,11,0,0,0,0,0,0,0,54f5e62d7492
AT,678,2,AT678.2,T678.2,0,10,0,0,0,0,0,0,0,fe0fdbcbbaad
AT,678,3,AT678.3,T678.3,0,19,0,0,0,0,0,0,0,97198a482bab
AT,678,4,AT678.4,T678.4,0,21,0,0,1,0,0,0,0,675583c62f22
AT,678,5,AT678.5,T678.5,0,9,0,0,0,0,0,0,0,e4deb25224b8
AT,678,6,AT678.6,T678.6,0,7,0,0,0,0,0,0,0,bc4a25ace663
AT,678,7,AT678.7,T678.7,0,10,0,0,0,0,0,0,0,d745482def8b
AT,679,0,AT679.0,T679.0,1,2,0,0,0,0,0,0,0,f21cd9f0c70f
AT,679,1,AT679.1,T679.1,0,7,1,0,0,0,0,0,1,50d200a3f43f
AT,679,2,AT679.2,T679.2,0,4,0,0,0,0,0,0,0,19aa6faccff6
AT,679,3,AT679.3,T679.3,0,9,0,0,0,0,0,0,0,05e29e574f9e
AT,679,4,AT679.4,T679.4,0,4,0,0,0,0,0,0,0,ac2c3d698d4e
AT,680,0,AT680.0,T680.0,1,2,0,0,0,0,0,0,0,c672ce404c64
AT,680,1,AT680.1,T680.1,0,5,0,0,0,0,0,0,0,6e76f1e066fd
AT,680,2,AT680.2,T680.2,0,5,0,0,0,0,0,0,0,83e131ac30fc
AT,680,3,AT680.3,T680.3,0,25,0,0,0,0,0,0,0,e2595adb8b2c
AT,680,4,AT680.4,T680.4,0,11,0,0,1,0,0,0,0,8922af722a13
AT,680,5,AT680.5,T680.5,0,8,0,0,0,0,0,0,0,fc1806234442
AT,680,6,AT680.6,T680.6,0,8,0,0,0,0,0,0,0,9e5d3b1cf31f
AT,680,7,AT680.7,T680.7,0,15,0,0,0,0,0,0,0,5d7d060f2358
AT,680,8,AT680.8,T680.8,0,9,0,0,0,0,0,0,0,31d6f9382f2f
AT,681,0,AT681.0,T681.0,1,2,0,0,0,0,0,0,0,085e6f93a786
AT,681,1,AT681.1,T681.1,0,65,1,0,0,1,0,1,0,65c475b3c66f
AT,681,2,AT681.2,T681.2,0,11,0,0,0,0,0,0,0,6acfebd4d6a1
AT,681,3,AT681.3,T681.3,0,12,0,0,0,0,0,0,0,5dba85135fcc
AT,681,4,AT681.4,T681.4,0,5,0,0,0,0,0,0,0,c018c338c8cd
AT,682,0,AT682.0,T682.0,1,2,0,0,0,0,0,0,0,085e6f93a786
AT,682,1,AT682.1,T682.1,0,31,0,0,0,0,0,0,0,843a5ac7051e
AT,682,2,AT682.2,T682.2,0,11,0,0,0,0,0,0,0,c498a83d0652
AT,682,3,AT682.3,T682.3,0,27,1,0,1,0,0,1,0,f6fd92d6e651
AT,682,4,AT682.4,T682.4,0,11,0,0,0,0,0,0,0,22593366f90e
AT,682,5,AT682.5,T682.5,0,7,0,0,0,0,0,0,0,2a904cb8e220
AT,682,6,AT682.6,T682.6,0,14,0,0,0,0,0,0,0,c9788305f526
AT,683,0,AT683.0,T683.0,1,2,0,0,0,0,0,0,0,76945f5dc9d7
AT,683,1,AT683.1,T683.1,0,77,0,0,0,0,0,0,0,a1f74b02e171
AT,683,2,AT683.2,T683.2,0,12,0,0,0,0,0,0,0,77381467cfc6
AT,683,3,AT683.3,T683.3,0,9,0,0,0,0,0,0,0,d97f3ce7b6a4
AT,683,4,AT683.4,T683.4,0,23,0,0,0,0,0,0,0,89163d034c32
AT,683,5,AT683.5,T683.5,0,12,0,0,0,0,0,0,0,925c35adf852
AT,683,6,AT683.6,T683.6,0,10,0,0,0,0,0,0,0,ebe569ee3182
AT,683,7,AT683.7,T683.7,0,7,0,0,0,0,0,0,0,eef1393bcbd6
AT,684,0,AT684.0,T684.0,1,2,0,0,0,0,0,0,0,e9ceae5e081f
AT,684,1,AT684.1,T684.1,0,5,0,0,0,0,0,0,0,a592f7a6578e
AT,684,2,AT684.2,T684.2,0,7,0,0,0,0,0,0,0,95e62bd7a319
AT,684,3,AT684.3,T684.3,0,5,0,0,0,0,0,0,0,7ea6f20c0c78
AT,684,4,AT684.4,T684.4,0,6,0,0,0,0,0,0,0,1b8eb795622a
AT,685,0,AT685.0,T685.0,1,2,0,0,0,0,0,0,0,c672ce404c64
AT,685,1,AT685.1,T685.1,0,12,0,0,0,0,0,0,0,70fce56a3336
AT,685,2,AT685.2,T685.2,0,15,0,0,1,0,0,0,0,c07b0b210715
AT,685,3,AT685.3,T685.3,0,6,0,0,0,0,0,0,0,92f89b696520
AT,685,4,AT685.4,T685.4,0,9,0,0,0,0,0,0,0,b194c7deb73f
AT,685,5,AT685.5,T685.5,0,1,0,0,0,0,0,0,0,cf0d364f409e
AT,686,0,AT686.0,T686.0,1,2,0,0,0,0,0,0,0,201ef06c9733
AT,686,1,AT686.1,T686.1,0,5,0,0,0,0,0,0,0,647816766263
AT,686,2,AT686.2,T686.2,0,77,0,0,0,0,0,0,0,77a32669106d
AT,686,3,AT686.3,T686.3,0,41,0,0,0,0,0,0,0,bb179b217738
AT,686,4,AT686.4,T686.4,0,53,1,0,1,0,0,1,0,f7b028ef94a8
AT,686,5,AT686.5,T686.5,0,5,0,0,0,0,0,0,0,b07c05c74947
AT,686,6,AT686.6,T686.6,0,19,0,0,1,0,0,0,0,7e87d3686312
AT,686,7,AT686.7,T686.7,0,9,0,0,0,0,0,0,0,0f7a810c0dae
AT,686,8,AT686.8,T686.8,0,9,0,0,0,0,0,0,0,651ae0062983
AT,686,9,AT686.9,T686.9,0,5,0,0,0,0,0,0,0,fdaf5305e8cd
AT,687,0,AT687.0,T687.0,1,2,0,0,0,0,0,0,0,770197002e64
AT,687,1,AT687.1,T687.1,0,7,0,0,0,0,0,0,0,42e9010eaaeb
AT,687,2,AT687.2,T687.2,0,7,0,0,0,0,0,0,0,25be0d13e971
AT,687,3,AT687.3,T687.3,0,7,0,0,0,0,0,0,0,1657d30acfb4
AT,687,4,AT687.4,T687.4,0,15,0,0,0,0,0,0,0,235d31c6f780
AT,687,5,AT687.5,T687.5,0,6,0,0,0,0,0,0,0,94eabafed87d
AT,688,0,AT688.0,T688.0,1,2,0,0,0,0,0,0,0,085e6f93a786
AT,688,1,AT688.1,T688.1,0,7,0,0,0,0,0,0,0,ce2c5775139c
AT,688,2,AT688.2,T688.2,0,7,0,0,0,0,0,0,0,164adb4380fa
AT,688,3,AT688.3,T688.3,0,3,0,0,0,0,0,0,0,3f8025244ac3
AT,688,4,AT688.4,T688.4,0,43,0,0,0,1,0,0,0,ef863b332fc0
AT,689,0,AT689.0,T689.0,1,2,0,0,0,0,0,0,0,e9ceae5e081f
AT,689,1,AT689.1,T689.1,0,5,0,0,0,0,0,0,0,62d4577cb47a
AT,689,2,AT689.2,T689.2,0,6,0,0,0,0,0,0,0,cc9e6cc5632b
AT,689,3,AT689.3,T689.3,0,20,0,0,0,0,0,0,0,0fc430925d11
AT,689,4,AT689.4,T689.4,0,22,0,0,0,0,0,0,0,8f770ca5fafe
AT,689,5,AT689.5,T689.5,0,6,0,0,0,0,0,0,0,268773bb6694
AT,689,6,AT689.6,T689.6,0,6,0,0,0,0,0,0,0,50417b3a19f9
AT,690,0,AT690.0,T690.0,1,2,0,0,0,0,0,0,0,f21cd9f0c70f
AT,690,1,AT690.1,T690.1,0,24,0,0,0,0,0,0,0,c2f7ffa56691
AT,690,2,AT690.2,T690.2,0,19,0,0,0,0,0,0,0,0b96068833ec
AT,690,3,AT690.3,T690.3,0,19,0,0,0,0,0,0,0,c70eb002ca26
AT,690,4,AT690.4,T690.4,0,6,0,0,0,0,0,0,0,c7ea47d0cf79
AT,690,5,AT690.5,T690.5,0,8,0,0,0,0,0,0,0,7487847f7c3f
AT,690,6,AT690.6,T690.6,0,10,0,0,0,0,0,0,0,68908fb6daaf
AT,690,7,AT690.7,T690.7,0,6,0,0,0,0,0,0,0,4f463e280f9c
AT,690,8,AT690.8,T690.8,0,9,0,0,0,0,0,0,0,136ac8a20eea
AT,691,0,AT691.0,T691.0,1,2,0,0,0,0,0,0,0,c672ce404c64
AT,691,1,AT691.1,T691.1,0,9,0,0,0,0,0,0,0,67681adb5940
AT,691,2,AT691.2,T691.2,0,5,0,0,1,0,0,0,0,795202952fdb
AT,691,3,AT691.3,T691.3,0,10,0,0,0,0,0,0,0,eea8e54d0eae
AT,692,0,AT692.0,T692.0,1,2,0,0,0,0,0,0,0,201ef06c9733
AT,692,1,AT692.1,T692.1,0,14,0,0,0,0,0,0,0,d7da1681f909
AT,692,2,AT692.2,T692.2,0,13,0,0,0,0,0,0,0,f8bf9ab9743b
AT,693,0,AT693.0,T693.0,1,2,0,0,0,0,0,0,0,085e6f93a786
AT,693,1,AT693.1,T693.1,0,128,0,0,0,0,0,0,0,6f5d2b743ca3
AT,693,2,AT693.2,T693.2,0,13,1,0,0,0,0,1,0,9bbf493be521
AT,693,3,AT693.3,T693.3,0,16,0,0,0,0,0,0,0,fcec89b7b59b
AT,693,4,AT693.4,T693.4,0,15,0,0,0,0,0,0,0,5659222cf05b
AT,693,5,AT693.5,T693.5,0,21,0,0,0,0,0,0,0,ce87c063b9e4
AT,694,0,AT694.0,T694.0,1,2,0,0,0,0,0,0,0,76945f5dc9d7
AT,694,1,AT694.1,T694.1,0,16,0,0,0,0,0,0,0,4908c3291d53
AT,694,2,AT694.2,T694.2,0,9,0,0,0,0,0,0,0,a6e8199c3190
AT,694,3,AT694.3,T694.3,0,5,0,0,0,0,0,0,0,2b47ccd7f014
AT,695,0,AT695.0,T695.0,1,2,0,0,0,0,0,0,0,e9ceae5e081f
AT,695,1,AT695.1,T695.1,0,127,0,0,0,0,0,0,0,2a34e35c45ee
AT,695,2,AT695.2,T695.2,0,8,0,0,0,0,0,0,0,84a5bf0aa18f
AT,695,3,AT695.3,T695.3,0,13,0,0,0,0,0,0,0,c9de7eee5c4e
AT,695,4,AT695.4,T695.4,0,4,0,0,0,0,0,0,0,77c65c96a5a1
AT,696,0,AT696.0,T696.0,1,2,0,0,0,0,0,0,0,f21cd9f0c70f
AT,696,1,AT696.1,T696.1,0,8,0,0,0,0,0,0,0,61af814bcca1
AT,696,2,AT696.2,T696.2,0,7,0,0,0,0,0,0,0,113d907556e5
AT,696,3,AT696.3,T696.3,0,9,0,0,0,0,0,0,0,598fe26f17a8
AT,696,4,AT696.4,T696.4,0,12,0,0,0,0,0,0,0,5cee91239ef8
AT,696,5,AT696.5,T696.5,0,11,0,0,0,0,0,0,0,fca2dc953fee
AT,696,6,AT696.6,T696.6,0,4,0,0,0,0,0,0,0,4a50570c746c
AT,696,7,AT696.7,T696.7,0,12,0,0,0,0,0,0,0,37ef4bafc502
AT,696,8,AT696.8,T696.8,0,6,0,0,0,0,0,0,0,4a8c8556212c
AT,697,0,AT697.0,T697.0,1,2,0,0,0,0,0,0,0,201ef06c9733
AT,697,1,AT697.1,T697.1,0,5,0,0,0,0,0,0,0,79805d611927
AT,697,2,AT697.2,T697.2,0,3,0,0,0,0,0,0,0,e034e90d31fa
AT,697,3,AT697.3,T697.3,0,8,0,0,0,0,0,0,0,b747da91682c
AT,697,4,AT697.4,T697.4,0,12,0,0,0,0,0,0,0,d89f9b1f132d
AT,697,5,AT697.5,T697.5,0,4,0,0,0,0,0,0,0,66a457559ad2
AT,697,6,AT697.6,T697.6,0,9,0,0,1,0,0,0,0,b8e12cd73d7d
AT,698,0,AT698.0,T698.0,1,2,0,0,0,0,0,0,0,770197002e64
AT,698,1,AT698.1,T698.1,0,27,0,0,0,0,0,0,0,8ac11728434a
AT,698,2,AT698.2,T698.2,0,17,1,0,1,0,0,1,0,776ba19969fd
AT,698,3,AT698.3,T698.3,0,7,0,0,0,0,0,0,0,f984a94923ed
AT,699,0,AT699.0,T699.0,1,2,0,0,0,0,0,0,0,085e6f93a786
AT,699,1,AT699.1,T699.1,0,7,0,0,0,0,0,0,0,2d4aadbdb74c
AT,699,2,AT699.2,T699.2,0,4,0,0,1,0,0,0,0,aeb63aeaea98
AT,700,0,AT700.0,T700.0,1,2,0,0,0,0,0,0,0,76945f5dc9d7
AT,700,1,AT700.1,T700.1,0,18,0,0,0,0,0,0,0,146198d6f36f
AT,700,2,AT700.2,T700.2,0,7,0,0,0,0,0,0,0,e0fc384ee149
AT,700,3,AT700.3,T700.3,0,24,0,0,0,0,0,0,0,1870f13da1b7
AT,700,4,AT700.4,T700.4,0,16,0,0,1,0,0,0,0,62c7e8231e59
AT,700,5,AT700.5,T700.5,0,16,0,0,0,0,0,0,0,d8428a95cfdb
AT,700,6,AT700.6,T700.6,0,15,0,0,0,0,0,0,0,d751df438467
AT,700,7,AT700.7,T700.7,0,5,0,0,0,0,0,0,0,0f402ddb7033
AT,700,8,AT700.8,T700.8,0,10,0,0,0,0,0,0,0,733ebb81d369
AT,701,0,AT701.0,T701.0,1,2,0,0,0,0,0,0,0,f21cd9f0c70f
AT,701,1,AT701.1,T701.1,0,19,0,0,0,0,0,0,0,bf2c0d911dc3
AT,701,2,AT701.2,T701.2,0,17,0,0,0,0,0,0,0,5fdcd36c166f
AT,701,3,AT701.3,T701.3,0,37,0,0,1,0,0,0,0,f7a7c58abd0e
AT,701,4,AT701.4,T701.4,0,4,0,0,0,0,0,0,0,bce608d30f3b
AT,701,5,AT701.5,T701.5,0,8,0,0,0,0,0,0,0,6e1d96f835e6
AT,701,6,AT701.6,T701.6,0,9,0,0,0,0,0,0,0,ac034143a372
AT,701,7,AT701.7,T701.7,0,10,0,0,0,0,0,0,0,dd00e5730b67
AT,701,8,AT701.8,T701.8,0,17,0,0,0,0,0,0,0,36b92333fd12
AT,701,9,AT701.9,T701.9,0,8,0,0,0,0,0,0,0,117b6924c9fc
AT,702,0,AT702.0,T702.0,1,2,0,0,0,0,0,0,0,c672ce404c64
AT,702,1,AT702.1,T702.1,0,6,0,0,0,0,0,0,0,a6c7f1db2ec7
AT,702,2,AT702.2,T702.2,0,8,0,0,1,0,0,0,0,e1d9faef2ff9
AT,702,3,AT702.3,T702.3,0,5,0,0,0,0,0,0,0,124a0d4791c0
AT,703,0,AT703.0,T703.0,1,2,0,0,0,0,0,0,0,201ef06c9733
AT,703,1,AT703.1,T703.1,0,32,0,0,1,0,0,0,0,f3b58f51934f
AT,703,2,AT703.2,T703.2,0,77,0,0,0,0,0,0,0,607a54e28bd5
AT,703,3,AT703.3,T703.3,0,8,0,1,0,0,0,0,0,71ab8e057d38
AT,703,4,AT703.4,T703.4,0,4,0,0,0,0,0,0,0,41b779c056ed
AT,704,0,AT704.0,T704.0,1,2,0,0,0,0,0,0,0,770197002e64
AT,704,1,AT704.1,T704.1,0,63,0,0,0,0,0,0,0,00205218c8cf
AT,704,2,AT704.2,T704.2,0,13,0,0,0,0,0,0,0,1a8770ae7331
AT,704,3,AT704.3,T704.3,0,21,1,0,0,0,0,0,1,f75cfd01ac87
AT,704,4,AT704.4,T704.4,0,19,0,0,1,0,0,0,0,a7e9252ff117
AT,704,5,AT704.5,T704.5,0,24,0,0,0,0,0,0,0,af47717f17de
AT,705,0,AT705.0,T705.0,1,2,0,0,0,0,0,0,0,76945f5dc9d7
AT,705,1,AT705.1,T705.1,0,4,0,0,0,0,0,0,0,2858135a98b0
AT,705,2,AT705.2,T705.2,0,19,0,0,0,0,0,0,0,1302ace26060
AT,705,3,AT705.3,T705.3,0,53,0,0,0,0,0,0,0,fc34e41f3119
AT,705,4,AT705.4,T705.4,0,13,0,0,0,0,0,0,0,1536cc752129
AT,705,5,AT705.5,T705.5,0,11,0,0,0,0,0,0,0,4dea9aba95fa
AT,705,6,AT705.6,T705.6,0,11,0,0,0,0,0,0,0,73a78f14707b
AT,705,7,AT705.7,T705.7,0,12,0,0,0,0,0,0,0,f920c11851c7
AT,705,8,AT705.8,T705.8,0,10,0,0,0,0,0,0,0,5c05d4225e12
AT,706,0,AT706.0,T706.0,1,2,0,0,0,0,0,0,0,e9ceae5e081f
AT,706,1,AT706.1,T706.1,0,41,0,0,0,0,0,0,0,7caa2dd8b980
AT,706,2,AT706.2,T706.2,0,5,0,0,0,0,0,0,0,953b2c278a09
AT,706,3,AT706.3,T706.3,0,11,0,0,0,0,0,0,0,eadee55d95d8
AT,706,4,AT706.4,T706.4,0,9,0,0,0,0,0,0,0,e14c243b2e7d
AT,707,0,AT707.0,T707.0,1,2,0,0,0,0,0,0,0,f21cd9f0c70f
AT,707,1,AT707.1,T707.1,0,4,0,0,0,0,0,0,0,46127f969735
AT,707,2,AT707.2,T707.2,0,41,0,0,0,0,0,0,0,e1a6c4d9f51f
AT,707,3,AT707.3,T707.3,0,5,0,0,0,0,0,0,0,4d0a14f54838
AT,707,4,AT707.4,T707.4,0,13,0,0,0,0,0,0,0,a7931e0a1f30
AT,707,5,AT707.5,T707.5,0,6,1,0,0,0,0,0,1,cc91122297c9
AT,708,0,AT708.0,T708.0,1,2,0,0,0,0,0,0,0,c672ce404c64
AT,708,1,AT708.1,T708.1,0,19,0,0,0,0,0,0,0,071d1fca0783
AT,708,2,AT708.2,T708.2,0,10,1,0,0,0,0,1,0,472c76cae91e
AT,709,0,AT709.0,T709.0,1,2,0,0,0,0,0,0,0,770197002e64
AT,709,1,AT709.1,T709.1,0,19,0,0,0,0,0,0,0,ac0757138d7f
AT,709,2,AT709.2,T709.2,0,40,0,0,1,0,0,0,0,44556b733bdb
AT,709,3,AT709.3,T709.3,0,6,0,0,0,0,0,0,0,dea0fdb74f6e
AT,709,4,AT709.4,T709.4,0,12,0,0,0,0,0,0,0,1121f5925d45
AT,710,0,AT710.0,T710.0,1,2,0,0,0,0,0,0,0,085e6f93a786
AT,710,1,AT710.1,T710.1,0,8,1,0,0,0,0,0,1,4ae4454552f2
AT,710,2,AT710.2,T710.2,0,4,0,0,0,0,0,0,0,30392854734d
AT,710,3,AT710.3,T710.3,0,19,0,0,0,0,0,0,0,1b557163348d
AT,710,4,AT710.4,T710.4,0,8,0,0,0,0,0,0,0,3bcfe5eaa08d
AT,710,5,AT710.5,T710.5,0,11,0,0,0,0,0,0,0,42841ca8fa0a
AT,710,6,AT710.6,T710.6,0,7,0,0,0,0,0,0,0,b1a007fb1880
AT,711,0,AT711.0,T711.0,1,2,0,0,0,0,0,0,0,76945f5dc9d7
AT,711,1,AT711.1,T711.1,0,5,0,0,0,0,0,0,0,70214030ad05
AT,711,2,AT711.2,T711.2,0,33,0,0,0,0,0,0,0,2ba9ed40f53b
AT,711,3,AT711.3,T711.3,0,21,1,0,1,0,0,1,0,b071dc8857fa
AT,711,4,AT711.4,T711.4,0,5,0,0,0,0,0,0,0,18b5637efc47
AT,711,5,AT711.5,T711.5,0,17,0,0,1,0,0,0,0,7382d1a7255f
AT,712,0,AT712.0,T712.0,1,2,0,0,0,0,0,0,0,e9ceae5e081f
AT,712,1,AT712.1,T712.1,0,5,1,0,0,0,0,0,1,f805ef0b1ae1
AT,712,2,AT712.2,T712.2,0,27,0,0,0,0,0,0,0,7e7f7d3fc0fa
AT,712,3,AT712.3,T712.3,0,12,0,0,0,0,0,0,0,43f2d02eeadf
AT,712,4,AT712.4,T712.4,0,15,0,0,0,0,0,0,0,1f3d70593b55
AT,712,5,AT712.5,T712.5,0,6,0,0,0,0,0,0,0,8d72472f73fa
AT,712,6,AT712.6,T712.6,0,16,0,0,0,0,0,0,0,f3f0ebfc5d93
AT,712,7,AT712.7,T712.7,0,6,0,0,0,0,0,0,0,0e6ff5ae456d
AT,712,8,AT712.8,T712.8,0,8,0,0,0,0,0,0,0,0d53ed51a3e9
AT,712,9,AT712.9,T712.9,0,20,0,0,0,0,0,0,0,b551ae690b91
AT,712,10,AT712.10,T712.10,0,11,0,0,0,0,0,0,0,4d157e5e1ce2
AT,713,0,AT713.0,T713.0,1,2,0,0,0,0,0,0,0,c672ce404c64
AT,713,1,AT713.1,T713.1,0,5,0,0,0,0,0,0,0,c539277516c8
AT,713,2,AT713.2,T713.2,0,10,0,0,0,0,0,0,0,13654fc670ed
AT,713,3,AT713.3,T713.3,0,7,0,0,0,0,0,0,0,403bf0d29fa3
AT,713,4,AT713.4,T713.4,0,10,0,0,0,0,0,0,0,03fd2306632d
AT,713,5,AT713.5,T713.5,0,11,0,0,0,0,0,0,0,9086052881f8
AT,713,6,AT713.6,T713.6,0,25,1,0,0,0,0,0,1,b8c22a4a1137
AT,713,7,AT713.7,T713.7,0,11,0,0,0,0,0,0,0,8d89a5e985ee
AT,713,8,AT713.8,T713.8,0,12,0,0,0,0,0,0,0,2885d1ed33ed
AT,713,9,AT713.9,T713.9,0,6,0,0,0,0,0,0,0,bded20a1e732
AT,714,0,AT714.0,T714.0,1,2,0,0,0,0,0,0,0,201ef06c9733
AT,714,1,AT714.1,T714.1,0,52,0,0,0,0,0,0,0,32405cb26221
AT,714,2,AT714.2,T714.2,0,6,0,0,0,0,0,0,0,cec08555141c
AT,714,3,AT714.3,T714.3,0,4,0,0,0,0,0,0,0,241030ca7f02
AT,714,4,AT714.4,T714.4,0,11,0,0,1,0,0,0,0,20f6faee7d7b
AT,714,5,AT714.5,T714.5,0,30,0,0,0,0,0,0,0,078f4b06d1ea
AT,714,6,AT714.6,T714.6,0,3,0,0,0,0,0,0,0,ed9eb06d5fd7
AT,714,7,AT714.7,T714.7,0,26,0,0,0,0,0,0,0,aa5beae286dc
AT,714,8,AT714.8,T714.8,0,17,0,0,0,0,0,0,0,c5ffd29e4a19
AT,714,9,AT714.9,T714.9,0,6,0,0,0,0,0,0,0,4e77720ee75f
AT,715,0,AT715.0,T715.0,1,2,0,0,0,0,0,0,0,770197002e64
AT,715,1,AT715.1,T715.1,0,9,0,0,0,0,0,0,0,bf90a0fd0859
AT,715,2,AT715.2,T715.2,0,12,0,0,0,0,0,0,0,b9e4af164f80
AT,715,3,AT715.3,T715.3,0,23,0,0,0,0,0,0,0,cee6d7f528f8
AT,715,4,AT715.4,T715.4,0,16,0,0,0,0,0,0,0,4366c9577184
AT,715,5,AT715.5,T715.5,0,9,0,0,0,0,0,0,0,215079276299
AT,715,6,AT715.6,T715.6,0,4,1,0,0,0,0,0,1,1975e9e448e9
AT,716,0,AT716.0,T716.0,1,2,0,0,0,0,0,0,0,085e6f93a786
AT,716,1,AT716.1,T716.1,0,16,0,0,1,0,0,0,0,908e6b4f1b16
AT,716,2,AT716.2,T716.2,0,6,0,0,0,0,0,0,0,642130a61286
AT,716,3,AT716.3,T716.3,0,8,1,0,0,0,0,0,1,ee9f33a26096
AT,716,4,AT716.4,T716.4,0,27,0,0,0,0,0,0,0,2bcc5684e513
AT,716,5,AT716.5,T716.5,0,8,0,0,0,0,0,0,0,6f4783923ace
AT,716,6,AT716.6,T716.6,0,6,0,0,0,0,0,0,0,9c80c2e4b5d9
AT,716,7,AT716.7,T716.7,0,8,0,0,0,0,0,0,0,a619d6b49ea4
AT,716,8,AT716.8,T716.8,0,5,0,0,0,0,0,0,0,e5e41a07e9c0
AT,717,0,AT717.0,T717.0,1,2,0,0,0,0,0,0,0,e9ceae5e081f
AT,717,1,AT717.1,T717.1,0,8,1,0,0,0,0,0,1,192379f1bf71
AT,717,2,AT717.2,T717.2,0,7,0,0,0,0,0,0,0,50fd77acddea
AT,717,3,AT717.3,T717.3,0,14,1,0,0,0,0,0,1,98e63c7b897d
AT,717,4,AT717.4,T717.4,0,19,0,0,1,0,0,0,0,97e2e975c876
AT,717,5,AT717.5,T717.5,0,20,0,0,0,0,0,0,0,9eccbe458697
AT,718,0,AT718.0,T718.0,1,2,0,0,0,0,0,0,0,f21cd9f0c70f
AT,718,1,AT718.1,T718.1,0,8,0,0,1,0,0,0,0,fa72c90c533e
AT,718,2,AT718.2,T718.2,0,3,0,0,0,0,0,0,0,9cc7a5d75825
AT,718,3,AT718.3,T718.3,0,32,0,0,0,0,0,0,0,4155f7aab2b4
AT,718,4,AT718.4,T718.4,0,18,0,0,0,0,0,0,0,c0bd76a12251
AT,718,5,AT718.5,T718.5,0,8,0,1,0,0,0,0,0,350455fff232
AT,718,6,AT718.6,T718.6,0,10,1,0,0,0,0,0,1,42ef9983086d
AT,718,7,AT718.7,T718.7,0,27,0,0,0,0,0,0,0,22a71b52c92e
AT,718,8,AT718.8,T718.8,0,12,0,0,0,0,0,0,0,12d214610cf6
AT,718,9,AT718.9,T718.9,0,37,0,0,0,0,0,0,0,b4833627a19e
AT,719,0,AT719.0,T719.0,1,2,0,0,0,0,0,0,0,c672ce404c64
AT,719,1,AT719.1,T719.1,0,18,0,0,0,0,0,0,0,55e9cdc47587
AT,719,2,AT719.2,T719.2,0,6,0,0,0,0,0,0,0,17d606d6b83a
AT,719,3,AT719.3,T719.3,0,16,0,0,0,0,0,0,0,f53f883bb8f3
AT,719,4,AT719.4,T719.4,0,27,0,0,0,0,0,0,0,17d2c5632737
AT,719,5,AT719.5,T719.5,0,43,0,0,0,0,0,0,0,b49ac7edd811
AT,719,6,AT719.6,T719.6,0,10,0,0,0,1,0,0,0,88b6f246ad5a
AT,719,7,AT719.7,T719.7,0,14,0,0,0,0,0,0,0,8652c3c8adf0
AT,720,0,AT720.0,T720.0,1,2,0,0,0,0,0,0,0,201ef06c9733
AT,720,1,AT720.1,T720.1,0,3,0,0,0,0,0,0,0,d702c5ad159b
AT,720,2,AT720.2,T720.2,0,7,0,0,0,0,0,0,0,2d0b9d4a91a3
AT,720,3,AT720.3,T720.3,0,8,0,0,0,0,0,0,0,11317a316e00
AT,720,4,AT720.4,T720.4,0,5,0,0,0,0,0,0,0,ee92db21faba
AT,721,0,AT721.0,T721.0,1,2,0,0,0,0,0,0,0,085e6f93a786
AT,721,1,AT721.1,T721.1,0,6,0,0,0,0,0,0,0,e3721237d2f1
AT,721,2,AT721.2,T721.2,0,16,0,0,0,0,0,0,0,db38c5c46606
AT,721,3,AT721.3,T721.3,0,17,0,0,0,0,0,0,0,2c97d1512a04
AT,721,4,AT721.4,T721.4,0,7,0,0,0,0,0,0,0,bda7af74fa00
AT,721,5,AT721.5,T721.5,0,24,0,0,0,0,0,0,0,19ea854907a1
AT,721,6,AT721.6,T721.6,0,21,0,0,0,0,0,0,0,74ad53ff32d9
AT,722,0,AT722.0,T722.0,1,2,0,0,0,0,0,0,0,76945f5dc9d7
AT,722,1,AT722.1,T722.1,0,28,0,0,0,0,0,0,0,bef08471620a
AT,722,2,AT722.2,T722.2,0,6,0,0,0,0,0,0,0,a382b963bd5c
AT,722,3,AT722.3,T722.3,0,9,1,0,0,0,0,1,0,d3ab08eefadd
AT,722,4,AT722.4,T722.4,0,7,0,0,0,0,0,0,0,e7f0e7f714b8
AT,722,5,AT722.5,T722.5,0,20,0,0,0,0,0,0,0,4f27a3e5cc10
AT,722,6,AT722.6,T722.6,0,6,1,0,0,0,0,0,1,415d7ed8c733
AT,722,7,AT722.7,T722.7,0,140,0,0,0,0,0,0,0,2ea171df8411
AT,722,8,AT722.8,T722.8,0,228,0,0,0,0,0,0,0,7d43f1c6cdc3
AT,723,0,AT723.0,T723.0,1,2,0,0,0,0,0,0,0,e9ceae5e081f
AT,723,1,AT723.1,T723.1,0,4,0,0,0,0,0,0,0,7bfdd4c038f7
AT,723,2,AT723.2,T723.2,0,6,0,0,0,0,0,0,0,5610d830b6b9
AT,723,3,AT723.3,T723.3,0,12,0,0,0,0,0,0,0,97ff7496e10d
AT,723,4,AT723.4,T723.4,0,8,0,0,0,0,0,0,0,a71bf7f97605
AT,723,5,AT723.5,T723.5,0,4,0,0,0,0,0,0,0,863634790e34
AT,724,0,AT724.0,T724.0,1,2,0,0,0,0,0,0,0,f21cd9f0c70f
AT,724,1,AT724.1,T724.1,0,19,1,0,0,0,0,0,1,979fdd3e9db8
AT,724,2,AT724.2,T724.2,0,11,1,0,0,0,0,1,0,df54211469e0
AT,724,3,AT724.3,T724.3,0,29,0,0,0,0,0,0,0,b9dcc90e2dbc
AT,724,4,AT724.4,T724.4,0,12,0,0,0,0,0,0,0,86ae55b9738b
AT,724,5,AT724.5,T724.5,0,8,0,0,0,0,0,0,0,0081c4d5d398
AT,725,0,AT725.0,T725.0,1,2,0,0,0,0,0,0,0,201ef06c9733
AT,725,1,AT725.1,T725.1,0,8,0,0,0,0,0,0,0,b91bc9a66483
AT,725,2,AT725.2,T725.2,0,5,0,0,0,0,0,0,0,3203e2201ee7
AT,725,3,AT725.3,T725.3,0,6,0,0,0,0,0,0,0,f39b59b824ed
AT,725,4,AT725.4,T725.4,0,43,0,0,0,0,0,0,0,4c9142b2b0c1
AT,725,5,AT725.5,T725.5,0,9,0,0,0,0,0,0,0,bb210ed9fb4a
AT,726,0,AT726.0,T726.0,1,2,0,0,0,0,0,0,0,770197002e64
AT,726,1,AT726.1,T726.1,0,10,0,0,0,0,0,0,0,3e44434ef7af
AT,726,2,AT726.2,T726.2,0,7,1,0,0,0,0,0,1,dbb9c574adc0
AT,726,3,AT726.3,T726.3,0,7,0,0,0,0,0,0,0,9bf9cba2eb94
AT,726,4,AT726.4,T726.4,0,19,1,0,0,0,0,1,0,8aa454a44995
AT,726,5,AT726.5,T726.5,0,19,0,0,0,0,0,0,0,d5db28221543
AT,726,6,AT726.6,T726.6,0,6,0,0,0,0,0,0,0,fe79f2872e5a
AT,726,7,AT726.7,T726.7,0,9,0,0,0,0,0,0,0,a922b761d503
AT,726,8,AT726.8,T726.8,0,12,0,0,0,0,0,0,0,768d35d6cc72
AT,726,9,AT726.9,T726.9,0,7,0,0,0,0,0,0,0,8c34123be1f0
AT,727,0,AT727.0,T727.0,1,2,0,0,0,0,0,0,0,085e6f93a786
AT,727,1,AT727.1,T727.1,0,6,0,0,0,0,0,0,0,4cce82f9a5f5
AT,727,1,AT727.1,T727.1,0,7,0,0,0,0,0,0,0,12f0fa155206
AT,727,2,AT727.2,T727.2,0,37,0,0,0,0,0,0,0,590cb4482800
AT,727,3,AT727.3,T727.3,0,8,0,0,0,0,0,0,0,835429656a66
AT,727,4,AT727.4,T727.4,0,13,0,0,0,0,0,0,0,64995885369c
AT,727,5,AT727.5,T727.5,0,8,0,0,0,0,0,0,0,d56d6c7f82dd
AT,727,6,AT727.6,T727.6,0,22,0,0,0,0,0,0,0,feb13a52e47c
AT,727,7,AT727.7,T727.7,0,11,1,0,0,0,0,1,0,f043635f0eb0
AT,727,8,AT727.8,T727.8,0,5,0,0,0,0,0,0,0,4de71f3bdce0
AT,727,9,AT727.9,T727.9,0,11,0,0,0,0,0,0,0,be05ea1dc9de
AT,728,0,AT728.0,T728.0,1,2,0,0,0,0,0,0,0,76945f5dc9d7
AT,728,1,AT728.1,T728.1,0,32,0,0,0,0,0,0,0,fd7481d2ac99
AT,728,2,AT728.2,T728.2,0,29,0,0,0,0,0,0,0,79085155598e
AT,728,3,AT728.3,T728.3,0,7,0,0,0,0,0,0,0,0cc118ba1cab
AT,728,4,AT728.4,T728.4,0,38,1,0,0,0,0,1,0,2fe06ccce920
AT,728,5,AT728.5,T728.5,0,34,1,0,0,0,0,1,0,dcae8e222a22
AT,728,6,AT728.6,T728.6,0,8,0,0,0,0,0,0,0,ad38b7e02b36
AT,728,7,AT728.7,T728.7,0,13,0,0,0,0,0,0,0,2cbab7ce52a7
AT,728,8,AT728.8,T728.8,0,12,0,0,0,0,0,0,0,90df5f630b54
AT,729,0,AT729.0,T729.0,1,2,0,0,0,0,0,0,0,f21cd9f0c70f
AT,729,1,AT729.1,T729.1,0,24,0,0,0,0,0,0,0,200cae402868
AT,729,2,AT729.2,T729.2,0,15,1,0,0,0,0,1,0,fd67f1d1437e
AT,729,3,AT729.3,T729.3,0,8,0,0,0,0,0,0,0,1b2047240542
AT,729,4,AT729.4,T729.4,0,31,1,0,0,0,0,1,0,3a2c8385bdd6
AT,729,5,AT729.5,T729.5,0,17,0,0,0,0,0,0,0,b72e53ecca7b
AT,730,0,AT730.0,T730.0,1,2,0,0,0,0,0,0,0,c672ce404c64
AT,730,1,AT730.1,T730.1,0,14,0,0,0,0,0,0,0,ad93baacb689
AT,730,2,AT730.2,T730.2,0,8,0,0,0,0,0,0,0,14f7d06c021c
AT,730,3,AT730.3,T730.3,0,8,0,0,0,0,0,0,0,1ddb85b69ce9
AT,731,0,AT731.0,T731.0,1,2,0,0,0,0,0,0,0,201ef06c9733
AT,731,1,AT731.1,T731.1,0,4,0,0,0,0,0,0,0,effd09534b59
AT,731,2,AT731.2,T731.2,0,7,0,0,0,0,0,0,0,2d9273af7373
AT,731,3,AT731.3,T731.3,0,6,0,0,1,0,0,0,0,f3fcaba4538d
AT,731,4,AT731.4,T731.4,0,16,1,0,0,0,0,1,0,0c9dc255ce87
AT,731,5,AT731.5,T731.5,0,18,0,0,0,0,0,0,0,1645aa100bea
AT,732,0,AT732.0,T732.0,1,2,0,0,0,0,0,0,0,770197002e64
AT,732,1,AT732.1,T732.1,0,19,0,0,0,0,0,0,0,ba99b93b44dd
AT,732,2,AT732.2,T732.2,0,11,0,0,0,0,0,0,0,1e08f906cc75
AT,732,3,AT732.3,T732.3,0,11,0,0,0,0,0,0,0,e24c98fac33e
AT,732,4,AT732.4,T732.4,0,8,0,0,1,0,0,0,0,0ea464d39f08
AT,732,5,AT732.5,T732.5,0,16,0,0,0,0,0,0,0,b06efa9a4707
AT,732,6,AT732.6,T732.6,0,8,0,0,0,0,0,0,0,6f27d49c0d93
AT,732,7,AT732.7,T732.7,0,5,0,0,0,0,0,0,0,5413359147e7
AT,732,8,AT732.8,T732.8,0,16,0,0,0,0,0,0,0,7e1847bd9abc
AT,732,9,AT732.9,T732.9,0,8,0,0,0,0,0,0,0,b94d7bc5401b
AT,732,10,AT732.10,T732.10,0,11,0,0,0,0,0,0,0,7ee5bd643095
AT,732,11,AT732.11,T732.11,0,3,0,0,0,0,0,0,0,3dc24a39061a
AT,733,0,AT733.0,T733.0,1,2,0,0,0,0,0,0,0,76945f5dc9d7
AT,733,1,AT733.1,T733.1,0,18,0,0,0,0,0,0,0,36511e391c8c
AT,733,2,AT733.2,T733.2,0,11,0,0,0,0,0,0,0,11d75582ec60
AT,733,3,AT733.3,T733.3,0,27,0,0,0,0,0,0,0,a215e89795b4
AT,733,4,AT733.4,T733.4,0,46,0,0,0,0,0,0,0,bd3d0c2b4c2a
AT,733,5,AT733.5,T733.5,0,13,0,0,0,0,0,0,0,2fe3d31cc34d
AT,733,6,AT733.6,T733.6,0,10,0,0,0,0,0,0,0,c5ab43e1b804
AT,733,7,AT733.7,T733.7,0,42,0,0,0,0,0,0,0,970653797c5c
AT,734,0,AT734.0,T734.0,1,2,0,0,0,0,0,0,0,e9ceae5e081f
AT,734,1,AT734.1,T734.1,0,9,0,0,0,0,0,0,0,58d410a87d24
AT,734,2,AT734.2,T734.2,0,11,0,0,0,0,0,0,0,c33bb956cfb2
AT,734,3,AT734.3,T734.3,0,17,0,0,0,0,0,0,0,a3f953291cf9
AT,734,4,AT734.4,T734.4,0,23,1,0,0,0,0,1,0,178141585646
AT,734,5,AT734.5,T734.5,0,38,0,0,0,0,0,0,0,db0b9eb39cc5
AT,734,6,AT734.6,T734.6,0,8,0,0,0,0,0,0,0,375fccb18cf9
AT,734,7,AT734.7,T734.7,0,3,0,0,0,0,0,0,0,c30392b4fa3f
AT,735,0,AT735.0,T735.0,1,2,0,0,0,0,0,0,0,f21cd9f0c70f
AT,735,1,AT735.1,T735.1,0,5,0,0,0,0,0,0,0,bd50f0e759c8
AT,735,2,AT735.2,T735.2,0,45,0,0,0,0,0,0,0,d1446d962cb5
AT,735,3,AT735.3,T735.3,0,47,0,0,0,0,0,0,0,92394ba88181
AT,735,4,AT735.4,T735.4,0,24,0,0,0,0,0,0,0,988851df02e9
AT,735,5,AT735.5,T735.5,0,12,0,0,0,0,0,0,0,9b11bdf4c630
AT,735,6,AT735.6,T735.6,0,16,0,0,0,0,0,0,0,bd161fe328ef
AT,735,7,AT735.7,T735.7,0,8,0,0,1,0,0,0,0,4784fdaa18d6
AT,735,8,AT735.8,T735.8,0,5,0,0,0,0,0,0,0,b599e0584992
AT,736,0,AT736.0,T736.0,1,2,0,0,0,0,0,0,0,c672ce404c64
AT,736,1,AT736.1,T736.1,0,45,1,0,0,0,0,1,0,d7fb49ad2a89
AT,736,2,AT736.2,T736.2,0,10,0,0,0,0,0,0,0,6a5aa24189df
AT,736,3,AT736.3,T736.3,0,11,0,0,0,0,0,0,0,8ec94d143fde
AT,736,4,AT736.4,T736.4,0,11,0,0,0,0,0,0,0,f42bb186ca36
AT,736,5,AT736.5,T736.5,0,28,0,1,0,1,0,0,0,f0af197029b8
AT,736,6,AT736.6,T736.6,0,9,0,0,0,0,0,0,0,4ab3a8753f96
AT,737,0,AT737.0,T737.0,1,2,0,0,0,0,0,0,0,770197002e64
AT,737,1,AT737.1,T737.1,0,7,1,0,0,0,0,1,0,2722b8dd6de6
AT,737,2,AT737.2,T737.2,0,26,0,0,0,0,0,0,0,8cbeaa327011
AT,737,3,AT737.3,T737.3,0,8,0,0,0,0,0,0,0,0ac5818afe9c
AT,737,4,AT737.4,T737.4,0,34,0,0,0,0,0,0,0,2764feb185ca
AT,737,5,AT737.5,T737.5,0,12,0,0,0,0,0,0,0,b03365f11ed9
AT,737,6,AT737.6,T737.6,0,6,0,0,0,0,0,0,0,4396657de269
AT,737,7,AT737.7,T737.7,0,9,0,0,0,0,0,0,0,14d4e9c677ee
AT,738,0,AT738.0,T738.0,1,2,0,0,0,0,0,0,0,085e6f93a786
AT,738,1,AT738.1,T738.1,0,14,0,0,0,0,0,0,0,9c0571e89559
AT,738,2,AT738.2,T738.2,0,15,0,0,0,0,0,0,0,590aa2d3d8bc
AT,738,3,AT738.3,T738.3,0,37,0,0,0,0,0,0,0,0862b28554d2
AT,738,4,AT738.4,T738.4,0,187,0,0,0,0,0,0,0,4aaa4a8b085e
AT,738,5,AT738.5,T738.5,0,7,0,0,0,0,0,0,0,e3f4b9b2b33c
AT,738,6,AT738.6,T738.6,0,108,0,0,0,0,0,0,0,94a24a97354b
AT,738,7,AT738.7,T738.7,0,25,0,0,0,0,0,0,0,02fb9b71bfc5
AT,739,0,AT739.0,T739.0,1,2,0,0,0,0,0,0,0,76945f5dc9d7
AT,739,1,AT739.1,T739.1,0,24,0,0,0,0,0,0,0,3b242aefc365
AT,739,2,AT739.2,T739.2,0,19,0,0,0,0,0,0,0,82e636b9c5b9
AT,739,3,AT739.3,T739.3,0,8,0,0,0,0,0,0,0,754b5dfcde2f
AT,739,4,AT739.4,T739.4,0,21,0,0,0,0,0,0,0,404a2b55f07e
AT,739,5,AT739.5,T739.5,0,11,0,0,0,0,0,0,0,605aaf7d9d37
AT,739,6,AT739.6,T739.6,0,11,0,0,0,0,0,0,0,43e717d2e635
AT,740,0,AT740.0,T740.0,1,2,0,0,0,0,0,0,0,e9ceae5e081f
AT,740,1,AT740.1,T740.1,0,6,0,0,0,0,0,0,0,a438c1057b0f
AT,740,2,AT740.2,T740.2,0,10,0,0,0,0,0,0,0,ffe9e4a145f0
AT,740,3,AT740.3,T740.3,0,9,0,0,0,0,0,0,0,40591338f424
AT,740,4,AT740.4,T740.4,0,14,0,0,0,0,0,0,0,225cad37c320
AT,740,5,AT740.5,T740.5,0,7,0,0,0,0,0,0,0,248270095e5e
AT,740,6,AT740.6,T740.6,0,9,0,0,0,0,0,0,0,71bbb47390f1
AT,740,7,AT740.7,T740.7,0,7,0,0,0,0,0,0,0,70d6e41ce1f8
AT,741,0,AT741.0,T741.0,1,2,0,0,0,0,0,0,0,c672ce404c64
AT,741,1,AT741.1,T741.1,0,15,0,0,0,0,0,0,0,a4cf96682187
AT,741,2,AT741.2,T741.2,0,11,0,0,0,0,0,0,0,15493ad4fa12
AT,741,3,AT741.3,T741.3,0,9,0,0,0,0,0,0,0,a3380c8e684e
AT,742,0,AT742.0,T742.0,1,2,0,0,0,0,0,0,0,201ef06c9733
AT,742,1,AT742.1,T742.1,0,10,0,0,0,0,0,0,0,b3d28c67d7d1
AT,742,2,AT742.2,T742.2,0,11,0,0,0,0,0,0,0,70eb6ff39e81
AT,742,3,AT742.3,T742.3,0,14,0,0,0,0,0,0,0,d3fa82adcfbf
AT,742,4,AT742.4,T742.4,0,8,0,0,0,0,0,0,0,7aa1e1a3daf2
AT,742,5,AT742.5,T742.5,0,18,0,0,0,0,0,0,0,2f3d5d317fb4
AT,742,6,AT742.6,T742.6,0,12,0,0,0,0,0,0,0,5b3b9274fb3d
AT,742,7,AT742.7,T742.7,0,10,0,0,0,0,0,0,0,24dadc68fcfe
AT,742,8,AT742.8,T742.8,0,11,0,0,0,0,1,0,0,8ad397725f97
AT,742,9,AT742.9,T742.9,0,12,0,0,0,0,0,0,0,e485e76e1a3f
AT,743,0,AT743.0,T743.0,1,2,0,0,0,0,0,0,0,770197002e64
AT,743,1,AT743.1,T743.1,0,7,0,0,0,0,0,0,0,bff6caafe9ae
AT,743,2,AT743.2,T743.2,0,28,0,0,0,0,0,0,0,2dd5ce9513d8
AT,743,3,AT743.3,T743.3,0,56,0,0,0,0,0,0,0,44f3e6bbb280
AT,743,4,AT743.4,T743.4,0,11,0,0,0,0,0,0,0,9bcab587e6c1
AT,743,5,AT743.5,T743.5,0,9,0,0,0,0,0,0,0,49a44430692a
AT,743,6,AT743.6,T743.6,0,5,0,0,0,0,0,0,0,0c14b6824e22
AT,743,7,AT743.7,T743.7,0,7,0,0,0,0,0,0,0,d2cf22b15393
AT,743,8,AT743.8,T743.8,0,15,0,0,0,0,0,0,0,667f04e1e7b8
AT,743,9,AT743.9,T743.9,0,4,0,0,0,0,0,0,0,752e07b67b8b
AT,743,10,AT743.10,T743.10,0,11,0,0,0,0,0,0,0,9fef66f192c7
AT,743,11,AT743.11,T743.11,0,11,0,0,0,0,0,0,0,c323427f72db
AT,743,12,AT743.12,T743.12,0,14,0,0,0,0,0,0,0,85490caacbf7
AT,743,13,AT743.13,T743.13,0,8,0,0,0,0,0,0,0,a84c83e861d4
AT,744,0,AT744.0,T744.0,1,2,0,0,0,0,0,0,0,085e6f93a786
AT,744,1,AT744.1,T744.1,0,10,0,0,0,0,0,0,0,46bf2c044a72
AT,744,2,AT744.2,T744.2,0,4,0,0,0,0,0,0,0,8e8646eb4794
AT,744,3,AT744.3,T744.3,0,11,0,0,0,0,0,0,0,03b86145b3c1
AT,744,4,AT744.4,T744.4,0,11,0,0,0,0,0,0,0,55ec2ad80263
AT,744,5,AT744.5,T744.5,0,9,0,0,0,0,0,0,0,0a26340fc429
AT,744,6,AT744.6,T744.6,0,18,0,0,0,0,0,0,0,66c588d01511
AT,744,7,AT744.7,T744.7,0,5,0,0,0,0,0,0,0,c256e1ea656e
AT,744,8,AT744.8,T744.8,0,8,0,0,0,0,0,0,0,e43f57d88ef4
AT,744,9,AT744.9,T744.9,0,25,0,0,0,0,0,0,0,af82131d9aef
AT,744,10,AT744.10,T744.10,0,11,0,0,0,0,0,0,0,5cb52c143eff
AT,744,11,AT744.11,T744.11,0,77,0,0,0,0,0,0,0,66197ece189a
AT,745,0,AT745.0,T745.0,1,2,0,0,0,0,0,0,0,e9ceae5e081f
AT,745,1,AT745.1,T745.1,0,12,0,0,0,0,0,0,0,ecb04a93c83e
AT,745,2,AT745.2,T745.2,0,10,0,0,0,0,0,0,0,5e84c58ba7d6
AT,745,3,AT745.3,T745.3,0,10,0,0,0,0,0,0,0,5475efbd560f
AT,745,4,AT745.4,T745.4,0,49,0,0,0,0,0,0,0,647bb4b00fd1
AT,745,5,AT745.5,T745.5,0,7,0,0,0,0,0,0,0,bd4768078a9b
AT,745,6,AT745.6,T745.6,0,7,0,0,0,0,0,0,0,aadc1a49b1f1
AT,745,7,AT745.7,T745.7,0,9,0,0,0,0,0,0,0,9c196d1b275f
AT,746,0,AT746.0,T746.0,1,2,0,0,0,0,0,0,0,f21cd9f0c70f
AT,746,1,AT746.1,T746.1,0,9,0,0,0,0,0,0,0,6fc497860c57
AT,746,2,AT746.2,T746.2,0,6,0,0,0,0,0,0,0,a1d0d5156594
AT,746,3,AT746.3,T746.3,0,6,0,0,0,0,0,0,0,ef8825428b4e
AT,746,4,AT746.4,T746.4,0,11,0,0,0,0,0,0,0,9f9b2182ea48
AT,746,5,AT746.5,T746.5,0,6,0,0,0,0,0,0,0,4334060ba2dd
AT,746,6,AT746.6,T746.6,0,5,0,1,0,0,0,0,0,b78636c5c74f
AT,746,7,AT746.7,T746.7,0,12,0,0,0,0,0,0,0,37561b6242ea
AT,746,8,AT746.8,T746.8,0,16,0,0,0,0,0,0,0,c5687ea8de77
AT,746,9,AT746.9,T746.9,0,12,0,0,0,0,0,0,0,268d4bcf1a39
AT,746,10,AT746.10,T746.10,0,6,0,0,0,0,0,0,0,3380534b39c7
AT,746,11,AT746.11,T746.11,0,22,0,0,0,0,0,0,0,bd0cc23a0749
AT,747,0,AT747.0,T747.0,1,2,0,0,0,0,0,0,0,c672ce404c64
AT,747,1,AT747.1,T747.1,0,8,0,0,0,0,0,0,0,4775350178c0
AT,747,2,AT747.2,T747.2,0,17,0,0,0,0,0,0,0,b84912d319c8
AT,747,3,AT747.3,T747.3,0,7,0,0,0,0,0,0,0,344a9bc8ffbe
AT,747,4,AT747.4,T747.4,0,10,0,0,0,0,0,0,0,66bf817a0df9
AT,747,5,AT747.5,T747.5,0,9,0,0,0,0,0,0,0,b191e9150efc
AT,747,6,AT747.6,T747.6,0,5,0,0,0,0,0,0,0,c956ef599317
AT,747,7,AT747.7,T747.7,0,8,0,0,0,0,0,0,0,e9743b01f58a
AT,747,8,AT747.8,T747.8,0,7,0,0,0,0,0,0,0,d0f6d154723b
AT,747,9,AT747.9,T747.9,0,6,0,0,0,0,0,0,0,53179f2b0a54
AT,747,10,AT747.10,T747.10,0,15,0,0,0,0,0,0,0,25677f639329
AT,747,11,AT747.11,T747.11,0,8,0,0,0,0,0,0,0,b3cc4e72cb84
AT,747,12,AT747.12,T747.12,0,9,0,0,0,0,0,0,0,682ae9a42381
AT,747,13,AT747.13,T747.13,0,16,0,0,0,0,0,0,0,cf55fe376037
AT,747,14,AT747.14,T747.14,0,8,0,0,0,0,0,0,0,859498c0d122
AT,747,15,AT747.15,T747.15,0,6,0,0,0,0,0,0,0,0b2a15791446
AT,747,16,AT747.16,T747.16,0,20,0,0,0,0,0,0,0,a8dc99483c8e
AT,747,17,AT747.17,T747.17,0,12,0,0,0,0,0,0,0,175cfe8d77b1
AT,748,0,AT748.0,T748.0,1,2,0,0,0,0,0,0,0,201ef06c9733
AT,748,1,AT748.1,T748.1,0,8,0,0,0,0,0,0,0,e706013dd432
AT,748,2,AT748.2,T748.2,0,7,0,0,0,0,0,0,0,efa81b76891c
AT,748,3,AT748.3,T748.3,0,23,0,0,0,0,0,0,0,0168e7aa30ea
AT,748,4,AT748.4,T748.4,0,8,0,0,0,0,0,0,0,4d302543112e
AT,748,5,AT748.5,T748.5,0,13,0,0,0,0,0,0,0,0ceb45b61075
AT,748,6,AT748.6,T748.6,0,7,0,0,0,0,0,0,0,a65218d9bf47
AT,748,7,AT748.7,T748.7,0,6,0,0,0,0,0,0,0,ea9dba87c27c
AT,748,8,AT748.8,T748.8,0,10,0,0,0,0,0,0,0,a22c674b6273
AT,748,9,AT748.9,T748.9,0,21,0,0,0,0,0,0,0,f1fb4c06c441
AT,748,10,AT748.10,T748.10,0,8,0,0,0,0,0,0,0,5099a494c15d
AT,748,11,AT748.11,T748.11,0,13,0,0,0,0,0,0,0,0ea6664dd1c6
AT,748,12,AT748.12,T748.12,0,14,0,0,0,0,0,0,0,0efed44a1f00
AT,748,13,AT748.13,T748.13,0,9,0,0,0,0,0,0,0,6bbe6944cb57
AT,749,0,AT749.0,T749.0,1,2,0,0,0,0,0,0,0,085e6f93a786
AT,749,1,AT749.1,T749.1,0,14,1,0,0,0,0,1,0,be6a73fc2295
AT,749,2,AT749.2,T749.2,0,10,0,0,0,0,0,0,0,d3fc5d533cae
AT,749,3,AT749.3,T749.3,0,12,0,0,0,0,0,0,0,8ce5e68ddd50
AT,749,4,AT749.4,T749.4,0,6,0,0,0,0,0,0,0,e7529d876ae9
AT,749,5,AT749.5,T749.5,0,7,0,0,0,0,0,0,0,b45d6ad98e50
AT,749,6,AT749.6,T749.6,0,42,0,0,0,1,0,0,0,aa7354fb532f
AT,749,7,AT749.7,T749.7,0,22,0,0,0,0,0,0,0,1b5299b3efb0
AT,749,8,AT749.8,T749.8,0,7,1,0,0,0,0,0,1,d8b93921427c
AT,749,9,AT749.9,T749.9,0,8,0,0,0,0,0,0,0,c47a78760e27
AT,749,10,AT749.10,T749.10,0,14,0,0,0,0,0,0,0,a7991effc611
AT,749,11,AT749.11,T749.11,0,6,0,0,0,0,0,0,0,e392fe8fa0ef
AT,750,0,AT750.0,T750.0,1,2,0,0,0,0,0,0,0,76945f5dc9d7
AT,750,1,AT750.1,T750.1,0,10,0,0,0,0,0,0,0,ba41d0eaa683
AT,750,2,AT750.2,T750.2,0,7,0,0,0,0,0,0,0,e0f2de58e626
AT,750,3,AT750.3,T750.3,0,7,0,0,0,0,0,0,0,f6b108fc0120
AT,750,4,AT750.4,T750.4,0,25,1,0,1,0,0,1,0,5bc936b7016a
AT,750,5,AT750.5,T750.5,0,9,0,0,0,0,0,0,0,ed06218b5ac5
AT,750,6,AT750.6,T750.6,0,12,0,0,0,0,0,0,0,6e152f76b89d
AT,750,7,AT750.7,T750.7,0,8,0,0,0,0,0,0,0,ebea4dd8b8ba
AT,750,8,AT750.8,T750.8,0,6,0,0,0,0,0,0,0,5625c4e64b22
AT,750,9,AT750.9,T750.9,0,18,0,0,0,0,0,0,0,e46e5439e476
AT,750,10,AT750.10,T750.10,0,11,0,0,0,0,0,0,0,1728be25d458
AT,751,0,AT751.0,T751.0,1,2,0,0,0,0,0,0,0,e9ceae5e081f
AT,751,1,AT751.1,T751.1,0,6,0,0,0,0,0,0,0,df3949d6d8b2
AT,751,2,AT751.2,T751.2,0,8,0,0,0,0,0,0,0,ba071a55a1e1
AT,751,3,AT751.3,T751.3,0,5,0,0,0,0,0,0,0,0edd4594edc3
AT,751,4,AT751.4,T751.4,0,9,0,0,0,0,0,0,0,ec20ce174223
AT,751,5,AT751.5,T751.5,0,9,0,0,0,0,0,0,0,5bf1d2019f6c
AT,751,6,AT751.6,T751.6,0,6,0,0,0,0,0,0,0,fa33ac1bce45
AT,751,7,AT751.7,T751.7,0,7,0,0,0,0,0,0,0,80f431cee50f
AT,751,8,AT751.8,T751.8,0,21,0,0,1,1,0,0,0,cda8e5066193
AT,751,9,AT751.9,T751.9,0,16,0,0,0,0,0,0,0,f17163a489c3
AT,751,10,AT751.10,T751.10,0,23,0,1,0,0,0,0,0,b33dcc0e1bdf
AT,752,0,AT752.0,T752.0,1,2,0,0,0,0,0,0,0,f21cd9f0c70f
AT,752,1,AT752.1,T752.1,0,11,1,0,0,0,0,0,1,90b6bb4abf82
AT,752,2,AT752.2,T752.2,0,10,1,0,0,0,0,1,0,975e7f917122
AT,752,3,AT752.3,T752.3,0,17,1,0,0,0,0,1,0,4f8d9f4db836
AT,752,4,AT752.4,T752.4,0,19,1,0,0,0,0,1,0,d439ca3f534b
AT,752,5,AT752.5,T752.5,0,10,0,0,0,0,0,0,0,52dbf911bf19
AT,752,6,AT752.6,T752.6,0,14,0,0,0,0,0,0,0,1b6b61469f0f
AT,752,7,AT752.7,T752.7,0,12,0,0,0,0,0,0,0,8890ebe2f206
AT,752,8,AT752.8,T752.8,0,6,0,0,0,0,0,0,0,34a26359dae5
AT,752,9,AT752.9,T752.9,0,9,0,0,0,0,0,0,0,6898ae7bd909
AT,752,10,AT752.10,T752.10,0,9,1,0,0,0,0,0,1,a349e0617363
AT,752,11,AT752.11,T752.11,0,11,0,0,0,0,0,0,0,0143e5274c0e
AT,752,12,AT752.12,T752.12,0,7,0,0,0,0,0,0,0,5ee15ed8cbc6
AT,752,13,AT752.13,T752.13,0,10,0,0,0,0,0,0,0,74eb3fbfa7d9
AT,752,14,AT752.14,T752.14,0,10,0,0,0,0,0,0,0,d1f3c95892c6
AT,752,15,AT752.15,T752.15,0,8,0,0,0,0,0,0,0,763b8d127578
AT,753,0,AT753.0,T753.0,1,2,0,0,0,0,0,0,0,201ef06c9733
AT,753,1,AT753.1,T753.1,0,3,0,0,0,0,0,0,0,9e415b8347cc
AT,753,2,AT753.2,T753.2,0,8,0,1,0,0,0,0,0,0c34bc7b55b2
AT,753,3,AT753.3,T753.3,0,9,0,0,0,0,0,0,0,699b9d8f63cb
AT,753,4,AT753.4,T753.4,0,9,0,0,0,0,0,0,0,42cfb9fae7a0
AT,753,5,AT753.5,T753.5,0,7,0,0,0,0,0,0,0,a5d30a4007b7
AT,753,6,AT753.6,T753.6,0,5,0,0,0,0,0,0,0,b5f6884db927
AT,753,7,AT753.7,T753.7,0,3,0,0,0,0,0,0,0,a880c20cf9ca
AT,753,8,AT753.8,T753.8,0,8,0,0,0,0,0,0,0,0114237fbc07
AT,753,9,AT753.9,T753.9,0,9,0,0,0,0,0,0,0,d116cc290d08
AT,753,10,AT753.10,T753.10,0,6,0,0,0,0,0,0,0,0add5c8fdc06
AT,753,11,AT753.11,T753.11,0,7,0,0,0,0,0,0,0,3d33e81ea5f3
AT,753,12,AT753.12,T753.12,0,8,0,0,0,0,0,0,0,d86c3589b12e
AT,753,13,AT753.13,T753.13,0,4,0,0,0,0,0,0,0,86b4bc177de7
AT,753,14,AT753.14,T753.14,0,10,0,0,0,0,0,0,0,b986cce9449c
AT,754,0,AT754.0,T754.0,1,2,0,0,0,0,0,0,0,770197002e64
AT,754,1,AT754.1,T754.1,0,9,0,0,0,0,0,0,0,4f09692a882a
AT,754,2,AT754.2,T754.2,0,11,0,0,0,0,0,0,0,c75e60677f64
AT,754,3,AT754.3,T754.3,0,11,0,0,0,0,0,0,0,ba9191184124
AT,754,4,AT754.4,T754.4,0,7,1,0,0,0,0,0,1,83ba50ec88a3
AT,754,5,AT754.5,T754.5,0,6,0,0,0,0,0,0,0,939325acba44
AT,754,6,AT754.6,T754.6,0,8,0,0,0,0,0,0,0,de6b47773c3f
AT,754,7,AT754.7,T754.7,0,17,0,0,0,0,0,0,0,f5a7c086c659
AT,754,8,AT754.8,T754.8,0,7,0,0,0,0,0,0,0,7e8e538b5755
AT,754,9,AT754.9,T754.9,0,9,0,0,0,0,0,0,0,3fbc66efda8b
AT,754,10,AT754.10,T754.10,0,11,0,0,0,0,0,0,0,beac23c71ce6
AT,755,0,AT755.0,T755.0,1,2,0,0,0,0,0,0,0,085e6f93a786
AT,755,1,AT755.1,T755.1,0,10,0,0,0,0,0,0,0,f77b9d65c5ff
AT,755,2,AT755.2,T755.2,0,9,0,0,0,0,0,0,0,2f11cc122cd8
AT,755,3,AT755.3,T755.3,0,6,0,0,0,0,0,0,0,a25ffe9750fe
AT,755,4,AT755.4,T755.4,0,16,0,0,0,0,0,0,0,c185ab6d08da
AT,755,5,AT755.5,T755.5,0,12,0,0,0,0,0,0,0,2a41dd3b8ffc
AT,755,6,AT755.6,T755.6,0,37,0,0,0,0,0,0,0,e2dcac441b33
AT,755,7,AT755.7,T755.7,0,7,0,0,0,0,0,0,0,776cb51fd611
AT,755,8,AT755.8,T755.8,0,11,0,0,0,0,0,0,0,ab18b04d0cf2
AT,755,9,AT755.9,T755.9,0,9,0,0,0,0,0,0,0,2f11cc122cd8
AT,756,0,AT756.0,T756.0,1,2,0,0,0,0,0,0,0,76945f5dc9d7
AT,756,1,AT756.1,T756.1,0,11,0,0,0,0,0,0,0,a23790f48ed1
AT,756,2,AT756.2,T756.2,0,8,0,0,0,0,0,0,0,d91ec38e526f
AT,756,3,AT756.3,T756.3,0,27,0,0,0,0,0,0,0,f4eab1ee5ee5
AT,756,4,AT756.4,T756.4,0,21,0,0,0,0,0,0,0,0cce8da333df
AT,756,5,AT756.5,T756.5,0,12,0,0,0,0,0,0,0,1b861260431f
AT,756,6,AT756.6,T756.6,0,46,0,0,0,0,0,0,0,b13b506d44ac
AT,756,7,AT756.7,T756.7,0,16,0,0,0,0,0,0,0,d6353be64ce8
AT,757,0,AT757.0,T757.0,1,2,0,0,0,0,0,0,0,f21cd9f0c70f
AT,757,1,AT757.1,T757.1,0,9,0,0,0,0,0,0,0,5a2ecb5a6bc7
AT,757,2,AT757.2,T757.2,0,6,0,0,1,0,0,0,0,681b75bb92d7
AT,757,3,AT757.3,T757.3,0,18,0,0,0,0,0,0,0,3928d309d446
AT,757,4,AT757.4,T757.4,0,7,0,1,0,0,0,0,0,8d9fcee42e51
AT,757,5,AT757.5,T757.5,0,17,0,0,0,0,0,0,0,0798f8c9bce3
AT,757,6,AT757.6,T757.6,0,23,0,0,0,0,0,0,0,49d2c14c3821
AT,757,7,AT757.7,T757.7,0,7,0,0,0,0,0,0,0,bd73578d218f
AT,757,8,AT757.8,T757.8,0,15,0,0,0,0,0,0,0,c989950dd473
AT,757,9,AT757.9,T757.9,0,9,1,0,0,0,0,0,1,096af999f381
AT,758,0,AT758.0,T758.0,1,2,0,0,0,0,0,0,0,c672ce404c64
AT,758,1,AT758.1,T758.1,0,36,0,0,0,1,0,0,0,f729c316126a
AT,758,2,AT758.2,T758.2,0,6,0,0,0,0,0,0,0,799df202baa2
AT,758,3,AT758.3,T758.3,0,9,0,0,0,0,0,0,0,5be1bcc1fe91
AT,758,4,AT758.4,T758.4,0,36,0,0,0,0,0,0,0,7cc2b596f12c
AT,758,5,AT758.5,T758.5,0,9,0,0,0,0,0,0,0,f88d280c2394
AT,758,6,AT758.6,T758.6,0,38,0,0,0,1,0,0,0,680517bf099d
AT,759,0,AT759.0,T759.0,1,2,0,0,0,0,0,0,0,201ef06c9733
AT,759,1,AT759.1,T759.1,0,19,0,0,0,0,0,0,0,4d16400c4e6f
AT,759,2,AT759.2,T759.2,0,45,0,0,0,0,0,0,0,b41b3151b907
AT,759,3,AT759.3,T759.3,0,11,0,0,0,0,0,0,0,ec909f73de61
AT,759,4,AT759.4,T759.4,0,6,0,0,0,0,0,0,0,40ea5f926862
AT,759,5,AT759.5,T759.5,0,8,0,0,0,0,0,0,0,c822d1b4c8bd
AT,759,6,AT759.6,T759.6,0,9,0,0,0,0,0,0,0,1d7dfd39e42d
AT,759,7,AT759.7,T759.7,0,8,0,1,0,0,0,0,0,dc21559dc828
AT,759,8,AT759.8,T759.8,0,7,0,0,0,1,0,0,0,1d4e72ba06b0
AT,760,0,AT760.0,T760.0,1,2,0,0,0,0,0,0,0,770197002e64
AT,760,1,AT760.1,T760.1,0,12,0,0,0,0,0,0,0,61d19039d004
AT,760,2,AT760.2,T760.2,0,10,0,0,0,0,0,0,0,8e2f8c77c86f
AT,760,3,AT760.3,T760.3,0,19,0,1,0,0,0,0,0,bdec19517b2a
AT,760,4,AT760.4,T760.4,0,14,0,0,0,0,0,0,0,1f77e13f3948
AT,760,5,AT760.5,T760.5,0,26,0,0,0,0,0,0,0,e25deefd2c2a
AT,760,6,AT760.6,T760.6,0,29,0,0,0,0,0,0,0,b6471f2a9259
AT,760,7,AT760.7,T760.7,0,10,0,0,0,0,0,0,0,ba98f02cc788
AT,761,0,AT761.0,T761.0,1,2,0,0,0,0,0,0,0,76945f5dc9d7
AT,761,1,AT761.1,T761.1,0,9,0,0,0,0,0,0,0,f3f9e76de712
AT,761,2,AT761.2,T761.2,0,18,0,0,0,0,0,0,0,aa2096c301fd
AT,761,3,AT761.3,T761.3,0,33,0,0,0,0,0,0,0,4fd8f2a92b2f
AT,761,4,AT761.4,T761.4,0,9,1,0,0,0,0,1,0,674d1e33d06f
AT,761,5,AT761.5,T761.5,0,18,0,0,0,0,0,0,0,07da9994ee3c
AT,762,0,AT762.0,T762.0,1,2,0,0,0,0,0,0,0,e9ceae5e081f
AT,762,1,AT762.1,T762.1,0,6,0,0,0,0,0,0,0,586a8ab95a99
AT,762,2,AT762.2,T762.2,0,14,0,0,0,0,0,0,0,9127641d6953
AT,762,3,AT762.3,T762.3,0,14,0,0,0,0,0,0,0,9baefcefe498
AT,762,4,AT762.4,T762.4,0,7,0,0,0,0,0,0,0,11cce6c0ae90
AT,762,5,AT762.5,T762.5,0,16,0,0,0,0,0,0,0,a137e1b291a9
AT,762,6,AT762.6,T762.6,0,12,0,0,0,0,0,0,0,88a124776a55
AT,762,7,AT762.7,T762.7,0,5,0,0,0,0,0,0,0,2e91c3533b49
AT,762,8,AT762.8,T762.8,0,5,0,0,0,0,0,0,0,ee08870fd014
AT,762,9,AT762.9,T762.9,0,6,0,0,0,0,0,0,0,d2dae92234b7
AT,762,10,AT762.10,T762.10,0,5,0,0,0,0,0,0,0,4a1fb98b3306
AT,763,0,AT763.0,T663.0,1,2,0,0,0,0,0,0,0,f21cd9f0c70f
AT,763,1,AT763.1,T763.1,0,21,0,0,0,0,0,0,0,dc1764f2158d
AT,763,2,AT763.2,T763.2,0,18,0,0,0,0,0,0,0,27106d0c208d
AT,763,3,AT763.3,T763.3,0,7,0,0,0,0,0,0,0,1e9fbc700927
AT,763,4,AT763.4,T763.4,0,8,0,0,0,0,0,0,0,83ee346b20fb
AT,763,5,AT763.5,T763.5,0,9,0,0,0,0,0,0,0,21bcc986ce7e
AT,763,6,AT763.6,T763.6,0,9,0,0,0,0,0,0,0,d0aa5e8316ce
AT,763,7,AT763.7,T763.7,0,12,0,0,0,0,0,0,0,3b8b56c19331
AT,763,8,AT763.8,T763.8,0,5,0,0,0,0,0,0,0,2877f641c582
AT,763,9,AT763.9,T763.9,0,8,0,0,0,0,0,0,0,7cb5a167f952
AT,764,0,AT764.0,T764.0,1,2,0,0,0,0,0,0,0,c672ce404c64
AT,764,1,AT764.1,T764.1,0,6,0,0,0,0,0,0,0,187068a17f03
AT,764,2,AT764.2,T764.2,0,12,0,0,0,0,0,0,0,89e8a79a4bb3
AT,764,3,AT764.3,T764.3,0,8,0,0,0,0,0,0,0,f8920f9058ef
AT,764,4,AT764.4,T764.4,0,19,0,0,0,0,0,0,0,2fb5d1caf2cf
AT,764,5,AT764.5,T764.5,0,5,0,0,0,0,0,0,0,dae71dd74338
AT,764,6,AT764.6,T764.6,0,9,0,0,0,0,0,0,0,ec63a4729fed
AT,764,7,AT764.7,T764.7,0,6,0,0,0,0,0,0,0,403bdb5805ad
AT,764,8,AT764.8,T764.8,0,5,0,0,0,0,0,0,0,08c9a222c822
AT,764,9,AT764.9,T764.9,0,7,0,0,0,0,0,0,0,ca25dc8857ea
AT,764,10,AT764.10,T764.10,0,15,0,0,0,0,0,0,0,133f2d5efadc
AT,764,11,AT764.11,T764.11,0,14,0,0,0,0,0,0,0,3bd16ba26f60
AT,764,12,AT764.12,T764.12,0,8,0,0,1,0,0,0,0,5541b5dc5d14
AT,765,0,AT765.0,T765.0,1,2,0,0,0,0,0,0,0,770197002e64
AT,765,1,AT765.1,T765.1,0,12,0,0,0,0,0,0,0,e2ce16d2903b
AT,765,2,AT765.2,T765.2,0,9,0,0,0,0,0,0,0,27fa845d1fce
AT,765,3,AT765.3,T765.3,0,6,0,0,0,0,0,0,0,1dd6429c324c
AT,765,4,AT765.4,T765.4,0,11,0,0,0,0,0,0,0,7f75e61e5116
AT,765,5,AT765.5,T765.5,0,11,0,0,0,0,0,0,0,cce91ef18867
AT,765,6,AT765.6,T765.6,0,37,0,0,0,0,0,0,0,a3a30408348c
AT,765,7,AT765.7,T765.7,0,5,0,0,0,0,0,0,0,385f3a8227c5
AT,765,8,AT765.8,T765.8,0,5,0,0,0,0,0,0,0,a05252cf2b34
AT,765,9,AT765.9,T765.9,0,4,0,0,0,0,0,0,0,b73d362e13ee
AT,765,10,AT765.10,T765.10,0,4,0,0,0,0,0,0,0,68e6e687a9b6
AT,765,11,AT765.11,T765.11,0,12,0,0,0,0,0,0,0,61ee460dba0d
AT,766,0,AT766.0,T766.0,1,2,0,0,0,0,0,0,0,085e6f93a786
AT,766,1,AT766.1,T766.1,0,9,0,0,0,0,0,0,0,09a2ebc6e2a1
AT,766,2,AT766.2,T766.2,0,12,0,0,0,0,0,0,0,70c9f4d47ce5
AT,766,3,AT766.3,T766.3,0,11,0,0,0,0,0,0,0,1352ba7d34d8
AT,974,0,AT974.0,T974.0,1,2,0,0,0,0,0,0,0,76945f5dc9d7
AT,974,1,AT974.1,T974.1,0,27,0,0,0,0,0,0,0,75b80bbea62e
AT,974,2,AT974.2,T974.2,0,12,0,0,0,0,0,0,0,0f04087f23d8
AT,974,3,AT974.3,T974.3,0,38,0,0,0,0,0,0,0,b6fc396b5738
AT,974,4,AT974.4,T974.4,0,11,0,0,0,0,0,0,0,9047c265fcc0
AT,975,0,AT975.0,T975.0,1,2,0,0,0,0,0,0,0,e9ceae5e081f
AT,975,1,AT975.1,T975.1,0,8,0,0,0,0,0,0,0,32403240fd07
AT,975,2,AT975.2,T975.2,0,12,0,0,0,0,0,0,0,03d8f0a8f22c
AT,975,3,AT975.3,T975.3,0,10,0,0,1,0,0,0,0,1007edbe8f2d
AT,975,4,AT975.4,T975.4,0,20,0,0,0,0,0,0,0,bd9f729f81b9
AT,976,0,AT976.0,T976.0,1,2,0,0,0,0,0,0,0,f21cd9f0c70f
AT,976,1,AT976.1,T976.1,0,13,0,0,0,0,0,0,0,33bce990de61
AT,976,2,AT976.2,T976.2,0,36,0,0,0,0,0,0,0,5418b2423195
AT,976,3,AT976.3,T976.3,0,14,0,0,0,0,0,0,0,a65ce3a79e19
AT,976,4,AT976.4,T976.4,0,10,0,0,0,0,0,0,0,5d4f2abd46e1
AT,976,5,AT976.5,T976.5,0,15,0,0,0,0,0,0,0,4b071ac525d4
AT,976,6,AT976.6,T976.6,0,9,0,0,0,0,0,0,0,ce2a27922a7e
AT,976,7,AT976.7,T976.7,0,48,0,1,0,0,0,0,0,791f9e2b165d
AT,977,0,AT977.0,T977.0,1,2,0,0,0,0,0,0,0,201ef06c9733
AT,977,1,AT977.1,T977.1,0,25,0,0,0,0,0,0,0,53c0d9106765
AT,977,2,AT977.2,T977.2,0,31,0,0,0,0,0,0,0,7f30dc23ba01
AT,977,3,AT977.3,T977.3,0,15,0,0,0,0,0,0,0,cfc48a758355
AT,977,4,AT977.4,T977.4,0,14,0,1,0,0,0,0,0,cd5f9eb0e95a
AT,977,5,AT977.5,T977.5,0,13,0,0,0,0,0,0,0,6cf746cf7415
AT,978,0,AT978.0,T978.0,1,2,0,0,0,0,0,0,0,770197002e64
AT,978,1,AT978.1,T978.1,0,24,0,0,0,0,0,0,0,3134d8042b65
AT,978,2,AT978.2,T978.2,0,45,0,0,0,0,0,0,0,e4a17e99f67f
AT,978,3,AT978.3,T978.3,0,8,0,0,0,0,0,0,0,0052b4aa3e60
AT,978,4,AT978.4,T978.4,0,13,0,1,0,0,0,0,0,4589a0ed2437
AT,978,5,AT978.5,T978.5,0,9,0,0,0,0,0,0,0,d22fe73949a2
AT,979,0,AT979.0,T979.0,1,2,0,0,0,0,0,0,0,085e6f93a786
AT,979,1,AT979.1,T979.1,0,9,0,0,0,0,0,0,0,04d130d47aca
AT,979,2,AT979.2,T979.2,0,12,0,0,0,0,0,0,0,65ac7658da24
AT,979,3,AT979.3,T979.3,0,15,0,0,0,0,0,0,0,865b902096f5
AT,980,0,AT980.0,T980.0,1,2,0,0,0,0,0,0,0,76945f5dc9d7
AT,980,1,AT980.1,T980.1,0,10,0,0,0,0,0,0,0,549233bd281e
AT,980,2,AT980.2,T980.2,0,5,0,0,0,0,0,0,0,496a32c30570
AT,980,3,AT980.3,T980.3,0,110,0,0,0,0,0,0,0,d527331c2953
AT,980,4,AT980.4,T980.4,0,142,0,0,0,0,0,0,0,e7767bd33d9f
AT,980,5,AT980.5,T980.5,0,10,0,0,0,0,1,0,0,22b34fb3bc0e
AT,980,6,AT980.6,T980.6,0,24,1,0,0,0,0,0,1,f32e12f15727
AT,980,7,AT980.7,T980.7,0,8,0,0,0,0,0,0,0,551992e8cc6b
AT,981,0,AT981.0,T981.0,1,2,0,0,0,0,0,0,0,f21cd9f0c70f
AT,981,1,AT981.1,T981.1,0,11,0,0,0,0,0,0,0,4dc8c42b0b2b
AT,981,2,AT981.2,T981.2,0,22,0,0,0,0,0,0,0,ef725e0141e9
AT,982,0,AT982.0,T982.0,1,2,0,0,0,0,0,0,0,c672ce404c64
AT,982,1,AT982.1,T982.1,0,10,0,0,0,0,0,0,0,8497fde8f760
AT,982,2,AT982.2,T982.2,0,8,0,0,0,0,0,0,0,8f7e78d7c375
AT,982,3,AT982.3,T982.3,0,17,0,0,0,0,0,0,0,4ffe9b27a2c5
AT,982,4,AT982.4,T982.4,0,22,0,0,0,0,0,0,0,b438f4253c14
AT,983,0,AT983.0,T983.0,1,2,0,0,0,0,0,0,0,201ef06c9733
AT,983,1,AT983.1,T983.1,0,47,0,0,0,0,0,0,0,d8dcb44f1fcd
AT,983,2,AT983.2,T983.2,0,8,0,0,0,0,0,0,0,ffc4510a2c76
AT,983,3,AT983.3,T983.3,0,11,0,0,0,0,0,0,0,83ece741e070
AT,983,4,AT983.4,T983.4,0,10,0,0,0,0,0,0,0,cd2b31f330a7
AT,984,0,AT984.0,T984.0,1,2,0,0,0,0,0,0,0,770197002e64
AT,984,1,AT984.1,T984.1,0,13,0,0,0,0,0,0,0,7f67eed15ad1
AT,984,2,AT984.2,T984.2,0,11,0,0,0,0,0,0,0,b08862e123ff
AT,984,3,AT984.3,T984.3,0,20,0,0,0,0,0,0,0,00b6e79ac337
AT,985,0,AT985.0,T985.0,1,2,0,0,0,0,0,0,0,76945f5dc9d7
AT,985,1,AT985.1,T985.1,0,15,0,0,0,0,0,0,0,e20117b0d3a2
AT,985,2,AT985.2,T985.2,0,15,0,0,0,0,0,0,0,09715c231ea4
AT,985,3,AT985.3,T985.3,0,8,0,0,0,0,0,0,0,3498dcf6aab1
AT,986,0,AT986.0,T986.0,1,2,0,0,0,0,0,0,0,e9ceae5e081f
AT,986,1,AT986.1,T986.1,0,12,0,0,0,0,0,0,0,1304fd04777d
AT,986,2,AT986.2,T986.2,0,9,0,0,0,0,0,0,0,1cb294834617
AT,986,3,AT986.3,T986.3,0,9,0,0,0,0,0,0,0,8e447ff565a6
AT,986,4,AT986.4,T986.4,0,61,0,0,0,0,0,0,0,3d93714bbe08
AT,987,0,AT987.0,T987.0,1,2,0,0,0,0,0,0,0,f21cd9f0c70f
AT,987,1,AT987.1,T987.1,0,24,0,0,0,0,0,0,0,7f5b992df24b
AT,987,2,AT987.2,T987.2,0,16,0,0,0,0,0,0,0,d08552390c8e
AT,987,3,AT987.3,T987.3,0,13,0,0,0,1,0,0,0,b98902afc481
AT,988,0,AT988.0,T988.0,1,2,0,0,0,0,0,0,0,c672ce404c64
AT,988,1,AT988.1,T988.1,0,34,0,0,0,0,0,0,0,c79db608a7df
AT,988,2,AT988.2,T988.2,0,26,0,0,0,0,0,0,0,31328b6b7f66
AT,988,3,AT988.3,T988.3,0,5,0,0,0,0,0,0,0,f0b29a7c8fea
AT,989,0,AT989.0,T989.0,1,2,0,0,0,0,0,0,0,770197002e64
AT,989,1,AT989.1,T989.1,0,17,0,0,0,0,0,0,0,28df2de7df20
AT,989,2,AT989.2,T989.2,0,67,0,0,0,0,0,0,0,bba18ec10c93
AT,989,3,AT989.3,T989.3,0,13,0,0,0,0,0,0,0,ec65f3d789a5
AT,989,4,AT989.4,T989.4,0,9,0,0,0,0,0,0,0,5899685a3502
AT,989,4,AT989.4,T989.4,0,7,0,0,0,0,0,0,0,b488d8ecff88
AT,990,0,AT990.0,T990.0,1,2,0,0,0,0,0,0,0,085e6f93a786
AT,990,1,AT990.1,T990.1,0,14,0,0,0,0,0,0,0,1963120fdf73
AT,990,2,AT990.2,T990.2,0,8,0,0,0,0,0,0,0,23dd19c2ad0d
AT,990,3,AT990.3,T990.3,0,27,0,0,0,0,0,0,0,5f491add3f0b
AT,991,0,AT991.0,T991.0,1,2,0,0,0,0,0,0,0,76945f5dc9d7
AT,991,1,AT991.1,T991.1,0,22,0,0,0,0,0,0,0,c91444619753
AT,991,2,AT991.2,T991.2,0,10,0,0,0,0,0,0,0,e990c52b6df2
AT,992,0,AT992.0,T992.0,1,2,0,0,0,0,0,0,0,e9ceae5e081f
AT,992,1,AT992.1,T992.1,0,39,0,0,0,0,0,0,0,9c3fc23485c7
AT,992,2,AT992.2,T992.2,0,15,0,0,0,0,0,0,0,fd352a8e48e1
AT,992,3,AT992.3,T992.3,0,14,0,0,0,0,0,0,0,95d3b5ddbeff
AT,992,4,AT992.4,T992.4,0,21,0,0,0,0,0,0,0,48f38f0184e1
AT,993,0,AT993.0,T993.0,1,2,0,0,0,0,0,0,0,c672ce404c64
AT,993,1,AT993.1,T993.1,0,10,0,0,0,0,0,0,0,c3a3053fd8cb
AT,993,2,AT993.2,T993.2,0,13,0,0,0,0,0,0,0,fb8cf9dacbb1
AT,993,3,AT993.3,T993.3,0,14,0,0,0,0,0,0,0,a5beb27164d4
AT,993,4,AT993.4,T993.4,0,26,0,0,0,0,0,0,0,35019a01dc76
AT,993,5,AT993.5,T993.5,0,22,0,0,0,0,0,0,0,8af243dd9feb
AT,994,0,AT994.0,T994.0,1,2,0,0,0,0,0,0,0,201ef06c9733
AT,994,1,AT994.1,T994.1,0,22,0,0,0,0,0,0,0,7ed73bedaa84
AT,994,2,AT994.2,T994.2,0,9,0,0,0,0,0,0,0,4880fc215cee
AT,994,3,AT994.3,T994.3,0,11,0,0,0,0,0,0,0,8b759b5e051f
AT,994,4,AT994.4,T994.4,0,9,0,0,0,0,0,0,0,189b853c8630
AT,994,5,AT994.5,T994.5,0,12,0,0,0,0,0,0,0,b812739316a7
AT,994,6,AT994.6,T994.6,0,18,0,0,0,0,0,0,0,7d9721ce8b22
AT,995,0,AT995.0,T995.0,1,2,0,0,0,0,0,0,0,770197002e64
AT,995,1,AT995.1,T995.1,0,9,0,0,0,0,0,0,0,89cb9b15038a
AT,995,2,AT995.2,T995.2,0,17,0,0,0,0,0,0,0,94da52fed283
AT,995,3,AT995.3,T995.3,0,14,0,1,0,0,0,0,0,5761797e4355
AT,995,4,AT995.4,T995.4,0,30,0,0,0,0,0,0,0,ca779123ec2f
AT,995,5,AT995.5,T995.5,0,18,0,0,0,0,0,0,0,61afd62d19b2
AT,996,0,AT996.0,T996.0,1,2,0,0,0,0,0,0,0,085e6f93a786
AT,996,1,AT996.1,T996.1,0,47,0,0,0,0,0,0,0,8c8e766a8777
AT,996,2,AT996.2,T996.2,0,9,0,0,0,0,0,0,0,d1db00c7037c
AT,996,3,AT996.3,T996.3,0,25,0,0,0,0,0,0,0,68cd0cf025ea
AT,996,4,AT996.4,T996.4,0,9,0,0,0,0,0,0,0,1aede44d3346
AT,996,5,AT996.5,T996.5,0,19,0,0,0,0,0,0,0,c60f7349e625
AT,996,6,AT996.6,T996.6,0,9,0,0,0,0,0,0,0,202888cda4ae
AT,997,0,AT997.0,T997.0,1,2,0,0,0,0,0,0,0,e9ceae5e081f
AT,997,1,AT997.1,T997.1,0,18,0,1,0,0,0,0,0,b1ec5b1feb80
AT,997,2,AT997.2,T997.2,0,13,0,0,0,0,0,0,0,bbdcf7d1b00d
AT,997,3,AT997.3,T997.3,0,13,0,0,1,0,0,0,0,791aac6f4c91
AT,997,4,AT997.4,T997.4,0,13,0,0,0,0,0,0,0,e89c3893feb6
AT,998,0,AT998.0,T998.0,1,2,0,0,0,0,0,0,0,f21cd9f0c70f
AT,998,1,AT998.1,T998.1,0,76,0,0,0,0,0,0,0,0bab5d9784a9
AT,998,2,AT998.2,T998.2,0,9,0,0,0,0,0,0,0,21f0944ff2ca
AT,998,3,AT998.3,T998.3,0,9,0,0,0,0,0,0,0,4da1c00c3de6
AT,998,4,AT998.4,T998.4,0,14,0,0,0,0,0,0,0,165c660126bf
AT,999,0,AT999.0,T999.0,1,2,0,0,0,0,0,0,0,c672ce404c64
AT,999,1,AT999.1,T999.1,0,15,0,0,0,0,0,0,0,91c66875746a
AT,999,2,AT999.2,T999.2,0,8,0,0,0,0,0,0,0,c33fe2147781
AT,999,3,AT999.3,T999.3,0,36,0,0,0,0,0,0,0,46d08f02e4e0
AT,999,4,AT999.4,T999.4,0,16,0,0,0,0,0,0,0,eb3544bf8c95
AT,999,5,AT999.5,T999.5,0,7,0,0,0,0,0,0,0,a361ff3fdbb0
AT,999,6,AT999.6,T999.6,0,17,0,0,0,0,0,0,0,ccb2f6a88f23
AT,999,7,AT999.7,T999.7,0,15,0,0,0,0,0,0,0,8472431d3647
AT,1000,0,AT1000.0,T1000.0,1,2,0,0,0,0,0,0,0,201ef06c9733
AT,1000,1,AT1000.1,T1000.1,0,15,0,0,0,0,0,0,0,bcee9c6f7e63
AT,1000,2,AT1000.2,T1000.2,0,6,0,0,0,0,0,0,0,614b8a3ecc8d
AT,1000,3,AT1000.3,T1000.3,0,9,0,0,0,0,0,0,0,98c00e0f6721
AT,1000,3,AT1000.3,T1000.3,0,10,0,0,0,0,0,0,0,3dcbb69f1e54
AT,1000,4,AT1000.4,T1000.4,0,8,0,0,0,0,0,0,0,87073ca1bb5f
AT,1000,5,AT1000.5,T1000.5,0,13,0,0,0,0,0,0,0,ee63ecb0b01d
AT,1000,6,AT1000.6,T1000.6,0,14,0,0,0,0,0,0,0,55ae4f59f7a8
AT,1000,7,AT1000.7,T1000.7,0,72,0,0,0,0,0,0,0,e619c5ddff8b
AT,1001,0,AT1001.0,T1001.0,1,2,0,0,0,0,0,0,0,085e6f93a786
AT,1001,1,AT1001.1,T1001.1,0,38,0,0,0,0,0,0,0,789ec7c5d30c
AT,1001,2,AT1001.2,T1001.2,0,11,0,0,0,0,0,0,0,14e155446e99
AT,1001,3,AT1001.3,T1001.3,0,16,0,0,0,0,0,0,0,4d4a9c9babf3
AT,1001,4,AT1001.4,T1001.4,0,14,0,0,0,0,0,0,0,31eee89b1384
AT,1001,5,AT1001.5,T1001.5,0,13,0,0,0,0,0,0,0,e9f56b40e58b
AT,1001,6,AT1001.6,T1001.6,0,10,0,0,0,0,0,0,0,acca76c300a5
AT,1001,7,AT1001.7,T1001.7,0,3,0,0,0,0,0,0,0,efff91db946a
AT,1002,0,AT1002.0,T1002.0,1,2,0,0,0,0,0,0,0,76945f5dc9d7
AT,1002,1,AT1002.1,T1002.1,0,75,0,0,0,0,0,0,0,ee9801a7394b
AT,1002,2,AT1002.2,T1002.2,0,10,0,0,0,0,0,0,0,b4bdd452265a
AT,1002,3,AT1002.3,T1002.3,0,20,0,0,0,0,0,0,0,4d56cdbfb0f5
AT,1002,4,AT1002.4,T1002.4,0,14,0,0,0,0,0,0,0,c0c8d71e5357
AT,1002,5,AT1002.5,T1002.5,0,32,0,0,0,0,0,0,0,bc1511d4c1f6
AT,1002,6,AT1002.6,T1002.6,0,9,0,0,0,0,0,0,0,ffe205c17fa1
AT,1003,0,AT1003.0,T1003.0,1,2,0,0,0,0,0,0,0,e9ceae5e081f
AT,1003,1,AT1003.1,T1003.1,0,61,0,0,0,0,0,0,0,e71e67020215
AT,1003,2,AT1003.2,T1003.2,0,25,0,0,0,0,0,0,0,db6c3cbdb61b
AT,1003,3,AT1003.3,T1003.3,0,24,0,0,0,0,0,0,0,2a8371e12431
AT,1003,4,AT1003.4,T1003.4,0,18,0,0,0,0,0,0,0,ea5e89c6100c
AT,1003,5,AT1003.5,T1003.5,0,8,0,0,0,0,0,0,0,6495cd2c485a
AT,1017,0,AT1017.0,T1017.0,1,2,0,0,0,0,0,0,0,770197002e64
AT,1017,1,AT1017.1,T1017.1,0,19,0,0,0,0,0,0,0,cf382a9482e5
AT,1017,2,AT1017.2,T1017.2,0,53,0,0,0,0,0,0,0,10b9ce96f2f6
AT,1017,3,AT1017.3,T1017.3,0,12,0,0,0,0,0,0,0,93fcfb9566e7
AT,1019,0,AT1019.0,T1019.0,1,7,0,0,0,0,0,0,0,636d83d3f56e
AT,1019,1,AT1019.1,T1019.1,0,15,0,0,0,0,0,0,0,c0ecda8cd716
AT,1019,2,AT1019.2,T1019.2,0,24,0,0,0,0,0,0,0,a0cd4336d5cc
AT,1019,3,AT1019.3,T1019.3,0,26,0,0,0,0,0,0,0,dab4ba42d65b
AT,1019,4,AT1019.4,T1019.4,0,15,0,0,0,0,0,0,0,27c5be3e2ed1
AT,1019,5,AT1019.5,T1019.5,0,12,0,0,0,0,0,0,0,9a3f36fc7f37
AT,1019,6,AT1019.6,T1019.6,0,48,0,0,0,0,0,0,0,bac959494b25
AT,1020,0,AT1020.0,T1020.0,1,20,0,0,0,0,0,0,0,5d709db476bb
AT,1020,1,AT1020.1,T1020.1,0,31,0,0,0,0,0,0,0,6a5949ff6e53
AT,1020,2,AT1020.2,T1020.2,0,44,0,0,0,0,0,0,0,7b91e3abed64
AT,1020,3,AT1020.3,T1020.3,0,9,0,0,0,0,0,0,0,afebc49b5ac2
AT,1020,4,AT1020.4,T1020.4,0,10,0,0,0,0,0,0,0,6c8f95d98ccb
AT,1020,5,AT1020.5,T1020.5,0,64,0,0,0,0,0,0,0,f6a523827b21
AT,1020,6,AT1020.6,T1020.6,0,15,0,0,0,0,0,0,0,06dcd883c21b
AT,1020,7,AT1020.7,T1020.7,0,31,0,0,0,0,0,0,0,4ddd28879ef6
AT,1020,8,AT1020.8,T1020.8,0,17,0,0,0,0,0,0,0,ea0b51fe7405
AT,1020,9,AT1020.9,T1020.9,0,9,0,0,0,0,0,0,0,4401be49cb8d
AT,1021,0,AT1021.0,T1021.0,1,7,0,0,0,0,0,0,0,7aad6dbb3a9c
AT,1021,1,AT1021.1,T1021.1,0,33,0,0,0,0,0,0,0,f7b703cc7991
AT,1021,2,AT1021.2,T1021.2,0,8,0,0,0,0,0,0,0,e52b1dafbd24
AT,1021,3,AT1021.3,T1021.3,0,15,0,0,0,0,0,0,0,acd637f343ff
AT,1021,4,AT1021.4,T1021.4,0,40,0,0,0,1,0,0,0,b86c1e0f128a
AT,1021,5,AT1021.5,T1021.5,0,14,0,0,0,0,0,0,0,10210c0f2112
AT,1021,6,AT1021.6,T1021.6,0,24,0,0,0,0,0,0,0,dadee7e840e3
AT,1021,7,AT1021.7,T1021.7,0,5,0,0,0,0,0,0,0,813e221763ef
AT,1022,0,AT1022.0,T1022.0,1,9,0,0,0,0,0,0,0,b10e6c152431
AT,1022,1,AT1022.1,T1022.1,0,9,0,0,0,0,0,0,0,f9cfc2b51748
AT,1022,2,AT1022.2,T1022.2,0,14,0,0,0,0,0,0,0,45ee9f350b6e
AT,1022,3,AT1022.3,T1022.3,0,11,0,0,0,0,0,0,0,d64bfbb165bc
AT,1022,4,AT1022.4,T1022.4,0,92,0,0,0,0,0,0,0,422a2f4b8de7
AT,1022,5,AT1022.5,T1022.5,0,12,0,0,0,0,0,0,0,30f782b306e3
AT,1022,6,AT1022.6,T1022.6,0,69,0,0,0,0,0,0,0,3e644004fdc0
AT,1022,7,AT1022.7,T1022.7,0,8,0,0,0,0,0,0,0,25e02ae7ad7a
AT,1022,8,AT1022.8,T1022.8,0,20,0,0,0,1,0,0,0,29a10e230c68
AT,1022,9,AT1022.9,T1022.9,0,18,0,0,0,0,0,0,0,9cecc94735b8
AT,1022,10,AT1022.10,T1022.10,0,16,0,0,0,1,0,0,0,4fdc4107a8df
AT,1022,11,AT1022.11,T1022.11,0,8,0,0,0,0,0,0,0,5778bb2e4607
AT,1023,0,AT1023.0,T1023.0,1,14,0,0,0,0,0,0,0,af1044657406
AT,1023,1,AT1023.1,T1023.1,0,17,0,0,0,0,0,0,0,0d86ff78fe7a
AT,1023,2,AT1023.2,T1023.2,0,29,0,0,0,0,0,0,0,4391cfaece6c
AT,1023,3,AT1023.3,T1023.3,0,25,0,0,0,0,0,0,0,654bd2e3a3ed
AT,1023,4,AT1023.4,T1023.4,0,20,0,0,0,0,0,0,0,6bab0abb83e9
AT,1023,5,AT1023.5,T1023.5,0,25,0,0,0,0,0,0,0,c81e55c0a71b
AT,1023,6,AT1023.6,T1023.6,0,17,0,0,0,0,0,0,0,dbb686ec8a4b
AT,1023,7,AT1023.7,T1023.7,0,14,0,0,0,0,0,0,0,8d8b49f1736e
AT,1023,8,AT1023.8,T1023.8,0,16,0,0,0,0,0,0,0,8abed45dddb9
AT,1023,9,AT1023.9,T1023.9,0,5,0,0,1,0,0,0,0,6bb8c0923fae
AT,1023,10,AT1023.10,T1023.10,0,27,0,0,0,0,0,0,0,0167f5cc538a
AT,1023,11,AT1023.11,T1023.11,0,16,0,0,0,0,0,0,0,de3931465648
AT,1024,0,AT1024.0,T1024.0,1,22,0,0,0,0,0,0,0,a77375a546ad
AT,1024,1,AT1024.1,T1024.1,0,40,0,0,0,0,0,0,0,0bbdbc1246e1
AT,1024,2,AT1024.2,T1024.2,0,10,0,0,0,0,0,0,0,78c4a203d5b8
AT,1024,3,AT1024.3,T1024.3,0,14,0,0,0,1,0,0,0,f5759ff98171
AT,1024,4,AT1024.4,T1024.4,0,46,0,0,0,0,0,0,0,925a27aae9e8
AT,1024,5,AT1024.5,T1024.5,0,12,0,0,0,0,0,0,0,7ecaa9c874ec
AT,1024,6,AT1024.6,T1024.6,0,15,0,0,0,0,0,0,0,775d9aa6c2c5
AT,1024,7,AT1024.7,T1024.7,0,26,0,0,0,0,0,0,0,512c77fa2f96
AT,1024,8,AT1024.8,T1024.8,0,32,0,0,0,0,0,0,0,81faf8fb1e5d
AT,1024,9,AT1024.9,T1024.9,0,8,0,0,0,0,0,0,0,4c2613caec0b
AT,1024,10,AT1024.10,T1024.10,0,7,0,0,0,0,0,0,0,9bce5eb9dc7a
AT,1025,0,AT1025.0,T1025.0,1,2,0,0,0,0,0,0,0,e9ceae5e081f
AT,1025,1,AT1025.1,T1025.1,0,9,0,0,0,0,0,0,0,6581f9157ec5
AT,1025,2,AT1025.2,T1025.2,0,22,0,0,0,0,0,0,0,77907a0d77dd
AT,1025,3,AT1025.3,T1025.3,0,7,0,0,0,0,0,0,0,be4ecf532630
AT,1025,4,AT1025.4,T1025.4,0,18,0,0,0,0,0,0,0,eaa0557795f3
AT,1025,5,AT1025.5,T1025.5,0,18,0,0,0,0,0,0,0,e9375eb9985c
AT,1025,6,AT1025.6,T1025.6,0,12,0,0,0,0,0,0,0,d5644eacb494
AT,1025,7,AT1025.7,T1025.7,0,6,0,0,0,0,0,0,0,083dcef75ab1
AT,1025,8,AT1025.8,T1025.8,0,11,0,0,0,0,0,0,0,6b0638cbe0db
AT,1026,0,AT1026.0,T1026.0,1,2,0,0,0,0,0,0,0,f21cd9f0c70f
AT,1026,1,AT1026.1,T1026.1,0,26,0,0,0,0,0,0,0,f30b849e70ff
AT,1026,2,AT1026.2,T1026.2,0,31,0,0,0,0,0,0,0,d0c8e8002def
AT,1026,3,AT1026.3,T1026.3,0,42,0,0,0,0,0,0,0,62e8776b9606
AT,1026,4,AT1026.4,T1026.4,0,15,0,0,0,0,0,0,0,8fa394b0b18f
AT,1026,5,AT1026.5,T1026.5,0,13,0,0,0,0,0,0,0,798717755d59
AT,1026,6,AT1026.6,T1026.6,0,13,0,0,0,0,0,0,0,6eb99938c75e
AT,1026,7,AT1026.7,T1026.7,0,32,0,0,0,0,0,0,0,f2c82a671109
AT,1026,8,AT1026.8,T1026.8,0,13,0,0,0,0,0,0,0,be2a395f4f2b
AT,1026,9,AT1026.9,T1026.9,0,39,0,0,0,0,0,0,0,8e522215ae01
AT,1027,0,AT1027.0,T1027.0,1,2,0,0,0,0,0,0,0,c672ce404c64
AT,1027,1,AT1027.1,T1027.1,0,16,0,0,0,0,0,0,0,5e16d2ec81b9
AT,1027,2,AT1027.2,T1027.2,0,11,0,0,0,0,0,0,0,1dd72005bbf0
AT,1027,3,AT1027.3,T1027.3,0,78,0,0,0,0,0,0,0,68bbf26555f5
AT,1027,4,AT1027.4,T1027.4,0,6,0,0,0,0,0,0,0,a287afb871a4
AT,1027,5,AT1027.5,T1027.5,0,6,0,0,0,0,0,0,0,2f6203426519
AT,1027,6,AT1027.6,T1027.6,0,5,0,0,0,0,0,0,0,cd4ae8a66c06
AT,1027,7,AT1027.7,T1027.7,0,11,0,0,0,0,0,0,0,c160b7a6b42c
AT,1027,8,AT1027.8,T1027.8,0,67,0,0,0,0,0,0,0,b8022ae95b88
AT,1027,9,AT1027.9,T1027.9,0,20,0,0,0,0,0,0,0,e10f9270d1d2
AT,1027,10,AT1027.10,T1027.10,0,19,0,0,0,0,0,0,0,0b7b02bd2683
AT,1028,0,AT1028.0,T1028.0,1,8,0,0,0,0,0,0,0,52b6354ddbb3
AT,1028,1,AT1028.1,T1028.1,0,7,0,0,0,0,0,0,0,faf857044202
AT,1028,2,AT1028.2,T1028.2,0,18,0,0,0,0,0,0,0,ee5cea170667
AT,1028,3,AT1028.3,T1028.3,0,8,0,0,0,0,0,0,0,8df6c5499981
AT,1028,4,AT1028.4,T1028.4,0,7,0,0,0,0,0,0,0,1af23ccc1ac6
AT,1029,0,AT1029.0,T1029.0,1,8,0,0,0,0,0,0,0,35ec1a10c680
AT,1029,1,AT1029.1,T1029.1,0,42,0,0,0,0,0,0,0,67477aab7dac
AT,1029,2,AT1029.2,T1029.2,0,33,0,0,0,0,0,0,0,91ee2a48a71c
AT,1029,3,AT1029.3,T1029.3,0,15,0,0,0,0,0,0,0,73dbaf1e18c9
AT,1029,4,AT1029.4,T1029.4,0,22,0,0,0,0,0,0,0,634402395a4a
AT,1029,5,AT1029.5,T1029.5,0,13,0,1,0,0,0,0,0,fd4d9ccca08e
AT,1029,6,AT1029.6,T1029.6,0,11,0,0,0,0,0,0,0,5d69b27a98ca
AT,1030,0,AT1030.0,T1030.0,1,8,0,0,0,0,0,0,0,8489b5a52c35
AT,1030,1,AT1030.1,T1030.1,0,13,0,0,0,0,0,0,0,a445a1c21afc
AT,1030,2,AT1030.2,T1030.2,0,21,0,0,0,0,0,0,0,ffc4fdff97c5
AT,1030,3,AT1030.3,T1030.3,0,20,0,0,0,0,0,0,0,6f37a9fe29fc
AT,1030,4,AT1030.4,T1030.4,0,12,0,0,0,0,0,0,0,fe447b57a534
AT,1030,5,AT1030.5,T1030.5,0,7,0,0,0,0,0,0,0,00e6d14c68b4
AT,1030,6,AT1030.6,T1030.6,0,13,0,0,0,0,0,0,0,33f3e99242c4
AT,1030,7,AT1030.7,T1030.7,0,13,0,0,0,0,0,0,0,d176d97bb0cf
AT,1030,8,AT1030.8,T1030.8,0,16,0,0,0,0,0,0,0,0096111c9d03
AT,1030,9,AT1030.9,T1030.9,0,16,0,0,0,0,0,0,0,b44d84eb7afa
AT,1030,10,AT1030.10,T1030.10,0,27,0,0,0,0,0,0,0,baa3e7cc5f9c
AT,1030,11,AT1030.11,T1030.11,0,11,0,0,1,0,0,0,0,60c8b6e5086c
AT,1030,12,AT1030.12,T1030.12,0,17,0,0,0,0,0,0,0,1d088915120c
AT,1030,13,AT1030.13,T1030.13,0,14,0,0,0,0,0,0,0,f072b0e626b7
AT,1030,14,AT1030.14,T1030.14,0,7,0,0,0,0,0,0,0,ae1557834154
AT,1030,15,AT1030.15,T1030.15,0,27,0,0,0,0,0,0,0,ef64a887e80d
AT,1030,16,AT1030.16,T1030.16,0,20,0,0,0,0,0,0,0,4ac2358cb21a
AT,1030,17,AT1030.17,T1030.17,0,39,0,0,0,0,0,0,0,ce7eea07eece
AT,1030,18,AT1030.18,T1030.18,0,17,0,0,0,0,0,0,0,317618562b48
AT,1031,0,AT1031.0,T1031.0,1,4,0,0,0,0,0,0,0,a25565adb21b
AT,1031,1,AT1031.1,T1031.1,0,11,0,0,0,0,0,0,0,0c7a78cfaa87
AT,1031,2,AT1031.2,T1031.2,0,14,0,0,0,0,0,0,0,b7dfe500abc2
AT,1031,3,AT1031.3,T1031.3,0,8,0,0,0,0,0,0,0,3071c60e91a1
AT,1031,4,AT1031.4,T1031.4,0,12,0,0,0,0,0,0,0,29a27644ef8f
AT,1031,5,AT1031.5,T1031.5,0,10,0,0,0,0,0,0,0,e962435cd2a0
AT,1031,6,AT1031.6,T1031.6,0,15,0,0,0,0,0,0,0,764938fe1fcb
AT,1031,7,AT1031.7,T1031.7,0,20,0,0,0,0,0,0,0,42f57306c64b
AT,1031,8,AT1031.8,T1031.8,0,30,0,0,0,0,0,0,0,eec09f7bbae3
AT,1031,9,AT1031.9,T1031.9,0,20,0,0,0,0,0,0,0,8522276d2228
AT,1031,10,AT1031.10,T1031.10,0,12,0,0,0,0,0,0,0,f1d1f88e6790
AT,1031,11,AT1031.11,T1031.11,0,17,0,0,0,0,0,0,0,c34087ebdfaf
AT,1031,12,AT1031.12,T1031.12,0,30,0,0,0,0,0,0,0,a55b6c9c523c
AT,1032,0,AT1032.0,T1032.0,1,2,0,0,0,0,0,0,0,f21cd9f0c70f
AT,1032,1,AT1032.1,T1032.1,0,19,0,0,0,0,0,0,0,1613fb73a638
AT,1032,2,AT1032.2,T1032.2,0,6,0,0,0,0,0,0,0,ba72862620f9
AT,1032,3,AT1032.3,T1032.3,0,5,0,0,0,0,0,0,0,65860c99156b
AT,1032,4,AT1032.4,T1032.4,0,11,0,0,0,0,0,0,0,3acb86779d1d
AT,1032,5,AT1032.5,T1032.5,0,9,0,0,0,0,0,0,0,315e10c92f99
AT,1032,6,AT1032.6,T1032.6,0,17,0,0,0,0,0,0,0,37424c38b153
AT,1032,7,AT1032.7,T1032.7,0,14,0,0,0,0,1,0,0,a864f314d3e1
AT,1033,0,AT1033.0,T1033.0,1,2,0,0,0,0,0,0,0,201ef06c9733
AT,1033,1,AT1033.1,T1033.1,0,33,0,0,0,0,0,0,0,87ffbdebfbc0
AT,1033,2,AT1033.2,T1033.2,0,8,0,0,0,0,0,0,0,45b262029d65
AT,1033,3,AT1033.3,T1033.3,0,16,0,0,0,0,0,0,0,436e5b7d1a62
AT,1033,4,AT1033.4,T1033.4,0,5,0,0,0,0,0,0,0,90e05323de70
AT,1033,5,AT1033.5,T1033.5,0,23,0,0,0,0,0,0,0,e7b038e97bb8
AT,1033,6,AT1033.6,T1033.6,0,19,0,0,0,0,0,0,0,45f0be9bf15c
AT,1033,7,AT1033.7,T1033.7,0,22,0,0,0,0,0,0,0,485821de7fa8
AT,1033,8,AT1033.8,T1033.8,0,12,0,0,0,0,0,0,0,1efcdceb5bee
AT,1034,0,AT1034.0,T1034.0,1,2,0,0,0,0,0,0,0,770197002e64
AT,1034,1,AT1034.1,T1034.1,0,15,0,1,0,0,0,0,0,59afd5420fa0
AT,1034,2,AT1034.2,T1034.2,0,14,0,0,0,0,0,0,0,bca700b41051
AT,1034,3,AT1034.3,T1034.3,0,8,0,0,0,0,0,0,0,63e71ff06126
AT,1034,4,AT1034.4,T1034.4,0,26,0,0,0,0,0,0,0,bf01b79e5319
AT,1034,5,AT1034.5,T1034.5,0,26,0,0,0,0,0,0,0,dc87939157a2
AT,1034,6,AT1034.6,T1034.6,0,11,0,0,0,0,0,0,0,0d495df143b1
AT,1034,7,AT1034.7,T1034.7,0,12,0,0,0,0,0,0,0,d9b3df1b7288
AT,1035,0,AT1035.0,T1035.0,1,2,0,0,0,0,0,0,0,085e6f93a786
AT,1035,1,AT1035.1,T1035.1,0,8,0,0,0,0,0,0,0,7799076190f7
AT,1036,0,AT1036.0,T1036.0,1,2,0,0,0,0,0,0,0,76945f5dc9d7
AT,1036,1,AT1036.1,T1036.1,0,18,0,0,0,0,0,0,0,7170e2609859
AT,1036,2,AT1036.2,T1036.2,0,21,0,0,0,0,0,0,0,e893011fd0fa
AT,1036,3,AT1036.3,T1036.3,0,15,0,0,0,0,0,0,0,986f53c27c29
AT,1036,4,AT1036.4,T1036.4,0,10,0,0,0,0,0,0,0,1b0a3b5b29cb
AT,1036,5,AT1036.5,T1036.5,0,14,0,0,0,0,0,0,0,999697c97f7c
AT,1036,6,AT1036.6,T1036.6,0,18,0,0,0,0,0,0,0,ad2c241392d5
AT,1036,7,AT1036.7,T1036.7,0,13,0,0,0,0,0,0,0,ed37a78e58a2
AT,1036,8,AT1036.8,T1036.8,0,17,0,0,0,0,0,0,0,a339907a5748
AT,1036,9,AT1036.9,T1036.9,0,13,0,0,1,0,0,0,0,1952036fdf6b
AT,1037,0,AT1037.0,T1037.0,1,2,0,0,0,0,0,0,0,f21cd9f0c70f
AT,1037,1,AT1037.1,T1037.1,0,16,0,0,0,0,0,0,0,bcb8d4203b47
AT,1037,2,AT1037.2,T1037.2,0,9,0,0,0,0,0,0,0,db7cfb53603c
AT,1037,3,AT1037.3,T1037.3,0,12,0,0,0,0,0,0,0,14d006082f95
AT,1037,4,AT1037.4,T1037.4,0,9,0,0,0,0,0,0,0,d1abdb75cd6b
AT,1037,5,AT1037.5,T1037.5,0,12,0,0,0,0,0,0,0,369075d342f2
AT,1037,6,AT1037.6,T1037.6,0,10,0,0,0,0,0,0,0,c7e32bbccd19
AT,1037,7,AT1037.7,T1037.7,0,20,0,0,0,0,0,0,0,09b793771aa4
AT,1037,8,AT1037.8,T1037.8,0,9,0,0,0,0,0,0,0,e3ce52561182
AT,1037,9,AT1037.9,T1037.9,0,14,0,0,0,0,0,0,0,d777a222fb33
AT,1038,0,AT1038.0,T1038.0,1,2,0,0,0,0,0,0,0,c672ce404c64
AT,1038,1,AT1038.1,T1038.1,0,10,0,1,0,0,0,0,0,44ce0bf18d0b
AT,1038,2,AT1038.2,T1038.2,0,10,0,0,0,0,0,0,0,cf5ac4d3c20d
AT,1038,3,AT1038.3,T1038.3,0,28,0,0,0,0,0,0,0,d2af123a79a4
AT,1038,4,AT1038.4,T1038.4,0,18,0,0,0,0,0,0,0,ed491ee14057
AT,1038,5,AT1038.5,T1038.5,0,20,0,0,1,0,0,0,0,f5cb0da43337
AT,1038,6,AT1038.6,T1038.6,0,13,0,0,0,0,0,0,0,f780093459f1
AT,1038,7,AT1038.7,T1038.7,0,7,0,0,0,0,0,0,0,fd56f70f2bcc
AT,1039,0,AT1039.0,T1039.0,1,7,0,0,0,0,0,0,0,25e5a2775028
AT,1039,1,AT1039.1,T1039.1,0,10,0,0,1,0,0,0,0,a0debbe3166b
AT,1039,2,AT1039.2,T1039.2,0,19,0,0,0,0,0,0,0,efb2e00f3138
AT,1039,3,AT1039.3,T1039.3,0,43,0,0,0,0,0,0,0,b772cdeaf8fc
AT,1039,4,AT1039.4,T1039.4,0,12,0,0,0,0,0,0,0,7387e7a6f926
AT,1039,5,AT1039.5,T1039.5,0,7,0,0,0,0,0,0,0,73fbb0a5785d
AT,1039,6,AT1039.6,T1039.6,0,23,0,0,0,0,0,0,0,a8ef92128637
AT,1039,7,AT1039.7,T1039.7,0,19,0,0,0,0,0,0,0,8e3cf232547b
AT,1039,8,AT1039.8,T1039.8,0,17,0,0,0,0,0,0,0,8be37d4df920
AT,1039,9,AT1039.9,T1039.9,0,12,0,0,0,0,0,0,0,bba3cacb472a
AT,1040,0,AT1040.0,T1040.0,1,2,0,0,0,0,0,0,0,770197002e64
AT,1040,1,AT1040.1,T1040.1,0,15,0,1,0,0,0,0,0,901e63a52047
AT,1040,2,AT1040.2,T1040.2,0,34,0,0,0,0,0,0,0,2bb683ccb427
AT,1040,3,AT1040.3,T1040.3,0,14,0,0,0,0,0,0,0,7506657347b5
AT,1040,4,AT1040.4,T1040.4,0,13,0,0,0,0,0,0,0,3a9c5b34a675
AT,1040,5,AT1040.5,T1040.5,0,23,0,0,0,0,0,0,0,13ddfc04131a
AT,1041,0,AT1041.0,T1041.0,1,6,0,0,0,0,0,0,0,c93411582497
AT,1041,1,AT1041.1,T1041.1,0,21,0,0,0,0,0,0,0,ff9bc7d67933
AT,1041,2,AT1041.2,T1041.2,0,13,0,0,0,0,0,0,0,76d1005d5f49
AT,1041,3,AT1041.3,T1041.3,0,44,0,0,0,0,0,0,0,677e35a7df91
AT,1041,4,AT1041.4,T1041.4,0,50,0,0,0,0,0,0,0,4f4f133250b3
AT,1041,5,AT1041.5,T1041.5,0,58,0,0,0,0,0,0,0,5ef189a4302f
AT,1041,6,AT1041.6,T1041.6,0,14,0,0,0,0,0,0,0,f82c7febb683
AT,1041,7,AT1041.7,T1041.7,0,33,0,0,0,0,0,0,0,3a66ec06e749
AT,1041,8,AT1041.8,T1041.8,0,23,0,0,0,0,0,0,0,e295edb2841c
AT,1042,0,AT1042.0,T1042.0,1,10,0,0,0,0,0,0,0,6cf05d5af0c4
AT,1042,1,AT1042.1,T1042.1,0,7,0,0,0,0,0,0,0,611bb848b8e3
AT,1042,2,AT1042.2,T1042.2,0,6,0,0,0,0,0,0,0,f7f4c641a8e9
AT,1042,3,AT1042.3,T1042.3,0,55,0,0,0,0,0,0,0,d5b4040ee6cc
AT,1042,4,AT1042.4,T1042.4,0,25,0,0,0,0,0,0,0,4eb7b331ab81
AT,1043,0,AT1043.0,T1043.0,1,5,0,0,0,0,0,0,0,9f0104e60145
AT,1043,1,AT1043.1,T1043.1,0,16,0,0,0,0,0,0,0,e24121b61ae6
AT,1043,2,AT1043.2,T1043.2,0,5,0,0,0,0,0,0,0,b3237cd7966f
AT,1043,3,AT1043.3,T1043.3,0,25,0,0,0,0,0,0,0,fa13ec14146b
AT,1043,4,AT1043.4,T1043.4,0,30,0,0,0,0,0,0,0,9d65c254d270
AT,1043,5,AT1043.5,T1043.5,0,54,0,0,0,0,0,0,0,d10911645780
AT,1043,6,AT1043.6,T1043.6,0,59,0,1,0,1,0,0,0,86f8b2a66470
AT,1043,7,AT1043.7,T1043.7,0,19,0,0,0,0,0,0,0,cd07097bf065
AT,1043,8,AT1043.8,T1043.8,0,62,0,0,0,0,0,0,0,424cde1238c4
AT,1044,0,AT1044.0,T1044.0,1,10,0,0,0,0,0,0,0,29750a6d31f9
AT,1044,1,AT1044.1,T1044.1,0,10,0,0,0,0,0,0,0,75ba374e11b8
AT,1044,2,AT1044.2,T1044.2,0,6,0,0,0,1,0,0,0,7157c398889b
AT,1044,3,AT1044.3,T1044.3,0,17,0,0,0,0,0,0,0,e4979e2730a9
AT,1044,4,AT1044.4,T1044.4,0,11,0,0,0,0,0,0,0,04c7c4191f71
AT,1044,5,AT1044.5,T1044.5,0,17,0,0,0,0,0,0,0,eff7100762ea
AT,1044,6,AT1044.6,T1044.6,0,21,0,0,0,0,0,0,0,473cc8ea41dd
AT,1044,7,AT1044.7,T1044.7,0,28,0,0,0,0,0,0,0,26b63ca5741c
AT,1044,8,AT1044.8,T1044.8,0,31,0,0,0,0,0,0,0,e1ce66d0be63
AT,1045,0,AT1045.0,T1045.0,1,18,0,0,0,0,0,0,0,9a4bbca0b723
AT,1045,1,AT1045.1,T1045.1,0,9,0,0,0,0,0,0,0,f2fad57a1333
AT,1045,2,AT1045.2,T1045.2,0,15,0,0,0,0,0,0,0,42d4461f5d6c
AT,1045,3,AT1045.3,T1045.3,0,16,0,0,0,0,0,0,0,28ec6958ad75
AT,1045,4,AT1045.4,T1045.4,0,7,0,0,0,0,0,0,0,76c6e53a93cc
AT,1045,5,AT1045.5,T1045.5,0,34,0,0,0,0,0,0,0,6b21014fba0a
AT,1045,6,AT1045.6,T1045.6,0,37,0,0,0,0,0,0,0,44b5388888f3
AT,1045,7,AT1045.7,T1045.7,0,13,0,0,0,0,0,0,0,6a619d85f081
AT,1045,8,AT1045.8,T1045.8,0,18,0,0,0,0,0,0,0,2753d41ec1c1
AT,1045,9,AT1045.9,T1045.9,0,9,0,0,0,0,0,0,0,b3de51df4992
AT,1045,10,AT1045.10,T1045.10,0,28,0,1,0,0,0,0,0,fb0116910601
AT,1045,11,AT1045.11,T1045.11,0,18,0,0,0,0,0,0,0,90566682bdbc
AT,1045,12,AT1045.12,T1045.12,0,21,0,0,0,0,0,0,0,2f90c1ed6cea
AT,1045,13,AT1045.13,T1045.13,0,24,0,0,0,0,0,0,0,5cca9ad61539
AT,1046,0,AT1046.0,T1046.0,1,3,0,0,0,0,0,0,0,d47fcef8cbad
AT,1046,1,AT1046.1,T1046.1,0,35,0,0,0,0,0,0,0,45d89ab98c94
AT,1046,2,AT1046.2,T1046.2,0,12,0,0,0,0,0,0,0,a654bed4b616
AT,1046,3,AT1046.3,T1046.3,0,24,0,0,0,0,0,0,0,a602c578a377
AT,1046,4,AT1046.4,T1046.4,0,17,0,0,0,0,0,0,0,e9955a44865d
AT,1046,5,AT1046.5,T1046.5,0,13,0,0,0,0,0,0,0,3abcb09c3e2e
AT,1046,6,AT1046.6,T1046.6,0,5,0,0,0,0,0,0,0,61108c3900d2
AT,1046,7,AT1046.7,T1046.7,0,14,0,0,0,0,0,0,0,468c0f22eee9
AT,1046,8,AT1046.8,T1046.8,0,6,0,0,0,0,0,0,0,a3ba93dd4777
AT,1047,0,AT1047.0,T1047.0,1,8,0,0,0,0,0,0,0,53b4167757a9
AT,1047,1,AT1047.1,T1047.1,0,5,0,0,0,0,0,0,0,100a7eb4af5a
AT,1047,2,AT1047.2,T1047.2,0,25,0,0,0,0,0,0,0,a05b6c9861e7
AT,1047,3,AT1047.3,T1047.3,0,11,0,0,0,0,0,0,0,abc66e5730c3
AT,1047,4,AT1047.4,T1047.4,0,26,0,0,0,0,0,0,0,8a6289207ce5
AT,1047,5,AT1047.5,T1047.5,0,11,0,0,0,0,0,0,0,f537f6f56f04
AT,1047,6,AT1047.6,T1047.6,0,30,0,0,0,0,0,0,0,62e8b49dcc61
AT,1047,7,AT1047.7,T1047.7,0,10,0,0,0,0,0,0,0,1609640ee96d
AT,1048,0,AT1048.0,T1048.0,1,9,0,0,0,0,0,0,0,e5cf83e3d922
AT,1048,1,AT1048.1,T1048.1,0,7,0,0,0,0,0,0,0,37b157624890
AT,1048,2,AT1048.2,T1048.2,0,34,0,0,0,0,0,0,0,627c530b3a30
AT,1048,3,AT1048.3,T1048.3,0,22,0,0,0,0,0,0,0,0cab71f72f19
AT,1048,4,AT1048.4,T1048.4,0,8,0,0,0,0,0,0,0,bdab4ed8e075
AT,1048,5,AT1048.5,T1048.5,0,7,0,0,0,0,0,0,0,66be5b6b5547
AT,1048,6,AT1048.6,T1048.6,0,19,0,0,0,0,0,0,0,50b38b72bfb3
AT,1048,7,AT1048.7,T1048.7,0,10,0,0,0,0,0,0,0,1e1130fe9113
AT,1048,8,AT1048.8,T1048.8,0,13,0,0,0,0,0,0,0,bc58aae3718d
AT,1048,9,AT1048.9,T1048.9,0,19,0,0,0,0,0,0,0,dc9fd1364a24
AT,1048,10,AT1048.10,T1048.10,0,34,0,0,0,0,0,0,0,e9473fd78495
AT,1048,11,AT1048.11,T1048.11,0,29,0,0,0,0,0,0,0,a8602d432ad2
AT,1048,12,AT1048.12,T1048.12,0,19,0,0,0,0,0,0,0,78d123b060fd
AT,1048,13,AT1048.13,T1048.13,0,34,0,0,0,0,0,0,0,1da891477453
AT,1049,0,AT1049.0,T1049.0,1,10,0,0,0,0,0,0,0,908d37e4f69e
AT,1049,1,AT1049.1,T1049.1,0,29,0,0,0,0,0,0,0,892f3fb12db3
AT,1049,2,AT1049.2,T1049.2,0,43,0,0,0,0,0,0,0,4fb470d120ba
AT,1049,3,AT1049.3,T1049.3,0,18,0,0,0,0,0,0,0,0ffe6841961a
AT,1049,4,AT1049.4,T1049.4,0,16,0,0,0,0,0,0,0,1bbecd423dc5
AT,1049,5,AT1049.5,T1049.5,0,20,0,0,0,0,0,0,0,d0b4db5c38af
AT,1049,6,AT1049.6,T1049.6,0,23,0,0,0,0,0,0,0,2ff171a24866
AT,1050,0,AT1050.0,T1050.0,1,9,0,0,0,0,0,0,0,7eba3ec4d1e0
AT,1050,1,AT1050.1,T1050.1,0,14,0,0,0,0,0,0,0,e7c0d8b49242
AT,1050,2,AT1050.2,T1050.2,0,24,0,0,0,0,0,0,0,de498f02754f
AT,1050,3,AT1050.3,T1050.3,0,9,0,0,0,0,0,0,0,2af9829f9bf1
AT,1050,4,AT1050.4,T1050.4,0,10,0,0,0,0,0,0,0,340d48ab0afe
AT,1050,5,AT1050.5,T1050.5,0,8,0,0,0,0,0,0,0,8b4e995f1a15
AT,1051,0,AT1051.0,T1051.0,1,10,0,0,0,0,0,0,0,ac71923454a7
AT,1051,1,AT1051.1,T1051.1,0,15,0,0,0,0,0,0,0,3efd6c564937
AT,1051,2,AT1051.2,T1051.2,0,11,0,0,0,0,0,0,0,2943c9ae6ab3
AT,1051,3,AT1051.3,T1051.3,0,27,0,1,0,0,0,0,0,fee6b35f7576
AT,1051,4,AT1051.4,T1051.4,0,35,0,0,0,0,0,0,0,eeeb1cc137bf
AT,1051,5,AT1051.5,T1051.5,0,12,0,0,0,0,0,0,0,02c29b67f782
AT,1051,6,AT1051.6,T1051.6,0,27,0,0,0,0,0,0,0,ad092d1b5107
AT,1051,7,AT1051.7,T1051.7,0,15,0,0,0,0,0,0,0,01f9d3a7f1c0
AT,1051,8,AT1051.8,T1051.8,0,19,0,0,0,0,0,0,0,fd03385a38fa
AT,1051,9,AT1051.9,T1051.9,0,22,0,0,0,0,0,0,0,a4ec882d3160
AT,1051,10,AT1051.10,T1051.10,0,13,0,0,0,0,0,0,0,e43e8d2a520e
AT,1051,11,AT1051.11,T1051.11,0,12,0,0,0,0,0,0,0,8b05750ae962
AT,1052,0,AT1052.0,T1052.0,1,9,0,0,0,0,0,0,0,6adf9a1c7ba5
AT,1052,1,AT1052.1,T1052.1,0,16,0,0,0,0,0,0,0,78dd76576115
AT,1052,2,AT1052.2,T1052.2,0,72,0,0,0,0,0,0,0,9cf71565d216
AT,1052,3,AT1052.3,T1052.3,0,22,0,0,0,0,0,0,0,71fe2a9d1ba1
AT,1052,4,AT1052.4,T1052.4,0,14,0,0,0,0,0,0,0,08b10f73ae40
AT,1052,5,AT1052.5,T1052.5,0,13,0,0,0,0,0,0,0,f158b421ae26
AT,1053,0,AT1053.0,T1053.0,1,9,0,0,0,0,0,0,0,6ebc4a4c3168
AT,1053,1,AT1053.1,T1053.1,0,35,0,0,0,0,0,0,0,6450cbea9cab
AT,1053,2,AT1053.2,T1053.2,0,18,0,0,0,0,0,0,0,2acaacb99158
AT,1053,3,AT1053.3,T1053.3,0,28,0,0,0,0,0,0,0,8f4458a656f7
AT,1053,4,AT1053.4,T1053.4,0,40,0,0,0,0,0,0,0,d3d673bcafcc
AT,1053,5,AT1053.5,T1053.5,0,28,0,0,0,0,0,0,0,ff05489f7eb7
AT,1053,6,AT1053.6,T1053.6,0,75,0,0,0,0,0,0,0,99e9ac5959f6
AT,1053,7,AT1053.7,T1053.7,0,15,0,0,0,0,0,0,0,c80e8e22604b
AT,1054,0,AT1054.0,T1054.0,1,7,0,0,0,0,0,0,0,7f00c6187dbd
AT,1054,1,AT1054.1,T1054.1,0,36,0,0,0,0,0,0,0,a97de536b8db
AT,1054,2,AT1054.2,T1054.2,0,130,0,0,0,0,0,0,0,78cac2bdecbc
AT,1054,3,AT1054.3,T1054.3,0,22,0,0,0,0,0,0,0,60a80c670abd
AT,1054,4,AT1054.4,T1054.4,0,8,0,0,0,0,0,0,0,ca14e94ef96b
AT,1054,5,AT1054.5,T1054.5,0,14,0,1,0,0,0,0,0,7dd3d2748607
AT,1054,6,AT1054.6,T1054.6,0,35,0,0,0,0,0,0,0,0693d9987c68
AT,1054,7,AT1054.7,T1054.7,0,9,0,0,0,0,0,0,0,1bf8ae83a18e
AT,1054,8,AT1054.8,T1054.8,0,47,0,0,0,0,1,0,0,b6c4489a2f97
AT,1054,9,AT1054.9,T1054.9,0,6,0,0,0,0,0,0,0,54cfce2c14a9
AT,1055,0,AT1055.0,T1055.0,1,7,0,0,0,0,0,0,0,ad1e2675968d
AT,1055,1,AT1055.1,T1055.1,0,11,0,0,0,0,0,0,0,ea26d20d766f
AT,1055,2,AT1055.2,T1055.2,0,23,0,0,0,0,0,0,0,19e87430fcab
AT,1055,3,AT1055.3,T1055.3,0,22,0,0,0,0,0,0,0,e37ac2f32ad6
AT,1055,4,AT1055.4,T1055.4,0,45,0,0,0,0,0,0,0,459a598bb046
AT,1055,5,AT1055.5,T1055.5,0,19,0,1,0,0,0,0,0,42306b63ce37
AT,1055,6,AT1055.6,T1055.6,0,21,0,0,0,0,0,0,0,9240e44b4d4d
AT,1055,7,AT1055.7,T1055.7,0,5,0,0,0,0,0,0,0,35026036b7d5
AT,1055,8,AT1055.8,T1055.8,0,29,0,0,0,0,0,0,0,fdd58b148cb9
AT,1056,0,AT1056.0,T1056.0,1,7,0,0,0,0,0,0,0,f1655edd29e5
AT,1056,1,AT1056.1,T1056.1,0,9,0,0,0,0,0,0,0,54287daca75c
AT,1056,2,AT1056.2,T1056.2,0,14,0,0,0,0,0,0,0,f0fa71cff8b5
AT,1056,3,AT1056.3,T1056.3,0,31,0,0,0,0,0,0,0,2cf479f443e0
AT,1056,4,AT1056.4,T1056.4,0,10,0,0,0,0,0,0,0,14751be16633
AT,1056,5,AT1056.5,T1056.5,0,11,0,0,0,0,0,0,0,a84d0693ad6f
AT,1057,0,AT1057.0,T1057.0,1,6,0,0,0,0,0,0,0,6dc3b410e622
AT,1057,1,AT1057.1,T1057.1,0,9,0,0,0,0,0,0,0,19cd83754513
AT,1057,2,AT1057.2,T1057.2,0,24,0,0,0,0,0,0,0,5be35fbc02aa
AT,1057,3,AT1057.3,T1057.3,0,11,0,0,0,0,0,0,0,9ec3977aa6d5
AT,1057,4,AT1057.4,T1057.4,0,22,0,0,0,0,0,0,0,7f03404e9744
AT,1058,0,AT1058.0,T1058.0,1,6,0,0,0,0,0,0,0,6e15369d053d
AT,1058,1,AT1058.1,T1058.1,0,13,0,1,0,0,0,0,0,fccba9e465da
AT,1058,2,AT1058.2,T1058.2,0,14,0,0,0,0,0,0,0,9c80efb003e8
AT,1058,3,AT1058.3,T1058.3,0,61,0,0,0,0,0,0,0,04d7d261fbc6
AT,1058,4,AT1058.4,T1058.4,0,36,0,0,0,0,0,0,0,560710f68e94
AT,1058,5,AT1058.5,T1058.5,0,15,0,1,0,0,0,0,0,356cb691fca3
AT,1058,6,AT1058.6,T1058.6,0,15,0,0,0,0,0,0,0,fbdf3b3c681b
AT,1058,7,AT1058.7,T1058.7,0,8,0,0,0,0,0,0,0,204e222e8386
AT,1059,0,AT1059.0,T1059.0,1,7,0,0,0,0,0,0,0,b3bfb256bd54
AT,1059,1,AT1059.1,T1059.1,0,11,0,0,0,0,0,0,0,9ebfd0569643
AT,1059,2,AT1059.2,T1059.2,0,28,0,0,0,0,0,0,0,35d308d78a4b
AT,1059,3,AT1059.3,T1059.3,0,10,0,0,0,0,0,0,0,97e293b82e6d
AT,1059,4,AT1059.4,T1059.4,0,9,0,0,0,0,0,0,0,c0dc8bbc6417
AT,1059,5,AT1059.5,T1059.5,0,10,0,0,0,0,0,0,0,cc6250ab84dd
AT,1059,6,AT1059.6,T1059.6,0,34,0,0,0,0,0,0,0,d6210ffa7354
AT,1059,7,AT1059.7,T1059.7,0,22,0,0,0,0,0,0,0,2b13834649e8
AT,1059,8,AT1059.8,T1059.8,0,31,0,0,0,0,0,0,0,39f1bca05d6d
AT,1059,9,AT1059.9,T1059.9,0,22,0,0,0,0,0,0,0,b8ca54a1f149
AT,1059,10,AT1059.10,T1059.10,0,11,0,0,0,0,0,0,0,326cd257aa0a
AT,1059,11,AT1059.11,T1059.11,0,25,0,0,0,0,0,0,0,88595b9c1bcc
AT,1060,0,AT1060.0,T1060.0,1,6,0,0,0,0,0,0,0,4fc531934eda
AT,1060,1,AT1060.1,T1060.1,0,9,0,0,0,0,0,0,0,1be3d07b2d7f
AT,1060,2,AT1060.2,T1060.2,0,77,0,0,0,0,0,0,0,11f89683b8f8
AT,1060,3,AT1060.3,T1060.3,0,7,0,0,0,0,0,0,0,0ce7f40bb601
AT,1060,4,AT1060.4,T1060.4,0,19,0,0,0,0,0,0,0,6adf14340fc0
AT,1061,0,AT1061.0,T1061.0,1,3,0,0,0,0,0,0,0,2ad421a1b82a
AT,1061,1,AT1061.1,T1061.1,0,37,0,0,0,0,0,0,0,555e5cee1606
AT,1061,2,AT1061.2,T1061.2,0,21,0,0,0,0,0,0,0,36cb725d81f5
AT,1061,3,AT1061.3,T1061.3,0,22,0,0,0,0,0,0,0,33d3ede922c6
AT,1061,4,AT1061.4,T1061.4,0,8,0,0,0,0,0,0,0,3a4c8b168d00
AT,1061,5,AT1061.5,T1061.5,0,11,0,0,0,0,0,0,0,389cca941292
AT,1061,6,AT1061.6,T1061.6,0,14,0,0,0,0,0,0,0,723fd67c712e
AT,1061,7,AT1061.7,T1061.7,0,15,0,0,0,0,0,0,0,74e62c452102
AT,1061,8,AT1061.8,T1061.8,0,5,0,0,0,0,0,0,0,45df750e4982
AT,1061,9,AT1061.9,T1061.9,0,17,0,0,0,0,0,0,0,082ebeb8d088
AT,1061,10,AT1061.10,T1061.10,0,10,0,0,0,0,0,0,0,dc03b1cb7343
AT,1061,11,AT1061.11,T1061.11,0,9,0,0,0,0,0,0,0,cf32f9a778ef
AT,1061,12,AT1061.12,T1061.12,0,14,0,0,0,0,0,0,0,490bb7e2e9a2
AT,1061,13,AT1061.13,T1061.13,0,9,0,0,0,0,0,0,0,f7837bcbeccc
AT,1062,0,AT1062.0,T1062.0,1,8,0,0,0,0,0,0,0,ab6e77f8122c
AT,1062,1,AT1062.1,T1062.1,0,17,0,0,0,0,0,0,0,8d806c702df3
AT,1062,2,AT1062.2,T1062.2,0,11,0,0,0,0,0,0,0,eeaf0b0f85c8
AT,1062,3,AT1062.3,T1062.3,0,6,0,0,0,0,0,0,0,b4cea770557b
AT,1063,0,AT1063.0,T1063.0,1,21,0,0,0,0,0,0,0,9a2153dfe21e
AT,1063,1,AT1063.1,T1063.1,0,10,0,0,0,0,0,0,0,c229080f6b83
AT,1063,2,AT1063.2,T1063.2,0,22,0,0,0,0,0,0,0,83c168202965
AT,1063,3,AT1063.3,T1063.3,0,6,0,0,0,0,0,0,0,b96a5eda8ac2
AT,1063,4,AT1063.4,T1063.4,0,93,0,0,0,0,0,0,0,ab6e9096157a
AT,1064,0,AT1064.0,T1064.0,1,2,0,0,0,0,0,0,0,76945f5dc9d7
AT,1064,1,AT1064.1,T1064.1,0,8,0,0,0,0,0,0,0,321a644fe151
AT,1064,2,AT1064.2,T1064.2,0,29,0,0,0,0,0,0,0,b5bd9fe0f7cb
AT,1064,3,AT1064.3,T1064.3,0,7,0,0,0,0,0,0,0,31f7c8408945
AT,1065,0,AT1065.0,T1065.0,1,7,0,0,0,0,0,0,0,0f5da3c0a8a6
AT,1065,1,AT1065.1,T1065.1,0,128,0,0,0,0,0,0,0,3ead29eab209
AT,1065,2,AT1065.2,T1065.2,0,11,0,0,0,0,0,0,0,2adce077fa40
AT,1065,3,AT1065.3,T1065.3,0,11,0,0,0,0,0,0,0,4051615d57c0
AT,1065,4,AT1065.4,T1065.4,0,7,0,0,0,0,0,0,0,3e0048118d01
AT,1065,5,AT1065.5,T1065.5,0,15,0,0,0,0,0,0,0,23315206a850
AT,1065,6,AT1065.6,T1065.6,0,20,0,0,0,0,0,0,0,c4c6223935ce
AT,1066,0,AT1066.0,T1066.0,1,6,0,0,0,0,0,0,0,ac056ced3a80
AT,1066,1,AT1066.1,T1066.1,0,53,0,0,0,0,0,0,0,d1e42aa7f26a
AT,1066,2,AT1066.2,T1066.2,0,39,0,0,0,0,0,0,0,75992cad837c
AT,1066,3,AT1066.3,T1066.3,0,11,0,0,0,0,0,0,0,34b3e347e7c8
AT,1066,4,AT1066.4,T1066.4,0,50,0,0,0,0,0,0,0,4e121fc4a881
AT,1066,5,AT1066.5,T1066.5,0,6,0,0,0,0,0,0,0,d9b1d67a7196
AT,1067,0,AT1067.0,T1067.0,1,2,0,0,0,0,0,0,0,201ef06c9733
AT,1067,1,AT1067.1,T1067.1,0,15,0,0,0,0,0,0,0,057c812e0330
AT,1067,2,AT1067.2,T1067.2,0,14,0,0,0,0,0,0,0,56ab62e2f70e
AT,1067,3,AT1067.3,T1067.3,0,5,0,0,0,0,0,0,0,fc2e24366015
AT,1067,4,AT1067.4,T1067.4,0,12,0,0,0,0,0,0,0,064234d95bed
AT,1067,5,AT1067.5,T1067.5,0,211,0,0,0,0,0,0,0,8d99f8a1208b
AT,1068,0,AT1068.0,T1068.0,1,2,0,0,0,0,0,0,0,770197002e64
AT,1068,1,AT1068.1,T1068.1,0,14,0,0,0,0,0,0,0,20d8cd912031
AT,1068,2,AT1068.2,T1068.2,0,22,0,0,0,0,0,0,0,b797c4b30b94
AT,1069,0,AT1069.0,T1069.0,1,2,0,0,0,0,0,0,0,76945f5dc9d7
AT,1069,1,AT1069.1,T1069.1,0,19,0,0,0,0,0,0,0,86a0ed7bc502
AT,1069,2,AT1069.2,T1069.2,0,43,0,0,0,0,0,0,0,c9922aa59eee
AT,1070,0,AT1070.0,T1070.0,1,2,0,0,0,0,0,0,0,e9ceae5e081f
AT,1070,1,AT1070.1,T1070.1,0,18,0,0,0,0,0,0,0,dc900f68656e
AT,1070,2,AT1070.2,T1070.2,0,17,0,0,0,0,0,0,0,ab87856820e1
AT,1070,3,AT1070.3,T1070.3,0,13,0,0,0,0,0,0,0,9e8f326412f5
AT,1070,4,AT1070.4,T1070.4,0,14,0,0,0,0,0,0,0,03ee5f5dff05
AT,1070,5,AT1070.5,T1070.5,0,18,0,0,0,0,0,0,0,973805a9fab2
AT,1070,6,AT1070.6,T1070.6,0,12,0,0,0,0,0,0,0,125ed0da1936
AT,1071,0,AT1071.0,T1071.0,1,8,0,0,0,0,0,0,0,2cb1c6d80b98
AT,1071,1,AT1071.1,T1071.1,0,9,0,0,0,0,0,0,0,cecd27bcfc91
AT,1071,2,AT1071.2,T1071.2,0,7,0,0,0,0,0,0,0,cfe81491e124
AT,1071,3,AT1071.3,T1071.3,0,27,0,0,0,0,0,0,0,74b6691660a9
AT,1072,0,AT1072.0,T1072.0,1,8,0,0,0,0,0,0,0,0a710a0f8c2e
AT,1072,1,AT1072.1,T1072.1,0,39,0,0,1,0,0,0,0,2285735c2df4
AT,1072,2,AT1072.2,T1072.2,0,26,0,0,0,0,0,0,0,cadab14e30e3
AT,1073,0,AT1073.0,T1073.0,1,8,0,0,0,0,0,0,0,cf77bfafd857
AT,1073,1,AT1073.1,T1073.1,0,65,0,0,0,0,0,0,0,12857ecd6baa
AT,1074,0,AT1074.0,T1074.0,1,8,0,0,0,0,0,0,0,2443e5f98ce2
AT,1074,1,AT1074.1,T1074.1,0,8,0,0,0,0,0,0,0,fd8c2ed7a680
AT,1074,2,AT1074.2,T1074.2,0,15,0,0,0,0,0,0,0,db5394665d6e
AT,1075,0,AT1075.0,T1075.0,1,6,0,0,0,0,0,0,0,b038872cc810
AT,1075,1,AT1075.1,T1075.1,0,7,0,0,0,0,0,0,0,0551f93026be
AT,1075,2,AT1075.2,T1075.2,0,6,0,0,0,0,0,0,0,ccab8582a6af
AT,1075,3,AT1075.3,T1075.3,0,41,0,0,0,0,0,0,0,b57c6741cb26
AT,1076,0,AT1076.0,T1076.0,1,8,0,0,0,0,0,0,0,e394719102df
AT,1076,1,AT1076.1,T1076.1,0,40,0,0,0,0,0,0,0,a9cb30283979
AT,1077,0,AT1077.0,T1077.0,1,8,0,0,0,0,0,0,0,234e3bc0cc1c
AT,1077,1,AT1077.1,T1077.1,0,13,0,0,0,0,0,0,0,13a47ebf229d
AT,1077,2,AT1077.2,T1077.2,0,14,0,0,0,0,0,0,0,fcdb25b74be5
AT,1077,3,AT1077.3,T1077.3,0,22,0,0,0,0,0,0,0,1640dbb15151
AT,1078,0,AT1078.0,T1078.0,1,8,0,0,0,0,0,0,0,a55f39186ec7
AT,1078,1,AT1078.1,T1078.1,0,31,0,0,0,0,0,0,0,4658ba8f7dc4
AT,1078,2,AT1078.2,T1078.2,0,12,0,0,0,0,0,0,0,234f19d7b7da
AT,1079,0,AT1079.0,T1079.0,1,8,0,0,0,0,0,0,0,ec92953da6bf
AT,1079,1,AT1079.1,T1079.1,0,8,0,0,0,0,0,0,0,39aff13bdd9d
AT,1079,2,AT1079.2,T1079.2,0,15,0,0,0,0,0,0,0,8df763257d66
AT,1079,3,AT1079.3,T1079.3,0,18,0,0,0,0,0,0,0,6878e01e6b5a
AT,1079,4,AT1079.4,T1079.4,0,35,0,0,0,0,0,0,0,d34eb8ec86aa
AT,1080,0,AT1080.0,T1080.0,1,8,0,0,0,0,0,0,0,2f102dbe5f75
AT,1080,2,AT1080.2,T1080.2,0,53,0,0,0,0,0,0,0,49f7bba7fe71
AT,1081,0,AT1081.0,T1081.0,1,8,0,0,0,0,0,0,0,2daade24a662
AT,1081,1,AT1081.1,T1081.1,0,17,0,0,0,0,0,0,0,5262e36a741a
AT,1081,2,AT1081.2,T1081.2,0,9,0,0,0,0,0,0,0,7b3dd83f8227
AT,1082,0,AT1082.0,T1082.0,1,8,0,0,0,0,0,0,0,736bc9d039c6
AT,1082,1,AT1082.1,T1082.1,0,20,0,0,0,0,0,0,0,a95be96f0cee
AT,1082,2,AT1082.2,T1082.2,0,20,0,0,0,0,0,0,0,2b9647ab1fc4
AT,1083,0,AT1083.0,T1083.0,1,2,0,0,0,0,0,0,0,c672ce404c64
AT,1083,1,AT1083.1,T1083.1,0,7,0,0,0,0,0,0,0,aad3b48aa2fb
AT,1083,2,AT1083.2,T1083.2,0,12,0,0,0,0,0,0,0,71516006309e
AT,1083,3,AT1083.3,T1083.3,0,10,0,0,0,0,0,0,0,d3385bf57510
AT,1084,0,AT1084.0,T1084.0,1,8,0,0,0,0,0,0,0,efd084365ead
AT,1084,1,AT1084.1,T1084.1,0,12,0,0,0,0,0,0,0,baf3eaf781aa
AT,1084,2,AT1084.2,T1084.2,0,7,0,0,0,0,0,0,0,d8f8c8ff0fa7
AT,1084,3,AT1084.3,T1084.3,0,108,0,0,0,0,0,0,0,999005ee5b97
AT,1084,4,AT1084.4,T1084.4,0,159,0,0,0,0,0,0,0,8bcc67fa6518
AT,1085,0,AT1085.0,T1085.0,1,20,0,0,0,0,0,0,0,1439764d5e8c
AT,1085,1,AT1085.1,T1085.1,0,18,0,0,0,0,0,0,0,e388ad980d54
AT,1085,2,AT1085.2,T1085.2,0,21,0,0,0,0,0,0,0,f008165feac5
AT,1086,0,AT1086.0,T1086.0,1,13,0,0,0,0,0,0,0,0b5cee2eb661
AT,1086,1,AT1086.1,T1086.1,0,36,0,0,0,0,0,0,0,545924233260
AT,1086,2,AT1086.2,T1086.2,0,34,0,0,0,0,0,0,0,230b7baed07c
AT,1086,3,AT1086.3,T1086.3,0,32,0,0,0,0,0,0,0,10881cfab113
AT,1086,4,AT1086.4,T1086.4,0,32,0,0,0,0,0,0,0,90cd6e823f5c
AT,1086,5,AT1086.5,T1086.5,0,10,0,0,0,0,0,0,0,f6d56e914d6e
AT,1087,0,AT1087.0,T1087.0,1,11,0,0,0,0,0,0,0,0d0ef4c38f73
AT,1087,1,AT1087.1,T1087.1,0,11,0,0,0,0,0,0,0,0ec772f4ebc4
AT,1087,2,AT1087.2,T1087.2,0,74,0,0,0,0,0,0,0,327f962c74fc
AT,1087,3,AT1087.3,T1087.3,0,24,0,0,0,0,0,0,0,06d279cfac47
AT,1088,0,AT1088.0,T1088.0,1,8,0,0,0,0,0,0,0,a6ce55b49409
AT,1088,1,AT1088.1,T1088.1,0,59,0,0,0,0,0,0,0,f9733e68fd5b
AT,1088,2,AT1088.2,T1088.2,0,54,0,0,0,0,0,0,0,3c6ba31dbcf4
AT,1088,3,AT1088.3,T1088.3,0,168,0,0,0,0,1,0,0,33b3b65293eb
AT,1088,4,AT1088.4,T1088.4,0,8,0,0,0,0,0,0,0,59bf2c062bba
AT,1088,5,AT1088.5,T1088.5,0,12,0,0,0,0,0,0,0,a89d19235592
AT,1088,6,AT1088.6,T1088.6,0,7,0,0,0,0,0,0,0,603ca6711130
AT,1089,0,AT1089.0,T1089.0,1,16,0,0,0,0,0,0,0,1b79f39cc748
AT,1089,1,AT1089.1,T1089.1,0,149,0,0,0,0,0,0,0,bb0930468061
AT,1089,2,AT1089.2,T1089.2,0,14,0,0,0,0,0,0,0,d42d5333e3f5
AT,1089,3,AT1089.3,T1089.3,0,62,0,0,0,0,0,0,0,2e02b3035218
AT,1089,4,AT1089.4,T1089.4,0,10,0,0,0,0,0,0,0,2d965a38e9f1
AT,1089,5,AT1089.5,T1089.5,0,16,0,0,0,0,0,0,0,6218b1f67334
AT,1090,0,AT1090.0,T1090.0,1,16,0,0,0,0,0,0,0,ad8f8350f1c8
AT,1090,1,AT1090.1,T1090.1,0,15,0,0,0,0,0,0,0,c61bb4a54d89
AT,1090,2,AT1090.2,T1090.2,0,19,0,0,0,0,0,0,0,f88c12657e3d
AT,1090,3,AT1090.3,T1090.3,0,42,0,0,0,0,0,0,0,6632690b1f16
AT,1090,4,AT1090.4,T1090.4,0,9,0,0,0,0,0,0,0,c14bef2c2ce5
AT,1090,5,AT1090.5,T1090.5,0,44,0,0,0,0,0,0,0,511a07de21fd
AT,1090,6,AT1090.6,T1090.6,0,52,0,0,0,0,0,0,0,fd73ee134d7a
AT,1090,7,AT1090.7,T1090.7,0,8,0,0,0,0,0,0,0,3d555cc36a0d
AT,1091,0,AT1091.0,T1091.0,1,10,0,0,0,0,0,0,0,136a84f6a7e4
AT,1091,1,AT1091.1,T1091.1,0,14,0,0,0,0,0,0,0,bfe532920ab7
AT,1091,2,AT1091.2,T1091.2,0,7,0,0,0,0,0,0,0,97a9f4e8d094
AT,1091,3,AT1091.3,T1091.3,0,19,0,0,0,0,0,0,0,abb0abd9bc19
AT,1091,4,AT1091.4,T1091.4,0,13,0,0,0,0,0,0,0,41c918a59960
AT,1091,5,AT1091.5,T1091.5,0,8,0,0,0,0,0,0,0,0df12438a86b
AT,1091,6,AT1091.6,T1091.6,0,35,0,0,0,0,0,0,0,d5dc03e58607
AT,1091,7,AT1091.7,T1091.7,0,17,0,0,0,0,0,0,0,0f6b10e62779
AT,1091,8,AT1091.8,T1091.8,0,10,0,0,0,0,0,0,0,ea9fb5e43b81
AT,1091,9,AT1091.9,T1091.9,0,36,0,0,0,0,0,0,0,662826a53842
AT,1092,0,AT1092.0,T1092.0,1,12,0,0,0,0,0,0,0,d7b648ff87fa
AT,1092,1,AT1092.1,T1092.1,0,51,0,0,0,0,0,0,0,ee5e93b83b0b
AT,1092,2,AT1092.2,T1092.2,0,10,0,0,0,0,0,0,0,f16cf06d26b7
AT,1092,3,AT1092.3,T1092.3,0,15,0,0,0,0,0,0,0,ffa4b541fd68
AT,1092,4,AT1092.4,T1092.4,0,9,0,0,0,0,0,0,0,5189a6e9f03b
AT,1092,5,AT1092.5,T1092.5,0,28,0,0,0,0,0,0,0,94694641f363
AT,1092,6,AT1092.6,T1092.6,0,9,0,0,0,0,0,0,0,e95654b4830b
AT,1093,0,AT1093.0,T1093.0,1,10,0,0,0,0,0,0,0,b5aba3b4d300
AT,1093,1,AT1093.1,T1093.1,0,21,0,0,0,0,0,0,0,ef28df9eb029
AT,1093,2,AT1093.2,T1093.2,0,11,0,0,0,0,0,0,0,5a89eb24a236
AT,1093,3,AT1093.3,T1093.3,0,12,0,0,0,0,0,0,0,38cf4b26c3da
AT,1093,4,AT1093.4,T1093.4,0,28,0,1,0,0,0,0,0,89c5c6f9206a
AT,1093,5,AT1093.5,T1093.5,0,15,0,0,0,0,0,0,0,e25c50d328fc
AT,1093,6,AT1093.6,T1093.6,0,47,0,0,0,0,0,0,0,03427818473a
AT,1094,0,AT1094.0,T1094.0,1,13,0,0,0,0,0,0,0,690196e0e5f0
AT,1094,1,AT1094.1,T1094.1,0,48,0,0,0,0,0,0,0,eea6243fb9dc
AT,1094,2,AT1094.2,T1094.2,0,53,0,0,0,0,0,0,0,b0cb8f48446c
AT,1094,3,AT1094.3,T1094.3,0,14,0,0,0,0,0,0,0,2329bf283947
AT,1094,4,AT1094.4,T1094.4,0,7,0,0,0,0,0,0,0,66bb9b3c0e0a
AT,1094,5,AT1094.5,T1094.5,0,5,0,0,0,0,0,0,0,cac52dab65ed
AT,1094,6,AT1094.6,T1094.6,0,16,0,0,0,0,0,0,0,226ad21a2468
AT,1094,7,AT1094.7,T1094.7,0,14,0,0,0,0,0,0,0,97ea03ee746e
AT,1094,8,AT1094.8,T1094.8,0,9,0,0,0,0,0,0,0,bfb7ed3e0a25
AT,1094,9,AT1094.9,T1094.9,0,12,0,0,0,0,0,0,0,48303e081a56
AT,1094,10,AT1094.10,T1094.10,0,20,0,0,0,0,0,0,0,c7ddac61fd2c
AT,1095,0,AT1095.0,T1095.0,1,11,0,0,0,0,0,0,0,0a1b8b04138e
AT,1095,1,AT1095.1,T1095.1,0,10,0,0,0,0,0,0,0,242e8c8d10aa
AT,1095,2,AT1095.2,T1095.2,0,16,0,0,0,0,0,0,0,772d61d62fa1
AT,1095,3,AT1095.3,T1095.3,0,5,0,0,0,0,0,0,0,44ffb09e4666
AT,1095,4,AT1095.4,T1095.4,0,23,0,0,0,0,0,0,0,1d87247948de
AT,1095,5,AT1095.5,T1095.5,0,6,0,0,0,0,0,0,0,bb0d3f2270a2
AT,1095,6,AT1095.6,T1095.6,0,8,0,0,0,0,0,0,0,133718f7db8c
AT,1095,7,AT1095.7,T1095.7,0,20,0,0,0,0,0,0,0,282dfdb2a625
AT,1095,8,AT1095.8,T1095.8,0,17,0,0,0,0,0,0,0,e9c8c0a7da3c
AT,1096,0,AT1096.0,T1096.0,1,38,0,0,0,0,0,0,0,70699d90506c
AT,1096,1,AT1096.1,T1096.1,0,8,0,0,0,0,0,0,0,654c874bc3c2
AT,1096,2,AT1096.2,T1096.2,0,8,0,0,0,0,0,0,0,9405615e59bd
AT,1096,3,AT1096.3,T1096.3,0,19,0,0,0,0,0,0,0,f3e57ef7135f
AT,1096,4,AT1096.4,T1096.4,0,12,0,0,0,0,0,0,0,9f08bdf42049
AT,1097,0,AT1097.0,T1097.0,1,11,0,0,0,0,0,0,0,241b4a3a8aaa
AT,1097,1,AT1097.1,T1097.1,0,47,0,0,0,0,0,0,0,8a0f00557dcf
AT,1097,2,AT1097.2,T1097.2,0,7,0,0,0,0,0,0,0,276fbd74050b
AT,1097,3,AT1097.3,T1097.3,0,32,0,0,0,0,0,0,0,d3e5e153c458
AT,1097,4,AT1097.4,T1097.4,0,7,0,0,0,0,0,0,0,a2099ec5a719
AT,1098,0,AT1098.0,T1098.0,1,20,0,0,0,0,0,0,0,12b8fc6bbbda
AT,1098,1,AT1098.1,T1098.1,0,19,0,0,0,0,0,0,0,7924bd1f2e8f
AT,1098,2,AT1098.2,T1098.2,0,21,0,0,0,0,0,0,0,dcb62022466e
AT,1098,3,AT1098.3,T1098.3,0,22,0,0,0,0,0,0,0,9aacd9510525
AT,1099,0,AT1099.0,T1099.0,1,11,0,0,0,0,0,0,0,d34624524e19
AT,1099,1,AT1099.1,T1099.1,0,12,0,1,0,0,0,0,0,2454203e9948
AT,1099,2,AT1099.2,T1099.2,0,26,0,0,0,0,0,0,0,d5ad271c1b17
AT,1100,0,AT1100.0,T1100.0,1,11,0,0,0,0,0,0,0,db2fbc5243d7
AT,1100,1,AT1100.1,T1100.1,0,6,0,0,0,0,0,0,0,8462c1efc759
AT,1100,2,AT1100.2,T1100.2,0,22,0,0,0,0,0,0,0,b9c57de01c9f
AT,1100,3,AT1100.3,T1100.3,0,20,0,0,0,1,0,0,0,16d6493ad3b2
AT,1100,4,AT1100.4,T1100.4,0,17,0,0,0,0,0,0,0,e6bd6e13852f
AT,1100,5,AT1100.5,T1100.5,0,10,0,0,0,0,0,0,0,d6c91f1eeea0
AT,1101,0,AT1101.0,T1101.0,1,16,0,0,0,0,0,0,0,83cf575a20dd
AT,1101,1,AT1101.1,T1101.1,0,14,0,0,0,0,0,0,0,7375c3a0aafa
AT,1101,2,AT1101.2,T1101.2,0,32,0,0,0,0,0,0,0,f65467da9c71
AT,1101,3,AT1101.3,T1101.3,0,18,0,0,0,0,0,0,0,6098f3e31b8c
AT,1101,4,AT1101.4,T1101.4,0,35,0,0,0,0,0,0,0,09617ce03de6
AT,1101,5,AT1101.5,T1101.5,0,7,0,0,0,0,0,0,0,97328531b1d0
AT,1101,6,AT1101.6,T1101.6,0,10,0,0,0,0,0,0,0,f3ec1f4b675c
AT,1101,7,AT1101.7,T1101.7,0,16,0,0,0,0,0,0,0,edb55ae0c066
AT,1101,8,AT1101.8,T1101.8,0,37,0,0,0,0,0,0,0,c5d904d1f9ad
AT,1102,0,AT1102.0,T1102.0,1,19,0,0,0,0,0,0,0,f4742fa8a9b9
AT,1102,1,AT1102.1,T1102.1,0,25,0,0,0,0,0,0,0,3b84e31ba71b
AT,1102,2,AT1102.2,T1102.2,0,5,0,0,0,0,0,0,0,a80f11cc7955
AT,1102,3,AT1102.3,T1102.3,0,6,0,0,0,0,0,0,0,63f0fb1c6e1b
AT,1102,4,AT1102.4,T1102.4,0,12,0,0,0,0,0,0,0,0eda76815460
AT,1102,5,AT1102.5,T1102.5,0,14,0,0,0,0,0,0,0,c21c3bace488
AT,1102,6,AT1102.6,T1102.6,0,20,0,0,0,0,0,0,0,0f7d5a56c120
AT,1102,7,AT1102.7,T1102.7,0,19,0,0,0,0,0,0,0,541b82b57934
AT,1102,8,AT1102.8,T1102.8,0,14,0,0,0,0,0,0,0,08fff6ab1119
AT,1103,0,AT1103.0,T1103.0,1,6,0,0,0,0,0,0,0,b1defe03bcc7
AT,1103,1,AT1103.1,T1103.1,0,10,0,0,0,0,0,0,0,5ecd9581f143
AT,1103,2,AT1103.2,T1103.2,0,33,0,0,0,0,0,0,0,88b6bb520747
AT,1103,3,AT1103.3,T1103.3,0,118,0,0,0,0,0,0,0,ce5c80c2c6f7
AT,1103,4,AT1103.4,T1103.4,0,124,0,0,0,0,0,0,0,22ecbb1471aa
AT,1103,5,AT1103.5,T1103.5,0,18,0,0,0,0,0,0,0,5be41ec9a416
AT,1103,6,AT1103.6,T1103.6,0,36,0,0,0,0,0,0,0,68ff96139027
AT,1103,7,AT1103.7,T1103.7,0,41,0,0,0,0,0,0,0,76b510948a11
AT,1104,0,AT1104.0,T1104.0,1,2,0,0,0,0,0,0,0,e9ceae5e081f
AT,1104,1,AT1104.1,T1104.1,0,13,0,0,0,0,0,0,0,89d8b3b7f2b8
AT,1104,2,AT1104.2,T1104.2,0,8,0,0,0,0,0,0,0,83354001b08f
AT,1104,3,AT1104.3,T1104.3,0,16,0,0,0,0,0,0,0,4bc96f65c1d1
AT,1105,0,AT1105.0,T1105.0,1,2,0,0,0,0,0,0,0,c672ce404c64
AT,1105,1,AT1105.1,T1105.1,0,35,0,0,0,0,0,0,0,095f1925d7f7
AT,1105,2,AT1105.2,T1105.2,0,25,0,0,0,0,0,0,0,ca08efcbf626
AT,1105,3,AT1105.3,T1105.3,0,8,0,0,0,0,0,0,0,87f1a62055f1
AT,1105,4,AT1105.4,T1105.4,0,14,0,0,0,0,0,0,0,b9acf5611ff6
AT,1106,0,AT1106.0,T1106.0,1,2,0,0,0,0,0,0,0,201ef06c9733
AT,1106,1,AT1106.1,T1106.1,0,16,0,0,0,0,0,0,0,202635061be2
AT,1106,2,AT1106.2,T1106.2,0,36,0,0,0,0,0,0,0,084243299093
AT,1106,3,AT1106.3,T1106.3,0,18,0,0,0,0,0,0,0,8f3b92665e79
AT,1107,0,AT1107.0,T1107.0,1,2,0,0,0,0,0,0,0,770197002e64
AT,1107,1,AT1107.1,T1107.1,0,14,0,0,0,0,0,0,0,fc7d9a57a13f
AT,1107,2,AT1107.2,T1107.2,0,6,0,0,0,0,0,0,0,1cf01454f8fa
AT,1108,0,AT1108.0,T1108.0,1,23,0,0,0,0,0,0,0,b3c88d51af61
AT,1108,1,AT1108.1,T1108.1,0,10,0,0,0,0,0,0,0,69e2a83b0168
AT,1108,2,AT1108.2,T1108.2,0,12,0,0,0,0,0,0,0,6d60d099e26f
AT,1108,3,AT1108.3,T1108.3,0,6,0,0,0,0,0,0,0,80d8669191b8
AT,1108,4,AT1108.4,T1108.4,0,19,0,0,0,0,0,0,0,e9b86095a548
AT,1108,5,AT1108.5,T1108.5,0,8,0,0,0,0,0,0,0,adee55b5a5ca
AT,1108,6,AT1108.6,T1108.6,0,25,0,0,0,0,0,0,0,9be94cda17f6
AT,1108,7,AT1108.7,T1108.7,0,16,0,0,0,0,0,0,0,5dbc44424c17
AT,1108,8,AT1108.8,T1108.8,0,16,0,0,0,0,0,0,0,0194f05cbd40
AT,1108,9,AT1108.9,T1108.9,0,15,0,0,0,0,0,0,0,68c4c6695f65
AT,1108,10,AT1108.10,T1108.10,0,44,0,0,0,0,0,0,0,be75b3eebdff
AT,1109,0,AT1109.0,T1109.0,1,27,0,0,0,0,0,0,0,2f005321033f
AT,1109,1,AT1109.1,T1109.1,0,40,0,0,0,1,0,0,0,5d1f947eebab
AT,1109,2,AT1109.2,T1109.2,0,67,0,0,0,0,0,0,0,83a6fd9908e1
AT,1109,3,AT1109.3,T1109.3,0,21,0,0,0,0,0,0,0,2a681c96f82f
AT,1110,0,AT1110.0,T1110.0,1,12,0,0,0,0,0,0,0,14790325b6c0
AT,1110,1,AT1110.1,T1110.1,0,19,0,0,0,0,0,0,0,72e7c0185426
AT,1110,2,AT1110.2,T1110.2,0,55,0,0,0,0,0,0,0,48bb5c6a47d7
AT,1110,3,AT1110.3,T1110.3,0,27,0,0,0,0,0,0,0,70aeb2823b88
AT,1110,4,AT1110.4,T1110.4,0,27,0,0,0,0,0,0,0,17a5f90bb0e7
AT,1110,5,AT1110.5,T1110.5,0,18,0,0,0,0,0,0,0,5c89109d6902
AT,1111,0,AT1111.0,T1111.0,1,11,0,0,0,0,0,0,0,ab5247c1eb38
AT,1111,1,AT1111.1,T1111.1,0,14,0,0,0,0,0,0,0,1979b1148024
AT,1111,2,AT1111.2,T1111.2,0,5,0,0,0,1,0,0,0,8e74b8a0a1e2
AT,1111,3,AT1111.3,T1111.3,0,15,0,0,0,0,0,0,0,df6f55916689
AT,1111,4,AT1111.4,T1111.4,0,11,0,0,0,0,0,0,0,9c6ee94591d0
AT,1111,5,AT1111.5,T1111.5,0,14,0,0,0,0,0,0,0,6950b4a2e3d8
AT,1111,6,AT1111.6,T1111.6,0,79,0,0,0,0,0,0,0,4837d1e10c6b
AT,1111,7,AT1111.7,T1111.7,0,8,0,0,0,0,0,0,0,151dcfb990a6
AT,1111,8,AT1111.8,T1111.8,0,30,0,0,0,0,0,0,0,7e008a6f08d0
AT,1112,0,AT1112.0,T1112.0,1,22,0,0,0,0,0,0,0,4c63bbecdd7d
AT,1112,1,AT1112.1,T1112.1,0,8,0,0,0,0,0,0,0,b7ab22b7f22d
AT,1112,2,AT1112.2,T1112.2,0,12,0,0,0,0,0,0,0,ea7e2b3ab579
AT,1112,3,AT1112.3,T1112.3,0,9,0,0,0,0,0,0,0,416a49a1b2f4
AT,1112,4,AT1112.4,T1112.4,0,23,0,0,0,0,0,0,0,337d16e8bfe9
AT,1112,5,AT1112.5,T1112.5,0,16,0,0,0,0,0,0,0,3ebeb051961d
AT,1113,0,AT1113.0,T1113.0,1,11,0,0,0,0,0,0,0,8f1fccaf34c6
AT,1113,1,AT1113.1,T1113.1,0,11,0,0,0,0,0,0,0,c3ebf3009a3d
AT,1113,2,AT1113.2,T1113.2,0,51,0,0,0,0,0,0,0,f852da1da7fc
AT,1113,3,AT1113.3,T1113.3,0,24,0,0,0,0,0,0,0,8640af85223f
AT,1113,4,AT1113.4,T1113.4,0,22,0,0,0,0,0,0,0,8d208f58f51c
AT,1113,5,AT1113.5,T1113.5,0,10,0,0,0,0,0,0,0,3e49b7ff87a5
AT,1113,6,AT1113.6,T1113.6,0,29,0,0,0,0,0,0,0,bb82c673b029
AT,1114,0,AT1114.0,T1114.0,1,10,0,0,0,0,0,0,0,a2b599b1f512
AT,1114,1,AT1114.1,T1114.1,0,16,0,0,0,0,0,0,0,02cbc05811b6
AT,1114,2,AT1114.2,T1114.2,0,18,0,0,0,0,0,0,0,2208dc16051d
AT,1114,3,AT1114.3,T1114.3,0,31,0,0,0,0,0,0,0,877e8cf52966
AT,1114,4,AT1114.4,T1114.4,0,19,0,0,0,0,0,0,0,0ca6afec2024
AT,1114,5,AT1114.5,T1114.5,0,92,0,0,0,0,0,0,0,87b96a5e4e33
AT,1114,6,AT1114.6,T1114.6,0,14,0,0,0,0,0,0,0,5c9038cb84ca
AT,1114,7,AT1114.7,T1114.7,0,22,0,0,0,0,0,0,0,0fbaf39c1bcf
AT,1114,8,AT1114.8,T1114.8,0,20,0,0,0,0,0,0,0,ccb46fde0683
AT,1114,9,AT1114.9,T1114.9,0,5,0,0,0,0,0,0,0,73d66b5aaab0
AT,1114,10,AT1114.10,T1114.10,0,10,0,0,0,0,0,0,0,bb28ba45e3c2
AT,1114,11,AT1114.11,T1114.11,0,28,0,0,0,0,0,0,0,93fc10b29a15
AT,1114,12,AT1114.12,T1114.12,0,18,0,0,0,0,0,0,0,113d3483c8b0
AT,1114,13,AT1114.13,T1114.13,0,17,0,0,0,0,0,0,0,45d8dc3167b5
AT,1114,14,AT1114.14,T1114.14,0,12,0,0,0,0,0,0,0,f545f56483db
AT,1115,0,AT1115.0,T1115.0,1,15,0,0,0,0,0,0,0,54f860e33bd1
AT,1115,1,AT1115.1,T1115.1,0,19,0,0,0,0,0,0,0,ef807ec84c15
AT,1115,2,AT1115.2,T1115.2,0,43,0,0,0,0,0,0,0,370dc5e71a65
AT,1115,3,AT1115.3,T1115.3,0,33,0,0,0,0,0,0,0,43f94ef94619
AT,1115,4,AT1115.4,T1115.4,0,41,0,0,0,0,0,0,0,e015119a2981
AT,1115,5,AT1115.5,T1115.5,0,12,0,0,0,0,0,0,0,ada696048b99
AT,1115,6,AT1115.6,T1115.6,0,14,0,0,0,0,0,0,0,5dde4cb63446
AT,1115,7,AT1115.7,T1115.7,0,68,0,0,0,0,0,0,0,725e9467a8e0
AT,1115,8,AT1115.8,T1115.8,0,16,0,0,0,0,0,0,0,f1ceb6a2c1d0
AT,1116,0,AT1116.0,T1116.0,1,11,0,0,0,0,0,0,0,7d6d37a60f4e
AT,1116,1,AT1116.1,T1116.1,0,40,0,0,0,0,0,0,0,ba1217c247fe
AT,1116,2,AT1116.2,T1116.2,0,12,0,0,0,0,0,0,0,e7827f6f2475
AT,1116,3,AT1116.3,T1116.3,0,10,0,0,0,0,0,0,0,c186b636e815
AT,1116,4,AT1116.4,T1116.4,0,12,0,0,0,0,0,0,0,66efde78cad6
AT,1116,5,AT1116.5,T1116.5,0,15,0,0,0,0,0,0,0,b773363c2dc0
AT,1116,6,AT1116.6,T1116.6,0,41,0,0,0,0,0,0,0,3ef6801d81cd
AT,1116,7,AT1116.7,T1116.7,0,13,0,0,0,0,0,0,0,fcf166efb509
AT,1117,0,AT1117.0,T1117.0,1,10,0,0,0,0,0,0,0,588c777d8dcf
AT,1117,1,AT1117.1,T1117.1,0,83,0,0,0,0,0,0,0,aff5a22627a4
AT,1117,2,AT1117.2,T1117.2,0,10,0,0,0,0,0,0,0,b64f1fdd3adf
AT,1117,3,AT1117.3,T1117.3,0,11,0,0,0,0,0,0,0,caeadefe0f9f
AT,1117,4,AT1117.4,T1117.4,0,16,0,0,0,0,0,0,0,79bcc7049419
AT,1118,0,AT1118.0,T1118.0,1,12,0,0,0,0,0,0,0,eda32446f12e
AT,1118,1,AT1118.1,T1118.1,0,8,0,0,0,0,0,0,0,bc1db6e303fe
AT,1118,2,AT1118.2,T1118.2,0,9,0,0,0,0,0,0,0,1d8c03d7b15a
AT,1118,3,AT1118.3,T1118.3,0,31,0,0,0,0,0,0,0,0b458afb3653
AT,1118,4,AT1118.4,T1118.4,0,28,0,0,0,0,0,0,0,56720be59958
AT,1118,5,AT1118.5,T1118.5,0,40,0,0,0,0,0,0,0,791aa8021651
AT,1118,6,AT1118.6,T1118.6,0,7,0,0,0,0,0,0,0,95e744279fab
AT,1118,7,AT1118.7,T1118.7,0,20,0,0,0,0,0,0,0,938ffe89de71
AT,1118,8,AT1118.8,T1118.8,0,23,0,0,0,0,0,0,0,0eef040aa2b6
AT,1118,9,AT1118.9,T1118.9,0,19,0,0,0,0,0,0,0,148e0ee7766f
AT,1119,0,AT1119.0,T1119.0,1,10,0,0,0,0,0,0,0,50050600a3f0
AT,1119,1,AT1119.1,T1119.1,0,26,0,0,0,0,0,0,0,27b657a9d4a0
AT,1119,2,AT1119.2,T1119.2,0,8,0,0,0,0,0,0,0,8b196e5f5062
AT,1119,3,AT1119.3,T1119.3,0,8,0,0,0,0,0,0,0,b54d05b5f8f0
AT,1119,4,AT1119.4,T1119.4,0,8,0,0,0,0,0,0,0,a7498c691e2b
AT,1119,5,AT1119.5,T1119.5,0,63,0,0,0,0,0,0,0,307a45ca5613
AT,1120,0,AT1120.0,T1120.0,1,10,0,0,0,0,0,0,0,fd69191c7df9
AT,1120,1,AT1120.1,T1120.1,0,9,0,0,0,0,0,0,0,8abc92bc5074
AT,1120,2,AT1120.2,T1120.2,0,13,0,0,0,1,0,0,0,6d8de98fc195
AT,1120,3,AT1120.3,T1120.3,0,34,0,0,0,0,0,0,0,57c1ba427a88
AT,1120,4,AT1120.4,T1120.4,0,45,0,0,0,0,0,0,0,9b78af7f309c
AT,1120,5,AT1120.5,T1120.5,0,26,0,0,0,0,0,0,0,ba33205ba0b0
AT,1121,0,AT1121.0,T1121.0,1,10,0,0,0,0,0,0,0,59bc44b1c28b
AT,1121,1,AT1121.1,T1121.1,0,18,0,0,0,0,0,0,0,5ddac9f1d969
AT,1121,2,AT1121.2,T1121.2,0,10,0,0,0,0,0,0,0,e8d55736d91a
AT,1121,3,AT1121.3,T1121.3,0,18,0,0,0,0,0,0,0,ec32bc4b2531
AT,1121,4,AT1121.4,T1121.4,0,7,0,0,0,0,0,0,0,12577889b487
AT,1121,5,AT1121.5,T1121.5,0,10,0,0,0,0,0,0,0,b1d6f51046fd
AT,1121,6,AT1121.6,T1121.6,0,45,0,0,0,0,0,0,0,15d4276de4bb
AT,1121,7,AT1121.7,T1121.7,0,69,0,0,0,0,0,0,0,182e8813327f
AT,1121,8,AT1121.8,T1121.8,0,10,0,0,0,0,0,0,0,c7e278217d45
AT,1122,0,AT1122.0,T1122.0,1,10,0,0,0,0,0,0,0,9a2967ef4edd
AT,1122,1,AT1122.1,T1122.1,0,16,0,0,0,0,0,0,0,485188315290
AT,1122,2,AT1122.2,T1122.2,0,40,0,0,0,0,0,0,0,c02e59abbad0
AT,1122,3,AT1122.3,T1122.3,0,16,0,0,0,0,0,0,0,cfe2d08018d0
AT,1122,4,AT1122.4,T1122.4,0,11,0,0,0,0,0,0,0,e955890ea808
AT,1122,5,AT1122.5,T1122.5,0,9,0,0,0,0,0,0,0,f094db6a9c5d
AT,1122,6,AT1122.6,T1122.6,0,20,0,0,0,0,0,0,0,c1c804adf4af
AT,1123,0,AT1123.0,T1123.0,1,12,0,0,0,0,0,0,0,72572d76f9cc
AT,1123,1,AT1123.1,T1123.1,0,47,0,0,0,0,0,0,0,33bedfba0fd3
AT,1123,2,AT1123.2,T1123.2,0,13,0,0,0,0,0,0,0,5668d0915f6a
AT,1123,3,AT1123.3,T1123.3,0,17,0,0,0,0,0,0,0,222871856526
AT,1123,4,AT1123.4,T1123.4,0,24,0,0,0,0,0,0,0,07ce57e7f63e
AT,1123,5,AT1123.5,T1123.5,0,13,0,0,0,0,0,0,0,2b0208d4b5ec
AT,1123,6,AT1123.6,T1123.6,0,9,0,0,0,0,0,0,0,d63ede038870
AT,1123,7,AT1123.7,T1123.7,0,43,0,0,0,0,0,0,0,cf044a97b13d
AT,1124,0,AT1124.0,T1124.0,1,10,0,0,0,0,0,0,0,6ed71c8210af
AT,1124,1,AT1124.1,T1124.1,0,14,0,0,0,0,0,0,0,7ce4d1b1d107
AT,1124,2,AT1124.2,T1124.2,0,57,0,0,0,0,0,0,0,0c718ee22bf1
AT,1124,3,AT1124.3,T1124.3,0,27,0,0,0,0,0,0,0,0c9ac24e9fca
AT,1124,4,AT1124.4,T1124.4,0,218,0,0,0,0,0,0,0,6870bbd5fbdb
AT,1124,5,AT1124.5,T1124.5,0,11,0,0,0,0,0,0,0,e8979f800671
AT,1124,6,AT1124.6,T1124.6,0,10,0,0,0,0,0,0,0,f9319bc4f61a
AT,1124,7,AT1124.7,T1124.7,0,11,0,0,0,0,0,0,0,3cd4279a34b3
AT,1125,0,AT1125.0,T1125.0,1,10,0,0,0,0,0,0,0,4cb10d297e57
AT,1125,1,AT1125.1,T1125.1,0,11,0,0,0,0,0,0,0,a8ba07d03dcb
AT,1125,2,AT1125.2,T1125.2,0,17,0,0,0,0,0,0,0,4ba7ebb1ef27
AT,1125,3,AT1125.3,T1125.3,0,6,0,0,0,0,0,0,0,9eb59410534d
AT,1125,4,AT1125.4,T1125.4,0,36,0,0,0,0,0,0,0,d48684492909
AT,1125,5,AT1125.5,T1125.5,0,86,0,0,0,0,0,0,0,36ad9bd978ac
AT,1125,6,AT1125.6,T1125.6,0,12,0,0,0,0,0,0,0,f8f1b6226e09
AT,1125,7,AT1125.7,T1125.7,0,7,0,0,0,0,0,0,0,346a912e57ff
AT,1126,0,AT1126.0,T1126.0,1,10,0,0,0,0,0,0,0,6339a99cf3cb
AT,1126,1,AT1126.1,T1126.1,0,11,0,0,0,0,0,0,0,521d9095d016
AT,1126,2,AT1126.2,T1126.2,0,73,0,0,0,0,0,0,0,d7ecf78cd2a9
AT,1126,3,AT1126.3,T1126.3,0,162,0,0,0,0,0,0,0,12acab681484
AT,1126,4,AT1126.4,T1126.4,0,31,0,0,0,0,0,0,0,0c3050f94175
AT,1127,0,AT1127.0,T1127.0,1,12,0,0,0,0,0,0,0,663cf672b267
AT,1127,1,AT1127.1,T1127.1,0,73,0,1,0,0,0,0,0,8af12de1883b
AT,1127,2,AT1127.2,T1127.2,0,55,0,0,0,0,0,0,0,06e8bf2055b2
AT,1127,3,AT1127.3,T1127.3,0,51,0,0,0,0,0,0,0,a874829fde37
AT,1127,4,AT1127.4,T1127.4,0,25,0,0,0,0,0,0,0,625973b8ce47
AT,1127,5,AT1127.5,T1127.5,0,89,0,0,0,0,0,0,0,efe7e759b9c5
AT,1127,6,AT1127.6,T1127.6,0,32,0,0,0,0,0,0,0,3deafe182612
AT,1127,7,AT1127.7,T1127.7,0,22,0,0,0,0,0,0,0,ee7d0fce73f2
AT,1128,0,AT1128.0,T1128.0,1,10,0,0,0,0,0,0,0,8c88a1c01339
AT,1128,1,AT1128.1,T1128.1,0,31,0,0,0,0,0,0,0,eaa068c95395
AT,1128,2,AT1128.2,T1128.2,0,26,0,0,0,0,0,0,0,55d2581fe14a
AT,1129,0,AT1129.0,T1129.0,1,10,0,0,0,0,0,0,0,54812a50d822
AT,1129,1,AT1129.1,T1129.1,0,15,0,0,0,0,0,0,0,60bdbecee49f
AT,1129,2,AT1129.2,T1129.2,0,104,0,0,0,0,0,0,0,177db2b7ffca
AT,1130,0,AT1130.0,T1130.0,1,10,0,0,0,0,0,0,0,a699a9a9240b
AT,1130,1,AT1130.1,T1130.1,0,51,0,0,0,0,0,0,0,5c320b5a76e1
AT,1130,2,AT1130.2,T1130.2,0,7,0,0,0,0,0,0,0,1c8e4a27ab98
AT,1130,3,AT1130.3,T1130.3,0,8,0,0,0,0,0,0,0,8da57fda61bd
AT,1130,4,AT1130.4,T1130.4,0,134,0,1,0,0,0,0,0,57ff7d472bf5
AT,1130,5,AT1130.5,T1130.5,0,47,0,0,0,0,0,0,0,bc3833ef256c
AT,1131,0,AT1131.0,T1131.0,1,10,0,0,0,0,0,0,0,e8cefee70f9b
AT,1131,1,AT1131.1,T1131.1,0,17,0,0,0,0,0,0,0,0466f2515059
AT,1131,2,AT1131.2,T1131.2,0,30,0,0,0,0,0,0,0,d89ba5d6353a
AT,1131,3,AT1131.3,T1131.3,0,297,0,0,0,0,0,0,0,5c0cdbea48cb
AT,1131,4,AT1131.4,T1131.4,0,22,0,0,0,0,0,0,0,6361cb4cc4df
AT,1131,5,AT1131.5,T1131.5,0,63,0,0,0,0,0,0,0,d461b28c148c
AT,1132,0,AT1132.0,T1132.0,1,13,0,0,0,0,0,0,0,373cf68cf772
AT,1132,1,AT1132.1,T1132.1,0,28,0,0,0,0,0,0,0,67dd32d58fa0
AT,1132,2,AT1132.2,T1132.2,0,37,0,0,0,0,0,0,0,a7450fea3243
AT,1132,3,AT1132.3,T1132.3,0,18,0,0,0,0,0,0,0,b9fe549db619
AT,1132,4,AT1132.4,T1132.4,0,14,0,0,0,0,0,0,0,3d9683845391
AT,1132,5,AT1132.5,T1132.5,0,35,0,0,0,0,0,0,0,9d32ce8a5bbe
AT,1132,6,AT1132.6,T1132.6,0,32,0,0,0,0,0,0,0,a1d8ae1cd149
AT,1132,7,AT1132.7,T1132.7,0,14,0,0,0,0,0,0,0,5d84c314842b
AT,1132,8,AT1132.8,T1132.8,0,11,0,0,0,0,0,0,0,86615678fe6c
AT,1132,9,AT1132.9,T1132.9,0,15,0,0,0,0,0,0,0,b57437e75848
AT,1132,10,AT1132.10,T1132.10,0,9,0,0,0,0,0,0,0,b1154b1f9ced
AT,1132,11,AT1132.11,T1132.11,0,10,0,0,0,0,0,0,0,73b33b2c60eb
AT,1133,0,AT1133.0,T1133.0,1,10,0,0,0,0,0,0,0,360065dcfcda
AT,1133,1,AT1133.1,T1133.1,0,17,0,0,0,0,0,0,0,0a547d5fddb8
AT,1133,2,AT1133.2,T1133.2,0,59,0,0,0,0,0,0,0,a7fb147e7fd6
AT,1133,3,AT1133.3,T1133.3,0,23,0,0,0,0,0,0,0,e91042182eb0
AT,1133,4,AT1133.4,T1133.4,0,11,0,0,0,0,0,0,0,0bab802825a9
AT,1133,5,AT1133.5,T1133.5,0,32,0,0,0,0,0,0,0,ed9ee8ee9b75
AT,1133,6,AT1133.6,T1133.6,0,21,0,0,0,0,0,0,0,a5c73dcbee34
AT,1133,7,AT1133.7,T1133.7,0,9,0,0,0,0,0,0,0,8e93ba84a41e
AT,1133,8,AT1133.8,T1133.8,0,16,0,0,0,0,0,0,0,64903cf162cc
AT,1134,0,AT1134.0,T1134.0,1,10,0,0,0,0,0,0,0,db62c44d3fb9
AT,1134,1,AT1134.1,T1134.1,0,11,0,0,0,0,0,0,0,5dbf43609f17
AT,1134,2,AT1134.2,T1134.2,0,18,0,0,0,0,0,0,0,2a76863c7c51
AT,1134,3,AT1134.3,T1134.3,0,35,0,0,0,0,0,0,0,806e270dbeed
AT,1134,4,AT1134.4,T1134.4,0,88,0,0,0,0,0,0,0,7eb8d075db23
AT,1134,5,AT1134.5,T1134.5,0,120,0,0,0,0,0,0,0,cb6a7d434582
AT,1134,6,AT1134.6,T1134.6,0,30,0,0,0,0,0,0,0,0397d02059e0
AT,1134,7,AT1134.7,T1134.7,0,12,0,0,0,0,0,0,0,984ce72bb09e
AT,1134,8,AT1134.8,T1134.8,0,26,0,0,0,0,0,0,0,e57fd26689bd
AT,1134,9,AT1134.9,T1134.9,0,8,0,0,0,0,0,0,0,5027a0976fca
AT,1134,10,AT1134.10,T1134.10,0,29,0,0,0,0,0,0,0,1c6394c91964
AT,1134,11,AT1134.11,T1134.11,0,11,0,0,0,0,0,0,0,04d146da6276
AT,1134,12,AT1134.12,T1134.12,0,18,0,0,0,0,0,0,0,b850cb90ce01
AT,1135,0,AT1135.0,T1135.0,1,11,0,0,0,0,0,0,0,a4389d62f392
AT,1135,1,AT1135.1,T1135.1,0,12,0,0,0,0,0,0,0,54a20c28b04c
AT,1135,2,AT1135.2,T1135.2,0,16,0,0,0,0,0,0,0,e509d48c95e3
AT,1135,3,AT1135.3,T1135.3,0,9,0,0,0,0,0,0,0,511e8d3413c4
AT,1135,4,AT1135.4,T1135.4,0,31,0,0,0,0,0,0,0,eeeb0b76f4da
AT,1135,5,AT1135.5,T1135.5,0,33,0,0,0,0,0,0,0,e28630e38912
AT,1135,6,AT1135.6,T1135.6,0,7,0,0,0,0,0,0,0,8dafdabb1161
AT,1135,7,AT1135.7,T1135.7,0,17,0,0,0,0,0,0,0,6771c39127c2
AT,1135,8,AT1135.8,T1135.8,0,14,0,0,0,0,0,0,0,4b12d7227430
AT,1135,9,AT1135.9,T1135.9,0,8,0,0,0,0,0,0,0,fa53083163ad
AT,1135,10,AT1135.10,T1135.10,0,22,0,0,0,0,0,0,0,a3c171ae11ed
AT,1135,11,AT1135.11,T1135.11,0,9,0,0,0,0,0,0,0,4904208565de
AT,1135,12,AT1135.12,T1135.12,0,7,0,0,0,0,0,0,0,3c25b64a1b58
AT,1135,13,AT1135.13,T1135.13,0,6,0,0,0,0,0,0,0,e991db3e3b9e
AT,1136,0,AT1136.0,T1136.0,1,19,0,0,0,0,0,0,0,443493439201
AT,1136,1,AT1136.1,T1136.1,0,27,0,0,0,0,0,0,0,ee5b5d001725
AT,1136,2,AT1136.2,T1136.2,0,48,0,0,0,0,0,0,0,42ad5e0b0101
AT,1136,3,AT1136.3,T1136.3,0,17,0,0,0,0,0,0,0,69239b75ec17
AT,1136,4,AT1136.4,T1136.4,0,11,0,0,0,0,0,0,0,08ded2b97569
AT,1136,5,AT1136.5,T1136.5,0,30,0,0,0,0,0,0,0,30eeec7f8426
AT,1136,6,AT1136.6,T1136.6,0,10,0,0,0,0,0,0,0,ea2cba42dba1
AT,1136,7,AT1136.7,T1136.7,0,21,0,0,0,0,0,0,0,197a4f12dc50
AT,1136,8,AT1136.8,T1136.8,0,12,0,0,0,0,0,0,0,2e98718fd4b5
AT,1136,9,AT1136.9,T1136.9,0,15,0,0,0,0,0,0,0,851c641e407d
AT,1136,10,AT1136.10,T1136.10,0,13,0,0,0,0,0,0,0,4252e66d5df4
AT,1136,11,AT1136.11,T1136.11,0,11,0,0,0,0,0,0,0,afe651bbdb84
AT,1137,0,AT1137.0,T1137.0,1,10,0,0,0,0,0,0,0,92bc0dee2321
AT,1137,1,AT1137.1,T1137.1,0,43,0,0,0,0,0,0,0,5187a23dbf15
AT,1137,2,AT1137.2,T1137.2,0,12,0,0,0,0,0,0,0,4a5083f6d19f
AT,1137,3,AT1137.3,T1137.3,0,10,0,0,0,0,0,0,0,40095a64ac6c
AT,1137,4,AT1137.4,T1137.4,0,20,0,0,0,0,0,0,0,8dcfc5b1e1b1
AT,1137,5,AT1137.5,T1137.5,0,8,0,0,0,0,0,0,0,d9c790f0949d
AT,1137,6,AT1137.6,T1137.6,0,43,0,0,0,0,0,0,0,e77f707c6adf
AT,1137,7,AT1137.7,T1137.7,0,20,0,0,0,0,0,0,0,d9ed3b02f323
AT,1137,8,AT1137.8,T1137.8,0,13,0,0,0,0,0,0,0,f822d21262e2
AT,1137,9,AT1137.9,T1137.9,0,29,0,0,0,0,0,0,0,bd09b94637fd
AT,1138,0,AT1138.0,T1138.0,1,10,0,0,0,0,0,0,0,e8e3b2dab11f
AT,1138,1,AT1138.1,T1138.1,0,16,0,0,0,0,0,0,0,c6c98cd3fc72
AT,1138,2,AT1138.2,T1138.2,0,17,0,0,0,0,0,0,0,f7cb737dc50f
AT,1138,3,AT1138.3,T1138.3,0,14,0,0,0,0,0,0,0,505c79859ad1
AT,1138,4,AT1138.4,T1138.4,0,29,0,0,0,0,0,0,0,69826f62faac
AT,1138,5,AT1138.5,T1138.5,0,32,0,0,0,0,0,0,0,c0b5750564f9
AT,1138,6,AT1138.6,T1138.6,0,8,0,0,0,0,0,0,0,95a15715f7bd
AT,1138,7,AT1138.7,T1138.7,0,41,0,0,0,0,0,0,0,8e73e384526a
AT,1139,0,AT1139.0,T1139.0,1,14,0,0,0,0,0,0,0,7421804da057
AT,1139,1,AT1139.1,T1139.1,0,20,0,0,0,0,0,0,0,fc02fcbc57f0
AT,1139,2,AT1139.2,T1139.2,0,32,0,0,0,0,0,0,0,74a2c9d3a6e4
AT,1139,3,AT1139.3,T1139.3,0,17,0,0,0,0,0,0,0,4a16019b7312
AT,1139,4,AT1139.4,T1139.4,0,54,0,0,0,0,0,0,0,d0ef393c7892
AT,1139,5,AT1139.5,T1139.5,0,14,0,0,0,0,0,0,0,feefe0f1b305
AT,1139,6,AT1139.6,T1139.6,0,17,0,0,0,0,0,0,0,b0b8c92054d6
AT,1140,0,AT1140.0,T1140.0,1,13,0,0,0,0,0,0,0,bacca97ff64a
AT,1140,1,AT1140.1,T1140.1,0,10,0,0,0,0,0,0,0,274c2bcf91c9
AT,1140,2,AT1140.2,T1140.2,0,7,0,0,0,0,0,0,0,65cf861cb196
AT,1140,3,AT1140.3,T1140.3,0,49,0,0,0,0,0,0,0,e64443a915ed
AT,1140,4,AT1140.4,T1140.4,0,81,0,0,0,0,0,0,0,d604961b52c5
AT,1140,5,AT1140.5,T1140.5,0,34,0,0,0,0,0,0,0,a2af52583c8d
AT,1140,6,AT1140.6,T1140.6,0,5,0,0,0,0,0,0,0,c0731468a3f1
AT,1141,0,AT1141.0,T1141.0,1,13,0,0,0,0,0,0,0,90a2a12c6085
AT,1141,1,AT1141.1,T1141.1,0,16,0,0,0,0,0,0,0,423d05828520
AT,1141,2,AT1141.2,T1141.2,0,15,0,0,0,0,0,0,0,2a9dc2cf59dd
AT,1141,3,AT1141.3,T1141.3,0,17,0,0,0,0,0,0,0,4817b7a2e965
AT,1141,4,AT1141.4,T1141.4,0,7,0,0,0,0,0,0,0,342bed8df7d1
AT,1141,5,AT1141.5,T1141.5,0,37,0,0,0,0,0,0,0,5cb022953b67
AT,1142,0,AT1142.0,T1142.0,1,13,0,0,0,0,0,0,0,9c4e9959478a
AT,1142,1,AT1142.1,T1142.1,0,40,0,0,0,0,0,0,0,46a968e0488d
AT,1142,2,AT1142.2,T1142.2,0,17,0,0,0,0,0,0,0,288f3b20b07d
AT,1142,3,AT1142.3,T1142.3,0,15,0,0,0,0,0,0,0,d8c116e3fe50
AT,1142,4,AT1142.4,T1142.4,0,10,0,0,0,0,0,0,0,21b9c7c82b65
AT,1142,5,AT1142.5,T1142.5,0,23,0,0,0,0,0,0,0,bdbb7eb757d5
AT,1142,6,AT1142.6,T1142.6,0,10,0,0,0,1,0,0,0,836b5119520f
AT,1143,0,AT1143.0,T1143.0,1,13,0,0,0,0,0,0,0,4f79bfcda362
AT,1143,1,AT1143.1,T1143.1,0,10,0,0,0,0,0,0,0,d0d2321b95ad
AT,1143,2,AT1143.2,T1143.2,0,4,0,0,0,0,0,0,0,903606db910b
AT,1143,3,AT1143.3,T1143.3,0,89,0,0,0,0,0,0,0,0de449e0a317
AT,1143,4,AT1143.4,T1143.4,0,37,0,0,0,0,0,0,0,f2639c566612
AT,1143,5,AT1143.5,T1143.5,0,69,0,0,0,0,0,0,0,7e4f55e90a3c
AT,1143,6,AT1143.6,T1143.6,0,28,0,0,0,0,0,0,0,0065a9b18a98
AT,1143,7,AT1143.7,T1143.7,0,20,0,0,0,0,0,0,0,350e5c8fb8a5
AT,1143,8,AT1143.8,T1143.8,0,16,0,0,0,0,0,0,0,281557a4ee50
AT,1143,9,AT1143.9,T1143.9,0,63,0,0,0,0,0,0,0,3a28bfd55ae9
AT,1144,0,AT1144.0,T1144.0,1,17,0,0,0,0,0,0,0,198c6648160a
AT,1144,1,AT1144.1,T1144.1,0,54,0,0,0,0,0,0,0,1f69286a4135
AT,1144,2,AT1144.2,T1144.2,0,7,0,0,0,0,0,0,0,9afc6bfb9db2
AT,1144,3,AT1144.3,T1144.3,0,7,0,0,0,0,0,0,0,dfcf24a973c8
AT,1144,4,AT1144.4,T1144.4,0,7,0,0,0,0,0,0,0,03867f7ed065
AT,1144,5,AT1144.5,T1144.5,0,40,0,0,0,0,0,0,0,aa08480ddd1a
AT,1144,6,AT1144.6,T1144.6,0,24,0,0,0,0,0,0,0,debc9a4247da
AT,1144,7,AT1144.7,T1144.7,0,66,0,0,0,0,0,0,0,55b89f22a0eb
AT,1144,8,AT1144.8,T1144.8,0,44,0,0,0,0,0,0,0,93fe822e7740
AT,1144,9,AT1144.9,T1144.9,0,13,0,0,0,0,0,0,0,e571eac6cabe
AT,1144,10,AT1144.10,T1144.10,0,10,0,0,0,0,0,0,0,0f22efe6d424
AT,1145,0,AT1145.0,T1145.0,1,12,0,0,0,0,0,0,0,fd81f4c58a4f
AT,1145,1,AT1145.1,T1145.1,0,7,0,0,0,0,0,0,0,0ff9c8693641
AT,1145,2,AT1145.2,T1145.2,0,52,0,0,0,0,0,0,0,01a4dbfdd6f8
AT,1145,3,AT1145.3,T1145.3,0,20,0,0,0,0,0,0,0,c040a83438ba
AT,1145,4,AT1145.4,T1145.4,0,26,0,0,0,0,0,0,0,3757e08d9d2c
AT,1145,5,AT1145.5,T1145.5,0,45,0,0,0,0,0,0,0,618277012bf4
AT,1145,6,AT1145.6,T1145.6,0,12,0,0,0,0,0,0,0,5fe984201b99
AT,1145,7,AT1145.7,T1145.7,0,14,0,0,0,0,0,0,0,2c41a17a713d
AT,1145,8,AT1145.8,T1145.8,0,29,0,0,0,0,0,0,0,5ab2f3f30605
AT,1145,9,AT1145.9,T1145.9,0,34,0,0,0,0,0,0,0,e8b599072641
AT,1145,10,AT1145.10,T1145.10,0,8,0,0,0,0,0,0,0,8e999cb98a69
AT,1146,0,AT1146.0,T1146.0,1,16,0,0,0,0,0,0,0,2c344ab35ae1
AT,1146,1,AT1146.1,T1146.1,0,75,0,0,0,0,0,0,0,0d3e88a067c9
AT,1146,2,AT1146.2,T1146.2,0,8,0,0,0,0,0,0,0,5e1ef9c8fb53
AT,1146,3,AT1146.3,T1146.3,0,13,0,0,0,0,0,0,0,6098c3a9f0d6
AT,1146,4,AT1146.4,T1146.4,0,5,0,0,0,0,0,0,0,782b8c71866b
AT,1146,5,AT1146.5,T1146.5,0,53,0,0,0,0,0,0,0,fcd067b26820
AT,1146,6,AT1146.6,T1146.6,0,63,0,0,0,0,0,0,0,c937ec027ad4
AT,1146,7,AT1146.7,T1146.7,0,17,0,0,0,0,0,0,0,7751a173096f
AT,1146,8,AT1146.8,T1146.8,0,18,0,0,0,0,0,0,0,420fed736bfe
AT,1146,9,AT1146.9,T1146.9,0,20,0,0,0,0,0,0,0,f3cd2f85ad5d
AT,1146,10,AT1146.10,T1146.10,0,7,0,0,0,0,0,0,0,879c99c72bdd
AT,1146,11,AT1146.11,T1146.11,0,17,0,0,0,0,0,0,0,c44fa22c6170
AT,1146,12,AT1146.12,T1146.12,0,22,0,0,0,0,0,0,0,60d3b7ef14c3
AT,1147,0,AT1147.0,T1147.0,1,13,0,0,0,0,0,0,0,bdedc4d7e963
AT,1147,1,AT1147.1,T1147.1,0,18,0,0,0,0,0,0,0,fafd81c7d94e
AT,1147,2,AT1147.2,T1147.2,0,29,0,0,0,0,0,0,0,d4745ad45006
AT,1147,3,AT1147.3,T1147.3,0,9,0,0,0,0,0,0,0,c4dbfac42f84
AT,1147,4,AT1147.4,T1147.4,0,8,0,0,0,0,0,0,0,6cb26014c0c7
AT,1148,0,AT1148.0,T1148.0,1,12,0,0,0,0,0,0,0,2390ecd076fc
AT,1148,1,AT1148.1,T1148.1,0,84,0,0,0,0,0,0,0,ca80805a25e8
AT,1148,2,AT1148.2,T1148.2,0,14,0,0,0,0,0,0,0,291b0b08ad5e
AT,1148,3,AT1148.3,T1148.3,0,14,0,0,0,0,0,0,0,aafc61a93849
AT,1148,4,AT1148.4,T1148.4,0,6,0,0,0,0,0,0,0,c8ff536689fe
AT,1148,5,AT1148.5,T1148.5,0,15,0,0,0,0,0,0,0,4ed76f5d0aab
AT,1148,6,AT1148.6,T1148.6,0,16,0,0,0,0,0,0,0,6fa3499ba0fd
AT,1148,7,AT1148.7,T1148.7,0,11,0,1,0,0,0,0,0,f70885606cf2
AT,1149,0,AT1149.0,T1149.0,1,12,0,0,0,0,0,0,0,be365b0cafc7
AT,1149,1,AT1149.1,T1149.1,0,29,0,0,0,0,0,0,0,cdc38b862581
AT,1149,2,AT1149.2,T1149.2,0,8,0,0,0,0,0,0,0,890636d9751f
AT,1149,3,AT1149.3,T1149.3,0,16,0,0,0,0,0,0,0,9410cdbe8ade
AT,1149,4,AT1149.4,T1149.4,0,35,0,0,0,0,0,0,0,1b617e8cef59
AT,1149,5,AT1149.5,T1149.5,0,6,0,0,0,0,0,0,0,4cc595679af1
AT,1149,6,AT1149.6,T1149.6,0,35,0,0,0,0,0,0,0,631f497e3cd8
AT,1149,7,AT1149.7,T1149.7,0,21,0,0,0,0,0,0,0,21500896652c
AT,1150,0,AT1150.0,T1150.0,1,12,0,0,0,0,0,0,0,da6413eb96dc
AT,1150,1,AT1150.1,T1150.1,0,13,0,0,0,0,0,0,0,d35124f9a4c5
AT,1150,2,AT1150.2,T1150.2,0,19,0,0,0,0,0,0,0,bb7c58c6bc46
AT,1150,3,AT1150.3,T1150.3,0,12,0,0,0,0,0,0,0,2ec144719902
AT,1150,4,AT1150.4,T1150.4,0,9,0,0,0,0,0,0,0,2656b103c81c
AT,1150,5,AT1150.5,T1150.5,0,14,0,0,0,0,0,0,0,9a3988eb6dc1
AT,1150,6,AT1150.6,T1150.6,0,11,0,0,0,0,0,0,0,5ab6fc64e4a9
AT,1151,0,AT1151.0,T1151.0,1,17,0,0,0,0,0,0,0,e34af3bd266a
AT,1151,1,AT1151.1,T1151.1,0,8,0,0,0,0,0,0,0,b9e2a77bbdab
AT,1151,2,AT1151.2,T1151.2,0,33,0,0,0,0,0,0,0,4c4f382292c5
AT,1151,3,AT1151.3,T1151.3,0,370,0,0,0,0,0,0,0,8e93b9bc2b80
AT,1151,4,AT1151.4,T1151.4,0,35,0,0,0,0,0,0,0,2e779cb8f58c
AT,1151,5,AT1151.5,T1151.5,0,17,0,0,0,0,0,0,0,a2f937493f92
AT,1152,0,AT1152.0,T1152.0,1,12,0,0,0,0,0,0,0,1cd4e32c03f6
AT,1152,1,AT1152.1,T1152.1,0,13,0,0,0,0,0,0,0,8f4ac40f466a
AT,1152,2,AT1152.2,T1152.2,0,53,0,0,0,0,0,0,0,26eedd45d96e
AT,1152,3,AT1152.3,T1152.3,0,24,0,0,0,0,0,0,0,8a7e81108f07
AT,1152,4,AT1152.4,T1152.4,0,13,0,0,0,0,0,0,0,c4f800acb9e6
AT,1152,5,AT1152.5,T1152.5,0,33,0,0,0,0,0,0,0,566e8187ddfd
AT,1152,6,AT1152.6,T1152.6,0,72,0,0,0,0,0,0,0,7e88d732904b
AT,1152,7,AT1152.7,T1152.7,0,19,0,0,0,0,0,0,0,ff82dd8987fc
AT,1152,8,AT1152.8,T1152.8,0,8,0,1,0,0,0,0,0,fe31357091da
AT,1153,0,AT1153.0,T1153.0,1,13,0,0,0,0,0,0,0,1a4d55f2ffce
AT,1153,1,AT1153.1,T1153.1,0,24,0,0,0,0,0,0,0,4177a2193d7d
AT,1153,2,AT1153.2,T1153.2,0,15,0,0,0,0,0,0,0,df165bc9897a
AT,1153,3,AT1153.3,T1153.3,0,25,0,0,0,0,0,0,0,69b78c9c0e67
AT,1153,4,AT1153.4,T1153.4,0,13,0,1,0,0,0,0,0,1e854121fd44
AT,1153,5,AT1153.5,T1153.5,0,15,0,0,0,0,0,0,0,d60001447998
AT,1153,6,AT1153.6,T1153.6,0,48,0,0,0,0,0,0,0,be446ed02235
AT,1153,7,AT1153.7,T1153.7,0,99,0,0,0,0,0,0,0,6bfd42e88c18
AT,1153,8,AT1153.8,T1153.8,0,10,0,0,0,0,0,0,0,b410076d1095
AT,1153,9,AT1153.9,T1153.9,0,15,0,0,0,0,0,0,0,1a69b43a4c73
AT,1153,10,AT1153.10,T1153.10,0,7,0,0,0,0,0,0,0,5479b10a91ea
AT,1153,11,AT1153.11,T1153.11,0,13,0,0,0,0,0,0,0,2cc241649a93
AT,1154,0,AT1154.0,T1154.0,1,12,0,0,0,0,0,0,0,d511ee1feef1
AT,1154,1,AT1154.1,T1154.1,0,12,0,0,0,0,0,0,0,834bb811b932
AT,1154,2,AT1154.2,T1154.2,0,17,0,0,0,0,0,0,0,763c8124dbf3
AT,1154,3,AT1154.3,T1154.3,0,33,0,0,0,0,0,0,0,b62d60c4a836
AT,1154,4,AT1154.4,T1154.4,0,31,0,0,0,0,0,0,0,3e4179d0fd14
AT,1154,5,AT1154.5,T1154.5,0,8,0,0,0,0,0,0,0,4a9babf7ce85
AT,1154,6,AT1154.6,T1154.6,0,22,0,0,0,0,0,0,0,9d7d43572b08
AT,1155,0,AT1155.0,T1155.0,1,13,0,0,0,0,0,0,0,bf0743601957
AT,1155,1,AT1155.1,T1155.1,0,28,0,0,0,0,0,0,0,4083dc8293c0
AT,1155,2,AT1155.2,T1155.2,0,31,0,0,0,0,0,0,0,667054f5e0fb
AT,1155,3,AT1155.3,T1155.3,0,7,0,0,0,0,0,0,0,13dd556a96d8
AT,1155,4,AT1155.4,T1155.4,0,18,0,0,0,0,0,0,0,d2c3f999d0d3
AT,1155,5,AT1155.5,T1155.5,0,14,0,0,0,0,0,0,0,8242d8e6be03
AT,1155,6,AT1155.6,T1155.6,0,45,0,0,0,0,0,0,0,67e8a2bed290
AT,1155,7,AT1155.7,T1155.7,0,16,0,0,0,0,0,0,0,9d3bcfedcd0c
AT,1155,8,AT1155.8,T1155.8,0,14,0,0,0,0,0,0,0,0ff14fb2bf15
AT,1155,9,AT1155.9,T1155.9,0,17,0,0,0,0,0,0,0,edafba935519
AT,1155,10,AT1155.10,T1155.10,0,20,0,0,0,0,0,0,0,c858d3e2c22b
AT,1155,11,AT1155.11,T1155.11,0,29,0,0,0,0,0,0,0,07940b24c780
AT,1155,12,AT1155.12,T1155.12,0,23,0,0,0,0,0,0,0,053f586a9f4b
AT,1156,0,AT1156.0,T1156.0,1,11,0,0,0,0,0,0,0,c477f17e0af5
AT,1156,1,AT1156.1,T1156.1,0,21,0,0,0,0,0,0,0,e011595cc0e4
AT,1156,2,AT1156.2,T1156.2,0,28,0,0,0,0,0,0,0,86599e185ae0
AT,1156,3,AT1156.3,T1156.3,0,26,0,0,0,0,0,0,0,ee7e55db4892
AT,1156,4,AT1156.4,T1156.4,0,164,0,0,0,0,0,0,0,8207cb837cc3
AT,1156,5,AT1156.5,T1156.5,0,62,0,0,0,0,0,0,0,799da75ea2f4
AT,1156,6,AT1156.6,T1156.6,0,17,0,0,0,0,0,0,0,39cbdad1aa35
AT,1156,7,AT1156.7,T1156.7,0,20,0,0,0,0,0,0,0,c3c51500211c
AT,1156,8,AT1156.8,T1156.8,0,45,0,0,0,0,0,0,0,dd402f7dca6c
AT,1157,0,AT1157.0,T1157.0,1,10,0,0,0,0,0,0,0,99dec7c6ecb5
AT,1157,1,AT1157.1,T1157.1,0,19,0,0,0,0,0,0,0,a6961ab6402a
AT,1157,2,AT1157.2,T1157.2,0,34,0,0,0,0,0,0,0,66e629c96dee
AT,1157,3,AT1157.3,T1157.3,0,61,0,0,0,0,0,0,0,22b3bb08f0bd
AT,1157,4,AT1157.4,T1157.4,0,31,0,0,0,0,0,0,0,896bee683559
AT,1157,5,AT1157.5,T1157.5,0,10,0,0,0,0,0,0,0,7a1eabb6f3f8
AT,1157,6,AT1157.6,T1157.6,0,76,0,0,0,0,0,0,0,7d7e1973dcd2
AT,1157,7,AT1157.7,T1157.7,0,24,0,0,0,0,0,0,0,4c3398b5f0df
AT,1158,0,AT1158.0,T1158.0,1,20,0,0,0,0,0,0,0,866e7416ac66
AT,1158,1,AT1158.1,T1158.1,0,9,0,0,0,0,0,0,0,3852c04c1833
AT,1158,2,AT1158.2,T1158.2,0,9,0,0,0,0,0,0,0,d6356bb8858a
AT,1158,3,AT1158.3,T1158.3,0,11,0,0,0,0,0,0,0,e89d533c132b
AT,1158,4,AT1158.4,T1158.4,0,15,0,0,0,0,0,0,0,b7081cc72a0a
AT,1158,5,AT1158.5,T1158.5,0,9,0,0,0,0,0,0,0,fe6312849791
AT,1158,6,AT1158.6,T1158.6,0,64,0,0,0,0,0,0,0,84a03ac06c1d
AT,1158,7,AT1158.7,T1158.7,0,82,0,0,0,0,0,0,0,75a87d656809
AT,1158,8,AT1158.8,T1158.8,0,14,0,0,0,0,0,0,0,673c7fb6e66b
AT,1159,0,AT1159.0,T1159.0,1,21,0,0,0,0,0,0,0,725f976c8433
AT,1159,1,AT1159.1,T1159.1,0,10,0,0,0,0,0,0,0,07ec0022f7dd
AT,1159,2,AT1159.2,T1159.2,0,36,0,0,0,0,0,0,0,81067062df61
AT,1159,3,AT1159.3,T1159.3,0,5,0,0,0,0,0,0,0,0c4ea0c30e03
AT,1159,4,AT1159.4,T1159.4,0,8,0,0,0,0,0,0,0,c83330671844
AT,1159,5,AT1159.5,T1159.5,0,22,0,0,0,0,0,0,0,ec536b96a83c
AT,1159,6,AT1159.6,T1159.6,0,268,0,0,0,0,0,0,0,47d9bb437c74
AT,1159,11,AT1159.11,T1159.11,0,37,0,0,0,0,0,0,0,edcbaef4d232
AT,1159,11,AT1159.11,T1159.11,0,44,0,0,0,0,0,0,0,ce2741d0d279
AT,1159,12,AT1159.12,T1159.12,0,65,0,0,0,0,0,0,0,db9af7d443b3
AT,1159,13,AT1159.13,T1159.13,0,74,0,0,0,0,0,0,0,d6dd6eba9bd2
AT,1159,14,AT1159.14,T1159.14,0,31,0,0,0,0,0,0,0,c0f60f810e99
AT,1159,15,AT1159.15,T1159.15,0,28,0,0,0,0,0,0,0,d12018bc5e4e
AT,1160,0,AT1160.0,T1160.0,1,16,0,0,0,0,0,0,0,f3d025adb426
AT,1160,1,AT1160.1,T1160.1,0,20,0,0,0,0,0,0,0,2d1d2d0ac728
AT,1160,2,AT1160.2,T1160.2,0,15,0,0,0,0,0,0,0,6c2a870ffd19
AT,1160,3,AT1160.3,T1160.3,0,26,0,0,0,0,0,0,0,03731abcbb56
AT,1160,4,AT1160.4,T1160.4,0,17,0,0,0,0,0,0,0,e8d7d39cc69c
AT,1160,5,AT1160.5,T1160.5,0,17,0,0,0,0,0,0,0,c66af180dc5d
AT,1160,6,AT1160.6,T1160.6,0,15,0,0,0,0,0,0,0,dc35ae971b8e
AT,1160,7,AT1160.7,T1160.7,0,20,0,0,0,0,0,0,0,ba5289a7bfd3
AT,1160,8,AT1160.8,T1160.8,0,24,0,0,0,0,0,0,0,838470f1db82
AT,1160,9,AT1160.9,T1160.9,0,6,0,0,0,0,0,0,0,877ec5b16397
AT,1160,10,AT1160.10,T1160.10,0,10,0,0,0,0,0,0,0,bc46a7ac397f
AT,1160,11,AT1160.11,T1160.11,0,10,0,0,0,0,0,0,0,1594797ba3d6
AT,1160,12,AT1160.12,T1160.12,0,27,0,0,0,0,0,0,0,82f087701042
AT,1161,0,AT1161.0,T1161.0,1,14,0,0,0,0,0,0,0,c790af229c36
AT,1161,1,AT1161.1,T1161.1,0,7,0,0,0,0,0,0,0,1c41ad877d63
AT,1161,2,AT1161.2,T1161.2,0,7,0,0,0,0,0,0,0,ac5e0f09e42e
AT,1161,3,AT1161.3,T1161.3,0,31,0,0,0,0,0,0,0,81d4abb27af5
AT,1161,4,AT1161.4,T1161.4,0,26,0,0,0,0,0,0,0,22ac1eadf51f
AT,1161,5,AT1161.5,T1161.5,0,7,0,0,0,0,0,0,0,81946a51fb89
AT,1161,6,AT1161.6,T1161.6,0,55,0,0,0,0,0,0,0,0e99a6011760
AT,1161,7,AT1161.7,T1161.7,0,29,0,0,0,0,0,0,0,c0f2e5955b79
AT,1161,8,AT1161.8,T1161.8,0,12,0,0,0,0,0,0,0,e208c8b9aebe
AT,1161,9,AT1161.9,T1161.9,0,5,0,0,0,0,0,0,0,c98881971d1c
AT,1161,10,AT1161.10,T1161.10,0,5,0,0,0,0,0,0,0,e44e81971fe9
AT,1161,11,AT1161.11,T1161.11,0,17,0,0,0,0,0,0,0,53d97cdcf2d3
AT,1162,0,AT1162.0,T1162.0,1,12,0,0,0,0,0,0,0,0c25f90fde1a
AT,1162,1,AT1162.1,T1162.1,0,35,0,0,0,0,0,0,0,f9b6b9fb48b5
AT,1162,2,AT1162.2,T1162.2,0,9,0,0,0,0,0,0,0,47ea25c0bde0
AT,1162,3,AT1162.3,T1162.3,0,7,0,0,0,0,0,0,0,19c4180ddcb5
AT,1162,4,AT1162.4,T1162.4,0,43,0,0,0,0,0,0,0,4a05090c75df
AT,1162,5,AT1162.5,T1162.5,0,8,0,0,0,0,0,0,0,4cd590649d18
AT,1162,6,AT1162.6,T1162.6,0,9,0,0,0,0,0,0,0,bff3c37e0ace
AT,1162,7,AT1162.7,T1162.7,0,12,0,0,0,0,0,0,0,f5c29ba12a46
AT,1162,8,AT1162.8,T1162.8,0,19,0,0,0,0,0,0,0,af11d80f8b22
AT,1163,0,AT1163.0,T1163.0,1,13,0,0,0,0,0,0,0,9e8d2d4ae736
AT,1163,1,AT1163.1,T1163.1,0,21,0,0,0,0,0,0,0,86c242222d4b
AT,1163,2,AT1163.2,T1163.2,0,9,0,0,0,0,0,0,0,420ffdaa2a2e
AT,1163,3,AT1163.3,T1163.3,0,10,0,0,0,0,0,0,0,5ad9b8ced52c
AT,1163,4,AT1163.4,T1163.4,0,53,0,0,0,0,0,0,0,6512e565214e
AT,1163,5,AT1163.5,T1163.5,0,30,0,0,0,0,0,0,0,04179039bc38
AT,1163,6,AT1163.6,T1163.6,0,11,0,0,0,0,0,0,0,c04f414a206d
AT,1163,7,AT1163.7,T1163.7,0,18,0,0,0,0,0,0,0,d04a997829c5
AT,1164,0,AT1164.0,T1164.0,1,12,0,0,0,0,0,0,0,f5d621af0586
AT,1164,2,AT1164.2,T1164.2,0,11,0,0,0,0,0,0,0,52743cffcfe6
AT,1164,3,AT1164.3,T1164.3,0,7,0,0,0,0,0,0,0,cc6d7a06075b
AT,1164,4,AT1164.4,T1164.4,0,17,0,0,0,0,0,0,0,4f0ee5b7bfc4
AT,1164,5,AT1164.5,T1164.5,0,9,0,0,0,0,0,0,0,fd664f60073b
AT,1164,6,AT1164.6,T1164.6,0,31,0,1,0,0,0,0,0,14ef5adc75ab
AT,1164,7,AT1164.7,T1164.7,0,10,0,0,0,0,0,0,0,6358ab6027b0
AT,1164,8,AT1164.8,T1164.8,0,16,0,0,0,0,0,0,0,78d0da22c0fe
AT,1164,9,AT1164.9,T1164.9,0,13,0,0,0,0,0,0,0,d79abd7b9319
AT,1165,0,AT1165.0,T1165.0,1,15,0,0,0,0,0,0,0,f3fc5f12a0e4
AT,1165,1,AT1165.1,T1165.1,0,20,0,0,0,0,0,0,0,52dcc735d58a
AT,1165,2,AT1165.2,T1165.2,0,33,0,0,0,0,0,0,0,c518df0a968c
AT,1165,3,AT1165.3,T1165.3,0,47,0,0,0,0,0,0,0,bdb9277e029d
AT,1165,4,AT1165.4,T1165.4,0,37,0,0,0,0,0,0,0,0956a33227eb
AT,1165,5,AT1165.5,T1165.5,0,7,0,0,0,0,0,0,0,9f3fb31b9c6d
AT,1165,6,AT1165.6,T1165.6,0,9,0,0,0,0,0,0,0,d0d23ddaed58
AT,1165,7,AT1165.7,T1165.7,0,12,0,0,0,0,0,0,0,cdd4d1fc6e82
AT,1165,8,AT1165.8,T1165.8,0,22,0,0,0,0,0,0,0,41e48ea60b83
AT,1165,9,AT1165.9,T1165.9,0,24,0,0,0,0,0,0,0,c44a0289a3e0
AT,1165,10,AT1165.10,T1165.10,0,20,0,0,0,0,0,0,0,f2356b489db6
AT,1165,11,AT1165.11,T1165.11,0,19,0,0,0,0,0,0,0,7ebe810aef17
AT,1166,0,AT1166.0,T1166.0,1,17,0,0,0,0,0,0,0,4c49da87e39a
AT,1166,1,AT1166.1,T1166.1,0,205,0,0,0,0,0,0,0,4b8e880ee3c5
AT,1166,2,AT1166.2,T1166.2,0,34,0,0,0,0,0,0,0,7d747e7bc606
AT,1166,3,AT1166.3,T1166.3,0,187,0,0,0,0,0,0,0,ce611438769a
AT,1166,4,AT1166.4,T1166.4,0,9,0,0,0,0,0,0,0,9f190033022f
AT,1166,5,AT1166.5,T1166.5,0,18,0,0,0,0,0,0,0,d1df2f4909ef
AT,1166,6,AT1166.6,T1166.6,0,9,0,0,0,0,0,0,0,070beb7e619b
AT,1166,7,AT1166.7,T1166.7,0,24,0,0,0,0,0,0,0,b0f7d9f91c8a
AT,1166,8,AT1166.8,T1166.8,0,11,0,0,0,0,0,0,0,f889d581887a
AT,1166,9,AT1166.9,T1166.9,0,14,0,0,0,0,0,0,0,81ab9fc60ec8
AT,1166,10,AT1166.10,T1166.10,0,7,0,0,0,0,0,0,0,cc96dcff822a
AT,1166,11,AT1166.11,T1166.11,0,18,0,0,0,0,0,0,0,5f3b5c2ccf89
AT,1166,12,AT1166.12,T1166.12,0,9,0,0,0,0,0,0,0,017909a335ab
AT,1166,13,AT1166.13,T1166.13,0,78,0,0,0,0,0,0,0,552c1c22aaf3
AT,1166,14,AT1166.14,T1166.14,0,7,0,0,0,0,0,0,0,723180c2b159
AT,1166,15,AT1166.15,T1166.15,0,14,0,0,0,0,0,0,0,d5c8df170286
AT,1166,16,AT1166.16,T1166.16,0,9,0,0,0,0,0,0,0,cfc916631a19
AT,1166,17,AT1166.17,T1166.17,0,10,0,0,0,0,0,0,0,43eb5a60a8bb
AT,1166,18,AT1166.18,T1166.18,0,8,0,0,0,0,0,0,0,5301ba7c7674
AT,1166,19,AT1166.19,T1166.19,0,44,0,0,0,0,0,0,0,06644757b038
AT,1166,20,AT1166.20,T1166.20,0,122,0,0,0,0,0,0,0,67bda42ed344
AT,1167,0,AT1167.0,T1167.0,1,12,0,0,0,0,0,0,0,d6e7e3f0ab02
AT,1167,1,AT1167.1,T1167.1,0,11,0,0,0,0,0,0,0,1fa7d23c0ae0
AT,1167,2,AT1167.2,T1167.2,0,11,0,0,0,0,0,0,0,132189e63369
AT,1167,3,AT1167.3,T1167.3,0,11,0,0,0,0,0,0,0,552f58c940d5
AT,1167,4,AT1167.4,T1167.4,0,269,0,0,0,0,0,0,0,cd8183e198ea
AT,1167,5,AT1167.5,T1167.5,0,170,0,0,1,0,0,0,0,36509d67e1c9
AT,1167,6,AT1167.6,T1167.6,0,11,0,0,0,0,0,0,0,cc576c23ff68
AT,1167,7,AT1167.7,T1167.7,0,11,0,0,0,0,0,0,0,75903201405a
AT,1167,8,AT1167.8,T1167.8,0,19,0,0,0,0,0,0,0,92d0c66435b6
AT,1167,9,AT1167.9,T1167.9,0,8,0,0,0,0,0,0,0,1cd585b9a228
AT,1168,0,AT1168.0,T1168.0,1,15,0,0,0,0,0,0,0,6c3affc2d79c
AT,1168,1,AT1168.1,T1168.1,0,47,0,0,0,0,0,0,0,c4f1dd28f2db
AT,1168,2,AT1168.2,T1168.2,0,16,0,0,0,0,0,0,0,b825cfe835c5
AT,1168,3,AT1168.3,T1168.3,0,15,0,0,0,0,0,0,0,6755530bdf61
AT,1168,4,AT1168.4,T1168.4,0,43,0,0,0,0,0,0,0,0265e5f1b575
AT,1168,5,AT1168.5,T1168.5,0,17,0,0,0,0,0,0,0,df6b520d7bba
AT,1168,6,AT1168.6,T1168.6,0,22,0,0,0,0,0,0,0,9e77abf0a977
AT,1168,7,AT1168.7,T1168.7,0,9,0,0,0,0,0,0,0,9de5dfc5d61a
AT,1168,8,AT1168.8,T1168.8,0,7,0,0,0,0,0,0,0,efaccf829c70
AT,1168,9,AT1168.9,T1168.9,0,20,0,0,0,0,0,0,0,2f76c02319a8
AT,1168,10,AT1168.10,T1168.10,0,23,0,0,0,0,0,0,0,2fd906b354cd
AT,1168,11,AT1168.11,T1168.11,0,13,0,0,0,0,0,0,0,884919487b2b
AT,1169,0,AT1169.0,T1169.0,1,12,0,0,0,0,0,0,0,3a22caf818bd
AT,1169,1,AT1169.1,T1169.1,0,8,0,0,0,0,0,0,0,f9592f8252aa
AT,1169,2,AT1169.2,T1169.2,0,22,0,0,0,0,0,0,0,f3ecf5ad39d7
AT,1169,3,AT1169.3,T1169.3,0,10,0,0,0,0,0,0,0,9872f8387feb
AT,1169,4,AT1169.4,T1169.4,0,14,0,0,0,0,0,0,0,ae74308bbe9c
AT,1169,5,AT1169.5,T1169.5,0,30,0,0,0,1,0,0,0,85150bbec659
AT,1169,6,AT1169.6,T1169.6,0,12,0,0,0,0,0,0,0,81c7ed215d3d
AT,1170,0,AT1170.0,T1170.0,1,21,0,0,0,0,0,0,0,f21cc5a9db1c
AT,1170,1,AT1170.1,T1170.1,0,10,0,0,0,0,0,0,0,68c753a0f08f
AT,1170,2,AT1170.2,T1170.2,0,12,0,0,0,0,0,0,0,ba9d5991c153
AT,1170,3,AT1170.3,T1170.3,0,10,0,0,0,0,0,0,0,e327506dbdb5
AT,1170,4,AT1170.4,T1170.4,0,11,0,0,0,0,0,0,0,22ded2389ff6
AT,1170,5,AT1170.5,T1170.5,0,18,0,0,0,0,0,0,0,0a197826f7de
AT,1170,6,AT1170.6,T1170.6,0,9,0,0,0,0,0,0,0,cf7a72502b97
AT,1170,7,AT1170.7,T1170.7,0,15,0,0,0,0,0,0,0,39e8f8081228
AT,1170,8,AT1170.8,T1170.8,0,90,0,0,0,0,0,0,0,bc4f2286330d
AT,1170,9,AT1170.9,T1170.9,0,8,0,0,0,0,0,0,0,698bab1a54bd
AT,1170,10,AT1170.10,T1170.10,0,111,0,0,0,0,0,0,0,571a14007474
AT,1170,11,AT1170.11,T1170.11,0,30,0,0,0,0,0,0,0,b90ebf13305e
AT,1170,12,AT1170.12,T1170.12,0,45,0,0,0,1,0,0,0,2db8301c0eb0
AT,1170,13,AT1170.13,T1170.13,0,13,0,0,0,1,0,0,0,6d605208824f
AT,1170,14,AT1170.14,T1170.14,0,68,0,0,0,0,0,0,0,04d7cb92dd00
AT,1170,15,AT1170.15,T1170.15,0,25,0,0,0,0,0,0,0,517b90588954
AT,1170,16,AT1170.16,T1170.16,0,6,0,0,0,0,0,0,0,c00d0b648110
AT,1170,17,AT1170.17,T1170.17,0,21,0,0,0,0,0,0,0,6242d39b77e4
AT,1170,18,AT1170.18,T1170.18,0,15,0,0,0,0,0,0,0,e6830dc38fdb
AT,1170,19,AT1170.19,T1170.19,0,15,0,0,0,0,0,0,0,d317c4e97bee
AT,1170,20,AT1170.20,T1170.20,0,8,0,0,0,0,0,0,0,1f3affedc6c4
AT,1171,0,AT1171.0,T1171.0,1,18,0,0,0,0,0,0,0,d488d60de7b4
AT,1171,1,AT1171.1,T1171.1,0,49,0,0,0,0,0,0,0,29cadffe4938
AT,1171,2,AT1171.2,T1171.2,0,47,0,0,0,0,0,0,0,d8d4a8971623
AT,1171,3,AT1171.3,T1171.3,0,20,0,0,0,0,0,0,0,f7e52a1c9be6
AT,1171,4,AT1171.4,T1171.4,0,56,0,0,0,0,0,0,0,d9e8232b0dad
AT,1171,5,AT1171.5,T1171.5,0,12,0,0,0,0,0,0,0,169379f3831e
AT,1171,6,AT1171.6,T1171.6,0,24,0,0,0,0,0,0,0,9e938fcf634e
AT,1171,7,AT1171.7,T1171.7,0,27,0,0,0,0,0,0,0,607443276567
AT,1171,8,AT1171.8,T1171.8,0,12,0,0,0,0,0,0,0,4fca11822bf6
AT,1171,9,AT1171.9,T1171.9,0,101,0,0,0,0,0,0,0,bb7cc1ab5118
AT,1171,10,AT1171.10,T1171.10,0,59,0,0,0,0,0,0,0,8532b131e9ee
AT,1171,11,AT1171.11,T1171.11,0,32,0,0,0,0,0,0,0,2c134375cdc9
AT,1171,12,AT1171.12,T1171.12,0,53,0,0,0,0,0,0,0,5b45a8729723
AT,1171,13,AT1171.13,T1171.13,0,13,0,0,0,0,0,0,0,125f3e8f45aa
AT,1172,0,AT1172.0,T1172.0,1,12,0,0,0,0,0,0,0,3da47d900483
AT,1172,1,AT1172.1,T1172.1,0,52,0,0,0,0,0,0,0,76a470c1bbbf
AT,1172,2,AT1172.2,T1172.2,0,29,0,0,0,0,0,0,0,9df04e6990a9
AT,1172,3,AT1172.3,T1172.3,0,16,0,0,0,0,0,0,0,01ec2172678a
AT,1172,4,AT1172.4,T1172.4,0,22,0,0,0,0,0,0,0,54bc41696cae
AT,1172,5,AT1172.5,T1172.5,0,10,0,0,0,0,0,0,0,1268980fe3ac
AT,1172,6,AT1172.6,T1172.6,0,8,0,0,0,0,0,0,0,5e20fe064e4a
AT,1172,7,AT1172.7,T1172.7,0,20,0,0,0,0,0,0,0,c5f433a9aa65
AT,1172,8,AT1172.8,T1172.8,0,96,0,0,0,0,0,0,0,70bdef183c52
AT,1172,9,AT1172.9,T1172.9,0,19,0,0,0,0,0,0,0,188b0cb48ba8
AT,1172,10,AT1172.10,T1172.10,0,28,0,0,0,0,0,0,0,1ac927196914
AT,1172,11,AT1172.11,T1172.11,0,44,0,0,0,0,0,0,0,a4f954850d21
AT,1172,12,AT1172.12,T1172.12,0,38,0,0,0,0,0,0,0,d2e4607c5504
AT,1172,13,AT1172.13,T1172.13,0,19,0,0,0,0,0,0,0,95b2813b916d
AT,1172,14,AT1172.14,T1172.14,0,30,0,0,0,0,0,0,0,83f4ea828157
AT,1172,15,AT1172.15,T1172.15,0,40,0,0,0,0,0,0,0,519ca18697fd
AT,1173,0,AT1173.0,T1173.0,1,25,0,0,0,0,0,0,0,262b0aeeb51e
AT,1173,1,AT1173.1,T1173.1,0,16,0,0,0,0,0,0,0,2559282011a9
AT,1173,2,AT1173.2,T1173.2,0,7,0,0,0,0,0,0,0,31e9b37e0518
AT,1173,3,AT1173.3,T1173.3,0,12,0,0,0,0,0,0,0,d87995e2c551
AT,1173,4,AT1173.4,T1173.4,0,7,0,0,0,0,0,0,0,76ffd3075521
AT,1173,5,AT1173.5,T1173.5,0,11,0,0,0,0,0,0,0,de912eee1dfd
AT,1173,6,AT1173.6,T1173.6,0,9,0,0,0,0,0,0,0,158bdb1db9e4
AT,1173,7,AT1173.7,T1173.7,0,29,0,0,0,0,0,0,0,67776a79054a
AT,1173,8,AT1173.8,T1173.8,0,4,0,0,0,0,0,0,0,11068a6a04e6
AT,1173,9,AT1173.9,T1173.9,0,7,0,0,0,0,0,0,0,cf1f1940d457
AT,1173,10,AT1173.10,T1173.10,0,82,0,0,0,0,0,0,0,5048f23c6549
AT,1173,11,AT1173.11,T1173.11,0,15,0,0,0,0,0,0,0,f626f6ec3263
AT,1173,12,AT1173.12,T1173.12,0,19,0,0,0,0,0,0,0,1f0ce130f75b
AT,1173,13,AT1173.13,T1173.13,0,59,0,0,0,0,0,0,0,0bbb4ee6d661
AT,1173,14,AT1173.14,T1173.14,0,9,0,1,0,0,0,0,0,e88b8e557b07
AT,1173,15,AT1173.15,T1173.15,0,10,0,0,0,0,0,0,0,95ac814a7371
AT,1173,16,AT1173.16,T1173.16,0,9,0,0,0,0,0,0,0,2b08d629577e
AT,1173,17,AT1173.17,T1173.17,0,15,0,0,0,0,0,0,0,8ce49ac2c021
AT,1174,0,AT1174.0,T1174.0,1,19,0,0,0,0,0,0,0,200087fd5c9d
AT,1174,1,AT1174.1,T1174.1,0,9,0,0,0,0,0,0,0,3baa8b99c3f1
AT,1174,2,AT1174.2,T1174.2,0,7,0,0,0,0,0,0,0,95bee8b4eeba
AT,1174,3,AT1174.3,T1174.3,0,14,0,0,0,0,0,0,0,64d9c640d188
AT,1174,4,AT1174.4,T1174.4,0,8,0,0,0,0,0,0,0,9cbc77cb0556
AT,1174,5,AT1174.5,T1174.5,0,13,0,0,0,0,0,0,0,06dad53b7e61
AT,1174,6,AT1174.6,T1174.6,0,8,0,0,0,0,0,0,0,847e545684f4
AT,1174,7,AT1174.7,T1174.7,0,18,0,0,0,0,0,0,0,3140617fe009
AT,1174,8,AT1174.8,T1174.8,0,7,0,0,0,0,0,0,0,3f47756ee9d4
AT,1174,9,AT1174.9,T1174.9,0,204,0,0,0,0,0,0,0,735ec650a5f8
AT,1174,10,AT1174.10,T1174.10,0,40,0,0,0,0,0,0,0,5257a8c63156
AT,1174,11,AT1174.11,T1174.11,0,37,0,0,0,0,1,0,0,f23196f81138
AT,1174,12,AT1174.12,T1174.12,0,21,0,0,0,0,0,0,0,749344216230
AT,1174,13,AT1174.13,T1174.13,0,11,0,0,0,0,0,0,0,92974abe269d
AT,1175,0,AT1175.0,T1175.0,1,18,0,0,0,0,0,0,0,957072442250
AT,1175,1,AT1175.1,T1175.1,0,26,0,0,0,0,0,0,0,467b5a12fbc1
AT,1175,2,AT1175.2,T1175.2,0,13,0,0,0,0,0,0,0,06ace6afb335
AT,1175,3,AT1175.3,T1175.3,0,45,0,0,0,0,0,0,0,9473271ccdda
AT,1175,4,AT1175.4,T1175.4,0,8,0,0,0,0,0,0,0,8f4c6bc9e30e
AT,1175,5,AT1175.5,T1175.5,0,11,0,0,0,0,0,0,0,29f04f06a1c6
AT,1175,6,AT1175.6,T1175.6,0,6,0,0,0,0,0,0,0,600234f51213
AT,1175,7,AT1175.7,T1175.7,0,10,0,0,0,0,0,0,0,775981ead1d2
AT,1175,8,AT1175.8,T1175.8,0,16,0,0,0,0,0,0,0,7716760f8df6
AT,1175,9,AT1175.9,T1175.9,0,10,0,0,0,0,0,0,0,ce1c22560e8c
AT,1175,10,AT1175.10,T1175.10,0,16,0,0,0,0,0,0,0,7f6ab7c4950f
AT,1175,11,AT1175.11,T1175.11,0,13,0,0,0,0,0,0,0,1a99add470b3
AT,1175,12,AT1175.12,T1175.12,0,18,0,0,0,0,0,0,0,1d373a20c22c
AT,1175,13,AT1175.13,T1175.13,0,8,0,0,0,0,0,0,0,cfd9433dabbc
AT,1175,14,AT1175.14,T1175.14,0,9,0,0,0,0,0,0,0,f68df316c6e2
AT,1175,15,AT1175.15,T1175.15,0,34,0,0,0,0,0,0,0,6f0ac1a22381
AT,1175,16,AT1175.16,T1175.16,0,48,0,0,0,0,0,0,0,bcd7844428f0
AT,1175,17,AT1175.17,T1175.17,0,48,0,0,0,0,0,0,0,6c1002ddc968
AT,1175,18,AT1175.18,T1175.18,0,33,0,0,0,0,0,0,0,9d1c050fde3a
AT,1176,0,AT1176.0,T1176.0,1,10,0,0,0,0,0,0,0,968d83005639
AT,1176,1,AT1176.1,T1176.1,0,11,0,0,0,0,0,0,0,4b3eb75e0c96
AT,1176,2,AT1176.2,T1176.2,0,15,0,0,0,0,0,0,0,27c1aabe38dc
AT,1176,3,AT1176.3,T1176.3,0,10,0,0,0,0,0,0,0,b3771dd097f8
AT,1176,4,AT1176.4,T1176.4,0,15,0,0,0,0,0,0,0,d7d6f88c3a01
AT,1176,5,AT1176.5,T1176.5,0,56,0,0,0,0,0,0,0,320df8fc36eb
AT,1176,6,AT1176.6,T1176.6,0,12,0,0,0,0,0,0,0,9ae1cc9304ac
AT,1176,7,AT1176.7,T1176.7,0,50,0,0,0,0,0,0,0,1f8833a1fcc7
AT,1176,8,AT1176.8,T1176.8,0,11,0,0,0,0,0,0,0,430c1291e356
AT,1176,9,AT1176.9,T1176.9,0,21,0,0,0,0,0,0,0,c4810d5e8b48
AT,1176,10,AT1176.10,T1176.10,0,18,0,0,0,0,0,0,0,1bfbc65fedcc
AT,1176,11,AT1176.11,T1176.11,0,25,0,0,0,0,0,0,0,0212589d4690
AT,1176,12,AT1176.12,T1176.12,0,8,0,0,0,0,0,0,0,a4d1fcd1f89a
AT,1176,13,AT1176.13,T1176.13,0,15,0,0,0,0,0,0,0,18a1d964e84f
AT,1176,14,AT1176.14,T1176.14,0,19,0,0,0,0,0,0,0,0409bea90674
AT,1176,15,AT1176.15,T1176.15,0,5,0,0,0,0,0,0,0,c88db0c866f1
AT,1176,16,AT1176.16,T1176.16,0,12,0,0,0,0,0,0,0,19e329c9547a
AT,1176,17,AT1176.17,T1176.17,0,20,0,0,0,0,0,0,0,d8413c789167
AT,1176,18,AT1176.18,T1176.18,0,12,0,0,0,0,0,0,0,65b15fec2974
AT,1176,19,AT1176.19,T1176.19,0,8,0,0,0,0,0,0,0,48a5034ef1f4
AT,1176,20,AT1176.20,T1176.20,0,10,0,0,0,0,0,0,0,9c8129cbae34
AT,1176,21,AT1176.21,T1176.21,0,54,0,0,0,1,0,0,0,edcd8ac5e844
AT,1176,22,AT1176.22,T1176.22,0,23,0,0,0,0,0,0,0,d9483ca3ab24
AT,1176,23,AT1176.23,T1176.23,0,7,0,0,0,0,0,0,0,c27652aec687
AT,1177,0,AT1177.0,T1177.0,1,16,0,0,0,0,0,0,0,aaf0fb9da0c4
AT,1177,1,AT1177.1,T1177.1,0,10,0,0,0,0,0,0,0,e758cafe357f
AT,1177,2,AT1177.2,T1177.2,0,45,0,0,0,0,0,0,0,2aaab90160e9
AT,1177,3,AT1177.3,T1177.3,0,44,0,0,0,0,0,0,0,a7f27d95f808
AT,1177,4,AT1177.4,T1177.4,0,9,0,0,1,0,0,0,0,fafe2662d175
AT,1177,5,AT1177.5,T1177.5,0,23,0,0,0,0,0,0,0,3461effb780e
AT,1177,6,AT1177.6,T1177.6,0,9,0,0,0,0,0,0,0,4e9e3d20ef32
AT,1177,7,AT1177.7,T1177.7,0,15,0,0,0,0,0,0,0,8c4c0e94fe94
AT,1177,8,AT1177.8,T1177.8,0,31,0,0,0,0,0,0,0,be882a81b154
AT,1177,9,AT1177.9,T1177.9,0,7,0,0,0,0,0,0,0,7b560b8dc7f4
AT,1177,10,AT1177.10,T1177.10,0,39,0,0,0,0,0,0,0,c955282067ce
AT,1177,11,AT1177.11,T1177.11,0,10,0,0,0,0,0,0,0,08b31da99452
AT,1177,12,AT1177.12,T1177.12,0,20,0,0,0,0,0,0,0,e1019b212672
AT,1177,13,AT1177.13,T1177.13,0,49,0,0,0,0,0,0,0,25b4c79a73d1
AT,1177,14,AT1177.14,T1177.14,0,328,0,0,0,0,1,0,0,dad0fafd1c8f
AT,1177,15,AT1177.15,T1177.15,0,19,0,0,0,0,0,0,0,cb48e18ee8fa
AT,1177,16,AT1177.16,T1177.16,0,26,0,0,0,0,0,0,0,bfc9caf9182a
AT,1177,17,AT1177.17,T1177.17,0,37,0,0,0,0,0,0,0,fe481e1e9af1
AT,1178,0,AT1178.0,T1178.0,1,21,0,0,0,0,0,0,0,7250002b9c7e
AT,1178,1,AT1178.1,T1178.1,0,21,0,0,0,0,0,0,0,065d7d215518
AT,1178,2,AT1178.2,T1178.2,0,56,0,0,0,0,0,0,0,eb3337118187
AT,1178,3,AT1178.3,T1178.3,0,64,0,0,0,0,0,0,0,d85d9bd2a888
AT,1178,4,AT1178.4,T1178.4,0,10,0,0,0,0,0,0,0,03edd80956f7
AT,1178,5,AT1178.5,T1178.5,0,33,0,0,0,0,0,0,0,af12094d2e63
AT,1178,6,AT1178.6,T1178.6,0,8,0,0,0,0,0,0,0,cc6e3f30eb39
AT,1178,7,AT1178.7,T1178.7,0,20,0,0,0,0,0,0,0,860e1712eda5
AT,1178,8,AT1178.8,T1178.8,0,19,0,0,0,0,0,0,0,c5a1db5a9188
AT,1178,9,AT1178.9,T1178.9,0,12,0,0,0,0,0,0,0,1e602bdf354b
AT,1178,10,AT1178.10,T1178.10,0,22,0,0,0,0,0,0,0,fbf78550b118
AT,1178,11,AT1178.11,T1178.11,0,7,0,0,0,0,0,0,0,fca77375a360
AT,1178,12,AT1178.12,T1178.12,0,38,0,0,0,0,0,0,0,15178adcff9e
AT,1178,13,AT1178.13,T1178.13,0,58,0,0,0,0,0,0,0,4056226fc412
AT,1178,14,AT1178.14,T1178.14,0,14,0,0,0,0,0,0,0,cbe6fd418495
AT,1178,15,AT1178.15,T1178.15,0,22,0,0,0,0,0,0,0,6b36b9e5534d
AT,1178,16,AT1178.16,T1178.16,0,10,0,0,0,0,0,0,0,d80ba8291f9c
AT,1178,17,AT1178.17,T1178.17,0,31,0,0,0,0,0,0,0,38ce2e322be9
AT,1178,17,AT1178.17,T1178.17,0,7,0,0,0,0,0,0,0,f29a740e43fd
AI,433,1,AI433.1,AI433.1,0,13,0,0,0,0,0,0,0,b7f1de0572ce
AI,434,1,AI434.1,AI434.1,0,10,0,0,1,0,0,0,0,852bfa93307f
AI,435,1,AI435.1,AI435.1,0,15,0,0,0,0,0,0,0,f6be93f033ac
AI,435,2,AI435.2,AI435.2,0,2,0,0,0,0,0,0,0,c89a93f392e9
AI,436,1,AI436.1,AI436.1,0,9,0,0,0,0,0,0,0,47d209ef713b
AI,437,1,AI437.1,AI437.1,0,11,0,0,0,0,0,0,0,b722c4cc3a66
AI,438,1,AI438.1,AI438.1,0,6,0,0,0,0,0,0,0,bd3cb366f4bd
AI,439,1,AI439.1,AI439.1,0,25,0,0,0,0,0,0,0,769a808c4225
AI,440,1,AI440.1,AI440.1,0,9,0,0,0,0,0,0,0,6fa7f376e6be
AI,440,2,AI440.2,AI440.2,0,8,0,0,0,0,0,0,0,2bd79dc0fa7a
AI,440,3,AI440.3,AI440.3,0,11,0,0,0,0,0,0,0,09d0010087ab
AI,441,1,AI441.1,AI441.1,0,12,0,0,0,0,0,0,0,aef4140650cf
AI,442,1,AI442.1,AI442.1,0,9,0,0,0,0,0,0,0,5189741836cf
AI,443,1,AI443.1,AI443.1,0,10,0,0,0,0,0,0,0,f0cea3a770fd
AI,444,1,AI444.1,AI444.1,0,10,0,0,0,0,0,0,0,b0a693224ed9
AI,445,1,AI445.1,AI445.1,0,9,0,0,0,0,0,0,0,05e52206a40e
AI,445,2,AI445.2,AI445.2,0,8,1,0,0,0,0,0,1,9f4fbf735b7c
AI,446,1,AI446.1,AI446.1,0,1,0,0,0,0,0,0,0,d73e1b22d4d2
AI,447,1,AI447.1,AI447.1,0,24,0,0,0,0,1,0,0,c0c263407801
AI,448,1,AI448.1,AI448.1,0,7,0,0,0,0,0,0,0,eedea41093c5
AI,449,1,AI449.1,AI449.1,0,1,0,0,0,0,0,0,0,d73e1b22d4d2
AI,450,1,AI450.1,AI450.1,0,1,0,0,0,0,0,0,0,d73e1b22d4d2
AI,451,1,AI451.1,AI451.1,0,8,0,0,0,0,0,0,0,efaef9514472
AI,452,1,AI452.1,AI452.1,0,1,0,0,0,0,0,0,0,d73e1b22d4d2
AI,453,1,AI453.1,AI453.1,0,10,0,0,0,0,0,0,0,5341771fafa3
AI,453,2,AI453.2,AI453.2,0,11,0,0,0,0,0,0,0,18c3abbe88c7
AI,454,1,AI454.1,AI454.1,0,17,0,0,0,0,0,0,0,afa327aa8a8c
AI,455,1,AI455.1,AI455.1,0,8,0,0,0,0,1,0,0,2bd18183c09f
AI,455,2,AI455.2,AI455.2,0,11,0,0,0,0,0,0,0,51367cc61df1
AI,457,1,AI457.1,AI457.1,0,6,0,0,0,0,0,0,0,f5ce446ff22f
AI,458,1,AI458.1,AI458.1,0,9,0,0,0,0,0,0,0,9e3ffa0924bf
AI,459,1,AI459.1,AI459.1,0,16,0,0,0,0,1,0,0,179892cddc97
AI,460,1,AI460.1,AI460.1,0,6,0,0,0,0,0,0,0,ea92e6ae609c
AI,461,1,AI461.1,AI461.1,0,15,0,0,0,0,0,0,0,c8a78df15cd4
AI,462,1,AI462.1,AI462.1,0,1,0,0,0,0,0,0,0,d73e1b22d4d2
AI,463,1,AI463.1,AI463.1,0,20,0,1,0,0,0,0,0,ce33258ccfe4
AI,464,1,AI464.1,AI464.1,0,6,0,0,0,0,0,0,0,301c5b21cbf7
AI,465,1,AI465.1,AI465.1,0,6,0,0,0,0,0,0,0,48e48bc0b7b3
AI,466,1,AI466.1,AI466.1,0,8,0,0,0,0,0,0,0,09bbab4032d4
AI,467,1,AI467.1,AI467.1,0,1,0,0,0,0,0,0,0,d73e1b22d4d2
AI,468,1,AI468.1,AI468.1,0,9,0,0,0,0,0,0,0,c6bf78b1333b
AI,468,2,AI468.2,AI468.2,0,14,0,0,0,0,0,0,0,6f9892d8e294
AI,469,2,AI469.2,AI469.2,0,13,0,0,0,0,0,0,0,219b5a0a6dc6
AI,470,1,AI470.1,AI470.1,0,17,0,0,0,0,0,0,0,dec04f24f63f
AI,471,1,AI471.1,AI471.1,0,11,0,0,1,0,0,0,0,a5f3f14a78b8
AI,472,1,AI472.1,AI472.1,0,1,0,0,0,0,0,0,0,d73e1b22d4d2
AI,473,1,AI473.1,AI473.1,0,1,0,0,0,0,0,0,0,d73e1b22d4d2
AI,480,1,AI480.1,AI480.1,0,14,0,0,0,0,0,0,0,9d5df5c4017c
AI,481,1,AI481.1,AI481.1,0,12,0,0,0,1,0,0,0,fa3849af6462
AI,482,1,AI482.1,AI482.1,0,27,0,0,0,0,1,0,0,6210f79671a9
AI,485,1,AI485.1,AI485.1,0,42,0,0,0,0,1,0,0,42929ed546ce
AI,486,1,AI486.1,AI486.1,0,7,0,0,0,0,0,0,0,528546ee6b4a
AI,487,1,AI487.1,AI487.1,0,8,0,0,0,0,0,0,0,ed339395a5b6
AI,488,1,AI488.1,AI488.1,0,1,0,0,0,0,0,0,0,d73e1b22d4d2
AI,489,1,AI489.1,AI489.1,0,1,0,0,0,0,0,0,0,d73e1b22d4d2
AI,491,1,AI491.1,AI491.1,0,9,0,0,0,1,0,0,0,52a2745dc1e6
AI,491,2,AI491.2,AI491.2,0,7,0,0,0,0,0,0,0,a7e55489ff3d
AI,491,3,AI491.3,AI491.3,0,5,0,0,0,0,0,0,0,028e0702eac0
AI,492,1,AI492.1,AI492.1,0,8,0,0,0,0,0,0,0,5ab85aa7b6db
AI,492,2,AI492.2,AI492.2,0,21,0,0,0,0,0,0,0,010439877cca
AI,493,1,AI493.1,AI493.1,0,23,0,0,0,0,1,0,0,f32e6b2ac298
AI,494,1,AI494.1,AI494.1,0,1,0,0,0,0,0,0,0,bd0e0ce093b6
AI,495,1,AI495.1,AI495.1,0,1,0,0,0,0,0,0,0,bd0e0ce093b6
AI,496,1,AI496.1,AI496.1,0,22,0,0,0,0,0,0,0,98b027b76831
AI,496,2,AI496.2,AI496.2,0,9,0,0,0,1,0,0,0,ee6a957297d3
AI,497,1,AI497.1,AI497.1,0,9,0,0,0,1,0,0,0,519b5e6866a8
AI,498,1,AI498.1,AI498.1,0,9,0,0,0,0,0,0,0,4c37bdf96f86
AI,499,1,AI499.1,AI499.1,0,7,0,0,0,0,0,0,0,b396e1737bc6
AI,500,1,AI500.1,AI500.1,0,14,0,0,0,0,0,0,0,939149b84bb6
AI,501,1,AI501.1,AI501.1,0,1,0,0,0,0,0,0,0,d73e1b22d4d2
AI,502,1,AI502.1,AI502.1,0,16,0,0,0,0,0,0,0,33e4516177a3
AI,503,1,AI503.1,AI503.1,0,7,1,0,0,0,0,1,0,dbcdf7237322
AI,504,1,AI504.1,AI504.1,0,1,0,0,0,0,0,0,0,d73e1b22d4d2
AI,505,1,AI505.1,AI505.1,0,10,0,0,0,0,0,0,0,29835dbe5c33
AI,506,1,AI506.1,AI506.1,0,9,0,0,0,0,0,0,0,cff495891440
AI,507,1,AI507.1,AI507.1,0,1,0,0,0,0,0,0,0,d73e1b22d4d2
AI,508,1,AI508.1,AI508.1,0,15,0,0,0,1,0,0,0,8ddaaddc2e00
AI,509,1,AI509.1,AI509.1,0,10,0,0,0,0,0,0,0,6764c5ff49c0
AI,511,1,AI511.1,AI511.1,0,11,0,0,0,0,0,0,0,4b1d7461f7b2
AI,512,1,AI512.1,AI512.1,0,10,0,0,0,1,0,0,0,32cf7fe16dee
AI,512,2,AI512.2,AI512.2,0,7,0,0,0,0,0,0,0,618477a7535e
AI,512,1,AI512.1,AI513.1,0,9,0,0,0,0,0,0,0,9e51e4f94154
AI,512,2,AI512.2,AI513.2,0,19,0,0,0,1,1,0,0,afc1914eb8cc
AI,514,1,AI514.1,AI514.1,0,1,0,0,0,0,0,0,0,d73e1b22d4d2
AI,515,1,AI515.1,AI515.1,0,9,0,0,0,0,0,0,0,8118caeeb957
AI,516,1,AI516.1,AI516.1,0,15,0,0,0,0,0,0,0,fd814f9d364f
AI,517,1,AI517.1,AI517.1,0,1,0,0,0,0,0,0,0,d73e1b22d4d2
AI,518,1,AI518.1,AI518.1,0,8,0,0,0,0,0,0,0,e411a567f888
AI,518,2,AI518.2,AI518.2,0,5,0,0,0,0,0,0,0,ff1df5a2e020
AI,519,1,AI519.1,AI519.1,0,1,0,0,0,0,0,0,0,d73e1b22d4d2
AI,521,1,AI521.1,AI521.1,0,17,0,0,0,0,0,0,0,fc208c68fd5e
AI,522,1,AI522.1,AI522.1,0,1,0,0,0,0,0,0,0,d73e1b22d4d2
AI,523,1,AI523.1,AI523.1,0,1,0,0,0,0,0,0,0,d73e1b22d4d2
AI,524,1,AI524.1,AI524.1,0,9,0,0,0,0,0,0,0,8c98a969f762
AI,525,1,AI525.1,AI525.1,0,1,0,0,0,0,0,0,0,d73e1b22d4d2
AI,526,1,AI526.1,AI526.1,0,1,0,0,0,0,0,0,0,d73e1b22d4d2
AI,527,1,AI527.1,AI527.1,0,14,0,0,0,0,0,0,0,740287c94649
AI,528,1,AI528.1,AI528.1,0,11,0,0,0,0,1,0,0,f972a9b9cebb
AI,529,1,AI529.1,AI529.1,0,17,0,0,0,0,0,0,0,b3f93795a995
AI,530,1,AI530.1,AI530.1,0,25,0,0,0,0,1,0,0,8f510d44eb02
AI,530,2,AI530.2,AI530.2,0,6,0,0,0,0,0,0,0,cd796563d73e
AI,531,1,AI531.1,AI531.1,0,9,0,0,0,0,0,0,0,840729e8c9a8
AI,532,1,AI532.1,AI532.1,0,1,0,0,0,0,0,0,0,d73e1b22d4d2
AI,533,1,AI533.1,AI533.1,0,1,0,0,0,0,0,0,0,d73e1b22d4d2
AI,534,1,AI534.1,AI534.1,0,13,0,0,0,0,0,0,0,f57b0e40d8c5
AI,535,1,AI535.1,AI535.1,0,21,0,0,0,0,0,0,0,18566a63a8cf
AI,536,1,AI536.1,AI536.1,0,1,0,0,0,0,0,0,0,d73e1b22d4d2
AI,537,1,AI537.1,AI537.1,0,8,0,0,0,0,0,0,0,c8db5c4be264
AI,538,1,AI538.1,AI538.1,0,7,0,0,0,0,0,0,0,c0efbd08700a
AI,539,1,AI539.1,AI539.1,0,5,0,0,0,0,0,0,0,785a7442b9b7
AI,540,1,AI540.1,AI540.1,0,13,0,0,0,0,0,0,0,4acbd7b341ae
AI,541,1,AI541.1,AI541.1,0,12,0,0,0,0,0,0,0,655e6fc45e8a
AI,542,1,AI542.1,AI542.1,0,17,0,0,0,0,1,0,0,b9eb25468f82
AI,543,1,AI543.1,AI543.1,0,8,0,0,0,0,0,0,0,3c0d7c6eccfb
AI,544,1,AI544.1,AI544.1,0,17,0,0,0,0,0,0,0,9b97a5d78fc8
AI,545,1,AI545.1,AI545.1,0,6,0,0,0,0,0,0,0,74836a023952
AI,546,1,AI546.1,AI546.1,0,13,0,0,0,0,0,0,0,54ba43889300
AI,547,1,AI547.1,AI547.1,0,25,0,0,0,1,0,0,0,8ac8f74872c6
AI,548,1,AI548.1,AI548.1,0,28,0,0,0,0,0,0,0,d857b1818728
AI,549,1,AI549.1,AI549.1,0,22,0,0,0,0,0,0,0,4ea7d45f1027
AI,550,1,AI550.1,AI550.1,0,1,0,0,0,0,0,0,0,d73e1b22d4d2
AI,551,1,AI551.1,AI551.1,0,14,0,0,0,0,0,0,0,80de39efa035
AI,552,1,AI552.1,AI552.1,0,18,0,0,0,1,0,0,0,0516bb107365
AI,553,1,AI553.1,AI553.1,0,17,0,0,0,0,1,0,0,9437d8cc6db6
AI,554,1,AI554.1,AI554.1,0,5,0,0,0,0,0,0,0,3a35273685ce
AI,555,1,AI555.1,AI555.1,0,13,0,0,0,0,0,0,0,721bef1b65b0
AI,556,1,AI556.1,AI556.1,0,5,0,0,0,0,0,0,0,01e36298fa3c
AI,557,1,AI557.1,AI557.1,0,9,0,0,0,0,0,0,0,67d0f253546f
AI,558,1,AI558.1,AI558.1,0,10,0,0,0,0,0,0,0,ef2d1488f545
AI,559,1,AI559.1,AI559.1,0,12,0,0,0,0,0,0,0,617d172fbb3f
AI,560,1,AI560.1,AI560.1,0,37,0,0,0,0,0,0,0,aa5c06f25e05
AI,561,1,AI561.1,AI561.1,0,57,0,0,0,0,0,0,0,88c4f937153e
AI,562,1,AI562.1,AI562.1,0,28,0,0,0,0,0,0,0,8c8edcda64f1
AI,562,2,AI562.2,AI562.2,0,9,0,0,0,0,0,0,0,be9994237bd7
AI,563,1,AI563.1,AI563.1,0,15,0,1,0,0,0,0,0,c50a16005967
AI,564,1,AI564.1,AI564.1,0,17,0,0,0,0,0,0,0,89bfcf5ebb5a
AI,564,2,AI564.2,AI564.2,0,8,0,0,0,0,0,0,0,dfa93274db3a
AI,565,1,AI565.1,AI565.1,0,32,0,0,0,0,1,0,0,149d40a6aecc
AI,566,1,AI566.1,AI566.1,0,7,0,0,0,0,0,0,0,bf3fb34cad8a
AI,567,1,AI567.1,AI567.1,0,8,0,0,0,0,0,0,0,ba8e13ad8f5b
AI,568,1,AI568.1,AI568.1,0,18,0,0,0,0,0,0,0,a58e8cdf9272
AI,569,1,AI569.1,AI569.1,0,15,0,0,0,0,0,0,0,7973fe2a2306
AI,570,1,AI570.1,AI570.1,0,12,0,0,0,1,0,0,0,8c849a7a8858
AI,570,2,AI570.2,AI570.2,0,22,0,0,0,0,0,0,0,0abf61c0cb9a
AI,571,1,AI571.1,AI571.1,0,24,0,0,0,0,0,0,0,caccb7d37771
AI,572,1,AI572.1,AI572.1,0,8,0,0,0,0,0,0,0,078cee03b439
AI,573,1,AI573.1,AI573.1,0,85,0,0,0,0,0,0,0,93878465358c
AI,573,2,AI573.2,AI573.2,0,9,0,0,0,0,0,0,0,6fe81048f836
AI,573,3,AI573.3,AI573.3,0,4,0,0,0,0,0,0,0,c167d0147207
AI,574,2,AI574.2,AI574.2,0,13,0,0,0,0,0,0,0,7745e6af70ec
AI,575,2,AI575.2,AI575.2,0,5,0,0,0,0,1,0,0,961d81d83380
AI,576,2,AI576.2,AI576.2,0,8,0,0,0,0,0,0,0,e6d6dbb67b49
AI,577,2,AI577.2,AI577.2,0,5,0,0,0,0,0,0,0,3682554fb856
AI,578,1,AI578.1,AI578.1,0,17,0,0,0,0,0,0,0,c76bde871ee9
AI,578,2,AI578.2,AI578.2,0,15,0,0,0,0,0,0,0,b17062e7f34f
AI,578,3,AI578.3,AI578.3,0,9,0,0,0,0,0,0,0,c9410e22d450
AI,579,1,AI579.1,AI579.1,0,9,0,0,0,0,0,0,0,a3989570d949
AI,580,1,AI580.1,AI580.1,0,10,0,0,0,0,1,0,0,db4bb5dc55ed
AI,580,2,AI580.2,AI580.2,0,8,0,0,0,0,0,0,0,e3f7f3533fc3
AI,582,1,AI582.1,AI582.1,0,10,0,0,0,0,0,0,0,ac3723942aa1
AI,583,1,AI583.1,AI583.1,0,14,0,1,0,0,0,0,0,9afa72446ae5
AI,584,1,AI584.1,AI584.1,0,9,0,0,0,0,0,0,0,0e1748bf91af
AI,585,1,AI585.1,AI585.1,0,13,0,0,0,0,0,0,0,d26d6c0564d8
AI,586,1,AI586.1,AI586.1,0,5,0,0,0,0,0,0,0,d45457576a68
AI,587,1,AI587.1,AI587.1,0,13,0,0,0,1,0,0,0,4833620cb336
AI,588,1,AI588.1,AI588.1,0,9,0,0,0,0,0,0,0,8efe25daf506
AI,589,1,AI589.1,AI589.1,0,16,0,0,0,0,0,0,0,9eb796c349d8
AI,589,2,AI589.2,AI589.2,0,8,0,0,0,0,0,0,0,b0d9e94cde03
AI,589,3,AI589.3,AI589.3,0,9,0,0,0,0,0,0,0,2a09a98f29ac
AI,590,1,AI590.1,AI590.1,0,5,0,0,0,0,0,0,0,413a1eac85fa
AI,590,2,AI590.2,AI590.2,0,10,0,0,0,0,1,0,0,793b8f1e7062
AI,591,1,AI591.1,AI591.1,0,7,0,0,0,0,0,0,0,672a152e7feb
AI,592,1,AI592.1,AI592.1,0,9,0,0,0,0,0,0,0,7973a0cad2cf
AI,593,1,AI593.1,AI593.1,0,12,0,0,0,0,1,0,0,e5227d6c4a0f
AI,593,2,AI593.2,AI593.2,0,8,0,0,0,0,0,0,0,9cc531ad8cab
AI,594,1,AI594.1,AI594.1,0,11,0,0,0,0,0,0,0,067b09ef2736
AI,595,1,AI595.1,AI595.1,0,6,0,0,0,0,0,0,0,2f7b59452413
AI,595,2,AI595.2,AI595.2,0,6,0,0,0,0,0,0,0,e5afe2e21aaf
AI,596,1,AI596.1,AI596.1,0,11,0,0,0,0,0,0,0,23ef146f4e4c
AI,596,2,AI596.2,AI596.2,0,11,0,0,0,0,0,0,0,5aa46df468d4
AI,597,1,AI597.1,AI597.1,0,34,0,0,0,0,0,0,0,b1fae3616e71
AI,597,2,AI597.2,AI597.2,0,10,0,0,0,0,0,0,0,5731b714061d
AI,598,1,AI598.1,AI598.1,0,26,0,0,0,0,0,0,0,b62fcc439f60
AI,599,1,AI599.1,AI599.1,0,14,0,0,0,0,0,0,0,cf93199b1937
AI,600,1,AI600.1,AI600.1,0,15,0,0,0,0,1,0,0,3431fcf76107
AI,600,2,AI600.2,AI600.2,0,20,0,0,0,0,0,0,0,4da23d944175
AI,601,1,AI601.1,AI601.1,0,13,0,0,0,0,1,0,0,cf8d4f6f6ca2
AI,601,2,AI601.2,AI601.2,0,12,0,0,0,0,0,0,0,50aa0c7062ab
AI,602,1,AI602.1,AI602.1,0,11,0,0,0,1,0,0,0,e472d6af84f0
AI,603,1,AI603.1,AI603.1,0,5,0,0,0,0,0,0,0,52d623231f5d
AI,603,2,AI603.2,AI603.2,0,8,0,0,0,0,0,0,0,8009241a9128
AI,604,1,AI604.1,AI604.1,0,9,0,0,0,0,0,0,0,399897f3354c
AI,604,2,AI604.2,AI604.2,0,6,0,0,0,0,0,0,0,8b94ca3823db
AI,604,3,AI604.3,AI604.3,0,10,0,0,0,0,0,0,0,8a5bc0004f3e
AI,604,4,AI604.4,AI604.4,0,8,0,0,0,0,0,0,0,5fbc45ec3127
AI,605,1,AI605.1,AI605.1,0,8,0,0,0,0,0,0,0,0e0ba9da4b3a
AI,605,2,AI605.2,AI605.2,0,8,0,0,0,0,0,0,0,7c6a342372e5
AI,605,3,AI605.3,AI605.3,0,15,0,0,0,0,0,0,0,d09077275dd0
AI,605,4,AI605.4,AI605.4,0,7,0,0,0,0,0,0,0,94711fa351d1
AI,606,1,AI606.1,AI606.1,0,19,0,0,0,0,0,0,0,829dead165a6
AI,607,1,AI607.1,AI607.1,0,44,0,0,0,0,0,0,0,8da69e5696a4
AI,607,2,AI607.2,AI607.2,0,12,0,0,0,0,0,0,0,7f95ccb2bace
AI,607,3,AI607.3,AI607.3,0,5,0,0,0,0,0,0,0,ce762d96db27
AI,608,1,AI608.1,AI608.1,0,23,0,0,0,0,1,0,0,b1726ed0f016
AI,608,2,AI608.2,AI608.2,0,8,0,0,0,0,0,0,0,0f490c50e753
AI,609,1,AI609.1,AI609.1,0,6,0,0,0,0,0,0,0,4e9bc311db9f
AI,609,2,AI609.2,AI609.2,0,8,0,0,0,0,0,0,0,9134039468fe
AI,610,1,AI610.1,AI610.1,0,1,0,0,0,0,0,0,0,d73e1b22d4d2
AI,611,1,AI611.1,AI611.1,0,12,0,0,0,0,0,0,0,ce66656e77a2
AI,612,1,AI612.1,AI612.1,0,7,0,0,0,0,0,0,0,9f42c84e7351
AI,612,2,AI612.2,AI612.2,0,16,0,0,0,0,0,0,0,b01752e8d545
AI,612,3,AI612.3,AI612.3,0,8,0,0,0,0,0,0,0,fac7e98434e3
AI,612,4,AI612.4,AI612.4,0,22,0,0,0,0,0,0,0,2711ca4ad8f3
AI,613,1,AI613.1,AI613.1,0,11,0,0,0,0,0,0,0,4eb6d95fabab
AI,613,2,AI613.2,AI613.2,0,9,0,0,0,0,0,0,0,0f4e9d2fb1ef
AI,613,3,AI613.3,AI613.3,0,8,0,0,0,0,0,0,0,9590ce47aa56
AI,613,3,AI613.3,AI613.3,0,6,0,0,0,0,0,0,0,d1ceb93ef481
AI,614,1,AI614.1,AI614.1,0,22,0,0,1,0,0,0,0,7543dcac1882
AI,615,1,AI615.1,AI615.1,0,5,0,0,0,0,0,0,0,c280f28dbf09
AI,615,2,AI615.2,AI615.2,0,16,0,0,0,0,0,0,0,ec5c8d13aadf
AI,615,3,AI615.3,AI615.3,0,9,0,0,0,0,0,0,0,2407bada0eb2
AI,616,1,AI616.1,AI616.1,0,20,0,0,0,0,1,0,0,7fb0524d39d4
AI,616,2,AI616.2,AI616.2,0,6,0,0,0,0,0,0,0,8a3d39be4b20
AI,617,1,AI617.1,AI617.1,0,8,0,0,0,0,0,0,0,c83771e1f1d4
AI,617,2,AI617.2,AI617.2,0,13,0,0,0,0,0,0,0,ba4e8a563be6
AI,618,1,AI618.1,AI618.1,0,12,0,0,0,0,0,0,0,b8d8955e9c4b
AI,619,1,AI619.1,AI619.1,0,10,0,0,0,0,1,0,0,7db9f5c0ab82
AI,619,2,AI619.2,AI619.2,0,18,0,0,0,0,0,0,0,260c0c419d4b
AI,619,3,AI619.3,AI619.3,0,14,0,0,0,0,0,0,0,152c7f1b8165
AI,619,4,AI619.4,AI619.4,0,7,0,0,0,0,0,0,0,a7a2a4f671f2
AI,620,1,AI620.1,AI620.1,0,7,0,0,0,0,0,0,0,2c6fd458c973
AI,620,2,AI620.2,AI620.2,0,6,0,0,0,0,0,0,0,a4ab75f50f2c
AI,621,1,AI621.1,AI621.1,0,31,0,0,0,0,0,0,0,bdb391460964
AI,622,1,AI622.1,AI622.1,0,20,0,0,0,0,0,0,0,72371b87751a
AI,623,1,AI623.1,AI623.1,0,31,0,0,0,0,0,0,0,d4a2bb008e98
AI,624,1,AI624.1,AI624.1,0,11,0,0,0,1,0,0,0,f1efc3b5db63
AI,624,2,AI624.2,AI624.2,0,8,1,0,0,0,0,0,1,52726017c21e
AI,624,5,AI624.5,AI624.5,0,12,0,0,0,0,0,0,0,2838c6064070
AI,625,1,AI625.1,AI625.1,0,12,0,0,0,0,0,0,0,30fd100f6f71
AI,625,2,AI625.2,AI625.2,0,5,0,0,0,0,0,0,0,679b36ed9c88
AI,626,1,AI626.1,AI626.1,0,9,0,0,0,0,0,0,0,b7eab26bdfd0
AI,626,2,AI626.2,AI626.2,0,6,0,0,0,0,0,0,0,8b6f07a158be
AI,626,3,AI626.3,AI626.3,0,8,0,0,0,0,0,0,0,321d9bcd3b0d
AI,627,1,AI627.1,AI627.1,0,12,0,0,0,0,0,0,0,74606600e391
AI,628,1,AI628.1,AI628.1,0,14,0,0,0,0,1,0,0,a201521b9116
AI,629,1,AI629.1,AI629.1,0,22,0,0,0,0,1,0,0,24e0a2580a4d
AI,630,1,AI630.1,AI630.1,0,15,0,0,0,0,0,0,0,75ad3fcfdb83
AI,631,1,AI631.1,AI631.1,0,10,0,0,0,0,0,0,0,c1c9f4b740be
AI,631,2,AI631.2,AI631.2,0,18,0,0,0,0,0,0,0,43a85d3dcd9d
AI,631,3,AI631.3,AI631.3,0,12,0,0,0,0,0,0,0,3b5e0bf7a0f9
AI,632,1,AI632.1,AI632.1,0,6,0,0,0,0,0,0,0,fd602e757a72
AI,632,2,AI632.2,AI632.2,0,7,0,0,0,0,0,0,0,bc11b47c8488
AI,633,1,AI633.1,AI633.1,0,8,0,0,0,0,0,0,0,1f61a7c157bf
AI,633,2,AI633.2,AI633.2,0,21,0,1,1,0,0,0,0,689fa7e7f15a
AI,634,1,AI634.1,AI634.1,0,9,0,0,0,0,0,0,0,d04d8e2dd9f2
AI,634,2,AI634.2,AI634.2,0,6,0,0,0,0,0,0,0,308ab82a0718
AI,634,3,AI634.3,AI634.3,0,6,0,0,0,0,0,0,0,e9fa1cfb35a7
AI,635,1,AI635.1,AI635.1,0,12,0,0,0,0,0,0,0,a7dece6583ff
AI,636,1,AI636.1,AI636.1,0,12,0,0,0,0,0,0,0,1b4830c9ab82
AI,636,2,AI636.2,AI636.2,0,6,0,0,0,0,0,0,0,5f47a7fa36da
AI,636,3,AI636.3,AI636.3,0,8,0,0,0,1,0,0,0,937b54b477d1
AI,636,4,AI636.4,AI636.4,0,12,0,0,0,0,0,0,0,f050def6cc13
AI,637,1,AI637.1,AI637.1,0,20,0,0,0,0,0,0,0,e2f2f9953e54
AI,637,2,AI637.2,AI637.2,0,27,0,0,0,0,1,0,0,e95e327f8810
AI,637,3,AI637.3,AI637.3,0,8,0,0,0,0,0,0,0,445eb78ec02b
AI,638,1,AI638.1,AI638.1,0,8,0,0,0,0,0,0,0,db86813d3236
AI,638,2,AI638.2,AI638.2,0,4,0,0,0,0,0,0,0,17000ffd66b5
AI,638,1,AI638.1,AI639.1,0,12,0,0,0,0,0,0,0,d52645a7185f
AI,638,2,AI638.2,AI639.2,0,6,0,0,0,0,0,0,0,433dd7fe1a79
AI,638,3,AI638.3,AI639.3,0,8,0,0,0,0,0,0,0,52a02281be72
AI,640,1,AI640.1,AI640.1,0,8,0,0,0,1,0,0,0,8a6c0470cfa8
AI,641,1,AI641.1,AI641.1,0,29,0,0,0,0,0,0,0,51d5246f600e
AI,642,1,AI642.1,AI642.1,0,14,0,0,0,0,0,0,0,d4eb8b4fbf58
AI,643,1,AI643.1,AI643.1,0,13,0,0,0,0,0,0,0,32ceb12d17de
AI,644,1,AI644.1,AI644.1,0,13,0,0,1,0,0,0,0,dbc564546208
AI,645,1,AI645.1,AI645.1,0,26,0,0,0,0,0,0,0,7d2595b0562f
AI,645,2,AI645.2,AI645.2,0,8,0,0,0,0,0,0,0,6b586dc3036c
AI,645,3,AI645.3,AI645.3,0,8,0,0,0,0,0,0,0,207b8c732dc2
AI,646,1,AI646.1,AI646.1,0,14,0,0,0,0,0,0,0,f0252444d2a4
AI,646,2,AI646.2,AI646.2,0,11,0,0,0,0,0,0,0,e432ebcd19e7
AI,646,3,AI646.3,AI646.3,0,8,0,0,0,0,0,0,0,64da9132c46c
AI,647,1,AI647.1,AI647.1,0,16,0,0,0,0,0,0,0,93e4049dbcd2
AI,647,2,AI647.2,AI647.2,0,9,0,0,0,0,0,0,0,88e912c2995e
AI,648,1,AI648.1,AI648.1,0,9,0,0,0,0,0,0,0,e733920f8b7c
AI,649,1,AI649.1,AI649.1,0,29,0,0,0,0,0,0,0,3aa5dc0032f6
AI,649,2,AI649.2,AI649.2,0,10,0,0,0,0,0,0,0,09752dd3a34e
AI,649,3,AI649.3,AI649.3,0,26,0,0,0,0,0,0,0,698d2f030a75
AI,652,1,AI652.1,AI652.1,0,15,1,0,0,0,0,0,1,c9cb1f2e5acd
AI,653,1,AI653.1,AI653.1,0,12,0,0,0,0,0,0,0,4979200f6aeb
AI,654,1,AI654.1,AI654.1,0,21,0,0,0,0,0,0,0,52736df65905
AI,655,1,AI655.1,AI655.1,0,19,0,0,0,0,0,0,0,6d289e9cbb2d
AI,656,1,AI656.1,AI656.1,0,7,0,0,0,0,0,0,0,c2a5363445e8
AI,656,2,AI656.2,AI656.2,0,19,0,0,0,0,0,0,0,9bc07e67a217
AI,657,1,AI657.1,AI657.1,0,16,0,0,0,0,0,0,0,41baf59dfcaa
AI,658,1,AI658.1,AI658.1,0,18,0,0,0,0,0,0,0,fa501a29fe20
AI,659,1,AI659.1,AI659.1,0,6,0,0,0,0,0,0,0,26259b6beca1
AI,660,1,AI660.1,AI660.1,0,10,0,0,0,1,0,0,0,47e92b282a02
AI,661,1,AI661.1,AI661.1,0,20,0,0,0,0,1,0,0,34db7372023b
AI,661,2,AI661.2,AI661.2,0,44,0,0,0,0,0,0,0,8c240de1ff86
AI,661,3,AI661.3,AI661.3,0,15,0,0,0,0,0,0,0,6ef303c7c5c9
AI,662,1,AI662.1,AI662.1,0,12,0,0,0,0,1,0,0,4c0d6f5caeb6
AI,663,1,AI663.1,AI663.1,0,8,0,0,0,0,0,0,0,17c591cc603e
AI,664,1,AI664.1,AI664.1,0,17,0,0,0,0,0,0,0,26f3c5544584
AI,664,2,AI664.2,AI664.2,0,3,0,0,0,0,0,0,0,0a26d06630a9
AI,665,1,AI665.1,AI665.1,0,17,0,0,0,0,1,0,0,6f198c52009a
AI,666,1,AI666.1,AI666.1,0,7,0,0,0,0,0,0,0,b506562f2226
AI,666,2,AI666.2,AI666.2,0,9,0,0,0,0,1,0,0,7b4b9c879301
AI,666,3,AI666.3,AI666.3,0,23,0,0,0,0,0,0,0,9d13a0acac47
AI,666,4,AI666.4,AI666.4,0,7,0,0,0,0,0,0,0,f127562a0c1b
AI,666,5,AI666.5,AI666.5,0,24,0,0,0,0,0,0,0,2593c7ab9a4b
AI,667,1,AI667.1,AI667.1,0,19,0,0,0,0,1,0,0,3e8cb039757d
AI,667,2,AI667.2,AI667.2,0,19,0,0,0,0,0,0,0,9536c7fbbab5
AI,669,1,AI669.1,AI669.1,0,10,0,0,0,0,0,0,0,2b62cc6a9c39
AI,670,1,AI670.1,AI670.1,0,29,0,0,1,0,0,0,0,e59cb9b2c741
AI,671,1,AI671.1,AI671.1,0,18,0,0,0,0,1,0,0,8e6de3089bcc
AI,672,1,AI672.1,AI672.1,0,11,0,0,0,0,0,0,0,adfabfe7a799
AI,673,1,AI673.1,AI672.1,0,10,0,0,0,0,0,0,0,a85fd8f7fe81
AI,674,1,AI674.1,AI674.1,0,15,0,0,0,0,0,0,0,2fd6855646bb
AI,675,1,AI675.1,AI675.1,0,10,0,0,0,0,0,0,0,180abc9097d8
AI,676,1,AI676.1,AI676.1,0,9,0,0,0,0,0,0,0,fe2a6a389ee7
AI,677,1,AI677.1,AI677.1,0,12,0,0,0,0,0,0,0,460b3b12bd6b
AI,678,1,AI678.1,AI678.1,0,12,0,0,0,0,0,0,0,c12cbbf8fc99
AI,679,1,AI679.1,AI679.1,0,9,0,0,0,0,0,0,0,d5012afb6d7c
AI,679,2,AI679.2,AI679.2,0,8,0,0,0,0,0,0,0,7e962021ecc2
AI,680,1,AI680.1,AI680.1,0,11,0,0,0,0,0,0,0,d5683dfcc129
AI,681,1,AI681.1,AI681.1,0,14,0,0,0,0,0,0,0,67fb5a3fc1d9
AI,681,2,AI681.2,AI681.2,0,17,0,0,0,0,0,0,0,d2c135b55cd7
AI,682,1,AI682.1,AI682.1,0,7,0,0,0,0,0,0,0,d65f5528d67f
AI,682,2,AI682.2,AI682.2,0,9,0,0,0,0,0,0,0,754f1f8d9aa4
AI,683,1,AI683.1,AI683.1,0,19,0,0,0,0,0,0,0,c1a5df2a7700
AI,684,1,AI684.1,AI684.1,0,7,0,0,0,0,0,0,0,caab880f4595
AI,685,1,AI685.1,AI685.1,0,9,1,0,0,0,0,1,0,fb3e1c4a4f16
AI,686,1,AI686.1,AI686.1,0,17,0,0,0,0,1,0,0,769ab9fe9f9e
AI,687,1,AI687.1,AI687.1,0,10,0,0,0,1,0,0,0,79acd08a0fe5
AI,688,1,AI688.1,AI688.1,0,18,0,0,0,0,0,0,0,4f005e66b22a
AI,689,1,AI689.1,AI689.1,0,9,0,0,0,0,0,0,0,76bfdfd7502d
AI,690,1,AI690.1,AI690.1,0,14,0,0,0,0,0,0,0,67eacf599ef0
AI,691,1,AI691.1,AI691.1,0,19,1,0,0,0,0,1,0,b67433c94013
AI,692,1,AI692.1,AI692.1,0,10,0,0,0,0,1,0,0,f8e8ad068777
AI,693,1,AI693.1,AI693.1,0,15,0,0,0,0,0,0,0,54a3319e7b71
AI,694,1,AI694.1,AI694.1,0,12,0,0,0,0,1,0,0,d4d2e0b4c760
AI,695,1,AI695.1,AI695.1,0,10,0,0,0,0,0,0,0,ac3a1cccfd44
AI,696,1,AI696.1,AI696.1,0,9,0,0,0,0,0,0,0,927e9353537c
AI,696,2,AI696.2,AI696.2,0,7,0,0,0,0,0,0,0,4c72f7d32d31
AI,697,1,AI697.1,AI697.1,0,9,0,0,0,1,0,0,0,f76655bf88b8
AI,698,1,AI698.1,AI698.1,0,10,0,0,0,0,1,0,0,a07e1c7c63f8
AI,699,1,AI699.1,AI699.1,0,5,0,0,0,0,0,0,0,865a689a199c
AI,700,1,AI700.1,AI700.1,0,8,0,0,0,0,0,0,0,12bd5b7fe286
AI,700,2,AI700.2,AI700.2,0,10,0,0,0,0,0,0,0,09c0ef95b9d7
AI,701,1,AI701.1,AI701.1,0,7,0,0,0,0,0,0,0,b02c7a3dfc5d
AI,702,1,AI702.1,AI702.1,0,20,0,0,0,0,0,0,0,00dd97393dea
AI,703,1,AI703.1,AI703.1,0,27,0,0,0,0,0,0,0,d39e2599b989
AI,704,1,AI704.1,AI704.1,0,14,1,0,0,0,0,0,1,92f72e2396ac
AI,705,1,AI705.1,AI705.1,0,11,0,0,1,0,0,0,0,adb47aa970ae
AI,705,2,AI705.2,AI705.2,0,7,0,0,0,0,0,0,0,e497bfd72740
AI,706,1,AI706.1,AI706.1,0,5,0,0,0,0,0,0,0,117e3465a1ff
AI,706,2,AI706.2,AI706.2,0,3,0,0,0,0,0,0,0,8d34eb9020a9
AI,706,3,AI706.3,AI706.3,0,9,0,0,0,0,1,0,0,f183aa388369
AI,707,1,AI707.1,AI707.1,0,6,0,0,0,0,0,0,0,c70568744465
AI,707,2,AI707.2,AI707.2,0,5,0,0,0,0,0,0,0,88c717f7ef49
AI,708,1,AI708.1,AI708.1,0,9,0,0,0,0,1,0,0,b12c9d959bf6
AI,708,2,AI708.2,AI708.2,0,8,0,0,0,0,0,0,0,d1f6b52e6d46
AI,709,1,AI709.1,AI709.1,0,15,0,0,0,0,1,0,0,556ad426bf76
AI,710,1,AI710.1,AI710.1,0,10,0,0,0,0,0,0,0,5ed7b8848443
AI,711,1,AI711.1,AI711.1,0,7,0,0,0,0,0,0,0,cd565cbefd3b
AI,713,1,AI713.1,AI713.1,0,9,0,0,0,0,0,0,0,a7a9d448be72
AI,713,2,AI713.2,AI713.2,0,15,0,0,0,0,1,0,0,7dc32b9af43c
AI,713,3,AI713.3,AI713.3,0,5,0,0,0,0,0,0,0,26168bf8e0af
AI,714,1,AI714.1,AI714.1,0,12,0,0,0,0,0,0,0,334773a567b4
AI,714,2,AI714.2,AI714.2,0,7,0,0,0,0,0,0,0,8dc4797ff0ef
AI,715,1,AI715.1,AI715.1,0,8,0,0,0,0,1,0,0,3657141f5ce1
AI,715,2,AI715.2,AI715.2,0,6,0,0,0,1,0,0,0,e40f509d2312
AI,716,1,AI716.1,AI716.1,0,8,0,0,0,1,0,0,0,e841f4626cf6
AI,717,1,AI717.1,AI717.1,0,13,0,0,0,0,0,0,0,d1edba15c3d8
AI,717,2,AI717.2,AI717.2,0,8,0,0,0,0,0,0,0,79603d59a444
AI,718,1,AI718.1,AI718.1,0,9,0,0,0,0,0,0,0,b4b6368fccdc
AI,719,1,AI719.1,AI719.1,0,11,0,0,0,0,1,0,0,2337dda39d45
AI,720,1,AI720.1,AI720.1,0,7,0,0,0,0,1,0,0,3aa378b20eb4
AI,721,1,AI721.1,AI721.1,0,10,0,0,0,0,1,0,0,a11fa3f8ad62
AI,721,2,AI721.2,AI721.2,0,82,0,0,0,1,1,0,0,50600e5d7dd8
AI,722,1,AI722.1,AI722.1,0,44,0,0,0,0,1,0,0,53797c87dfcc
AI,723,1,AI723.1,AI723.1,0,10,0,0,0,0,0,0,0,989a1d4230fd
AI,723,2,AI723.2,AI723.2,0,10,0,0,0,0,1,0,0,5d1dfe13feb8
AI,724,1,AI724.1,AI724.1,0,9,0,0,0,1,0,0,0,a8c8ca7d1357
AI,725,1,AI725.1,AI725.1,0,11,0,0,0,0,1,0,0,d1cb208eec6e
AI,726,1,AI726.1,AI726.1,0,18,0,0,0,0,0,0,0,163654c99590
AI,727,1,AI727.1,AI727.1,0,10,0,0,0,0,1,0,0,195fab4aebfe
AI,728,1,AI728.1,AI728.1,0,10,0,0,0,0,0,0,0,2d50c5bfe57b
AI,729,1,AI729.1,AI729.1,0,8,0,0,0,1,0,0,0,f809c028855a
AI,730,1,AI730.1,AI730.1,0,11,0,0,0,0,0,0,0,26048a9505ae
AI,731,1,AI731.1,AI731.1,0,11,0,0,0,0,0,0,0,6992b0d44f01
AI,732,1,AI732.1,AI732.1,0,12,0,0,0,0,0,0,0,7fa67d2eab3d
AI,733,1,AI733.1,AI733.1,0,10,0,0,0,0,0,0,0,2eda0932fee7
AI,734,1,AI734.1,AI734.1,0,10,0,0,0,0,0,0,0,3385a569ebef
AI,735,1,AI735.1,AI735.1,0,26,0,0,0,0,1,0,0,264db93b47ef
AI,735,2,AI735.2,AI735.2,0,6,0,0,0,0,0,0,0,5f72fa3724a7
AI,736,1,AI736.1,AI736.1,0,10,0,0,0,0,0,0,0,1aee310c0709
AI,737,1,AI737.1,AI737.1,0,12,0,0,0,1,0,0,0,f112372f0230
AI,738,1,AI738.1,AI738.1,0,7,0,0,0,0,1,0,0,e44aaf7cd8d7
AI,738,2,AI738.2,AI738.2,0,8,0,0,0,0,0,0,0,14802b4a85b9
AI,739,1,AI739.1,AI739.1,0,9,0,0,0,0,0,0,0,f0144c8da129
AI,740,1,AI740.1,AI740.1,0,14,0,0,0,0,0,0,0,e1a798be4388
AI,741,1,AI741.1,AI741.1,0,17,0,0,0,0,1,0,0,75bdf2d264df
AI,742,1,AI742.1,AI742.1,0,37,0,0,0,0,1,0,0,f56c5143ea47
AI,743,1,AI743.1,AI743.1,0,14,0,0,0,0,0,0,0,52ea99905154
AI,743,2,AI743.2,AI743.2,0,5,0,0,0,0,0,0,0,4d488423d036
AI,744,1,AI744.1,AI744.1,0,7,0,0,0,0,0,0,0,04024bb946bb
AI,747,1,AI747.1,AI747.1,0,16,0,0,0,0,1,0,0,13dbb1601118
AI,747,2,AI747.2,AI747.2,0,3,0,0,0,0,0,0,0,5bb226259913
AI,747,3,AI747.3,AI747.3,0,18,0,0,0,0,0,0,0,b53e137e5557
AI,750,1,AI750.1,AI750.1,0,8,0,0,0,1,0,0,0,691c75cc7f20
AI,751,1,AI751.1,AI751.1,0,14,0,0,0,0,0,0,0,4028ccd3683d
AI,751,2,AI751.2,AI751.2,0,8,0,0,0,0,0,0,0,ebc7aedd330d
AI,752,1,AI752.1,AI752.1,0,20,0,0,0,0,0,0,0,651943d86e00
AI,752,2,AI752.2,AI752.2,0,12,0,0,0,0,0,0,0,0d4e591b4526
AI,752,3,AI752.3,AI752.3,0,8,0,0,0,0,0,0,0,38759e8f3d63
AI,753,1,AI753.1,AI753.1,0,8,0,0,0,1,0,0,0,39baac101024
AI,754,1,AI754.1,AI754.1,0,10,0,0,0,0,0,0,0,7933e5ddc0a9
AI,755,1,AI755.1,AI755.1,0,9,0,0,0,0,0,0,0,df360d1ee913
AI,756,1,AI756.1,AI756.1,0,11,0,0,0,0,0,0,0,7779d9a514a1
AI,757,1,AI757.1,AI757.1,0,8,0,0,0,0,0,0,0,b2f35ebe5fdc
AI,758,1,AI758.1,AI758.1,0,8,0,0,0,1,0,0,0,0f4205c5024c
AI,759,1,AI759.1,AI759.1,0,27,0,0,0,0,0,0,0,cb0105d715c0
AI,759,2,AI759.2,AI759.2,0,6,0,0,0,0,1,0,0,6a3a42c041d8
AI,760,1,AI760.1,AI760.1,0,13,0,0,0,0,1,0,0,2098a0d79cc3
AI,760,2,AI760.2,AI760.2,0,6,0,0,0,0,1,0,0,8a60e435e222
AI,761,1,AI761.1,AI761.1,0,13,0,0,0,0,0,0,0,a0ff583da63e
AI,762,1,AI762.1,AI762.1,0,7,0,0,0,1,0,0,0,e6bb3cac4a3a
AI,762,2,AI762.2,AI762.2,0,10,0,0,0,0,0,0,0,9988083118ed
AI,763,1,AI763.1,AI763.1,0,8,0,0,0,0,0,0,0,2d443e28f1b7
AI,763,2,AI763.2,AI763.2,0,10,0,0,0,0,0,0,0,ec83ef8763ab
AI,764,1,AI764.1,AI764.1,0,10,0,0,0,0,0,0,0,0c67e35fa0f7
AI,764,2,AI764.2,AI764.2,0,9,0,0,0,0,0,0,0,d31258960075
AI,765,1,AI765.1,AI765.1,0,7,0,0,0,0,0,0,0,e54daf6fe400
AI,766,1,AI766.1,AI766.1,0,10,0,0,0,0,0,0,0,17e232c237ca
AI,766,2,AI766.2,AI766.2,0,24,0,0,0,1,0,0,0,9875743622ef
AI,767,1,AI767.1,AI767.1,0,12,0,0,0,0,0,0,0,80150ce5200f
AI,767,2,AI767.2,AI767.2,0,6,1,0,0,0,0,0,1,0ee117d4e4e2
AI,768,1,AI768.1,AI768.1,0,7,0,0,0,0,0,0,0,d024f7fe7cd0
AI,768,2,AI768.2,AI768.2,0,7,0,0,0,0,0,0,0,4b6b17d9b20a
AI,768,3,AI768.3,AI768.3,0,10,0,0,0,1,0,0,0,63c751249488
AI,769,1,AI769.1,AI769.1,0,11,0,0,0,0,0,0,0,25e5ddb61209
AI,769,2,AI769.2,AI769.2,0,7,0,0,0,0,1,0,0,c6e16ee1a3d3
AI,770,1,AI770.1,AI770.1,0,7,0,0,0,0,1,0,0,9f88187de936
AI,770,2,AI770.2,AI770.2,0,13,0,0,0,0,1,0,0,696c14a25804
AI,770,3,AI770.3,AI770.3,0,6,0,0,0,0,0,0,0,d43502f026b4
AI,771,1,AI771.1,AI771.1,0,8,0,0,0,1,0,0,0,12118aac6826
AI,771,1,AI771.1,AI771.1,0,7,0,0,0,0,1,0,0,9d0235fb3ff8
AI,772,1,AI772.1,AI772.1,0,8,0,0,0,1,0,0,0,8814225cbaa7
AI,772,2,AI772.2,AI772.2,0,6,0,0,0,1,0,0,0,34d1b6f37ac9
AI,772,3,AI772.3,AI772.3,0,5,0,0,0,0,0,0,0,527b1ba39dac
AI,774,1,AI774.1,AI774.1,0,5,0,0,0,0,0,0,0,fe0bcb770719
AI,774,2,AI774.2,AI774.2,0,6,0,0,0,0,0,0,0,3f13b4c3e1bc
AI,774,3,AI774.3,AI774.3,0,6,0,0,0,0,0,0,0,7410534202af
AI,774,4,AI774.4,AI774.4,0,15,0,0,0,0,1,0,0,598279b87083
AI,775,1,AI775.1,AI775.1,0,8,0,0,0,0,0,0,0,ae484e3d63c7
AI,776,1,AI776.1,AI775.1,0,10,0,0,0,0,1,0,0,116646e8ce38
AI,777,1,AI777.1,AI777.1,0,14,0,0,0,0,0,0,0,b413cfb15931
AI,777,2,AI777.2,AI777.2,0,9,0,0,0,0,0,0,0,34a6164e5dc8
AI,777,3,AI777.3,AI777.3,0,6,0,0,0,0,0,0,0,02ec1fe935f1
AI,777,4,AI777.4,AI777.4,0,14,0,0,0,0,0,0,0,5a2beb12dd8f
AI,778,1,AI778.1,AI778.1,0,7,0,0,0,0,0,0,0,431bfd7a4ed0
AI,778,2,AI778.2,AI778.2,0,6,0,0,0,0,0,0,0,0cd3b9612441
AI,778,3,AI778.3,AI778.3,0,10,0,0,0,0,0,0,0,aeb286bcc090
AI,779,1,AI779.1,AI779.1,0,5,0,0,0,0,0,0,0,5a9fd4d51770
AI,779,2,AI779.2,AI779.2,0,12,0,0,0,0,0,0,0,eb105c3506d9
AI,779,3,AI779.3,AI779.3,0,5,0,0,0,0,0,0,0,5dcd72927afa
AI,780,1,AI780.1,AI780.1,0,7,0,0,0,0,0,0,0,a499f049500b
AI,780,2,AI780.2,AI780.2,0,2,0,0,0,0,0,0,0,1fbaab88e4e1
AI,781,1,AI781.1,AI781.1,0,8,0,0,0,0,1,0,0,3b22360c2255
AI,781,2,AI781.2,AI781.2,0,5,0,0,0,0,0,0,0,c09a57d35eeb
AI,782,1,AI782.1,AI782.1,0,11,0,0,0,0,0,0,0,ea1bf0daf332
AI,782,2,AI782.2,AI782.2,0,7,0,0,0,0,0,0,0,5343960515ba
AI,782,3,AI782.3,AI782.3,0,6,0,0,0,0,1,0,0,19d6c9c6b56c
AI,783,1,AI783.1,AI783.1,0,18,0,0,0,0,0,0,0,b355a070e574
AI,783,2,AI783.2,AI783.2,0,8,0,0,0,0,0,0,0,ef96eec66d05
AI,783,3,AI783.3,AI783.3,0,8,0,0,0,0,0,0,0,00fd82345962
AI,783,4,AI783.4,AI783.4,0,7,0,0,0,0,0,0,0,9ef577b3429c
AI,784,1,AI784.1,AI784.1,0,9,0,0,0,0,1,0,0,df907d6fa25d
AI,784,2,AI784.2,AI784.2,0,8,0,0,0,1,0,0,0,d0e7adb62a5a
AI,784,3,AI784.3,AI784.3,0,8,0,0,0,0,0,0,0,d43a2f97f97d
AI,785,1,AI785.1,AI785.1,0,8,0,0,0,0,0,0,0,be45273fc584
AI,785,2,AI785.2,AI785.2,0,5,0,0,0,0,0,0,0,f151eb2670f0
AI,785,3,AI785.3,AI785.3,0,7,0,0,0,0,1,0,0,9e125e157c4c
AI,786,1,AI786.1,AI786.1,0,14,0,0,0,0,1,0,0,e8e0d6355c67
AI,786,2,AI786.2,AI786.2,0,13,0,0,0,0,0,0,0,cb0bfbe1922b
AI,786,3,AI786.3,AI786.3,0,8,0,0,0,0,0,0,0,8cceaad4c07b
AI,787,1,AI787.1,AI787.1,0,7,0,0,0,0,1,0,0,1c70b2359761
AI,787,2,AI787.2,AI787.2,0,5,0,0,0,0,0,0,0,67d5ed6527e2
AI,788,1,AI788.1,AI788.1,0,9,0,0,0,0,0,0,0,4fb4fc5e0817
AI,788,2,AI788.2,AI788.2,0,8,0,0,0,0,0,0,0,3ae0e35c6e7f
AI,788,3,AI788.3,AI788.3,0,8,0,0,0,0,0,0,0,86c5860a5cc9
AI,788,4,AI788.4,AI788.4,0,10,0,0,0,0,1,0,0,192bcbc136ed
AI,789,1,AI789.1,AI789.1,0,9,0,0,0,1,0,0,0,e3d5e7b52765
AI,789,2,AI789.2,AI789.2,0,9,0,0,0,1,0,0,0,bf8cdfd1d87a
AI,790,1,AI790.1,AI790.1,0,11,0,0,0,0,0,0,0,7f3bf387eaac
AI,790,2,AI790.2,AI790.2,0,6,0,0,0,0,0,0,0,f75dab813532
AI,791,1,AI791.1,AI791.1,0,12,0,0,0,1,0,0,0,3a93dd874837
AI,791,2,AI791.2,AI791.2,0,11,0,0,0,0,0,0,0,591526f91763
AI,792,1,AI792.1,AI792.1,0,7,0,0,0,0,0,0,0,f7ab4cae9a1d
AI,792,2,AI792.2,AI792.2,0,8,0,0,0,0,0,0,0,2122ba601e5f
AI,792,3,AI792.3,AI792.3,0,8,0,0,0,0,0,0,0,318a3549a13b
AI,793,1,AI793.1,AI793.1,0,8,0,0,0,1,0,0,0,3f45b91d5026
AI,793,2,AI793.2,AI793.2,0,12,0,0,0,0,1,0,0,c5355f8f237b
AI,794,1,AI794.1,AI794.1,0,7,0,0,0,1,0,0,0,314d0998eed9
AI,794,2,AI794.2,AI794.2,0,7,0,0,0,0,0,0,0,cdef2afd7d87
AI,794,3,AI794.3,AI794.3,0,7,0,0,0,1,0,0,0,639289378f38
AI,794,4,AI794.4,AI794.4,0,13,0,0,0,0,0,0,0,1c2129d9a314
AI,794,5,AI794.5,AI794.5,0,7,0,0,0,0,0,0,0,ca8d67f990e1
AI,795,1,AI795.1,AI795.1,0,18,0,0,0,0,1,0,0,6153d6fdd94c
AI,795,2,AI795.2,AI795.2,0,15,1,0,0,0,0,0,1,efab02d33f01
AI,795,3,AI795.3,AI795.3,0,8,0,0,0,1,0,0,0,00ed8aa99ea1
AI,796,1,AI796.1,AI796.1,0,5,0,0,0,0,0,0,0,c394d6846c44
AI,796,2,AI796.2,AI796.2,0,11,0,0,0,0,1,0,0,8585cf1c5467
AI,796,3,AI796.3,AI796.3,0,8,0,0,0,0,0,0,0,926f7f57bd78
AI,797,1,AI797.1,AI797.1,0,15,0,0,0,0,0,0,0,e559d2be2e96
AI,797,2,AI797.2,AI797.2,0,9,0,0,0,0,0,0,0,1356a06bc6bd
AI,798,1,AI798.1,AI798.1,0,13,0,0,0,0,0,0,0,189173d16eef
AI,798,2,AI798.2,AI798.2,0,6,0,0,0,0,0,0,0,e1a7d5da7c60
AI,799,1,AI799.1,AI799.1,0,10,0,0,0,0,0,0,0,3960816a319a
AI,799,2,AI799.2,AI799.2,0,10,0,0,0,0,0,0,0,ca6ba8698147
AI,799,3,AI799.3,AI799.3,0,6,0,0,0,0,0,0,0,74bb8a51cb3b
AI,800,1,AI800.1,AI800.1,0,9,0,0,0,0,0,0,0,e477ac69446b
AI,800,2,AI800.2,AI800.2,0,7,0,0,0,0,0,0,0,352cdca6db5d
AI,800,3,AI800.3,AI800.3,0,7,0,0,0,0,0,0,0,d480f238a52c
AI,801,1,AI801.1,AI801.1,0,1,0,0,0,0,0,0,0,d73e1b22d4d2
AI,802,1,AI802.1,AI802.1,0,8,0,0,0,0,0,0,0,abf26e18a7d5
AI,802,2,AI802.2,AI802.2,0,8,0,0,0,0,0,0,0,0bea32e8db26
AI,803,1,AI803.1,AI803.1,0,17,0,0,0,0,1,0,0,1e13fb1deffe
AI,804,1,AI804.1,AI804.1,0,2,0,0,0,0,0,0,0,ad3ac870a518
AI,805,1,AI805.1,AI805.1,0,10,0,0,0,0,1,0,0,f5de52192300
AI,806,1,AI806.1,AI806.1,0,13,0,0,0,0,0,0,0,3e032277a2b9
AI,807,1,AI807.1,AI807.1,0,12,0,0,0,1,0,0,0,893f75da6fed
AI,807,2,AI807.2,AI807.2,0,9,0,1,0,0,0,0,0,74ae1ac26237
AI,808,1,AI808.1,AI808.1,0,10,0,0,0,1,0,0,0,262f84dc05cb
AI,808,2,AI808.2,AI808.2,0,16,0,0,0,0,1,0,0,facdf3cb0a89
AI,809,1,AI809.1,AI809.1,0,8,0,0,0,0,0,0,0,2ea037211ede
AI,809,2,AI809.2,AI809.2,0,7,0,0,0,0,0,0,0,5aa42ab14942
AI,810,1,AI810.1,AI810.1,0,16,0,0,0,0,1,0,0,4174523f7555
AI,811,1,AI811.1,AI811.1,0,13,0,0,0,0,0,0,0,bb53b6c35f5d
AI,811,2,AI811.2,AI811.2,0,6,0,0,0,0,0,0,0,87afe6f48375
AI,813,1,AI813.1,AI813.1,0,1,0,0,0,0,0,0,0,d73e1b22d4d2
AI,814,1,AI814.1,AI814.1,0,10,0,0,0,0,0,0,0,6cef3eb1fde3
AI,814,2,AI814.2,AI814.2,0,10,0,0,0,0,0,0,0,8d290df9dee7
AI,815,1,AI815.1,AI815.1,0,9,0,0,0,0,0,0,0,2be191160b8e
AI,815,2,AI815.2,AI815.2,0,6,0,0,0,0,1,0,0,fed6575858fc
AI,816,1,AI816.1,AI816.1,0,8,0,0,0,1,0,0,0,52b0a141389c
AI,816,2,AI816.2,AI816.2,0,9,0,0,0,0,0,0,0,a5131cda48db
AI,816,3,AI816.3,AI816.3,0,12,0,0,0,0,0,0,0,eb9b313058db
AI,817,1,AI817.1,AI817.1,0,16,0,0,0,0,0,0,0,da02571f6840
AI,817,2,AI817.2,AI817.2,0,10,0,0,0,0,0,0,0,6561c063d59a
AI,818,1,AI818.1,AI818.1,0,8,0,0,0,0,0,0,0,9d7fac1843c7
AI,818,2,AI818.2,AI818.2,0,18,0,0,0,1,0,0,0,3fa6e8f94166
AI,819,1,AI819.1,AI819.1,0,15,0,1,0,0,0,0,0,3c303c89be33
AI,819,2,AI819.2,AI819.2,0,10,0,0,0,0,1,0,0,84ae471f5f55
AI,820,1,AI820.1,AI820.1,0,17,1,1,0,0,0,1,0,f497a3173d3f
AI,820,2,AI820.2,AI820.2,0,9,0,0,0,0,1,0,0,64b5d2c63620
AI,821,1,AI821.1,AI821.1,0,9,0,0,0,0,1,0,0,21be2077432c
AI,822,1,AI822.1,AI822.1,0,7,0,0,0,0,0,0,0,aa6e2953f4e6
AI,823,1,AI823.1,AI823.1,0,29,0,0,0,0,0,0,0,7c83c443cbfb
AI,824,1,AI824.1,AI824.1,0,10,0,0,0,0,0,0,0,ac4540af4d71
AI,824,2,AI824.2,AI824.2,0,11,0,0,0,1,0,0,0,a85442e0dba1
AI,824,3,AI824.3,AI824.3,0,21,0,0,0,0,0,0,0,852af145bd93
AI,825,1,AI825.1,AI825.1,0,15,0,0,0,0,1,0,0,646b2c1d19b4
AI,826,1,AI826.1,AI826.1,0,1,0,0,0,0,0,0,0,d73e1b22d4d2
AI,828,1,AI828.1,AI828.1,0,9,0,0,0,0,0,0,0,48eebeeaee35
AI,828,2,AI828.2,AI828.2,0,41,0,0,0,0,1,0,0,77d2982d967e
AI,829,1,AI829.1,AI829.1,0,15,0,0,0,0,1,0,0,86c2052fe4ee
AI,830,1,AI830.1,AI830.1,0,22,0,0,0,0,0,0,0,4a0e58acc05d
AI,831,1,AI831.1,AI831.1,0,11,0,0,0,0,0,0,0,564550854390
AI,832,1,AI832.1,AI832.1,0,12,0,0,0,0,0,0,0,5412d265bd01
AI,833,1,AI833.1,AI833.1,0,11,0,0,0,0,0,0,0,5c62c7df2d17
AI,833,2,AI833.2,AI833.2,0,11,0,0,0,0,0,0,0,52645e823b30
AI,833,3,AI833.3,AI833.3,0,9,0,0,0,0,0,0,0,e9629666ee3f
AI,833,4,AI833.4,AI833.4,0,8,0,0,0,0,0,0,0,4dbe1fe9540c
AI,834,1,AI834.1,AI834.1,0,7,0,0,0,1,0,0,0,18ae352126a7
AI,834,2,AI834.2,AI834.2,0,9,0,0,0,0,1,0,0,e59ff8ff0161
AI,834,3,AI834.3,AI834.3,0,9,0,0,0,0,0,0,0,fb63a034868f
AI,835,1,AI835.1,AI835.1,0,13,0,0,0,0,0,0,0,35911a0dbcd5
AI,836,1,AI836.1,AI836.1,0,9,0,0,0,0,0,0,0,c8be12388e07
AI,837,1,AI837.1,AI837.1,0,2,0,0,0,0,0,0,0,a6edf62d89db
AI,838,1,AI838.1,AI838.1,0,45,0,0,0,0,0,0,0,43efbef83b63
AI,839,1,AI839.1,AI839.1,0,9,0,0,0,0,0,0,0,c8b786b68afb
AI,840,1,AI840.1,AI840.1,0,42,0,0,0,0,1,0,0,7eca3a7bca7f
AI,841,1,AI841.1,AI841.1,0,12,0,0,0,0,0,0,0,567b2ebf8b22
AI,842,1,AI842.1,AI842.1,0,13,0,0,0,0,1,0,0,65f1ba47603e
AI,843,1,AI843.1,AI843.1,0,8,0,0,0,1,0,0,0,e0ab883f7560
AI,844,1,AI844.1,AI844.1,0,20,0,0,0,0,0,0,0,65b7810fe7b3
AI,845,1,AI845.1,AI845.1,0,12,0,0,0,0,0,0,0,464b8c6fbd4a
AI,845,2,AI845.2,AI845.2,0,26,0,0,0,1,0,0,0,b3e381f7887d
AI,846,1,AI846.1,AI846.1,0,19,0,0,0,1,0,0,0,ddc1e8dd2cbd
AI,847,1,AI847.1,AI847.1,0,14,0,0,0,0,0,0,0,8b02aacb4a51
AI,848,1,AI848.1,AI848.1,0,14,0,0,0,0,1,0,0,836d93967048
AI,848,2,AI848.2,AI848.2,0,19,0,0,0,0,1,0,0,1c388638ab64
AI,848,3,AI848.3,AI848.3,0,9,0,0,0,0,0,0,0,505a949a6cea
AI,849,1,AI849.1,AI849.1,0,12,0,0,0,0,0,0,0,3122b2f9e976
AI,850,1,AI850.1,AI850.1,0,9,0,0,0,1,0,0,0,d0074634fcba
AI,850,2,AI850.2,AI850.2,0,8,0,0,0,0,0,0,0,dc74e8006ab8
AI,850,3,AI850.3,AI850.3,0,7,0,0,0,0,1,0,0,3ef17f35a6c8
AI,851,1,AI851.1,AI851.1,0,14,0,0,0,0,1,0,0,4fb3db3fa7b2
AI,852,1,AI852.1,AI852.1,0,10,0,0,0,0,1,0,0,2d13e74df8f5
AI,852,2,AI852.2,AI852.2,0,9,0,0,0,1,0,0,0,8b6461a132e0
AI,853,1,AI853.1,AI853.1,0,11,0,0,0,0,1,0,0,2058de677d3b
AI,853,2,AI853.2,AI853.2,0,11,0,0,0,0,1,0,0,5984820eace2
AI,853,3,AI853.3,AI853.3,0,10,0,0,0,0,1,0,0,6adfbab45db2
AI,854,1,AI854.1,AI854.1,0,21,1,0,1,0,0,0,1,993a6d0683f4
AI,855,1,AI855.1,AI855.1,0,21,0,0,0,0,0,0,0,bbcd7c91f89d
AI,856,1,AI856.1,AI856.1,0,11,0,0,0,0,1,0,0,71d95d9c6fda
AI,856,2,AI856.2,AI852.2,0,7,0,0,0,1,0,0,0,b00b9127d24b
AI,857,1,AI857.1,AI857.1,0,12,0,0,0,0,1,0,0,e8fe2b8c834f
AI,857,1,AI857.1,AI857.1,0,7,0,0,0,0,0,0,0,4a8c6288887d
AI,858,1,AI858.1,AI858.1,0,8,0,0,0,0,1,0,0,88058bba1efa
AI,858,2,AI858.2,AI858.2,0,9,0,0,0,0,1,0,0,14c647d7224e
AI,858,3,AI858.3,AI858.3,0,8,0,1,0,0,0,0,0,73e8c81a045e
AI,859,1,AI859.1,AI859.1,0,11,0,0,0,0,1,0,0,6399ce6461d4
AI,859,2,AI859.2,AI859.2,0,42,0,0,0,0,1,0,0,4e2a2417391c
AI,860,1,AI860.1,AI860.1,0,12,0,0,0,0,0,0,0,370c40368b46
AI,861,1,AI861.1,AI861.1,0,11,0,0,0,0,1,0,0,708627c24017
AI,861,2,AI861.2,AI861.2,0,9,0,1,0,0,0,0,0,ea9a3dca5c9a
AI,862,1,AI862.1,AI862.1,0,9,0,0,0,0,0,0,0,d75e6ec52525
AI,863,1,AI863.1,AI863.1,0,10,0,0,0,0,0,0,0,1aa8937900ca
AI,863,2,AI863.2,AI863.2,0,7,0,0,0,0,0,0,0,c61e4a4d0ca5
AI,864,1,AI864.1,AI864.1,0,11,0,0,0,0,1,0,0,723c16d7db6a
AI,865,1,AI865.1,AI865.1,0,10,0,0,0,0,0,0,0,de5ec825fcb6
AI,865,2,AI865.2,AI865.2,0,9,0,0,0,0,1,0,0,2b4c0ad81d2f
AI,866,1,AI866.1,AI866.1,0,22,0,0,0,0,0,0,0,66323d3c4d71
AI,867,1,AI867.1,AI867.1,0,13,0,0,0,0,0,0,0,d2f3996cde60
AI,868,1,AI868.1,AI868.1,0,8,0,0,0,1,0,0,0,9865eb30d2cd
AI,868,2,AI868.2,AI868.2,0,7,0,0,0,0,0,0,0,3147918d14fc
AI,868,3,AI868.3,AI868.3,0,19,0,0,0,0,0,0,0,1ab6c165096f
AI,869,1,AI869.1,AI869.1,0,11,0,0,0,0,1,0,0,f3f2debbcbf0
AI,870,1,AI870.1,AI870.1,0,11,0,0,0,1,0,0,0,1acc0c6c7eee
AI,871,1,AI871.1,AI871.1,0,15,0,0,0,0,0,0,0,cfad65c86ff6
AI,872,1,AI872.1,AI872.1,0,15,0,0,0,0,1,0,0,4eaebc4a3d05
AI,872,2,AI872.2,AI872.2,0,7,0,0,0,1,0,0,0,fc4a766d1fb8
AI,873,1,AI873.1,AI873.1,0,12,0,0,0,0,1,0,0,beeed18020af
AI,873,2,AI873.2,AI873.2,0,14,0,0,0,0,1,0,0,4f7a68883499
AI,873,3,AI873.3,AI873.3,0,25,0,0,0,0,1,0,0,51c947c4e9cd
AI,874,1,AI874.1,AI874.1,0,17,0,0,0,1,0,0,0,9065f3402935
AI,875,1,AI875.1,AI875.1,0,22,0,0,0,0,1,0,0,01be914ec382
AI,876,1,AI876.1,AI876.1,0,10,0,0,0,0,1,0,0,1a37feac9fa7
AI,876,2,AI876.2,AI876.2,0,8,0,0,0,1,0,0,0,98640a4d1725
AI,877,1,AI877.1,AI877.1,0,2,0,0,0,0,0,0,0,c04eca6300a8
AI,878,1,AI878.1,AI878.1,0,11,0,0,0,0,1,0,0,bf2f10e2b8e4
AI,879,1,AI879.1,AI879.1,0,10,0,0,0,0,0,0,0,89b6c60e9cac
AI,880,1,AI880.1,AI880.1,0,9,1,0,0,0,0,0,1,94817ee12590
AI,881,1,AI881.1,AI881.1,0,12,0,0,0,0,0,0,0,64bb9111ad12
AI,882,1,AI882.1,AI882.1,0,11,0,0,0,0,1,0,0,8c971b1c93e1
AI,882,2,AI882.2,AI882.2,0,9,0,0,0,0,0,0,0,749ce226b88b
AI,883,1,AI883.1,AI883.1,0,11,0,0,0,0,0,0,0,523bd7c8f917
AI,883,2,AI883.2,AI883.2,0,7,0,0,0,1,0,0,0,b00b9127d24b
AI,884,1,AI884.1,AI884.1,0,10,0,0,0,0,1,0,0,bc2fce7bfb8a
AI,885,1,AI885.1,AI885.1,0,11,0,0,0,0,1,0,0,7587034a2598
AI,886,1,AI886.1,AI886.1,0,10,0,0,0,0,0,0,0,299e86a33b81
AI,886,1,AI886.1,AI886.1,0,10,0,0,0,0,0,0,0,80b1128d6e36
AI,887,1,AI887.1,AI887.1,0,3,0,0,0,0,0,0,0,116bcc7f9243
AI,887,2,AI887.2,AI887.2,0,21,0,0,0,0,0,0,0,90f7994a12b6
AI,887,3,AI887.3,AI887.3,0,8,0,0,0,0,1,0,0,dd5ee87ab32f
AI,888,1,AI888.1,AI888.1,0,10,0,0,0,0,0,0,0,98301df52100
AI,888,2,AI888.2,AI888.2,0,9,0,0,0,0,0,0,0,16cab8acc87c
AI,888,3,AI888.3,AI888.3,0,11,0,0,0,1,0,0,0,c48e5675fc0b
AI,889,1,AI889.1,AI889.1,0,25,0,0,0,0,1,0,0,26f042469892
AI,890,1,AI890.1,AI890.1,0,13,0,0,0,0,1,0,0,1c0cd7d9d58e
AI,890,2,AI890.2,AI890.2,0,10,0,0,0,0,1,0,0,afb6df11a1eb
AI,891,1,AI891.1,AI891.1,0,10,0,0,0,0,0,0,0,5b2689602c5b
AI,891,2,AI891.2,AI891.2,0,12,1,0,0,0,0,0,1,2c92554ff8ce
AI,891,3,AI891.3,AI891.3,0,9,0,0,0,0,0,0,0,53f63c6d371b
AI,892,1,AI892.1,AI892.1,0,10,0,0,0,0,0,0,0,b927172bc316
AI,893,1,AI893.1,AI893.1,0,11,0,0,0,1,0,0,0,3d99e6969f1a
AI,893,2,AI893.2,AI893.2,0,7,0,0,0,0,0,0,0,a38c709af2f7
AI,894,1,AI894.1,AI894.1,0,10,0,0,0,0,0,0,0,f8667ef98989
AI,894,2,AI894.2,AI894.2,0,17,0,0,0,0,0,0,0,92d2affe6f48
AI,895,1,AI895.1,AI895.1,0,12,0,0,0,0,1,0,0,464f1eac5bf1
AI,895,2,AI895.2,AI895.2,0,16,0,0,0,0,0,0,0,f4241993d83e
AI,896,1,AI896.1,AI896.1,0,13,0,0,0,0,0,0,0,452e9bdde438
AI,896,2,AI896.2,AI896.2,0,10,0,0,0,1,0,0,0,bf867dd277a1
AI,896,3,AI896.3,AI896.3,0,18,0,0,0,0,0,0,0,ef6815224266
AI,896,4,AI896.4,AI896.4,0,7,0,0,0,0,1,0,0,30a2ac828e3e
AI,897,1,AI897.1,AI897.1,0,12,0,0,0,1,0,0,0,262f52c24834
AI,897,2,AI897.2,AI897.2,0,16,0,0,0,0,0,0,0,200a8a79ee10
AI,898,1,AI898.1,AI898.1,0,11,0,0,0,0,1,0,0,545cb5e51cd0
AI,898,2,AI898.2,AI898.2,0,9,0,0,0,0,0,0,0,b35f27ed9af3
AI,900,1,AI900.1,AI900.1,0,23,0,0,0,0,0,0,0,5e1fe943998a
AI,900,2,AI900.2,AI900.2,0,6,0,1,0,0,0,0,0,756678f01ea4
AI,900,3,AI900.3,AI900.3,0,11,0,0,0,1,1,0,0,c2ab0894768a
AI,901,1,AI901.1,AI901.1,0,13,0,0,0,0,0,0,0,d60990550e16
AI,901,2,AI901.2,AI901.2,0,10,0,0,0,0,0,0,0,de9744df4d07
AI,901,3,AI901.3,AI901.3,0,15,0,0,0,0,1,0,0,f480485c292d
AI,902,1,AI902.1,AI902.1,0,14,0,0,0,0,1,0,0,c9e6cbc132b5
AI,903,1,AI903.1,AI903.1,0,1,0,0,0,0,0,0,0,d73e1b22d4d2
AI,904,1,AI904.1,AI904.1,0,11,0,0,0,0,1,0,0,c3bf3c7d21f7
AI,904,2,AI904.2,AI904.2,0,11,0,0,0,1,0,0,0,869f8c65b97d
AI,905,1,AI905.1,AI905.1,0,37,0,0,0,0,0,0,0,079f43a08fbd
AI,906,1,AI906.1,AI906.1,0,10,0,0,0,0,0,0,0,114f881c60aa
AI,906,2,AI906.2,AI906.2,0,54,0,1,0,0,0,0,0,407e94e68303
AI,907,1,AI907.1,AI907.1,0,37,0,0,0,0,1,0,0,3e99864ed982
AI,907,2,AI907.2,AI907.2,0,10,0,0,0,0,1,0,0,b5d97a18d42e
AI,907,3,AI907.3,AI907.3,0,71,0,0,0,0,0,0,0,525440d95fb5
AI,907,4,AI907.4,AI907.4,0,22,0,0,0,1,1,0,0,1c0f7c6a2165
AI,908,1,AI908.1,AI908.1,0,9,0,0,0,0,0,0,0,158ac1d33504
AI,908,2,AI908.2,AI908.2,0,61,0,0,0,0,1,0,0,eefd6cde255a
AI,909,1,AI909.1,AI909.1,0,11,0,0,0,0,1,0,0,8e1e697c46c0
AI,909,2,AI909.2,AI909.2,0,10,0,0,0,0,1,0,0,f2fe48e0cabf
AI,910,1,AI910.1,AI909.1,0,1,0,0,0,0,0,0,0,d73e1b22d4d2
AI,911,1,AI911.1,AI911.1,0,22,0,0,0,0,0,0,0,7d6e830ecd3f
AI,912,1,AI912.1,AI912.1,0,13,0,0,0,0,0,0,0,a69abbad74ab
AI,913,1,AI913.1,AI913.1,0,13,0,0,0,0,1,0,0,d33bb728ac70
AI,913,2,AI913.2,AI913.2,0,10,0,0,0,0,0,0,0,58b3942d2cda
AI,913,3,AI913.3,AI913.3,0,10,0,0,0,0,0,0,0,f3d32610ad85
AI,914,1,AI914.1,AI914.1,0,10,0,0,0,0,1,0,0,bc6f3447137a
AI,914,2,AI914.2,AI914.2,0,10,0,0,0,0,1,0,0,916081551cae
AI,916,1,AI916.1,AI916.1,0,11,0,0,0,0,0,0,0,2fd549f2b32a
AI,916,2,AI916.2,AI916.2,0,12,0,0,0,0,0,0,0,ad2f83f21133
AI,916,3,AI916.3,AI916.3,0,9,0,0,0,0,0,0,0,d0971413ba9a
AI,916,4,AI916.4,AI916.4,0,11,0,0,0,0,0,0,0,fd6eb2c57da9
AI,917,1,AI917.1,AI917.1,0,23,0,0,0,0,0,0,0,7a4b33a3ec49
AI,917,2,AI917.2,AI917.2,0,21,0,0,0,0,0,0,0,9fd6e8d6f65c
AI,918,1,AI918.1,AI918.1,0,1,0,0,0,0,0,0,0,d73e1b22d4d2
AI,919,1,AI919.1,AI919.1,0,11,0,0,0,0,1,0,0,cef89b74d93a
AI,919,2,AI919.2,AI919.2,0,6,0,0,0,0,0,0,0,0a3a313cc5cb
AI,919,3,AI919.3,AI919.3,0,69,0,0,0,1,0,0,0,b048c498ad13
AI,919,4,AI919.4,AI919.4,0,4,0,0,0,0,0,0,0,bfaa4dfd530f
AI,920,1,AI920.1,AI920.1,0,34,0,0,0,0,1,0,0,98f72f10c6a2
AI,920,2,AI920.2,AI920.2,0,11,0,0,0,0,1,0,0,0bca4b71927c
AI,921,1,AI921.1,AI921.1,0,12,0,0,0,0,0,0,0,d8b33b32615d
AI,921,2,AI921.2,AI921.2,0,22,0,0,0,0,0,0,0,09e32ca0e132
AI,921,3,AI921.3,AI921.3,0,7,0,0,0,0,0,0,0,2d9704082f96
AI,922,1,AI922.1,AI922.1,0,12,0,0,0,0,0,0,0,045d026ee002
AI,922,2,AI922.2,AI922.2,0,43,0,0,0,1,1,0,0,21cd2759417d
AI,923,1,AI923.1,AI923.1,0,9,0,0,0,0,0,0,0,10000eacf655
AI,923,2,AI923.2,AI923.2,0,11,0,0,0,0,0,0,0,bcfd2449a2db
AI,923,3,AI923.3,AI923.3,0,14,0,0,0,0,0,0,0,3a3fd9b97a81
AI,924,1,AI924.1,AI924.1,0,23,0,0,0,0,0,0,0,fb6016a7205c
AI,924,2,AI924.2,AI924.2,0,14,0,0,0,1,0,0,0,79268eb1c948
AI,925,1,AI925.1,AI925.1,0,11,0,0,0,0,0,0,0,173ba1a7322e
AI,925,2,AI925.2,AI925.2,0,9,0,0,0,0,0,0,0,117b0ea61fcb
AI,925,3,AI925.3,AI925.3,0,9,0,0,0,0,0,0,0,99f4d5392c4b
AI,926,1,AI926.1,AI926.1,0,15,0,0,0,1,0,0,0,5f92a312bd64
AI,926,2,AI926.2,AI926.2,0,14,0,0,0,0,0,0,0,67e3d7b57257
AI,927,1,AI927.1,AI927.1,0,18,1,0,0,1,0,0,1,c7b310f2b928
AI,927,2,AI927.2,AI927.2,0,24,0,0,0,0,1,0,0,ce3bd8eb3b95
AI,927,3,AI927.3,AI927.3,0,10,0,0,0,0,1,0,0,13387b5d1b3b
AI,928,1,AI928.1,AI928.1,0,7,0,0,0,0,0,0,0,5dba012249ac
AI,928,2,AI928.2,AI928.2,0,7,0,0,0,0,0,0,0,5a5b3389fc29
AI,929,1,AI929.1,AI929.1,0,20,0,0,0,0,1,0,0,2bce5c674a62
AI,929,2,AI929.2,AI929.2,0,8,0,0,0,0,0,0,0,604a947c840e
AI,930,1,AI930.1,AI930.1,0,23,0,0,0,0,1,0,0,9eb43c8f78a1
AI,931,1,AI931.1,AI931.1,0,20,0,0,0,1,0,0,0,109ded025b28
AI,932,1,AI932.1,AI932.1,0,11,0,0,0,0,0,0,0,7747f5d2e242
AI,933,1,AI933.1,AI933.1,0,11,0,0,0,0,0,0,0,aed0d15ccdf0
AI,933,2,AI933.2,AI933.2,0,7,0,0,0,0,0,0,0,44e3ec052bf6
AI,934,1,AI934.1,AI934.1,0,16,0,0,0,0,0,0,0,e1e8485c7232
AI,934,2,AI934.2,AI934.2,0,9,0,0,0,0,0,0,0,759909d20f2d
AI,934,3,AI934.3,AI934.3,0,9,0,0,0,0,0,0,0,34e97319e943
AI,935,1,AI935.1,AI935.1,0,9,0,0,0,0,1,0,0,7ab013b2c046
AI,936,1,AI936.1,AI936.1,0,16,0,0,0,1,0,0,0,da533ceabef4
AI,936,2,AI936.2,AI936.2,0,11,0,0,0,0,1,0,0,8aba302f3c5c
AI,937,1,AI937.1,AI937.1,0,11,0,0,0,0,0,0,0,11a86bed96d9
AI,937,2,AI937.2,AI937.2,0,7,0,0,0,0,0,0,0,6cef6632d8db
AI,937,3,AI937.3,AI937.3,0,3,0,0,0,0,0,0,0,e28f40bb7a98
AI,938,1,AI938.1,AI938.1,0,12,0,0,0,0,0,0,0,0234d9fad336
AI,939,1,AI939.1,AI939.1,0,12,0,0,0,0,0,0,0,db358002dc34
AI,940,1,AI940.1,AI940.1,0,13,0,0,0,0,0,0,0,986071dd599e
AI,941,1,AI941.1,AI941.1,0,29,0,0,0,0,1,0,0,487fccab9679
AI,942,1,AI942.1,AI942.1,0,11,0,0,0,0,1,0,0,ffd3074c2c4b
AI,942,2,AI942.2,AI942.2,0,9,0,0,0,0,1,0,0,97e094fdc99f
AI,943,1,AI943.1,AI943.1,0,19,0,0,0,0,0,0,0,db27e014c69a
AI,943,2,AI943.2,AI943.2,0,17,0,0,0,0,1,0,0,d59a80aa818d
AI,944,1,AI944.1,AI944.1,0,7,0,0,0,0,0,0,0,b63e61be38aa
AI,944,2,AI944.2,AI944.2,0,11,0,0,0,0,0,0,0,ca3ec0a1e5f6
AI,944,3,AI944.3,AI944.3,0,12,0,0,0,0,1,0,0,3687ea4ad660
AI,945,1,AI945.1,AI945.1,0,8,0,0,0,0,0,0,0,2cd6d72b95cf
AI,946,1,AI946.1,AI946.1,0,10,0,0,0,0,0,0,0,91e886d35a4b
AI,947,1,AI947.1,AI947.1,0,33,0,0,0,0,1,0,0,882e79187052
AI,948,1,AI948.1,AI948.1,0,11,0,0,0,0,1,0,0,8fc4b70de8af
AI,949,1,AI949.1,AI949.1,0,10,0,0,0,0,0,0,0,84784c86137a
AI,950,1,AI950.1,AI950.1,0,17,0,0,0,0,0,0,0,604192b95cb6
AI,951,1,AI951.1,AI951.1,0,18,0,0,0,1,0,0,0,3c47191d9890
AI,951,2,AI951.2,AI951.2,0,10,0,0,0,0,1,0,0,29d74cc1bc91
AI,951,3,AI951.3,AI951.3,0,6,0,0,0,0,0,0,0,dc87519342ad
AI,952,1,AI952.1,AI952.1,0,8,0,0,0,0,0,0,0,8e2d180932f3
AI,952,2,AI952.2,AI952.2,0,13,0,0,0,1,0,0,0,c1abc698a693
AI,953,1,AI953.1,AI953.1,0,8,0,0,0,0,0,0,0,8bdde86d1282
AI,953,2,AI953.2,AI953.2,0,7,0,0,0,0,0,0,0,c036a14b5ab0
AI,953,3,AI953.3,AI953.3,0,10,0,0,0,0,1,0,0,4c5b13b52b4c
AI,953,4,AI953.4,AI953.4,0,9,0,0,0,0,0,0,0,ec11ef4a91b8
AI,954,1,AI954.1,AI954.1,0,13,0,0,0,0,0,0,0,5638471962c4
AI,954,2,AI954.2,AI954.2,0,72,0,0,0,1,1,0,0,633829ae4237
AI,954,3,AI954.3,AI954.3,0,9,0,0,0,0,0,0,0,62b666bba37f
AI,955,1,AI955.1,AI955.1,0,7,0,0,0,0,0,0,0,1d770fceaba0
AI,956,1,AI956.1,AI956.1,0,11,0,0,0,0,0,0,0,3919d12d8c45
AI,956,2,AI956.2,AI956.2,0,9,0,0,0,0,0,0,0,0f7a0aa60034
AI,956,3,AI956.3,AI956.3,0,12,0,0,0,0,0,0,0,462e0b8cbd47
AI,957,1,AI957.1,AI957.1,0,8,0,0,0,0,0,0,0,328728cecc1e
AI,957,2,AI957.2,AI957.2,0,9,0,0,0,0,0,0,0,855d585bc2bd
AI,957,3,AI957.3,AI957.3,0,7,0,0,0,0,1,0,0,100932bc9212
AI,958,1,AI958.1,AI958.1,0,12,0,0,0,0,0,0,0,e9afec304061
AI,958,2,AI958.2,AI958.2,0,9,0,0,0,0,1,0,0,ed02b6daca7b
AI,958,3,AI958.3,AI958.3,0,13,0,0,0,0,0,0,0,9e107b24d34b
AI,958,4,AI958.4,AI958.4,0,11,0,0,0,0,0,0,0,8deaa207459f
AI,959,1,AI959.1,AI959.1,0,12,0,0,0,0,1,0,0,9ff898e9f0c6
AI,959,2,AI959.2,AI959.2,0,10,0,0,0,0,0,0,0,8253767b9395
AI,960,1,AI960.1,AI960.1,0,1,0,0,0,0,0,0,0,d73e1b22d4d2
AI,961,1,AI961.1,AI961.1,0,12,0,0,0,0,0,0,0,dd7b14bd345b
AI,962,1,AI962.1,AI962.1,0,11,0,0,0,0,0,0,0,d0db459472a2
AI,962,2,AI962.2,AI962.2,0,10,0,0,0,0,0,0,0,bf9377223fd5
AI,962,3,AI962.3,AI962.3,0,7,0,0,0,0,0,0,0,6769c999c7b3
AI,962,4,AI962.4,AI962.4,0,10,0,0,0,0,0,0,0,0f762d8d7222
AI,963,1,AI963.1,AI963.1,0,13,0,0,0,0,0,0,0,b2de99b9031c
AI,963,2,AI963.2,AI963.2,0,11,0,0,0,0,1,0,0,6b727f93af5f
AI,963,3,AI963.3,AI963.3,0,9,0,0,0,0,1,0,0,7e510182e426
AI,963,4,AI963.4,AI963.4,0,17,0,0,0,0,1,0,0,28a9aeff205d
AI,964,1,AI964.1,AI964.1,0,21,0,0,0,1,0,0,0,fefbcc79d364
AI,965,1,AI965.1,AI965.1,0,9,0,0,0,0,0,0,0,f425a4aa6bc3
AI,965,2,AI965.2,AI965.2,0,11,0,0,0,0,0,0,0,806ecaf839a9
AI,966,1,AI966.1,AI966.1,0,21,0,0,0,0,1,0,0,67c1beb4a71b
AI,966,2,AI966.2,AI966.2,0,10,0,0,0,1,0,0,0,2553c43030e4
AI,967,1,AI967.1,AI967.1,0,9,0,0,0,0,0,0,0,1da254dd0221
AI,967,2,AI967.2,AI967.2,0,26,0,0,0,0,1,0,0,257170cf4059
AI,967,3,AI967.3,AI967.3,0,9,0,0,0,0,0,0,0,f9cddfa17523
AI,968,1,AI968.1,AI968.1,0,22,0,0,0,0,0,0,0,33df15efb444
AI,968,2,AI968.2,AI968.2,0,13,0,0,0,0,1,0,0,50e04249dbdc
AI,969,1,AI969.1,AI969.1,0,15,0,0,0,0,0,0,0,70a0f43d6a6d
AI,969,2,AI969.2,AI969.2,0,15,0,0,0,0,0,0,0,1e81c71b56cb
AI,969,3,AI969.3,AI969.3,0,11,0,0,0,0,1,0,0,e8a109d10873
AI,969,4,AI969.4,AI9695.4,0,31,0,0,0,0,0,0,0,e7cbccb3cf47
AI,972,1,AI972.1,AI972.1,0,68,0,0,0,0,1,0,0,8ab42413539d
AI,972,2,AI972.2,AI972.2,0,8,0,0,0,1,0,0,0,54372d412bed
AI,972,3,AI972.3,AI972.3,0,14,0,0,0,0,0,0,0,65c8f8bcc0a0
AI,972,4,AI972.4,AI972.4,0,9,0,0,0,0,1,0,0,b1e6356183f8
AI,972,5,AI972.5,AI972.5,0,10,0,0,0,0,1,0,0,80ee66074e13
AI,973,1,AI973.1,AI973.1,0,13,0,0,0,0,0,0,0,85ee5685913b
AI,973,2,AI973.2,AI973.2,0,13,0,0,0,0,0,0,0,81ef8f654b6d
AI,973,3,AI973.3,AI973.3,0,45,0,0,0,0,1,0,0,5ee707f93ca3
AI,973,4,AI973.4,AI973.4,0,34,0,0,0,0,0,0,0,57b9e98c4706
AI,974,1,AI974.1,AI974.1,0,9,0,0,0,0,0,0,0,0c11c12b18c9
AI,974,2,AI974.2,AI974.2,0,24,0,0,0,0,0,0,0,d9a01b5a8fdf
AI,974,3,AI974.3,AI974.3,0,6,0,0,0,0,0,0,0,a703f55a6e58
AI,974,4,AI974.4,AI974.4,0,12,0,0,0,0,0,0,0,448b1dae1dc2
AI,974,5,AI974.5,AI974.5,0,16,0,0,0,0,1,0,0,efe90cd966da
AI,974,6,AI974.6,AI974.6,0,8,0,0,0,0,0,0,0,d7f9fdd9e7e6
AI,975,1,AI975.1,AI975.1,0,12,0,0,0,0,0,0,0,32ceea18f795
AI,975,2,AI975.2,AI975.2,0,10,0,0,0,0,0,0,0,e28d5ff7b654
AI,976,1,AI976.1,AI976.1,0,15,0,0,0,0,0,0,0,a196a888602a
AI,976,2,AI976.2,AI976.2,0,9,0,0,0,0,0,0,0,c66afad3ac39
AI,976,3,AI976.3,AI972.3,0,47,0,0,0,0,1,0,0,61bd3e71e4b3
AI,977,1,AI977.1,AI977.1,0,11,0,0,0,0,0,0,0,700a5dd0743c
AI,977,2,AI977.2,AI977.2,0,19,0,0,0,0,0,0,0,db96957b55eb
AI,977,3,AI977.3,AI977.3,0,18,0,0,0,0,0,0,0,1038e6766005
AI,977,4,AI977.4,AI977.4,0,30,0,0,0,0,0,0,0,d1dc16d91cfe
AI,978,1,AI978.1,AI978.1,0,11,0,0,0,0,0,0,0,73a2d06dcc3f
AI,978,2,AI978.2,AI978.2,0,25,0,0,0,0,1,0,0,366f68ca327c
AI,978,3,AI978.3,AI978.3,0,8,0,0,0,0,0,0,0,bfdc20b3fb99
AI,979,1,AI979.1,AI979.1,0,9,0,0,0,0,0,0,0,22480ddf5ad2
AI,980,1,AI980.1,AI980.1,0,10,0,0,0,0,0,0,0,77fd2a6a2012
AI,980,2,AI980.2,AI980.2,0,6,0,0,0,0,0,0,0,a8c82b8d14a5
AI,980,3,AI980.3,AI980.3,0,8,0,0,0,0,0,0,0,e5d3e14f154b
AI,980,4,AI980.4,AI980.4,0,29,0,0,0,0,0,0,0,805590002e48
AI,980,5,AI980.5,AI980.5,0,10,0,0,0,0,1,0,0,cff88ba335ce
AI,980,6,AI980.6,AI980.6,0,5,0,0,0,0,0,0,0,ba1aa6682f6d
AI,981,1,AI981.1,AI981.1,0,8,0,0,0,0,0,0,0,7165d306cffa
AI,981,2,AI981.2,AI981.2,0,6,0,0,0,0,1,0,0,b87c15db5858
AI,981,3,AI981.3,AI981.3,0,8,0,0,0,0,0,0,0,8a354f64cc64
AI,981,3,AI981.3,AI981.3,0,7,0,0,0,0,0,0,0,8d7ca10629fb
AI,982,1,AI982.1,AI982.1,0,9,0,0,0,0,0,0,0,d4d925505d6b
AI,982,2,AI982.2,AI982.2,0,25,0,0,0,0,1,0,0,1d73e9281507
AI,982,3,AI982.3,AI982.3,0,35,0,0,0,0,0,0,0,959ba23649ef
AI,982,4,AI982.4,AI982.4,0,10,0,0,0,0,0,0,0,e73961c58bae
AI,983,1,AI983.1,AI983.1,0,9,0,0,0,0,0,0,0,123297b13d95
AI,983,2,AI983.2,AI983.2,0,66,0,0,0,0,1,0,0,7b9d39b22d11
AI,983,3,AI983.3,AI983.3,0,11,0,0,0,0,0,0,0,dae23b159825
AI,983,4,AI983.4,AI983.4,0,40,0,0,0,0,1,0,0,d965f7121f73
AI,984,1,AI984.1,AI984.1,0,9,0,0,0,0,0,0,0,a672cfb7dac6
AI,984,2,AI984.2,AI984.2,0,92,0,0,0,0,1,0,0,4d2704a192d1
AI,985,1,AI985.1,AI985.1,0,9,0,0,0,0,0,0,0,7227077bd342
AI,985,2,AI985.2,AI985.2,0,37,0,0,0,0,0,0,0,53c4201071a3
AI,985,3,AI985.3,AI985.3,0,17,0,0,0,0,0,0,0,2e390b3f014a
AI,986,1,AI986.1,AI986.1,0,9,0,0,0,0,0,0,0,8a7fb6cac629
AI,986,2,AI986.2,AI980.2,0,11,0,0,0,0,0,0,0,e366eaa48d55
AI,986,3,AI986.3,AI980.3,0,20,0,0,0,0,1,0,0,c0e0870d6ba7
AI,986,4,AI986.4,AI980.4,0,21,1,0,0,0,0,0,1,02698559e746
AI,987,1,AI987.1,AI987.1,0,9,0,0,0,0,0,0,0,78e4cad3adb2
AI,987,2,AI987.2,AI987.2,0,32,0,0,0,0,1,0,0,c9b791b8dfc4
AI,988,1,AI988.1,AI988.1,0,9,0,0,0,0,0,0,0,7eaf4590677b
AI,988,2,AI988.2,AI988.2,0,66,0,0,0,1,0,0,0,2133ceb6dffd
AI,989,1,AI989.1,AI989.1,0,9,0,0,0,0,0,0,0,3cded29ce39c
AI,989,2,AI989.2,AI989.2,0,9,0,0,0,0,0,0,0,f3d81ab7be8a
AI,989,3,AI989.3,AI989.3,0,15,0,0,0,0,0,0,0,49a304026685
AI,989,4,AI989.4,AI989.4,0,9,0,0,0,0,1,0,0,dbb690395c25
AI,989,5,AI989.5,AI989.5,0,8,0,0,0,0,0,0,0,9862d27f4aeb
AI,989,6,AI989.6,AI989.6,0,8,0,0,0,0,0,0,0,22f35039299a
AI,990,1,AI990.1,AI990.1,0,8,0,0,0,0,0,0,0,be67e4e0bc34
AI,990,2,AI990.2,AI990.2,0,46,0,0,0,0,1,0,0,a58ba688e33c
AI,990,3,AI990.3,AI990.3,0,10,0,0,0,0,0,0,0,7a77fd6f46aa
AI,990,4,AI990.4,AI990.4,0,4,0,0,0,0,0,0,0,0aeb9c7e4cbb
AI,991,1,AI991.1,AI991.1,0,9,0,0,0,0,0,0,0,acf4ff484471
AI,991,2,AI991.2,AI991.2,0,24,0,0,0,0,1,0,0,3dba9c7ef320
AI,991,3,AI991.3,AI991.3,0,21,0,0,0,0,0,0,0,2b27797e9593
AI,991,4,AI991.4,AI991.4,0,5,0,0,0,0,0,0,0,a3728e608d12
AI,991,5,AI991.5,AI991.5,0,11,0,0,0,0,0,0,0,a3b7c36c9bba
AI,991,1,AI991.1,AI992.1,0,0,0,0,0,0,0,0,0,da39a3ee5e6b
AI,991,2,AI991.2,AI992.2,0,10,0,0,0,0,0,0,0,a925b3bdc041
AI,991,3,AI991.3,AI992.3,0,10,0,0,0,0,0,0,0,6958b80da833
AI,991,4,AI991.4,AI992.4,0,10,0,0,0,0,1,0,0,68eebde27319
AI,991,5,AI991.5,AI992.5,0,10,0,0,0,0,0,0,0,486ce3d7834e
AI,993,1,AI993.1,AI993.1,0,10,0,0,0,0,0,0,0,54a0b4ec5dcc
AI,993,2,AI993.2,AI993.2,0,18,0,0,0,0,0,0,0,4128b94b2f81
AI,993,3,AI993.3,AI993.3,0,9,0,0,0,0,0,0,0,bc600659fbcd
AI,993,4,AI993.4,AI993.4,0,18,0,0,0,1,0,0,0,5c1e0eb1d8ee
AI,993,5,AI993.5,AI993.5,0,33,0,0,0,0,1,0,0,246c4054d733
AI,993,6,AI993.6,AI993.6,0,18,0,0,0,0,0,0,0,a60084797f94
AI,994,1,AI994.1,AI994.1,0,10,0,0,0,0,0,0,0,446e73d7e416
AI,994,2,AI994.2,AI994.2,0,9,0,0,0,0,0,0,0,4b58359a668e
AI,995,1,AI995.1,AI995.1,0,11,0,0,0,0,0,0,0,3bd4bf142e8a
AI,995,2,AI995.2,AI995.2,0,13,0,0,0,0,0,0,0,3975892cfad9
AI,995,3,AI995.3,AI995.3,0,10,0,0,0,0,0,0,0,92c735d92973
AI,995,4,AI995.4,AI995.4,0,10,0,1,0,0,0,0,0,8656b4635b55
AI,995,5,AI995.5,AI995.5,0,9,0,0,0,0,1,0,0,a2c980699ac8
AI,995,6,AI995.6,AI995.6,0,17,0,0,0,0,1,0,0,95d87c168697
AI,996,1,AI996.1,AI996.1,0,12,0,0,0,0,0,0,0,cc676763d4b7
AI,996,2,AI996.2,AI996.2,0,21,0,0,0,0,0,0,0,ba2e50465c07
AI,996,3,AI996.3,AI996.3,0,20,0,0,0,0,0,0,0,cb89db840059
AI,996,4,AI996.4,AI996.4,0,28,0,0,0,1,0,0,0,8035490058be
AI,996,5,AI996.5,AI996.5,0,18,0,0,0,1,0,0,0,b9a35927871c
AI,996,6,AI996.6,AI996.6,0,10,0,0,0,0,1,0,0,4e88b1f9b05b
AI,996,7,AI996.7,AI996.7,0,15,0,0,0,0,1,0,0,71b3564ca88d
AI,997,1,AI997.1,AI997.1,0,11,0,0,0,0,0,0,0,3588ad90809c
AI,997,2,AI997.2,AI997.2,0,60,0,0,0,0,1,0,0,1e6ef821ad79
AI,997,3,AI997.3,AI997.3,0,5,0,0,0,0,0,0,0,74ef37df9ea0
AI,997,4,AI997.4,AI997.4,0,10,0,0,0,0,0,0,0,1616f2bcbe56
AI,998,1,AI998.1,AI998.1,0,9,0,0,0,0,0,0,0,9132c7704947
AI,998,2,AI998.2,AI998.2,0,23,0,0,0,0,0,0,0,26626316fc0e
AI,999,1,AI999.1,AI999.1,0,10,0,0,0,0,0,0,0,c12f4db23805
AI,999,2,AI999.2,AI999.2,0,11,0,0,0,0,0,0,0,aaeed373499b
AI,999,3,AI999.3,AI999.3,0,7,0,0,0,0,0,0,0,b60894591120
AI,999,4,AI999.4,AI999.4,0,37,0,0,0,0,1,0,0,28d2adefcbd8
AI,1000,1,AI1000.1,AI1000.1,0,13,0,0,0,0,0,0,0,478d0933a97f
AI,1000,2,AI1000.2,AI1000.2,0,72,0,0,0,0,1,0,0,91d8015033b9
AI,1000,3,AI1000.3,AI1000.3,0,10,0,0,0,0,0,0,0,711298215687
AI,1001,1,AI1001.1,AI1001.1,0,14,0,0,0,0,0,0,0,327a78179381
AI,1001,2,AI1001.2,AI1001.2,0,18,0,0,0,1,0,0,0,049c151d8c05
AI,1001,3,AI1001.3,AI1001.3,0,5,0,0,0,0,0,0,0,b154301e1370
AI,1001,4,AI1001.4,AI1001.4,0,6,0,0,0,0,0,0,0,3649deee6a04
AI,1001,5,AI1001.5,AI1001.5,0,30,0,0,0,0,1,0,0,7d4600fa3f2c
AI,1002,1,AI1002.1,AI1002.1,0,13,0,0,0,0,0,0,0,8d04ace56df1
AI,1002,2,AI1002.2,AI1002.2,0,25,0,0,0,0,1,0,0,8497ea0d5565
AI,1002,3,AI1002.3,AI1002.3,0,8,0,0,0,0,0,0,0,b419ad65f2ed
AI,1002,4,AI1002.4,AI1002.4,0,37,0,0,0,1,1,0,0,dffc4f8af0a3
AI,1003,1,AI1003.1,AI1003.1,0,12,0,0,0,0,0,0,0,2db968107551
AI,1003,2,AI1003.2,AI1003.2,0,18,0,0,0,0,0,0,0,2e345c6ebe97
AI,1003,3,AI1003.3,AI1003.3,0,41,0,0,0,0,1,0,0,6da6680c10a8
AI,1003,4,AI1003.4,AI1003.4,0,29,0,0,0,0,1,0,0,6949846214af
AI,1003,5,AI1003.5,AI1003.5,0,21,0,0,0,0,0,0,0,39aba3971844
AI,1003,6,AI1003.6,AI1003.6,0,9,0,0,0,0,0,0,0,a48ac3d2ae00
AI,1003,7,AI1003.7,AI1003.7,0,18,0,0,0,0,0,0,0,506755585af7
AI,1003,8,AI1003.8,AI1003.8,0,10,0,0,0,0,0,0,0,1f55af3a6f0d
AI,1004,1,AI1004.1,AI1004.1,0,16,0,0,0,0,0,0,0,fbe9bb4f03bf
AI,1004,2,AI1004.2,AI1004.2,0,20,0,0,0,0,0,0,0,dbf3a6f9108d
AI,1004,3,AI1004.3,AI1004.3,0,12,0,0,0,0,0,0,0,fb070b799986
AI,1004,4,AI1004.4,AI1004.4,0,44,0,0,0,0,0,0,0,a24db5022e73
AI,1004,5,AI1004.5,AI1004.5,0,18,0,0,0,0,1,0,0,4df98113e6d4
AI,1005,1,AI1005.1,AI1005.1,0,13,0,0,0,0,0,0,0,e7e28ae0ca1f
AI,1005,2,AI1005.2,AI1005.2,0,13,0,0,0,0,0,0,0,bad145dc3917
AI,1005,3,AI1005.3,AI1005.3,0,41,0,0,0,1,0,0,0,96dcbe0ed4a9
AI,1005,4,AI1005.4,AI1005.4,0,9,0,0,0,0,0,0,0,c1df2083c18c
AI,1005,5,AI1005.5,AI1005.5,0,9,0,0,0,1,0,0,0,dae5016b6420
AI,1005,6,AI1005.6,AI1005.6,0,10,0,0,0,1,0,0,0,a870fc55361a
AI,1006,1,AI1006.1,AI1006.1,0,13,0,0,0,0,0,0,0,b35a8383f1f1
AI,1006,2,AI1006.2,AI1006.2,0,63,0,0,0,1,1,0,0,c6620d101693
AI,1007,1,AI1007.1,AI1007.1,0,14,0,0,0,0,0,0,0,61111d320fb0
AI,1007,2,AI1007.2,AI1007.2,0,7,0,0,0,0,0,0,0,4883a1222341
AI,1007,3,AI1007.3,AI1007.3,0,31,0,0,0,1,0,0,0,1b8c06650ee5
AI,1007,4,AI1007.4,AI1007.4,0,9,0,0,0,0,0,0,0,2cc4ba60325c
AI,1007,5,AI1007.5,AI1007.5,0,8,0,0,0,1,0,0,0,55f188b65a0b
AI,1007,6,AI1007.6,AI1007.6,0,6,0,0,0,0,0,0,0,3b316329656e
AI,1007,7,AI1007.7,AI1007.7,0,14,0,0,0,0,0,0,0,239b6ed3a290
AI,1007,8,AI1007.8,AI1007.8,0,9,0,0,0,0,0,0,0,278c1366d7ce
AI,1007,9,AI1007.9,AI1007.9,0,8,0,0,0,0,0,0,0,6d04d92dcaff
AI,1008,1,AI1008.1,AI1008.1,0,13,0,0,0,0,0,0,0,3a7ff15c1d6c
AI,1008,2,AI1008.2,AI1008.2,0,12,0,0,0,0,0,0,0,8b4480bcf438
AI,1008,3,AI1008.3,AI1008.3,0,6,0,0,0,0,0,0,0,de32bddce8c0
AI,1008,4,AI1008.4,AI1008.4,0,5,0,0,0,0,0,0,0,05c6b7342de4
AI,1009,1,AI1009.1,AI1009.1,0,14,0,0,0,0,0,0,0,6d6ddca77eda
AI,1009,2,AI1009.2,AI1009.2,0,7,0,0,0,0,0,0,0,07ffb8533bd5
AI,1009,3,AI1009.3,AI1009.3,0,11,0,0,0,0,0,0,0,92bd5446540c
AI,1009,4,AI1009.4,AI1009.4,0,6,0,0,0,0,0,0,0,1c394d22f155
AI,1009,5,AI1009.5,AI1009.5,0,17,0,0,0,0,0,0,0,135ad7432063
AI,1010,1,AI1010.1,AI1010.1,0,13,0,0,0,0,0,0,0,5b3101536801
AI,1010,2,AI1010.2,AI1010.2,0,12,0,0,0,0,0,0,0,260a8fdae27a
AI,1010,3,AI1010.3,AI1010.3,0,9,0,0,0,0,0,0,0,8da917df6f16
AI,1010,4,AI1010.4,AI1010.4,0,38,0,0,0,1,1,0,0,e35fed2ac053
AI,1010,5,AI1010.5,AI1010.5,0,16,0,0,0,0,0,0,0,77b466407af5
AI,1010,6,AI1010.6,AI1010.6,0,9,0,0,0,0,0,0,0,6918c3bd7cae
AI,1010,7,AI1010.7,AI1010.7,0,8,0,0,0,0,0,0,0,c3f5116a45b3
AI,1011,1,AI1011.1,AI1011.1,0,13,0,0,0,0,0,0,0,4af7eae20388
AI,1011,2,AI1011.2,AI1011.2,0,54,0,0,0,0,1,0,0,3ce22a8d9d71
AI,1011,3,AI1011.3,AI1011.3,0,19,0,0,0,0,0,0,0,4387e16de6a8
AI,1011,4,AI1011.4,AI1011.4,0,7,0,0,0,0,0,0,0,88bb65d09bee
AI,1011,5,AI1011.5,AI1011.5,0,39,0,0,0,0,0,0,0,8cf02dae6489
AI,1012,5,AI1012.5,AI1012.5,0,10,0,0,0,0,0,0,0,25ac170222bc
AI,1012,5,AI1012.5,AI1012.5,0,11,0,0,0,0,0,0,0,37c8719db7c7
AI,1012,5,AI1012.5,AI1012.5,0,15,0,0,0,0,0,0,0,887acf593bc5
AI,1012,5,AI1012.5,AI1012.5,0,28,0,0,0,0,0,0,0,2115d8b10504
AI,1013,1,AI1013.1,AI1013.1,0,13,0,0,0,0,0,0,0,ddce2bdbc892
AI,1013,2,AI1013.2,AI1013.2,0,150,0,0,0,1,1,0,0,854109f310b9
AI,1013,3,AI1013.3,AI1013.3,0,13,0,0,0,0,1,0,0,eac7d62226f0
AI,1013,4,AI1013.4,AI1013.4,0,10,0,0,0,0,1,0,0,dd34f66e99dd
AI,1013,5,AI1013.5,AI1013.5,0,7,0,0,0,0,0,0,0,8bf4acaac7a9
AI,1013,6,AI1013.6,AI1013.6,0,9,0,0,0,0,0,0,0,732ffc0b78ee
AI,1013,7,AI1013.7,AI1013.7,0,5,0,0,0,0,0,0,0,aa64f2db3188
AI,1014,1,AI1014.1,AI1014.1,0,13,0,0,0,0,0,0,0,907aa04b5ba9
AI,1014,2,AI1014.2,AI1014.2,0,138,0,0,0,0,1,0,0,a5e721c53fed
AI,1014,3,AI1014.3,AI1014.3,0,16,0,0,0,0,0,0,0,d09f5b5f35e3
AI,1014,4,AI1014.4,AI1014.4,0,10,0,0,0,0,0,0,0,8cb358c132cb
AI,1014,5,AI1014.5,AI1014.5,0,11,0,0,0,0,0,0,0,47c3bca7a8d6
AI,1014,6,AI1014.6,AI1014.6,0,10,0,0,0,0,0,0,0,9573bc89fd10
AI,1014,7,AI1014.7,AI1014.7,0,11,0,0,0,0,0,0,0,522a7d76cd71
AI,1014,8,AI1014.8,AI1014.8,0,10,0,0,0,0,0,0,0,150da037ebdd
AI,1015,1,AI1015.1,AI1015.1,0,14,0,0,0,0,0,0,0,e255ee4e2b23
AI,1015,2,AI1015.2,AI1015.2,0,16,0,0,0,0,0,0,0,c2291ab9498e
AI,1015,3,AI1015.3,AI1015.3,0,8,0,0,0,0,0,0,0,851f7189988d
AI,1015,4,AI1015.4,AI1015.4,0,26,0,0,0,0,1,0,0,1f929f3752a3
AI,1015,5,AI1015.5,AI1015.5,0,16,0,0,0,0,1,0,0,7b99d2da32e5
AI,1015,6,AI1015.6,AI1015.6,0,6,0,0,0,0,0,0,0,169641286697
AI,1015,7,AI1015.7,AI1015.7,0,8,0,0,0,0,0,0,0,1f712913d9c5
AI,1015,8,AI1015.8,AI1015.8,0,34,0,0,0,0,0,0,0,814c4ae6f9c6
AI,1015,9,AI1015.9,AI1015.9,0,14,0,0,0,0,0,0,0,7b160856c1c7
AI,1015,10,AI1015.10,AI1015.10,0,10,0,0,0,0,1,0,0,2d5578cd09cb
AI,1015,11,AI1015.11,AI1015.11,0,18,0,0,0,0,1,0,0,4b314af06fcf
AI,1016,1,AI1016.1,AI1016.1,0,14,0,0,0,0,0,0,0,179e2bc46cf2
AI,1016,2,AI1016.2,AI1016.2,0,9,0,0,0,0,0,0,0,08f715e7b7d2
AI,1016,3,AI1016.3,AI1016.3,0,37,0,0,0,0,1,0,0,c2b31254ba06
AI,1016,4,AI1016.4,AI1016.4,0,11,0,0,0,0,1,0,0,8abc2dff8753
AI,1016,5,AI1016.5,AI1016.5,0,13,0,0,0,0,0,0,0,7bc34ec4b6d6
AI,1016,6,AI1016.6,AI1016.6,0,27,0,0,0,0,1,0,0,93cae6f8e089
AI,1016,7,AI1016.7,AI1016.7,0,24,0,0,0,0,0,0,0,b99bdc2be63f
AI,1016,8,AI1016.8,AI1016.8,0,10,0,0,0,0,0,0,0,f6cf23a5a66f
AI,1016,9,AI1016.9,AI1016.9,0,29,0,0,0,0,0,0,0,9c37d711acfc
AI,1017,1,AI1017.1,AI1017.1,0,13,0,0,0,0,0,0,0,ae5d2b505608
AI,1017,2,AI1017.2,AI1017.2,0,21,0,0,0,0,0,0,0,1abd2546e7f7
AI,1017,3,AI1017.3,AI1017.3,0,6,0,0,0,0,0,0,0,b3d5ac5f6191
AI,1017,4,AI1017.4,AI1017.4,0,14,0,0,0,0,0,0,0,5d5999aefea6
AI,1017,5,AI1017.5,AI1017.5,0,5,0,0,0,0,0,0,0,1f0b9c561628
AI,1018,1,AI1018.1,AI1018.1,0,13,0,0,0,0,0,0,0,1dbba8e322c7
AI,1018,2,AI1018.2,AI1018.2,0,10,0,0,0,0,0,0,0,767608e8731f
AI,1018,3,AI1018.3,AI1018.3,0,5,0,0,0,0,0,0,0,c7ab13bb91e2
AI,1018,4,AI1018.4,AI1018.4,0,12,0,0,0,0,1,0,0,5ccd71f90cc2
AI,1018,5,AI1018.5,AI1018.5,0,10,0,0,0,0,0,0,0,ce6e3f21f6b4
AI,1019,1,AI1019.1,AI1019.1,0,13,0,0,0,0,0,0,0,6084da04f740
AI,1019,2,AI1019.2,AI1019.2,0,14,0,0,0,0,0,0,0,ed224220003e
AI,1019,3,AI1019.3,AI1019.3,0,7,0,0,0,0,0,0,0,fc46aa04861c
AI,1019,4,AI1019.4,AI1019.4,0,17,0,0,0,0,0,0,0,9c50aa134162
AI,1019,5,AI1019.5,AI1019.5,0,12,0,0,0,0,1,0,0,5c3a842b754f
AI,1019,6,AI1019.6,AI1019.6,0,65,0,0,0,0,0,0,0,77e38163fcb6
AI,1020,1,AI1020.1,AI1020.1,0,15,0,0,0,0,0,0,0,3f9170e2dcb1
AI,1020,2,AI1020.2,AI1020.2,0,10,0,0,0,0,0,0,0,4813412c98bb
AI,1020,3,AI1020.3,AI1020.3,0,11,0,0,0,0,0,0,0,9995b36e88e4
AI,1020,4,AI1020.4,AI1020.4,0,12,0,0,0,1,0,0,0,c777ae4e69f7
AI,1020,5,AI1020.5,AI1020.5,0,7,0,0,0,0,0,0,0,59afbe964e81
AI,1020,6,AI1020.6,AI1020.6,0,8,0,0,0,0,0,0,0,c175f70bf2da
AI,1021,1,AI1021.1,AI1021.1,0,13,0,0,0,0,0,0,0,3bb971c3e672
AI,1021,2,AI1021.2,AI1021.2,0,10,0,0,0,0,0,0,0,740f46aeae73
AI,1021,3,AI1021.3,AI1021.3,0,7,0,0,0,1,0,0,0,1c327710a37e
AI,1021,4,AI1021.4,AI1021.4,0,11,0,0,0,0,0,0,0,f0b06eea61ee
AI,1021,5,AI1021.5,AI1021.5,0,5,0,0,0,0,0,0,0,a6db8455dd86
AI,1022,1,AI1022.1,AI1022.1,0,13,0,0,0,0,0,0,0,9ed9a9272cd4
AI,1022,2,AI1022.2,AI1022.2,0,10,0,0,0,0,0,0,0,a9912ed409d1
AI,1022,3,AI1022.3,AI1022.3,0,8,0,0,0,0,0,0,0,bcf05673d886
AI,1022,4,AI1022.4,AI1022.4,0,10,0,0,0,0,0,0,0,8ee72f312f92
AI,1022,5,AI1022.5,AI1022.5,0,7,0,0,0,1,0,0,0,66e963de2ea8
AI,1023,1,AI1023.1,AI1023.1,0,14,0,0,0,0,0,0,0,6231340ca6c8
AI,1023,2,AI1023.2,AI1023.2,0,7,0,0,0,0,0,0,0,0b7db6c957aa
AI,1023,3,AI1023.3,AI1023.3,0,11,0,0,0,0,0,0,0,cc79f0d2c18a
AI,1023,4,AI1023.4,AI1023.4,0,7,0,0,0,0,0,0,0,03edb5f96feb
AI,1023,5,AI1023.5,AI1023.5,0,6,0,0,0,0,0,0,0,3ae199436de0
AI,1023,6,AI1023.6,AI1023.6,0,12,0,0,0,0,0,0,0,fcffafe830f6
AI,1024,1,AI1024.1,AI1024.1,0,17,0,0,0,0,0,0,0,a36528fb26b0
AI,1024,2,AI1024.2,AI1024.2,0,35,0,0,0,0,1,0,0,7a1713b2bc98
AI,1024,3,AI1024.3,AI1024.3,0,8,0,0,0,0,0,0,0,e9834eb48cd8
AI,1024,4,AI1024.4,AI1024.4,0,21,0,0,0,0,1,0,0,125619cedccc
AI,1024,5,AI1024.5,AI1024.5,0,6,0,0,0,0,0,0,0,f601baf785ef
AI,1024,6,AI1024.6,AI1024.6,0,35,0,0,0,0,0,0,0,c87981587ff9
AI,1024,7,AI1024.7,AI1024.7,0,10,0,0,0,0,0,0,0,f2657c6b6bf8
AI,1024,8,AI1024.8,AI1024.8,0,10,0,0,0,0,0,0,0,319b4533ab61
AI,1025,1,AI1025.1,AI1025.1,0,14,0,0,0,0,0,0,0,5d648a2d0931
AI,1025,2,AI1025.2,AI1025.2,0,7,0,0,0,0,0,0,0,76d33c85139b
AI,1025,3,AI1025.3,AI1025.3,0,9,0,0,0,0,0,0,0,7fb1f1fb8692
AI,1025,4,AI1025.4,AI1025.4,0,9,0,0,0,0,0,0,0,8b5d6b7fe6c1
AI,1025,5,AI1025.5,AI1025.5,0,5,0,0,0,0,0,0,0,b55ee4b4116b
AI,1025,6,AI1025.6,AI1025.6,0,10,0,0,0,0,0,0,0,53499dde32b6
AI,1025,7,AI1025.7,AI1025.7,0,7,0,0,0,0,0,0,0,f81197e94a50
AI,1025,8,AI1025.8,AI1025.8,0,9,0,0,0,0,0,0,0,71d33c3e11e5
AI,1026,1,AI1026.1,AI1026.1,0,21,0,0,0,0,0,0,0,09c06578b323
AI,1026,2,AI1026.2,AI1026.2,0,47,0,0,0,1,1,0,0,929ae89e2f8a
AI,1026,3,AI1026.3,AI1026.3,0,32,0,0,0,0,0,0,0,29f699899799
AI,1026,4,AI1026.4,AI1026.4,0,29,1,0,0,0,0,0,1,00a12fb70cdb
AI,1026,5,AI1026.5,AI1026.5,0,12,0,0,0,0,0,0,0,041ffe68bbca
AI,1026,6,AI1026.6,AI1026.6,0,9,0,0,0,0,0,0,0,9dfc993d43fd
AI,1026,7,AI1026.7,AI1026.7,0,11,0,0,0,0,0,0,0,99fb0344c943
AI,1026,8,AI1026.8,AI1026.8,0,8,0,0,0,0,0,0,0,ec98d0a8d8fb
AI,1027,1,AI1027.1,AI1027.1,0,13,0,0,0,0,0,0,0,eef4156504ea
AI,1027,2,AI1027.2,AI1027.2,0,10,0,0,0,0,1,0,0,72d3071dad61
AI,1027,3,AI1027.3,AI1027.3,0,8,0,0,0,0,0,0,0,d9f966b2a56a
AI,1027,4,AI1027.4,AI1027.4,0,89,0,0,0,0,1,0,0,bfbdae783ff9
AI,1027,5,AI1027.5,AI1027.5,0,11,0,0,0,0,1,0,0,ac017f2b3272
AI,1027,6,AI1027.6,AI1027.6,0,26,0,0,0,0,0,0,0,6974be537d69
AI,1027,7,AI1027.7,AI1027.7,0,10,0,0,0,0,0,0,0,8ddfff32b5d5
AI,1027,8,AI1027.8,AI1027.8,0,8,0,0,0,0,0,0,0,1c3b59205adb
AI,1027,9,AI1027.9,AI1027.9,0,20,0,0,0,0,0,0,0,b4dfce11ad17
AI,1027,10,AI1027.10,AI1027.10,0,5,0,0,0,0,0,0,0,c4c0e76eae24
AI,1028,1,AI1028.1,AI1028.1,0,15,0,0,0,0,0,0,0,ec6b33deb610
AI,1028,2,AI1028.2,AI1028.2,0,10,0,0,0,0,0,0,0,7eab7b34aea0
AI,1028,3,AI1028.3,AI1028.3,0,24,0,0,0,0,0,0,0,83598e13374a
AI,1028,4,AI1028.4,AI1028.4,0,4,0,0,0,0,0,0,0,7d7567e08fd9
AI,1028,5,AI1028.5,AI1028.5,0,9,0,0,0,0,0,0,0,08c93486b223
AI,1028,6,AI1028.6,AI1028.6,0,8,0,0,0,0,0,0,0,ce7e0d3f14ab
AI,1028,7,AI1028.7,AI1028.7,0,7,0,0,0,0,0,0,0,859f2cfa548e
AI,1028,8,AI1028.8,AI1028.8,0,8,0,0,0,0,0,0,0,da8202eb1522
AI,1029,1,AI1029.1,AI1029.1,0,13,0,0,0,0,0,0,0,95b7df17601c
AI,1029,2,AI1029.2,AI1029.2,0,25,0,0,0,0,0,0,0,5fc02ca3ffd8
AI,1029,3,AI1029.3,AI1029.3,0,7,0,0,0,0,0,0,0,acdfcf4775d0
AI,1029,4,AI1029.4,AI1029.4,0,8,0,0,0,0,0,0,0,26bd82bc328d
AI,1029,5,AI1029.5,AI1029.5,0,13,0,0,0,0,0,0,0,fb09768de0af
AI,1029,6,AI1029.6,AI1029.6,0,20,0,0,0,0,0,0,0,c762faba8655
AI,1029,7,AI1029.7,AI1029.7,0,10,0,0,0,0,1,0,0,b4c4d274a5b8
AI,1029,8,AI1029.8,AI1029.8,0,9,0,0,0,1,0,0,0,e1f48d8c3d10
AI,1029,9,AI1029.9,AI1029.9,0,11,0,0,0,0,1,0,0,f2bee9ad7a2a
AI,1030,1,AI1030.1,AI1030.1,0,13,0,0,0,0,0,0,0,b150c12b106c
AI,1030,2,AI1030.2,AI1030.2,0,5,0,0,0,0,0,0,0,f71e37a73ec7
AI,1030,3,AI1030.3,AI1030.3,0,10,0,0,0,0,0,0,0,8d82c0f88794
AI,1030,4,AI1030.4,AI1030.4,0,11,0,0,0,0,1,0,0,6402ca7e411e
AI,1030,5,AI1030.5,AI1030.5,0,11,0,0,0,0,0,0,0,d1a0148c97e1
AI,1030,6,AI1030.6,AI1030.6,0,7,0,0,0,1,0,0,0,6372b74d6f6e
AI,1030,7,AI1030.7,AI1030.7,0,10,0,0,0,1,0,0,0,476d8a9e063e
AI,1030,8,AI1030.8,AI1030.8,0,14,0,0,0,0,1,0,0,f3b6217f50d6
AI,1031,1,AI1031.1,AI1031.1,0,14,0,0,0,0,0,0,0,b77fae05c3ea
AI,1031,2,AI1031.2,AI1031.2,0,10,0,0,0,0,0,0,0,4aaf2c990e8d
AI,1031,3,AI1031.3,AI1031.3,0,14,0,0,0,0,0,0,0,a9bd1d6e9b9d
AI,1031,4,AI1031.4,AI1031.4,0,17,0,0,0,0,0,0,0,5552b67ca79f
AI,1031,5,AI1031.5,AI1031.5,0,13,0,0,0,0,0,0,0,c13139d59a90
AI,1031,6,AI1031.6,AI1031.6,0,14,0,0,0,0,1,0,0,437c3bc14c3c
AI,1031,7,AI1031.7,AI1031.7,0,47,0,0,0,0,1,0,0,baf013f00bd0
AI,1031,8,AI1031.8,AI1031.8,0,27,0,0,0,0,0,0,0,2cb8a5a1b6b1
AI,1031,9,AI1031.9,AI1031.9,0,7,0,0,0,1,0,0,0,518ce608255d
AI,1031,10,AI1031.10,AI1031.10,0,15,0,0,0,0,0,0,0,19124ee8e55e
AI,1031,11,AI1031.11,AI1031.11,0,23,0,0,0,0,0,0,0,9d04c8dede52
AI,1032,1,AI1032.1,AI1032.1,0,24,0,0,0,0,0,0,0,03c7e3859acb
AI,1032,2,AI1032.2,AI1032.2,0,6,0,0,0,0,0,0,0,3fa86f31429a
AI,1032,3,AI1032.3,AI1032.3,0,10,0,0,0,0,1,0,0,58d3d37a6a70
AI,1032,4,AI1032.4,AI1032.4,0,9,0,0,0,0,1,0,0,e50c77e42604
AI,1032,5,AI1032.5,AI1032.5,0,16,0,0,0,0,1,0,0,ca14e1b92688
AI,1032,6,AI1032.6,AI1032.6,0,17,0,0,0,0,0,0,0,c1220edce2ae
AI,1032,7,AI1032.7,AI1032.7,0,11,0,0,0,0,0,0,0,b0f2d397127a
AI,1032,8,AI1032.8,AI1032.8,0,9,0,0,0,0,0,0,0,acfae996634f
AI,1032,9,AI1032.9,AI1032.9,0,14,0,0,0,0,1,0,0,fcbd6767be3d
AI,1033,1,AI1033.1,AI1033.1,0,13,0,0,0,0,0,0,0,b1b971482009
AI,1033,2,AI1033.2,AI1033.2,0,10,0,0,0,0,0,0,0,c0ebc21804b4
AI,1033,3,AI1033.3,AI1033.3,0,11,0,0,0,0,0,0,0,93f52e20ab92
AI,1033,4,AI1033.4,AI1033.4,0,11,0,0,0,0,0,0,0,321b296c7658
AI,1033,5,AI1033.5,AI1033.5,0,14,0,0,0,0,1,0,0,f53abeab42a6
AI,1033,6,AI1033.6,AI1033.6,0,9,0,0,0,0,0,0,0,e818678cd691
AI,1033,7,AI1033.7,AI1033.7,0,10,0,0,0,0,0,0,0,0ca8814fe596
AI,1033,8,AI1033.8,AI1033.8,0,11,0,0,0,0,0,0,0,23130feaa273
AI,1033,9,AI1033.9,AI1033.9,0,6,0,0,0,0,0,0,0,19217d24624a
AI,1033,10,AI1033.10,AI1033.10,0,11,0,0,0,0,0,0,0,e0eebe6b6aa7
AI,1033,11,AI1033.11,AI1033.11,0,8,0,0,0,0,0,0,0,ebe6421d06b9
AI,1033,12,AI1033.12,AI1033.12,0,9,0,0,0,0,0,0,0,a7e37aeeed08
AI,1033,13,AI1033.13,AI1033.13,0,8,0,0,0,0,0,0,0,0566f31b3189
AI,1033,14,AI1033.14,AI1033.14,0,7,0,0,0,0,0,0,0,b860ece9dcbf
AI,1033,15,AI1033.15,AI1033.15,0,13,0,0,0,0,0,0,0,be20c789bd2a
AI,1034,1,AI1034.1,AI1034.1,0,14,0,0,0,0,0,0,0,23a4eea054ac
AI,1034,2,AI1034.2,AI1034.2,0,8,0,0,0,0,0,0,0,4b0166f87a27
AI,1034,3,AI1034.3,AI1034.3,0,6,0,0,0,0,0,0,0,d787d59a9f6a
AI,1034,4,AI1034.4,AI1034.4,0,9,0,0,0,0,0,0,0,a593ba542b26
AI,1034,5,AI1034.5,AI1034.5,0,8,0,0,0,0,0,0,0,4d2272d2ebe2
AI,1034,6,AI1034.6,AI1034.6,0,8,0,0,0,0,0,0,0,478663d31b6e
AI,1034,7,AI1034.7,AI1034.7,0,16,0,0,0,0,0,0,0,84fd82c0f9d0
AI,1034,8,AI1034.8,AI1034.8,0,18,0,0,0,0,0,0,0,70f478808c9b
AI,1034,9,AI1034.9,AI1034.9,0,9,0,1,0,0,0,0,0,68c599697638
AI,1034,1,AI1034.1,AI1035.1,0,0,0,0,0,0,0,0,0,da39a3ee5e6b
AI,1034,2,AI1034.2,AI1035.2,0,13,0,0,0,0,0,0,0,cd2f638d89c4
AI,1034,3,AI1034.3,AI1035.3,0,40,0,0,0,0,0,0,0,ff906b5305ae
AI,1036,1,AI1036.1,AI1036.1,0,14,0,0,0,0,0,0,0,0704641cc6c3
AI,1036,2,AI1036.2,AI1036.2,0,4,0,0,0,0,0,0,0,3c4375e44b6f
AI,1036,3,AI1036.3,AI1036.3,0,12,0,0,0,0,0,0,0,967c215863ee
AI,1036,4,AI1036.4,AI1036.4,0,7,0,0,0,0,0,0,0,323b70b94219
AI,1036,5,AI1036.5,AI1036.5,0,10,0,0,0,0,0,0,0,be8c31f3844d
AI,1036,6,AI1036.6,AI1036.6,0,12,0,0,0,0,0,0,0,35c62331e286
AI,1036,7,AI1036.7,AI1036.7,0,22,0,0,0,0,0,0,0,d23112942f5d
AI,1037,1,AI1037.1,AI1037.1,0,13,0,0,0,0,0,0,0,5a1ba34c38f2
AI,1037,2,AI1037.2,AI1037.2,0,13,0,0,0,0,1,0,0,7605a6e62fa3
AI,1037,3,AI1037.3,AI1037.3,0,40,0,0,0,0,0,0,0,0a00bd6d0518
AI,1037,4,AI1037.4,AI1037.4,0,16,0,0,0,0,0,0,0,ccb292ff8e18
AI,1037,5,AI1037.5,AI1037.5,0,10,0,0,0,0,1,0,0,54727f39da1b
AI,1037,6,AI1037.6,AI1037.6,0,6,0,0,0,0,0,0,0,1784b014081e
AI,1037,7,AI1037.7,AI1037.7,0,8,0,0,0,0,0,0,0,995bcd51b7c1
AI,1037,8,AI1037.8,AI1037.8,0,15,0,0,0,0,0,0,0,718bb27bfe7a
AI,1037,1,AI1037.1,AI1038.1,0,13,0,0,0,0,0,0,0,27c1aba24e68
AI,1037,2,AI1037.2,AI1038.2,0,10,0,0,0,1,0,0,0,8681ac91a8c6
AI,1037,3,AI1037.3,AI1038.3,0,3,0,0,0,0,0,0,0,67e6aa271db5
AI,1037,4,AI1037.4,AI1038.4,0,8,0,0,0,0,0,0,0,cc739c87442b
AI,1039,1,AI1039.1,AI1039.1,0,14,0,0,0,0,0,0,0,b2cab6cb906f
AI,1039,2,AI1039.2,AI1039.2,0,9,0,0,0,0,1,0,0,665a0d5088d5
AI,1039,3,AI1039.3,AI1039.3,0,7,0,0,0,0,0,0,0,b49dd04db839
AI,1039,4,AI1039.4,AI1039.4,0,10,0,0,0,0,1,0,0,13d9349b1002
AI,1039,5,AI1039.5,AI1039.5,0,7,0,0,0,0,0,0,0,e65e71b2e03f
AI,1039,6,AI1039.6,AI1039.6,0,10,0,0,0,0,1,0,0,bab8a1554493
AI,1039,7,AI1039.7,AI1039.7,0,10,0,0,0,0,0,0,0,4436ee27bb67
AI,1040,1,AI1040.1,AI1040.1,0,14,0,0,0,0,0,0,0,75dfd7a90445
AI,1040,2,AI1040.2,AI1040.2,0,16,0,0,0,0,0,0,0,a529c7485401
AI,1040,3,AI1040.3,AI1040.3,0,11,0,0,0,0,1,0,0,5cc30780d986
AI,1040,4,AI1040.4,AI1040.4,0,15,0,0,0,0,0,0,0,82f3a11a5251
AI,1040,5,AI1040.5,AI1040.5,0,9,0,0,0,0,0,0,0,76774bcf09f0
AI,1040,6,AI1040.6,AI1040.6,0,54,0,0,0,0,0,0,0,2ec5bc2ced85
AI,1040,7,AI1040.7,AI1040.7,0,10,0,0,0,0,0,0,0,aedf741a24b9
AI,1041,1,AI1041.1,AI1041.1,0,13,0,0,0,0,0,0,0,e89343bef066
AI,1041,2,AI1041.2,AI1041.2,0,8,0,0,0,0,0,0,0,01a53ddb98df
AI,1041,3,AI1041.3,AI1041.3,0,9,0,0,0,0,0,0,0,a210dfe90956
AI,1041,4,AI1041.4,AI1041.4,0,14,0,0,0,0,1,0,0,ff83b17f65ea
AI,1041,5,AI1041.5,AI1041.5,0,23,0,0,0,0,0,0,0,b8e8566e8804
AI,1041,6,AI1041.6,AI1041.6,0,8,0,0,0,1,0,0,0,1767e8ac28b1
AI,1041,7,AI1041.7,AI1041.7,0,8,0,0,0,1,0,0,0,baa2d67c6827
AI,1041,8,AI1041.8,AI1041.8,0,6,0,0,0,0,0,0,0,39f878a86137
AI,1041,9,AI1041.9,AI1041.9,0,8,0,0,0,0,1,0,0,ab5a36d370e8
AI,1042,1,AI1042.1,AI1042.1,0,14,0,0,0,0,0,0,0,c7780c51d0f4
AI,1042,2,AI1042.2,AI1042.2,0,7,0,0,0,0,0,0,0,427979feb64c
AI,1042,3,AI1042.3,AI1042.3,0,9,0,0,0,0,0,0,0,125bbbcc4766
AI,1042,4,AI1042.4,AI1042.4,0,9,0,0,0,0,1,0,0,633b4c6d247e
AI,1042,5,AI1042.5,AI1042.5,0,14,0,0,0,0,0,0,0,b8b9de7a8d94
AI,1042,6,AI1042.6,AI1042.6,0,12,0,0,0,0,0,0,0,19dd6d2ff164
AI,1042,7,AI1042.7,AI1042.7,0,11,0,0,0,0,0,0,0,87aa1eafe003
AI,1042,8,AI1042.8,AI1042.8,0,30,0,0,0,0,1,0,0,dd8e7a0b03b1
AI,1042,9,AI1042.9,AI1042.9,0,10,0,0,0,0,0,0,0,ba4d985bb3bb
AI,1043,1,AI1043.1,AI1043.1,0,13,0,0,0,0,0,0,0,4729ac15f379
AI,1043,2,AI1043.2,AI1043.2,0,10,0,0,0,1,0,0,0,149a5dd30497
AI,1043,3,AI1043.3,AI1043.3,0,8,0,0,0,0,0,0,0,477fb2c1b096
AI,1043,4,AI1043.4,AI1043.4,0,8,0,0,0,0,0,0,0,f86b7afc5a7a
AI,1044,1,AI1044.1,AI1044.1,0,17,0,0,0,0,0,0,0,bb2530fcfc2d
AI,1044,2,AI1044.2,AI1044.2,0,9,0,0,0,0,1,0,0,ab4cc34cb74e
AI,1044,3,AI1044.3,AI1044.3,0,5,0,0,0,0,0,0,0,e83012da85e7
AI,1044,4,AI1044.4,AI1044.4,0,7,0,0,0,0,0,0,0,6ef5ffe7b832
AI,1044,5,AI1044.5,AI1044.5,0,8,0,0,0,0,0,0,0,3f853fb2a623
AI,1044,6,AI1044.6,AI1044.6,0,7,0,0,0,0,0,0,0,ebe778d1e656
AI,1044,7,AI1044.7,AI1044.7,0,18,0,0,0,0,0,0,0,b99f1c7f746d
AI,1045,1,AI1045.1,AI1045.1,0,14,0,0,0,0,0,0,0,2a4bf0f30c62
AI,1045,2,AI1045.2,AI1045.2,0,6,0,0,0,0,0,0,0,79574c22f797
AI,1045,3,AI1045.3,AI1045.3,0,5,0,0,0,0,0,0,0,1b25305d40f4
AI,1045,4,AI1045.4,AI1045.4,0,8,0,0,0,0,1,0,0,2ac90cf4f96a
AI,1045,5,AI1045.5,AI1045.5,0,24,0,1,0,0,0,0,0,3b8ad704f146
AI,1045,6,AI1045.6,AI1045.6,0,8,0,0,0,0,0,0,0,a1267381691c
AI,1045,7,AI1045.7,AI1045.7,0,34,0,0,0,0,0,0,0,03d8151c6b9f
AI,1045,8,AI1045.8,AI1045.8,0,11,0,0,0,0,0,0,0,399745c742c8
AI,1045,9,AI1045.9,AI1045.9,0,4,0,0,0,0,0,0,0,228874008dc7
AI,1045,10,AI1045.10,AI1045.10,0,8,0,0,0,0,0,0,0,b95c88cee746
AI,1045,11,AI1045.11,AI1045.11,0,7,0,0,0,0,0,0,0,af8d3c90522d
AI,1045,12,AI1045.12,AI1045.12,0,13,0,0,0,0,0,0,0,ccbb7a20c165
AI,1045,13,AI1045.13,AI1045.13,0,7,0,0,0,0,0,0,0,fedb9530d7eb
AI,1045,14,AI1045.14,AI1045.14,0,8,0,0,0,0,0,0,0,f1c0b47d6a4a
AI,1045,15,AI1045.15,AI1045.15,0,14,0,0,0,0,0,0,0,3607363d7d18
AI,1046,1,AI1046.1,AI1046.1,0,13,0,0,0,0,0,0,0,62c8b16efea0
AI,1046,2,AI1046.2,AI1046.2,0,10,0,0,0,0,0,0,0,4993ddb5f1a2
AI,1046,3,AI1046.3,AI1046.3,0,15,0,0,0,0,0,0,0,ce59b7eb53e9
AI,1046,4,AI1046.4,AI1046.4,0,7,0,0,0,0,1,0,0,988d9d3d56ae
AI,1046,5,AI1046.5,AI1046.5,0,10,0,0,0,0,0,0,0,22943af2a693
AI,1046,6,AI1046.6,AI1046.6,0,8,0,0,0,0,0,0,0,d92861f2d2e6
AI,1046,7,AI1046.7,AI1046.7,0,9,0,0,0,1,0,0,0,921dbec645b6
AI,1047,1,AI1047.1,AI1047.1,0,14,0,0,0,0,0,0,0,fb837abd6f9a
AI,1047,2,AI1047.2,AI1047.2,0,32,0,0,0,0,0,0,0,24c88e213fb4
AI,1047,3,AI1047.3,AI1047.3,0,8,0,0,0,0,0,0,0,2279da4f8bab
AI,1047,4,AI1047.4,AI1047.4,0,6,0,0,0,0,0,0,0,cfe232dc7121
AI,1048,1,AI1048.1,AI1048.1,0,14,0,0,0,0,0,0,0,005e02006377
AI,1048,2,AI1048.2,AI1048.2,0,8,0,0,0,0,0,0,0,172092e0f2cb
AI,1048,3,AI1048.3,AI1048.3,0,8,0,0,0,0,0,0,0,fc107161f522
AI,1048,4,AI1048.4,AI1048.4,0,13,0,0,0,0,0,0,0,0380cb0a6a4d
AI,1048,5,AI1048.5,AI1048.5,0,16,0,0,0,0,0,0,0,0326cbc9a021
AI,1048,6,AI1048.6,AI1048.6,0,6,0,0,0,0,0,0,0,52b9b7b01f73
AI,1048,7,AI1048.7,AI1048.7,0,5,0,0,0,0,0,0,0,efbabb87dae0
AI,1049,1,AI1049.1,AI1049.1,0,13,0,0,0,0,0,0,0,b7199d88b772
AI,1049,2,AI1049.2,AI1049.2,0,5,0,0,0,0,0,0,0,552c5a9eec32
AI,1049,3,AI1049.3,AI1049.3,0,10,0,0,0,0,1,0,0,524c8343e2bf
AI,1049,4,AI1049.4,AI1049.4,0,12,0,0,0,0,0,0,0,a3cbd0118882
AI,1049,5,AI1049.5,AI1049.5,0,14,0,0,0,0,1,0,0,fd2400208f42
AI,1050,1,AI1050.1,AI1050.1,0,14,0,0,0,0,0,0,0,c1fb5b4f2985
AI,1050,2,AI1050.2,AI1050.2,0,7,0,0,0,0,0,0,0,40f2dd2cacbf
AI,1050,3,AI1050.3,AI1050.3,0,16,0,0,0,0,0,0,0,72e1375ca705
AI,1050,4,AI1050.4,AI1050.4,0,17,0,0,0,1,1,0,0,3b6fb5cfeb53
AI,1050,5,AI1050.5,AI1050.5,0,9,0,0,0,1,0,0,0,6c31c290f0f3
AI,1050,6,AI1050.6,AI1050.6,0,5,0,0,0,0,0,0,0,8b9b75a81a80
AI,1050,7,AI1050.7,AI1050.7,0,6,0,0,0,0,0,0,0,8e94966afea1
AI,1050,8,AI1050.8,AI1050.8,0,9,0,0,0,0,0,0,0,af7f13dc5ed6
AI,1051,1,AI1051.1,AI1051.1,0,13,0,0,0,0,0,0,0,f7f55b4b1a7b
AI,1051,2,AI1051.2,AI1051.2,0,8,0,0,0,0,0,0,0,6720c2f2c7e2
AI,1051,3,AI1051.3,AI1051.3,0,8,0,0,0,0,0,0,0,b40ddca0e6c2
AI,1051,4,AI1051.4,AI1051.4,0,11,0,0,0,0,0,0,0,18d03e0ced96
AI,1051,5,AI1051.5,AI1051.5,0,9,0,0,0,0,0,0,0,7d54e45fa9a7
AI,1051,6,AI1051.6,AI1051.6,0,30,0,0,0,0,0,0,0,b3b0a345cf45
AI,1051,7,AI1051.7,AI1051.7,0,19,0,0,0,0,0,0,0,321dbabffbab
AI,1052,1,AI1052.1,AI1052.1,0,14,0,0,0,0,0,0,0,62b1bc69c1e0
AI,1052,2,AI1052.2,AI1052.2,0,6,0,0,0,0,0,0,0,724c358d57ba
AI,1052,3,AI1052.3,AI1052.3,0,8,0,0,0,0,1,0,0,00db448319d5
AI,1052,4,AI1052.4,AI1052.4,0,18,0,0,0,0,0,0,0,40b0e00fc7c0
AI,1052,5,AI1052.5,AI1052.5,0,20,0,0,0,0,1,0,0,3bb93da9e865
AI,1053,1,AI1053.1,AI1053.1,0,14,0,0,0,0,0,0,0,2510ff79de1c
AI,1053,2,AI1053.2,AI1053.2,0,18,0,0,0,0,1,0,0,6207f280fa59
AI,1053,3,AI1053.3,AI1053.3,0,11,0,0,0,0,0,0,0,97be5388a4d9
AI,1054,1,AI1054.1,AI1054.1,0,30,0,0,0,0,0,0,0,96a8b88c12c1
AI,1054,2,AI1054.2,AI1054.2,0,12,0,0,0,0,1,0,0,b1ed6d648686
AI,1054,3,AI1054.3,AI1054.3,0,18,0,0,0,0,1,0,0,db9d07700ba6
AI,1054,4,AI1054.4,AI1054.4,0,14,0,0,0,0,0,0,0,e899ac9324e9
AI,1054,5,AI1054.5,AI1054.5,0,7,0,0,0,0,0,0,0,54fd30203ce4
AI,1054,6,AI1054.6,AI1054.6,0,9,0,0,0,1,0,0,0,b0babf664659
AI,1054,7,AI1054.7,AI1054.7,0,6,0,0,0,0,0,0,0,b12b319f5bbd
AI,1055,1,AI1055.1,AI1055.1,0,13,0,0,0,0,0,0,0,9511771ab0c1
AI,1055,2,AI1055.2,AI1055.2,0,11,0,0,0,0,0,0,0,d15642d394a7
AI,1055,3,AI1055.3,AI1055.3,0,40,0,0,0,0,1,0,0,920d7283e9c0
AI,1055,4,AI1055.4,AI1055.4,0,8,0,0,0,0,0,0,0,74c44d528486
AI,1055,5,AI1055.5,AI1055.5,0,9,0,0,0,0,0,0,0,90fa3e8df850
AI,1055,6,AI1055.6,AI1055.6,0,6,0,0,0,0,0,0,0,89eff9210b32
AI,1056,1,AI1056.1,AI1056.1,0,13,0,0,0,0,0,0,0,14a6c776900f
AI,1056,2,AI1056.2,AI1056.2,0,9,0,0,0,0,0,0,0,c52a16b4fe43
AI,1057,1,AI1057.1,AI1057.1,0,12,0,0,0,0,0,0,0,3bcae1e134ed
AI,1057,2,AI1057.2,AI1057.2,0,7,0,0,0,0,1,0,0,259e3d6c2fb1
AI,1057,3,AI1057.3,AI1057.3,0,10,0,0,0,0,0,0,0,6849510db4ed
AI,1057,4,AI1057.4,AI1057.4,0,16,0,0,0,0,0,0,0,61d7d8f26615
AI,1057,5,AI1057.5,AI1057.5,0,22,0,0,0,0,0,0,0,2d84740c301a
AI,1057,6,AI1057.6,AI1057.6,0,14,0,0,0,0,0,0,0,b2ff8dd47e2f
AI,1058,1,AI1058.1,AI1058.1,0,13,0,0,0,0,0,0,0,24f8ec7460b2
AI,1058,2,AI1058.2,AI1058.2,0,19,0,0,0,0,0,0,0,bad4057030ea
AI,1058,3,AI1058.3,AI1058.3,0,15,0,0,0,0,1,0,0,345878ab22e1
AI,1058,4,AI1058.4,AI1058.4,0,97,0,0,0,0,1,0,0,60d694835d4c
AI,1058,5,AI1058.5,AI1058.5,0,8,0,0,0,0,0,0,0,d5412f76bb20
AI,1058,6,AI1058.6,AI1058.6,0,8,0,0,0,0,0,0,0,9f75fc98e56d
AI,1058,7,AI1058.7,AI1058.7,0,10,0,0,0,0,0,0,0,673c7c1e655c
AI,1058,8,AI1058.8,AI1058.8,0,16,0,0,0,0,0,0,0,1be25db0cba9
AI,1059,1,AI1059.1,AI1059.1,0,13,0,0,0,0,0,0,0,7a8944479368
AI,1059,2,AI1059.2,AI1059.2,0,12,0,0,0,0,0,0,0,50334a766d42
AI,1059,3,AI1059.3,AI1059.3,0,6,0,0,0,0,0,0,0,ef46ad729114
AI,1059,4,AI1059.4,AI1059.4,0,9,0,0,0,0,0,0,0,45a78afdefd3
AI,1059,5,AI1059.5,AI1059.5,0,5,0,0,0,0,0,0,0,295f42286a03
AI,1059,6,AI1059.6,AI1059.6,0,8,0,0,0,0,0,0,0,b3bb237d44c7
AI,1059,7,AI1059.7,AI1059.7,0,28,0,0,0,0,0,0,0,5feb386529cc
AI,1060,1,AI1060.1,AI1060.1,0,14,0,0,0,0,0,0,0,a3df84efa829
AI,1060,2,AI1060.2,AI1060.2,0,9,0,0,0,0,1,0,0,35ec24e20c92
AI,1060,3,AI1060.3,AI1060.3,0,10,0,0,0,0,0,0,0,facea3bb45b5
AI,1060,4,AI1060.4,AI1060.4,0,7,0,0,0,0,0,0,0,fe2d11554455
AI,1060,5,AI1060.5,AI1060.5,0,29,0,0,0,0,0,0,0,7573ff080861
AI,1060,6,AI1060.6,AI1060.6,0,16,0,0,0,0,0,0,0,4928be1bec5a
AI,1061,1,AI1061.1,AI1061.1,0,14,0,0,0,0,0,0,0,9cfa4de68e6c
AI,1061,2,AI1061.2,AI1061.2,0,22,0,0,0,0,0,0,0,fbe342bc948e
AI,1061,3,AI1061.3,AI1061.3,0,9,0,0,0,0,0,0,0,edd2c3328765
AI,1061,4,AI1061.4,AI1061.4,0,9,0,0,0,0,0,0,0,b775777927e9
AI,1061,5,AI1061.5,AI1061.5,0,6,0,0,0,0,0,0,0,be541e6aa443
AI,1061,6,AI1061.6,AI1061.6,0,10,0,0,0,0,0,0,0,68065b4ddb8c
AI,1061,7,AI1061.7,AI1061.7,0,17,0,0,0,0,0,0,0,7aaddb6328f5
AI,1061,8,AI1061.8,AI1061.8,0,29,0,0,0,0,0,0,0,669ec1325001
AI,1061,8,AI1061.8,AI1061.8,0,9,0,0,0,0,0,0,0,d395a381f2a2
AI,1062,1,AI1062.1,AI1062.1,0,13,0,0,0,0,0,0,0,91c33413aa83
AI,1062,2,AI1062.2,AI1062.2,0,18,0,0,0,0,0,0,0,d85bef029626
AI,1062,3,AI1062.3,AI1062.3,0,10,0,0,0,0,0,0,0,862b26e154cc
AI,1062,4,AI1062.4,AI1062.4,0,19,0,0,0,0,1,0,0,747b80cf4dc6
AI,1062,5,AI1062.5,AI1062.5,0,6,0,0,0,0,0,0,0,306b79256d43
AI,1062,6,AI1062.6,AI1062.6,0,29,0,0,0,0,0,0,0,db6746cf4fae
AI,1063,1,AI1063.1,AI1063.1,0,13,0,0,0,0,0,0,0,9b219e49c595
AI,1063,2,AI1063.2,AI1063.2,0,9,0,0,0,0,0,0,0,646f7815ddb8
AI,1063,3,AI1063.3,AI1063.3,0,10,0,0,0,0,0,0,0,245a7a9a1696
AI,1063,4,AI1063.4,AI1063.4,0,9,0,0,0,0,1,0,0,94b5dc8feabd
AI,1063,5,AI1063.5,AI1063.5,0,10,0,0,0,0,0,0,0,0b1e4db89627
AI,1063,6,AI1063.6,AI1063.6,0,8,0,0,0,0,1,0,0,24a80dbe0368
AI,1064,1,AI1064.1,AI1064.1,0,15,0,0,0,0,0,0,0,a98127c1b22a
AI,1064,2,AI1064.2,AI1064.2,0,9,0,0,0,0,0,0,0,e5d0458342ee
AI,1064,3,AI1064.3,AI1064.3,0,9,0,0,0,0,0,0,0,05387cac1278
AI,1064,4,AI1064.4,AI1064.4,0,9,0,0,0,0,0,0,0,a1e790eba4d5
AI,1064,5,AI1064.5,AI1064.5,0,7,0,0,0,0,0,0,0,c2f885168348
AI,1064,6,AI1064.6,AI1064.6,0,27,0,0,0,0,1,0,0,c4b3cb74559b
AI,1064,7,AI1064.7,AI1064.7,0,10,0,0,0,0,0,0,0,9dff1b0124ce
AI,1064,8,AI1064.8,AI1064.8,0,8,0,0,0,0,0,0,0,926b47075bc5
AI,1065,1,AI1065.1,AI1065.1,0,13,0,0,0,0,0,0,0,defd28865e28
AI,1065,2,AI1065.2,AI1065.2,0,8,0,0,0,0,0,0,0,ed6b660ab85e
AI,1065,3,AI1065.3,AI1065.3,0,7,0,0,0,0,0,0,0,36062c9cfad9
AI,1065,4,AI1065.4,AI1065.4,0,34,0,0,0,1,0,0,0,867d9e0d4621
AI,1066,1,AI1066.1,AI1066.1,0,14,0,0,0,0,0,0,0,279772bece58
AI,1066,2,AI1066.2,AI1066.2,0,8,0,0,0,0,0,0,0,1f397475db7b
AI,1066,3,AI1066.3,AI1066.3,0,14,0,0,0,0,1,0,0,b6088ddda683
AI,1067,1,AI1067.1,AI1067.1,0,13,0,0,0,0,0,0,0,2541b53916d8
AI,1067,2,AI1067.2,AI1067.2,0,106,0,0,0,0,1,0,0,9758a4277a81
AI,1067,3,AI1067.3,AI1067.3,0,37,0,0,0,0,0,0,0,27e7c1cde9fe
AI,1068,1,AI1068.1,AI1068.1,0,25,0,0,0,0,0,0,0,4052d4614333
AI,1068,2,AI1068.2,AI1068.2,0,63,0,0,0,0,0,0,0,368d25bf696f
AI,1068,3,AI1068.3,AI1068.3,0,11,0,0,0,0,0,0,0,64721b1897d0
AI,1068,4,AI1068.4,AI1068.4,0,37,0,0,0,0,1,0,0,10c2a4b58e01
AI,1068,5,AI1068.5,AI1068.5,0,31,0,0,1,0,1,0,0,367105092bcb
AI,1069,1,AI1069.1,AI1069.1,0,25,0,0,0,0,0,0,0,f0aee5374c49
AI,1069,2,AI1069.2,AI1069.2,0,9,0,0,0,1,0,0,0,90dfef269fd1
AI,1070,1,AI1070.1,AI1070.1,0,25,0,0,0,0,0,0,0,a8d5760bcd8a
AI,1070,2,AI1070.2,AI1070.2,0,18,0,0,0,0,0,0,0,0c3aeb05dfde
AI,1070,3,AI1070.3,AI1070.3,0,29,0,0,0,0,0,0,0,642e41bb4b5d
AI,1070,4,AI1070.4,AI1070.4,0,8,0,0,0,0,0,0,0,8b1acea8240b
AI,1070,5,AI1070.5,AI1070.5,0,11,0,0,0,0,0,0,0,5f1a52c55643
AI,1070,6,AI1070.6,AI1070.6,0,12,0,0,0,0,0,0,0,c6a1d1ad91d3
AI,1070,7,AI1070.7,AI1070.7,0,13,0,0,0,1,0,0,0,0b6a69dc34d3
AI,1070,8,AI1070.8,AI1070.8,0,31,0,0,0,0,1,0,0,4e02fc041e71
AI,1070,9,AI1070.9,AI1070.9,0,24,0,0,0,0,1,0,0,bf19bb08fc64
AI,1070,10,AI1070.10,AI1070.10,0,15,0,0,0,0,0,0,0,feb3400d03e4
AI,1071,1,AI1071.1,AI1071.1,0,26,0,0,0,0,0,0,0,ef4d73b50d41
AI,1071,2,AI1071.2,AI1071.2,0,35,0,0,0,0,1,0,0,ce9dac1a5fe1
AI,1071,3,AI1071.3,AI1071.3,0,27,0,0,0,1,1,0,0,734f43d61392
AI,1071,4,AI1071.4,AI1071.4,0,7,0,0,0,0,0,0,0,438fc614c0cc
AI,1071,5,AI1071.5,AI1071.5,0,21,0,0,0,0,0,0,0,32344e64ad80
AI,1071,6,AI1071.6,AI1071.6,0,22,0,0,0,0,1,0,0,8a61a670a3cc
AI,1071,7,AI1071.7,AI1071.7,0,30,0,0,0,0,1,0,0,76f8394442cd
AI,1071,8,AI1071.8,AI1071.8,0,11,0,0,0,0,0,0,0,91e5b4997377
AI,1072,1,AI1072.1,AI1072.1,0,14,0,0,0,0,0,0,0,7d11797f5dcf
AI,1072,2,AI1072.2,AI1072.2,0,140,0,0,0,1,1,0,0,e61e919765cc
AI,1072,3,AI1072.3,AI1072.3,0,8,0,0,0,1,0,0,0,ff10d2134c01
AI,1072,4,AI1072.4,AI1072.4,0,64,0,0,0,0,1,0,0,17b29e9978cc
AI,1072,5,AI1072.5,AI1072.5,0,7,0,0,0,0,0,0,0,c1f0201df3ff
AI,1072,6,AI1072.6,AI1072.6,0,45,0,0,0,0,1,0,0,5f5d6b04c69e
AI,1073,1,AI1073.1,AI1073.1,0,24,0,0,0,0,0,0,0,f6c6cebfb102
AI,1073,2,AI1073.2,AI1073.2,0,46,0,0,0,0,0,0,0,124155e54142
AI,1073,3,AI1073.3,AI1073.3,0,43,0,0,0,1,1,0,0,2e05377f8f65
AI,1073,4,AI1073.4,AI1073.4,0,32,0,0,0,0,0,0,0,4ac197fcf092
AI,1074,1,AI1074.1,AI1074.1,0,40,0,0,0,0,0,0,0,29eaf9c518eb
AI,1074,2,AI1074.2,AI1074.2,0,14,0,0,0,0,0,0,0,7f658e1255fc
AI,1074,3,AI1074.3,AI1074.3,0,8,0,0,0,0,0,0,0,88cd5905ad5a
AI,1074,4,AI1074.4,AI1074.4,0,7,0,0,0,0,1,0,0,e3f8165eca35
AI,1074,5,AI1074.5,AI1074.5,0,8,0,0,0,0,0,0,0,73559ae8c02b
AI,1074,6,AI1074.6,AI1074.6,0,8,0,0,0,0,0,0,0,4ed8bd83b3fa
AI,1074,7,AI1074.7,AI1074.7,0,8,0,0,0,1,0,0,0,6d2cd69f6c65
AI,1074,8,AI1074.8,AI1074.8,0,7,0,0,0,0,0,0,0,fa706489a05c
AI,1074,9,AI1074.9,AI1074.9,0,10,0,0,0,0,0,0,0,037638479e40
AI,1075,1,AI1075.1,AI1075.1,0,24,0,0,0,0,0,0,0,f3270bd17ef1
AI,1075,2,AI1075.2,AI1075.2,0,31,0,0,0,0,0,0,0,b79758c5dd09
AI,1075,3,AI1075.3,AI1075.3,0,21,0,0,0,0,0,0,0,0392784f8575
AI,1075,4,AI1075.4,AI1075.4,0,14,0,0,0,0,0,0,0,9e40d6c57bba
AI,1075,5,AI1075.5,AI1075.5,0,12,0,0,0,0,0,0,0,75ba2d038ca4
AI,1075,6,AI1075.6,AI1075.6,0,7,0,0,0,0,0,0,0,bc3324745422
AI,1075,7,AI1075.7,AI1075.7,0,11,0,0,0,0,0,0,0,983f42ee14e3
AI,1076,1,AI1076.1,AI1076.1,0,25,0,0,0,0,0,0,0,c9d1b6f8a514
AI,1076,2,AI1076.2,AI1076.2,0,22,0,0,0,0,0,0,0,be2b484b132d
AI,1076,3,AI1076.3,AI1076.3,0,16,0,0,0,0,0,0,0,89753f5cc9d0
AI,1076,4,AI1076.4,AI1076.4,0,17,0,0,0,0,0,0,0,204d66695fcf
AI,1076,5,AI1076.5,AI1076.5,0,7,0,0,0,0,0,0,0,980eceff4d08
AI,1076,6,AI1076.6,AI1076.6,0,37,0,0,0,0,0,0,0,4912605926b6
AI,1076,7,AI1076.7,AI1076.7,0,25,0,0,0,0,1,0,0,7e1ae15c6c55
AI,1077,1,AI1077.1,AI1077.1,0,25,0,0,0,0,0,0,0,aff32eb33df4
AI,1077,2,AI1077.2,AI1077.2,0,32,0,0,0,0,0,0,0,371d1ea229d9
AI,1077,3,AI1077.3,AI1077.3,0,11,0,0,0,0,0,0,0,a627263dc386
AI,1077,4,AI1077.4,AI1077.4,0,19,0,0,0,0,0,0,0,7b7c4ebc843f
AI,1077,5,AI1077.5,AI1077.5,0,16,0,0,0,0,0,0,0,917d7f027c16
AI,1077,6,AI1077.6,AI1077.6,0,21,0,0,0,0,0,0,0,0fcbb5f3e0c6
AI,1077,7,AI1077.7,AI1077.7,0,16,0,0,0,0,0,0,0,776ee66d3362
AI,1078,1,AI1078.1,AI1078.1,0,24,0,0,0,0,0,0,0,c6425d38dc92
AI,1078,2,AI1078.2,AI1078.2,0,17,0,0,0,0,1,0,0,f6b5181d40aa
AI,1078,3,AI1078.3,AI1078.3,0,33,0,0,0,0,0,0,0,935ce0156ca0
AI,1078,4,AI1078.4,AI1078.4,0,7,0,0,0,0,0,0,0,ade6b20b67bc
AI,1078,5,AI1078.5,AI1078.5,0,25,0,0,0,0,0,0,0,fe85adc1376c
AI,1078,6,AI1078.6,AI1078.6,0,9,0,0,0,0,0,0,0,866b82b9c0ef
AI,1079,1,AI1079.1,AI1079.1,0,13,0,0,0,0,0,0,0,0a7031486f38
AI,1079,2,AI1079.2,AI1079.2,0,8,0,0,0,0,0,0,0,a4d4566c6a22
AI,1079,3,AI1079.3,AI1079.3,0,18,0,0,0,0,0,0,0,c435e852595a
AI,1079,4,AI1079.4,AI1079.4,0,17,0,0,0,0,0,0,0,ca5f71510148
AI,1079,5,AI1079.5,AI1079.5,0,5,0,0,0,0,0,0,0,6769cb38e567
AI,1080,1,AI1080.1,AI1080.1,0,15,0,0,0,0,0,0,0,170dcd8fbebb
AI,1080,2,AI1080.2,AI1080.2,0,9,0,0,0,0,0,0,0,4295286ac00e
AI,1080,3,AI1080.3,AI1080.3,0,10,0,0,0,0,0,0,0,cb147bfbadc5
AI,1080,4,AI1080.4,AI1080.4,0,13,0,0,1,0,0,0,0,8580969ab81c
AI,1080,5,AI1080.5,AI1080.5,0,19,0,0,0,1,1,0,0,8daf6a5ab868
AI,1081,1,AI1081.1,AI1081.1,0,24,0,0,0,0,0,0,0,405e638dcb01
AI,1081,2,AI1081.2,AI1081.2,0,7,0,0,0,0,1,0,0,b21e99beb1b9
AI,1081,3,AI1081.3,AI1081.3,0,16,0,0,0,0,0,0,0,55e0be680c21
AI,1081,4,AI1081.4,AI1081.4,0,12,0,0,0,0,0,0,0,1322d4caceaa
AI,1081,5,AI1081.5,AI1081.5,0,16,0,0,0,0,0,0,0,620e05a7232d
AI,1081,6,AI1081.6,AI1081.6,0,14,0,0,0,0,0,0,0,aeba40b38329
AI,1081,7,AI1081.7,AI1081.7,0,9,0,0,0,0,0,0,0,3fd789ed4639
AI,1081,8,AI1081.8,AI1081.8,0,7,0,0,0,0,0,0,0,ba621449b1f1
AI,1082,1,AI1082.1,AI1082.1,0,13,0,0,0,0,0,0,0,67d5807cda57
AI,1082,2,AI1082.2,AI1082.2,0,14,0,0,0,0,0,0,0,eeb088a00087
AI,1082,3,AI1082.3,AI1082.3,0,15,0,0,0,0,0,0,0,36f8d3184c4e
AI,1083,1,AI1083.1,AI1083.1,0,14,0,0,0,0,0,0,0,7dfa3aa8e6d7
AI,1083,2,AI1083.2,AI1083.2,0,9,0,0,0,0,0,0,0,576c8d142492
AI,1083,3,AI1083.3,AI1083.3,0,7,0,0,0,0,0,0,0,fe7446a7d8b2
AI,1084,1,AI1084.1,AI1084.1,0,14,0,0,0,0,0,0,0,fc89b6c3a480
AI,1084,2,AI1084.2,AI1084.2,0,142,0,0,0,1,1,0,0,a2aa4cbbe4f9
AI,1085,1,AI1085.1,AI1085.1,0,14,0,0,0,0,0,0,0,114e82bd066b
AI,1085,2,AI1085.2,AI1085.2,0,17,0,0,0,0,0,0,0,364ba562a814
AI,1086,1,AI1086.1,AI1086.1,0,19,0,0,0,0,0,0,0,3f80ca588ec8
AI,1086,2,AI1086.2,AI1086.2,0,23,0,0,0,1,0,0,0,23cdd071d723
AI,1086,3,AI1086.3,AI1086.3,0,9,0,0,0,0,1,0,0,75f5783ad1ad
AI,1086,4,AI1086.4,AI1086.4,0,10,0,0,0,0,0,0,0,73cc594b69bb
AI,1086,5,AI1086.5,AI1086.5,0,16,0,0,0,0,1,0,0,56fef06940b8
AI,1086,6,AI1086.6,AI1086.6,0,19,0,0,0,0,1,0,0,2d19d12d4c32
AI,1086,7,AI1086.7,AI1086.7,0,30,0,0,0,0,1,0,0,fdbe9358dc00
AI,1087,1,AI1087.1,AI1087.1,0,13,0,0,0,0,0,0,0,190de0555b7a
AI,1087,2,AI1087.2,AI1087.2,0,7,0,0,0,0,0,0,0,aa76c7b0f7a9
AI,1087,3,AI1087.3,AI1087.3,0,6,0,0,0,0,1,0,0,a3d097fb8172
AI,1087,4,AI1087.4,AI1087.4,0,14,0,0,0,0,0,0,0,07dc996ede57
AI,1087,5,AI1087.5,AI1087.5,0,15,0,0,0,0,0,0,0,3ebcb36f2f98
AI,1088,1,AI1088.1,AI1088.1,0,15,0,0,0,0,0,0,0,2b1f86e4248b
AI,1088,2,AI1088.2,AI1088.2,0,36,0,0,0,0,0,0,0,acae29a8560d
AI,1088,3,AI1088.3,AI1088.3,0,49,0,0,0,0,1,0,0,ff6c83976f88
AI,1088,4,AI1088.4,AI1088.4,0,31,0,0,0,0,1,0,0,2e3ad4937b12
AI,1089,1,AI1089.1,AI1089.1,0,13,0,0,0,0,0,0,0,e3847109f230
AI,1089,2,AI1089.2,AI1089.2,0,37,0,0,0,1,1,0,0,0bdaf284be38
AI,1089,3,AI1089.3,AI1089.3,0,20,0,0,0,0,0,0,0,7e39eb4153ba
AI,1090,1,AI1090.1,AI1090.1,0,13,0,0,0,0,0,0,0,390c99203a4c
AI,1090,2,AI1090.2,AI1090.2,0,10,0,0,0,0,0,0,0,736f3569c850
AI,1090,3,AI1090.3,AI1090.3,0,9,0,0,0,0,0,0,0,06b6fbb84064
AI,1091,1,AI1091.1,AI1091.1,0,14,0,0,0,0,0,0,0,86661b09c002
AI,1091,2,AI1091.2,AI1091.2,0,28,0,0,0,0,0,0,0,f9bc3671371a
AI,1091,3,AI1091.3,AI1091.3,0,28,0,0,0,0,0,0,0,a497330d848e
AI,1091,4,AI1091.4,AI1091.4,0,29,0,0,0,0,0,0,0,fb0e285697e3
AI,1091,5,AI1091.5,AI1091.5,0,8,0,0,0,0,0,0,0,dc7d9c0ee282
AI,1092,1,AI1092.1,AI1092.1,0,14,0,0,0,0,0,0,0,9a9f7a906ff8
AI,1092,2,AI1092.2,AI1092.2,0,10,0,0,0,0,0,0,0,102c24ea58ea
AI,1092,3,AI1092.3,AI1092.3,0,29,0,0,0,0,0,0,0,f7a24584738e
AI,1092,4,AI1092.4,AI1092.4,0,10,0,0,0,0,0,0,0,48f6314d1f23
AI,1092,5,AI1092.5,AI1092.5,0,15,0,0,0,0,1,0,0,51a541ec6a8b
AI,1092,6,AI1092.6,AI1092.6,0,14,0,0,0,0,1,0,0,10fcdb39b6d3
AI,1092,7,AI1092.7,AI1092.7,0,10,0,0,0,0,0,0,0,238417a1792f
AI,1092,8,AI1092.8,AI1092.8,0,19,0,0,0,1,0,0,0,423102430c8e
AI,1092,9,AI1092.9,AI1092.9,0,16,0,0,0,0,0,0,0,81c1e451fa61
AI,1092,10,AI1092.10,AI1092.10,0,16,0,0,0,0,0,0,0,971468d4f6d8
AI,1092,11,AI1092.11,AI1092.11,0,17,0,0,0,0,0,0,0,39299f45bf45
AI,1092,12,AI1092.12,AI1092.12,0,9,0,0,0,0,0,0,0,820d27ea16c5
AI,1093,1,AI1093.1,AI1093.1,0,13,0,0,0,0,0,0,0,9f067689c3bd
AI,1093,2,AI1093.2,AI1093.2,0,48,0,0,0,0,0,0,0,60223658d747
AI,1093,3,AI1093.3,AI1093.3,0,15,0,0,0,0,1,0,0,a547a68fc21f
AI,1093,4,AI1093.4,AI1093.4,0,57,0,0,0,0,0,0,0,4b0dfd56da43
AI,1093,5,AI1093.5,AI1093.5,0,17,0,0,1,0,0,0,0,719c957af6fc
AI,1093,6,AI1093.6,AI1093.6,0,27,0,0,0,0,1,0,0,234ce15cd525
AI,1093,7,AI1093.7,AI1093.7,0,11,0,0,0,0,0,0,0,b1a7ca9d6e16
AI,1093,8,AI1093.8,AI1093.8,0,45,0,0,0,0,0,0,0,12a798b1b6b7
AI,1093,9,AI1093.9,AI1093.9,0,19,0,0,0,0,0,0,0,5e61222e9983
AI,1093,10,AI1093.10,AI1093.10,0,19,0,0,0,0,0,0,0,d8b6f36f717c
AI,1093,11,AI1093.11,AI1093.11,0,49,0,0,0,0,1,0,0,3633ce15ed6b
AI,1093,12,AI1093.12,AI1093.12,0,16,1,0,0,0,0,0,1,d96f561bbc2d
AI,1093,13,AI1093.13,AI1093.13,0,31,0,1,0,0,0,0,0,008d60f07ea3
AI,1093,14,AI1093.14,AI1093.14,0,16,0,0,0,0,0,0,0,3170a8a9b3d9
AI,1094,1,AI1094.1,AI1094.1,0,13,0,0,0,0,0,0,0,02546bdae63d
AI,1094,2,AI1094.2,AI1094.2,0,65,0,0,0,1,0,0,0,b56616660e3c
AI,1094,3,AI1094.3,AI1094.3,0,34,0,0,0,0,1,0,0,b7f8e82aac66
AI,1094,4,AI1094.4,AI1094.4,0,25,0,1,0,0,0,0,0,4f65bc91fc47
AI,1094,5,AI1094.5,AI1094.5,0,8,0,0,0,0,0,0,0,dbb8c674bd8f
AI,1094,6,AI1094.6,AI1094.6,0,9,0,0,0,0,0,0,0,cde60b5f68a8
AI,1094,7,AI1094.7,AI1094.7,0,9,0,0,0,0,0,0,0,21bb2c1a29c2
AI,1094,8,AI1094.8,AI1094.8,0,84,0,0,0,1,1,0,0,f1ba9bee2053
AI,1095,1,AI1095.1,AI1095.1,0,13,0,0,0,0,0,0,0,e65d12d9dfa3
AI,1095,2,AI1095.2,AI1095.2,0,24,0,0,0,0,0,0,0,30a75a5284e3
AI,1095,3,AI1095.3,AI1095.3,0,43,0,0,0,0,1,0,0,8fce38b3a53c
AI,1095,4,AI1095.4,AI1095.4,0,21,0,0,0,0,0,0,0,defc9ab8cc7f
AI,1095,5,AI1095.5,AI1095.5,0,25,0,0,0,0,0,0,0,4e0a93749b0a
AI,1095,6,AI1095.6,AI1095.6,0,27,0,0,0,1,0,0,0,24b0c61cbf3b
AI,1095,7,AI1095.7,AI1095.7,0,18,0,0,0,0,0,0,0,2817311d7841
AI,1095,8,AI1095.8,AI1095.8,0,12,0,0,0,0,0,0,0,67abed31e432
AI,1095,9,AI1095.9,AI1095.9,0,46,0,0,0,0,0,0,0,cb9b76ad50a5
AI,1095,10,AI1095.10,AI1095.10,0,24,0,0,0,0,1,0,0,a1ed78288d3c
AI,1095,11,AI1095.11,AI1095.11,0,75,0,0,0,0,0,0,0,f344485ea650
AI,1095,12,AI1095.12,AI1095.12,0,7,0,0,0,0,0,0,0,c6421564ee67
AI,1095,13,AI1095.13,AI1095.13,0,255,0,0,0,1,0,0,0,f30ef7dfc2f4
AI,1095,14,AI1095.14,AI1095.14,0,7,0,0,0,0,0,0,0,8c1331d68c0e
AI,1096,1,AI1096.1,AI1096.1,0,15,0,0,0,0,0,0,0,2db1e4f06f72
AI,1096,2,AI1096.2,AI1096.2,0,12,0,0,0,0,0,0,0,b87456a60303
AI,1096,3,AI1096.3,AI1096.3,0,40,0,0,0,0,0,0,0,722ebe82ccf1
AI,1096,4,AI1096.4,AI1096.4,0,16,0,0,0,0,0,0,0,0f2740d34655
AI,1096,5,AI1096.5,AI1096.5,0,10,0,0,0,0,1,0,0,61a86971ef35
AI,1096,6,AI1096.6,AI1096.6,0,11,0,0,0,0,0,0,0,ec23375c7adb
AI,1096,7,AI1096.7,AI1096.7,0,10,0,0,0,0,0,0,0,956c6408f23d
AI,1096,8,AI1096.8,AI1096.8,0,14,0,0,0,0,1,0,0,98ba18fe7e94
AI,1097,1,AI1097.1,AI1097.1,0,13,0,0,0,0,0,0,0,df668ad23655
AI,1097,2,AI1097.2,AI1097.2,0,6,0,0,0,0,0,0,0,f1f9cfe75a3f
AI,1097,3,AI1097.3,AI1097.3,0,10,0,0,0,0,0,0,0,2fc78af83036
AI,1097,4,AI1097.4,AI1097.4,0,10,0,0,0,0,0,0,0,c1f48679ab9f
AI,1098,1,AI1098.1,AI1098.1,0,13,0,0,0,0,0,0,0,405c241f7e94
AI,1098,2,AI1098.2,AI1098.2,0,11,0,0,0,0,0,0,0,69c4f1a44a79
AI,1098,3,AI1098.3,AI1098.3,0,33,0,0,0,0,0,0,0,56cffc5a45a6
AI,1098,4,AI1098.4,AI1098.4,0,14,0,0,0,0,0,0,0,2f9355e47d83
AI,1098,5,AI1098.5,AI1098.5,0,24,0,0,0,0,0,0,0,d7eb771540f2
AI,1098,6,AI1098.6,AI1098.6,0,12,0,0,0,0,0,0,0,25d9bd5a79a4
AI,1099,1,AI1099.1,AI1099.1,0,14,0,0,0,0,0,0,0,8b758256e8b0
AI,1099,2,AI1099.2,AI1099.2,0,10,0,0,0,0,0,0,0,bdcd0d51ac25
AI,1099,3,AI1099.3,AI1099.3,0,9,0,0,0,0,0,0,0,c350579a86eb
AI,1100,1,AI1100.1,AI1100.1,0,13,0,0,0,0,0,0,0,1824302bf877
AI,1100,2,AI1100.2,AI1100.2,0,8,0,0,0,0,0,0,0,b6f97a5fb23d
AI,1100,3,AI1100.3,AI1100.3,0,8,0,0,0,0,0,0,0,eff222140fe1
AI,1100,4,AI1100.4,AI1100.4,0,9,0,0,0,0,0,0,0,88247d78663b
AI,1100,5,AI1100.5,AI1100.5,0,11,0,0,0,0,0,0,0,b6643f24b1a0
AI,1100,6,AI1100.6,AI1100.6,0,28,0,0,0,0,0,0,0,2459de1a04da
AI,1100,7,AI1100.7,AI1100.7,0,13,0,0,0,1,0,0,0,7609fcdb05b9
AI,1100,8,AI1100.8,AI1100.8,0,13,0,0,0,0,0,0,0,2789cd5e10ca
AI,1100,9,AI1100.9,AI1100.9,0,36,0,0,0,0,0,0,0,f5f53135c530
AI,1100,10,AI1100.10,AI1100.10,0,26,0,0,0,0,0,0,0,fb5f4a6ac40b
AI,1100,11,AI1100.11,AI1100.11,0,7,0,0,0,0,0,0,0,c6682d6007cf
AI,1101,1,AI1101.1,AI1101.1,0,31,0,0,0,0,0,0,0,60159a30ef65
AI,1101,2,AI1101.2,AI1101.2,0,59,0,0,0,0,0,0,0,80a8a9dc16c4
AI,1101,3,AI1101.3,AI1101.3,0,26,0,0,0,1,0,0,0,d1efe5b67732
AI,1101,4,AI1101.4,AI1101.4,0,41,0,0,0,1,0,0,0,8bd61500d4e2
AI,1101,5,AI1101.5,AI1101.5,0,10,0,0,0,0,0,0,0,fbe9b3ac6da9
AI,1102,1,AI1102.1,AI1102.1,0,29,0,0,0,0,0,0,0,77ab4f2e194a
AI,1102,2,AI1102.2,AI1102.2,0,10,0,0,0,0,0,0,0,40d78acfe072
AI,1102,3,AI1102.3,AI1102.3,0,40,0,0,0,0,1,0,0,b9ee73df9a89
AI,1102,4,AI1102.4,AI1102.4,0,11,0,0,0,0,0,0,0,8e353b48119e
AI,1102,5,AI1102.5,AI1102.5,0,42,0,0,0,0,0,0,0,3f8625b24e6c
AI,1102,6,AI1102.6,AI1102.6,0,16,0,0,0,0,0,0,0,1032ef494a22
AI,1102,7,AI1102.7,AI1102.7,0,10,0,0,0,1,0,0,0,395e3986a8dd
AI,1102,8,AI1102.8,AI1102.8,0,9,0,0,0,1,0,0,0,5d86e770487f
AI,1103,1,AI1103.1,AI1103.1,0,24,0,0,0,0,0,0,0,c4949b41556e
AI,1103,2,AI1103.2,AI03.2,0,11,0,0,0,0,1,0,0,bb3592f75b38
AI,1103,3,AI1103.3,AI1103.3,0,75,0,0,0,1,1,0,0,b4fa26716a06
AI,1103,4,AI1103.4,AI1103.4,0,98,0,0,0,0,1,0,0,a037a55181da
AI,1103,5,AI1103.5,AI1103.5,0,13,0,0,0,0,0,0,0,da28db9ea180
AI,1103,6,AI1103.6,AI1103.6,0,25,0,0,0,0,1,0,0,71f9e8c23701
AI,1103,7,AI1103.7,AI1103.7,0,38,0,0,0,0,0,0,0,3ff42e23f625
AI,1103,8,AI1103.8,AI1103.8,0,21,0,0,0,0,0,0,0,579b2ce4537e
AI,1104,1,AI1104.1,AI1104.1,0,31,0,0,0,0,0,0,0,373f9fb81978
AI,1104,2,AI1104.2,AI1104.2,0,39,0,0,0,0,1,0,0,4104bc1219a8
AI,1104,3,AI1104.3,AI1104.3,0,7,0,0,0,0,0,0,0,207676d9c73e
AI,1104,4,AI1104.4,AI1104.4,0,7,0,0,0,0,0,0,0,0cbc9370f192
AI,1104,5,AI1104.5,AI1104.5,0,9,0,0,0,0,0,0,0,8c2eac95e6c2
AI,1104,6,AI1104.6,AI1104.6,0,7,0,0,0,0,0,0,0,679c04432b17
AI,1105,1,AI1105.1,AI1105.1,0,13,0,0,0,0,0,0,0,5b3101536801
AI,1105,2,AI1105.2,AI1105.2,0,17,0,0,0,0,0,0,0,260cbade67f8
AI,1105,3,AI1105.3,AI1105.3,0,15,0,0,0,0,0,0,0,59259715d36d
AI,1105,4,AI1105.4,AI1105.4,0,10,0,0,0,0,0,0,0,afd7d3b15a32
AI,1105,5,AI1105.5,AI1105.5,0,15,0,0,0,1,0,0,0,73def022bc4f
AI,1105,6,AI1105.6,AI1105.6,0,5,0,0,0,0,0,0,0,25923bf754ea
AI,1105,7,AI1105.7,AI1105.7,0,22,0,1,0,0,0,0,0,e926902a6d2f
AI,1105,8,AI1105.8,AI1105.8,0,32,0,0,0,0,1,0,0,98a1e7459956
AI,1105,9,AI1105.9,AI1105.9,0,12,0,0,0,0,0,0,0,fe60b85eddc0
AI,1105,10,AI1105.10,AI1105.10,0,8,0,0,0,0,0,0,0,6fe32ed8c7c0
AI,1105,11,AI1105.11,AI1105.11,0,70,0,0,0,1,0,0,0,779cdff545c0
AI,1106,1,AI1106.1,AI1106.1,0,13,0,0,0,0,0,0,0,4af7eae20388
AI,1106,2,AI1106.2,AI1106.2,0,10,0,0,0,0,0,0,0,0f3b523307da
AI,1106,3,AI1106.3,AI1106.3,0,10,0,0,0,0,0,0,0,97970204c373
AI,1106,4,AI1106.4,AI1106.4,0,8,0,0,0,0,0,0,0,22dd1f65bf3c
AI,1106,5,AI1106.5,AI1106.5,0,13,0,0,0,0,0,0,0,215ff01057c9
AI,1106,6,AI1106.6,AI1106.6,0,12,0,0,0,0,0,0,0,6a54e873c709
AI,1106,7,AI1106.7,AI1106.7,0,10,0,0,0,0,0,0,0,d23e2b77b301
AI,1106,8,AI1106.8,AI1106.8,0,5,0,0,0,0,0,0,0,2f2488222813
AI,1107,1,AI1107.1,AI1107.1,0,14,0,0,0,0,0,0,0,59fdb2797a30
AI,1107,2,AI1107.2,AI1107.2,0,6,0,0,0,0,0,0,0,e8e244558915
AI,1107,3,AI1107.3,AI1107.3,0,4,0,0,0,0,0,0,0,caf896441be3
AI,1107,4,AI1107.4,AI1107.4,0,10,0,0,0,0,0,0,0,43721486a5cd
AI,1107,5,AI1107.5,AI1107.5,0,15,0,0,0,0,0,0,0,8d8ff3708486
AI,1107,6,AI1107.6,AI1107.6,0,8,0,0,0,0,0,0,0,f2775821b36f
AI,1107,7,AI1107.7,AI1107.7,0,14,0,0,0,0,0,0,0,db1c9c9dcb4e
AI,1107,8,AI1107.8,AI1107.8,0,8,0,0,0,0,0,0,0,1d8fe26035dd
AI,1107,9,AI1107.9,AI1107.9,0,8,0,0,0,0,0,0,0,843671c3e0ee
AI,1108,1,AI1108.1,AI1108.1,0,14,0,0,0,0,0,0,0,eb3e94a32144
AI,1108,2,AI1108.2,AI1108.2,0,8,0,0,0,0,1,0,0,d71c05b77759
AI,1108,3,AI1108.3,AI1108.3,0,8,0,0,0,0,0,0,0,592bf7a88106
AI,1108,4,AI1108.4,AI1108.4,0,26,0,0,0,0,0,0,0,fdd2f9c89cac
AI,1108,5,AI1108.5,AI11108.5,0,23,0,0,0,0,0,0,0,110ebb2bfb76
AI,1108,6,AI1108.6,AI1108.6,0,20,0,0,0,0,0,0,0,e7a326b53fec
AI,1108,7,AI1108.7,AI1108.7,0,8,0,0,0,0,1,0,0,d37fd795b4fd
AI,1108,8,AI1108.8,AI1108.8,0,11,0,0,0,0,0,0,0,7b5b4fb0e9a6
AI,1108,9,AI1108.9,AI1108.9,0,11,0,0,0,0,1,0,0,ea207a487073
AI,1108,10,AI1108.10,AI1108.10,0,5,0,0,0,0,0,0,0,5ccc39e3e46d
AI,1108,11,AI1108.11,AI1108.11,0,9,0,0,0,0,1,0,0,8940f25e4912
AI,1109,1,AI1109.1,AI1109.1,0,13,0,0,0,0,0,0,0,94f5b63fe3f6
AI,1109,2,AI1109.2,AI1109.2,0,35,0,0,0,0,0,0,0,e9572911a4fe
AI,1109,3,AI1109.3,AI1109.3,0,30,0,0,0,0,0,0,0,0b4d7c6cb96b
AI,1109,4,AI1109.4,AI1109.4,0,5,0,0,0,0,0,0,0,26e5665f9bf4
AI,1109,5,AI1109.5,AI1109.5,0,8,0,0,0,0,0,0,0,6243f977acbf
AI,1110,1,AI1110.1,AI1110.1,0,13,0,0,0,0,0,0,0,91f1cfe7f8a8
AI,1110,2,AI1110.2,AI1110.2,0,12,0,0,0,0,0,0,0,bb4674735342
AI,1110,3,AI1110.3,AI1110.3,0,5,0,0,0,0,0,0,0,383cdab2eba4
AI,1110,4,AI1110.4,AI1110.4,0,23,0,0,0,0,0,0,0,49e7231115d2
AI,1110,5,AI1110.5,AI1110.5,0,7,0,0,0,0,0,0,0,def2d49d6cdf
AI,1110,6,AI1110.6,AI1110.6,0,14,0,0,0,0,0,0,0,36b0dc1ae225
AI,1110,7,AI1110.7,AI1110.7,0,6,0,0,0,0,0,0,0,735549c73215
AI,1111,1,AI1111.1,AI1111.1,0,13,0,0,0,0,0,0,0,0f7bf88538e4
AI,1111,2,AI1111.2,AI1111.2,0,13,0,0,0,0,0,0,0,122a0f316cd6
AI,1111,3,AI1111.3,AI1111.3,0,79,0,0,0,0,0,0,0,3ee534dc0ec8
AI,1111,4,AI1111.4,AI1111.4,0,35,0,0,0,0,1,0,0,17f921a848a7
AI,1111,5,AI1111.5,AI1111.5,0,21,0,0,0,0,0,0,0,1640b44af90e
AI,1111,6,AI1111.6,AI1111.6,0,44,0,0,0,0,0,0,0,305b33b526c9
AI,1111,7,AI1111.7,AI1111.7,0,20,0,0,0,0,0,0,0,6db4a4dcc8f2
AI,1111,8,AI1111.8,AI1111.8,0,20,0,0,0,0,0,0,0,a7e96e8bec16
AI,1111,9,AI1111.9,AI1111.9,0,10,0,0,0,0,0,0,0,75f8cba19983
AI,1112,1,AI1112.1,AI1112.1,0,14,0,0,0,0,0,0,0,256caa5b16fc
AI,1112,2,AI1112.2,AI1112.2,0,10,0,0,0,0,0,0,0,78e9a13de82d
AI,1112,3,AI1112.3,AI1112.3,0,23,0,0,0,0,0,0,0,f636e280ed58
AI,1112,4,AI1112.4,AI1112.4,0,9,0,0,0,0,0,0,0,08100af559cc
AI,1112,5,AI1112.5,AI1112.5,0,10,0,0,0,0,0,0,0,4261145a7a3c
AI,1113,1,AI1113.1,AI1113.1,0,13,0,0,0,0,0,0,0,1dbba8e322c7
AI,1113,2,AI1113.2,AI1113.2,0,10,0,0,0,0,0,0,0,56b06f8a8e81
AI,1113,3,AI1113.3,AI1113.3,0,11,0,0,0,0,1,0,0,a6acf04b5da8
AI,1113,4,AI1113.4,AI1113.4,0,16,0,0,0,0,0,0,0,fb50df893513
AI,1113,5,AI1113.5,AI1113.5,0,9,0,0,0,0,0,0,0,f2c015ef22a8
AI,1113,6,AI1113.6,AI1113.6,0,4,0,0,0,0,0,0,0,df8429594c4b
AI,1113,7,AI1113.7,AI1113.7,0,14,0,0,0,0,0,0,0,34708b72c8c0
AI,1113,8,AI1113.8,AI1113.8,0,10,0,0,0,0,0,0,0,196f83c8ecf3
AI,1113,9,AI1113.9,AI1113.9,0,16,0,0,0,1,0,0,0,839cf9304301
AI,1113,10,AI1113.10,AI1113.10,0,7,0,0,0,0,0,0,0,061c91204778
AI,1113,11,AI1113.11,AI1113.11,0,10,0,0,0,0,0,0,0,eca044e04cb8
AI,1113,12,AI1113.12,AI1113.12,0,12,0,0,0,0,0,0,0,057756734d55
AI,1114,1,AI1114.1,AI1114.1,0,26,0,0,0,0,0,0,0,a2f62e637794
AI,1114,2,AI1114.2,AI1114.2,0,62,0,0,0,0,0,0,0,63886de4e9ae
AI,1114,3,AI1114.3,AI1114.3,0,49,0,0,0,0,1,0,0,b7d5d354dd8e
AI,1114,4,AI1114.4,AI1114.4,0,17,0,0,0,0,1,0,0,fea09d72a843
AI,1114,5,AI1114.5,AI1114.5,0,5,0,0,0,0,0,0,0,090f4706cd27
AI,1114,6,AI1114.6,AI1114.6,0,7,0,0,0,0,0,0,0,2e0c6f541bba
AI,1115,1,AI1115.1,AI1115.1,0,14,0,0,0,0,0,0,0,13cc45433a3f
AI,1115,2,AI1115.2,AI1115.2,0,10,0,0,0,0,1,0,0,408c71097b68
AI,1115,3,AI1115.3,AI1115.3,0,47,0,0,0,0,1,0,0,124d8806c6f3
AI,1115,4,AI1115.4,AI1115.4,0,50,0,0,0,0,0,0,0,1c6d16214c58
AI,1115,5,AI1115.5,AI1115.5,0,19,0,0,0,0,0,0,0,9f98842fd356
AI,1115,6,AI1115.6,AI1115.6,0,7,0,0,0,0,1,0,0,5aaaad874351
AI,1115,7,AI1115.7,AI1115.7,0,10,0,0,0,0,0,0,0,c929c5a4e8c9
AI,1115,8,AI1115.8,AI1115.8,0,46,0,0,0,0,1,0,0,2db9dce1db76
AI,1115,9,AI1115.9,AI1115.9,0,11,0,0,0,0,0,0,0,5b41572511f7
AI,1115,10,AI1115.10,AI1115.10,0,5,0,0,0,0,0,0,0,dafbd29e07c1
AI,1115,11,AI1115.11,AI1115.11,0,11,0,0,0,0,0,0,0,8279bc0c04e0
AI,1116,1,AI1116.1,AI1116.1,0,13,0,0,0,0,0,0,0,1a0d9cbb82c5
AI,1116,2,AI1116.2,AI1116.2,0,21,0,0,0,0,1,0,0,21f488b3a12d
AI,1116,3,AI1116.3,AI1116.3,0,19,0,0,0,0,0,0,0,2057e0ffd4b9
AI,1116,4,AI1116.4,AI1116.4,0,13,0,0,0,0,1,0,0,4e49f11c0c0c
AI,1116,5,AI1116.5,AI1116.5,0,12,0,0,0,0,0,0,0,47c1cd37ac70
AI,1116,6,AI1116.6,AI1116.6,0,9,0,0,0,0,0,0,0,03d256cf3450
AI,1117,1,AI1117.1,AI1117.1,0,13,0,0,0,0,0,0,0,9ed9a9272cd4
AI,1117,2,AI1117.2,AI1117.2,0,29,0,0,0,0,1,0,0,1ba137338deb
AI,1117,3,AI1117.3,AI1117.3,0,19,0,0,0,0,0,0,0,9db631266a2e
AI,1117,4,AI1117.4,AI1117.4,0,18,0,0,0,0,0,0,0,af2b9147e088
AI,1117,5,AI1117.5,AI1117.5,0,19,0,0,0,0,0,0,0,e307ec1c47e2
AI,1117,6,AI1117.6,AI1117.6,0,25,0,0,0,0,0,0,0,30206416905b
AI,1118,1,AI1118.1,AI1118.1,0,14,0,0,0,0,0,0,0,6231340ca6c8
AI,1118,2,AI1118.2,AI1118.2,0,13,0,0,0,0,0,0,0,425ce533208d
AI,1118,3,AI1118.3,AI1118.3,0,9,0,0,0,0,1,0,0,c134572ec464
AI,1118,4,AI1118.4,AI1118.4,0,11,0,0,0,0,0,0,0,b1aa96eed27e
AI,1118,5,AI1118.5,AI1118.5,0,13,0,0,0,0,0,0,0,34fbc30e7f43
AI,1118,6,AI1118.6,AI1118.6,0,21,0,0,0,0,1,0,0,1965cd93bf0d
AI,1118,7,AI1118.7,AI1118.7,0,30,0,0,0,0,0,0,0,6b2dd27acf8d
AI,1118,8,AI1118.8,AI1118.8,0,46,0,0,0,1,0,0,0,889499e1804b
AI,1118,9,AI1118.9,AI1118.9,0,49,0,0,0,0,0,0,0,649a95969da5
AI,1118,10,AI1118.10,AI1118.10,0,23,0,0,0,0,0,0,0,e32e7f0cb8fb
AI,1118,11,AI1118.11,AI1118.11,0,5,0,0,0,0,0,0,0,379f2e84aa5c
AI,1118,12,AI1118.12,AI1118.12,0,8,0,0,0,1,0,0,0,55c427b0794a
AI,1119,1,AI1119.1,AI1119.1,0,13,0,0,0,0,0,0,0,e7050f3aadc7
AI,1119,2,AI1119.2,AI1119.2,0,64,0,0,0,0,0,0,0,d63b7cbb89ba
AI,1119,3,AI1119.3,AI1119.3,0,7,0,0,0,0,0,0,0,88b05ebae28f
AI,1119,4,AI1119.4,AI1119.4,0,34,0,0,0,0,1,0,0,88cf5abab4c5
AI,1120,1,AI1120.1,AI1120.1,0,27,0,0,0,0,0,0,0,bd591396fee7
AI,1120,2,AI1120.2,AI1120.2,0,10,0,0,0,0,0,0,0,2cb0ff57e3d6
AI,1120,3,AI1120.3,AI1120.3,0,15,0,0,0,0,0,0,0,fbbe24948258
AI,1120,4,AI1120.4,AI1120.4,0,65,0,0,0,0,0,0,0,63e4beb394ca
AI,1120,5,AI1120.5,AI1120.5,0,38,0,0,0,1,0,0,0,6dd91b2f1a1f
AI,1120,6,AI1120.6,AI1120.6,0,10,0,0,0,0,0,0,0,3fe13f799514
AI,1120,7,AI1120.7,AI1120.7,0,19,0,0,0,0,1,0,0,377e54c36fe9
AI,1121,1,AI1121.1,AI1121.1,0,25,0,0,0,0,0,0,0,7fea43002361
AI,1121,2,AI1121.2,AI1121.2,0,14,0,0,0,0,0,0,0,b5b88db5fd3d
AI,1121,3,AI1121.3,AI1121.3,0,16,0,0,0,0,0,0,0,1fcaa92e84b0
AI,1121,4,AI1121.4,AI1121.4,0,16,0,0,0,0,0,0,0,01e47dca3437
AI,1121,5,AI1121.5,AI1121.5,0,25,0,0,0,0,0,0,0,fe8dab0db046
AI,1121,6,AI1121.6,AI1121.6,0,21,0,0,0,0,1,0,0,5a63b7df14bd
AI,1121,7,AI1121.7,AI1121.7,0,116,0,0,0,0,0,0,0,3cf5789db956
AI,1122,1,AI1122.1,AI1122.1,0,30,0,0,0,0,0,0,0,af5ed33667a4
AI,1122,2,AI1122.2,AI1122.2,0,9,0,0,0,0,0,0,0,99a123d24b63
AI,1122,3,AI1122.3,AI1122.3,0,14,0,0,0,0,0,0,0,bf0f36400f6a
AI,1122,4,AI1122.4,AI1122.4,0,18,0,0,0,0,0,0,0,9f05a4b9691b
AI,1122,5,AI1122.5,AI1122.5,0,14,0,0,0,0,0,0,0,d7a914c599d7
AI,1122,6,AI1122.6,AI1122.6,0,13,0,0,0,0,0,0,0,af751337fc30
AI,1122,7,AI1122.7,AI1122.7,0,8,0,0,0,1,0,0,0,3fcc1e4150d9
AI,1122,8,AI1122.8,AI1122.8,0,9,0,0,0,0,0,0,0,6a88f8663e5a
AI,1122,9,AI1122.9,AI1122.9,0,15,0,0,0,0,0,0,0,091c4794c03a
AI,1122,10,AI1122.10,AI1122.10,0,9,0,0,0,0,0,0,0,e41b9873923c
AI,1122,11,AI1122.11,AI1122.11,0,9,0,0,0,0,0,0,0,043c0ba932cd
AI,1123,1,AI1123.1,AI1123.1,0,32,0,0,0,0,0,0,0,652c4e065083
AI,1123,2,AI1123.2,AI1123.2,0,5,0,0,0,0,0,0,0,0b399b19bb9d
AI,1123,3,AI1123.3,AI1123.3,0,12,0,0,0,0,0,0,0,956720addc38
AI,1123,4,AI1123.4,AI1123.4,0,7,0,0,0,0,0,0,0,db9c6c057b4f
AI,1123,5,AI1123.5,AI1123.5,0,15,0,0,0,0,0,0,0,8041bd5baaf2
AI,1123,6,AI1123.6,AI1123.6,0,21,0,0,0,0,0,0,0,a6ded4aa10a2
AI,1123,7,AI1123.7,AI1123.7,0,10,0,0,0,0,0,0,0,8e870f8c022e
AI,1124,1,AI1124.1,AI1124.1,0,14,0,0,0,0,0,0,0,9f41da22bc05
AI,1124,2,AI1124.2,AI1124.2,0,9,0,0,0,0,1,0,0,585a7c745931
AI,1124,3,AI1124.3,AI1124.3,0,10,0,0,0,0,0,0,0,1409a99175c8
AI,1124,4,AI1124.4,AI1124.4,0,30,0,0,0,0,1,0,0,73e6dde935b9
AI,1124,5,AI1124.5,AI1124.5,0,20,0,0,0,1,0,0,0,2dd66b1f570c
AI,1124,6,AI1124.6,AI1124.6,0,24,0,0,0,0,0,0,0,b8c8496cfae3
AI,1124,7,AI1124.7,AI1124.7,0,9,0,0,0,0,0,0,0,ede1331349eb
AI,1125,1,AI1125.1,AI1125.1,0,31,0,0,0,0,0,0,0,0ed51f773a9f
AI,1125,2,AI1125.2,AI1125.2,0,5,0,0,0,0,0,0,0,2a004693da0a
AI,1125,3,AI1125.3,AI1125.3,0,28,0,0,0,0,1,0,0,bce20e2e4ccb
AI,1125,4,AI1125.4,AI1125.4,0,7,0,0,0,0,0,0,0,de9187ba2ec3
AI,1125,5,AI1125.5,AI1125.5,0,16,0,0,0,0,1,0,0,4283401a105a
AI,1125,6,AI1125.6,AI1125.6,0,32,0,0,0,1,0,0,0,0bc92ac49ec3
AI,1125,7,AI1125.7,AI1125.7,0,15,0,0,0,0,1,0,0,44e15a9888c8
AI,1125,8,AI1125.8,AI1125.8,0,14,0,0,0,0,1,0,0,b571b0de17f0
AI,1125,9,AI1125.9,AI1125.9,0,11,0,0,0,0,1,0,0,031c44ba02b2
AI,1125,10,AI1125.10,AI1125.10,0,15,0,0,0,0,0,0,0,7b7ed511e51f
AI,1126,1,AI1126.1,AI1126.1,0,32,0,0,0,0,0,0,0,a0c0f347bb8e
AI,1126,2,AI1126.2,AI1126.2,0,4,0,0,0,0,0,0,0,46f7aac48399
AI,1126,3,AI1126.3,AI1126.3,0,7,0,0,0,0,0,0,0,bfc9a0c5ab57
AI,1126,4,AI1126.4,AI1126.4,0,6,0,0,0,0,0,0,0,21842c6a6b92
AI,1126,5,AI1126.5,AI1126.5,0,7,0,0,0,0,0,0,0,e0d5362aca35
AI,1126,6,AI1126.6,AI1126.6,0,17,0,0,0,0,0,0,0,6961a15b713b
AI,1126,7,AI1126.7,AI1126.7,0,8,0,0,0,0,1,0,0,9ecd4349cd20
AI,1126,8,AI1126.8,AI1126.8,0,28,0,0,0,0,1,0,0,c9345faf0a21
AI,1126,9,AI1126.9,AI1126.9,0,14,0,0,0,0,0,0,0,ec0112831de5
AI,1126,10,AI1126.10,AI1126.10,0,14,0,0,0,0,0,0,0,8f3cfe05041a
AI,1126,11,AI1126.11,AI1126.11,0,18,0,0,0,0,1,0,0,d3d43b51743b
AI,1126,12,AI1126.12,AI1126.12,0,15,0,0,0,0,0,0,0,9d4709225f4c
AI,1126,13,AI1126.13,AI1126.13,0,31,0,0,0,0,0,0,0,3be935437f35
AI,1127,1,AI1127.1,AI1127.1,0,13,0,0,0,0,0,0,0,42ff31886431
AI,1127,2,AI1127.2,AI1127.2,0,27,0,0,0,0,0,0,0,a3cd032a20ea
AI,1127,3,AI1127.3,AI1127.3,0,15,0,0,0,0,1,0,0,d7b801df550b
AI,1127,4,AI1127.4,AI1127.4,0,25,0,0,0,0,1,0,0,7cd1ccd7bf8e
AI,1127,5,AI1127.5,AI1127.5,0,14,0,0,0,0,0,0,0,cddfadac709c
AI,1127,6,AI1127.6,AI1127.6,0,26,0,0,0,0,0,0,0,bd8bfd46fd9e
AI,1127,7,AI1127.7,AI1127.7,0,33,0,0,0,0,0,0,0,99fb3549047e
AI,1127,8,AI1127.8,AI1127.8,0,17,0,0,0,0,0,0,0,251067c847e5
AI,1127,9,AI1127.9,AI1127.9,0,25,0,0,0,1,0,0,0,5ce9387a4542
AI,1127,10,AI1127.10,AI1127.10,0,6,0,0,0,0,0,0,0,7b20d7915d19
AI,1127,11,AI1127.11,AI1127.11,0,9,0,0,0,0,0,0,0,cb9547f0edb9
AI,1127,12,AI1127.12,AI1127.12,0,6,0,0,0,0,0,0,0,702c999ae9c0
AI,1127,13,AI1127.13,AI1127.13,0,10,0,0,0,0,0,0,0,12919f69b23e
AI,1127,14,AI1127.14,AI1127.14,0,65,0,0,0,0,0,0,0,3098b768b314
AI,1127,15,AI1127.15,AI1127.15,0,19,0,0,0,0,0,0,0,4f6313366ad9
AI,1127,16,AI1127.16,AI1127.16,0,16,0,0,0,1,0,0,0,ad94fcb9cc93
AI,1128,1,AI1128.1,AI1128.1,0,14,0,0,0,0,0,0,0,2a5e6e16fcc8
AI,1128,2,AI1128.2,AI1128.2,0,20,0,0,0,0,0,0,0,10c3c2b94b14
AI,1128,3,AI1128.3,AI1128.3,0,78,0,0,0,0,1,0,0,14d0ddfa7560
AI,1128,4,AI1128.4,AI1128.4,0,18,0,0,0,0,0,0,0,4caef02d1b64
AI,1128,5,AI1128.5,AI1128.5,0,17,0,0,0,0,0,0,0,4b952908f2c1
AI,1128,6,AI1128.6,AI1128.6,0,15,0,0,0,1,0,0,0,bf3eaae5f67e
AI,1128,7,AI1128.7,AI1128.7,0,29,0,0,0,1,0,0,0,002d94885a89
AI,1129,1,AI1129.1,AI1129.1,0,25,0,0,0,0,0,0,0,d5eeb0efda1d
AI,1129,2,AI1129.2,AI1129.2,0,8,0,0,0,0,0,0,0,2304c0e5669c
AI,1129,3,AI1129.3,AI1129.3,0,12,0,0,0,0,0,0,0,58733416bb4f
AI,1129,4,AI1129.4,AI1129.4,0,5,0,0,0,0,0,0,0,0e1863f2a2da
AI,1129,5,AI1129.5,AI1129.5,0,7,0,0,0,0,0,0,0,f247a21bf53e
AI,1129,6,AI1129.6,AI1129.6,0,18,0,0,0,0,1,0,0,426559183382
AI,1129,7,AI1129.7,AI1129.7,0,20,0,0,0,0,0,0,0,447f9886e285
AI,1129,8,AI1129.8,AI1129.8,0,24,0,0,0,1,0,0,0,0cfaf34c7cdb
AI,1129,9,AI1129.9,AI1129.9,0,22,0,0,0,0,0,0,0,e30f74161a78
AI,1129,10,AI1129.10,AI1129.10,0,11,0,0,0,0,0,0,0,f2114e8c2e43
AI,1129,11,AI1129.11,AI1129.11,0,28,0,0,0,0,0,0,0,3162af6cf97d
AI,1129,12,AI1129.12,AI1129.12,0,18,0,0,0,0,0,0,0,3c2ac047b9d3
AI,1129,13,AI1129.13,AI1129.13,0,12,0,0,0,0,0,0,0,12ddf708a720
AI,1129,14,AI1129.14,AI1129.14,0,11,0,0,0,0,0,0,0,12b4d99eed25
AI,1129,15,AI1129.15,AI1129.15,0,14,0,0,0,0,0,0,0,f7d2f9b3fac3
AI,1130,1,AI1130.1,AI1130.1,0,13,0,0,0,0,0,0,0,58026aed25e8
AI,1130,2,AI1130.2,AI1130.2,0,20,0,0,0,0,1,0,0,637bca3467b4
AI,1130,3,AI1130.3,AI1130.3,0,7,0,0,0,0,0,0,0,ea4dd2b3b868
AI,1130,4,AI1130.4,AI1130.4,0,15,0,0,0,0,0,0,0,274f85571f18
AI,1130,5,AI1130.5,AI1130.5,0,9,0,1,0,0,0,0,0,8402233ccccb
AI,1130,6,AI1130.6,AI1130.6,0,28,0,0,0,0,0,0,0,ce451b39a77a
AI,1159,1,AI1159.1,AI1159.1,0,11,0,0,0,0,0,0,0,cf9f30496e2d
AI,1160,1,AI1160.1,AI1160.1,0,48,0,0,0,0,0,0,0,8bd74bd7afef
AI,1160,2,AI1160.2,AI1160.2,0,12,0,0,0,0,0,0,0,1901eddab6aa
AI,1160,3,AI1160.3,AI1160.3,0,9,0,0,0,0,0,0,0,f34e1d43adf0
AI,1161,1,AI1161.1,AI1161.1,0,45,0,0,0,0,0,0,0,abc8ddb7e543
AI,1161,2,AI1161.2,AI1161.2,0,8,0,0,0,0,0,0,0,b2ce6b59c4d6
AI,1161,3,AI1161.3,AI1161.3,0,59,0,0,0,0,0,0,0,3cacab2c31de
AI,1161,4,AI1161.4,AI1161.4,0,48,0,0,0,0,0,0,0,1b7dc7b9bd46
AI,1161,5,AI1161.5,AI1161.5,0,23,0,0,0,0,0,0,0,293f08c61ed3
AI,1162,1,AI1162.1,AI1162.1,0,21,0,0,0,0,0,0,0,0f059c4af310
AI,1162,2,AI1162.2,AI1162.2,0,9,0,0,0,0,0,0,0,f0d877daa6ca
AI,1162,3,AI1162.3,AI1162.3,0,14,0,0,0,0,0,0,0,7df030ad9f30
AI,1162,4,AI1162.4,AI1162.4,0,4,0,0,0,0,0,0,0,077dc878689b
AI,1163,1,AI1163.1,AI1163.1,0,13,0,0,0,0,0,0,0,127865a8bc47
AI,1163,2,AI1163.2,AI1163.2,0,18,0,0,0,0,0,0,0,50f12b764351
AI,1163,3,AI1163.3,AI1163.3,0,12,0,0,0,0,0,0,0,5ca1ba31f890
AI,1163,4,AI1163.4,AI1163.4,0,5,0,0,0,0,0,0,0,fa3437720750
AI,1163,5,AI1163.5,AI1163.5,0,13,0,0,0,0,1,0,0,16fbe188a0fd
AI,1163,6,AI1163.6,AI1163.6,0,25,0,0,0,0,0,0,0,840ab6745a1a
AI,1164,1,AI1164.1,AI1164.1,0,13,0,0,0,0,0,0,0,6b3fcdb177b7
AI,1164,2,AI1164.2,AI1164.2,0,58,0,0,0,0,0,0,0,d45e55ad5573
AI,1164,3,AI1164.3,AI1164.3,0,28,0,0,0,0,0,0,0,45abd045674d
AI,1164,4,AI1164.4,AI1164.4,0,15,0,0,0,0,0,0,0,578c45994498
AI,1164,5,AI1164.5,AI1164.5,0,9,0,0,0,0,0,0,0,75bba0c8d925
AI,1164,6,AI1164.6,AI1164.6,0,6,0,0,0,0,0,0,0,6a961a185eee
AI,1164,7,AI1164.7,AI1164.7,0,12,0,0,0,0,0,0,0,c3769edb13b6
AI,1165,1,AI1165.1,AI1165.1,0,13,0,0,0,0,0,0,0,51bb77841b12
AI,1165,2,AI1165.2,AI1165.2,0,38,0,0,0,0,0,0,0,7f34afa8e53a
AI,1165,3,AI1165.3,AI1165.3,0,10,0,0,0,0,1,0,0,cc1fc723ef7e
AI,1165,4,AI1165.4,AI1165.4,0,5,0,0,0,0,0,0,0,6b2fbb239657
AI,1165,5,AI1165.5,AI1165.5,0,9,0,0,0,0,0,0,0,08dd1c021144
AI,1165,6,AI1165.6,AI1165.6,0,10,0,0,0,0,0,0,0,417654f79bd4
AI,1165,7,AI1165.7,AI1165.7,0,24,0,0,0,0,0,0,0,b99e2bf2b129
AI,1165,8,AI1165.8,AI1165.8,0,9,0,0,0,0,0,0,0,22c304f56707
AI,1165,9,AI1165.9,AI1165.9,0,5,0,0,0,0,0,0,0,9a75abac83c6
AI,1165,10,AI1165.10,AI1165.10,0,9,0,0,0,0,0,0,0,c248c245ad94
AI,1166,1,AI1166.1,AI1166.1,0,13,0,0,0,0,0,0,0,1e8af795660d
AI,1166,2,AI1166.2,AI1166.2,0,32,0,0,0,0,0,0,0,ae9ec6b6500b
AI,1166,3,AI1166.3,AI1166.3,0,11,0,0,0,0,0,0,0,0782bb29ae2b
AI,1166,4,AI1166.4,AI1166.4,0,12,0,0,0,0,0,0,0,5313eae94e77
AI,1166,5,AI1166.5,AI1166.5,0,18,0,0,0,0,0,0,0,02718d3ca4a2
AI,1166,6,AI1166.6,AI1166.6,0,17,0,0,0,0,0,0,0,912f10667808
AI,1166,7,AI1166.7,AI1166.7,0,26,0,0,0,0,1,0,0,f6e843b0695a
AI,1166,8,AI1166.8,AI1166.8,0,3,0,0,0,0,0,0,0,df0e67f57d79
AI,1166,9,AI1166.9,AI1166.9,0,8,0,0,0,0,0,0,0,587e8d23dbea
AI,1166,10,AI1166.10,AI1166.10,0,5,0,0,0,0,0,0,0,9be9ae806ece
AI,1167,1,AI1167.1,AI1167.1,0,14,0,0,0,0,0,0,0,7d11797f5dcf
AI,1167,2,AI1167.2,AI1167.2,0,13,0,0,0,0,0,0,0,0ad1b0458ab5
AI,1168,1,AI1168.1,AI1168.1,0,56,0,0,0,0,0,0,0,98aac7898768
AI,1168,2,AI1168.2,AI1168.2,0,10,0,0,0,0,0,0,0,ef2071b4656f
AI,1168,3,AI1168.3,AI1168.3,0,10,0,0,0,0,0,0,0,6cc0d3e00466
AI,1168,4,AI1168.4,AI1168.4,0,9,0,0,0,0,0,0,0,0eb2845ab60a
AI,1168,5,AI1168.5,AI1168.5,0,12,0,0,0,0,1,0,0,b7e2241808a2
AI,1168,6,AI1168.6,AI1168.6,0,12,0,0,0,0,0,0,0,c933b8f11c1e
AI,1169,1,AI1169.1,AI1169.1,0,13,0,0,0,0,0,0,0,59930e0d7732
AI,1169,2,AI1169.2,AI1169.2,0,7,0,0,0,0,0,0,0,4f4b5c9d68e7
AI,1169,3,AI1169.3,AI1169.3,0,10,0,0,0,0,0,0,0,f974979f613a
AI,1169,4,AI1169.4,AI1169.4,0,37,0,0,0,0,0,0,0,ed9f4bdbb43d
AI,1169,5,AI1169.5,AI1169.5,0,15,0,0,0,1,0,0,0,3cc509a2fe56
AI,1170,1,AI1170.1,AI1170.1,0,13,0,0,0,0,0,0,0,56e5baf78ebc
AI,1170,2,AI1170.2,AI1170.2,0,13,0,0,0,0,0,0,0,96764e58b87e
AI,1170,3,AI1170.3,AI1170.3,0,123,0,0,0,0,0,0,0,e08d593ae7ae
AI,1170,4,AI1170.4,AI1170.4,0,25,0,0,0,1,0,0,0,258a10057160
AI,1170,5,AI1170.5,AI1170.5,0,6,0,0,0,0,0,0,0,8e9f3afb0441
AI,1171,1,AI1171.1,AI1171.1,0,13,0,0,0,0,0,0,0,da16ed65eeab
AI,1171,2,AI1171.2,AI1171.2,0,7,0,0,0,0,1,0,0,5a9d01f7bdaa
AI,1171,3,AI1171.3,AI1171.3,0,5,0,0,0,0,0,0,0,beeb082fe129
AI,1171,4,AI1171.4,AI1171.4,0,12,0,0,0,0,0,0,0,367fe4dab23e
AI,1171,5,AI1171.5,AI1171.5,0,39,0,0,0,0,0,0,0,da28f4586e6e
AI,1171,6,AI1171.6,AI1171.6,0,22,0,0,0,0,0,0,0,6e86adce7e08
AI,1172,1,AI1172.1,AI1172.1,0,14,0,0,0,0,0,0,0,aedd77cfd386
AI,1172,2,AI1172.2,AI1172.2,0,15,0,0,0,0,0,0,0,5761d74d95cb
AI,1172,3,AI1172.3,AI1172.3,0,17,0,0,0,0,0,0,0,51352d23516a
AI,1172,4,AI1172.4,AI1172.4,0,8,0,0,0,0,0,0,0,89c86305ab4c
AI,1172,5,AI1172.5,AI1172.5,0,13,0,0,0,0,0,0,0,1c2af33c50c4
AI,1172,6,AI1172.6,AI1172.6,0,5,0,0,0,0,0,0,0,854c599183ba
AI,1173,1,AI1173.1,AI1173.1,0,13,0,0,0,0,0,0,0,c2f7f70f7be8
AI,1173,2,AI1173.2,AI1173.2,0,12,0,0,0,0,0,0,0,68766fb02ad1
AI,1173,3,AI1173.3,AI1173.3,0,13,0,0,0,0,0,0,0,194447e496e7
AI,1173,4,AI1173.4,AI1173.4,0,8,0,0,0,0,0,0,0,2edb8b5fa178
AI,1173,5,AI1173.5,AI1173.5,0,13,0,0,0,0,0,0,0,a14fdbe4d9d7
AI,1173,6,AI1173.6,AI1173.6,0,7,0,0,0,0,0,0,0,241d973c8183
AI,1173,7,AI1173.7,AI1173.7,0,15,0,0,0,1,0,0,0,f170da53d414
AI,1173,8,AI1173.8,AI1173.8,0,13,0,0,0,0,0,0,0,2138c144bfad
AI,1174,1,AI1174.1,AI1174.1,0,13,0,0,0,0,0,0,0,0a7031486f38
AI,1174,2,AI1174.2,AI1174.2,0,9,0,0,0,0,0,0,0,04659daf4f28
AI,1174,3,AI1174.3,AI1174.3,0,45,0,0,0,0,0,0,0,181c73d2e26d
AI,1174,4,AI1174.4,AI1174.4,0,20,0,0,0,0,0,0,0,06a9e4d68233
AI,1174,5,AI1174.5,AI1174.5,0,10,0,0,0,0,0,0,0,76e42b035756
AI,1174,6,AI1174.6,AI1174.6,0,21,0,0,0,0,0,0,0,62d921d4fd56
AI,1175,1,AI1175.1,AI1175.1,0,16,0,0,0,0,0,0,0,92cd607ad3ac
AI,1175,2,AI1175.2,AI1175.2,0,21,0,0,0,0,1,0,0,3267f39d3809
AI,1175,3,AI1175.3,AI1175.3,0,14,0,0,0,0,0,0,0,25b30c9beff9
AI,1175,4,AI1175.4,AI1175.4,0,28,0,0,0,0,0,0,0,f44f580a86fc
AI,1175,5,AI1175.5,AI1175.5,0,7,0,0,0,0,0,0,0,06c087183ddb
AI,1175,6,AI1175.6,AI1175.6,0,5,0,0,0,0,1,0,0,eb9608413c2e
AI,1175,7,AI1175.7,AI1175.7,0,11,0,0,0,0,0,0,0,be3f2877db5f
AI,1176,1,AI1176.1,AI1176.1,0,13,0,0,0,0,0,0,0,391798ae1291
AI,1176,2,AI1176.2,AI1176.2,0,7,0,0,0,0,0,0,0,c5f892aeb3d1
AI,1176,3,AI1176.3,AI1176.3,0,46,0,0,0,0,1,0,0,576341a5c34c
AI,1176,4,AI1176.4,AI1176.4,0,37,0,0,0,0,0,0,0,0db4ff4eb4d2
AI,1176,5,AI1176.5,AI1176.5,0,6,0,0,0,0,0,0,0,d68362a16f02
AI,1176,6,AI1176.6,AI1176.6,0,14,0,0,0,0,1,0,0,09a8d297f863
AI,1176,7,AI1176.7,AI1176.7,0,77,0,0,0,0,0,0,0,43b34e30cd6d
AI,1176,8,AI1176.8,AI1176.8,0,6,0,0,0,0,0,0,0,5748370bfe9e
AI,1176,9,AI1176.9,AI1176.9,0,5,0,0,0,0,0,0,0,20ad9ba836cc
AI,1177,1,AI1177.1,AI1177.1,0,16,0,0,0,0,0,0,0,691cf70f7d39
AI,1177,2,AI1177.2,AI1177.2,0,75,0,0,0,0,0,0,0,228f1586d435
AI,1177,3,AI1177.3,AI1177.3,0,75,0,0,0,0,1,0,0,eae8cf47e22a
AI,1177,4,AI1177.4,AI1177.4,0,58,0,0,0,0,0,0,0,1deb3ec92de4
AI,1178,1,AI1178.1,AI1178.1,0,16,0,0,0,0,0,0,0,298df4ff7d18
AI,1178,2,AI1178.2,AI1178.2,0,12,0,0,0,0,0,0,0,f872a29c19fa
AI,1178,3,AI1178.3,AI1178.3,0,18,0,0,0,0,0,0,0,1a6b686ac418
AI,1178,4,AI1178.4,AI1178.4,0,18,0,0,0,0,0,0,0,2625ea161599
AI,1178,5,AI1178.5,AI1178.5,0,33,0,0,0,0,0,0,0,a47a37791214
AI,1178,6,AI1178.6,AI1178.6,0,12,0,0,0,0,0,0,0,9340f9af6c30
AI,1178,7,AI1178.7,AI1178.7,0,6,0,0,0,0,0,0,0,8b16a8fbf1f3
AI,1179,1,AI1179.1,AI1179.1,0,13,0,0,0,0,0,0,0,3213f2008e9c
AI,1179,2,AI1179.2,AI1179.2,0,8,0,0,0,0,0,0,0,e7a8d96c3c82
AI,1179,3,AI1179.3,AI1179.3,0,5,0,0,0,0,0,0,0,c375028fbf3c
AI,1179,4,AI1179.4,AI1179.4,0,12,0,0,0,0,0,0,0,cda52efecff1
AI,1180,1,AI1180.1,AI1180.1,0,42,0,0,0,0,0,0,0,a4e066efb962
AI,1180,2,AI1180.2,AI1180.2,0,96,0,0,0,0,0,0,0,b0bf15cbcfff
AI,1180,3,AI1180.3,AI1180.3,0,46,0,0,0,0,0,0,0,8d01fbae3bb1
AI,1180,4,AI1180.4,AI1180.4,0,10,0,0,0,0,0,0,0,f4bf1b7149ad
AI,1180,5,AI1180.5,AI1180.5,0,10,0,0,0,0,0,0,0,96ef346ba960
AI,1181,1,AI1181.1,AI1181.1,0,13,0,0,0,0,0,0,0,a651ddff4ef0
AI,1181,2,AI1181.2,AI1181.2,0,15,0,0,0,0,0,0,0,80c6d193a2bf
AI,1181,3,AI1181.3,AI1181.3,0,7,0,0,0,0,0,0,0,8bd910776697
AI,1181,4,AI1181.4,AI1181.4,0,17,0,0,0,0,0,0,0,deeebe6be989
AI,1181,5,AI1181.5,AI1181.5,0,13,0,0,0,0,0,0,0,4139842114c7
AI,1189,1,AI1189.1,AI1189.1,0,26,0,0,0,0,0,0,0,8b727511e8ef
AI,1189,2,AI1189.2,AI1189.2,0,44,0,0,0,0,0,0,0,839bb7f1a282
AI,1189,3,AI1189.3,AI1189.3,0,75,0,0,0,0,0,0,0,e4ebc797e1b8
AI,1189,4,AI1189.4,AI1189.4,0,26,0,0,0,0,0,0,0,3920cb6da23e
AI,1189,5,AI1189.5,AI1189.5,0,7,0,0,0,0,0,0,0,214481ccba6d
AI,1189,6,AI1189.6,AI1189.6,0,10,0,0,0,0,0,0,0,ff670eb175de
AI,1189,7,AI1189.7,AI1189.7,0,5,0,0,0,0,0,0,0,81f9ad3a8dab
AI,1190,1,AI1190.1,AI1190.1,0,13,0,0,0,0,0,0,0,e65d12d9dfa3
AI,1190,2,AI1190.2,AI1190.2,0,51,0,0,0,0,0,0,0,0da0cde4cba9
AI,1190,3,AI1190.3,AI1190.3,0,5,0,0,0,0,0,0,0,d521e7289b67
AI,1190,4,AI1190.4,AI1190.4,0,9,0,0,0,0,0,0,0,f3a2660f2fe9
AI,1191,1,AI1191.1,AI1191.1,0,14,0,0,0,0,0,0,0,af42d7a45d80
AI,1191,2,AI1191.2,AI1191.2,0,12,0,0,0,0,0,0,0,efc08be6f0a2
AI,1191,3,AI1191.3,AI1191.3,0,7,0,0,0,0,0,0,0,64b14a36e885
AI,1191,4,AI1191.4,AI1191.4,0,27,0,0,0,0,0,0,0,99c84c31c6fb
AI,1191,5,AI1191.5,AI1191.5,0,7,0,0,0,0,0,0,0,dc00b5b9be3b
AI,1192,1,AI1192.1,AI1192.1,0,13,0,0,0,0,0,0,0,fad5a2b2d241
AI,1192,2,AI1192.2,AI1192.2,0,7,0,0,0,0,0,0,0,e641f69ec74d
AI,1192,3,AI1192.3,AI1192.3,0,35,0,0,0,0,1,0,0,5c07a4820af4
AI,1192,4,AI1192.4,AI1192.4,0,16,0,0,0,0,0,0,0,1325694558ff
AI,1192,5,AI1192.5,AI1192.5,0,22,0,0,0,0,1,0,0,ddd67be6fbea
AI,1192,6,AI1192.6,AI1192.6,0,12,0,0,0,0,0,0,0,080e6797a43f
AI,1192,7,AI1192.7,AI1192.7,0,23,0,0,0,0,0,0,0,6a810b29407a
AI,1193,1,AI1193.1,AI1193.1,0,13,0,0,0,0,0,0,0,7939549163ba
AI,1193,2,AI1193.2,AI1193.2,0,24,0,0,0,0,0,0,0,415a991ef39d
AI,1193,3,AI1193.3,AI1193.3,0,9,0,0,0,0,0,0,0,5f87a9705a73
AI,1193,4,AI1193.4,AI1193.4,0,23,0,0,0,0,0,0,0,103f8d5ca1c1
AI,1193,5,AI1193.5,AI1193.5,0,10,0,0,0,0,0,0,0,e6e3b8c2cff2
AI,1194,1,AI1194.1,AI1194.1,0,14,0,0,0,0,0,0,0,8b758256e8b0
AI,1194,2,AI1194.2,AI1194.2,0,28,0,0,0,0,1,0,0,7acec9bce25f
AI,1194,3,AI1194.3,AI1194.3,0,18,0,0,0,0,1,0,0,835f07157321
AI,1194,4,AI1194.4,AI1194.4,0,12,0,0,0,0,0,0,0,bc87ae554f56
AI,1194,5,AI1194.5,AI1194.5,0,23,0,0,0,0,1,0,0,9902b5d9e09a
AI,1194,6,AI1194.6,AI1194.6,0,19,0,0,0,0,0,0,0,5a0d22f31f17
AI,1195,1,AI1195.1,AI1195.1,0,13,0,0,0,0,0,0,0,1824302bf877
AI,1195,2,AI1195.2,AI1195.2,0,45,0,0,0,0,1,0,0,e7f7c5ce6874
AI,1195,3,AI1195.3,AI1195.3,0,11,0,0,0,0,0,0,0,45692e2587f9
AI,1195,4,AI1195.4,AI1195.4,0,37,0,0,0,0,0,0,0,25fe04a80f85
AI,1195,5,AI1195.5,AI1195.5,0,8,0,0,0,0,0,0,0,111b5e045da1
AI,1195,6,AI1195.6,AI1195.6,0,10,0,0,0,0,0,0,0,96f88b18f51f
AI,1196,1,AI1196.1,AI1196.1,0,27,0,0,0,0,0,0,0,8e4302f341bf
AI,1196,2,AI1196.2,AI1196.2,0,43,0,0,0,0,0,0,0,3729f44e40d7
AI,1196,3,AI1196.3,AI1196.3,0,11,0,0,0,0,0,0,0,b74e6fbcfb79
AI,1196,4,AI1196.4,AI1196.4,0,29,0,0,0,0,0,0,0,7d94ba7374fb
AI,1196,5,AI1196.5,AI1196.5,0,48,0,0,0,0,0,0,0,c3189f1440e4
AI,1196,6,AI1196.6,AI1196.6,0,165,0,0,0,0,0,0,0,737562bc0776
AI,1197,1,AI1197.1,AI1197.1,0,21,0,0,0,0,0,0,0,8822ef4cf2f5
AI,1197,2,AI1197.2,AI1197.2,0,14,0,0,0,0,1,0,0,55ad91cb3de6
AI,1197,3,AI1197.3,AI1197.3,0,38,0,0,0,0,0,0,0,b8ecff65a0a9
AI,1197,4,AI1197.4,AI1197.4,0,28,0,0,0,0,0,0,0,2ab13f32d07f
AI,1197,5,AI1197.5,AI1197.5,0,59,0,0,0,0,0,0,0,00d07dd0fc75
AI,1197,6,AI1197.6,AI1197.6,0,7,0,0,0,0,0,0,0,0f6b660a4498
AI,1198,1,AI1198.1,AI1198.1,0,16,0,0,0,0,0,0,0,0caead237704
AI,1198,2,AI1198.2,AI1198.2,0,16,0,0,0,0,0,0,0,db0fd2a6656f
AI,1198,3,AI1198.3,AI1198.3,0,10,0,0,0,0,0,0,0,b4908e19c31d
AI,1198,4,AI1198.4,AI1198.4,0,25,0,0,0,0,0,0,0,87b08cddc2ef
AI,1198,5,AI1198.5,AI1198.5,0,33,0,0,0,0,0,0,0,299cd20a32d6
AI,1198,6,AI1198.6,AI1198.6,0,7,0,0,0,0,0,0,0,d8f2900e3737
AI,1199,1,AI1199.1,AI1199.1,0,16,0,0,0,0,0,0,0,4b4cef63de14
AI,1199,2,AI1199.2,AI1199.2,0,4,0,0,0,0,0,0,0,7a25ab4bbd05
AI,1199,3,AI1199.3,AI1199.3,0,9,0,0,0,0,0,0,0,0b52bd9752a6
AI,1199,4,AI1199.4,AI1199.4,0,10,0,0,0,0,0,0,0,70aaa12c17d7
AI,1199,5,AI1199.5,AI1199.5,0,20,0,0,0,0,0,0,0,c47bbdee53eb
AI,1199,6,AI1199.6,AI1199.6,0,11,0,0,0,0,0,0,0,de88b312b676
AI,1199,7,AI1199.7,AI1199.7,0,16,0,0,0,0,0,0,0,9212e6cb53c8
AI,1199,8,AI1199.8,AI1199.8,0,13,0,0,0,0,1,0,0,8d5709136bfc
AI,1200,1,AI1200.1,AI1200.1,0,51,0,0,0,0,0,0,0,cbb3574cb4c7
AI,1200,2,AI1200.2,AI1200.2,0,17,0,0,0,0,0,0,0,e10bee9351ee
AI,1200,3,AI1200.3,AI1200.3,0,7,0,0,0,0,0,0,0,e4d37d32ed11
AI,1200,4,AI1200.4,AI1200.4,0,28,0,0,0,0,1,0,0,656b7c36da1b
AI,1200,5,AI1200.5,AI1200.5,0,11,0,0,0,0,0,0,0,839f77cc602e
AI,1200,6,AI1200.6,AI1200.6,0,18,0,0,0,0,0,0,0,4abd7da6117f
AI,1200,7,AI1200.7,AI1200.7,0,10,0,0,0,0,0,0,0,ffc96b11cb2d
AI,1200,8,AI1200.8,AI1200.8,0,10,0,0,0,0,0,0,0,a3be8ba1ca66
AI,1200,9,AI1200.9,AI1200.9,0,41,0,0,0,0,0,0,0,64475fe8fa83
AI,1201,1,AI1201.1,AI1201.1,0,16,0,0,0,0,0,0,0,baaf02b6eb8e
AI,1201,2,AI1201.2,AI1201.2,0,11,0,0,0,0,1,0,0,b43bf01379a6
AI,1201,3,AI1201.3,AI1201.3,0,4,0,0,0,0,0,0,0,114bd4cc392a
AI,1201,4,AI1201.4,AI1201.4,0,7,0,0,0,0,0,0,0,4ce398a1f599
AI,1201,5,AI1201.5,AI1201.5,0,9,0,0,0,0,0,0,0,e1affb07e8ff
AI,1201,6,AI1201.6,AI1201.6,0,13,0,0,0,0,0,0,0,99b48a5618cd
AI,1201,7,AI1201.7,AI1201.7,0,7,0,0,0,0,0,0,0,66ea98684b75
AI,1201,8,AI1201.8,AI1201.8,0,12,0,0,0,1,0,0,0,bad9795f5455
AI,1201,9,AI1201.9,AI1201.9,0,11,0,0,0,0,0,0,0,86a64ba80e91
AI,1201,10,AI1201.10,AI1201.10,0,21,0,0,0,0,0,0,0,6a0211a5498b
AI,1201,11,AI1201.11,AI1201.11,0,16,0,0,0,0,0,0,0,38ec08666cf1
AI,1201,12,AI1201.12,AI1201.12,0,157,0,0,0,0,1,0,0,755efb0c6269
AI,1201,13,AI1201.13,AI1201.13,0,8,0,0,0,0,0,0,0,c9af1b1aa9a3
AI,1201,14,AI1201.14,AI1201.14,0,7,0,0,0,0,0,0,0,54b3b44dc4b3
AI,1202,1,AI1202.1,AI1202.1,0,50,0,0,0,0,0,0,0,aeaef4143386
AI,1202,2,AI1202.2,AI1202.2,0,90,0,0,0,0,1,0,0,c22e04b99a46
AI,1202,3,AI1202.3,AI1202.3,0,11,0,0,0,0,0,0,0,c13f0a783c8e
AI,1202,4,AI1202.4,AI1202.4,0,9,0,0,0,0,0,0,0,be6e315a1b2a
AI,1202,5,AI1202.5,AI1202.5,0,46,0,0,0,0,0,0,0,ed0031e4ca4f
AI,1203,1,AI1203.1,AI1203.1,0,13,0,0,0,0,0,0,0,ab1be1605f4a
AI,1203,2,AI1203.2,AI1203.2,0,91,0,0,0,0,1,0,0,4bff049137c9
AI,1203,3,AI1203.3,AI1203.3,0,115,0,0,0,0,1,0,0,d5c54f892a25
AI,1203,4,AI1203.4,AI1203.4,0,11,0,0,0,0,0,0,0,2a3fa36584e9
AI,1203,5,AI1203.5,AI1203.5,0,21,0,0,0,0,0,0,0,28b777c5f30b
AI,1203,6,AI1203.6,AI1203.6,0,11,0,0,0,0,0,0,0,146e35973cc3
AI,1204,1,AI1204.1,AI1204.1,0,64,0,0,0,0,0,0,0,81b4da6abaac
AI,1204,2,AI1204.2,AI1204.2,0,54,0,0,0,1,1,0,0,0c183a04b9ee
AI,1204,3,AI1204.3,AI1204.3,0,8,0,0,0,0,0,0,0,6b6ecab47b8b
AI,1204,4,AI1204.4,AI1204.4,0,25,0,0,0,0,0,0,0,2eac5d8bc48b
AI,1204,5,AI1204.5,AI1204.5,0,9,0,0,0,0,0,0,0,e91ac82203a2
AI,1204,6,AI1204.6,AI1204.6,0,14,0,0,0,0,0,0,0,b78859c5bda5
AI,1204,7,AI1204.7,AI1204.7,0,14,0,0,0,0,0,0,0,756773dac9be
AI,1205,1,AI1205.1,AI1205.1,0,14,0,0,0,0,0,0,0,e255ee4e2b23
AI,1205,2,AI1205.2,AI1205.2,0,9,0,0,0,0,0,0,0,1fda2559166d
AI,1205,3,AI1205.3,AI1205.3,0,36,0,0,0,0,0,0,0,150512cc0bba
AI,1205,4,AI1205.4,AI1205.4,0,13,0,0,0,0,0,0,0,75b05a777a40
AI,1205,5,AI1205.5,AI1205.5,0,30,0,0,0,0,0,0,0,f95b0642d7a5
AI,1206,1,AI1206.1,AI1206.1,0,13,0,0,0,0,0,0,0,07fa4e3d1afa
AI,1206,2,AI1206.2,AI1206.2,0,11,0,0,0,0,0,0,0,0db301157f4c
AI,1206,3,AI1206.3,AI1206.3,0,7,0,0,0,0,0,0,0,891d34689a7d
AI,1206,4,AI1206.4,AI1206.4,0,16,0,0,0,0,0,0,0,c4c7e44b24fa
AI,1206,5,AI1206.5,AI1206.5,0,9,0,0,0,0,0,0,0,88e9852d26e1
AI,1206,7,AI1206.7,AI1206.7,0,19,0,0,0,0,0,0,0,fa0da4e9955c
AI,1206,7,AI1206.7,AI1206.7,0,198,0,0,0,0,1,0,0,74802caecc02
AI,1206,8,AI1206.8,AI1206.8,0,25,0,0,0,0,0,0,0,fe975fd152e7
AI,1206,9,AI1206.9,AI1206.9,0,38,0,0,0,0,0,0,0,bda47a4589f3
AI,1207,1,AI1207.1,AI1207.1,0,13,0,0,0,0,0,0,0,ad4daa4388fb
AI,1207,2,AI1207.2,AI1207.2,0,10,0,0,0,0,0,0,0,d3ab973c956a
AI,1207,3,AI1207.3,AI1207.3,0,14,0,0,0,0,0,0,0,a8e7efcdfc64
AI,1208,1,AI1208.1,AI1208.1,0,14,0,0,0,0,0,0,0,e8388ada04ed
AI,1208,2,AI1208.2,AI1208.2,0,13,0,0,0,0,0,0,0,86d9307f9361
AI,1208,3,AI1208.3,AI1208.3,0,15,0,0,0,0,0,0,0,f0d16b9f5464
AI,1208,4,AI1208.4,AI1208.4,0,26,0,0,0,0,0,0,0,d406a7e8265d
AI,1209,1,AI1209.1,AI1209.1,0,13,0,0,0,0,0,0,0,6084da04f740
AI,1209,2,AI1209.2,AI1209.2,0,48,0,0,0,0,0,0,0,38841b7bd239
AI,1209,3,AI1209.3,AI1209.3,0,24,0,0,0,0,0,0,0,99b3834f57c0
AI,1209,4,AI1209.4,AI1209.4,0,6,0,0,0,0,0,0,0,8804d625d9ce
AI,1209,5,AI1209.5,AI1209.5,0,5,0,0,0,0,0,0,0,515e6a36a0a4
AI,1209,6,AI1209.6,AI1209.6,0,13,0,0,0,0,0,0,0,5abe253cee5d
AI,1210,1,AI1210.1,AI1210.1,0,14,0,0,0,0,0,0,0,13cc45433a3f
AI,1210,2,AI1210.2,AI1210.2,0,120,0,0,0,0,0,0,0,bd30389ef056
AI,1211,1,AI1211.1,AI1211.1,0,13,0,0,0,0,0,0,0,284fc99121dc
AI,1211,2,AI1211.2,AI1211.2,0,30,0,0,0,0,0,0,0,bd171bc17431
AI,1211,3,AI1211.3,AI1211.3,0,13,0,0,0,0,0,0,0,09ef8fdff9c4
AI,1211,4,AI1211.4,AI1211.4,0,19,0,0,0,0,1,0,0,c5b9ee262f9c
AI,1211,5,AI1211.5,AI1211.5,0,8,0,0,0,0,0,0,0,c70a0bc8d436
AI,1212,1,AI1212.1,AI1212.1,0,13,0,0,0,0,0,0,0,b546ffebd64e
AI,1212,2,AI1212.2,AI1212.2,0,12,0,0,0,0,0,0,0,ef9c3bb2b9b9
AI,1212,3,AI1212.3,AI1212.3,0,10,0,0,0,0,0,0,0,acd9e960a2b1
AI,1212,4,AI1212.4,AI1212.4,0,53,0,0,0,0,0,0,0,e9326ca9145b
AI,1212,5,AI1212.5,AI1212.5,0,43,0,0,0,0,0,0,0,c89cfb544f00
AI,1213,1,AI1213.1,AI1213.1,0,14,0,0,0,0,0,0,0,6231340ca6c8
AI,1213,2,AI1213.2,AI1213.2,0,8,0,0,0,0,0,0,0,c58f870a2dbd
AI,1213,3,AI1213.3,AI1213.3,0,9,0,0,0,0,0,0,0,2366c4c865db
AI,1213,4,AI1213.4,AI1213.4,0,9,0,0,0,0,0,0,0,92cc75e36d8e
AI,1214,1,AI1214.1,AI1214.1,0,13,0,0,0,0,0,0,0,e7050f3aadc7
AI,1214,2,AI1214.2,AI1214.2,0,16,0,0,0,0,0,0,0,937d46a72085
AI,1216,1,AI1216.1,AI1216.1,0,30,0,0,0,0,0,0,0,1acd0012e28e
AI,1216,2,AI1216.2,AI1216.2,0,28,0,0,0,0,0,0,0,15caba0f9855
AI,1216,3,AI1216.3,AI1216.3,0,6,0,0,0,0,0,0,0,f960d7577ff1
AI,1216,4,AI1216.4,AI1216.4,0,24,0,0,0,0,0,0,0,e53db4082e5d
AI,1217,1,AI1217.1,AI1217.1,0,6,0,0,0,0,0,0,0,b879b238a4df
AI,1217,2,AI1217.2,AI1217.2,0,16,0,0,0,0,0,0,0,be0479ee27d5
AI,1217,3,AI1217.3,AI1217.3,0,21,0,0,0,0,0,0,0,0bc68635171b
AI,1218,1,AI1218.1,AI1218.1,0,13,0,0,0,0,0,0,0,d23484beb4b9
AI,1218,2,AI1218.2,AI1218.2,0,15,0,0,0,0,0,0,0,5a8277040bb4
AI,1219,1,AI1219.1,AI1219.1,0,6,0,0,0,0,0,0,0,811e73015c04
AI,1219,2,AI1219.2,AI1219.2,0,19,0,0,0,0,0,0,0,ee3bb7cccf6f
AI,1220,1,AI1220.1,AI1220.1,0,8,0,0,0,0,0,0,0,6253e848b5ae
AI,1221,1,AI1221.1,AI1221.1,0,15,0,0,0,0,0,0,0,67dd025f6ff3
AI,1221,2,AI1221.2,AI1221.2,0,6,0,0,0,0,0,0,0,879fc6ca02dc
AI,1221,3,AI1221.3,AI1221.3,0,29,0,0,0,0,0,0,0,4d18a902c6fe
AI,1222,1,AI1222.1,AI1222.1,0,15,0,0,0,0,0,0,0,6e021e6587a2
AI,1222,2,AI1222.2,AI1222.2,0,25,0,0,0,0,0,0,0,6ebbfb90ac72
AI,1222,3,AI1222.3,AI1222.3,0,8,0,0,0,0,0,0,0,ad60146cc216
AI,1223,0,AI1223.0,AI1223.0,1,4,0,0,0,0,0,0,0,8e2283979a96
AI,1223,1,AI1223.1,AI1223.1,0,13,0,0,0,1,0,0,0,a19a96b190f8
AI,1223,2,AI1223.2,AI1223.2,0,15,0,0,0,0,0,0,0,a14a1817c25a
AI,1223,3,AI1223.3,AI1223.3,0,19,0,0,0,0,0,0,0,541947ab3eee
AI,1224,0,AI1224.0,AI1224.0,1,3,0,0,0,0,0,0,0,d9c38f63a6f9
AI,1224,1,AI1224.1,AI1224.1,0,6,0,0,0,0,0,0,0,f0302fe34613
AI,1225,1,AI1225.1,AI1225.1,0,6,0,0,0,0,0,0,0,b6ff5c2fb36d
AI,1225,2,AI1225.2,AI1225.2,0,56,0,0,0,0,0,0,0,08664436a57b
AI,1226,0,AI1226.0,AI1226.0,1,4,0,0,0,0,0,0,0,6996427cbee0
AI,1226,1,AI1226.1,AI1226.1,0,11,0,0,0,0,0,0,0,60ffc779aae7
AI,1226,2,AI1226.2,AI1226.2,0,5,0,0,0,0,0,0,0,b14e06fb2e79
AI,1227,1,AI1227.1,AI1227.1,0,6,0,0,0,0,0,0,0,32274a560135
AI,1228,0,AI1228.0,AI1228.0,1,4,0,0,0,0,0,0,0,a5fb14d775a7
AI,1228,1,AI1228.1,AI1228.1,0,28,0,0,0,0,1,0,0,48ab6a3a81e2
AI,1229,0,AI1229.0,AI1229.0,1,4,0,0,0,0,0,0,0,31d37b83d26c
AI,1229,1,AI1229.1,AI1229.1,0,12,0,0,0,0,0,0,0,5969a683123c
AI,1229,2,AI1229.2,AI1229.2,0,8,0,0,0,0,1,0,0,a147e3fba11b
AI,1230,0,AI1230.0,AI1230.0,1,4,0,0,0,0,0,0,0,7225427f3550
AI,1230,1,AI1230.1,AI1230.1,0,13,0,0,0,0,0,0,0,e2675553c861
AI,1230,2,AI1230.2,AI1230.2,0,135,0,0,0,0,0,0,0,4cfe86041849
AI,1230,3,AI1230.3,AI1230.3,0,14,0,0,0,0,0,0,0,897671a10ec6
AI,1231,0,AI1231.0,AI1231.0,1,4,0,0,0,0,0,0,0,71a98edb31b4
AI,1231,1,AI1231.1,AI1231.1,0,11,0,0,0,0,0,0,0,92ee2ec915cd
AI,1231,2,AI1231.2,AI1231.2,0,13,0,0,0,0,0,0,0,2b99822ed3e4
AI,1231,3,AI1231.3,AI1231.3,0,23,0,0,0,0,0,0,0,3a6ca9c95b45
AI,1232,0,AI1232.0,AI1232.0,1,3,0,0,0,0,0,0,0,a34a5f95e3e1
AI,1232,1,AI1232.1,AI1232.1,0,8,0,0,0,0,1,0,0,bd003efa1878
AI,1232,2,AI1232.2,AI1232.2,0,89,0,0,0,0,0,0,0,8141305661c3
AI,1232,3,AI1232.3,AI1232.3,0,21,0,0,0,0,0,0,0,b43a70890e4e
AI,1233,0,AI1233.0,AI1233.0,1,3,0,0,0,0,0,0,0,11fdad93daf0
AI,1233,1,AI1233.1,AI1233.1,0,19,0,0,0,0,0,0,0,446a44667e0b
AI,1233,2,AI1233.2,AI1233.2,0,61,0,0,0,0,0,0,0,be037eee86c3
AI,1234,0,AI1234.0,AI1234.0,1,3,0,0,0,0,0,0,0,cb6a953b2ff2
AI,1234,1,AI1234.1,AI1234.1,0,22,0,0,0,1,0,0,0,db2a8300c038
AI,1234,2,AI1234.2,AI1234.2,0,38,0,0,0,0,0,0,0,695c6138817e
AI,1235,0,AI1235.0,AI1235.0,1,3,0,0,0,0,0,0,0,724f7cca597c
AI,1236,0,AI1236.0,AI1236.0,1,3,0,0,0,0,0,0,0,0ca141a97268
AI,1236,1,AI1236.1,AI1236.1,0,10,0,0,0,0,0,0,0,6a1f01e5a632
AI,1237,0,AI1237.0,AI1237.0,1,4,0,0,0,0,0,0,0,ef941e717a58
AI,1238,0,AI1238.0,AI1238.0,1,3,0,0,0,0,0,0,0,e6ab186c1449
AI,1238,1,AI1238.1,AI1238.1,0,13,0,0,0,0,1,0,0,db69d33be2c5
AI,1239,0,AI1239.0,AI1239.0,1,3,0,0,0,0,0,0,0,b09300d6f037
AI,1239,1,AI1239.1,AI1239.1,0,18,0,0,0,0,1,0,0,3a2c68873435
AI,1240,0,AI1240.0,AI1240.0,1,3,0,0,0,0,0,0,0,fde650447482
AI,1240,1,AI1240.1,AI1240.1,0,22,0,0,0,0,0,0,0,8dc58c22c58d
AI,1241,0,AI1241.0,AI1241.0,1,3,0,0,0,0,0,0,0,d6473ac5bb78
AI,1241,1,AI1241.1,AI1241.1,0,7,0,0,0,0,0,0,0,e4dfbc4e6edb
AI,1241,2,AI1241.2,AI1241.2,0,11,0,0,0,0,0,0,0,c6f25738b85e
AI,1242,0,AI1242.0,AI1242.0,1,3,0,0,0,0,0,0,0,ecd21326af54
AI,1242,1,AI1242.1,AI1242.1,0,8,0,0,0,0,0,0,0,7be17fa883dc
AI,1242,2,AI1242.2,AI1242.2,0,5,0,0,0,0,0,0,0,280e9610a21b
AI,1243,0,AI1243.0,AI1243.0,1,3,0,0,0,0,0,0,0,264457755caf
AI,1243,1,AI1243.1,AI1243.1,0,33,0,0,0,0,0,0,0,295200682312
AI,1243,2,AI1243.2,AI1243.2,0,6,0,0,0,0,0,0,0,e7ebd0413764
AI,1244,0,AI1244.0,AI1244.0,1,3,0,0,0,0,0,0,0,462e55bd1ff4
AI,1244,1,AI1244.1,AI1244.1,0,9,0,0,0,0,0,0,0,d3fda8aeab57
AI,1245,0,AI1245.0,AI1245.0,1,3,0,0,0,0,0,0,0,5d753f759a28
AI,1245,1,AI1245.1,AI1245.1,0,6,0,0,0,0,0,0,0,c3912cad5a73
AI,1245,2,AI1245.2,AI1245.2,0,29,0,0,0,0,0,0,0,f14f2e4b5e3f
AI,1245,3,AI1245.3,AI1245.3,0,13,0,0,0,0,0,0,0,50b1a2cd5526
AI,1245,4,AI1245.4,AI1245.4,0,5,0,0,0,0,1,0,0,1dd30bbfc251
AI,1246,0,AI1246.0,AI1246.0,1,3,0,0,0,0,0,0,0,a8ec7ee059c0
AI,1246,1,AI1246.1,AI1246.1,0,6,0,0,0,0,0,0,0,ae843bc19bd5
AI,1247,0,AI1247.0,AI1247.0,1,3,0,0,0,0,0,0,0,62e193d9f7fc
AI,1247,1,AI1247.1,AI1247.1,0,4,0,0,0,0,0,0,0,cb610a3384ef
AI,1248,0,AI1248.0,AI1248.0,1,3,0,0,0,0,0,0,0,2c3394962cf7
AI,1248,1,AI1248.1,AI1248.1,0,18,0,0,0,0,0,0,0,01fa8b41d53b
AI,1249,0,AI1249.0,AI1249.0,1,3,0,0,0,0,0,0,0,305314f10741
AI,1249,1,AI1249.1,AI1249.1,0,7,0,0,1,0,0,0,0,7069aa95d383
AI,1249,2,AI1249.2,AI1249.2,0,4,0,0,0,0,0,0,0,28ab6c91aadd
AI,1249,3,AI1249.3,AI1249.3,0,14,0,0,0,0,0,0,0,abf7006787b0
AI,1249,4,AI1249.4,AI1249.4,0,72,0,0,0,0,0,0,0,a8c4c431c02e
AI,1250,0,AI1250.0,AI1250.0,1,3,0,0,0,0,0,0,0,4c408b1fcb33
AI,1250,1,AI1250.1,AI1250.1,0,40,0,0,0,0,0,0,0,02e26f40d6d1
AI,1251,0,AI1251.0,AI1251.0,1,3,0,0,0,0,0,0,0,ec72cb490be3
AI,1251,1,AI1251.1,AI1251.1,0,7,0,0,0,0,0,0,0,b9974c69aaa9
AI,1252,0,AI1252.0,AI1252.0,1,3,0,0,0,0,0,0,0,3ea1a83f0b85
AI,1252,1,AI1252.1,AI1252.1,0,5,0,0,0,0,0,0,0,6bc323816d7b
AI,1253,0,AI1253.0,AI1253.0,1,3,0,0,0,0,0,0,0,ae569b46c33b
AI,1253,1,AI1253.1,AI1253.1,0,148,0,0,0,0,0,0,0,26fd60c2c080
AI,1253,2,AI1253.2,AI1253.2,0,9,0,0,0,0,0,0,0,149f6c956dcd
AI,1253,3,AI1253.3,AI1253.3,0,7,0,0,0,0,0,0,0,78c6bef16395
AI,1253,4,AI1253.4,AI1253.4,0,43,0,0,0,0,0,0,0,f806f13f6f18
AI,1253,0,AI1253.0,AI1253.0,1,6,0,0,0,0,0,0,0,094dfb20cbbf
AI,1253,1,AI1253.1,AI1253.1,0,10,0,0,0,0,0,0,0,3dd79f7661be
AI,1254,0,AI1254.0,AI1254.0,1,6,0,0,0,0,0,0,0,1f4c5678aaed
AI,1254,1,AI1254.1,AI1254.1,0,21,0,0,0,0,0,0,0,ef00cf381863
AI,1254,2,AI1254.2,AI1254.2,0,86,0,0,0,0,0,0,0,c32cc1295e74
AI,1255,0,AI1255.0,AI1255.0,1,6,0,0,0,0,0,0,0,bd4eae67ff90
AI,1255,0,AI1255.0,AI1255.0,1,6,0,0,0,0,0,0,0,bd4eae67ff90
AI,1256,0,AI1256.0,AI1256.0,1,6,0,0,0,0,0,0,0,8493a5c14e61
AI,1256,1,AI1256.1,AI1256.1,0,7,0,0,0,0,0,0,0,07044d89c2d8
AI,1256,2,AI1256.2,AI1256.2,0,9,0,0,0,0,0,0,0,6801bcef500c
AI,1257,0,AI1257.0,AI1257.0,1,6,0,0,0,0,0,0,0,59d564f99a61
AI,1257,1,AI1257.1,AI1257.1,0,5,0,0,0,0,0,0,0,f34edaa745c3
AI,1257,2,AI1257.2,AI1257.2,0,10,0,0,1,0,0,0,0,8f8ff32c23f0
AI,1257,3,AI1257.3,AI1257.3,0,24,0,0,0,0,0,0,0,8fbab34f0a4d
AI,1259,1,AI1259.1,AI1259.1,0,14,0,0,0,0,0,0,0,12cf0befdbcc
AI,1259,2,AI1259.2,AI1259.2,0,28,0,0,0,0,0,0,0,d3a864ef4dc2
AI,1259,3,AI1259.3,AI1259.3,0,57,0,0,0,0,1,0,0,5e6f1b4d4744
AI,1260,1,AI1260.1,AI1260.1,0,16,0,0,0,0,0,0,0,33cea2a6ea66
AI,1260,2,AI1260.2,AI1260.2,0,12,0,0,0,0,0,0,0,2ed7415814d7
AI,1260,3,AI1260.3,AI1260.3,0,17,0,0,0,0,0,0,0,a26311431243
AI,1260,4,AI1260.4,AI1260.4,0,7,0,0,0,0,0,0,0,5990e9100d08
AI,1260,5,AI1260.5,AI1260.5,0,34,0,0,0,0,0,0,0,05a11932cfdf
AI,1260,6,AI1260.6,AI1260.6,0,17,0,0,0,0,0,0,0,69096e3941eb
AI,1261,1,AI1261.1,AI1261.1,0,23,0,0,0,0,0,0,0,9987719c4f00
AI,1261,2,AI1261.2,AI1261.2,0,14,0,0,0,0,0,0,0,1dd1e3fbfaf4
AI,1261,3,AI1261.3,AI1261.3,0,40,0,0,0,0,0,0,0,0179bc7ac1f7
AI,1261,4,AI1261.4,AI1261.4,0,16,0,0,0,0,0,0,0,1302eff7cd3f
AI,1261,5,AI1261.5,AI1261.5,0,47,0,0,0,0,0,0,0,5478ddd2a18d
AI,1261,6,AI1261.6,AI1261.6,0,24,0,0,0,0,1,0,0,dc71acde2535
AI,1261,7,AI1261.7,AI1261.7,0,16,0,0,0,0,0,0,0,67c39e80559b
AI,1261,8,AI1261.8,AI1261.8,0,10,0,0,0,0,0,0,0,db303ced7c9a
AI,1261,9,AI1261.9,AI1261.9,0,30,0,0,0,0,1,0,0,87e4d0791ffa
AI,1261,10,AI1261.10,AI1261.10,0,9,0,0,0,0,0,0,0,fdcf4ad44c3e
AI,1261,11,AI1261.11,AI1261.11,0,3,0,0,0,0,0,0,0,58a7b52ed926
AI,1261,12,AI1261.12,AI1261.12,0,12,0,0,0,0,0,0,0,4de4246ae88b
AI,1261,13,AI1261.13,AI1261.13,0,12,0,0,0,0,0,0,0,d8b6ff0f7949
AI,1262,1,AI1262.1,AI1262.1,0,15,0,0,0,0,0,0,0,6eb71a9d87e1
AI,1262,2,AI1262.2,AI1262.2,0,10,0,0,0,0,0,0,0,8a613571f994
AI,1262,3,AI1262.3,AI1262.3,0,7,0,0,0,0,0,0,0,9d0d4a330978
AI,1262,4,AI1262.4,AI1262.4,0,6,0,0,0,1,0,0,0,fea1e9e5bf4e
AI,1262,5,AI1262.5,AI1262.5,0,7,0,0,0,0,0,0,0,300527939abd
AI,1262,6,AI1262.6,AI1262.6,0,4,0,0,0,0,0,0,0,00a7547057c0
AI,1262,7,AI1262.7,AI1262.7,0,5,0,0,0,0,0,0,0,078345faec37
AI,1262,8,AI1262.8,AI1262.8,0,20,0,0,0,0,0,0,0,a316b4bdb7ea
AI,1262,9,AI1262.9,AI1262.9,0,7,0,0,0,0,0,0,0,e953fac80d7e
AI,1262,10,AI1262.10,AI1262.10,0,58,0,0,0,0,1,0,0,4a8f18d36b63
AI,1262,11,AI1262.11,AI1262.11,0,28,0,0,0,0,0,0,0,97433cc5c414
AI,1262,12,AI1262.12,AI1262.12,0,4,0,0,0,0,0,0,0,70e6e2cea985
AI,1262,13,AI1262.13,AI1262.13,0,26,0,0,0,0,0,0,0,fcf3167445ea
AI,1262,13,AI1262.13,AI1262.13,0,40,0,0,0,0,0,0,0,cca7b7e4caa5
AI,1263,1,AI1263.1,AI1263.1,0,16,0,0,0,0,0,0,0,caf4e0aeac9e
AI,1263,2,AI1263.2,AI1263.2,0,78,0,0,0,0,0,0,0,4b18b24701de
AI,1263,3,AI1263.3,AI1263.3,0,5,0,0,0,0,0,0,0,9e40bb66ec6e
AI,1264,1,AI1264.1,AI1264.1,0,15,0,0,0,0,0,0,0,d66aae88a24b
AI,1264,2,AI1264.2,AI1264.2,0,20,0,0,0,0,0,0,0,e544758e744c
AI,1264,3,AI1264.3,AI1264.3,0,10,0,0,0,0,0,0,0,20e08f91f321
AI,1264,4,AI1264.4,AI1264.4,0,17,0,0,0,0,0,0,0,bc299c4e1f03
AI,1265,1,AI1265.1,AI1265.1,0,23,0,0,0,0,0,0,0,c07cfd533b70
AI,1265,2,AI1265.2,AI1265.2,0,18,0,0,0,0,1,0,0,71ab302543fc
AI,1265,3,AI1265.3,AI1265.3,0,19,0,0,0,0,0,0,0,b87500d392e1
AI,1266,1,AI1266.1,AI1266.1,0,15,0,0,0,0,0,0,0,516a1642db43
AI,1266,2,AI1266.2,AI1266.2,0,10,0,0,0,0,0,0,0,63145e2eb086
AI,1266,3,AI1266.3,AI1266.3,0,27,0,0,0,0,1,0,0,a09a80b594d4
AI,1267,1,AI1267.1,AI1267.1,0,16,0,0,0,0,0,0,0,7c18ee1a915c
AI,1267,2,AI1267.2,AI1267.2,0,19,0,0,0,0,0,0,0,dc606c305bec
AI,1268,1,AI1268.1,AI1268.1,0,16,0,0,0,0,0,0,0,987a16fd84cb
AI,1268,2,AI1268.2,AI1268.2,0,8,0,0,0,0,0,0,0,94c0ff931613
AI,1268,4,AI1268.4,AI1268.4,0,24,0,0,0,0,0,0,0,44a9671c5215
AI,1268,5,AI1268.5,AI1268.5,0,10,0,0,0,0,0,0,0,7453be460b28
AI,1269,1,AI1269.1,AI1269.1,0,23,0,0,0,0,0,0,0,4df46fa75405
AI,1269,2,AI1269.2,AI1269.2,0,25,0,0,0,0,0,0,0,37f0923f902b
AI,1269,3,AI1269.3,AI1269.3,0,40,0,0,0,0,0,0,0,36f488a72f06
AI,1269,4,AI1269.4,AI1269.4,0,20,0,0,0,0,0,0,0,cf918641a5a9
AI,1269,5,AI1269.5,AI1269.5,0,39,0,0,0,0,0,0,0,7aaa96347d60
AI,1269,6,AI1269.6,AI1269.6,0,59,0,0,0,0,1,0,0,b72fe9da722b
AI,1269,7,AI1269.7,AI1269.7,0,6,0,0,0,0,0,0,0,e17f73da09b9
AI,1270,1,AI1270.1,AI1270.1,0,15,0,0,0,0,0,0,0,30661e697065
AI,1270,2,AI1270.2,AI1270.2,0,21,0,0,0,0,0,0,0,c5caa9c1f27d
AI,1271,1,AI1271.1,AI1271.1,0,16,0,0,0,0,0,0,0,85c0ac2601b0
AI,1271,2,AI1271.2,AI1271.2,0,14,0,0,0,0,0,0,0,8dda6206d4d6
AI,1271,3,AI1271.3,AI1271.3,0,6,0,0,0,0,0,0,0,5b06b64870ec
AI,1271,4,AI1271.4,AI1271.4,0,15,0,0,0,0,0,0,0,3a068ff03b7e
AI,1271,5,AI1271.5,AI1271.5,0,29,0,0,0,0,0,0,0,1ef12666fe42
AI,1271,6,AI1271.6,AI1271.6,0,28,0,0,0,0,0,0,0,ce95e6d1b8c5
AI,1271,7,AI1271.7,AI1271.7,0,36,0,0,0,0,0,0,0,cfd7c2abbcb0
AI,1271,8,AI1271.8,AI1271.8,0,50,0,0,0,0,0,0,0,f877e5ae7fea
AI,1271,9,AI1271.9,AI1271.9,0,14,0,0,0,0,0,0,0,40f9905e7f65
AI,1271,10,AI1271.10,AI1271.10,0,16,0,0,0,0,0,0,0,9bc642868b2d
AI,1272,1,AI1272.1,AI1272.1,0,15,0,0,0,0,0,0,0,18084318b652
AI,1272,2,AI1272.2,AI1272.2,0,42,0,0,0,0,0,0,0,aa2b23311529
AI,1272,3,AI1272.3,AI1272.3,0,42,0,0,0,0,1,0,0,67864f35d82a
AI,1272,4,AI1272.4,AI1272.4,0,14,0,0,0,0,0,0,0,efb6c760c83b
AI,1273,1,AI1273.1,AI1273.1,0,25,0,0,0,0,0,0,0,b28513ea66aa
AI,1273,2,AI1273.2,AI1273.2,0,15,0,0,0,0,0,0,0,7b0b5cbc5822
AI,1274,0,AI1274.0,AI1274.0,1,17,0,0,0,0,0,0,0,6a5fcdfbb659
AI,1275,1,AI1275.1,AI1275.1,0,15,0,0,0,0,0,0,0,df8182ff4f0d
AI,1276,1,AI1276.1,AI1276.1,0,15,0,0,0,0,0,0,0,4c4db4811a1a
AI,1276,2,AI1276.2,AI1276.2,0,12,0,0,0,0,0,0,0,29289bfa4e2e
AI,1276,3,AI1276.3,AI1276.3,0,21,0,0,0,0,0,0,0,78de864d6926
AI,1277,1,AI1277.1,AI1277.1,0,19,0,0,0,0,0,0,0,cb85105ac0d3
AI,1278,1,AI1278.1,AI1278.1,0,8,0,0,0,0,0,0,0,7c54b657a596
AI,1278,2,AI1278.2,AI1278.2,0,41,0,0,0,0,0,0,0,d72f257205da
AI,1278,3,AI1278.3,AI1278.3,0,22,0,0,0,0,1,0,0,39c0578f29b3
AI,1278,4,AI1278.4,AI1278.4,0,9,0,0,0,0,0,0,0,4514902b7604
AI,1278,5,AI1278.5,AI1278.5,0,9,0,0,0,0,0,0,0,cc9c2d59b4f5
AI,1279,1,AI1279.1,AI1279.1,0,9,0,0,0,0,0,0,0,a36bf954cd10
AI,1279,2,AI1279.2,AI1279.2,0,46,0,0,0,0,0,0,0,7d2684816f60
AI,1280,1,AI1280.1,AI1280.1,0,15,0,0,0,0,0,0,0,c524e850ab67
AI,1280,2,AI1280.2,AI1280.2,0,9,0,0,0,0,0,0,0,0f98bd744a51
AI,1280,3,AI1280.3,AI1280.3,0,16,0,0,0,0,0,0,0,08c900e4e189
AI,1280,4,AI1280.4,AI1280.4,0,82,0,0,0,0,0,0,0,c156f20b02a7
AI,1280,5,AI1280.5,AI1280.5,0,14,0,0,0,0,0,0,0,b912a8a8483d
AI,1280,6,AI1280.6,AI1280.6,0,31,0,0,0,0,1,0,0,217061c9e434
AI,1280,7,AI1280.7,AI1280.7,0,10,0,0,0,0,0,0,0,39ceaa62b285
AI,1281,1,AI1281.1,AI1281.1,0,15,0,0,0,0,0,0,0,8d9d4c1ad5c8
AI,1281,2,AI1281.2,AI1281.2,0,53,0,0,0,0,0,0,0,cfb66dc08fbe
AI,1281,3,AI1281.3,AI1281.3,0,74,0,0,0,0,0,0,0,80b60a041a4a
AI,1281,4,AI1281.4,AI1281.4,0,80,0,0,0,0,0,0,0,c39c982ffff6
AI,1281,5,AI1281.5,AI1281.5,0,116,0,0,0,0,0,0,0,75b48cc45bd8
AI,1281,6,AI1281.6,AI1281.6,0,20,0,0,0,0,1,0,0,89e5ab94e755
AI,1281,7,AI1281.7,AI1281.7,0,26,0,0,0,0,0,0,0,c4b135b7f904
AI,1281,8,AI1281.8,AI1281.8,0,18,0,0,0,0,0,0,0,163aa83248eb
AI,1281,9,AI1281.9,AI1281.9,0,36,0,0,0,0,0,0,0,e91aace507f1
AI,1281,1,AI1281.1,AI1281.1,0,26,0,0,0,0,0,0,0,57591ca62816
AI,1281,2,AI1281.2,AI1281.2,0,8,0,0,0,0,0,0,0,78dd05d92539
AI,1281,3,AI1281.3,AI1281.3,0,11,0,0,0,0,0,0,0,572bdba5a735
AI,1281,4,AI1281.4,AI1281.4,0,10,0,0,0,0,1,0,0,fd5fad74f852
AI,1281,5,AI1281.5,AI1281.5,0,10,0,0,0,0,1,0,0,c65601704fad
AI,1281,6,AI1281.6,AI1281.6,0,19,0,0,0,0,0,0,0,278452b8d813
AI,1281,7,AI1281.7,AI1281.7,0,231,0,0,0,0,0,0,0,1bbaaf49d808
AI,1281,8,AI1281.8,AI1281.8,0,22,0,0,0,0,0,0,0,861672f3128d
AI,1281,9,AI1281.9,AI1281.9,0,99,0,0,0,0,0,0,0,b3df2891dc9e
AI,1281,10,AI1281.10,AI1281.10,0,23,0,0,0,0,0,0,0,2d5d2bc0ad1c
AI,1282,1,AI1282.1,AI1282.1,0,26,0,0,0,0,0,0,0,e011e778b48d
AI,1282,2,AI1282.2,AI1282.2,0,96,0,0,0,0,0,0,0,85613e1533f0
AI,1282,3,AI1282.3,AI1282.3,0,48,0,0,0,0,1,0,0,7a20756888ef
AI,1282,4,AI1282.4,AI1282.4,0,35,0,0,1,0,0,0,0,2a9cfedd7b75
AI,1282,5,AI1282.5,AI1282.5,0,35,0,0,0,0,0,0,0,8f1079287534
AI,1282,6,AI1282.6,AI1282.6,0,19,0,0,0,0,0,0,0,ca57e57110bc
AI,1283,1,AI1283.1,AI1283.1,0,26,0,0,0,0,0,0,0,216450d8eb39
AI,1283,2,AI1283.2,AI1283.2,0,41,0,0,0,0,0,0,0,5755e1bdc67a
AI,1283,3,AI1283.3,AI1283.3,0,236,0,0,0,0,0,0,0,a08fa6e7bcaf
AI,1283,4,AI1283.4,AI1283.4,0,72,0,0,0,0,0,0,0,b90638423fb8
AI,1283,5,AI1283.5,AI1283.5,0,9,0,0,0,0,0,0,0,3d898608c473
AI,1283,6,AI1283.6,AI1283.6,0,18,0,0,0,0,0,0,0,abbc2576907c
AI,1283,7,AI1283.7,AI1283.7,0,17,0,0,0,0,0,0,0,7ea5417f7d28
AI,1283,8,AI1283.8,AI1283.8,0,44,0,0,1,0,0,0,0,9f2f67c66c97
AI,1283,9,AI1283.9,AI1283.9,0,15,0,0,0,0,1,0,0,d1739da2e03d
AI,1283,10,AI1283.10,AI1283.10,0,18,0,0,0,1,1,0,0,95926569832d
AI,1283,11,AI1283.11,AI1283.11,0,65,0,0,0,0,1,0,0,5674f52dd6a5
AI,1284,1,AI1284.1,AI1284.1,0,8,0,0,0,0,0,0,0,5eb150ffa66b
AI,1284,2,AI1284.2,AI1284.2,0,9,0,0,0,0,0,0,0,82c093a6c486
AI,1284,3,AI1284.3,AI1284.3,0,8,0,0,0,0,0,0,0,e3763518adaf
AI,1284,4,AI1284.4,AI1284.4,0,103,0,0,0,0,1,0,0,09aae6f5b55e
AI,1285,1,AI1285.1,AI1285.1,0,8,0,0,0,0,0,0,0,8287469cdf2c
AI,1285,2,AI1285.2,AI1285.2,0,27,0,0,0,0,0,0,0,f006d21bb659
AI,1285,3,AI1285.3,AI1285.3,0,41,0,0,0,0,0,0,0,8f7a687d279b
AI,1285,4,AI1285.4,AI1285.4,0,73,0,0,0,0,0,0,0,a34de1d816fc
AI,1295,1,AI1295.1,AI1295.1,0,26,0,0,0,0,0,0,0,374c00082c71
AI,1295,2,AI1295.2,AI1295.2,0,48,0,0,1,0,0,0,0,1a96ad2e4765
AI,1295,3,AI1295.3,AI1295.3,0,5,0,0,0,0,0,0,0,a6fd6baae467
AI,1296,1,AI1296.1,AI1296.1,0,15,0,0,0,0,0,0,0,c4edef393f3f
AI,1296,2,AI1296.2,AI1296.2,0,59,0,0,0,0,0,0,0,2b638e6b6a3d
AI,1296,3,AI1296.3,AI1296.3,0,74,0,0,0,0,0,0,0,3e02a9a237d8
AI,1296,4,AI1296.4,AI1296.4,0,44,0,0,0,0,0,0,0,4b6af714da14
AI,1296,5,AI1296.5,AI1296.5,0,44,0,0,0,0,0,0,0,41fef6200dce
AI,1296,6,AI1296.6,AI1296.6,0,53,0,1,1,0,0,0,0,120fa744484f
AI,1296,7,AI1296.7,AI1296.7,0,7,0,0,0,0,0,0,0,4f42c018b2bd
AI,1296,1,AI1296.1,AI1296.1,0,15,0,0,0,0,0,0,0,1042c045e560
AI,1296,2,AI1296.2,AI1296.2,0,21,0,0,0,0,0,0,0,fc9466f0bc1d
AI,1296,3,AI1296.3,AI1296.3,0,24,0,0,0,0,0,0,0,57ca4187ae95
AI,1296,4,AI1296.4,AI1296.4,0,55,0,0,0,0,0,0,0,ab598c1bbdfe
AI,1296,5,AI1296.5,AI1296.5,0,30,0,0,0,0,0,0,0,02645adac2da
AI,1296,6,AI1296.6,AI1296.6,0,3,0,0,0,0,0,0,0,83adb527f2c6
AI,1296,7,AI1296.7,AI1296.7,0,4,0,0,0,0,0,0,0,a8e4bf17c453
AI,1296,8,AI1296.8,AI1296.8,0,7,0,0,0,0,0,0,0,5e3105b948e5
AI,1296,9,AI1296.9,AI1296.9,0,10,0,0,0,0,0,0,0,851461105876
AI,1298,0,AI1298.0,AI1298.0,1,2,0,0,0,0,0,0,0,9554f8c219a0
AI,1298,1,AI1298.1,AI1298.1,0,23,0,0,0,0,0,0,0,2b57f3887f30
AI,1298,2,AI1298.2,AI1298.2,0,27,0,0,0,0,1,0,0,b19947868178
AI,1299,0,AI1299.0,AI1299.0,1,5,0,0,0,0,0,0,0,2d4cff251193
AI,1301,1,AI1301.1,AI1301.1,0,7,0,0,0,0,0,0,0,dd015249718b
AI,1301,2,AI1301.2,AI1301.2,0,92,0,0,0,0,0,0,0,ff2079c2d9c1
AI,1301,3,AI1301.3,AI1301.3,0,21,0,0,0,0,0,0,0,528646fb5358
AI,1301,4,AI1301.4,AI1301.4,0,8,0,0,0,0,0,0,0,eebc81a9a97c
AI,1301,5,AI1301.5,AI1301.5,0,77,0,0,0,0,0,0,0,a230138c301e
AI,1302,0,AI1302.0,AI1302.0,1,3,0,0,0,0,0,0,0,a02e99c75e05
AI,1303,0,AI1303.0,AI1303.0,1,3,0,0,0,0,0,0,0,04511a5e73d6
AI,1304,0,AI1304.0,AI1304.0,1,3,0,0,0,0,0,0,0,7e211f94edb6
AI,1304,1,AI1304.1,AI1304.1,0,33,0,1,0,0,0,0,0,64670f49733e
AI,1305,0,AI1305.0,AI1305.0,1,3,0,0,0,0,0,0,0,abd2858a83f9
AI,1305,1,AI1305.1,AI1305.1,0,18,0,0,0,0,0,0,0,c358ea4bb9b0
AI,1305,2,AI1305.2,AI1305.2,0,11,0,0,0,0,0,0,0,49edae92449b
AI,1305,3,AI1305.3,AI1305.3,0,39,0,0,0,0,0,0,0,0834ab6dc212
AI,1305,4,AI1305.4,AI1305.4,0,236,0,0,0,0,0,0,0,7e56c4d32992
AI,1305,5,AI1305.5,AI1305.5,0,20,0,0,0,0,0,0,0,b2113404db1b
AI,1305,6,AI1305.6,AI1305.6,0,7,0,0,0,0,0,0,0,eba02f1d74df
AI,1305,7,AI1305.7,AI1305.7,0,34,0,0,0,0,0,0,0,dbfa78ee6aec
AI,1305,8,AI1305.8,AI1305.8,0,8,0,0,0,0,0,0,0,d27734c263a8
AI,1305,9,AI1305.9,AI1305.9,0,15,0,0,0,0,1,0,0,376bbed55803
AI,1305,10,AI1305.10,AI1305.10,0,23,0,0,0,0,0,0,0,47eaad7c7432
AI,1305,11,AI1305.11,AI1305.11,0,33,0,0,0,0,0,0,0,77599721143f
AI,1306,0,AI1306.0,AI1306.0,1,3,0,0,0,0,0,0,0,84f1b41a0d40
AI,1306,1,AI1306.1,AI1306.1,0,48,0,0,0,0,0,0,0,8a6bff4bd451
AI,1306,2,AI1306.2,AI1306.2,0,17,0,0,0,0,0,0,0,cfc7b4706bfe
AI,1306,3,AI1306.3,AI1306.3,0,9,0,0,0,0,0,0,0,f39c558dbefe
AI,1306,4,AI1306.4,AI1306.4,0,25,0,0,0,0,0,0,0,7b027d6ae53f
AI,1306,5,AI1306.5,AI1306.5,0,30,0,0,0,0,0,0,0,fa55151dbc2a
AI,1306,6,AI1306.6,AI1306.6,0,62,0,0,0,0,0,0,0,eb1df377115d
AI,1307,0,AI1307.0,AI1307.0,1,4,0,0,0,0,0,0,0,c5583d1c6271
AI,1307,1,AI1307.1,AI1307.1,0,125,0,1,1,0,0,0,0,39919f23e9af
AI,1307,2,AI1307.2,AI1307.2,0,19,0,1,0,0,0,0,0,ebcd84490706
AI,1307,3,AI1307.3,AI1307.3,0,17,0,0,0,0,0,0,0,80402af22b89
AI,1308,0,AI1308.0,AI1308.0,1,4,0,0,0,0,0,0,0,5171def383b4
AI,1308,1,AI1308.1,AI1308.1,0,12,0,0,0,0,0,0,0,b95eb0ac4799
AI,1308,2,AI1308.2,AI1308.2,0,9,0,0,0,0,0,0,0,cbe728bf1967
AI,1308,3,AI1308.3,AI1308.3,0,14,0,0,0,0,0,0,0,355fadc797fb
AI,1308,4,AI1308.4,AI1308.4,0,21,0,0,0,0,0,0,0,9f52a47d1cb2
AI,1308,5,AI1308.5,AI1308.5,0,33,0,0,0,0,0,0,0,c4034f19e5ad
AI,1308,6,AI1308.6,AI1308.6,0,24,0,0,0,0,1,0,0,2e6b57ea612e
AI,1308,7,AI1308.7,AI1308.7,0,43,0,0,0,0,0,0,0,a1390bd7f0b6
AI,1308,8,AI1308.8,AI1308.8,0,60,0,0,0,0,0,0,0,02688d4968b1
AI,1308,9,AI1308.9,AI1308.9,0,44,0,0,0,0,0,0,0,91d2e838e80f
AI,1309,0,AI1309.0,AI1309.0,1,4,0,0,0,0,0,0,0,86e69a59f9bf
AI,1309,1,AI1309.1,AI1309.1,0,57,0,0,0,0,1,0,0,ef883fe59cfd
AI,1309,2,AI1309.2,AI1309.2,0,31,0,0,0,0,0,0,0,91519e25d206
AI,1309,3,AI1309.3,AI1309.3,0,35,0,0,0,0,0,0,0,f15a7a291fe7
AI,1309,4,AI1309.4,AI1309.4,0,90,0,0,0,0,0,0,0,d931b554f9c7
AI,1310,1,AI1310.1,AI1310.1,0,48,0,0,0,0,0,0,0,dcb237c4403d
AI,1310,2,AI1310.2,AI1310.2,0,107,0,0,0,0,0,0,0,fdbbf8fd6764
AI,1310,3,AI1310.3,AI1310.3,0,29,0,0,0,0,0,0,0,1f6cd61af74c
AI,1310,4,AI1310.4,AI1310.4,0,10,0,0,0,0,0,0,0,c6bf1eec2753
AI,1310,5,AI1310.5,AI1310.5,0,14,0,0,0,0,0,0,0,b6a54d32d993
AI,1311,1,AI1311.1,AI1311.1,0,52,0,0,0,0,0,0,0,5663de38ddaa
AI,1311,2,AI1311.2,AI1311.2,0,60,0,0,0,0,0,0,0,f541aafb1cea
AI,1311,3,AI1311.3,AI1311.3,0,145,0,0,0,0,0,0,0,9589fd7956ca
AI,1311,4,AI1311.4,AI1311.4,0,179,0,0,0,1,0,0,0,796f58598b8c
AI,1311,5,AI1311.5,AI1311.5,0,115,0,0,0,0,0,0,0,29af5d1254dd
AI,1311,6,AI1311.6,AI1311.6,0,139,0,0,0,0,0,0,0,b42433d11c50
AI,1311,7,AI1311.7,AI1311.7,0,357,0,0,0,0,0,0,0,d0555ba20c53
AI,1311,8,AI1311.8,AI1311.8,0,28,0,0,0,0,0,0,0,8202b0cf0704
AI,1311,9,AI1311.9,AI1311.9,0,23,0,0,0,0,0,0,0,93fe52fc8562
AI,1311,10,AI1311.10,AI1311.10,0,12,0,0,0,0,0,0,0,553c7c90b5a3
AI,1311,11,AI1311.11,AI1311.11,0,51,0,0,0,0,1,0,0,6e9124b32e03
AI,1311,12,AI1311.12,AI1311.12,0,17,0,0,0,0,0,0,0,ed2dd87a345e
AI,1311,13,AI1311.13,AI1311.13,0,161,0,0,0,0,0,0,0,4bcc2f06e781
AI,1311,14,AI1311.14,AI1311.14,0,14,0,0,0,0,0,0,0,6b86bf0aa1cb
AI,1311,15,AI1311.15,AI1311.15,0,200,0,0,0,0,0,0,0,8b6ad6ec3b41
AI,1312,0,AI1312.0,AI1312.0,1,3,0,0,0,0,0,0,0,eb58091ce061
AI,1312,1,AI1312.1,AI1312.1,0,45,0,0,0,0,0,0,0,f917c5da2483
AI,1312,2,AI1312.2,AI1312.2,0,31,0,0,0,0,0,0,0,beecd951fdce
AI,1312,3,AI1312.3,AI1312.3,0,23,0,0,0,0,0,0,0,11002551e2fb
AI,1312,4,AI1312.4,AI1312.4,0,37,0,0,0,0,0,0,0,1e83c588b1b2
AI,1312,5,AI1312.5,AI1312.5,0,20,0,0,0,0,0,0,0,fe2a84b39e8d
AI,1313,0,AI1313.0,AI1313.0,1,3,0,0,0,0,0,0,0,397b86a382aa
AI,1313,1,AI1313.1,AI1313.1,0,19,0,0,0,0,0,0,0,b98a5bf41440
AI,1313,2,AI1313.2,AI1313.2,0,23,0,0,0,0,0,0,0,55cdacead823
AI,1313,3,AI1313.3,AI1313.3,0,29,0,0,0,0,0,0,0,4da6d7f386c2
AI,1313,4,AI1313.4,AI13131.4,0,38,0,0,0,0,0,0,0,afb813b6f589
AI,1313,5,AI1313.5,AI1313.5,0,109,0,0,0,0,1,0,0,c9642983aa93
AI,1314,0,AI1314.0,AI1314.0,1,3,0,0,0,0,0,0,0,970de7aa1365
AI,1314,1,AI1314.1,AI1314.1,0,34,0,0,0,0,0,0,0,c08fc5ffe8de
AI,1314,2,AI1314.2,AI1314.2,0,18,0,0,0,0,0,0,0,f9d74235ada7
AI,1314,3,AI1314.3,AI1314.3,0,282,0,0,0,0,0,0,0,be2581775e2c
AI,1315,0,AI1315.0,AI1315.0,1,3,0,0,0,0,0,0,0,461712fb8be6
AI,1315,1,AI1315.1,AI1315.1,0,536,0,1,0,1,0,0,0,cbcca9b4e389
AI,1315,2,AI1315.2,AI1315.2,0,77,0,0,0,0,0,0,0,bf89522bed24
AI,1315,3,AI1315.3,AI1315.3,0,22,0,0,0,0,0,0,0,65f7c7980711
AI,1316,1,AI1316.1,AI1316.1,0,22,0,0,0,0,0,0,0,95c39f5d2651
AI,1316,2,AI1316.2,AI1316.2,0,22,0,0,0,0,0,0,0,a5332280740c
AI,1316,3,AI1316.3,AI1316.3,0,59,0,0,0,0,0,0,0,aac15529192f
AI,1316,4,AI1316.4,AI1316.4,0,19,0,0,0,0,0,0,0,39bb60abf763
AI,1316,5,AI1316.5,AI1316.5,0,23,0,0,0,0,1,0,0,2c93250c6e3a
AI,1316,6,AI1316.6,AI1316.6,0,55,0,0,0,0,1,0,0,d4e711830743
AI,1316,7,AI1316.7,AI1316.7,0,82,0,0,0,0,0,0,0,3a60e52f76b0
AI,1316,8,AI1316.8,AI1316.8,0,52,0,0,0,0,1,0,0,e150289436a1
AI,1316,9,AI1316.9,AI1316.9,0,65,0,0,0,0,0,0,0,9e068faa2d77
AI,1317,1,AI1317.1,AI1317.1,0,74,0,0,0,0,0,0,0,f2b0b882a36e
AI,1317,2,AI1317.2,AI1317.2,0,77,0,0,0,0,0,0,0,39c0825d1efb
AI,1317,3,AI1317.3,AI1317.3,0,103,0,1,0,0,1,0,0,cd1f263e124a
AI,1317,4,AI1317.4,AI1317.4,0,20,0,0,0,0,0,0,0,63aaf77e45ab
AI,1317,5,AI1317.5,AI1317.5,0,53,0,0,0,0,0,0,0,9cf3426cdf0e
AI,1317,6,AI1317.6,AI1317.6,0,47,0,0,0,0,1,0,0,a6dfcde0135b
AI,1317,7,AI1317.7,AI1317.7,0,41,0,0,0,0,1,0,0,a585533bc00b
AI,1317,8,AI1317.8,AI1317.8,0,104,0,0,0,0,0,0,0,923193ae0235
AI,1317,9,AI1317.9,AI1317.9,0,26,0,0,0,0,0,0,0,7cf786a7f0b5
AI,1317,10,AI1317.10,AI1317.10,0,39,0,0,0,0,0,0,0,65e06d41d8e3
AI,1318,1,AI1318.1,AI1318.1,0,81,0,0,0,0,0,0,0,206590846f13
AI,1318,2,AI1318.2,AI1318.2,0,6,0,1,0,0,0,0,0,1c1916dcb52a
AI,1318,3,AI1318.3,AI1318.3,0,86,0,0,0,0,0,0,0,e92f3a5c3f9d
AI,1318,4,AI1318.4,AI1318.4,0,21,0,0,0,0,0,0,0,a23277a4b8b5
AI,1318,5,AI1318.5,AI1318.5,0,10,1,0,0,0,0,0,1,6dd1e208781c
AI,1318,6,AI1318.6,AI1318.6,0,53,0,0,0,0,0,0,0,2f7b54d4c463
AI,1319,1,AI1319.1,AI1319.1,0,164,0,0,0,0,0,0,0,2f49a70ae039
AI,1320,1,AI1320.1,AI1320.1,0,9,0,0,0,0,0,0,0,49776c839495
AI,1320,1,AI1320.1,AI1320.1,0,83,0,0,0,0,0,0,0,c0ae061cc8e0
AI,1320,2,AI1320.2,AI1320.2,0,21,0,0,0,0,0,0,0,1ccdeb0f3083
AI,1320,4,AI1320.4,AI1320.4,0,30,0,0,0,0,0,0,0,b16359608a8a
AI,1321,1,AI1321.1,AI1321.1,0,9,0,0,0,0,0,0,0,f72d70291d78
AI,1321,2,AI1321.2,AI1321.2,0,8,0,0,0,0,0,0,0,2b17152e2676
AI,1321,3,AI1321.3,AI1321.3,0,22,0,0,0,0,0,0,0,ee36251dcb09
AI,1321,4,AI1321.4,AI1321.4,0,96,0,0,0,0,0,0,0,c0202760601d
AI,1292,1,AI1292.1,AI1292.1,0,30,0,0,0,0,0,0,0,dd53c1890bef
AI,1328,1,AI1328.1,AI1328.1,0,26,0,0,0,0,0,0,0,390ae57398f1
AI,1359,1,AI1359.1,AI1359.1,0,55,0,0,0,0,0,0,0,301a68c549d9
AI,1390,1,AI1390.1,AI1390.1,0,78,0,0,0,0,0,0,0,478f01aba435
AI,1428,1,AI1428.1,AI1428.1,0,85,0,0,0,0,0,0,0,a89eb56fa2a9
AI,1450,1,AI1450.1,AI1450.1,0,13,0,0,0,0,0,0,0,d1b46e98643e
AI,1450,2,AI1450.2,AI1450.2,0,75,0,0,0,0,0,0,0,419453768b4a
AI,1450,3,AI1450.3,AI1450.3,0,44,0,0,0,0,0,0,0,52fb05f5e488
AI,1450,4,AI1450.4,AI1450.4,0,16,0,0,0,0,0,0,0,021609086e51
AI,1450,5,AI1450.5,AI1450.5,0,102,0,0,0,0,0,0,0,9ebcad6cd6d3
CS,353,0,CS353.0,CS353.0,1,4,0,0,0,0,0,0,0,1948a040f8a2
CS,353,1,CS353.1,CS353.1,0,6,0,0,0,0,0,0,0,ae0bf535ef15
CS,354,0,CS354.0,CS354.0,1,3,0,0,0,0,0,0,0,057244101b1f
CS,355,0,CS355.0,CS355.0,1,2,0,0,0,0,0,0,0,9a33835293e3
CS,356,0,CS356.0,CS356.0,1,2,0,0,0,0,0,0,0,1ba42320bf8c
CS,357,0,CS357.0,CS357.0,1,2,0,0,0,0,0,0,0,ab770bf58151
CS,358,0,CS358.0,CS358.0,1,2,0,0,0,0,0,0,0,a7cf5850074b
CS,359,0,CS359.0,CS359.0,1,2,0,0,0,0,0,0,0,fb8716e499b4
CS,360,0,CS360.0,CS360.0,1,2,0,0,0,0,0,0,0,4d311b5d2729
CS,361,0,CS361.0,CS361.0,1,2,0,0,0,0,0,0,0,9a33835293e3
CS,362,0,CS362.0,CS362.0,1,2,0,0,0,0,0,0,0,1ba42320bf8c
CS,364,0,CS364.0,CS364.0,1,3,0,0,0,0,0,0,0,ca0433730b1d
CS,364,1,CS364.1,CS364.1,0,17,0,0,0,0,0,0,0,39ee763653e1
CS,364,2,CS364.2,CS364.2,0,12,0,0,0,0,0,0,0,808d39de53c1
CS,364,3,CS364.3,CS364.3,0,7,0,0,0,0,0,0,0,09657a2c10d0
CS,365,0,CS365.0,CS365.0,1,2,0,0,0,0,0,0,0,a7cf5850074b
CS,366,0,CS366.0,CS366.0,1,2,0,0,0,0,0,0,0,ab770bf58151
CS,367,0,CS367.0,CS367.0,1,2,0,0,0,0,0,0,0,a7cf5850074b
CS,368,0,CS368.0,CS368.0,1,1,0,0,0,0,0,0,0,0c093db09abf
CS,369,0,CS369.0,CS369.0,1,2,0,0,0,0,0,0,0,400f0f7c02ea
CS,369,1,CS369.1,CS369.1,0,8,0,0,0,0,0,0,0,23dbbc32f286
CS,370,0,CS370.0,CS370.0,1,2,0,0,0,0,0,0,0,fb8716e499b4
CS,371,0,CS371.0,CS371.0,1,2,0,0,0,0,0,0,0,a2ceeaf1a5fd
CS,371,1,CS371.1,CS371.1,0,3,0,0,0,0,0,0,0,bf321c5fc48d
CS,371,2,CS371.2,CS371.2,0,9,0,0,0,0,0,0,0,e048e4159ee5
CS,372,0,CS372.0,CS372.0,1,2,0,0,0,0,0,0,0,4d311b5d2729
CS,373,0,CS373.0,CS373.0,1,2,0,0,0,0,0,0,0,9a33835293e3
CS,374,0,CS374.0,CS374.0,1,2,0,0,0,0,0,0,0,1ba42320bf8c
CS,375,0,CS375.0,CS375.0,1,2,0,0,0,0,0,0,0,ab770bf58151
CS,376,0,CS376.0,CS376.0,1,3,0,0,0,0,0,0,0,1233709b88ab
CS,376,1,CS376.1,CS376.1,0,5,0,0,0,0,0,0,0,fb87cc02ef06
CS,376,2,CS376.2,CS376.2,0,4,0,0,0,0,0,0,0,3bf2b16182a5
CS,377,0,CS377.0,CS377.0,1,2,0,0,0,0,0,0,0,1ba42320bf8c
CS,378,0,CS378.0,CS378.0,1,2,0,0,0,0,0,0,0,4d311b5d2729
CS,379,0,CS379.0,CS379.0,1,2,0,0,0,0,0,0,0,9a33835293e3
CS,380,0,CS380.0,CS380.0,1,2,0,0,0,0,0,0,0,1ba42320bf8c
CS,381,0,CS381.0,CS381.0,1,2,0,0,0,0,0,0,0,ab770bf58151
CS,382,0,CS382.0,CS382.0,1,2,0,0,0,0,0,0,0,a65562f66993
CS,383,0,CS383.0,CS383.0,1,2,0,0,0,0,0,0,0,fb8716e499b4
CS,384,0,CS384.0,CS384.0,1,1,0,0,0,0,0,0,0,0c093db09abf
CS,385,0,CS385.0,CS385.0,1,2,0,0,0,0,0,0,0,8ad13ae48bed
CS,385,1,CS385.1,CS385.1,0,8,0,0,0,0,0,0,0,d04538dc8e7f
CS,386,0,CS386.0,CS386.0,1,2,0,0,0,0,0,0,0,9a33835293e3
CS,387,0,CS387.0,CS387.0,1,2,0,0,0,0,0,0,0,ab770bf58151
CS,388,0,CS388.0,CS388.0,1,2,0,0,0,0,0,0,0,a7cf5850074b
CS,389,0,CS389.0,CS389.0,1,2,0,0,0,0,0,0,0,fb8716e499b4
CS,390,0,CS390.0,CS390.0,1,2,0,0,0,0,0,0,0,a65562f66993
CS,391,0,CS391.0,CS391.0,1,2,0,0,0,0,0,0,0,4d311b5d2729
CS,392,0,CS392.0,CS392.0,1,2,0,0,0,0,0,0,0,1ba42320bf8c
CS,393,0,CS393.0,CS393.0,1,2,0,0,0,0,0,0,0,ab770bf58151
CS,394,0,CS394.0,CS394.0,1,2,0,0,0,0,0,0,0,a65562f66993
CS,395,0,CS395.0,CS395.0,1,2,0,0,0,0,0,0,0,fb8716e499b4
CS,396,0,CS396.0,CS396.0,1,2,0,0,0,0,0,0,0,4d311b5d2729
CS,397,0,CS397.0,CS397.0,1,2,0,0,0,0,0,0,0,9a33835293e3
CS,398,0,CS398.0,CS398.0,1,2,0,0,0,0,0,0,0,ab770bf58151
CS,399,0,CS399.0,CS399.0,1,2,0,0,0,0,0,0,0,a7cf5850074b
CS,400,0,CS400.0,CS400.0,1,2,0,0,0,0,0,0,0,a65562f66993
CS,401,0,CS401.0,CS401.0,1,2,0,0,0,0,0,0,0,fb8716e499b4
CS,402,0,CS402.0,CS402.0,1,2,0,0,0,0,0,0,0,9a33835293e3
CS,403,0,CS403.0,CS403.0,1,2,0,0,0,0,0,0,0,1ba42320bf8c
CS,404,0,CS404.0,CS404.0,1,2,0,0,0,0,0,0,0,ab770bf58151
CS,405,0,CS405.0,CS405.0,1,2,0,0,0,0,0,0,0,a7cf5850074b
CS,406,0,CS406.0,CS406.0,1,2,0,0,0,0,0,0,0,a65562f66993
CS,407,0,CS407.0,CS407.0,1,2,0,0,0,0,0,0,0,fb8716e499b4
CS,408,0,CS408.0,CS408.0,1,2,0,0,0,0,0,0,0,9a33835293e3
CS,409,0,CS409.0,CS409.0,1,2,0,0,0,0,0,0,0,1ba42320bf8c
CS,410,0,CS410.0,CS410.0,1,2,0,0,0,0,0,0,0,ab770bf58151
CS,411,0,CS411.0,CS411.0,1,2,0,0,0,0,0,0,0,a7cf5850074b
CS,412,0,CS412.0,CS412.0,1,3,0,0,0,0,0,0,0,72e4d8015f30
CS,412,1,CS412.1,CS412.1,0,19,0,0,0,0,0,0,0,688b1bed8ecb
CS,413,0,CS413.0,CS413.0,1,3,0,0,0,0,0,0,0,3d48dfd30178
CS,413,1,CS413.1,CS413.1,0,7,0,0,0,0,0,0,0,31f0dfa1c25b
CS,414,0,CS414.0,CS414.0,1,2,0,0,0,0,0,0,0,9a33835293e3
CS,415,0,CS415.0,CS415.0,1,3,0,0,0,0,0,0,0,9550b3ca8535
CS,416,0,CS416.0,CS416.0,1,2,0,0,0,0,0,0,0,a7cf5850074b
CS,417,0,CS417.0,CS417.0,1,2,0,0,0,0,0,0,0,a65562f66993
CS,418,0,CS418.0,CS418.0,1,2,0,0,0,0,0,0,0,fb8716e499b4
CS,419,0,CS419.0,CS419.0,1,2,0,0,0,0,0,0,0,4d311b5d2729
CS,420,0,CS420.0,CS420.0,1,2,0,0,0,0,0,0,0,1ba42320bf8c
CS,421,0,CS421.0,CS421.0,1,2,0,0,0,0,0,0,0,ab770bf58151
CS,422,0,CS422.0,CS422.0,1,2,0,0,0,0,0,0,0,a7cf5850074b
CS,423,0,CS423.0,CS423.0,1,2,0,0,0,0,0,0,0,a65562f66993
CS,424,0,CS424.0,CS424.0,1,2,0,0,0,0,0,0,0,4d311b5d2729
CS,425,0,CS425.0,CS425.0,1,2,0,0,0,0,0,0,0,9a33835293e3
CS,426,0,CS426.0,CS426.0,1,2,0,0,0,0,0,0,0,1ba42320bf8c
CS,427,0,CS427.0,CS427.0,1,2,0,0,0,0,0,0,0,ab770bf58151
CS,428,0,CS428.0,CS428.0,1,2,0,0,0,0,0,0,0,a65562f66993
CS,429,0,CS429.0,CS429.0,1,3,0,0,0,0,0,0,0,d4b66f1010b2
CS,429,1,CS429.1,CS429.1,0,22,0,0,0,0,0,0,0,a8e4f030f799
CS,430,0,CS430.0,CS430.0,1,3,0,0,0,0,0,0,0,b996c44260e2
CS,430,1,CS430.1,CS430.1,0,12,0,0,0,0,0,0,0,1b1b34d9fb4a
CS,430,2,CS430.2,CS430.2,0,11,0,0,0,0,0,0,0,228b4f76b626
CS,431,0,CS431.0,CS431.0,1,3,0,0,0,0,0,0,0,ba20c4e38ef7
CS,431,1,CS431.1,CS431.1,0,8,0,0,0,0,0,0,0,ec1154f9ee41
CS,432,0,CS432.0,CS432.0,1,3,0,0,0,0,0,0,0,a2acaae58c95
CS,432,1,CS432.1,CS432.1,0,23,0,0,0,0,0,0,0,73a350cab768
CS,432,2,CS432.2,CS432.2,0,47,0,0,0,0,0,0,0,e80cd4ddedb4
CS,433,0,CS433.0,CS433.0,1,3,0,0,0,0,0,0,0,ea26c1e609d0
CS,433,1,CS433.1,CS433.1,0,2,0,0,0,0,0,0,0,9f166267678a
CS,434,0,CS434.0,CS434.0,1,3,0,0,0,0,0,0,0,6817d528bc53
CS,434,1,CS434.1,CS434.1,0,5,0,0,1,0,0,0,0,3a3b215e9774
CS,435,0,CS435.0,CS435.0,1,1,0,0,0,0,0,0,0,0c093db09abf
CS,436,0,CS436.0,CS436.0,1,3,0,0,0,0,0,0,0,7690c4818818
CS,436,1,CS436.1,CS436.1,0,5,0,0,0,0,0,0,0,6ec94ccedfda
CS,437,0,CS437.0,CS437.0,1,2,0,0,0,0,0,0,0,ab770bf58151
CS,438,0,CS438.0,CS438.0,1,3,0,0,0,0,0,0,0,a88a550d18be
CS,438,1,CS438.1,CS438.1,0,23,0,0,0,0,0,0,0,42b32b3d2c9a
CS,438,2,CS438.2,CS438.2,0,8,0,0,0,0,0,0,0,624622d99f0a
CS,439,0,CS439.0,CS439.0,1,3,0,0,0,0,0,0,0,7dc4316800a3
CS,439,1,CS439.1,CS439.1,0,32,0,0,0,0,0,0,0,ce5d9edd0013
CS,440,0,CS440.0,CS440.0,1,3,0,0,0,0,0,0,0,841df94071a7
CS,440,1,CS440.1,CS440.1,0,5,0,0,0,0,0,0,0,0f39d012e841
CS,440,2,CS440.2,CS440.2,0,6,0,0,0,0,0,0,0,e721991588fa
CS,440,3,CS440.3,CS440.3,0,17,0,0,0,0,0,0,0,a4ca60719c75
CS,441,0,CS441.0,CS441.0,1,2,0,0,0,0,0,0,0,9a33835293e3
CS,442,0,CS442.0,CS442.0,1,2,0,0,0,0,0,0,0,a7cf5850074b
CS,443,0,CS443.0,CS443.0,1,2,0,0,0,0,0,0,0,a65562f66993
CS,444,0,CS444.0,CS444.0,1,2,0,0,0,0,0,0,0,fb8716e499b4
CS,445,0,CS445.0,CS445.0,1,3,0,0,0,0,0,0,0,67cf2411a80e
CS,445,1,CS445.1,CS445.1,0,24,1,0,0,0,0,1,0,4d981ce79408
CS,446,0,CS446.0,CS446.0,1,3,0,0,0,0,0,0,0,487fca4d6f47
CS,446,1,CS446.1,CS446.1,0,19,0,0,0,0,0,0,0,243f2af3fd5a
CS,447,0,CS447.0,CS447.0,1,2,0,0,0,0,0,0,0,ab770bf58151
CS,448,0,CS448.0,CS448.0,1,2,0,0,0,0,0,0,0,a7cf5850074b
CS,449,0,CS449.0,CS449.0,1,2,0,0,0,0,0,0,0,fb8716e499b4
CS,450,0,CS450.0,CS450.0,1,2,0,0,0,0,0,0,0,4d311b5d2729
CS,451,0,CS451.0,CS451.0,1,2,0,0,0,0,0,0,0,9a33835293e3
CS,452,0,CS452.0,CS452.0,1,3,0,0,0,0,0,0,0,ab65d22716fb
CS,452,1,CS452.1,CS452.1,0,11,0,0,0,0,0,0,0,86e6ca744036
CS,453,0,CS453.0,CS453.0,1,3,0,0,0,0,0,0,0,cbc0c4300fbe
CS,453,1,CS453.1,CS453.1,0,10,0,0,0,0,0,0,0,9c3671cdec4d
CS,454,0,CS454.0,CS454.0,1,2,0,0,0,0,0,0,0,a65562f66993
CS,455,0,CS455.0,CS455.0,1,3,0,0,0,0,0,0,0,07f1643ca42b
CS,455,1,CS455.1,CS455.1,0,6,0,0,0,0,0,0,0,4a5f3ff62ba6
CS,456,0,CS456.0,CS456.0,1,2,0,0,0,0,0,0,0,4d311b5d2729
CS,457,0,CS457.0,CS457.0,1,3,0,0,0,0,0,0,0,e667ac2ce73e
CS,457,1,CS457.1,CS457.1,0,12,0,0,0,0,0,0,0,47a4afe7f811
CS,458,0,CS458.0,CS458.0,1,3,0,0,0,0,0,0,0,c5cf93bb4d2e
CS,458,1,CS458.1,CS458.1,0,39,0,0,0,0,0,0,0,82469ac8339b
CS,459,0,CS459.0,CS459.0,1,3,0,0,0,0,0,0,0,e99c2b9907c9
CS,459,1,CS459.1,CS459.1,0,17,0,0,0,0,0,0,0,38142809cf6a
CS,460,0,CS460.0,CS460.0,1,2,0,0,0,0,0,0,0,f6d44192f35f
CS,460,1,CS460.1,CS460.1,0,77,0,1,0,0,0,0,0,4ec07ed0d6d7
CS,461,0,CS461.0,CS461.0,1,3,0,0,0,0,0,0,0,0dcc60bb7c29
CS,461,1,CS461.1,CS461.1,0,10,0,0,0,0,0,0,0,06220ff296ea
CS,462,0,CS462.0,CS462.0,1,2,0,0,0,0,0,0,0,a65562f66993
CS,463,0,CS463.0,CS463.0,1,2,0,0,0,0,0,0,0,fb8716e499b4
CS,464,0,CS464.0,CS464.0,1,3,0,0,0,0,0,0,0,d162f75af35b
CS,464,1,CS464.1,CS464.1,0,5,0,0,0,0,0,0,0,f1c240eb18e1
CS,465,0,CS465.0,CS465.0,1,3,0,0,0,0,0,0,0,f30d42cb1700
CS,465,1,CS465.1,CS465.1,0,6,0,0,0,0,0,0,0,080cd803d7f6
CS,466,0,CS466.0,CS466.0,1,2,0,0,0,0,0,0,0,ab770bf58151
CS,467,0,CS467.0,CS467.0,1,3,0,0,0,0,0,0,0,d8a0f8aea9cb
CS,467,1,CS467.1,CS467.1,0,8,0,0,0,0,0,0,0,62d8d3c689d1
CS,468,0,CS468.0,CS468.0,1,2,0,0,0,0,0,0,0,a65562f66993
CS,469,0,CS469.0,CS469.0,1,2,0,0,0,0,0,0,0,fb8716e499b4
CS,470,0,CS470.0,CS470.0,1,2,0,0,0,0,0,0,0,9a33835293e3
CS,471,0,CS471.0,CS471.0,1,3,0,0,0,0,0,0,0,bc306963dac0
CS,471,1,CS471.1,CS471.1,0,12,0,0,0,0,0,0,0,0db5791b9ac8
CS,472,0,CS472.0,CS472.0,1,2,0,0,0,0,0,0,0,66ddf774b5ee
CS,472,1,CS472.1,CS472.1,0,11,0,0,0,0,0,0,0,ae254845a6d0
CS,473,0,CS473.0,CS473.0,1,2,0,0,0,0,0,0,0,a7cf5850074b
CS,474,0,CS474.0,CS474.0,1,2,0,0,0,0,0,0,0,fb8716e499b4
CS,475,0,CS475.0,CS475.0,1,2,0,0,0,0,0,0,0,4d311b5d2729
CS,476,0,CS476.0,CS476.0,1,3,0,0,0,0,0,0,0,f5cdd57c580f
CS,476,1,CS476.1,CS476.1,0,7,0,0,0,0,0,0,0,f046351fd741
CS,477,0,CS477.0,CS477.0,1,2,0,0,0,0,0,0,0,a7cf5850074b
CS,478,0,CS478.0,CS478.0,1,2,0,0,0,0,0,0,0,a65562f66993
CS,479,0,CS479.0,CS479.0,1,1,0,0,0,0,0,0,0,bd0e0ce093b6
CS,480,0,CS480.0,CS480.0,1,1,0,0,0,0,0,0,0,bd0e0ce093b6
CS,481,0,CS481.0,CS481.0,1,1,0,0,0,0,0,0,0,0c093db09abf
CS,482,0,CS482.0,CS482.0,1,3,0,0,0,0,0,0,0,8648bf3e6e87
CS,482,1,CS482.1,CS482.1,0,131,0,0,0,0,0,0,0,7eb6c8d8c9af
CS,483,0,CS483.0,CS483.0,1,3,0,0,0,0,0,0,0,cc7bdc15ac4f
CS,483,1,CS483.1,CS483.1,0,9,0,0,0,0,0,0,0,f9966a59d923
CS,484,0,CS484.0,CS484.0,1,3,0,0,0,0,0,0,0,8c71b67406c2
CS,484,1,CS484.1,CS484.1,0,24,0,0,0,0,0,0,0,836a522777a9
CS,484,2,CS484.2,CS484.2,0,12,0,0,0,0,0,0,0,e4973926755b
CS,484,3,CS484.3,CS484.3,0,30,0,0,0,0,0,0,0,d6200d77993e
CS,485,0,CS485.0,CS485.0,1,3,0,0,0,0,0,0,0,0b694bbea5e8
CS,485,1,CS485.1,CS485.1,0,7,0,0,0,0,0,0,0,7c3696a76114
CS,486,0,CS486.0,CS486.0,1,3,0,0,0,0,0,0,0,bac8f41c2efb
CS,486,1,CS486.1,CS486.1,0,12,0,0,0,0,0,0,0,1ebc5bb8ec01
CS,487,0,CS487.0,CS487.0,1,3,0,0,0,0,0,0,0,bac5df7a60ee
CS,487,1,CS487.1,CS487.1,0,5,0,0,0,0,0,0,0,e9666530f83f
CS,487,2,CS487.2,CS487.2,0,80,0,0,0,0,0,0,0,60760487f2e8
CS,488,0,CS488.0,CS488.0,1,1,0,0,0,0,0,0,0,747c17934525
CS,489,0,CS489.0,CS489.0,1,3,0,0,0,0,0,0,0,cf4855f0a306
CS,489,1,CS489.1,CS489.1,0,50,0,0,0,0,0,0,0,2d3bef9b3d24
CS,490,0,CS490.0,CS490.0,1,1,0,0,0,0,0,0,0,a893c238a3b0
CS,491,0,CS491.0,CS491.0,1,3,0,0,0,0,0,0,0,d9100e84dfa9
CS,491,1,CS491.1,CS491.1,0,14,0,0,0,0,0,0,0,a0c205bbe0d2
CS,492,0,CS492.0,CS492.0,1,3,0,0,0,0,0,0,0,ff6b5aab75fe
CS,492,1,CS492.1,CS492.1,0,23,0,0,0,0,0,0,0,f474aa443022
CS,493,0,CS493.0,CS493.0,1,3,0,0,0,0,0,0,0,52755947c30d
CS,493,1,CS493.1,CS493.1,0,12,0,0,0,1,0,0,0,d2cbd6e9cee8
CS,493,2,CS493.2,CS493.2,0,6,0,0,0,0,0,0,0,e30a4e6aafaa
CS,493,3,CS493.3,CS493.3,0,3,0,0,0,0,0,0,0,3957f2922f96
CS,493,4,CS493.4,CS493.4,0,3,0,0,0,0,0,0,0,1aab1ac5bd47
CS,494,0,CS494.0,CS494.0,1,2,0,0,0,0,0,0,0,d6836f5e771f
CS,494,1,CS494.1,CS494.1,0,9,0,0,0,0,0,0,0,899589adfda8
CS,494,2,CS494.2,CS494.2,0,15,0,0,0,0,0,0,0,add7b2f74620
CS,494,3,CS494.3,CS494.3,0,5,0,0,0,0,0,0,0,93ad96ae911f
CS,494,4,CS494.4,CS494.4,0,10,0,0,0,0,0,0,0,6619cf41a418
CS,495,0,CS495.0,CS495.0,1,3,0,0,0,0,0,0,0,033f9695cdc9
CS,495,1,CS495.1,CS495.1,0,7,0,0,0,0,0,0,0,57f0afa97c00
CS,495,2,CS495.2,CS495.2,0,3,0,0,0,0,0,0,0,9b54d936a44d
CS,496,0,CS496.0,CS496.0,1,3,0,0,0,0,0,0,0,3f7006130b75
CS,496,1,CS496.1,CS496.1,0,10,0,0,0,0,0,0,0,e1deb65c9df3
CS,496,2,CS496.2,CS496.2,0,14,0,0,0,0,0,0,0,e3a688c6100a
CS,497,0,CS497.0,CS497.0,1,3,0,0,0,0,0,0,0,fb9b0c8eac19
CS,497,1,CS497.1,CS497.1,0,67,0,0,0,0,0,0,0,b6462f4f5bbc
CS,498,0,CS498.0,CS498.0,1,2,0,0,0,0,0,0,0,fb8716e499b4
CS,499,0,CS499.0,CS499.0,1,3,0,0,0,0,0,0,0,9ff118385a70
CS,499,1,CS499.1,CS499.1,0,12,0,0,0,0,0,0,0,b0f79c9b9597
CS,499,2,CS499.2,CS499.2,0,18,0,0,1,0,0,0,0,a353a3636684
CS,500,0,CS500.0,CS500.0,1,3,0,0,0,0,0,0,0,5c5b1212abf6
CS,500,1,CS500.1,CS500.1,0,26,0,0,0,0,0,0,0,1d6111a5f7f5
CS,500,2,CS500.2,CS500.2,0,17,0,0,0,0,0,0,0,f4d4c66c9da9
CS,501,0,CS501.0,CS501.0,1,1,0,0,0,0,0,0,0,0c093db09abf
CS,502,0,CS502.0,CS502.0,1,1,0,0,0,0,0,0,0,0c093db09abf
CS,503,0,CS503.0,CS503.0,1,1,0,0,0,0,0,0,0,bd0e0ce093b6
CS,504,0,CS504.0,CS504.0,1,1,0,0,0,0,0,0,0,bd0e0ce093b6
CS,505,0,CS505.0,CS505.0,1,2,0,0,0,0,0,0,0,f1a281e0c05b
CS,505,1,CS505.1,CS505.1,0,45,0,0,0,0,0,0,0,589b0a6ad225
CS,506,0,CS506.0,CS506.0,1,2,0,0,0,0,0,0,0,9a33835293e3
CS,507,0,CS507.0,CS507.0,1,3,0,0,0,0,0,0,0,3ccb18649843
CS,507,1,CS507.1,CS507.1,0,25,0,0,0,0,0,0,0,dfc9a69fc5ef
CS,508,0,CS508.0,CS508.0,1,3,0,0,0,0,0,0,0,9fcc849214a3
CS,508,1,CS508.1,CS508.1,0,6,0,0,0,0,0,0,0,17b591ff9de8
CS,508,2,CS508.2,CS508.2,0,34,0,0,0,0,0,0,0,f115b061122d
CS,509,0,CS509.0,CS509.0,1,1,0,0,0,0,0,0,0,0c093db09abf
CS,510,0,CS510.0,CS510.0,1,3,0,0,0,0,0,0,0,11d455fb419c
CS,510,1,CS510.1,CS510.1,0,7,0,0,0,0,1,0,0,52b23670752a
CS,510,2,CS510.2,CS510.2,0,6,0,0,0,0,0,0,0,d9da3415cfae
CS,511,0,CS511.0,CS511.0,1,3,0,0,0,0,0,0,0,43120e981ff3
CS,511,1,CS511.1,CS511.1,0,38,0,0,0,1,0,0,0,249197cbd2ef
CS,512,0,CS512.0,CS512.0,1,2,0,0,0,0,0,0,0,ae9c50b3eaa8
CS,512,1,CS512.1,CS512.1,0,8,0,0,0,0,0,0,0,a374fec9ab11
CS,512,2,CS512.2,CS512.2,0,55,0,0,0,0,0,0,0,45cef76a70c8
CS,513,0,CS513.0,CS513.0,1,3,0,0,0,0,0,0,0,2ff40652285d
CS,513,1,CS513.1,CS513.1,0,6,0,0,0,0,0,0,0,014cf736b34e
CS,514,0,CS514.0,CS514.0,1,3,0,0,0,0,0,0,0,97ab6af89a27
CS,514,1,CS514.1,CS514.1,0,12,0,0,0,0,0,0,0,cb11a228622b
CS,515,0,CS515.0,CS515.0,1,3,0,0,0,0,0,0,0,932de3a292ac
CS,515,1,CS515.1,CS515.1,0,4,0,0,0,0,0,0,0,edacdc498fce
CS,516,0,CS516.0,CS516.0,1,3,0,0,0,0,0,0,0,a693bae10764
CS,516,1,CS516.1,CS516.1,0,5,0,0,0,0,0,0,0,f2cc87aaf514
CS,517,0,CS517.0,CS517.0,1,3,0,0,0,0,0,0,0,1da25f0c46f6
CS,517,1,CS517.1,CS517.1,0,7,0,0,0,0,0,0,0,e031eb65572b
CS,518,0,CS518.0,CS518.0,1,3,0,0,0,0,0,0,0,d4177b48785d
CS,518,1,CS518.1,CS518.1,0,36,0,0,0,0,0,0,0,27ae22854798
CS,518,2,CS518.2,CS518.2,0,43,0,0,0,0,0,0,0,9efc10ab884a
CS,518,3,CS518.3,CS518.3,0,5,0,0,0,0,0,0,0,4246f00a80f5
CS,518,4,CS518.4,CS518.4,0,5,0,0,0,0,0,0,0,62970ff4620d
CS,519,0,CS519.0,CS519.0,1,2,0,0,0,0,0,0,0,ab770bf58151
CS,520,0,CS520.0,CS520.0,1,2,0,0,0,0,0,0,0,29bf47dddb46
CS,520,1,CS520.1,CS520.1,0,13,0,0,0,0,0,0,0,a49b77a4fd15
CS,521,0,CS521.0,CS521.0,1,2,0,0,0,0,0,0,0,4d311b5d2729
CS,522,0,CS522.0,CS522.0,1,2,0,0,0,0,0,0,0,9a33835293e3
CS,523,0,CS523.0,CS523.0,1,2,0,0,0,0,0,0,0,810c17a63178
CS,523,1,CS523.1,CS523.1,0,16,0,0,0,0,0,0,0,4bc43b7f8b3e
CS,523,2,CS523.2,CS523.2,0,4,0,0,0,0,0,0,0,abda41f124ea
CS,524,0,CS524.0,CS524.0,1,3,0,0,0,0,0,0,0,2df46f58ca3e
CS,524,1,CS524.1,CS524.1,0,9,0,0,0,0,0,0,0,546863dca3b3
CS,524,2,CS524.2,CS524.2,0,42,0,0,0,0,0,0,0,9ee9e905fc73
CS,525,0,CS525.0,CS525.0,1,2,0,0,0,0,0,0,0,ab770bf58151
CS,526,0,CS526.0,CS526.0,1,3,0,0,0,0,0,0,0,b9dde4148d2d
CS,526,1,CS526.1,CS526.1,0,4,0,0,0,0,0,0,0,4f2df2c41f8b
CS,527,0,CS527.0,CS527.0,1,2,0,0,0,0,0,0,0,a65562f66993
CS,528,0,CS528.0,CS528.0,1,3,0,0,0,0,0,0,0,38eaaa772b17
CS,528,1,CS528.1,CS528.1,0,19,0,0,0,0,0,0,0,351d5a82f3f7
CS,529,0,CS529.0,CS529.0,1,2,0,0,0,0,0,0,0,9a33835293e3
CS,530,0,CS530.0,CS530.0,1,3,0,0,0,0,0,0,0,729a885780a0
CS,530,1,CS530.1,CS530.1,0,82,0,0,0,0,0,0,0,8dc29ef7d959
CS,531,0,CS531.0,CS531.0,1,3,0,0,0,0,0,0,0,cd365306b48b
CS,531,1,CS531.1,CS531.1,0,185,0,0,0,0,0,0,0,78cf89ae598f
CS,531,2,CS531.2,CS531.2,0,6,0,0,0,0,1,0,0,d47d33350a75
CS,532,0,CS532.0,CS532.0,1,3,0,0,0,0,0,0,0,db2f41f8b59b
CS,532,1,CS532.1,CS532.1,0,5,0,0,0,0,0,0,0,f22fd2f5a2b9
CS,532,2,CS532.2,CS532.2,0,34,0,0,0,0,0,0,0,694bc9a227c5
CS,533,0,CS533.0,CS533.0,1,3,0,0,0,0,0,0,0,d1a36dc4b954
CS,533,1,CS533.1,CS533.1,0,12,0,0,0,0,0,0,0,df390cabf0be
CS,534,0,CS534.0,CS534.0,1,3,0,0,0,0,0,0,0,dde58fdb2618
CS,534,1,CS534.1,CS534.1,0,6,0,0,0,0,0,0,0,a885a137f9aa
CS,535,0,CS535.0,CS535.0,1,3,0,0,0,0,0,0,0,4c360858076f
CS,535,1,CS535.1,CS535.1,0,7,0,0,0,0,0,0,0,78cf2ee3737f
CS,536,0,CS536.0,CS536.0,1,1,0,0,0,0,0,0,0,0c093db09abf
CS,537,0,CS537.0,CS537.0,1,1,0,0,0,0,0,0,0,0c093db09abf
CS,538,0,CS538.0,CS538.0,1,3,0,0,0,0,0,0,0,27a77a94bbc8
CS,538,1,CS538.1,CS538.1,0,34,0,0,0,0,0,0,0,56c35c917636
CS,539,0,CS539.0,CS539.0,1,2,0,0,0,0,0,0,0,a7cf5850074b
CS,540,0,CS540.0,CS540.0,1,3,0,0,0,0,0,0,0,aa40dd8327df
CS,540,1,CS540.1,CS540.1,0,4,0,0,0,0,0,0,0,6fe07a10ce31
CS,541,0,CS541.0,CS541.0,1,3,0,0,0,0,0,0,0,d1672e443c2f
CS,541,1,CS541.1,CS541.1,0,20,0,0,0,0,0,0,0,bb76f10f8e6c
CS,542,0,CS542.0,CS542.0,1,2,0,0,0,0,0,0,0,200c3ec1af88
CS,542,1,CS542.1,CS542.1,0,7,0,0,0,0,0,0,0,1004e5560a06
CS,543,0,CS543.0,CS543.0,1,2,0,0,0,0,0,0,0,356e73693310
CS,543,1,CS543.1,CS543.1,0,26,0,0,0,0,0,0,0,5a1b12885d08
CS,543,2,CS543.2,CS543.2,0,87,0,0,0,0,0,0,0,7e68e0b54dc2
CS,543,3,CS543.3,CS543.3,0,6,0,0,0,0,0,0,0,40aec0086181
CS,544,0,CS544.0,CS544.0,1,3,0,0,0,0,0,0,0,464a315d3c2f
CS,544,1,CS544.1,CS544.1,0,37,0,0,0,0,0,0,0,05c90d69b8ac
CS,544,2,CS544.2,CS544.2,0,9,0,0,0,0,0,0,0,8c2bc44d8c04
CS,544,3,CS544.3,CS544.3,0,41,0,0,0,0,0,0,0,2534922327c0
CS,544,4,CS544.4,CS544.4,0,67,0,0,0,0,0,0,0,90c75a85491e
CS,544,5,CS544.5,CS544.5,0,13,0,0,0,0,0,0,0,92479d2e5b8f
CS,545,0,CS545.0,CS545.0,1,2,0,0,0,0,0,0,0,40b3c0091988
CS,545,1,CS545.1,CS545.1,0,6,0,0,0,0,0,0,0,b69c2f74a113
CS,546,0,CS546.0,CS546.0,1,2,0,0,0,0,0,0,0,a65562f66993
CS,547,0,CS547.0,CS547.0,1,2,0,0,0,0,0,0,0,ab770bf58151
CS,548,0,CS548.0,CS548.0,1,2,0,0,0,0,0,0,0,9a33835293e3
CS,549,0,CS549.0,CS549.0,1,2,0,0,0,0,0,0,0,1ba42320bf8c
CS,550,0,CS550.0,CS550.0,1,4,0,0,0,0,0,0,0,cd000aeded8d
CS,550,1,CS550.1,CS550.1,0,37,0,0,0,0,0,0,0,8ba6e47ea8cf
CS,551,0,CS551.0,CS551.0,1,4,0,0,0,0,0,0,0,d370f1784185
CS,551,1,CS551.1,CS551.1,0,54,0,0,0,1,0,0,0,44ff199e5d39
CS,552,0,CS552.0,CS552.0,1,4,0,0,0,0,0,0,0,2d8ab2d54e7c
CS,552,1,CS552.1,CS552.1,0,23,0,0,0,0,1,0,0,c0618f1a5170
CS,552,2,CS552.2,CS552.2,0,9,0,0,0,0,0,0,0,ef7850703051
CS,553,0,CS553.0,CS553.0,1,4,0,0,0,0,0,0,0,0a3291d66d8e
CS,553,1,CS553.1,CS553.1,0,20,0,0,0,0,0,0,0,413f68cf6b70
CS,553,2,CS553.2,CS553.2,0,11,0,0,0,0,0,0,0,4515728d017a
CS,554,0,CS554.0,CS554.0,1,4,0,0,0,0,0,0,0,215efe8f9c27
CS,554,1,CS554.1,CS554.1,0,8,0,0,0,0,0,0,0,4246778676f1
CS,554,2,CS554.2,CS554.2,0,6,0,0,0,0,0,0,0,13af7fe5b7de
CS,555,0,CS555.0,CS555.0,1,4,0,0,0,0,0,0,0,cd000aeded8d
CS,555,1,CS555.1,CS555.1,0,19,0,0,0,0,0,0,0,14c4b0666132
CS,555,2,CS555.2,CS555.2,0,3,0,0,0,0,0,0,0,d11a021b0be3
CS,556,0,CS556.0,CS556.0,1,4,0,0,0,0,0,0,0,d370f1784185
CS,557,0,CS557.0,CS557.0,1,1,0,0,0,0,0,0,0,0ea3545b41a1
CS,557,1,CS557.1,CS557.1,0,30,0,0,0,0,0,0,0,c9ff614e897e
CS,557,2,CS557.2,CS557.2,0,4,0,0,0,0,0,0,0,e55922617fee
CS,558,0,CS558.0,CS558.0,1,4,0,0,0,0,0,0,0,2d8ab2d54e7c
CS,558,1,CS558.1,CS558.1,0,20,0,0,0,0,0,0,0,c36faeb5f5ac
CS,558,2,CS558.2,CS558.2,0,10,0,0,0,0,0,0,0,2e724290cb82
CS,559,0,CS559.0,CS559.0,1,1,0,0,0,0,0,0,0,0ea3545b41a1
CS,559,1,CS559.1,CS559.1,0,44,0,0,0,0,0,0,0,881b140e89a5
CS,560,0,CS560.0,CS560.0,1,1,0,0,0,0,0,0,0,0ea3545b41a1
CS,560,1,CS560.1,CS560.1,0,17,0,0,0,1,0,0,0,12649b4f7763
CS,560,2,CS560.2,CS560.2,0,16,0,1,0,0,0,0,0,7f79c943b6e9
CS,560,3,CS560.3,CS560.3,0,18,0,1,0,0,0,0,0,a8726d827b8d
CS,560,4,CS560.4,CS560.4,0,36,0,0,0,0,0,0,0,dcd5d2886b03
CS,561,0,CS561.0,CS561.0,1,1,0,0,0,0,0,0,0,0ea3545b41a1
CS,561,1,CS561.1,CS561.1,0,129,0,0,0,0,0,0,0,01cf5ceb14f7
CS,561,2,CS561.2,CS561.2,0,41,0,0,0,0,0,0,0,123028656150
CS,562,0,CS562.0,CS562.0,1,4,0,0,0,0,0,0,0,d370f1784185
CS,562,1,CS562.1,CS562.1,0,26,0,0,0,0,0,0,0,a0251d85aace
CS,563,0,CS563.0,CS563.0,1,1,0,0,0,0,0,0,0,0ea3545b41a1
CS,563,1,CS563.1,CS563.1,0,17,1,0,0,0,0,0,1,bd2f76dcd8d3
CS,563,2,CS563.2,CS563.2,0,156,0,1,0,0,0,0,0,35a5f655a07e
CS,563,3,CS563.3,CS563.3,0,5,0,0,0,0,0,0,0,f4aab62c2433
CS,564,0,CS564.0,CS564.0,1,5,0,0,0,0,0,0,0,7cd48db5020b
CS,565,0,CS565.0,CS565.0,1,1,0,0,0,0,0,0,0,0ea3545b41a1
CS,565,1,CS565.1,CS565.1,0,53,0,0,0,0,0,0,0,889c977631bb
CS,565,2,CS565.2,CS565.2,0,36,0,0,0,0,0,0,0,b7365b185d7c
CS,565,3,CS565.3,CS565.3,0,8,0,0,0,0,0,0,0,9f8621a86a40
CS,566,0,CS566.0,CS566.0,1,4,0,0,0,0,0,0,0,7522168f471e
CS,566,1,CS566.1,CS566.1,0,13,0,0,0,0,1,0,0,2e407633b34b
CS,566,2,CS566.2,CS566.2,0,16,0,0,0,0,0,0,0,8bb7a09cf674
CS,566,3,CS566.3,CS566.3,0,8,0,0,0,0,0,0,0,167d1d10c1af
CS,567,0,CS567.0,CS567.0,1,4,0,0,0,0,0,0,0,215efe8f9c27
CS,568,0,CS568.0,CS568.0,1,1,0,0,0,0,0,0,0,0ea3545b41a1
CS,568,1,CS568.1,CS568.1,0,13,0,0,0,0,0,0,0,bc86983234f6
CS,569,0,CS569.0,CS569.0,1,4,0,0,0,0,0,0,0,2d8ab2d54e7c
CS,569,1,CS569.1,CS569.1,0,36,0,0,0,0,0,0,0,7b6d32d94222
CS,570,0,CS570.0,CS570.0,1,4,0,0,0,0,0,0,0,0a3291d66d8e
CS,570,1,CS570.1,CS570.1,0,12,0,0,0,0,0,0,0,8646e1fb02b4
CS,570,2,CS570.2,CS570.2,0,25,0,0,0,0,0,0,0,c40e5a07a252
CS,571,0,CS571.0,CS571.0,1,4,0,0,0,0,0,0,0,215efe8f9c27
CS,571,1,CS571.1,CS571.1,0,5,0,0,0,0,0,0,0,7661fbde654d
CS,572,0,CS572.0,CS572.0,1,4,0,0,0,0,0,0,0,7522168f471e
CS,572,1,CS572.1,CS572.1,0,7,0,0,0,0,0,0,0,2706296bd51f
CS,572,2,CS572.2,CS572.2,0,36,0,0,0,0,0,0,0,0f2af4328b1f
CS,573,0,CS573.0,CS573.0,1,4,0,0,0,0,0,0,0,d370f1784185
CS,573,1,CS573.1,CS573.1,0,25,0,0,0,0,1,0,0,e3f1dba2d0ed
CS,573,2,CS573.2,CS573.2,0,4,0,0,0,0,0,0,0,c52707de450f
CS,573,3,CS573.3,CS573.3,0,28,0,0,0,0,0,0,0,21a50cb861db
CS,574,0,CS574.0,CS574.0,1,4,0,0,0,0,0,0,0,fc34061103e6
CS,574,1,CS574.1,CS574.1,0,26,1,0,0,0,0,1,1,b192d2199799
CS,576,0,CS576.0,CS576.0,1,1,0,0,0,0,0,0,0,0ea3545b41a1
CS,576,1,CS576.1,CS576.1,0,6,0,0,0,0,0,0,0,7f1f6097d641
CS,577,0,CS577.0,CS577.0,1,4,0,0,0,0,0,0,0,215efe8f9c27
CS,577,1,CS577.1,CS577.1,0,6,0,0,0,0,0,0,0,fa200d335890
CS,577,2,CS577.2,CS577.2,0,12,0,0,0,0,0,0,0,e67b2e8eaa28
CS,577,3,CS577.3,CS577.3,0,9,0,0,0,0,0,0,0,66a812842c57
CS,578,0,CS578.0,CS578.0,1,4,0,0,0,0,0,0,0,215efe8f9c27
CS,578,1,CS578.1,CS578.1,0,9,0,0,0,0,0,0,0,06840b68794e
CS,578,2,CS578.2,CS578.2,0,7,0,0,0,0,0,0,0,3a09b5788edd
CS,579,0,CS579.0,CS579.0,1,4,0,0,0,0,0,0,0,cd000aeded8d
CS,579,1,CS579.1,CS579.1,0,6,0,0,0,0,0,0,0,6b7ec0a0083f
CS,579,2,CS579.2,CS579.2,0,3,0,0,0,0,0,0,0,0c86a2f5fec1
CS,580,0,CS580.0,CS580.0,1,1,0,0,0,0,0,0,0,0ea3545b41a1
CS,580,1,CS580.1,CS580.1,0,22,0,0,0,0,0,0,0,68fe474caab1
CS,581,0,CS581.0,CS581.0,1,1,0,0,0,0,0,0,0,0ea3545b41a1
CS,581,1,CS581.1,CS581.1,0,8,0,0,0,0,0,0,0,308dbf58bac6
CS,582,0,CS582.0,CS582.0,1,1,0,0,0,0,0,0,0,0ea3545b41a1
CS,583,0,CS583.0,CS583.0,1,1,0,0,0,0,0,0,0,0ea3545b41a1
CS,584,0,CS584.0,CS584.0,1,1,0,0,0,0,0,0,0,0ea3545b41a1
CS,584,1,CS584.1,CS584.1,0,8,0,0,0,0,1,0,0,1bb712683633
CS,584,2,CS584.2,CS584.2,0,11,0,0,0,0,0,0,0,c6ce6d5e54ac
CS,585,0,CS585.0,CS585.0,1,1,0,0,0,0,0,0,0,0ea3545b41a1
CS,585,1,CS585.1,CS585.1,0,12,0,0,0,0,0,0,0,a28520f1be91
CS,586,0,CS586.0,CS586.0,1,1,0,0,0,0,0,0,0,0ea3545b41a1
CS,586,1,CS586.1,CS586.1,0,64,0,0,0,1,0,0,0,0473bcb127e8
CS,586,2,CS586.2,CS586.2,0,10,0,0,0,0,0,0,0,b7761207da37
CS,587,0,CS587.0,CS587.0,1,4,0,0,0,0,0,0,0,2d8ab2d54e7c
CS,587,1,CS587.1,CS587.1,0,19,0,0,0,0,0,0,0,70321293bd76
CS,587,2,CS587.2,CS587.2,0,5,0,0,0,0,0,0,0,b0b8a2d4f93e
CS,588,0,CS588.0,CS588.0,1,4,0,0,0,0,0,0,0,0a3291d66d8e
CS,588,1,CS588.1,CS588.1,0,15,0,0,0,0,0,0,0,4a117c742924
CS,589,0,CS589.0,CS589.0,1,4,0,0,0,0,0,0,0,7522168f471e
CS,589,1,CS589.1,CS589.1,0,7,0,0,0,0,0,0,0,1703127ec6f2
CS,589,2,CS589.2,CS589.2,0,18,0,0,0,1,0,0,0,85e3103b750e
CS,589,3,CS589.3,CS589.3,0,12,0,0,0,0,0,0,0,920c61f66f6a
CS,589,4,CS589.4,CS589.4,0,6,0,0,0,0,0,0,0,8b87816e22fc
CS,590,0,CS590.0,CS590.0,1,1,0,0,0,0,0,0,0,0ea3545b41a1
CS,590,1,CS590.1,CS590.1,0,9,0,0,0,0,1,0,0,48f67676ece7
CS,590,2,CS590.2,CS590.2,0,5,0,0,0,0,0,0,0,6e7a37ae1de0
CS,591,0,CS591.0,CS591.0,1,4,0,0,0,0,0,0,0,d370f1784185
CS,591,1,CS591.1,CS591.1,0,10,0,0,0,0,0,0,0,f21891659999
CS,591,2,CS591.2,CS591.2,0,6,0,0,0,0,0,0,0,3dbf24195b0d
CS,592,0,CS592.0,CS592.0,1,1,0,0,0,0,0,0,0,0ea3545b41a1
CS,593,0,CS593.0,CS593.0,1,1,0,0,0,0,0,0,0,0ea3545b41a1
CS,593,1,CS593.1,CS593.1,0,6,0,0,0,0,0,0,0,1db3d199045f
CS,593,2,CS593.2,CS593.2,0,8,0,0,0,0,0,0,0,54a64194dc6a
CS,593,3,CS593.3,CS593.3,0,38,0,0,0,0,0,0,0,5acf180d50a5
CS,593,4,CS593.4,CS593.4,0,8,0,0,0,0,0,0,0,03a483bb9d2f
CS,594,0,CS594.0,CS594.0,1,4,0,0,0,0,0,0,0,215efe8f9c27
CS,595,0,CS595.0,CS595.0,1,4,0,0,0,0,0,0,0,7522168f471e
CS,595,1,CS595.1,CS595.1,0,56,0,0,0,0,0,0,0,e5ef83dedeff
CS,596,0,CS596.0,CS596.0,1,1,0,0,0,0,0,0,0,0ea3545b41a1
CS,597,0,CS597.0,CS597.0,1,1,0,0,0,0,0,0,0,0ea3545b41a1
CS,597,1,CS597.1,CS587.1,0,15,0,0,0,0,1,0,0,4ba0796e02c7
CS,597,2,CS597.2,CS597.2,0,15,0,0,0,0,0,0,0,bba67dd314e1
CS,597,3,CS597.3,CS597.3,0,6,0,0,0,0,0,0,0,f57ea51f36d5
CS,598,0,CS598.0,CS598.0,1,4,0,0,0,0,0,0,0,2d8ab2d54e7c
CS,598,1,CS598.1,CS598.1,0,6,1,0,0,0,0,0,1,f0b31693ee60
CS,598,2,CS598.2,CS598.2,0,100,0,0,0,0,1,0,0,edf368b99ae3
CS,598,3,CS598.3,CS598.3,0,12,0,0,0,0,0,0,0,1bc9af5166cd
CS,599,0,CS599.0,CS599.0,1,1,0,0,0,0,0,0,0,0ea3545b41a1
CS,599,1,CS599.1,CS599.1,0,12,0,0,0,0,0,0,0,3b0f19c2b419
CS,599,2,CS599.2,CS599.2,0,5,0,0,1,0,0,0,0,32e19621e8c3
CS,600,0,CS600.0,CS600.0,1,1,0,0,0,0,0,0,0,0ea3545b41a1
CS,600,1,CS600.1,CS600.1,0,7,0,0,0,0,0,0,0,70af8275d095
CS,600,2,CS600.2,CS600.2,0,20,0,0,0,1,0,0,0,d2ef9c130256
CS,601,0,CS601.0,CS601.0,1,4,0,0,0,0,0,0,0,cd000aeded8d
CS,601,1,CS601.1,CS601.1,0,6,0,0,0,1,0,0,0,7813cf34392c
CS,601,2,CS601.2,CS601.2,0,24,0,0,0,0,0,0,0,004097bf6459
CS,602,0,CS602.0,CS602.0,1,1,0,0,0,0,0,0,0,0ea3545b41a1
CS,602,1,CS602.1,CS602.1,0,34,0,0,0,0,0,0,0,550cc84fe15e
CS,602,2,CS602.2,CS602.2,0,26,0,0,0,0,0,0,0,3e69365aa084
CS,602,3,CS602.3,CS602.3,0,18,0,0,0,0,0,0,0,3463a998f1e9
CS,602,4,CS602.4,CS602.4,0,6,0,0,0,0,0,0,0,b94e4323c724
CS,603,0,CS603.0,CS603.0,1,4,0,0,0,0,0,0,0,d370f1784185
CS,603,1,CS603.1,CS603.1,0,6,0,0,0,0,0,0,0,c33bdf87e274
CS,603,2,CS603.2,CS603.2,0,7,0,0,0,0,0,0,0,00d2823d2636
CS,604,0,CS604.0,CS604.0,1,1,0,0,0,0,0,0,0,0ea3545b41a1
CS,604,1,CS604.1,CS604.1,0,43,0,0,0,0,0,0,0,b529b5392e79
CS,604,2,CS604.2,CS604.2,0,48,0,0,0,0,0,0,0,4b746b26cc0c
CS,604,3,CS604.3,CS604.3,0,70,0,0,0,0,0,0,0,d8a2796f5214
CS,604,4,CS604.4,CS604.4,0,9,0,0,0,0,0,0,0,a1c2e614c40b
CS,604,5,CS604.5,CS604.5,0,7,0,0,0,0,1,0,0,da20015673fc
CS,604,6,CS604.6,CS604.6,0,5,0,0,0,0,0,0,0,94a5a74c841b
CS,604,7,CS604.7,CS604.7,0,6,0,0,0,0,0,0,0,b7d5f38c3b42
CS,604,8,CS604.8,CS604.8,0,2,0,0,0,0,0,0,0,cddf7b1299a0
CS,605,0,CS605.0,CS605.0,1,1,0,0,0,0,0,0,0,0ea3545b41a1
CS,605,1,CS605.1,CS605.1,0,18,0,0,0,0,0,0,0,0588ed289e76
CS,605,2,CS605.2,CS605.2,0,114,0,0,0,0,1,0,0,8e86f2eb24bd
CS,605,3,CS605.3,CS605.3,0,6,1,0,0,0,0,0,1,1279961caf1d
CS,605,4,CS605.4,CS605.4,0,9,0,0,0,0,0,0,0,0d5875eab528
CS,605,5,CS605.5,CS605.5,0,6,0,0,0,0,0,0,0,b3609f0568c9
CS,606,0,CS606.0,CS606.0,1,4,0,0,0,0,0,0,0,7522168f471e
CS,606,1,CS606.1,CS606.1,0,26,0,0,0,0,0,0,0,cf3ba9ac7561
CS,606,2,CS606.2,CS606.2,0,17,0,0,0,0,0,0,0,754b0cd7318e
CS,607,0,CS607.0,CS607.0,1,1,0,0,0,0,0,0,0,7b3e17802582
CS,608,0,CS608.0,CS608.0,1,1,0,0,0,0,0,0,0,0ea3545b41a1
CS,608,1,CS608.1,CS608.1,0,14,0,1,0,0,0,0,0,81a098068098
CS,609,0,CS609.0,CS609.0,1,4,0,0,0,0,0,0,0,2d8ab2d54e7c
CS,609,1,CS609.1,CS609.1,0,16,0,0,0,0,0,0,0,83d24418d621
CS,609,2,CS609.2,CS609.2,0,6,0,0,0,0,0,0,0,d454de428374
CS,610,0,CS610.0,CS610.0,1,4,0,0,0,0,0,0,0,cd000aeded8d
CS,610,1,CS610.1,CS610.1,0,68,0,0,0,0,0,0,0,91a02d6b03db
CS,610,2,CS610.2,CS610.2,0,15,0,0,0,0,0,0,0,c4d0896fb9d7
CS,610,3,CS610.3,CS610.3,0,8,0,0,0,0,0,0,0,d0f8bff270bd
CS,611,0,CS611.0,CS611.0,1,1,0,0,0,0,0,0,0,0ea3545b41a1
CS,611,1,CS611.1,CS611.1,0,11,0,0,0,0,0,0,0,497a76d034ab
CS,611,2,CS611.2,CS611.2,0,10,0,0,0,0,0,0,0,0978eec1d845
CS,611,3,CS611.3,CS611.3,0,15,0,0,0,0,0,0,0,594c9756c1f5
CS,612,0,CS612.0,CS612.0,1,4,0,0,0,0,0,0,0,cd000aeded8d
CS,612,1,CS612.1,CS612.1,0,13,0,0,0,1,0,0,0,8d8f0afe5977
CS,612,2,CS612.2,CS612.2,0,54,0,0,0,0,0,0,0,5737a17def47
CS,612,3,CS612.3,CS612.3,0,5,0,0,0,0,0,0,0,a8e7358127ef
CS,613,0,CS613.0,CS613.0,1,1,0,0,0,0,0,0,0,0ea3545b41a1
CS,613,1,CS613.1,CS613.1,0,8,0,0,0,0,0,0,0,6af682792c7d
CS,613,2,CS613.2,CS613.2,0,4,0,0,0,0,0,0,0,c34621672d1c
CS,614,0,CS614.0,CS614.0,1,4,0,0,0,0,0,0,0,d370f1784185
CS,614,1,CS614.1,CS614.1,0,9,0,0,0,0,0,0,0,607b2fd6e391
CS,614,2,CS614.2,CS614.2,0,11,0,0,0,0,0,0,0,b77c20a1cd35
CS,615,0,CS615.0,CS615.0,1,1,0,0,0,0,0,0,0,0ea3545b41a1
CS,615,1,CS615.1,CS615.1,0,24,0,0,0,0,0,0,0,97b126d21824
CS,615,2,CS615.2,CS615.2,0,8,0,0,0,1,0,0,0,0b1a09d1946d
CS,615,3,CS615.3,CS615.3,0,10,0,0,0,0,1,0,0,83f723d9279c
CS,615,4,CS615.4,CS615.4,0,3,0,0,0,0,0,0,0,2278368a50d4
CS,615,5,CS615.5,CS615.5,0,31,0,0,0,0,0,0,0,92a0f884d8bb
CS,616,0,CS616.0,CS616.0,1,1,0,0,0,0,0,0,0,0ea3545b41a1
CS,617,0,CS617.0,CS617.0,1,1,0,0,0,0,0,0,0,0ea3545b41a1
CS,617,1,CS617.1,CS617.1,0,26,0,0,0,0,0,0,0,b95918fbebf8
CS,618,0,CS618.0,CS618.0,1,1,0,0,0,0,0,0,0,0ea3545b41a1
CS,618,1,CS618.1,CS618.1,0,15,0,0,0,0,0,0,0,f3f697a494d3
CS,618,2,CS618.2,CS618.2,0,21,0,0,0,1,0,0,0,4f44db4356e6
CS,619,0,CS619.0,CS619.0,1,4,0,0,0,0,0,0,0,d370f1784185
CS,619,1,CS619.1,CS619.1,0,10,0,0,0,0,1,0,0,03ab7ceaabe5
CS,619,2,CS619.2,CS619.2,0,13,0,0,0,0,0,0,0,8e74b85b1c7b
CS,620,0,CS620.0,CS620.0,1,1,0,0,0,0,0,0,0,0ea3545b41a1
CS,620,1,CS620.1,CS620.1,0,35,0,0,0,0,0,0,0,804c6dde0554
CS,620,2,CS620.2,CS620.2,0,20,0,0,0,0,0,0,0,240f0785b695
CS,621,0,CS621.0,CS621.0,1,1,0,0,0,0,0,0,0,0ea3545b41a1
CS,621,1,CS621.1,CS621.1,0,13,0,0,0,0,0,0,0,f57d8948163c
CS,621,2,CS621.2,CS621.2,0,11,0,0,0,0,0,0,0,171f776e7160
CS,621,3,CS621.3,CS621.3,0,6,0,0,0,0,0,0,0,373efb22aae7
CS,622,0,CS622.0,CS622.0,1,1,0,0,0,0,0,0,0,0ea3545b41a1
CS,622,1,CS622.1,CS622.1,0,29,0,0,0,0,0,0,0,a613d6260690
CS,622,2,CS622.2,CS622.2,0,7,0,0,0,0,0,0,0,710fbf7a8732
CS,622,3,CS622.3,CS622.3,0,53,0,0,0,0,0,0,0,50d1283237d6
CS,622,4,CS622.4,CS622.4,0,19,0,0,0,0,0,0,0,3dede0059953
CS,622,5,CS622.5,CS622.5,0,24,0,0,0,0,0,0,0,2745ec1d15b1
CS,622,6,CS622.6,CS622.6,0,7,0,0,0,0,0,0,0,04de3ecd0857
CS,623,0,CS623.0,CS623.0,1,4,0,0,0,0,0,0,0,7522168f471e
CS,623,1,CS623.1,CS623.1,0,6,1,0,0,0,0,0,1,26567e586718
CS,623,2,CS623.2,CS623.2,0,8,0,0,0,1,0,0,0,4a77cb2f0301
CS,623,3,CS623.3,CS623.3,0,10,0,0,0,0,0,0,0,2564edd07064
CS,624,0,CS624.0,CS624.0,1,1,0,0,0,0,0,0,0,0ea3545b41a1
CS,624,1,CS624.1,CS624.1,0,11,0,0,0,0,0,0,0,3b3e5ecbb029
CS,624,2,CS624.2,CS624.2,0,47,0,0,0,0,0,0,0,a05b1bb1f190
CS,624,3,CS624.3,CS624.3,0,6,1,0,0,0,0,0,1,c23ebd9c8ac8
CS,625,0,CS625.0,CS625.0,1,4,0,0,0,0,0,0,0,fc34061103e6
CS,625,1,CS625.1,CS625.1,0,4,0,0,0,0,0,0,0,a06237e91dcc
CS,625,2,CS625.2,CS625.2,0,54,0,0,1,0,0,0,0,93d6baa2e5ec
CS,625,3,CS625.3,CS625.3,0,57,0,0,0,0,0,0,0,9c2a3d90d7da
CS,625,4,CS625.4,CS625.4,0,10,0,0,0,1,0,0,0,4fb4b50fe594
CS,625,5,CS625.5,CS625.5,0,8,0,0,0,0,1,0,0,20777f23a69b
CS,626,0,CS626.0,CS626.0,1,4,0,0,0,0,0,0,0,2d8ab2d54e7c
CS,626,1,CS626.1,CS626.1,0,33,0,0,0,0,0,0,0,2c26e70edd99
CS,627,0,CS627.0,CS627.0,1,4,0,0,0,0,0,0,0,0a3291d66d8e
CS,627,1,CS627.1,CS627.1,0,23,1,0,0,0,0,1,0,eab5c23eb4ac
CS,627,2,CS627.2,CS627.2,0,43,0,0,0,0,0,0,0,ba00323094e5
CS,627,3,CS627.3,CS627.3,0,6,0,0,0,0,0,0,0,47eb3cc68e35
CS,628,0,CS628.0,CS628.0,1,1,0,0,0,0,0,0,0,0ea3545b41a1
CS,628,1,CS628.1,CS628.1,0,19,0,0,0,0,1,0,0,d68fa30f166f
CS,628,2,CS628.2,CS628.2,0,19,0,0,0,0,0,0,0,76f2ded85525
CS,628,3,CS628.3,CS628.3,0,17,0,0,0,0,0,0,0,c09b46f40a36
CS,628,4,CS628.4,CS628.4,0,9,0,0,0,0,0,0,0,f50e9ea562bf
CS,628,5,CS628.5,CS628.5,0,7,0,0,0,0,0,0,0,8625191b0804
CS,628,6,CS628.6,CS628.6,0,6,0,0,0,0,1,0,0,492e3839a8d7
CS,628,7,CS628.7,CS628.7,0,5,0,0,0,0,0,0,0,726e6d1d28dc
CS,629,0,CS629.0,CS629.0,1,1,0,0,0,0,0,0,0,0ea3545b41a1
CS,629,1,CS629.1,CS629.1,0,64,1,1,1,0,0,1,0,66646dcfe0a5
CS,629,2,CS629.2,CS629.2,0,15,0,0,0,0,0,0,0,5a9aafb83dfd
CS,629,3,CS629.3,CS629.3,0,26,0,0,0,0,0,0,0,6945aa585d13
CS,630,0,CS630.0,CS630.0,1,4,0,0,0,0,0,0,0,d370f1784185
CS,630,1,CS630.1,CS630.1,0,24,0,0,0,0,0,0,0,e3e3997f50f7
CS,630,2,CS630.2,CS630.2,0,8,0,0,0,0,0,0,0,cb92f5d17c8b
CS,630,3,CS630.3,CS630.3,0,21,0,0,0,0,0,0,0,ff1addef945c
CS,630,4,CS630.4,CS630.4,0,9,0,0,0,0,0,0,0,cd285bdfd99b
CS,630,5,CS630.5,CS630.5,0,5,0,0,0,0,0,0,0,b94197eb8322
CS,630,6,CS630.6,CS630.6,0,8,0,0,1,0,0,0,0,76bfe2514892
CS,631,0,CS631.0,CS631.0,1,4,0,0,0,0,0,0,0,fc34061103e6
CS,631,1,CS631.1,CS631.1,0,11,0,0,0,0,0,0,0,e641f143ecb2
CS,632,0,CS632.0,CS632.0,1,4,0,0,0,0,0,0,0,cd000aeded8d
CS,632,1,CS632.1,CS632.1,0,18,0,0,0,0,0,0,0,1495d80742da
CS,632,2,CS632.2,CS632.2,0,7,0,0,0,0,0,0,0,18fce275fe0b
CS,633,0,CS633.0,CS633.0,1,4,0,0,0,0,0,0,0,215efe8f9c27
CS,633,1,CS633.1,CS633.1,0,41,0,0,0,1,1,0,0,5d18bab4310a
CS,633,2,CS633.2,CS633.2,0,6,0,0,0,0,1,0,0,5bc63a6ae834
CS,633,3,CS633.3,CS633.3,0,5,0,0,0,0,0,0,0,06c76171832d
CS,634,0,CS634.0,CS634.0,1,4,0,0,0,0,0,0,0,7522168f471e
CS,634,1,CS634.1,CS634.1,0,35,0,0,0,1,0,0,0,17d2ef28aa07
CS,634,2,CS634.2,CS634.2,0,22,0,0,0,1,0,0,0,1bdd0ef2b76a
CS,634,3,CS634.3,CS634.3,0,22,0,0,0,0,0,0,0,a6a5ec820680
CS,634,4,CS634.4,CS634.4,0,17,0,0,0,0,0,0,0,9c27777c135a
CS,635,0,CS635.0,CS635.0,1,0,0,0,0,0,0,0,0,da39a3ee5e6b
CS,636,0,CS636.0,CS636.0,1,1,0,0,0,0,0,0,0,0ea3545b41a1
CS,636,1,CS636.1,CS636.1,0,20,0,0,0,0,0,0,0,a3c1d6da8c34
CS,636,2,CS636.2,CS636.2,0,15,0,0,0,0,0,0,0,6a662bc530da
CS,637,0,CS637.0,CS637.0,1,1,0,0,0,0,0,0,0,0ea3545b41a1
CS,637,1,CS637.1,CS637.1,0,51,0,0,0,1,0,0,0,5a5b56fd08ed
CS,637,2,CS637.2,CS637.2,0,20,0,0,0,0,0,0,0,d783ea5adf66
CS,637,3,CS637.3,CS637.3,0,10,0,0,0,0,1,0,0,5b67769f219e
CS,637,4,CS637.4,CS637.4,0,14,0,0,0,0,0,0,0,c7c5abfe750f
CS,638,0,CS638.0,CS638.0,1,4,0,0,0,0,0,0,0,2d8ab2d54e7c
CS,638,1,CS638.1,CS638.1,0,21,0,0,0,0,0,0,0,b52f7d964774
CS,638,2,CS638.2,CS638.2,0,9,0,0,0,0,0,0,0,5f73492065ce
CS,638,3,CS638.3,CS638.3,0,6,0,0,0,0,0,0,0,9d4a013a194f
CS,639,0,CS639.0,CS639.0,1,4,0,0,0,0,0,0,0,0a3291d66d8e
CS,639,1,CS639.1,CS639.1,0,7,0,0,0,0,0,0,0,0f6ffd5b73ec
CS,639,2,CS639.2,CS639.2,0,6,0,0,0,0,0,0,0,19a72f00db84
CS,639,3,CS639.3,CS639.3,0,5,0,0,0,0,0,0,0,cbf896b0f939
CS,639,4,CS639.4,CS639.4,0,13,0,0,0,1,1,0,0,6d5fcca27922
CS,639,5,CS639.5,CS639.5,0,7,0,0,0,0,0,0,0,2df4fc22ad87
CS,639,6,CS639.6,CS639.6,0,11,0,0,0,0,1,0,0,f8ba5702275d
CS,639,7,CS639.7,CS639.7,0,6,0,0,0,0,0,0,0,277e7f0dc6d1
CS,640,0,CS640.0,CS640.0,1,4,0,0,0,0,0,0,0,215efe8f9c27
CS,640,1,CS640.1,CS640.1,0,22,0,0,0,0,1,0,0,e31202397865
CS,641,0,CS641.0,CS641.0,1,15,0,0,0,0,0,0,0,d59e751c2186
CS,641,1,CS641.1,CS641.1,0,11,0,0,0,0,0,0,0,b25a4fe5c1d7
CS,641,2,CS641.2,CS641.2,0,15,0,0,0,0,0,0,0,c969e162c084
CS,641,3,CS641.3,CS641.3,0,7,0,0,0,0,0,0,0,32dc69bdf37c
CS,642,0,CS642.0,CS642.0,1,1,0,0,0,0,0,0,0,0ea3545b41a1
CS,642,1,CS642.1,CS642.1,0,55,0,0,1,0,0,0,0,e3514c66cea5
CS,642,2,CS642.2,CS642.2,0,11,0,0,0,0,0,0,0,62b649624161
CS,643,0,CS643.0,CS643.0,1,4,0,0,0,0,0,0,0,d370f1784185
CS,643,1,CS643.1,CS643.1,0,33,0,0,0,0,0,0,0,f18ae6d5ebc1
CS,643,2,CS643.2,CS643.2,0,18,0,0,0,0,1,0,0,9c69c0470002
CS,643,3,CS643.3,CS643.3,0,7,0,0,0,0,0,0,0,692727b42e67
CS,643,4,CS643.4,CS643.4,0,5,0,0,0,0,0,0,0,25a7d7f37fea
CS,643,5,CS643.5,CS643.5,0,7,0,0,0,0,0,0,0,6141ca85ea0e
CS,643,6,CS643.6,CS643.6,0,11,0,0,0,0,0,0,0,1dad07d2056e
CS,643,7,CS643.7,CS643.7,0,10,0,0,0,0,0,0,0,242ad0487ee7
CS,644,0,CS644.0,CS644.0,1,1,0,0,0,0,0,0,0,0ea3545b41a1
CS,644,1,CS644.1,CS644.1,0,13,0,0,0,0,0,0,0,3cc542ac2042
CS,644,2,CS644.2,CS644.2,0,4,0,0,0,0,0,0,0,d53804fb99af
CS,645,0,CS645.0,CS645.0,1,1,0,0,0,0,0,0,0,0ea3545b41a1
CS,645,1,CS645.1,CS645.1,0,14,0,0,0,0,0,0,0,8d6228d3c86b
CS,645,2,CS645.2,CS645.2,0,9,0,1,0,0,0,0,0,68d1db468848
CS,645,3,CS645.3,CS645.3,0,8,0,0,0,0,1,0,0,840b803cfacc
CS,646,0,CS646.0,CS646.0,1,1,0,0,0,0,0,0,0,0ea3545b41a1
CS,646,1,CS646.1,CS646.1,0,14,0,1,0,0,0,0,0,acbae1439ed1
CS,646,2,CS646.2,CS646.2,0,6,0,0,0,0,0,0,0,8b624893eef3
CS,646,3,CS646.3,CS646.3,0,6,0,0,0,0,0,0,0,d86b7a900011
CS,646,4,CS646.4,CS646.4,0,6,0,0,0,0,0,0,0,3ce1e9ad872e
CS,647,0,CS647.0,CS647.0,1,1,0,0,0,0,0,0,0,0ea3545b41a1
CS,647,1,CS647.1,CS647.1,0,18,0,0,0,0,0,0,0,79171d29a149
CS,647,2,CS647.2,CS647.2,0,9,0,0,0,0,0,0,0,95b0dbd012c1
CS,649,0,CS649.0,CS649.0,1,1,0,0,0,0,0,0,0,0ea3545b41a1
CS,649,1,CS649.1,CS649.1,0,23,0,0,0,0,0,0,0,70e2242ed7f0
CS,649,2,CS649.2,CS649.2,0,152,0,0,0,1,0,0,0,ec0bbfec4cee
CS,649,3,CS649.3,CS649.3,0,11,0,0,0,0,0,0,0,6c74744c4f7f
CS,649,4,CS649.4,CS649.4,0,5,0,0,0,0,0,0,0,8ffa8136974f
CS,650,0,CS650.0,CS650.0,1,1,0,0,0,0,0,0,0,0ea3545b41a1
CS,650,1,CS650.1,CS650.1,0,13,0,0,0,0,0,0,0,83cfe6df5860
CS,650,2,CS650.2,CS650.2,0,24,0,0,0,0,0,0,0,90205a823e18
CS,650,3,CS650.3,CS650.3,0,7,0,0,0,0,0,0,0,e045d51c82ac
CS,650,4,CS650.4,CS650.4,0,6,0,0,0,0,0,0,0,f0233b8079ef
CS,651,0,CS651.0,CS651.0,1,1,0,0,0,0,0,0,0,0ea3545b41a1
CS,651,1,CS651.1,CS651.1,0,25,0,0,0,0,1,0,0,553d07f4219c
CS,651,2,CS651.2,CS651.2,0,7,0,0,1,0,0,0,0,e89833a5bc65
CS,651,3,CS651.3,CS651.3,0,56,0,0,0,0,0,0,0,837c3decc6ca
CS,652,0,CS652.0,CS652.0,1,1,0,0,0,0,0,0,0,0ea3545b41a1
CS,652,1,CS652.1,CS652.1,0,6,1,0,0,0,0,0,1,e6c8ce1685eb
CS,652,2,CS652.2,CS652.2,0,20,0,0,0,0,0,0,0,cce1604d7876
CS,652,3,CS652.3,CS652.3,0,9,0,0,0,0,0,0,0,e8c319f079f2
CS,652,4,CS652.4,CS652.4,0,22,0,0,0,0,0,0,0,fe454d89fc5a
CS,652,5,CS652.5,CS652.5,0,6,0,0,0,0,0,0,0,0b41a3656ede
CS,652,6,CS652.6,CS652.6,0,6,0,0,0,0,0,0,0,8334c9babf0a
CS,653,0,CS653.0,CS653.0,1,1,0,0,0,0,0,0,0,0ea3545b41a1
CS,653,1,CS653.1,CS653.1,0,5,0,0,0,0,0,0,0,056deeeb212e
CS,653,2,CS653.2,CS653.2,0,46,0,0,0,0,0,0,0,3f1f08fa11bd
CS,654,0,CS654.0,CS654.0,1,7,0,0,0,0,0,0,0,92623ea9d9bc
CS,654,1,CS654.1,CS654.1,0,15,0,0,0,0,0,0,0,8525d9d53e76
CS,654,2,CS654.2,CS654.2,0,26,0,0,0,0,0,0,0,73a1bcaaaf79
CS,654,3,CS654.3,CS654.3,0,27,0,1,0,0,0,0,0,f8d8a93c4311
CS,654,4,CS654.4,CS654.4,0,7,0,0,0,0,0,0,0,d276441176ab
CS,656,0,CS656.0,CS656.0,1,1,0,0,0,0,0,0,0,0ea3545b41a1
CS,656,1,CS656.1,CS656.1,0,27,0,0,0,0,0,0,0,55faba38903a
CS,656,2,CS656.2,CS656.2,0,5,0,0,0,0,0,0,0,b5914c2e27c5
CS,656,3,CS656.3,CS656.3,0,11,0,0,0,0,1,0,0,81e546a1fd76
CS,657,0,CS657.0,CS657.0,1,3,0,0,0,0,0,0,0,861073d534e7
CS,657,1,CS657.1,CS657.1,0,14,0,0,0,0,0,0,0,67bb955db2ba
CS,657,2,CS657.2,CS657.2,0,9,1,0,0,0,0,0,1,686d69c01295
CS,657,3,CS657.3,CS657.3,0,16,0,0,0,0,0,0,0,00627644fa10
CS,657,4,CS657.4,CS657.4,0,9,0,1,0,0,0,0,0,cc2607a7958c
CS,657,5,CS657.5,CS657.5,0,7,0,0,0,0,0,0,0,d49322862460
CS,658,0,CS658.0,CS658.0,1,1,0,0,0,0,0,0,0,0ea3545b41a1
CS,658,1,CS658.1,CS658.1,0,10,0,0,0,0,0,0,0,d695ff5e3c2a
CS,658,2,CS658.2,CS658.2,0,11,0,0,0,0,0,0,0,c855215469ff
CS,658,3,CS658.3,CS658.3,0,5,0,0,0,0,0,0,0,c7d1b2eac526
CS,659,0,CS659.0,CS659.0,1,1,0,0,0,0,0,0,0,0ea3545b41a1
CS,659,1,CS659.1,CS659.1,0,22,0,0,0,0,0,0,0,02872c80e90d
CS,659,2,CS659.2,CS659.2,0,14,0,0,0,0,0,0,0,3cff7f6a0164
CS,660,0,CS660.0,CS660.0,1,1,0,0,0,0,0,0,0,0ea3545b41a1
CS,660,1,CS660.1,CS660.1,0,6,0,0,0,0,0,0,0,fa40061b37de
CS,660,2,CS660.2,CS660.2,0,14,1,0,0,0,0,1,0,ba24e42289cb
CS,660,3,CS660.3,CS660.3,0,10,0,0,0,0,0,0,0,b4151b98590a
CS,660,4,CS660.4,CS660.4,0,10,0,0,0,0,1,0,0,1ab2dc808bed
CS,660,5,CS660.5,CS660.5,0,4,0,0,0,0,0,0,0,a06237e91dcc
CS,660,6,CS660.6,CS660.6,0,3,0,0,0,0,0,0,0,2fa16e4384b1
CS,660,7,CS660.7,CS660.7,0,5,0,0,0,0,0,0,0,82bf10b10eb4
CS,660,8,CS660.8,CS660.8,0,9,0,0,0,0,0,0,0,2454cf7d7585
CS,661,0,CS661.0,CS661.0,1,1,0,0,0,0,0,0,0,0ea3545b41a1
CS,661,1,CS661.1,CS661.1,0,8,0,0,0,1,0,0,0,52afb0844c04
CS,661,2,CS661.2,CS661.2,0,6,0,0,0,0,0,0,0,ba0c5fb5439b
CS,661,3,CS661.3,CS661.3,0,9,0,0,0,0,0,0,0,908f6617e7bf
CS,661,4,CS661.4,CS661.4,0,5,0,0,0,0,0,0,0,4d4b7c6ade64
CS,661,5,CS661.5,CS661.5,0,4,0,0,0,0,0,0,0,893bf1bd1b3a
CS,662,0,CS662.0,CS662.0,1,1,0,0,0,0,0,0,0,0ea3545b41a1
CS,662,1,CS662.1,CS662.1,0,11,0,0,0,0,0,0,0,87bab9f13708
CS,662,2,CS662.2,CS662.2,0,5,0,0,0,0,0,0,0,6f1e1eacbf99
CS,662,3,CS662.3,CS662.3,0,5,0,0,0,0,0,0,0,e60c2d05b495
CS,662,4,CS662.4,CS662.4,0,7,0,0,0,0,0,0,0,3fcc002e14cc
CS,662,5,CS662.5,CS662.5,0,99,0,0,0,0,0,0,0,c8986c965ca5
CS,662,6,CS662.6,CS662.6,0,9,0,0,0,0,0,0,0,d4ab754bcbaf
CS,662,7,CS662.7,CS662.7,0,8,0,0,0,0,1,0,0,0476415857ca
CS,662,8,CS662.8,CS662.8,0,9,0,0,0,0,0,0,0,cb3663c42a40
CS,662,9,CS662.9,CS662.9,0,3,0,0,0,0,0,0,0,d7e29ff55d26
CS,663,0,CS663.0,CS663.0,1,1,0,0,0,0,0,0,0,0ea3545b41a1
CS,663,1,CS663.1,CS663.1,0,14,0,0,0,0,0,0,0,cee229c84587
CS,663,2,CS663.2,CS663.2,0,17,0,0,0,0,0,0,0,b00e80e14263
CS,663,3,CS663.3,CS663.3,0,22,0,1,0,0,0,0,0,c992b6a05c3c
CS,663,4,CS663.4,CS663.4,0,6,0,0,0,0,0,0,0,c6e65caedf15
CS,663,5,CS663.5,CS663.5,0,8,0,0,0,0,0,0,0,3513efc79e75
CS,664,0,CS664.0,CS664.0,1,1,0,0,0,0,0,0,0,0ea3545b41a1
CS,664,1,CS664.1,CS664.1,0,22,0,0,0,0,0,0,0,2a7afe23cdbb
CS,664,2,CS664.2,CS664.2,0,9,0,0,0,0,0,0,0,68b9d53a5625
CS,664,3,CS664.3,CS664.3,0,26,0,0,0,0,0,0,0,f701f56d4b4b
CS,664,4,CS664.4,CS664.4,0,14,0,0,0,0,0,0,0,502f347a1a0e
CS,664,5,CS664.5,CS664.5,0,25,0,0,0,0,0,0,0,0c3cb015e643
CS,665,0,CS665.0,CS665.0,1,1,0,0,0,0,0,0,0,0ea3545b41a1
CS,665,1,CS665.1,CS665.1,0,27,0,0,0,0,0,0,0,de3f6b2412bf
CS,665,2,CS665.2,CS665.2,0,9,0,0,0,1,0,0,0,c5a20d1d38cf
CS,665,3,CS665.3,CS665.3,0,27,0,0,0,0,0,0,0,c2f919dd45fe
CS,665,4,CS665.4,CS665.4,0,9,0,0,0,0,1,0,0,e63c32f61fbc
CS,665,5,CS665.5,CS665.5,0,18,0,0,0,0,0,0,0,f9994e032c3d
CS,665,6,CS665.6,CS665.6,0,46,0,0,0,0,0,0,0,e4d10f9c7560
CS,665,7,CS665.7,CS665.7,0,7,0,0,0,0,0,0,0,6ec219abee29
CS,666,0,CS666.0,CS666.0,1,1,0,0,0,0,0,0,0,0ea3545b41a1
CS,666,1,CS666.1,CS666.1,0,14,0,0,0,0,0,0,0,f6c571fbc1ff
CS,666,2,CS666.2,CS666.2,0,21,0,1,0,0,0,0,0,3605fb5be7db
CS,666,3,CS666.3,CS666.3,0,7,0,1,0,0,0,0,0,46036fc22ec6
CS,666,4,CS666.4,CS666.4,0,13,0,0,0,0,0,0,0,e4bda84927a9
CS,666,5,CS666.5,CS666.5,0,6,0,0,0,0,0,0,0,d17da4811346
CS,666,6,CS666.6,CS666.6,0,17,0,1,0,0,0,0,0,e0ba1633ed62
CS,666,7,CS666.7,CS666.7,0,5,0,0,0,0,0,0,0,f2edd70c815a
CS,666,8,CS666.8,CS666.8,0,8,0,0,0,0,1,0,0,271f3eba4d0e
CS,667,0,CS667.0,CS667.0,1,1,0,0,0,0,0,0,0,0ea3545b41a1
CS,667,1,CS667.1,CS667.1,0,15,0,0,0,0,0,0,0,0ac5b6454483
CS,667,1,CS667.1,CS667.1,0,18,0,0,0,0,0,0,0,d31ed4ba196a
CS,667,2,CS667.2,CS667.2,0,14,0,0,0,0,1,0,0,67281bf3a9f0
CS,668,0,CS668.0,CS668.0,1,1,0,0,0,0,0,0,0,0ea3545b41a1
CS,668,1,CS668.1,CS668.1,0,35,1,0,0,0,0,1,0,022eca026f3f
CS,668,2,CS668.2,CS668.2,0,5,0,0,0,0,0,0,0,a276348d439a
CS,668,3,CS668.3,CS668.3,0,11,0,0,0,0,0,0,0,04de8a6c5fb0
CS,669,0,CS669.0,CS669.0,1,1,0,0,0,0,0,0,0,0ea3545b41a1
CS,669,1,CS669.1,CS669.1,0,33,1,0,0,0,0,0,1,8102e879fc96
CS,669,2,CS669.2,CS669.2,0,7,1,0,0,0,0,1,0,f6cd489c935b
CS,670,0,CS670.0,CS670.0,1,1,0,0,0,0,0,0,0,0ea3545b41a1
CS,670,1,CS670.1,CS670.1,0,8,0,0,0,0,0,0,0,b7ba248c4ed8
CS,670,2,CS670.2,CS670.2,0,15,0,0,0,0,0,0,0,be0af0a8ef94
CS,670,3,CS670.3,CS670.3,0,8,0,0,0,0,0,0,0,e8c76a518cc0
CS,670,4,CS670.4,CS670.4,0,9,0,0,0,0,0,0,0,cf02bbd65d96
CS,670,5,CS670.5,CS670.5,0,6,0,0,0,0,0,0,0,9ce1f261c630
CS,671,0,CS671.0,CS671.0,1,1,0,0,0,0,0,0,0,0ea3545b41a1
CS,671,1,CS671.1,CS671.1,0,10,0,0,1,0,0,0,0,9ed5fd811e1f
CS,671,2,CS671.2,CS671.2,0,55,0,0,0,1,0,0,0,430ac1a2a97d
CS,671,3,CS671.3,CS671.3,0,7,0,0,0,0,0,0,0,94a3eadafd70
CS,671,4,CS671.4,CS671.4,0,5,0,0,0,0,0,0,0,cd30e439e1a4
CS,672,0,CS672.0,CS672.0,1,1,0,0,0,0,0,0,0,0ea3545b41a1
CS,672,1,CS672.1,CS672.1,0,18,0,0,0,0,0,0,0,004acd73afdc
CS,672,2,CS672.2,CS672.2,0,6,0,0,0,0,0,0,0,d651e5430fc1
CS,672,3,CS672.3,CS672.3,0,8,0,0,0,0,0,0,0,184aad774f5c
CS,673,0,CS673.0,CS673.0,1,1,0,0,0,0,0,0,0,0ea3545b41a1
CS,673,1,CS673.1,CS673.1,0,12,1,0,0,0,0,1,0,d73dfcc29710
CS,673,2,CS673.2,CS673.2,0,9,1,0,0,0,0,0,1,45589edfb5c7
CS,673,3,CS673.3,CS673.3,0,8,0,0,0,0,0,0,0,4fbf757925f2
CS,674,0,CS674.0,CS674.0,1,1,0,0,0,0,0,0,0,0ea3545b41a1
CS,674,1,CS674.1,CS674.1,0,16,0,0,0,0,0,0,0,0427ba2f58f0
CS,674,2,CS674.2,CS674.2,0,33,0,0,0,0,0,0,0,c199a86e71f5
CS,674,3,CS674.3,CS674.3,0,7,0,0,0,0,0,0,0,88155a916e31
CS,675,0,CS675.0,CS675.0,1,1,0,0,0,0,0,0,0,0ea3545b41a1
CS,675,1,CS675.1,CS675.1,0,22,0,0,0,0,0,0,0,56404db64f4a
CS,675,2,CS675.2,CS675.2,0,5,0,0,0,0,0,0,0,c7c9aa815dc4
CS,676,0,CS676.0,CS676.0,1,1,0,0,0,0,0,0,0,0ea3545b41a1
CS,676,1,CS676.1,CS676.1,0,12,0,0,0,0,0,0,0,70624efd02ba
CS,676,2,CS676.2,CS676.2,0,9,0,0,0,0,0,0,0,e4d508f951bd
CS,676,3,CS676.3,CS676.3,0,4,0,0,0,0,0,0,0,a5d7d7022c66
CS,676,4,CS676.4,CS676.4,0,9,0,0,0,0,0,0,0,f96a26ef507f
CS,677,0,CS677.0,CS677.0,1,1,0,0,0,0,0,0,0,0ea3545b41a1
CS,677,1,CS677.1,CS677.1,0,12,0,0,0,0,0,0,0,4f2425a01965
CS,677,2,CS677.2,CS677.2,0,19,0,0,0,0,0,0,0,8fecb1612f26
CS,677,3,CS677.3,CS677.3,0,18,0,0,0,0,1,0,0,69e36c6ab1a0
CS,677,4,CS677.4,CS677.4,0,13,0,0,0,0,0,0,0,9e8982519eaf
CS,677,5,CS677.5,CS677.5,0,9,0,0,1,0,0,0,0,07447bcb930f
CS,678,0,CS678.0,CS678.0,1,1,0,0,0,0,0,0,0,0ea3545b41a1
CS,678,1,CS678.1,CS678.1,0,10,0,0,0,0,1,0,0,eaef319658c1
CS,678,2,CS678.2,CS678.2,0,10,0,0,0,0,0,0,0,59199193d6ff
CS,678,3,CS678.3,CS678.3,0,6,0,0,0,0,0,0,0,ac53453f6887
CS,679,0,CS679.0,CS679.0,1,1,0,0,0,0,0,0,0,0ea3545b41a1
CS,679,1,CS679.1,CS679.1,0,6,1,0,0,0,0,0,1,70b79d3e5c50
CS,679,2,CS679.2,CS679.2,0,5,0,0,0,0,0,0,0,541bf7512224
CS,679,3,CS679.3,CS679.3,0,8,0,0,0,0,0,0,0,221a9f58a412
CS,679,4,CS679.4,CS679.4,0,5,0,0,0,0,0,0,0,3bbe97014f41
CS,680,0,CS680.0,CS680.0,1,1,0,0,0,0,0,0,0,0ea3545b41a1
CS,680,1,CS680.1,CS680.1,0,5,0,0,0,0,0,0,0,826d27bcfe3c
CS,680,2,CS680.2,CS680.2,0,20,0,0,0,0,1,0,0,b5105c170b3f
CS,680,3,CS680.3,CS680.3,0,5,0,0,0,0,0,0,0,5ee925bb4171
CS,680,4,CS680.4,CS680.4,0,12,0,0,1,0,0,0,0,27c076f40d18
CS,680,5,CS680.5,CS680.5,0,8,0,0,0,0,0,0,0,b4780bce103c
CS,680,6,CS680.6,CS680.6,0,13,0,0,0,0,0,0,0,054eaf39878f
CS,680,7,CS680.7,CS680.7,0,9,0,0,0,0,0,0,0,a91426f7d441
CS,681,0,CS681.0,CS681.0,1,1,0,0,0,0,0,0,0,0ea3545b41a1
CS,681,1,CS681.1,CS681.1,0,41,0,1,0,0,0,0,0,483bfa20d06d
CS,681,2,CS681.2,CS681.2,0,5,0,0,0,0,0,0,0,0584ddd1b583
CS,681,3,CS681.3,CS681.3,0,35,0,0,0,0,0,0,0,9dfe83d909d9
CS,681,4,CS681.4,CS681.4,0,10,1,0,0,0,0,1,0,ad6ab7c5c177
CS,681,5,CS681.5,CS681.5,0,11,0,0,0,0,0,0,0,c961ce2c007e
CS,682,0,CS682.0,CS682.0,1,1,0,0,0,0,0,0,0,0ea3545b41a1
CS,682,1,CS682.1,CS682.1,0,22,0,0,0,0,0,0,0,278ef3376ce0
CS,682,2,CS682.2,CS682.2,0,27,0,1,1,0,0,0,0,5af60981dca1
CS,683,0,CS683.0,CS683.0,1,1,0,0,0,0,0,0,0,0ea3545b41a1
CS,683,1,CS683.1,CS683.1,0,13,0,0,0,0,0,0,0,f3574039a6b5
CS,683,2,CS683.2,CS683.2,0,21,0,0,0,0,0,0,0,0b132dd79a7a
CS,683,3,CS683.3,CS683.3,0,11,0,0,0,0,0,0,0,5d544ce5064e
CS,683,4,CS683.4,CS683.4,0,8,0,0,0,0,0,0,0,a2ad270347ac
CS,683,5,CS683.5,CS683.5,0,11,0,0,0,0,0,0,0,df8c6d34c19c
CS,684,0,CS684.0,CS684.0,1,1,0,0,0,0,0,0,0,0ea3545b41a1
CS,684,1,CS684.1,CS684.1,0,5,0,0,0,0,0,0,0,f8291400d4ae
CS,684,2,CS684.2,CS684.2,0,6,0,0,0,0,0,0,0,35f73dc31b12
CS,684,3,CS684.3,CS684.3,0,5,0,0,0,0,1,0,0,6ede46214c37
CS,684,4,CS684.4,CS684.4,0,8,0,0,0,0,0,0,0,b9c046dc90fb
CS,685,0,CS685.0,CS685.0,1,1,0,0,0,0,0,0,0,0ea3545b41a1
CS,685,1,CS685.1,CS685.1,0,10,0,0,0,0,0,0,0,9e95204d7080
CS,685,2,CS685.2,CS685.2,0,14,0,0,1,0,0,0,0,c29d2bb02540
CS,685,3,CS685.3,CS685.3,0,6,0,0,0,0,0,0,0,948162261a02
CS,685,4,CS685.4,CS685.4,0,13,0,0,0,0,0,0,0,af43571d6676
CS,686,0,CS686.0,CS686.0,1,1,0,0,0,0,0,0,0,0ea3545b41a1
CS,686,1,CS686.1,CS686.1,0,18,0,0,1,0,0,0,0,c4b97b013e09
CS,686,2,CS686.2,CS686.2,0,10,0,0,0,0,0,0,0,94e55be1310f
CS,686,3,CS686.3,CS686.3,0,7,0,0,0,0,0,0,0,aad37facdca2
CS,687,0,CS687.0,CS687.0,1,1,0,0,0,0,0,0,0,0ea3545b41a1
CS,687,1,CS687.1,CS687.1,0,7,0,0,0,0,0,0,0,cb4e68eec4ae
CS,687,2,CS687.2,CS687.2,0,9,0,0,0,0,0,0,0,c28058ba3ec2
CS,687,3,CS687.3,CS687.3,0,9,0,0,0,0,0,0,0,1cd5e5be7272
CS,687,4,CS687.4,CS687.4,0,14,0,0,0,0,0,0,0,a720ae919f10
CS,687,5,CS687.5,CS687.5,0,8,0,0,0,0,0,0,0,9a2d002083e1
CS,688,0,CS688.0,CS688.0,1,1,0,0,0,0,0,0,0,0ea3545b41a1
CS,688,1,CS688.1,CS688.1,0,7,0,0,0,1,0,0,0,41a0885866ef
CS,688,2,CS688.2,CS688.2,0,7,0,0,0,0,0,0,0,a900012a6a64
CS,688,3,CS688.3,CS688.3,0,4,0,0,0,0,0,0,0,7c9bb75d691c
CS,688,4,CS688.4,CS688.4,0,41,0,0,0,0,1,0,0,12af4e49b654
CS,689,0,CS689.0,CS689.0,1,1,0,0,0,0,0,0,0,0ea3545b41a1
CS,689,1,CS689.1,CS689.1,0,4,0,0,0,0,0,0,0,3a896ba3abef
CS,689,2,CS689.2,CS689.2,0,6,1,0,0,0,0,1,0,3776bfb70dae
CS,689,3,CS689.3,CS689.3,0,24,0,0,0,1,0,0,0,5e68269ee0b0
CS,689,4,CS689.4,CS689.4,0,7,0,0,0,0,0,0,0,d81229fe2581
CS,689,5,CS689.5,CS689.5,0,6,0,0,0,0,0,0,0,bc620569beb7
CS,689,6,CS689.6,CS689.6,0,8,0,0,0,0,0,0,0,ba55587907ed
CS,689,7,CS689.7,CS689.7,0,6,0,0,0,0,0,0,0,1a06ea9d4193
CS,690,0,CS690.0,CS690.0,1,1,0,0,0,0,0,0,0,0ea3545b41a1
CS,690,1,CS690.1,CS690.1,0,34,0,1,0,0,1,0,0,08b9c4c594c8
CS,690,2,CS690.2,CS690.2,0,17,0,0,0,0,0,0,0,5837c9c09a3e
CS,690,3,CS690.3,CS690.3,0,17,0,0,0,0,0,0,0,1b3d08d4cc4b
CS,690,4,CS690.4,CS690.4,0,8,0,0,0,0,1,0,0,5beb7f623da8
CS,691,0,CS691.0,CS691.0,1,1,0,0,0,0,0,0,0,0ea3545b41a1
CS,691,1,CS691.1,CS691.1,0,9,0,0,0,0,0,0,0,7815cc89d54e
CS,691,2,CS691.2,CS691.2,0,5,0,0,1,0,0,0,0,b6fa74db64f9
CS,691,3,CS691.3,CS691.3,0,12,0,0,0,0,0,0,0,589072dd7693
CS,692,0,CS692.0,CS692.0,1,1,0,0,0,0,0,0,0,0ea3545b41a1
CS,692,1,CS692.1,CS692.1,0,12,0,0,0,0,0,0,0,e90bd28e211e
CS,692,2,CS692.2,CS692.2,0,17,0,0,0,0,0,0,0,146edef04446
CS,693,0,CS693.0,CS693.0,1,1,0,0,0,0,0,0,0,0ea3545b41a1
CS,693,1,CS693.1,CS693.1,0,15,0,0,0,0,1,0,0,96c1ba9da187
CS,693,2,CS693.2,CS693.2,0,16,0,0,0,0,1,0,0,a0dc58568f86
CS,693,3,CS693.3,CS693.3,0,7,0,0,0,0,0,0,0,51890918ffc1
CS,693,4,CS693.4,CS693.4,0,6,0,0,0,0,1,0,0,affd31385225
CS,694,0,CS694.0,CS694.0,1,1,0,0,0,0,0,0,0,0ea3545b41a1
CS,694,1,CS694.1,CS694.1,0,18,0,0,0,0,0,0,0,e2a5f42cd58c
CS,694,2,CS694.2,CS694.2,0,5,0,0,0,0,0,0,0,4d7d34ab8735
CS,695,0,CS695.0,CS695.0,1,1,0,0,0,0,0,0,0,0ea3545b41a1
CS,695,1,CS695.1,CS695.1,0,48,0,0,0,0,0,0,0,febf2b586b52
CS,695,2,CS695.2,CS695.2,0,8,0,0,0,0,0,0,0,b6f8ae43bf52
CS,695,3,CS695.3,CS695.3,0,7,0,0,0,0,0,0,0,bcfc0ae3c7aa
CS,696,0,CS696.0,CS696.0,1,1,0,0,0,0,0,0,0,0ea3545b41a1
CS,696,1,CS696.1,CS696.1,0,8,0,0,0,0,0,0,0,16e82968bdf9
CS,696,2,CS696.2,CS696.2,0,10,0,0,0,0,1,0,0,ed7c5259ee8b
CS,696,3,CS696.3,CS696.3,0,14,0,0,0,0,0,0,0,23e4e151bd05
CS,696,4,CS696.4,CS696.4,0,10,0,0,0,1,0,0,0,cce08be45b9a
CS,696,5,CS696.5,CS696.5,0,12,0,0,0,0,0,0,0,8f88adeeabb2
CS,697,0,CS697.0,CS697.0,1,1,0,0,0,0,0,0,0,0ea3545b41a1
CS,697,1,CS697.1,CS697.1,0,12,0,0,0,0,0,0,0,8c9e23d8893d
CS,697,2,CS697.2,CS697.2,0,5,0,0,0,0,0,0,0,9d227e6e4830
CS,698,0,CS698.0,CS698.0,1,1,0,0,0,0,0,0,0,0ea3545b41a1
CS,698,1,CS698.1,CS698.1,0,28,0,0,0,0,0,0,0,047ec982ae70
CS,698,2,CS698.2,CS698.2,0,7,0,0,0,1,0,0,0,6fa3aba81b2d
CS,699,0,CS699.0,CS699.0,1,1,0,0,0,0,0,0,0,0ea3545b41a1
CS,699,1,CS699.1,CS699.1,0,7,0,0,0,0,0,0,0,a10b1cbc6f60
CS,700,0,CS700.0,CS700.0,1,1,0,0,0,0,0,0,0,0ea3545b41a1
CS,700,1,CS700.1,CS700.1,0,17,0,0,0,0,0,0,0,3809af36f54b
CS,700,2,CS700.2,CS700.2,0,7,0,0,0,0,0,0,0,9a92a8b798b8
CS,700,3,CS700.3,CS700.3,0,33,0,1,0,0,0,0,0,b118071e758e
CS,700,4,CS700.4,CS700.4,0,10,0,0,0,0,0,0,0,a5aae6676a86
CS,700,5,CS700.5,CS700.5,0,14,0,0,0,0,0,0,0,0840ce670b33
CS,700,6,CS700.6,CS700.6,0,11,0,0,0,0,0,0,0,07bbce040d31
CS,700,7,CS700.7,CS700.7,0,8,0,0,0,0,0,0,0,41e304685ccb
CS,701,0,CS701.0,CS701.0,1,1,0,0,0,0,0,0,0,0ea3545b41a1
CS,701,1,CS701.1,CS701.1,0,10,0,0,0,0,1,0,0,796d039a6a3b
CS,701,2,CS701.2,CS701.2,0,9,0,0,0,0,0,0,0,7bf819a043ef
CS,702,0,CS702.0,CS702.0,1,1,0,0,0,0,0,0,0,0ea3545b41a1
CS,702,1,CS702.1,CS702.1,0,14,0,0,0,0,0,0,0,1f8ed547da08
CS,702,2,CS702.2,CS702.2,0,8,0,0,1,0,0,0,0,c90d22121c66
CS,703,0,CS703.0,CS703.0,1,1,0,0,0,0,0,0,0,0ea3545b41a1
CS,703,1,CS703.1,CS703.1,0,29,0,0,1,0,0,0,0,1196c018fdfc
CS,703,2,CS703.2,CS703.2,0,77,0,0,0,0,0,0,0,0e4d57983f2c
CS,704,0,CS704.0,CS704.0,1,1,0,0,0,0,0,0,0,0ea3545b41a1
CS,704,1,CS704.1,CS704.1,0,8,1,0,0,0,0,1,0,c10bc60402fd
CS,704,2,CS704.2,CS704.2,0,20,0,0,0,0,0,0,0,3947ac6218bc
CS,704,3,CS704.3,CS704.3,0,24,0,0,0,1,0,0,0,693525a4fa50
CS,705,0,CS705.0,CS705.0,1,1,0,0,0,0,0,0,0,0ea3545b41a1
CS,705,1,CS705.1,CS705.1,0,12,0,0,0,0,1,0,0,11380c9f4d39
CS,705,2,CS705.2,CS705.2,0,12,0,0,0,0,0,0,0,d2445a6a9c11
CS,705,3,CS705.3,CS705.3,0,7,0,0,0,0,0,0,0,b4a01f3701c3
CS,706,0,CS706.0,CS706.0,1,1,0,0,0,0,0,0,0,0ea3545b41a1
CS,706,1,CS706.1,CS706.1,0,22,0,0,0,0,0,0,0,66dc2ea91ef0
CS,706,2,CS706.2,CS706.2,0,10,0,0,0,0,0,0,0,28f5a18df74b
CS,706,3,CS706.3,CS706.3,0,7,0,0,0,1,0,0,0,df2543c49745
CS,707,0,CS707.0,CS707.0,1,1,0,0,0,0,0,0,0,0ea3545b41a1
CS,707,1,CS707.1,CS707.1,0,4,0,0,0,0,0,0,0,5e9c02622966
CS,707,2,CS707.2,CS707.2,0,36,0,0,0,0,0,0,0,d4da974b325a
CS,707,3,CS707.3,CS707.3,0,6,0,0,0,0,0,0,0,19da08960d90
CS,708,0,CS708.0,CS708.0,1,1,0,0,0,0,0,0,0,0ea3545b41a1
CS,708,1,CS708.1,CS708.1,0,16,0,1,0,0,0,0,0,641c9f472728
CS,708,2,CS708.2,CS708.2,0,6,0,0,0,0,0,0,0,19a4668f1127
CS,709,0,CS709.0,CS709.0,1,1,0,0,0,0,0,0,0,0ea3545b41a1
CS,709,1,CS709.1,CS709.1,0,19,0,0,0,0,0,0,0,669add403f68
CS,709,2,CS709.2,CS709.2,0,9,0,0,0,0,0,0,0,be1ab082776e
CS,709,3,CS709.3,CS709.3,0,7,0,0,0,1,0,0,0,2b2af0ff443f
CS,709,4,CS709.4,CS709.4,0,8,0,0,0,0,0,0,0,98de1d3b196e
CS,710,0,CS710.0,CS710.0,1,1,0,0,0,0,0,0,0,0ea3545b41a1
CS,710,1,CS710.1,CS710.1,0,8,1,0,0,0,0,0,1,2e7210c28ee6
CS,710,2,CS710.2,CS710.2,0,9,0,0,0,1,0,0,0,524af7a8a134
CS,710,3,CS710.3,CS710.3,0,4,0,0,0,0,0,0,0,d4908353dcc5
CS,711,0,CS711.0,CS711.0,1,1,0,0,0,0,0,0,0,0ea3545b41a1
CS,711,1,CS711.1,CS711.1,0,29,0,0,0,0,0,0,0,136aa418a5d3
CS,711,2,CS711.2,CS711.2,0,6,0,0,0,0,0,0,0,2c21b8f216f2
CS,712,0,CS712.0,CS712.0,1,1,0,0,0,0,0,0,0,0ea3545b41a1
CS,712,1,CS712.1,CS712.1,0,27,0,0,0,0,0,0,0,2c188d5a9bd6
CS,712,2,CS712.2,CS712.2,0,6,0,0,0,0,0,0,0,9718be016105
CS,712,3,CS712.3,CS712.3,0,8,0,0,0,0,0,0,0,5ad772c9446c
CS,712,4,CS712.4,CS712.4,0,15,0,0,0,0,0,0,0,eb15bd4a8ce0
CS,713,0,CS713.0,CS713.0,1,1,0,0,0,0,0,0,0,0ea3545b41a1
CS,713,1,CS713.1,CS713.1,0,7,0,0,0,0,0,0,0,ef06ff59e73e
CS,713,2,CS713.2,CS713.2,0,8,0,0,0,0,0,0,0,6b5fe49dab60
CS,713,3,CS713.3,CS713.3,0,11,0,0,0,0,0,0,0,7e7c41ce5f77
CS,713,4,CS713.4,CS713.4,0,6,0,0,0,0,0,0,0,9a1849f050a3
CS,714,0,CS714.0,CS714.0,1,1,0,0,0,0,0,0,0,0ea3545b41a1
CS,714,1,CS714.1,CS714.1,0,38,0,0,0,1,0,0,0,53dc515b864c
CS,714,2,CS714.2,CS714.2,0,13,0,0,1,0,0,0,0,1b1dc3b1033c
CS,714,3,CS714.3,CS714.3,0,6,0,0,0,0,0,0,0,4e77720ee75f
CS,715,0,CS715.0,CS715.0,1,1,0,0,0,0,0,0,0,0ea3545b41a1
CS,715,1,CS715.1,CS715.1,0,7,0,0,0,0,1,0,0,cdc82f517813
CS,715,2,CS715.2,CS715.2,0,21,0,0,0,0,0,0,0,52d91a94006e
CS,715,3,CS715.3,CS715.3,0,8,0,0,0,0,0,0,0,08d38dc16917
CS,716,0,CS716.0,CS716.0,1,1,0,0,0,0,0,0,0,0ea3545b41a1
CS,716,1,CS716.1,CS716.1,0,6,0,0,0,0,0,0,0,2d3ba0318f04
CS,716,2,CS716.2,CS716.2,0,9,0,0,0,0,0,0,0,234aace9625d
CS,716,3,CS716.3,CS716.3,0,6,0,0,0,0,0,0,0,f6cbe28cd757
CS,717,0,CS717.0,CS717.0,1,1,0,0,0,0,0,0,0,0ea3545b41a1
CS,717,1,CS717.1,CS717.1,0,9,1,0,0,0,0,0,1,33b7386eeb9e
CS,717,2,CS717.2,CS717.2,0,12,1,0,0,0,0,0,1,57ba5a8f5cc7
CS,717,3,CS717.3,CS717.3,0,19,1,0,1,0,0,1,0,ef082d625839
CS,718,0,CS718.0,CS718.0,1,1,0,0,0,0,0,0,0,0ea3545b41a1
CS,718,1,CS718.1,CS718.1,0,4,0,0,0,0,0,0,0,3f92de162034
CS,718,2,CS718.2,CS718.2,0,52,0,0,0,0,0,0,0,ac3449fb0d9d
CS,718,3,CS718.3,CS718.3,0,10,1,0,0,0,0,0,1,41f9f39c3742
CS,718,4,CS718.4,CS718.4,0,39,0,0,0,0,1,0,0,1dde4358e106
CS,719,0,CS719.0,CS719.0,1,1,0,0,0,0,0,0,0,0ea3545b41a1
CS,719,1,CS719.1,CS719.1,0,12,0,0,0,0,1,0,0,3d20760de6e1
CS,719,2,CS719.2,CS719.2,0,16,0,0,0,0,1,0,0,c25e92842cd4
CS,720,0,CS720.0,CS720.0,1,1,0,0,0,0,0,0,0,0ea3545b41a1
CS,720,1,CS720.1,CS720.1,0,3,0,0,0,0,0,0,0,d702c5ad159b
CS,720,2,CS720.2,CS720.2,0,6,0,0,0,0,0,0,0,dc04c108f273
CS,720,3,CS720.3,CS720.3,0,8,0,0,0,0,0,0,0,d0230b38127d
CS,721,0,CS721.0,CS721.0,1,1,0,0,0,0,0,0,0,0ea3545b41a1
CS,721,1,CS721.1,CS721.1,0,15,0,0,0,0,0,0,0,e8dd3432004c
CS,721,2,CS721.2,CS721.2,0,19,0,0,0,0,1,0,0,50f9af6772ba
CS,721,3,CS721.3,CS721.3,0,20,0,0,0,0,0,0,0,4c83098af40f
CS,722,0,CS722.0,CS722.0,1,1,0,0,0,0,0,0,0,0ea3545b41a1
CS,722,1,CS722.1,CS722.1,0,391,0,0,0,0,1,0,0,4e493c661dc2
CS,804,0,CS804.0,CS804.0,1,25,0,0,0,0,1,0,0,2a0d35953a51
CS,804,1,CS804.1,CS804.1,0,6,0,0,0,0,1,0,0,862bee3fb7c1
CS,805,0,CS805.0,CS805.0,1,1,0,0,0,0,0,0,0,0ea3545b41a1
CS,805,1,CS805.1,CS805.1,0,8,0,0,0,0,0,0,0,225e1c41535f
CS,805,2,CS805.2,CS805.2,0,8,0,0,0,0,0,0,0,c49bef73c009
CS,806,0,CS806.0,CS806.0,1,1,0,0,0,0,0,0,0,0ea3545b41a1
CS,806,1,CS806.1,CS806.1,0,7,0,0,0,0,0,0,0,ab978bd69497
CS,806,2,CS806.2,CS806.2,0,9,0,0,0,1,0,0,0,7ab3231f58e1
CS,806,3,CS806.3,CS806.3,0,10,1,0,0,0,0,0,1,1a57e818208e
CS,806,4,CS806.4,CS806.4,0,8,0,0,0,0,0,0,0,bc77cdcbc168
CS,807,0,CS807.0,CS807.0,1,1,0,0,0,0,0,0,0,0ea3545b41a1
CS,807,1,CS807.1,CS807.1,0,12,0,0,0,1,0,0,0,df7d1ecfc06b
CS,807,2,CS807.2,CS807.2,0,10,0,0,0,0,0,0,0,f982f2d36444
CS,807,3,CS807.3,CS807.3,0,9,0,0,0,0,0,0,0,a6a259fb1849
CS,807,4,CS807.4,CS807.4,0,9,0,0,0,0,0,0,0,b67a13835d7a
CS,808,0,CS808.0,CS808.0,1,1,0,0,0,0,0,0,0,0ea3545b41a1
CS,808,1,CS808.1,CS808.1,0,7,0,0,0,1,0,0,0,20dc782bb711
CS,808,2,CS808.2,CS808.2,0,8,0,0,0,0,1,0,0,8d03265d99a5
CS,808,3,CS808.3,CS808.3,0,7,0,0,0,1,0,0,0,5e190ab24a55
CS,809,0,CS809.0,CS809.0,1,1,0,0,0,0,0,0,0,0ea3545b41a1
CS,809,1,CS809.1,CS809.1,0,7,0,0,0,0,0,0,0,27dd50c22267
CS,809,2,CS809.2,CS809.2,0,6,0,0,0,0,0,0,0,e638311016c9
CS,810,0,CS810.0,CS810.0,1,1,0,0,0,0,0,0,0,0ea3545b41a1
CS,810,1,CS810.1,CS810.1,0,8,0,0,0,0,0,0,0,c4eca06cd631
CS,810,2,CS810.2,CS810.2,0,7,0,0,0,0,0,0,0,6aeec31dbdb5
CS,810,3,CS810.3,CS810.3,0,18,0,0,0,0,0,0,0,bf76b0329f2e
CS,811,0,CS811.0,CS811.0,1,1,0,0,0,0,0,0,0,0ea3545b41a1
CS,811,1,CS811.1,CS811.1,0,15,0,0,0,1,0,0,0,b0c58eb8e1df
CS,811,2,CS811.2,CS811.2,0,101,0,0,0,0,0,0,0,d618b276ac7f
CS,811,3,CS811.3,CS811.3,0,8,0,0,0,0,0,0,0,1f4675ed1acf
CS,812,0,CS812.0,CS812.0,1,1,0,0,0,0,0,0,0,0ea3545b41a1
CS,812,1,CS812.1,CS812.1,0,11,0,0,0,1,0,0,0,d5327772da21
CS,812,2,CS812.2,CS812.2,0,10,0,0,0,0,0,0,0,8cfe3639ab95
CS,812,3,CS812.3,CS812.3,0,8,0,0,0,0,0,0,0,c8c9da6b99ef
CS,812,4,CS812.4,CS812.4,0,10,0,0,0,0,1,0,0,d0afe6166b32
CS,812,5,CS812.5,CS812.5,0,9,0,0,0,0,0,0,0,8a34069bfacf
CS,812,6,CS812.6,CS812.6,0,5,0,0,0,0,0,0,0,d238e5773ce8
CS,813,0,CS813.0,CS813.0,1,1,0,0,0,0,0,0,0,0ea3545b41a1
CS,813,1,CS813.1,CS813.1,0,22,0,0,0,0,0,0,0,36795f8400bb
CS,813,2,CS813.2,CS813.2,0,10,0,0,0,0,0,0,0,1178a44c6d37
CS,814,0,CS814.0,CS814.0,1,1,0,0,0,0,0,0,0,0ea3545b41a1
CS,814,1,CS814.1,CS814.1,0,9,0,0,0,0,0,0,0,43a30e9ae8f6
CS,814,2,CS814.2,CS814.2,0,13,0,0,0,0,0,0,0,fcb691b0db8e
CS,814,3,CS814.3,CS814.3,0,11,0,0,0,0,0,0,0,3439891b81b8
CS,814,4,CS814.4,CS814.4,0,5,0,0,0,0,0,0,0,1e20563db6f7
CS,815,0,CS815.0,CS815.0,1,1,0,0,0,0,0,0,0,0ea3545b41a1
CS,815,1,CS815.1,CS815.1,0,9,0,0,0,0,0,0,0,85aabbfbcfca
CS,815,2,CS815.2,CS815.2,0,8,0,0,0,1,0,0,0,bbe0e7988a72
CS,815,3,CS815.3,CS815.3,0,13,0,0,0,0,0,0,0,435d2351f0cb
CS,816,0,CS816.0,CS816.0,1,1,0,0,0,0,0,0,0,0ea3545b41a1
CS,816,1,CS816.1,CS816.1,0,6,0,0,0,0,0,0,0,1fcfa1dd7c2d
CS,816,2,CS816.2,CS816.2,0,9,0,0,0,0,0,0,0,ec676154a94c
CS,816,3,CS816.3,CS816.3,0,8,0,0,0,0,0,0,0,a84f580f2d9f
CS,816,4,CS816.4,CS816.4,0,22,0,0,0,0,0,0,0,1487d442bb48
CS,817,0,CS817.0,CS817.0,1,1,0,0,0,0,0,0,0,0ea3545b41a1
CS,817,1,CS817.1,CS817.1,0,12,0,0,0,0,1,0,0,90e637158efd
CS,818,0,CS818.0,CS818.0,1,1,0,0,0,0,0,0,0,0ea3545b41a1
CS,818,1,CS818.1,CS818.1,0,13,0,0,0,0,1,0,0,3be8d40f7105
CS,818,2,CS818.2,CS818.2,0,13,0,0,0,1,0,0,0,93a410a7d790
CS,818,3,CS818.3,CS818.3,0,52,0,0,0,0,0,0,0,48b774a9613e
CS,818,4,CS818.4,CS818.4,0,13,1,1,0,0,0,0,1,8adbc1faf4f7
CS,819,0,CS819.0,CS819.0,1,1,0,0,0,0,0,0,0,0ea3545b41a1
CS,819,1,CS819.1,CS819.1,0,10,0,0,0,0,1,0,0,7d1266ff1bc7
CS,819,2,CS819.2,CS819.2,0,17,0,0,0,0,0,0,0,234ca56ca2d7
CS,819,3,CS819.3,CS819.3,0,29,0,0,0,0,0,0,0,536e22e84ff1
CS,819,4,CS819.4,CS819.4,0,9,0,0,0,0,0,0,0,e7c0873574ae
CS,819,5,CS819.5,CS819.5,0,5,0,0,0,0,0,0,0,c68920d7e9f8
CS,820,0,CS820.0,CS820.0,1,1,0,0,0,0,0,0,0,0ea3545b41a1
CS,820,1,CS820.1,CS820.1,0,10,0,0,0,0,0,0,0,a5ff46bdc7bb
CS,820,2,CS820.2,CS820.2,0,9,0,0,0,0,1,0,0,252622565c95
CS,821,0,CS821.0,CS821.0,1,1,0,0,0,0,0,0,0,0ea3545b41a1
CS,821,1,CS821.1,CS821.1,0,24,0,0,0,0,0,0,0,ae4cbf49ee11
CS,821,2,CS821.2,CS821.2,0,5,0,0,1,0,0,0,0,ce6acd7a4bc5
CS,822,0,CS822.0,CS822.0,1,1,0,0,0,0,0,0,0,0ea3545b41a1
CS,822,1,CS822.1,CS822.1,0,20,0,0,0,0,0,0,0,c80235515b1b
CS,822,2,CS822.2,CS822.2,0,10,0,0,0,0,0,0,0,01f468f49d84
CS,822,3,CS822.3,CS822.3,0,8,0,0,0,0,0,0,0,2b9b85b7cdfb
CS,823,0,CS823.0,CS823.0,1,1,0,0,0,0,0,0,0,0ea3545b41a1
CS,823,1,CS823.1,CS823.1,0,11,0,0,0,0,0,0,0,b4a344dc77bc
CS,823,2,CS823.2,CS823.2,0,11,0,0,0,0,0,0,0,d38817b2fb46
CS,823,3,CS823.3,CS823.3,0,10,0,0,0,0,1,0,0,86885a8b3c02
CS,823,4,CS823.4,CS823.4,0,11,0,0,0,0,0,0,0,b6813def585d
CS,823,5,CS823.5,CS823.5,0,51,0,0,0,0,0,0,0,fed0a4cfe10c
CS,823,6,CS823.6,CS823.6,0,32,0,0,0,0,0,0,0,6999434a9225
CS,823,7,CS823.7,CS823.7,0,5,0,0,0,0,0,0,0,79b40ec9ce3a
CS,823,8,CS823.8,CS823.8,0,17,0,0,1,0,0,0,0,2a6731eabed7
CS,823,9,CS823.9,CS823.9,0,13,0,0,0,1,0,0,0,cd1bb832d1d3
CS,823,10,CS823.10,CS823.10,0,11,0,0,0,1,0,0,0,96e5cfca0223
CS,824,0,CS824.0,CS824.0,1,1,0,0,0,0,0,0,0,0ea3545b41a1
CS,824,1,CS824.1,CS824.1,0,6,0,0,0,0,0,0,0,8c9e7e18c708
CS,824,2,CS824.2,CS824.2,0,14,0,0,0,0,0,0,0,4e2dd18d1cb9
CS,825,0,CS825.0,CS825.0,1,1,0,0,0,0,0,0,0,0ea3545b41a1
CS,825,1,CS825.1,CS825.1,0,14,0,0,0,0,0,0,0,5939fda084ce
CS,825,2,CS825.2,CS825.2,0,11,0,0,0,0,0,0,0,2706236bb832
CS,825,3,CS825.3,CS825.3,0,8,0,0,0,0,0,0,0,8daf3fb3c6a9
CS,825,4,CS825.4,CS825.4,0,8,0,0,0,0,0,0,0,f80e0d2495b2
CS,825,5,CS825.5,CS825.5,0,11,0,0,0,0,0,0,0,1f5ed63ad33f
CS,825,6,CS825.6,CS825.6,0,16,0,0,0,0,0,0,0,509fb24c4d96
CS,825,7,CS825.7,CS825.7,0,8,0,0,0,0,0,0,0,8fe73c1eae3b
CS,825,8,CS825.8,CS825.8,0,8,0,0,0,0,0,0,0,65ea5b9b74c8
CS,825,9,CS825.9,CS825.9,0,18,1,0,0,0,0,0,1,07037af342be
CS,826,0,CS826.0,CS826.0,1,1,0,0,0,0,0,0,0,0ea3545b41a1
CS,826,1,CS826.1,CS826.1,0,8,0,0,0,1,0,0,0,2fdde08fe5d6
CS,826,2,CS826.2,CS826.2,0,9,0,0,0,1,0,0,0,275c11e81f26
CS,826,3,CS826.3,CS826.3,0,9,0,0,0,0,0,0,0,0f0bfaff9341
CS,826,4,CS826.4,CS826.4,0,6,0,0,0,1,0,0,0,24ad80d5bb8f
CS,826,5,CS826.5,CS826.5,0,11,0,0,0,0,0,0,0,53a6ba4c53ae
CS,826,6,CS826.6,CS826.6,0,7,0,0,0,0,0,0,0,1f13221eac50
CS,827,0,CS827.0,CS827.0,1,1,0,0,0,0,0,0,0,0ea3545b41a1
CS,827,1,CS827.1,CS827.1,0,295,0,0,0,1,0,0,0,a9361ba369ce
CS,827,2,CS827.2,CS827.2,0,17,0,0,0,0,0,0,0,4b224c554e0a
CS,828,0,CS828.0,CS828.0,1,1,0,0,0,0,0,0,0,0ea3545b41a1
CS,828,1,CS828.1,CS828.1,0,9,0,0,0,0,0,0,0,1afb2800330e
CS,828,2,CS828.2,CS828.2,0,23,0,0,0,0,0,0,0,0086403ed372
CS,828,3,CS828.3,CS828.3,0,9,0,0,0,0,1,0,0,1f850d43bf0d
CS,829,0,CS829.0,CS829.0,1,1,0,0,0,0,0,0,0,0ea3545b41a1
CS,829,1,CS829.1,CS829.1,0,9,0,0,0,0,0,0,0,15628f2daf51
CS,829,2,CS829.2,CS829.2,0,13,1,1,0,0,0,0,1,469c5568f821
CS,829,3,CS829.3,CS829.3,0,10,0,0,0,1,0,0,0,83cd159472da
CS,830,0,CS830.0,CS830.0,1,1,0,0,0,0,0,0,0,0ea3545b41a1
CS,830,1,CS830.1,CS830.1,0,9,0,0,0,0,0,0,0,21c2e59b7e3b
CS,830,2,CS830.2,CS830.2,0,11,0,0,0,1,0,0,0,d812e3b06c04
CS,830,3,CS830.3,CS830.3,0,6,0,0,0,0,0,0,0,f94f7154add3
CS,830,4,CS830.4,CS830.4,0,11,0,0,0,1,0,0,0,dff102ff1c41
CS,831,0,CS831.0,CS831.0,1,1,0,0,0,0,0,0,0,0ea3545b41a1
CS,831,1,CS831.1,CS831.1,0,11,0,0,0,0,0,0,0,d9e885379587
CS,831,2,CS831.2,CS831.2,0,6,0,0,0,1,0,0,0,3f17688a9a4c
CS,831,3,CS831.3,CS831.3,0,25,0,0,0,0,0,0,0,14caaf6bcf38
CS,831,4,CS831.4,CS831.4,0,10,0,0,0,0,0,0,0,c8970051ac68
CS,832,0,CS832.0,CS832.0,1,1,0,0,0,0,0,0,0,0ea3545b41a1
CS,832,1,CS832.1,CS832.1,0,14,0,0,0,1,0,0,0,7d65c248ad66
CS,832,2,CS832.2,CS832.2,0,15,0,0,0,0,0,0,0,437489322641
CS,832,3,CS832.3,CS832.3,0,19,0,0,0,1,0,0,0,1d80005fa79d
CS,832,4,CS832.4,CS832.4,0,16,0,0,0,0,0,0,0,90019846ede9
CS,832,5,CS832.5,CS832.5,0,7,0,0,0,0,0,0,0,5433b325483c
CS,832,6,CS832.6,CS832.6,0,13,0,0,0,0,0,0,0,a3620a623f36
CS,832,7,CS832.7,CS832.7,0,8,0,0,0,0,0,0,0,c54189a05051
CS,832,8,CS832.8,CS832.8,0,10,0,0,0,1,0,0,0,2b72b48f768f
CS,832,9,CS832.9,CS832.9,0,7,0,0,0,0,0,0,0,eb6af5fb50c8
CS,832,10,CS832.10,CS832.10,0,3,0,0,0,0,0,0,0,a21b599c59c9
CS,833,0,CS833.0,CS833.0,1,1,0,0,0,0,0,0,0,0ea3545b41a1
CS,833,1,CS833.1,CS833.1,0,9,0,0,0,0,0,0,0,ac3ffe684688
CS,833,2,CS833.2,CS833.2,0,7,0,0,0,0,0,0,0,f7ad881b6184
CS,833,3,CS833.3,CS833.3,0,41,0,0,0,0,0,0,0,dba9703fc152
CS,833,4,CS833.4,CS833.4,0,9,0,0,0,0,0,0,0,c67da9980595
CS,834,0,CS834.0,CS834.0,1,1,0,0,0,0,0,0,0,0ea3545b41a1
CS,834,1,CS834.1,CS834.1,0,8,0,0,0,1,0,0,0,609e0dc5b5da
CS,834,2,CS834.2,CS834.2,0,6,0,0,0,1,0,0,0,b2dceab5762f
CS,834,3,CS834.3,CS834.3,0,16,0,0,0,1,1,0,0,8201d2f19c2e
CS,834,4,CS834.4,CS834.4,0,20,0,0,0,0,0,0,0,27be71896d39
CS,834,5,CS834.5,CS834.5,0,8,0,0,0,0,0,0,0,451395a0a6f4
CS,835,0,CS835.0,CS835.0,1,1,0,0,0,0,0,0,0,0ea3545b41a1
CS,835,1,CS835.1,CS835.1,0,22,0,0,0,0,0,0,0,a41c897ac63e
CS,835,2,CS835.2,CS835.2,0,10,0,0,0,0,0,0,0,c1eb0dc1b9a1
CS,836,0,CS836.0,CS836.0,1,1,0,0,0,0,0,0,0,0ea3545b41a1
CS,836,1,CS836.1,CS836.1,0,10,0,0,0,0,0,0,0,523c3b5286f3
CS,836,2,CS836.2,CS836.2,0,16,0,0,0,1,0,0,0,c0de3cf67954
CS,836,3,CS836.3,CS836.3,0,27,0,0,0,1,0,0,0,36458b9d2af8
CS,836,4,CS836.4,CS836.4,0,26,0,0,0,0,0,0,0,7ee6539aa747
CS,836,5,CS836.5,CS836.5,0,13,0,0,0,0,0,0,0,567b6ba06a2f
CS,837,0,CS837.0,CS837.0,1,1,0,0,0,0,0,0,0,0ea3545b41a1
CS,837,1,CS837.1,CS837.1,0,12,0,0,0,0,1,0,0,56e38d01cba4
CS,837,2,CS837.2,CS837.2,0,40,0,0,0,1,0,0,0,b1fa9e76dd1b
CS,837,3,CS837.3,CS837.3,0,14,0,0,0,1,0,0,0,7a6f7c0e5329
CS,837,4,CS837.4,CS837.4,0,31,0,0,0,0,0,0,0,1817ba8af9b6
CS,837,5,CS837.5,CS837.5,0,22,0,0,0,0,0,0,0,d10efcc73572
CS,837,6,CS837.6,CS837.6,0,10,0,0,0,0,0,0,0,f464eff7f596
CS,837,7,CS837.7,CS837.7,0,7,0,0,0,0,0,0,0,797e6b280f12
CS,837,8,CS837.8,CS837.8,0,8,0,0,0,0,0,0,0,91460201b33a
CS,837,9,CS837.9,CS837.9,0,8,0,0,0,0,0,0,0,7a8b486fc725
CS,837,10,CS837.10,CS837.10,0,9,0,0,0,0,0,0,0,9c1904233bad
CS,837,11,CS837.11,CS837.11,0,6,0,0,0,0,0,0,0,7125546b8b95
CS,837,12,CS837.12,CS837.12,0,8,0,0,0,0,0,0,0,43b2f602f19e
CS,838,0,CS838.0,CS838.0,1,1,0,0,0,0,0,0,0,0ea3545b41a1
CS,838,1,CS838.1,CS838.1,0,16,0,0,0,1,0,0,0,cdd9c54053d9
CS,838,2,CS838.2,CS838.2,0,18,0,0,0,0,0,0,0,77357e82589b
CS,838,3,CS838.3,CS838.3,0,8,0,0,0,0,1,0,0,eed04058ad1e
CS,839,0,CS839.0,CS839.0,1,1,0,0,0,0,0,0,0,0ea3545b41a1
CS,839,1,CS839.1,CS839.1,0,20,0,0,0,0,0,0,0,01879bdae1f5
CS,839,2,CS839.2,CS839.2,0,20,0,0,0,0,0,0,0,0fa89fe42c96
CS,839,3,CS839.3,CS839.3,0,8,0,0,0,0,0,0,0,8ee7240d11c3
CS,840,0,CS840.0,CS840.0,1,1,0,0,0,0,0,0,0,0ea3545b41a1
CS,840,1,CS840.1,CS840.1,0,18,0,0,0,0,0,0,0,4b424e1addc5
CS,840,2,CS840.2,CS840.2,0,6,0,0,0,0,0,0,0,f7fdc91ef883
CS,840,3,CS840.3,CS840.3,0,12,0,0,0,1,1,0,0,77f6cff46a12
CS,840,4,CS840.4,CS840.4,0,11,0,0,0,0,0,0,0,0981b047b8a6
CS,840,5,CS840.5,CS840.5,0,9,0,0,0,0,0,0,0,650237138a73
CS,840,6,CS840.6,CS840.6,0,10,0,0,0,0,0,0,0,d47ec3212336
CS,840,7,CS840.7,CS840.7,0,10,0,0,0,0,0,0,0,d104609d4d89
CS,841,0,CS841.0,CS841.0,1,1,0,0,0,0,0,0,0,0ea3545b41a1
CS,841,1,CS841.1,CS841.1,0,7,0,0,0,0,0,0,0,bb9ff138be60
CS,841,2,CS841.2,CS841.2,0,18,0,0,0,0,0,0,0,d8cf54b8e214
CS,841,3,CS841.3,CS841.3,0,25,0,0,0,0,1,0,0,8790a8e8d4ae
CS,841,4,CS841.4,CS841.4,0,18,0,0,0,1,0,0,0,ca1f8a2ea07b
CS,842,0,CS842.0,CS842.0,1,1,0,0,0,0,0,0,0,0ea3545b41a1
CS,842,1,CS842.1,CS842.1,0,5,0,0,0,0,0,0,0,4586cc26b731
CS,842,2,CS842.2,CS842.2,0,10,0,0,0,0,0,0,0,40b4e5751cb1
CS,842,3,CS842.3,CS842.3,0,7,0,0,0,0,0,0,0,9b8d99e88ac4
CS,842,4,CS842.4,CS842.4,0,37,0,0,0,0,0,0,0,f1ad6dac9eb7
CS,842,5,CS842.5,CS842.5,0,9,0,0,0,0,0,0,0,e712e7a23212
CS,842,6,CS842.6,CS842.6,0,8,0,0,0,0,0,0,0,18c91d544233
CS,842,7,CS842.7,CS842.7,0,7,0,0,0,0,0,0,0,dcbde8e5fe33
CS,843,0,CS843.0,CS843.0,1,1,0,0,0,0,0,0,0,0ea3545b41a1
CS,843,1,CS843.1,CS843.1,0,8,0,0,0,0,0,0,0,5dfdba3c169e
CS,843,2,CS843.2,CS843.2,0,11,0,0,0,0,0,0,0,4a4fc6446bef
CS,843,3,CS843.3,CS843.3,0,6,0,0,0,1,0,0,0,a9e1825622e3
CS,843,4,CS843.4,CS843.4,0,10,0,0,0,0,0,0,0,303d9a391033
CS,844,0,CS844.0,CS844.0,1,1,0,0,0,0,0,0,0,0ea3545b41a1
CS,844,1,CS844.1,CS844.1,0,16,0,0,0,1,0,0,0,1d7aae746792
CS,844,2,CS844.2,CS844.2,0,8,0,0,0,0,1,0,0,91da6c63e643
CS,844,3,CS844.3,CS844.3,0,23,0,0,0,0,0,0,0,29e8d6822085
CS,845,0,CS845.0,CS845.0,1,1,0,0,0,0,0,0,0,0ea3545b41a1
CS,845,1,CS845.1,CS845.1,0,28,0,0,0,1,1,0,0,b5ed6bd8ba74
CS,845,2,CS845.2,CS845.2,0,35,0,0,0,1,0,0,0,c207ffdd7375
CS,845,3,CS845.3,CS845.3,0,39,0,0,0,1,0,0,0,97defa68d2e8
CS,845,4,CS845.4,CS845.4,0,13,0,0,0,0,0,0,0,ee978e6f8c0b
CS,845,5,CS845.5,CS845.5,0,19,0,0,0,0,0,0,0,99bf7e6726b7
CS,845,6,CS845.6,CS845.6,0,12,0,0,0,0,0,0,0,b0223848b785
CS,846,0,CS846.0,CS846.0,1,1,0,0,0,0,0,0,0,0ea3545b41a1
CS,846,1,CS846.1,CS846.1,0,25,0,0,0,1,0,0,0,ee4dde0ce629
CS,846,2,CS846.2,CS846.2,0,13,0,0,0,1,0,0,0,7197edf4356f
CS,846,3,CS846.3,CS846.3,0,13,0,0,0,0,1,0,0,622d1ec4017b
CS,846,4,CS846.4,CS846.4,0,27,0,0,0,0,0,0,0,0c683e6eea75
CS,846,5,CS846.5,CS846.5,0,9,0,0,0,0,0,0,0,45a4498fa972
CS,846,6,CS846.6,CS846.6,0,36,0,0,0,0,1,0,0,c352079f233e
CS,846,7,CS846.7,CS846.7,0,2,0,0,0,0,0,0,0,4afe08f7b014
CS,847,0,CS847.0,CS847.0,1,1,0,0,0,0,0,0,0,0ea3545b41a1
CS,847,1,CS847.1,CS847.1,0,45,0,0,0,0,1,0,0,673aa4355d46
CS,847,2,CS847.2,CS847.2,0,32,0,0,0,0,0,0,0,b121fb674534
CS,847,3,CS847.3,CS847.3,0,15,0,0,0,0,0,0,0,e93e6744004c
CS,847,4,CS847.4,CS847.4,0,9,0,0,0,0,1,0,0,a695b2e13df2
CS,847,5,CS847.5,CS847.5,0,14,0,0,0,0,0,0,0,eadb2cdfcb15
CS,848,0,CS848.0,CS848.0,1,1,0,0,0,0,0,0,0,0ea3545b41a1
CS,848,1,CS848.1,CS848.1,0,17,0,0,0,0,0,0,0,349a6bb4a084
CS,848,2,CS848.2,CS848.2,0,8,0,0,0,0,0,0,0,6ef26e1e3388
CS,848,3,CS848.3,CS848.3,0,12,0,0,0,0,0,0,0,e52bcdcf0a9e
CS,848,4,CS848.4,CS848.4,0,38,0,0,0,0,1,0,0,b1de674e523a
CS,848,5,CS848.5,CS848.5,0,22,0,0,0,0,0,0,0,ec18b4b5608c
CS,848,6,CS848.6,CS848.6,0,19,0,0,0,0,1,0,0,ae0b7d6b2720
CS,848,7,CS848.7,CS848.7,0,16,0,0,0,0,0,0,0,f4606182a6d2
CS,849,0,CS849.0,CS849.0,1,1,0,0,0,0,0,0,0,0ea3545b41a1
CS,849,1,CS849.1,CS849.1,0,8,0,0,0,1,0,0,0,30e2e530b1cd
CS,849,2,CS849.2,CS849.2,0,8,0,0,0,0,0,0,0,c152a19d3119
CS,849,3,CS849.3,CS849.3,0,25,0,0,0,1,0,0,0,fe69e228f804
CS,849,4,CS849.4,CS849.4,0,13,0,0,0,0,0,0,0,12869a667ae0
CS,849,5,CS849.5,CS849.5,0,9,0,0,0,0,0,0,0,ec3868f8d5b2
CS,849,6,CS849.6,CS849.6,0,36,0,0,0,0,0,0,0,6a117efb2b3a
CS,849,7,CS849.7,CS849.7,0,21,0,0,0,0,0,0,0,40bb39c9b8cd
CS,849,8,CS849.8,CS849.8,0,27,0,0,0,1,0,0,0,27d09ea36f4a
CS,850,0,CS850.0,CS850.0,1,1,0,0,0,0,0,0,0,0ea3545b41a1
CS,850,1,CS850.1,CS850.1,0,23,0,1,0,0,0,0,0,63d4a21c5ab8
CS,850,2,CS850.2,CS850.2,0,62,0,0,0,0,0,0,0,950e919fede7
CS,850,3,CS850.3,CS850.3,0,12,0,0,0,0,1,0,0,6922206e9128
CS,850,4,CS850.4,CS850.4,0,7,0,0,0,0,0,0,0,688ae559e2a1
CS,850,5,CS850.5,CS850.5,0,12,0,0,0,0,0,0,0,671df61ce042
CS,851,0,CS851.0,CS851.0,1,1,0,0,0,0,0,0,0,0ea3545b41a1
CS,851,1,CS851.1,CS851.1,0,8,0,0,0,0,1,0,0,06410d7c95f6
CS,851,2,CS851.2,CS851.2,0,38,0,0,0,0,0,0,0,62d1d4f6afc9
CS,851,3,CS851.3,CS851.3,0,40,0,0,0,0,0,0,0,421acc2e5109
CS,851,4,CS851.4,CS851.4,0,40,0,0,0,1,0,0,0,811959fa4594
CS,852,0,CS852.0,CS852.0,1,1,0,0,0,0,0,0,0,0ea3545b41a1
CS,852,1,CS852.1,CS852.1,0,23,0,0,0,0,0,0,0,eccba100f616
CS,852,2,CS852.2,CS852.2,0,16,0,0,0,1,0,0,0,4660d00cf85d
CS,852,3,CS852.3,CS852.3,0,53,0,0,0,0,0,0,0,33255c29408a
CS,852,4,CS852.4,CS852.4,0,9,0,0,0,0,0,0,0,440542a39977
CS,852,5,CS852.5,CS852.5,0,8,0,0,0,0,0,0,0,b415d17cd1f7
CS,852,6,CS852.6,CS852.6,0,6,0,0,0,0,0,0,0,35386c85c84d
CS,853,0,CS853.0,CS853.0,1,1,0,0,0,0,0,0,0,0ea3545b41a1
CS,853,1,CS853.1,CS853.1,0,25,0,0,0,0,0,0,0,8b6cd93bbb34
CS,853,2,CS853.2,CS853.2,0,43,0,0,0,0,1,0,0,b357a5434ef4
CS,853,3,CS853.3,CS853.3,0,15,0,0,0,0,0,0,0,1a0a499a7d9c
CS,854,0,CS854.0,CS854.0,1,1,0,0,0,0,0,0,0,0ea3545b41a1
CS,854,1,CS854.1,CS854.1,0,20,0,0,0,1,1,0,0,a4135b19bbe2
CS,854,2,CS854.2,CS854.2,0,25,0,0,1,0,0,0,0,7f331753baf5
CS,854,3,CS854.3,CS854.3,0,5,0,0,0,0,1,0,0,caf0ade79846
CS,855,0,CS855.0,CS855.0,1,1,0,0,0,0,0,0,0,0ea3545b41a1
CS,855,1,CS855.1,CS855.1,0,9,0,0,0,1,0,0,0,2c81986aa4b2
CS,855,2,CS855.2,CS855.2,0,29,0,0,0,0,0,0,0,7c5ae99472e1
CS,855,3,CS855.3,CS855.3,0,6,0,0,0,0,0,0,0,f949bbc2306a
CS,856,0,CS856.0,CS856.0,1,1,0,0,0,0,0,0,0,0ea3545b41a1
CS,856,1,CS856.1,CS856.1,0,47,0,0,0,0,0,0,0,4372d360dead
CS,856,2,CS856.2,CS856.2,0,14,0,0,0,0,1,0,0,4b45d1df58e5
CS,856,3,CS856.3,CS856.3,0,11,0,0,0,0,0,0,0,3ab2e66bf819
CS,856,4,CS856.4,CS856.4,0,20,0,0,0,0,0,0,0,200e7d19e013
CS,856,5,CS856.5,CS856.5,0,9,0,0,0,1,0,0,0,8377f42b1ee5
CS,856,6,CS856.6,CS856.6,0,16,0,0,1,0,0,0,0,97c1126d9aa0
CS,856,7,CS856.7,CS856.7,0,14,0,0,0,0,0,0,0,c32f98e9d3fb
CS,856,8,CS856.8,CS856.8,0,15,0,0,0,0,0,0,0,0cc89e9def9c
CS,857,0,CS857.0,CS857.0,1,1,0,0,0,0,0,0,0,0ea3545b41a1
CS,857,1,CS857.1,CS857.1,0,18,0,0,0,0,0,0,0,aca69c142938
CS,857,2,CS857.2,CS857.2,0,5,0,0,0,0,0,0,0,5f0201fdcd06
CS,857,3,CS857.3,CS857.3,0,8,0,0,0,0,0,0,0,c91a98a98581
CS,857,4,CS857.4,CS857.4,0,10,0,0,0,1,0,0,0,c525bfbba474
CS,857,5,CS857.5,CS857.5,0,9,0,0,0,0,0,0,0,f4119d08ef4b
CS,858,0,CS858.0,CS858.0,1,1,0,0,0,0,0,0,0,0ea3545b41a1
CS,858,1,CS858.1,CS858.1,0,77,0,0,0,0,1,0,0,4dcd757d7181
CS,858,2,CS858.2,CS858.2,0,13,0,0,0,0,1,0,0,d9ca0d963ec9
CS,858,3,CS858.3,CS858.3,0,29,0,0,0,0,0,0,0,91a493498d2a
CS,859,0,CS859.0,CS859.0,1,1,0,0,0,0,0,0,0,0ea3545b41a1
CS,859,1,CS859.1,CS859.1,0,6,0,0,0,0,0,0,0,bc541e637622
CS,859,2,CS859.2,CS859.2,0,6,0,0,0,0,0,0,0,62140cf30b13
CS,859,3,CS859.3,CS859.3,0,78,0,0,0,1,1,0,0,2e690c1ef1eb
CS,859,4,CS859.4,CS859.4,0,12,0,0,0,0,1,0,0,d4d144a7c146
CS,860,0,CS860.0,CS860.0,1,1,0,0,0,0,0,0,0,0ea3545b41a1
CS,860,1,CS860.1,CS860.1,0,64,0,0,0,1,1,0,0,16f2d181ec30
CS,861,0,CS861.0,CS861.0,1,1,0,0,0,0,0,0,0,0ea3545b41a1
CS,861,1,CS861.1,CS861.1,0,12,0,0,0,1,0,0,0,8d587c079aff
CS,861,2,CS861.2,CS861.2,0,11,0,0,0,0,0,0,0,22347ccac2e6
CS,861,3,CS861.3,CS861.3,0,19,0,0,0,0,0,0,0,60df81e94aa1
CS,862,0,CS862.0,CS862.0,1,1,0,0,0,0,0,0,0,0ea3545b41a1
CS,862,1,CS862.1,CS862.1,0,9,1,0,0,0,0,1,0,c17c5c3184e8
CS,862,2,CS862.2,CS862.2,0,18,0,0,0,1,0,0,0,8e145fa977df
CS,862,3,CS862.3,CS862.3,0,10,0,0,0,1,0,0,0,67ac73868efe
CS,862,4,CS862.4,CS862.4,0,31,0,0,0,0,0,0,0,577080f0d5a9
CS,862,5,CS862.5,CS862.5,0,10,0,0,0,0,0,0,0,e61009a39ea4
CS,862,6,CS862.6,CS862.6,0,8,0,0,0,0,0,0,0,bef34691a5b2
CS,863,0,CS863.0,CS863.0,1,1,0,0,0,0,0,0,0,0ea3545b41a1
CS,863,1,CS863.1,CS863.1,0,13,0,0,0,1,0,0,0,782b80078bc3
CS,863,2,CS863.2,CS863.2,0,15,0,0,0,0,0,0,0,1d602ae1e9de
CS,863,3,CS863.3,CS863.3,0,12,0,0,0,0,0,0,0,3974f361d4a3
CS,863,4,CS863.4,CS863.4,0,6,0,0,0,0,0,0,0,b299f43cfeae
CS,864,0,CS864.0,CS864.0,1,1,0,0,0,0,0,0,0,0ea3545b41a1
CS,864,1,CS864.1,CS864.1,0,17,0,0,0,1,0,0,0,c0faa03ace37
CS,864,2,CS864.2,CS864.2,0,25,0,0,0,1,0,0,0,a06e5be9b322
CS,864,3,CS864.3,CS864.3,0,30,0,0,0,0,0,0,0,0aefa0df2437
CS,864,4,CS864.4,CS864.4,0,15,0,0,1,1,0,0,0,3eeff4e230d7
CS,864,5,CS864.5,CS864.5,0,16,0,0,0,0,0,0,0,14653a5a2eee
CS,865,0,CS865.0,CS865.0,1,1,0,0,0,0,0,0,0,0ea3545b41a1
CS,865,1,CS865.1,CS865.1,0,17,0,0,0,0,0,0,0,1dc45dc3fdc0
CS,865,2,CS865.2,CS865.2,0,14,1,0,0,1,0,0,1,acbfc6b00d54
CS,865,3,CS865.3,CS865.3,0,16,0,0,0,1,0,0,0,3255cd5e2b0f
CS,865,4,CS865.4,CS865.4,0,14,0,0,0,0,0,0,0,91125dc022a6
CS,865,5,CS865.5,CS865.5,0,16,0,0,0,0,0,0,0,8e3de89aa3c3
CS,866,0,CS866.0,CS866.0,1,1,0,0,0,0,0,0,0,0ea3545b41a1
CS,866,1,CS866.1,CS866.1,0,30,0,0,0,0,0,0,0,2179bb179269
CS,866,2,CS866.2,CS866.2,0,18,0,0,0,0,0,0,0,557352161c0d
CS,867,0,CS867.0,CS867.0,1,1,0,0,0,0,0,0,0,0ea3545b41a1
CS,867,1,CS867.1,CS867.1,0,11,0,0,0,0,0,0,0,c70481351978
CS,867,2,CS867.2,CS867.2,0,6,0,0,0,0,0,0,0,a307c8caf63a
CS,867,3,CS867.3,CS867.3,0,6,0,0,0,0,0,0,0,d8cec752410a
CS,867,4,CS867.4,CS867.4,0,7,0,0,0,0,0,0,0,e6c3c3fd2653
CS,868,0,CS868.0,CS868.0,1,1,0,0,0,0,0,0,0,0ea3545b41a1
CS,868,1,CS868.1,CS868.1,0,9,0,0,0,0,0,0,0,625b9014ac51
CS,868,2,CS868.2,CS868.2,0,14,0,0,0,0,0,0,0,b67a4c7aa772
CS,868,3,CS868.3,CS868.3,0,7,0,0,0,0,0,0,0,c7db626e2f47
CS,868,4,CS868.4,CS868.4,0,9,0,0,0,1,0,0,0,65f80359b42f
CS,868,5,CS868.5,CS868.5,0,6,0,0,0,0,0,0,0,e12b75456f4a
CS,868,6,CS868.6,CS868.6,0,112,0,0,0,1,1,0,0,1a28d96dccf9
CS,868,7,CS868.7,CS868.7,0,12,0,0,0,0,0,0,0,a1bbc3be6b9a
CS,868,8,CS868.8,CS868.8,0,8,0,0,0,0,0,0,0,bfb6c5aaf33b
CS,869,0,CS869.0,CS869.0,1,1,0,0,0,0,0,0,0,0ea3545b41a1
CS,869,1,CS869.1,CS869.1,0,14,0,0,0,0,0,0,0,3cc469cb2cab
CS,869,2,CS869.2,CS869.2,0,9,0,0,0,0,1,0,0,2b2846110031
CS,869,3,CS869.3,CS869.3,0,9,0,0,0,1,0,0,0,c50d73b3394c
CS,869,4,CS869.4,CS869.4,0,18,0,0,0,0,0,0,0,8c13aae85a72
CS,869,5,CS869.5,CS869.5,0,23,0,0,0,1,0,0,0,b41b1270a64f
CS,869,6,CS869.6,CS869.6,0,14,0,0,0,0,0,0,0,fb4957981afe
CS,870,0,CS870.0,CS870.0,1,1,0,0,0,0,0,0,0,0ea3545b41a1
CS,870,1,CS870.1,CS870.1,0,19,0,0,0,1,0,0,0,263cd3eb8589
CS,870,2,CS870.2,CS870.2,0,11,0,0,0,0,1,0,0,17c18bd13bd9
CS,870,3,CS870.3,CS870.3,0,20,0,0,0,1,0,0,0,739d45e65272
CS,870,4,CS870.4,CS870.4,0,14,0,0,0,0,0,0,0,c31cf12a284f
CS,870,5,CS870.5,CS870.5,0,6,0,0,0,1,0,0,0,8fff4fc60ffb
CS,871,0,CS871.0,CS871.0,1,1,0,0,0,0,0,0,0,0ea3545b41a1
CS,871,1,CS871.1,CS871.1,0,18,0,0,0,0,0,0,0,81c4070e6cb4
CS,871,2,CS871.2,CS871.2,0,28,0,1,1,0,0,0,0,e823ee9fd17d
CS,871,3,CS871.3,CS871.3,0,12,0,0,0,0,1,0,0,28d2d0663758
CS,871,4,CS871.4,CS871.4,0,7,0,0,0,0,0,0,0,49c6c8985f64
CS,872,0,CS872.0,CS872.0,1,1,0,0,0,0,0,0,0,0ea3545b41a1
CS,872,1,CS872.1,CS872.1,0,14,0,0,0,1,0,0,0,6288e51c3f43
CS,872,2,CS872.2,CS872.2,0,12,0,0,0,0,1,0,0,a7bc6e37c89b
CS,872,3,CS872.3,CS872.3,0,11,0,0,0,0,0,0,0,e34bcb4c9414
CS,872,4,CS872.4,CS872.4,0,17,0,0,1,0,0,0,0,beae93968688
CS,872,5,CS872.5,CS872.5,0,64,0,0,0,0,0,0,0,7ce2766cebd5
CS,872,6,CS872.6,CS872.6,0,12,0,0,0,0,0,0,0,a4a31506e487
CS,873,0,CS873.0,CS873.0,1,1,0,0,0,0,0,0,0,0ea3545b41a1
CS,873,1,CS873.1,CS873.1,0,10,0,0,0,0,0,0,0,ac7f1114f35a
CS,873,2,CS873.2,CS873.2,0,9,0,0,0,0,0,0,0,084badfe6da5
CS,873,3,CS873.3,CS873.3,0,13,0,0,0,0,1,0,0,843f3a03a986
CS,873,4,CS873.4,CS873.4,0,9,0,0,0,0,1,0,0,1db9e9b5baf5
CS,874,0,CS874.0,CS874.0,1,1,0,0,0,0,0,0,0,0ea3545b41a1
CS,874,1,CS874.1,CS874.1,0,11,0,0,0,0,0,0,0,34b0646c39c1
CS,874,2,CS874.2,CS874.2,0,13,0,0,0,0,0,0,0,dc85e4d8ef96
CS,874,3,CS874.3,CS874.3,0,17,0,0,0,0,1,0,0,b5a904395ba6
CS,875,0,CS875.0,CS875.0,1,1,0,0,0,0,0,0,0,0ea3545b41a1
CS,875,1,CS875.1,CS875.1,0,7,0,0,0,0,0,0,0,f612bd17ce9e
CS,875,2,CS875.2,CS875.2,0,10,0,0,0,1,0,0,0,0ae606ef36d0
CS,876,0,CS876.0,CS876.0,1,1,0,0,0,0,0,0,0,0ea3545b41a1
CS,876,1,CS876.1,CS876.1,0,9,1,0,0,0,0,1,0,dd0f8658f5ae
CS,876,2,CS876.2,CS876.2,0,9,0,0,0,0,0,0,0,ad22e90d0553
CS,876,3,CS876.3,CS876.3,0,14,0,0,0,0,0,0,0,54ab3a56d850
CS,876,4,CS876.4,CS876.4,0,6,0,0,0,0,0,0,0,59eab6a76371
CS,876,5,CS876.5,CS876.5,0,9,0,0,0,0,0,0,0,b4e32151ffc5
CS,876,6,CS876.6,CS876.6,0,15,0,0,0,0,0,0,0,66e3026e973f
CS,877,0,CS877.0,CS877.0,1,1,0,0,0,0,0,0,0,0ea3545b41a1
CS,877,1,CS877.1,CS877.1,0,24,0,0,0,0,0,0,0,f45858432bb8
CS,877,2,CS877.2,CS877.2,0,17,0,0,1,0,0,0,0,5bad06b968b6
CS,877,3,CS877.3,CS877.3,0,22,0,1,0,0,0,0,0,c9c3a7d7c280
CS,878,0,CS878.0,CS878.0,1,1,0,0,0,0,0,0,0,0ea3545b41a1
CS,878,1,CS878.1,CS878.1,0,23,0,0,0,0,0,0,0,225776e4f064
CS,878,2,CS878.2,CS878.2,0,4,0,0,0,0,0,0,0,64317ee8c49f
CS,878,3,CS878.3,CS878.3,0,9,0,0,0,0,0,0,0,d4e8468edb51
CS,878,4,CS878.4,CS878.4,0,21,0,0,0,0,0,0,0,cd2e591de14f
CS,878,5,CS878.5,CS878.5,0,8,0,0,0,0,0,0,0,29cef64100e8
CS,879,0,CS879.0,CS879.0,1,1,0,0,0,0,0,0,0,0ea3545b41a1
CS,879,1,CS879.1,CS879.1,0,33,0,0,0,1,0,0,0,eefddff26669
CS,879,2,CS879.2,CS879.2,0,17,0,0,0,1,0,0,0,f46932feb0c6
CS,880,0,CS880.0,CS880.0,1,1,0,0,0,0,0,0,0,0ea3545b41a1
CS,880,1,CS880.1,CS880.1,0,8,1,0,0,0,0,0,1,bf503e62d7c1
CS,880,2,CS880.2,CS880.2,0,11,0,0,0,0,0,0,0,ff9728ccd3fe
CS,880,3,CS880.3,CS880.3,0,9,0,0,0,0,1,0,0,418f31e5d113
CS,880,4,CS880.4,CS880.4,0,16,0,0,0,1,1,0,0,3a0d5ca34916
CS,880,5,CS880.5,CS880.5,0,16,0,0,0,0,1,0,0,4a50273ba9dd
CS,881,0,CS881.0,CS881.0,1,1,0,0,0,0,0,0,0,0ea3545b41a1
CS,881,1,CS881.1,CS881.1,0,7,0,0,0,0,0,0,0,5b7d1ef30547
CS,881,2,CS881.2,CS881.2,0,33,0,0,0,0,0,0,0,a62a1563f7a1
CS,882,0,CS882.0,CS882.0,1,1,0,0,0,0,0,0,0,0ea3545b41a1
CS,882,1,CS882.1,CS882.1,0,42,0,0,0,1,0,0,0,f867e0884ab4
CS,882,2,CS882.2,CS882.2,0,31,0,0,0,0,0,0,0,07409eae0982
CS,882,3,CS882.3,CS882.3,0,16,0,0,0,0,0,0,0,211fa9dfd30e
CS,882,4,CS882.4,CS882.4,0,11,0,0,0,0,1,0,0,33660b8573da
CS,883,0,CS883.0,CS883.0,1,1,0,0,0,0,0,0,0,0ea3545b41a1
CS,883,1,CS883.1,CS883.1,0,6,0,0,0,1,0,0,0,d3f68898cf26
CS,883,2,CS883.2,CS883.2,0,8,0,0,0,0,0,0,0,294d409256e5
CS,883,3,CS883.3,CS883.3,0,19,0,0,0,0,0,0,0,c2333bbd050d
CS,883,4,CS883.4,CS883.4,0,20,0,0,0,0,0,0,0,0f4b89b92193
CS,883,5,CS883.5,CS883.5,0,11,0,0,0,1,0,0,0,acbb7305a9a1
CS,884,0,CS884.0,CS884.0,1,1,0,0,0,0,0,0,0,0ea3545b41a1
CS,884,1,CS884.1,CS884.1,0,12,0,0,0,0,1,0,0,3e3cdd67e75b
CS,884,2,CS884.2,CS884.2,0,6,0,0,0,1,0,0,0,caaabf973ec3
CS,885,0,CS885.0,CS885.0,1,1,0,0,0,0,0,0,0,0ea3545b41a1
CS,885,1,CS885.1,CS885.1,0,19,0,0,0,0,0,0,0,0d7425a6961f
CS,885,2,CS885.2,CS885.2,0,15,0,0,0,0,0,0,0,6e3621ba8d2a
CS,885,3,CS885.3,CS885.3,0,10,0,0,0,0,0,0,0,536e8b032130
CS,885,4,CS885.4,CS885.4,0,9,0,0,0,1,0,0,0,be4739e4599c
CS,885,5,CS885.5,CS885.5,0,11,0,0,0,0,0,0,0,6d21a1a75355
CS,885,6,CS885.6,CS885.6,0,8,0,0,0,0,1,0,0,0e136e2d75c7
CS,886,0,CS886.0,CS886.0,1,1,0,0,0,0,0,0,0,0ea3545b41a1
CS,886,1,CS886.1,CS886.1,0,18,0,0,0,0,0,0,0,9d9fd50c486c
CS,886,2,CS886.2,CS886.2,0,13,0,0,0,0,0,0,0,515a73886b77
CS,886,3,CS886.3,CS886.3,0,24,0,0,0,1,0,0,0,24ae5577201f
CS,887,0,CS887.0,CS887.0,1,1,0,0,0,0,0,0,0,0ea3545b41a1
CS,887,1,CS887.1,CS887.1,0,9,0,0,0,0,0,0,0,762f940b42a1
CS,887,2,CS887.2,CS887.2,0,20,0,0,0,0,0,0,0,7b56bc33d24e
CS,887,3,CS887.3,CS887.3,0,13,0,0,0,0,0,0,0,9ffce26156ac
CS,887,4,CS887.4,CS887.4,0,8,0,0,0,0,1,0,0,4b8e8674d27d
CS,887,5,CS887.5,CS887.5,0,9,0,0,0,0,0,0,0,ddf2d393c520
CS,887,6,CS887.6,CS887.6,0,13,0,0,0,0,1,0,0,d6887c8de193
CS,888,0,CS888.0,CS888.0,1,1,0,0,0,0,0,0,0,0ea3545b41a1
CS,888,1,CS888.1,CS888.1,0,7,0,0,0,1,0,0,0,26f43192647d
CS,888,2,CS888.2,CS888.2,0,10,0,0,0,0,1,0,0,7289a2c46966
CS,888,3,CS888.3,CS888.3,0,47,0,0,0,1,0,0,0,987dd299f445
CS,888,4,CS888.4,CS888.4,0,12,0,0,0,0,0,0,0,04fc86483f4a
CS,888,5,CS888.5,CS888.5,0,9,0,0,0,0,0,0,0,6ed1f5ae2029
CS,888,6,CS888.6,CS888.6,0,14,0,0,0,0,0,0,0,4f85a59849e1
CS,888,7,CS888.7,CS888.7,0,9,0,0,0,0,0,0,0,3df8a83f171e
CS,889,0,CS889.0,CS889.0,1,1,0,0,0,0,0,0,0,0ea3545b41a1
CS,889,1,CS889.1,CS889.1,0,24,0,0,0,0,0,0,0,d1a0bc1a0a3c
CS,889,2,CS889.2,CS889.2,0,7,0,0,0,1,0,0,0,b2a6ffdb4f07
CS,889,3,CS889.3,CS889.3,0,11,0,0,0,0,1,0,0,9e68dff49355
CS,889,4,CS889.4,CS889.4,0,7,0,0,0,0,0,0,0,f9de2a1de1ad
CS,890,0,CS890.0,CS890.0,1,1,0,0,0,0,0,0,0,0ea3545b41a1
CS,890,1,CS890.1,CS890.1,0,15,0,0,0,0,0,0,0,7306b1c9f283
CS,890,2,CS890.2,CS890.2,0,8,0,0,0,0,0,0,0,f33d92593064
CS,891,0,CS891.0,CS891.0,1,1,0,0,0,0,0,0,0,0ea3545b41a1
CS,891,1,CS891.1,CS891.1,0,9,0,0,0,0,0,0,0,a8f5f322255c
CS,891,2,CS891.2,CS891.2,0,11,0,0,0,0,0,0,0,628d2693787a
CS,891,3,CS891.3,CS891.3,0,11,0,0,0,0,0,0,0,9ad3613d8262
CS,891,4,CS891.4,CS891.4,0,10,0,0,0,1,0,0,0,4ee8c1dfe81b
CS,891,5,CS891.5,CS891.5,0,9,0,0,0,0,0,0,0,9cc8881daa2e
CS,891,6,CS891.6,CS891.6,0,12,0,0,0,1,0,0,0,92ea772f54d4
CS,891,7,CS891.7,CS891.7,0,16,0,0,0,0,0,0,0,393b2a978502
CS,892,0,CS892.0,CS892.0,1,1,0,0,0,0,0,0,0,0ea3545b41a1
CS,892,1,CS892.1,CS892.1,0,20,0,0,0,0,0,0,0,b30b4de91e8e
CS,892,2,CS892.2,CS892.2,0,21,0,0,0,0,0,0,0,969cf8ad2e77
CS,892,3,CS892.3,CS892.3,0,8,0,0,0,0,0,0,0,d66b3b9bd88d
CS,893,0,CS893.0,CS893.0,1,1,0,0,0,0,0,0,0,0ea3545b41a1
CS,893,1,CS893.1,CS893.1,0,9,0,0,0,1,0,0,0,f5df1289f99d
CS,893,2,CS893.2,CS893.2,0,77,0,0,0,1,0,0,0,10a6cedc0049
CS,893,3,CS893.3,CS893.3,0,9,0,0,0,0,0,0,0,6bbccedc9770
CS,893,4,CS893.4,CS893.4,0,11,0,0,0,0,0,0,0,4361d5e588b4
CS,894,0,CS894.0,CS894.0,1,1,0,0,0,0,0,0,0,0ea3545b41a1
CS,894,1,CS894.1,CS894.1,0,9,0,0,0,0,0,0,0,455e15fc2a9c
CS,894,2,CS894.2,CS894.2,0,9,0,0,0,0,0,0,0,698c187a2f75
CS,894,3,CS894.3,CS894.3,0,9,0,0,0,0,0,0,0,bea9d77895bb
CS,895,0,CS895.0,CS895.0,1,1,0,0,0,0,0,0,0,0ea3545b41a1
CS,895,1,CS895.1,CS895.1,0,10,0,0,0,0,1,0,0,c764568fe3b7
CS,895,2,CS895.2,CS895.2,0,14,0,0,0,0,0,0,0,6f35d05c23ec
CS,895,3,CS895.3,CS895.3,0,15,0,0,0,1,0,0,0,5e0b6eae4181
CS,895,4,CS895.4,CS895.4,0,17,0,0,0,0,0,0,0,9485fbb95adf
CS,895,5,CS895.5,CS895.5,0,7,0,0,0,1,0,0,0,c8d2e12db7cc
CS,896,0,CS896.0,CS896.0,1,1,0,0,0,0,0,0,0,0ea3545b41a1
CS,896,1,CS896.1,CS896.1,0,14,0,0,0,0,0,0,0,af7a3635fec8
CS,896,2,CS896.2,CS896.2,0,30,0,0,0,0,0,0,0,37c471af6267
CS,896,3,CS896.3,CS896.3,0,66,0,0,0,0,0,0,0,630072b87161
CS,896,4,CS896.4,CS896.4,0,12,0,0,0,0,0,0,0,a44c013eb3a3
CS,896,5,CS896.5,CS896.5,0,36,0,0,0,0,1,0,0,b921d8c0070b
CS,896,6,CS896.6,CS896.6,0,13,0,0,0,0,0,0,0,3423839a5d35
CS,897,0,CS897.0,CS897.0,1,1,0,0,0,0,0,0,0,0ea3545b41a1
CS,897,1,CS897.1,CS897.1,0,55,0,0,0,0,0,0,0,911248f2e909
CS,897,2,CS897.2,CS897.2,0,14,0,0,0,0,0,0,0,94c79ee126fa
CS,897,3,CS897.3,CS897.3,0,13,0,0,0,0,0,0,0,73747c13054f
CS,898,0,CS898.0,CS898.0,1,1,0,0,0,0,0,0,0,0ea3545b41a1
CS,898,1,CS898.1,CS898.1,0,15,0,0,0,0,0,0,0,4dbbd539df50
CS,898,2,CS898.2,CS898.2,0,8,0,0,0,1,0,0,0,ea0695137669
CS,898,3,CS898.3,CS898.3,0,5,0,0,0,0,0,0,0,d2f1d6ff4b9c
CS,898,4,CS898.4,CS898.4,0,25,0,0,0,1,0,0,0,59534fea2bc8
CS,898,5,CS898.5,CS898.5,0,8,0,0,0,0,0,0,0,5eff0f0b91ee
CS,898,6,CS898.6,CS898.6,0,9,0,0,0,0,0,0,0,e67c61654a98
CS,898,7,CS898.7,CS898.7,0,18,0,0,0,0,0,0,0,11321e09a2a4
CS,899,0,CS899.0,CS899.0,1,1,0,0,0,0,0,0,0,0ea3545b41a1
CS,899,1,CS899.1,CS899.1,0,5,0,0,0,0,0,0,0,72dce137f03d
CS,899,2,CS899.2,CS899.2,0,3,0,0,0,0,0,0,0,b231be2985e7
CS,899,3,CS899.3,CS899.3,0,3,0,0,0,0,0,0,0,e7c1e5044e4a
CS,899,4,CS899.4,CS899.4,0,10,0,0,0,1,0,0,0,2aa5106b5049
CS,899,5,CS899.5,CS899.5,0,34,0,0,0,0,0,0,0,757a5154dd7e
CS,899,6,CS899.6,CS899.6,0,23,0,0,0,1,0,0,0,6dd0a93195c4
CS,900,0,CS900.0,CS900.0,1,1,0,0,0,0,0,0,0,0ea3545b41a1
CS,900,1,CS900.1,CS900.1,0,10,0,0,0,0,0,0,0,689a619fc1c5
CS,900,2,CS900.2,CS900.2,0,13,0,0,0,0,0,0,0,43fc203dec9e
CS,900,3,CS900.3,CS900.3,0,7,0,0,0,1,0,0,0,034ac36883c4
CS,900,4,CS900.4,CS900.4,0,12,0,0,0,0,1,0,0,176deec92e5b
CS,900,5,CS900.5,CS900.5,0,9,0,1,0,0,0,0,0,8c0d945183ab
CS,900,6,CS900.6,CS900.6,0,59,0,1,0,0,0,0,0,58c2c013f0c9
CS,901,0,CS901.0,CS901.0,1,1,0,0,0,0,0,0,0,0ea3545b41a1
CS,901,1,CS901.1,CS901.1,0,70,0,0,0,0,0,0,0,0bcaa3e20f5c
CS,901,2,CS901.2,CS901.2,0,13,0,0,0,0,0,0,0,702b555be60d
CS,901,3,CS901.3,CS901.3,0,14,0,0,0,0,1,0,0,ddb8623334be
CS,901,4,CS901.4,CS901.4,0,27,0,0,0,0,0,0,0,0a97f5a370dc
CS,902,0,CS902.0,CS902.0,1,1,0,0,0,0,0,0,0,0ea3545b41a1
CS,902,1,CS902.1,CS902.1,0,10,0,0,0,0,1,0,0,5858284e4307
CS,902,2,CS902.2,CS902.2,0,42,0,0,0,1,1,0,0,0d36dc9b13b4
CS,903,0,CS903.0,CS903.0,1,1,0,0,0,0,0,0,0,0ea3545b41a1
CS,903,1,CS903.1,CS903.1,0,8,0,0,0,0,0,0,0,c232b76af7fa
CS,903,2,CS903.2,CS903.2,0,9,0,0,0,1,0,0,0,5142fe2ba2c8
CS,903,3,CS903.3,CS903.3,0,6,0,0,0,1,0,0,0,1614785d8126
CS,903,4,CS903.4,CS903.4,0,10,0,0,0,0,0,0,0,31797bac74e0
CS,904,0,CS904.0,CS904.0,1,1,0,0,0,0,0,0,0,0ea3545b41a1
CS,904,1,CS904.1,CS904.1,0,19,0,0,0,0,0,0,0,547435777216
CS,904,2,CS904.2,CS904.2,0,23,0,0,0,0,0,0,0,b4db6100f65c
CS,904,3,CS904.3,CS904.3,0,12,0,0,0,0,0,0,0,c22f1472bbe5
CS,904,4,CS904.4,CS904.4,0,10,0,0,0,0,0,0,0,f6f8291a1e7c
CS,904,5,CS904.5,CS904.5,0,23,0,0,0,0,0,0,0,9dd2d1edf7e3
CS,904,6,CS904.6,CS904.6,0,18,1,0,0,0,0,1,0,6d180d4df2a8
CS,904,7,CS904.7,CS904.7,0,6,0,0,0,0,0,0,0,a0aae146d0a8
CS,905,0,CS905.0,CS905.0,1,0,0,0,0,0,0,0,0,da39a3ee5e6b
CS,906,0,CS906.0,CS906.0,1,1,0,0,0,0,0,0,0,0ea3545b41a1
CS,906,1,CS906.1,CS906.1,0,10,0,0,0,0,0,0,0,9632dfb27c5a
CS,906,2,CS906.2,CS906.2,0,9,0,0,0,0,0,0,0,a2ae21882c45
CS,906,3,CS906.3,CS906.3,0,26,0,0,0,0,1,0,0,591c74beaf31
CS,907,0,CS907.0,CS907.0,1,1,0,0,0,0,0,0,0,0ea3545b41a1
CS,907,1,CS907.1,CS907.1,0,8,0,0,0,1,0,0,0,b622d6646bbc
CS,907,2,CS907.2,CS907.2,0,5,0,0,0,0,0,0,0,aa1414dbb2c8
CS,907,3,CS907.3,CS907.3,0,36,0,0,0,0,1,0,0,831be86455f4
CS,907,4,CS907.4,CS907.4,0,5,0,0,0,0,0,0,0,149368b90f70
CS,907,5,CS907.5,CS907.5,0,32,0,0,0,0,0,0,0,cc23e147c0b5
CS,907,6,CS907.6,CS907.6,0,10,0,0,0,0,0,0,0,01dc0607cfa2
CS,907,0,CS907.0,CS908.0,1,1,0,0,0,0,0,0,0,0ea3545b41a1
CS,907,1,CS907.1,CS908.1,0,22,0,0,0,0,0,0,0,65e890b001a3
CS,907,2,CS907.2,CS908.2,0,217,0,0,0,1,1,0,0,c0f2ecf39e62
CS,907,3,CS907.3,CS908.3,0,17,0,0,0,0,0,0,0,350c0acaf039
CS,909,0,CS909.0,CS909.0,1,1,0,0,0,0,0,0,0,0ea3545b41a1
CS,909,1,CS909.1,CS909.1,0,38,0,0,0,0,1,0,0,5bd87363538e
CS,909,2,CS909.2,CS909.2,0,10,0,0,0,0,0,0,0,5a93e4f0b7ab
CS,909,3,CS909.3,CS909.3,0,9,0,0,0,0,0,0,0,140d90e7976e
CS,909,4,CS909.4,CS909.4,0,9,0,0,1,0,0,0,0,4e057c414fca
CS,909,5,CS909.5,CS909.5,0,17,0,0,0,0,0,0,0,cc596cfa50f8
CS,910,0,CS910.0,CS910.0,1,1,0,0,0,0,0,0,0,0ea3545b41a1
CS,910,1,CS910.1,CS910.1,0,35,0,0,0,0,0,0,0,2862e0b31437
CS,910,2,CS910.2,CS910.2,0,22,0,0,0,0,0,0,0,501244d816dc
CS,910,3,CS910.3,CS910.3,0,27,0,0,0,0,1,0,0,6f2e889f6c7a
CS,911,0,CS911.0,CS911.0,1,1,0,0,0,0,0,0,0,0ea3545b41a1
CS,911,1,CS911.1,CS911.1,0,9,0,0,0,0,1,0,0,aed314ed1c82
CS,911,2,CS911.2,CS911.2,0,14,0,0,0,0,0,0,0,eae04f6dfc6b
CS,912,0,CS912.0,CS912.0,1,1,0,0,0,0,0,0,0,0ea3545b41a1
CS,912,1,CS912.1,CS912.1,0,47,0,0,0,1,0,0,0,753d5cb54d19
CS,913,0,CS913.0,CS913.0,1,1,0,0,0,0,0,0,0,0ea3545b41a1
CS,913,1,CS913.1,CS913.1,0,14,0,0,0,0,0,0,0,8546ba61406e
CS,913,2,CS913.2,CS913.2,0,25,0,0,0,0,0,0,0,978353718198
CS,913,3,CS913.3,CS913.3,0,28,0,0,0,0,1,0,0,8b71aec2c7d8
CS,914,0,CS914.0,CS914.0,1,1,0,0,0,0,0,0,0,0ea3545b41a1
CS,914,1,CS914.1,CS914.1,0,6,0,0,0,0,1,0,0,09e8ec35a78c
CS,914,2,CS914.2,CS914.2,0,7,0,0,0,0,0,0,0,557cb5ac5bff
CS,914,3,CS914.3,CS914.3,0,103,1,0,0,1,0,1,0,7878ce0b872d
CS,915,0,CS915.0,CS915.0,1,1,0,0,0,0,0,0,0,0ea3545b41a1
CS,915,1,CS915.1,CS915.1,0,42,0,0,0,0,0,0,0,a3c6e30cae94
CS,915,2,CS915.2,CS915.2,0,13,0,0,0,0,0,0,0,3f13dcee7360
CS,915,3,CS915.3,CS915.3,0,22,0,0,0,1,0,0,0,1dcab27f4ac4
CS,915,4,CS915.4,CS915.4,0,6,0,0,0,0,0,0,0,6e7136741342
CS,915,5,CS915.5,CS915.5,0,12,0,0,0,0,0,0,0,5ac292ba169f
CS,916,0,CS916.0,CS916.0,1,1,0,0,0,0,0,0,0,0ea3545b41a1
CS,916,1,CS916.1,CS916.1,0,10,0,0,0,1,0,0,0,1ef1f408b2fc
CS,916,2,CS916.2,CS916.2,0,8,0,0,0,0,0,0,0,b30bdcb93756
CS,916,3,CS916.3,CS916.3,0,11,0,0,0,1,0,0,0,a328aeb3d714
CS,916,4,CS916.4,CS916.4,0,59,0,0,0,0,0,0,0,48e32014a4e8
CS,916,5,CS916.5,CS916.5,0,9,0,0,1,0,0,0,0,8a912359c6a5
CS,916,6,CS916.6,CS916.6,0,8,0,0,0,0,0,0,0,1fb2a68cd812
CS,916,7,CS916.7,CS916.7,0,8,0,0,0,0,0,0,0,8df80db56ac4
CS,917,0,CS917.0,CS917.0,1,1,0,0,0,0,0,0,0,0ea3545b41a1
CS,917,1,CS917.1,CS917.1,0,61,0,0,0,0,0,0,0,c5eab4dc3ad4
CS,917,2,CS917.2,CS917.2,0,72,0,0,0,0,1,0,0,6a6997f315ab
CS,917,3,CS917.3,CS917.3,0,11,0,0,0,1,0,0,0,34443abaa922
CS,917,4,CS917.4,CS917.4,0,14,0,0,0,0,0,0,0,08b896174e60
CS,917,5,CS917.5,CS917.5,0,49,0,0,0,1,1,0,0,b6c28590d54e
CS,917,6,CS917.6,CS917.6,0,15,0,0,0,0,0,0,0,0bde9c3bae1f
CS,918,0,CS918.0,CS918.0,1,1,0,0,0,0,0,0,0,0ea3545b41a1
CS,918,1,CS918.1,CS918.1,0,9,0,0,0,1,0,0,0,e6e4b5cede52
CS,918,2,CS918.2,CS918.2,0,10,0,0,0,1,0,0,0,0380675d3966
CS,918,3,CS918.3,CS918.3,0,29,0,0,0,1,1,0,0,128a4956c4e3
CS,918,4,CS918.4,CS918.4,0,8,0,0,0,0,0,0,0,124898c723ee
CS,919,0,CS919.0,CS919.0,1,1,0,0,0,0,0,0,0,0ea3545b41a1
CS,919,1,CS919.1,CS919.1,0,16,0,0,0,0,0,0,0,586afcf30371
CS,919,2,CS919.2,CS919.2,0,111,0,0,0,1,0,0,0,309280374243
CS,919,3,CS919.3,CS919.3,0,9,0,0,0,0,0,0,0,84e32a41c3af
CS,919,4,CS919.4,CS919.4,0,8,0,0,0,0,0,0,0,1fa38bf05499
CS,919,5,CS919.5,CS919.5,0,2,0,0,0,0,0,0,0,2e58d333d04b
CS,919,6,CS919.6,CS919.6,0,7,0,0,0,0,0,0,0,e203ab7ba7da
CS,919,7,CS919.7,CS919.7,0,18,0,0,0,0,0,0,0,b79035a35b19
CS,920,0,CS920.0,CS920.0,1,1,0,0,0,0,0,0,0,0ea3545b41a1
CS,920,1,CS920.1,CS920.1,0,48,0,0,0,0,0,0,0,006cb7244e9f
CS,920,2,CS920.2,CS920.2,0,10,0,0,0,0,0,0,0,975301becf6f
CS,920,3,CS920.3,CS920.3,0,5,0,0,0,0,0,0,0,8d8734b55dd9
CS,921,0,CS921.0,CS921.0,1,1,0,0,0,0,0,0,0,0ea3545b41a1
CS,921,1,CS921.1,CS921.1,0,28,0,0,0,1,0,0,0,638fe63bb9eb
CS,921,2,CS921.2,CS921.2,0,5,0,0,0,0,0,0,0,dbc13dd27a10
CS,921,3,CS921.3,CS921.3,0,5,0,0,0,0,0,0,0,26d03e9d3815
CS,921,4,CS921.4,CS921.4,0,10,0,0,0,1,0,0,0,cf32a705d83c
CS,921,5,CS921.5,CS921.5,0,9,0,0,0,0,0,0,0,7efdad7efeab
CS,921,6,CS921.6,CS921.6,0,15,0,0,0,0,0,0,0,81086e59b7c3
CS,921,7,CS921.7,CS921.7,0,10,0,0,0,1,0,0,0,0df0295ffd31
CS,921,8,CS921.8,CS921.8,0,15,0,0,0,0,0,0,0,1caa47d599b6
CS,922,0,CS922.0,CS922.0,1,1,0,0,0,0,0,0,0,0ea3545b41a1
CS,922,1,CS922.1,CS922.1,0,8,0,0,0,0,1,0,0,1668801bf30c
CS,922,2,CS922.2,CS922.2,0,19,0,0,0,0,0,0,0,91f791404f4d
CS,922,3,CS922.3,CS922.3,0,7,0,0,0,0,0,0,0,9b4042a5e1aa
CS,922,4,CS922.4,CS922.4,0,11,0,0,0,0,0,0,0,a2cfa75b379b
CS,922,5,CS922.5,CS922.5,0,36,0,0,0,1,0,0,0,6b73004ffbb4
CS,922,6,CS922.6,CS922.6,0,22,0,0,0,0,1,0,0,29ca60f4a82e
CS,922,7,CS922.7,CS922.7,0,17,0,0,0,0,0,0,0,d1ded8390134
CS,922,8,CS922.8,CS922.8,0,11,0,0,0,0,0,0,0,f5e6fb32d817
CS,922,9,CS922.9,CS922.9,0,9,0,0,0,0,0,0,0,dab31006058d
CS,923,0,CS923.0,CS923.0,1,1,0,0,0,0,0,0,0,0ea3545b41a1
CS,923,1,CS923.1,CS923.1,0,11,0,0,0,0,0,0,0,5269e9c0e503
CS,923,2,CS923.2,CS923.2,0,49,0,0,0,1,0,0,0,978e47ad6030
CS,923,3,CS923.3,CS923.3,0,12,0,0,0,1,0,0,0,ada2b0d9613c
CS,923,4,CS923.4,CS923.4,0,10,0,0,0,0,0,0,0,252c3787c222
CS,923,5,CS923.5,CS923.5,0,24,0,0,0,0,0,0,0,8b5ebc97079d
CS,924,0,CS924.0,CS924.0,1,1,0,0,0,0,0,0,0,0ea3545b41a1
CS,924,1,CS924.1,CS924.1,0,18,0,0,0,0,1,0,0,c430c1695ee5
CS,924,2,CS924.2,CS924.2,0,8,0,0,0,0,0,0,0,45739169c65d
CS,924,3,CS924.3,CS924.3,0,18,0,0,0,1,0,0,0,906a81b147da
CS,924,4,CS924.4,CS924.4,0,13,0,0,0,0,0,0,0,34484ac6116e
CS,924,5,CS924.5,CS924.5,0,25,0,0,0,0,1,0,0,b90ed0272382
CS,924,6,CS924.6,CS924.6,0,7,0,0,0,0,0,0,0,932e895df6a1
CS,925,0,CS925.0,CS925.0,1,1,0,0,0,0,0,0,0,0ea3545b41a1
CS,925,1,CS925.1,CS925.1,0,8,0,0,0,1,0,0,0,bd96ae5ed3a6
CS,925,2,CS925.2,CS925.2,0,10,0,0,0,0,0,0,0,983e00befa96
CS,925,3,CS925.3,CS925.3,0,13,0,0,0,0,0,0,0,281acd4063bb
CS,925,4,CS925.4,CS925.4,0,19,0,0,0,0,0,0,0,febde37fa1dd
CS,925,5,CS925.5,CS925.5,0,17,0,0,0,0,1,0,0,5b589d87def7
CS,926,0,CS926.0,CS926.0,1,1,0,0,0,0,0,0,0,0ea3545b41a1
CS,926,1,CS926.1,CS926.1,0,30,0,0,0,1,0,0,0,e8b8a5dcc104
CS,926,2,CS926.2,CS926.2,0,11,0,0,0,0,0,0,0,009998604da2
CS,926,3,CS926.3,CS926.3,0,22,0,0,0,1,0,0,0,3cb9c7586d46
CS,926,4,CS926.4,CS926.4,0,32,0,0,0,0,0,0,0,8c6b1044c2cc
CS,927,0,CS927.0,CS927.0,1,1,0,0,0,0,0,0,0,0ea3545b41a1
CS,927,1,CS927.1,CS927.1,0,26,0,0,0,0,0,0,0,58b7e9a04d96
CS,927,2,CS927.2,CS927.2,0,14,0,0,0,0,0,0,0,0163de90bfd5
CS,927,3,CS927.3,CS927.3,0,7,0,0,0,0,0,0,0,a5e7e8428436
CS,927,4,CS927.4,CS927.4,0,20,0,0,0,1,0,0,0,b26f49650c9a
CS,927,5,CS927.5,CS927.5,0,10,0,0,0,0,0,0,0,77e79f1d5a16
CS,927,6,CS927.6,CS927.6,0,8,0,0,0,0,0,0,0,1230219f4ca8
CS,928,0,CS928.0,CS928.0,1,1,0,0,0,0,0,0,0,0ea3545b41a1
CS,928,1,CS928.1,CS928.1,0,15,0,0,0,0,0,0,0,8f4f817be037
CS,928,2,CS928.2,CS928.2,0,12,0,0,0,1,0,0,0,7d2f6aba0017
CS,928,3,CS928.3,CS928.3,0,5,0,0,0,0,0,0,0,fe85f1c3f447
CS,928,4,CS928.4,CS928.4,0,14,0,0,0,0,0,0,0,01ffaa50ff48
CS,928,5,CS928.5,CS928.5,0,11,0,0,0,1,0,0,0,5e8ba739c8a8
CS,929,0,CS929.0,CS929.0,1,1,0,0,0,0,0,0,0,0ea3545b41a1
CS,929,1,CS929.1,CS929.1,0,9,0,0,0,1,0,0,0,699b53b7f084
CS,929,2,CS929.2,CS929.2,0,19,0,0,0,1,0,0,0,f0d028dddf19
CS,929,3,CS929.3,CS929.3,0,8,0,0,0,0,0,0,0,7168ed9301eb
CS,929,4,CS929.4,CS929.4,0,10,0,0,0,0,0,0,0,8c5238471c09
CS,929,5,CS929.5,CS929.5,0,16,0,0,0,0,1,0,0,c0fa60f88da5
CS,930,0,CS930.0,CS930.0,1,1,0,0,0,0,0,0,0,0ea3545b41a1
CS,930,1,CS930.1,CS930.1,0,14,0,0,0,0,0,0,0,5a4c6565e682
CS,930,2,CS930.2,CS930.2,0,12,0,0,0,0,0,0,0,06038d0ee04e
CS,930,3,CS930.3,CS930.3,0,8,0,0,0,0,1,0,0,446baceacce5
CS,930,4,CS930.4,CS930.4,0,5,0,0,0,0,0,0,0,8be7c3ac2715
CS,930,5,CS930.5,CS930.5,0,7,0,0,0,0,0,0,0,2b82d9332605
CS,931,0,CS931.0,CS931.0,1,1,0,0,0,0,0,0,0,0ea3545b41a1
CS,931,1,CS931.1,CS931.1,0,8,0,0,0,0,1,0,0,1b8e4d98c8b3
CS,931,2,CS931.2,CS931.2,0,14,0,0,0,0,0,0,0,65b70177de53
CS,931,3,CS931.3,CS931.3,0,20,0,0,0,0,0,0,0,9da145f72217
CS,931,4,CS931.4,CS931.4,0,6,0,0,0,1,0,0,0,1e17b7dee03c
CS,931,5,CS931.5,CS931.5,0,8,0,0,0,0,0,0,0,24e99e611f08
CS,932,0,CS932.0,CS932.0,1,1,0,0,0,0,0,0,0,0ea3545b41a1
CS,932,1,CS932.1,CS932.1,0,14,0,0,0,1,0,0,0,f52358246d71
CS,932,2,CS932.2,CS932.2,0,9,0,0,0,0,0,0,0,b37b25fb5c0c
CS,932,3,CS932.3,CS932.3,0,8,0,0,0,0,1,0,0,219fd2bf4c85
CS,933,0,CS933.0,CS933.0,1,1,0,0,0,0,0,0,0,0ea3545b41a1
CS,933,1,CS933.1,CS933.1,0,38,0,0,0,0,0,0,0,5c4cf85f0b10
CS,933,2,CS933.2,CS933.2,0,28,0,0,0,0,0,0,0,cc3f5acd1dba
CS,933,3,CS933.3,CS933.3,0,17,0,0,0,0,0,0,0,cbdffcd3a98b
CS,933,4,CS933.4,CS933.4,0,10,0,0,0,1,0,0,0,38f215fee2c0
CS,933,5,CS933.5,CS933.5,0,41,0,0,0,0,0,0,0,5f5859a2ddad
CS,933,6,CS933.6,CS933.6,0,8,0,0,0,0,0,0,0,9efab3b68d53
CS,933,7,CS933.7,CS933.7,0,16,0,0,0,0,0,0,0,0a156bba1df9
CS,934,0,CS934.0,CS934.0,1,1,0,0,0,0,0,0,0,0ea3545b41a1
CS,934,1,CS934.1,CS934.1,0,18,0,0,0,0,1,0,0,3b3236d604c1
CS,934,2,CS934.2,CS934.2,0,11,0,0,0,0,0,0,0,e76f9a265d86
CS,935,0,CS935.0,CS935.0,1,1,0,0,0,0,0,0,0,0ea3545b41a1
CS,935,1,CS935.1,CS935.1,0,16,0,0,0,0,0,0,0,651bd54f9da1
CS,936,0,CS936.0,CS936.0,1,1,0,0,0,0,0,0,0,0ea3545b41a1
CS,936,1,CS936.1,CS936.1,0,19,0,0,0,0,0,0,0,4cdd45ecb974
CS,936,2,CS936.2,CS936.2,0,8,0,0,0,0,0,0,0,c350b8dae806
CS,936,3,CS936.3,CS936.3,0,11,0,0,0,0,1,0,0,e1cdd67d905e
CS,936,4,CS936.4,CS936.4,0,9,0,0,0,0,0,0,0,d49c3a3eda90
CS,936,5,CS936.5,CS936.5,0,12,0,0,0,1,0,0,0,b21b75ce73dd
CS,937,0,CS937.0,CS937.0,1,1,0,0,0,0,0,0,0,0ea3545b41a1
CS,937,1,CS937.1,CS937.1,0,9,0,0,0,0,0,0,0,dc4e3986e496
CS,937,2,CS937.2,CS937.2,0,9,0,0,0,0,0,0,0,7b92539cb6c7
CS,937,3,CS937.3,CS937.3,0,8,0,0,0,0,0,0,0,af59da550c19
CS,938,0,CS938.0,CS938.0,1,1,0,0,0,0,0,0,0,0ea3545b41a1
CS,938,1,CS938.1,CS938.1,0,9,0,0,0,0,0,0,0,0bad99a90803
CS,938,2,CS938.2,CS938.2,0,6,0,0,0,0,0,0,0,0c36e7ca7c7e
CS,938,3,CS938.3,CS938.3,0,19,0,0,0,0,0,0,0,668a1d5a7fdf
CS,938,4,CS938.4,CS938.4,0,16,0,0,0,0,0,0,0,74c1f99ab50d
CS,939,0,CS939.0,CS939.0,1,1,0,0,0,0,0,0,0,0ea3545b41a1
CS,939,1,CS939.1,CS939.1,0,18,0,0,0,0,0,0,0,b1ca6e9390a9
CS,939,2,CS939.2,CS939.2,0,21,0,0,0,0,0,0,0,b9b74886b66f
CS,939,3,CS939.3,CS939.3,0,22,0,0,0,1,1,0,0,ff48da040ba2
CS,939,4,CS939.4,CS939.4,0,9,0,0,0,0,0,0,0,e0edba3b86d8
CS,939,5,CS939.5,CS939.5,0,20,0,0,0,0,0,0,0,fda94eb85fc0
CS,939,6,CS939.6,CS939.6,0,12,0,0,0,0,0,0,0,5b0f78d8d6ca
CS,939,7,CS939.7,CS939.7,0,11,0,0,0,0,0,0,0,2001f6e327de
CS,940,0,CS940.0,CS940.0,1,1,0,0,0,0,0,0,0,0ea3545b41a1
CS,940,1,CS940.1,CS940.1,0,27,0,0,0,0,1,0,0,04f5710f8637
CS,940,2,CS940.2,CS940.2,0,20,0,0,0,0,1,0,0,22479ad75c6f
CS,940,3,CS940.3,CS940.3,0,15,0,0,0,0,0,0,0,7d72aabdf682
CS,940,4,CS940.4,CS940.4,0,11,0,0,0,0,0,0,0,104103021dc2
CS,940,5,CS940.5,CS940.5,0,12,0,0,0,0,0,0,0,72cfbbebc3da
CS,941,0,CS941.0,CS941.0,1,1,0,0,0,0,0,0,0,0ea3545b41a1
CS,941,1,CS941.1,CS941.1,0,11,0,0,0,0,0,0,0,db5575c2e847
CS,941,2,CS941.2,CS941.2,0,19,0,0,0,1,0,0,0,cc7cc1671d1a
CS,941,3,CS941.3,CS941.3,0,14,0,0,0,0,0,0,0,380f9cabd750
CS,941,4,CS941.4,CS941.4,0,18,0,0,0,0,1,0,0,85f1211e6a22
CS,941,5,CS941.5,CS941.5,0,17,0,1,0,0,0,0,0,53c7824c7f8c
CS,941,6,CS941.6,CS941.6,0,29,0,0,0,0,0,0,0,9fad5734684e
CS,941,7,CS941.7,CS941.7,0,28,0,0,0,0,0,0,0,5a44c84ff229
CS,941,8,CS941.8,CS941.8,0,31,0,0,0,0,1,0,0,520fc127b63b
CS,942,0,CS942.0,CS942.0,1,1,0,0,0,0,0,0,0,0ea3545b41a1
CS,942,1,CS942.1,CS942.1,0,7,0,0,0,0,0,0,0,ef391f5af7ff
CS,942,2,CS942.2,CS942.2,0,11,0,0,0,0,1,0,0,253a2489111e
CS,942,3,CS942.3,CS942.3,0,16,0,0,0,0,0,0,0,ed356ac63ff2
CS,942,4,CS942.4,CS942.4,0,16,0,0,0,0,0,0,0,d2cd2a81f3d9
CS,942,5,CS942.5,CS942.5,0,6,0,0,0,0,0,0,0,434012f2baea
CS,942,6,CS942.6,CS942.6,0,29,0,0,0,0,0,0,0,e318b8d4e9c4
CS,943,0,CS943.0,CS943.0,1,1,0,0,0,0,0,0,0,0ea3545b41a1
CS,943,1,CS943.1,CS943.1,0,27,0,0,0,1,0,0,0,cb8323460fae
CS,943,2,CS943.2,CS943.2,0,34,0,0,0,0,0,0,0,3d8c0084bd52
CS,943,3,CS943.3,CS943.3,0,20,0,0,0,1,0,0,0,6a48b4ec313b
CS,944,0,CS944.0,CS944.0,1,1,0,0,0,0,0,0,0,0ea3545b41a1
CS,944,1,CS944.1,CS944.1,0,20,0,0,0,0,1,0,0,eff0a9018fd0
CS,944,2,CS944.2,CS944.2,0,8,0,0,0,0,1,0,0,bdfe06aedd13
CS,944,3,CS944.3,CS944.3,0,8,0,0,0,0,0,0,0,8664eea4ef54
CS,944,4,CS944.4,CS944.4,0,49,0,0,0,1,1,0,0,7d489d24243f
CS,944,5,CS944.5,CS944.5,0,20,0,0,0,1,0,0,0,1359b098d431
CS,944,6,CS944.6,CS944.6,0,22,0,0,0,0,0,0,0,cf005ddb84d6
CS,945,0,CS945.0,CS945.0,1,1,0,0,0,0,0,0,0,0ea3545b41a1
CS,945,1,CS945.1,CS945.1,0,19,0,0,0,0,0,0,0,eaa54b3e8125
CS,945,2,CS945.2,CS945.2,0,11,0,0,0,1,0,0,0,533483a5e9c9
CS,945,3,CS945.3,CS945.3,0,16,0,0,0,0,0,0,0,db0429ff3e95
CS,945,4,CS945.4,CS945.4,0,12,0,0,0,0,0,0,0,0732878da67e
CS,946,0,CS946.0,CS946.0,1,1,0,0,0,0,0,0,0,0ea3545b41a1
CS,946,1,CS946.1,CS946.1,0,9,0,0,0,0,0,0,0,1d8da43b613e
CS,946,2,CS946.2,CS946.2,0,26,0,0,0,0,0,0,0,0d9ae466128e
CS,947,0,CS947.0,CS947.0,1,1,0,0,0,0,0,0,0,0ea3545b41a1
CS,947,1,CS947.1,CS947.1,0,39,0,0,0,0,1,0,0,ba089deebd2c
CS,947,2,CS947.2,CS947.2,0,28,0,0,0,0,0,0,0,dd29d16c5fc6
CS,948,0,CS948.0,CS948.0,1,1,0,0,0,0,0,0,0,0ea3545b41a1
CS,948,1,CS948.1,CS948.1,0,24,0,0,0,0,0,0,0,62ba675d003e
CS,948,2,CS948.2,CS948.2,0,17,0,0,0,1,0,0,0,5151481b3498
CS,948,3,CS948.3,CS948.3,0,12,0,0,0,0,0,0,0,b5b2078d5376
CS,948,4,CS948.4,CS948.4,0,22,0,0,0,0,0,0,0,4bcac82cc0af
CS,949,0,CS949.0,CS949.0,1,1,0,0,0,0,0,0,0,0ea3545b41a1
CS,949,1,CS949.1,CS949.1,0,17,0,0,0,1,0,0,0,54ff18251107
CS,949,2,CS949.2,CS949.2,0,9,0,0,0,0,1,0,0,961ab832470a
CS,949,3,CS949.3,CS949.3,0,8,0,0,0,0,0,0,0,6c1e61b508ec
CS,949,4,CS949.4,CS949.4,0,26,0,0,0,0,0,0,0,63a141926cb4
CS,950,0,CS950.0,CS950.0,1,1,0,0,0,0,0,0,0,0ea3545b41a1
CS,950,1,CS950.1,CS950.1,0,20,0,0,0,1,0,0,0,eba3ca43ac53
CS,950,2,CS950.2,CS950.2,0,19,0,0,0,0,0,0,0,963121011085
CS,950,3,CS950.3,CS950.3,0,13,0,0,0,0,0,0,0,725550f59da8
CS,950,4,CS950.4,CS950.4,0,37,0,0,0,0,0,0,0,a771e58db958
CS,950,5,CS950.5,CS950.5,0,11,0,0,0,1,0,0,0,bde80eeae2ec
CS,950,6,CS950.6,CS950.6,0,25,0,0,0,0,1,0,0,f52e546d5a68
CS,950,7,CS950.7,CS950.7,0,12,0,0,0,0,0,0,0,b4681ce8e75e
CS,951,0,CS951.0,CS951.0,1,1,0,0,0,0,0,0,0,0ea3545b41a1
CS,951,1,CS951.1,CS951.1,0,16,0,0,0,1,0,0,0,f77abd8e4027
CS,951,2,CS951.2,CS951.2,0,9,0,0,0,0,0,0,0,8cd55ff33d98
CS,951,3,CS951.3,CS951.3,0,9,0,0,0,0,0,0,0,7b9790648255
CS,951,4,CS951.4,CS951.4,0,44,0,0,0,0,0,0,0,c2bc980e7c98
CS,951,5,CS951.5,CS951.5,0,13,0,0,0,1,0,0,0,1434cb4e5e5a
CS,952,0,CS952.0,CS952.0,1,1,0,0,0,0,0,0,0,0ea3545b41a1
CS,952,1,CS952.1,CS952.1,0,9,0,0,0,0,0,0,0,93b9a72b9c05
CS,952,2,CS952.2,CS952.2,0,10,0,0,0,0,0,0,0,4e2e22ec7a41
CS,952,3,CS952.3,CS952.3,0,25,0,0,0,0,0,0,0,93d5c9a8517e
CS,952,4,CS952.4,CS952.4,0,17,0,0,0,1,0,0,0,8ef511ed2f7c
CS,953,0,CS953.0,CS953.0,1,1,0,0,0,0,0,0,0,0ea3545b41a1
CS,953,1,CS953.1,CS953.1,0,15,0,0,0,0,1,0,0,ee53f6b1e706
CS,953,2,CS953.2,CS953.2,0,17,0,0,0,0,0,0,0,f4723e558c43
CS,953,3,CS953.3,CS953.3,0,14,0,1,0,0,0,0,0,c0e5386df360
CS,954,0,CS954.0,CS954.0,1,1,0,0,0,0,0,0,0,0ea3545b41a1
CS,954,1,CS954.1,CS954.1,0,5,0,0,0,0,1,0,0,c30e2b382663
CS,954,2,CS954.2,CS954.2,0,16,0,0,0,0,0,0,0,bc269638db6f
CS,954,3,CS954.3,CS954.3,0,17,0,0,0,1,0,0,0,216167a58dd4
CS,954,4,CS954.4,CS954.4,0,6,0,0,0,0,0,0,0,3216208fe37c
CS,954,5,CS954.5,CS954.5,0,21,0,0,0,0,0,0,0,511f23a4dfc9
CS,955,0,CS955.0,CS955.0,1,1,0,0,0,0,0,0,0,0ea3545b41a1
CS,955,1,CS955.1,CS955.1,0,14,0,0,0,0,0,0,0,09ff395a2179
CS,955,2,CS955.2,CS955.2,0,10,0,0,0,0,0,0,0,ab6430d87ecc
CS,956,0,CS956.0,CS956.0,1,1,0,0,0,0,0,0,0,0ea3545b41a1
CS,956,1,CS956.1,CS956.1,0,50,0,0,0,0,1,0,0,90d9d56203fd
CS,956,2,CS956.2,CS956.2,0,5,0,0,0,0,0,0,0,9e5780eb5524
CS,956,3,CS956.3,CS956.3,0,8,0,0,0,0,0,0,0,941588140f76
CS,957,0,CS957.0,CS957.0,1,1,0,0,0,0,0,0,0,0ea3545b41a1
CS,957,1,CS957.1,CS957.1,0,13,0,0,0,0,0,0,0,bbd8ebfa8f5c
CS,957,2,CS957.2,CS957.2,0,6,0,0,0,0,1,0,0,182036663320
CS,957,3,CS957.3,CS957.3,0,9,0,0,0,0,0,0,0,6e700952cfb0
CS,957,4,CS957.4,CS957.4,0,10,0,0,0,0,0,0,0,0e58c40808a3
CS,957,5,CS957.5,CS957.5,0,8,0,0,0,0,0,0,0,1552dd35dd45
CS,958,0,CS958.0,CS958.0,1,1,0,0,0,0,0,0,0,0ea3545b41a1
CS,958,1,CS958.1,CS958.1,0,11,0,0,0,0,0,0,0,c57133f6ee4d
CS,958,2,CS958.2,CS958.2,0,8,0,0,0,0,1,0,0,5a27b65d3c93
CS,959,0,CS959.0,CS959.0,1,1,0,0,0,0,0,0,0,0ea3545b41a1
CS,959,1,CS959.1,CS959.1,0,10,0,0,0,0,1,0,0,8842a59e3ee1
CS,959,2,CS959.2,CS959.2,0,7,0,0,0,0,0,0,0,191668412346
CS,959,3,CS959.3,CS959.3,0,15,0,0,0,0,1,0,0,5f8d08ba7b45
CS,959,4,CS959.4,CS959.4,0,19,0,0,0,0,0,0,0,db6eb34bc465
CS,959,5,CS959.5,CS959.5,0,11,0,0,0,0,0,0,0,08117be54035
CS,960,0,CS960.0,CS960.0,1,0,0,0,0,0,0,0,0,da39a3ee5e6b
CS,961,0,CS961.0,CS961.0,1,1,0,0,0,0,0,0,0,0ea3545b41a1
CS,961,1,CS961.1,CS961.1,0,9,0,0,0,0,0,0,0,c28a12fb1ed3
CS,961,2,CS961.2,CS961.2,0,14,0,0,0,0,1,0,0,fb7ff1f8d78d
CS,962,0,CS962.0,CS962.0,1,1,0,0,0,0,0,0,0,0ea3545b41a1
CS,962,1,CS962.1,CS962.1,0,37,0,0,0,0,0,0,0,3362ea0efcc9
CS,962,2,CS962.2,CS962.2,0,5,0,1,0,0,0,0,0,9443209ea358
CS,962,3,CS962.3,CS962.3,0,9,0,0,0,0,0,0,0,7d0cdd410587
CS,962,4,CS962.4,CS962.4,0,8,0,0,0,0,0,0,0,f0985488d2e4
CS,963,0,CS963.0,CS963.0,1,1,0,0,0,0,0,0,0,0ea3545b41a1
CS,963,1,CS963.1,CS963.1,0,5,0,0,0,0,0,0,0,b0c5d290db53
CS,963,2,CS963.2,CS963.2,0,17,0,0,0,0,0,0,0,c9ad6c701bcb
CS,963,3,CS963.3,CS963.3,0,22,0,0,0,0,0,0,0,3cb0afa8ea30
CS,963,4,CS963.4,CS963.4,0,26,0,0,0,0,0,0,0,c43b635d85f2
CS,963,5,CS963.5,CS963.5,0,11,0,0,0,0,1,0,0,04e50ea3bb0f
CS,963,6,CS963.6,CS963.6,0,26,0,0,0,0,0,0,0,41dc7a94788b
CS,964,0,CS964.0,CS964.0,1,1,0,0,0,0,0,0,0,0ea3545b41a1
CS,964,1,CS964.1,CS964.1,0,16,0,0,0,1,0,0,0,3e4e8394402e
CS,964,2,CS964.2,CS964.2,0,9,0,0,0,1,0,0,0,2dcb76a0c0d3
CS,964,3,CS964.3,CS964.3,0,8,0,0,0,0,0,0,0,d7f79d84a52d
CS,964,4,CS964.4,CS964.4,0,14,0,0,0,0,0,0,0,e071e7c5300a
CS,964,5,CS964.5,CS964.5,0,10,0,0,0,0,0,0,0,9b095f4fee9d
CS,964,6,CS964.6,CS964.6,0,18,0,0,0,0,0,0,0,cde6d534f0a3
CS,964,7,CS964.7,CS964.7,0,15,0,0,0,0,0,0,0,8d945f52beed
CS,964,8,CS964.8,CS964.8,0,9,0,0,0,0,0,0,0,274902ed50b2
CS,965,0,CS965.0,CS965.0,1,1,0,0,0,0,0,0,0,0ea3545b41a1
CS,965,1,CS965.1,CS965.1,0,13,0,0,0,0,0,0,0,ece94a9824ed
CS,965,2,CS965.2,CS965.2,0,26,0,0,0,1,0,0,0,fa78d9e45e07
CS,965,3,CS965.3,CS965.3,0,15,0,0,0,1,0,0,0,ae66a2444d0e
CS,966,0,CS966.0,CS966.0,1,1,0,0,0,0,0,0,0,0ea3545b41a1
CS,966,1,CS966.1,CS966.1,0,11,0,0,0,0,0,0,0,c68af5c54855
CS,966,2,CS966.2,CS966.2,0,36,0,0,0,0,1,0,0,d8064d59d3fe
CS,966,3,CS966.3,CS966.3,0,9,0,0,0,1,0,0,0,3d7b6c9442c7
CS,966,4,CS966.4,CS966.4,0,8,1,0,0,0,0,0,1,04a480b51a21
CS,966,5,CS966.5,CS966.5,0,9,0,0,0,0,1,0,0,3a0c6f435225
CS,966,6,CS966.6,CS966.6,0,8,0,0,0,0,1,0,0,4edcf20febfa
CS,966,7,CS966.7,CS966.7,0,43,0,0,0,0,0,0,0,f8160c814be9
CS,966,8,CS966.8,CS966.8,0,28,0,0,0,0,0,0,0,a2c228230b04
CS,967,0,CS967.0,CS967.0,1,1,0,0,0,0,0,0,0,0ea3545b41a1
CS,967,1,CS967.1,CS967.1,0,31,0,0,0,0,0,0,0,ea21e2ae563f
CS,967,2,CS967.2,CS967.2,0,18,0,0,0,1,1,0,0,42f6946a13be
CS,968,0,CS968.0,CS968.0,1,1,0,0,0,0,0,0,0,0ea3545b41a1
CS,968,1,CS968.1,CS968.1,0,45,0,0,0,0,1,0,0,e50e034892c6
CS,969,0,CS969.0,CS969.0,1,1,0,0,0,0,0,0,0,0ea3545b41a1
CS,969,1,CS969.1,CS969.1,0,8,0,0,0,0,0,0,0,9a21003787cc
CS,969,2,CS969.2,CS969.2,0,13,0,0,0,0,0,0,0,57ff30aa45ae
CS,969,3,CS969.3,CS969.3,0,9,0,0,0,0,0,0,0,10daf9b7c4d9
CS,969,4,CS969.4,CS969.4,0,21,0,0,0,1,0,0,0,730d6d4a367a
CS,970,0,CS970.0,CS970.0,1,1,0,0,0,0,0,0,0,0ea3545b41a1
CS,970,1,CS970.1,CS970.1,0,44,0,0,0,0,1,0,0,58fe4786832f
CS,970,2,CS970.2,CS970.2,0,63,0,0,0,1,0,0,0,5d5f6d8f86fa
CS,970,3,CS970.3,CS970.3,0,25,0,0,0,1,0,0,0,4d46cd34a884
CS,970,4,CS970.4,CS970.4,0,11,0,0,0,0,0,0,0,36dd9d3e609c
CS,971,0,CS971.0,CS971.0,1,1,0,0,0,0,0,0,0,0ea3545b41a1
CS,971,1,CS971.1,CS971.1,0,16,0,1,1,0,0,0,0,c2821ca95aeb
CS,971,2,CS971.2,CS971.2,0,16,0,0,0,1,0,0,0,95bb6ff683a8
CS,971,3,CS971.3,CS971.3,0,13,0,0,0,0,0,0,0,bd2dc3d85183
CS,971,4,CS971.4,CS971.4,0,6,0,0,0,0,0,0,0,3c014c3b8711
CS,971,5,CS971.5,CS971.5,0,20,0,0,0,1,0,0,0,045bf4869993
CS,971,6,CS971.6,CS971.6,0,12,0,0,0,0,0,0,0,9ea1691bc278
CS,971,7,CS971.7,CS971.7,0,8,0,0,0,0,0,0,0,608606cab338
CS,972,0,CS972.0,CS972.0,1,1,0,0,0,0,0,0,0,0ea3545b41a1
CS,972,1,CS972.1,CS972.1,0,25,0,0,0,0,0,0,0,6942b341d721
CS,972,2,CS972.2,CS972.2,0,19,0,0,0,1,0,0,0,ead1d7ebbf22
CS,972,3,CS972.3,CS972.3,0,14,0,0,0,0,1,0,0,dcf2216c814f
CS,973,0,CS973.0,CS973.0,1,1,0,0,0,0,0,0,0,0ea3545b41a1
CS,973,1,CS973.1,CS973.1,0,8,0,0,0,0,0,0,0,d5ee35fb317c
CS,973,2,CS973.2,CS973.2,0,73,0,0,0,0,0,0,0,ecd2da4ea86f
CS,973,3,CS973.3,CS973.3,0,7,0,0,0,0,0,0,0,be3aba3d3fea
CS,973,4,CS973.4,CS973.4,0,9,0,0,0,0,0,0,0,25315056e9d9
CS,974,0,CS974.0,CS974.0,1,1,0,0,0,0,0,0,0,0ea3545b41a1
CS,974,1,CS974.1,CS974.1,0,29,0,0,0,0,0,0,0,6cd1196eef71
CS,974,2,CS974.2,CS974.2,0,25,0,0,0,1,0,0,0,484979a8ae60
CS,974,3,CS974.3,CS974.3,0,22,0,0,0,0,0,0,0,86cae0b80f0e
CS,974,4,CS974.4,CS974.4,0,12,0,0,0,0,0,0,0,dd83d807a9f4
CS,974,5,CS974.5,CS974.5,0,27,0,0,0,0,0,0,0,b4ad29584429
CS,975,0,CS975.0,CS975.0,1,1,0,0,0,0,0,0,0,0ea3545b41a1
CS,975,1,CS975.1,CS975.1,0,8,0,0,0,0,0,0,0,6b9faee0f6f0
CS,975,2,CS975.2,CS975.2,0,10,0,0,0,0,0,0,0,0eda11fb4257
CS,975,3,CS975.3,CS975.3,0,9,0,0,0,0,0,0,0,dffbca1f2935
CS,975,4,CS975.4,CS975.4,0,11,0,0,1,0,0,0,0,1905f6ad3860
CS,975,5,CS975.5,CS975.5,0,19,0,0,0,0,0,0,0,5bf44e9a08ba
CS,976,0,CS976.0,CS976.0,1,1,0,0,0,0,0,0,0,0ea3545b41a1
CS,976,1,CS976.1,CS976.1,0,8,0,0,0,0,0,0,0,4f561a0c7a47
CS,976,2,CS976.2,CS976.2,0,37,0,0,0,0,1,0,0,f9565f4927b7
CS,976,3,CS976.3,CS976.3,0,14,0,0,0,0,0,0,0,66b25c242d26
CS,976,4,CS976.4,CS976.4,0,31,0,0,0,1,0,0,0,6b6afe971fd8
CS,976,5,CS976.5,CS976.5,0,9,0,0,0,0,0,0,0,01c2543d8b05
CS,977,0,CS977.0,CS977.0,1,1,0,0,0,0,0,0,0,0ea3545b41a1
CS,977,1,CS977.1,CS977.1,0,24,0,0,0,0,1,0,0,78409f62b223
CS,977,2,CS977.2,CS977.2,0,15,0,1,0,0,0,0,0,ea948b49dce8
CS,977,3,CS977.3,CS977.3,0,14,0,0,0,1,0,0,0,c9282ec6b8d3
CS,978,0,CS978.0,CS978.0,1,1,0,0,0,0,0,0,0,0ea3545b41a1
CS,978,1,CS978.1,CS978.1,0,9,0,0,0,0,0,0,0,9f8b83741d81
CS,978,2,CS978.2,CS978.2,0,14,0,0,0,0,0,0,0,708db26471c8
CS,978,3,CS978.3,CS978.3,0,47,0,0,0,0,1,0,0,7ac1f5be8a44
CS,978,4,CS978.4,CS978.4,0,31,0,0,0,0,0,0,0,e978dde9e590
CS,978,5,CS978.5,CS978.5,0,10,0,0,0,0,0,0,0,fad18ec036a4
CS,979,0,CS979.0,CS979.0,1,1,0,0,0,0,0,0,0,0ea3545b41a1
CS,979,1,CS979.1,CS979.1,0,18,0,0,0,0,0,0,0,a0439b24cdaa
CS,979,2,CS979.2,CS979.2,0,8,0,0,0,0,0,0,0,5daa7b109785
CS,979,3,CS979.3,CS979.3,0,9,0,0,0,0,0,0,0,d57a0c7ce159
CS,979,4,CS979.4,CS979.4,0,13,0,0,0,0,1,0,0,bc0305f9940e
CS,979,5,CS979.5,CS979.5,0,16,0,0,0,0,0,0,0,2135b649dcaa
CS,980,0,CS980.0,CS980.0,1,1,0,0,0,0,0,0,0,0ea3545b41a1
CS,980,1,CS980.1,CS980.1,0,9,0,0,0,1,0,0,0,240af7bc2e1f
CS,980,2,CS980.2,CS980.2,0,7,0,0,0,0,0,0,0,1eabed29afb4
CS,980,3,CS980.3,CS980.3,0,108,0,0,0,1,1,0,0,aec84e397924
CS,980,4,CS980.4,CS980.4,0,137,0,0,0,1,1,0,0,469e5f07b070
CS,980,5,CS980.5,CS980.5,0,15,0,0,0,0,0,0,0,05f8f09ad292
CS,980,6,CS980.6,CS980.6,0,9,1,0,0,0,0,0,1,775f6e03e787
CS,980,7,CS980.7,CS980.7,0,22,1,0,0,0,0,0,1,3ab47184a128
CS,980,8,CS980.8,CS980.8,0,10,0,0,0,0,0,0,0,8eda0d137d31
CS,981,0,CS981.0,CS981.0,1,1,0,0,0,0,0,0,0,0ea3545b41a1
CS,981,1,CS981.1,CS981.1,0,10,0,0,0,0,0,0,0,af5c1cc9b79b
CS,981,2,CS981.2,CS981.2,0,6,0,0,0,1,0,0,0,97390b1563d3
CS,981,3,CS981.3,CS981.3,0,17,0,0,0,0,0,0,0,bad6b2ded9cd
CS,981,4,CS981.4,CS981.4,0,8,0,0,0,0,0,0,0,8307ed676230
CS,982,0,CS982.0,CS982.0,1,1,0,0,0,0,0,0,0,0ea3545b41a1
CS,982,1,CS982.1,CS982.1,0,9,0,0,0,0,0,0,0,838f561f8a4b
CS,982,2,CS982.2,CS982.2,0,9,0,0,0,1,0,0,0,9ce18370e162
CS,982,3,CS982.3,CS982.3,0,15,0,0,0,0,0,0,0,91e19fb1486f
CS,982,4,CS982.4,CS982.4,0,19,0,0,0,0,0,0,0,d402301622c6
CS,982,5,CS982.5,CS982.5,0,8,0,0,0,0,0,0,0,6f3a0b7ce2cd
CS,983,0,CS983.0,CS983.0,1,1,0,0,0,0,0,0,0,0ea3545b41a1
CS,983,1,CS983.1,CS983.1,0,42,0,0,0,0,0,0,0,95dbad6f5498
CS,983,2,CS983.2,CS983.2,0,11,0,0,0,0,0,0,0,76b4f82db033
CS,983,3,CS983.3,CS983.3,0,11,0,0,0,0,1,0,0,8f5deef80016
CS,984,0,CS984.0,CS984.0,1,1,0,0,0,0,0,0,0,0ea3545b41a1
CS,984,1,CS984.1,CS984.1,0,16,0,0,0,0,1,0,0,c426a9667d09
CS,984,2,CS984.2,CS984.2,0,10,0,0,0,0,0,0,0,27041e7ec93c
CS,984,3,CS984.3,CS984.3,0,20,0,0,0,0,0,0,0,22690df1691d
CS,984,4,CS984.4,CS984.4,0,10,0,0,0,0,0,0,0,942c02d9e6f1
CS,985,0,CS985.0,CS985.0,1,1,0,0,0,0,0,0,0,0ea3545b41a1
CS,985,1,CS985.1,CS985.1,0,15,0,0,0,0,0,0,0,8dbe838121a1
CS,985,2,CS985.2,CS985.2,0,8,0,0,0,0,0,0,0,709422a450ea
CS,986,0,CS986.0,CS986.0,1,1,0,0,0,0,0,0,0,0ea3545b41a1
CS,986,1,CS986.1,CS986.1,0,11,0,0,0,0,0,0,0,6a1d12b5c707
CS,986,2,CS986.2,CS986.2,0,17,0,0,0,0,0,0,0,19d8b9ae8a27
CS,986,3,CS986.3,CS986.3,0,67,0,0,0,1,0,0,0,c8e4dd4cfbbd
CS,986,4,CS986.4,CS986.4,0,10,0,0,0,0,0,0,0,b627f303dffe
CS,986,5,CS986.5,CS986.5,0,13,0,0,0,0,0,0,0,cfe10f954713
CS,987,0,CS987.0,CS987.0,1,1,0,0,0,0,0,0,0,0ea3545b41a1
CS,987,1,CS987.1,CS987.1,0,31,0,0,0,0,0,0,0,eb97b8fb55a3
CS,987,2,CS987.2,CS987.2,0,7,0,0,0,0,0,0,0,672eec4dafef
CS,987,3,CS987.3,CS987.3,0,15,0,0,0,0,0,0,0,2466fe8f5250
CS,988,0,CS988.0,CS988.0,1,1,0,0,0,0,0,0,0,0ea3545b41a1
CS,988,1,CS988.1,CS988.1,0,42,0,0,0,0,1,0,0,6d0e48b330ef
CS,988,2,CS988.2,CS988.2,0,6,0,0,0,0,0,0,0,a117cadcee2d
CS,988,3,CS988.3,CS988.3,0,16,0,0,0,1,0,0,0,6aab5a55ddb5
CS,988,4,CS988.4,CS988.4,0,9,0,0,0,0,0,0,0,c999626fb4fc
CS,989,0,CS989.0,CS989.0,1,1,0,0,0,0,0,0,0,0ea3545b41a1
CS,989,1,CS989.1,CS989.1,0,17,0,0,0,0,0,0,0,94a4c334acec
CS,989,2,CS989.2,CS989.2,0,13,1,0,0,0,0,1,0,91f43589af2b
CS,989,3,CS989.3,CS989.3,0,67,0,0,0,0,0,0,0,104f68e87c6e
CS,989,4,CS989.4,CS989.4,0,8,0,0,0,0,0,0,0,c8a20a0c8a9a
CS,989,5,CS989.5,CS989.5,0,7,0,0,0,0,0,0,0,afe4a762956a
CS,990,0,CS990.0,CS990.0,1,1,0,0,0,0,0,0,0,0ea3545b41a1
CS,990,1,CS990.1,CS990.1,0,16,0,0,0,0,0,0,0,4e5ac3ff2750
CS,990,2,CS990.2,CS990.2,0,8,0,0,0,0,0,0,0,68d8faeec5a4
CS,990,3,CS990.3,CS990.3,0,37,0,0,0,0,0,0,0,2c1e357de21f
CS,991,0,CS991.0,CS991.0,1,1,0,0,0,0,0,0,0,0ea3545b41a1
CS,991,1,CS991.1,CS991.1,0,16,0,0,0,1,0,0,0,34d86a27337b
CS,991,2,CS991.2,CS991.2,0,8,0,0,0,0,0,0,0,723a86d74e1f
CS,992,0,CS992.0,CS992.0,1,1,0,0,0,0,0,0,0,0ea3545b41a1
CS,992,1,CS992.1,CS922.1,0,44,0,0,0,1,1,0,0,9e10476c64a4
CS,992,2,CS992.2,CS992.2,0,17,0,0,0,0,0,0,0,13667d6921b7
CS,992,3,CS992.3,CS992.3,0,9,0,0,0,0,0,0,0,f96e7daf61d3
CS,992,4,CS992.4,CS992.4,0,18,0,0,0,0,0,0,0,0680420bed80
CS,992,5,CS992.5,CS992.5,0,14,0,0,0,0,0,0,0,dc43de3ebaa4
CS,992,6,CS992.6,CS992.6,0,22,0,0,0,0,0,0,0,877e2fb2c68e
CS,993,0,CS993.0,CS993.0,1,1,0,0,0,0,0,0,0,0ea3545b41a1
CS,993,1,CS993.1,CS993.1,0,7,0,0,0,0,0,0,0,6d74475b2640
CS,993,2,CS993.2,CS993.2,0,14,0,0,0,0,0,0,0,f3763ecc547e
CS,993,3,CS993.3,CS993.3,0,22,0,0,0,0,0,0,0,16c8f699663f
CS,994,0,CS994.0,CS994.0,1,1,0,0,0,0,0,0,0,0ea3545b41a1
CS,994,1,CS994.1,CS994.1,0,7,0,0,0,0,0,0,0,8277a97e7582
CS,994,2,CS994.2,CS994.2,0,10,0,0,0,1,0,0,0,bb2c8e7ec930
CS,994,3,CS994.3,CS994.3,0,19,0,0,0,0,1,0,0,2c1d4b493ffb
CS,995,0,CS995.0,CS995.0,1,1,0,0,0,0,0,0,0,0ea3545b41a1
CS,995,1,CS995.1,CS995.1,0,11,0,0,0,0,0,0,0,8bdb49cbe198
CS,995,2,CS995.2,CS995.2,0,27,0,0,0,0,0,0,0,4ee15ddc84bd
CS,995,3,CS995.3,CS995.3,0,23,0,0,0,0,0,0,0,590f1670af6e
CS,996,0,CS996.0,CS996.0,1,1,0,0,0,0,0,0,0,0ea3545b41a1
CS,996,1,CS996.1,CS996.1,0,22,0,0,0,1,0,0,0,957ef16ecb2f
CS,996,2,CS996.2,CS996.2,0,15,0,0,0,0,0,0,0,0222c88e7a59
CS,996,3,CS996.3,CS996.3,0,9,0,0,0,0,1,0,0,2302b8eb6c25
CS,996,4,CS996.4,CS996.4,0,19,0,0,0,0,0,0,0,86120ff15de3
CS,996,5,CS996.5,CS996.5,0,9,0,0,0,0,0,0,0,a1628921a99e
CS,996,6,CS996.6,CS996.6,0,18,0,0,0,0,1,0,0,9c1cca61454d
CS,997,0,CS997.0,CS997.0,1,1,0,0,0,0,0,0,0,0ea3545b41a1
CS,997,1,CS997.1,CS997.1,0,19,0,1,0,0,0,0,0,06df6ca500a9
CS,997,2,CS997.2,CS997.2,0,10,0,0,1,0,0,0,0,7d55ad668005
CS,997,3,CS997.3,CS997.3,0,11,0,0,0,0,0,0,0,17e2f789e4b1
CS,998,0,CS998.0,CS998.0,1,1,0,0,0,0,0,0,0,0ea3545b41a1
CS,998,1,CS998.1,CS998.1,0,37,0,0,0,1,1,0,0,4d27afc021c4
CS,998,2,CS998.2,CS998.2,0,10,0,0,0,0,0,0,0,2a0eb5c35c70
CS,998,3,CS998.3,CS998.3,0,10,0,0,0,0,0,0,0,f5e72bcf4d6d
CS,998,4,CS998.4,CS998.4,0,8,0,0,0,0,0,0,0,a7c55b60381e
CS,998,5,CS998.5,CS998.5,0,9,0,0,0,0,0,0,0,115b79a39986
CS,998,6,CS998.6,CS998.6,0,13,0,0,0,0,0,0,0,9acf389ae36a
CS,999,0,CS999.0,CS999.0,1,1,0,0,0,0,0,0,0,0ea3545b41a1
CS,999,1,CS999.1,CS999.1,0,14,0,0,0,0,1,0,0,7cb56f4c9251
CS,999,2,CS999.2,CS999.2,0,4,0,0,0,0,0,0,0,5587738aa51d
CS,999,3,CS999.3,CS999.3,0,10,0,0,0,1,0,0,0,d078ed1a038a
CS,999,4,CS999.4,CS999.4,0,89,0,0,0,0,0,0,0,d2ad88988ccf
CS,999,5,CS999.5,CS999.5,0,22,0,0,0,0,0,0,0,c48be4102894
CS,999,6,CS999.6,CS999.6,0,19,0,0,0,0,0,0,0,0773adaa318e
CS,999,7,CS999.7,CS999.7,0,18,0,0,0,0,0,0,0,e4d82f7061e7
CS,999,8,CS999.8,CS999.8,0,17,0,0,0,0,0,0,0,0b021abb28dd
CS,1000,0,CS1000.0,CS1000.0,1,16,0,0,0,0,0,0,0,7bd053d92c8f
CS,1000,1,CS1000.1,CS1000.1,0,5,0,0,0,0,0,0,0,930a7f3c5b46
CS,1000,2,CS1000.2,CS1000.2,0,13,0,0,0,0,0,0,0,e9bc5be69785
CS,1000,3,CS1000.3,CS1000.3,0,13,0,0,0,0,0,0,0,cc5b77172d46
CS,1000,4,CS1000.4,CS1000.4,0,8,0,0,0,0,0,0,0,71597c036055
CS,1000,5,CS1000.5,CS1000.5,0,83,0,0,0,1,1,0,0,666f1b322bff
CS,1001,0,CS1001.0,CS1001.0,1,1,0,0,0,0,0,0,0,0ea3545b41a1
CS,1001,1,CS1001.1,CS1001.1,0,8,0,0,0,0,0,0,0,4194778fc581
CS,1001,2,CS1001.2,CS1001.2,0,12,0,0,0,0,0,0,0,639d3bef4b23
CS,1001,3,CS1001.3,CS1001.3,0,18,0,0,0,0,0,0,0,7ea8fc3e1662
CS,1001,4,CS1001.4,CS1001.4,0,12,0,0,0,0,0,0,0,740921375e2e
CS,1001,5,CS1001.5,CS1001.5,0,14,0,0,0,0,0,0,0,82052c4b7f81
CS,1001,6,CS1001.6,CS1001.6,0,4,0,0,0,0,0,0,0,91b6e91b3c52
CS,1002,0,CS1002.0,CS1002.0,1,1,0,0,0,0,0,0,0,0ea3545b41a1
CS,1002,1,CS1002.1,CS1002.1,0,11,0,0,0,0,0,0,0,ac5e422dabeb
CS,1002,2,CS1002.2,CS1002.2,0,18,0,0,0,1,0,0,0,6c9806003178
CS,1002,3,CS1002.3,CS1002.3,0,12,0,0,0,0,0,0,0,f84f6411f5d3
CS,1002,4,CS1002.4,CS1002.4,0,9,0,0,0,0,0,0,0,2f882c3e88fb
CS,1002,5,CS1002.5,CS1002.5,0,9,0,0,0,0,0,0,0,f8c71660ce1b
CS,1002,6,CS1002.6,CS1002.6,0,81,0,0,0,0,1,0,0,9ae0dd93ed6e
CS,1003,0,CS1003.0,CS1003.0,1,1,0,0,0,0,0,0,0,0ea3545b41a1
CS,1003,1,CS1003.1,CS1003.1,0,15,0,0,0,0,0,0,0,577652af7f71
CS,1003,2,CS1003.2,CS1003.2,0,7,0,0,0,0,0,0,0,e6ddfda12212
CS,1003,3,CS1003.3,CS1003.3,0,18,0,0,0,0,0,0,0,6ee85b533e3a
CS,1003,4,CS1003.4,CS1003.4,0,14,0,0,0,0,0,0,0,3fdbc45b3f56
CS,1004,0,CS1004.0,CS1004.0,1,1,0,0,0,0,0,0,0,0ea3545b41a1
CS,1004,1,CS1004.1,CS1004.1,0,16,0,0,0,0,0,0,0,11e4334cacb6
CS,1004,2,CS1004.2,CS1004.2,0,22,0,0,0,1,0,0,0,4cfa00615a5c
CS,1004,3,CS1004.3,CS1004.3,0,137,0,0,0,0,0,0,0,01388d522e48
CS,1004,4,CS1004.4,CS1004.4,0,10,0,0,0,0,0,0,0,d86c6e6b968d
CS,1005,0,CS1005.0,CS1005.0,1,1,0,0,0,0,0,0,0,0ea3545b41a1
CS,1005,1,CS1005.1,CS1005.1,0,13,0,0,0,0,0,0,0,e3fbdca680c4
CS,1005,2,CS1005.2,CS1005.2,0,30,0,0,0,0,0,0,0,7e118fbc80a1
CS,1005,3,CS1005.3,CS1005.3,0,73,0,0,0,1,0,0,0,bdac149ef3bd
CS,1005,4,CS1005.4,CS1005.4,0,9,0,0,0,1,0,0,0,266e4869749b
CS,1005,5,CS1005.5,CS1005.5,0,19,0,1,0,0,0,0,0,ddc3a166547f
CS,1005,6,CS1005.6,CS1005.6,0,5,0,0,0,0,0,0,0,d9c2d18bc3a3
CS,1005,7,CS1005.7,CS1005.7,0,5,0,0,0,0,0,0,0,b9340ed5fe91
CS,1005,8,CS1005.8,CS1005.8,0,9,0,0,0,0,0,0,0,44615e4a939f
CS,1006,0,CS1006.0,CS1006.0,1,1,0,0,0,0,0,0,0,0ea3545b41a1
CS,1006,1,CS1006.1,CS1006.1,0,20,0,0,0,0,0,0,0,835118a6a000
CS,1006,2,CS1006.2,CS1006.2,0,18,0,0,0,0,0,0,0,b398ab4a1345
CS,1006,3,CS1006.3,CS1006.3,0,66,0,0,0,0,1,0,0,0e844f37d976
CS,1006,4,CS1006.4,CS1006.4,0,13,0,0,0,0,0,0,0,cb4983b8e487
CS,1006,5,CS1006.5,CS1006.5,0,6,0,0,0,1,0,0,0,a276d76cd8e0
CS,1007,0,CS1007.0,CS1007.0,1,1,0,0,0,0,0,0,0,0ea3545b41a1
CS,1007,1,CS1007.1,CS1007.1,0,38,0,0,0,0,0,0,0,5f3abf63a234
CS,1007,2,CS1007.2,CS1007.2,0,18,0,0,0,0,0,0,0,7c1b6eb12d61
CS,1007,3,CS1007.3,CS1007.3,0,10,0,0,0,1,0,0,0,b7eb77f81340
CS,1007,4,CS1007.4,CS1007.4,0,28,0,0,0,1,0,0,0,1869d3cbd205
CS,1007,5,CS1007.5,CS1007.5,0,43,0,0,0,0,0,0,0,05932abb2940
CS,1007,6,CS1007.6,CS1007.6,0,14,0,0,0,0,0,0,0,999ff371539c
CS,1007,7,CS1007.7,CS1007.7,0,21,0,0,0,0,0,0,0,9ad50a58945b
CS,1007,8,CS1007.8,CS1007.8,0,10,0,0,0,0,1,0,0,357ea705e66f
CS,1008,0,CS1008.0,CS1008.0,1,1,0,0,0,0,0,0,0,0ea3545b41a1
CS,1008,1,CS1008.1,CS1008.1,0,6,0,0,0,0,0,0,0,1ccf5db9dae1
CS,1008,2,CS1008.2,CS1008.2,0,18,0,0,0,0,0,0,0,942d3238e135
CS,1008,3,CS1008.3,CS1008.3,0,22,0,0,0,0,0,0,0,279b2e2d2515
CS,1009,0,CS1009.0,CS1009.0,1,1,0,0,0,0,0,0,0,0ea3545b41a1
CS,1009,1,CS1009.1,CS1009.1,0,15,0,0,0,0,0,0,0,73aecb93dc83
CS,1009,2,CS1009.2,CS1009.2,0,11,0,0,0,0,0,0,0,c9bb0c499c21
CS,1009,3,CS1009.3,CS1009.3,0,9,0,0,0,0,0,0,0,b830297c8634
CS,1009,4,CS1009.4,CS1009.4,0,13,0,0,0,0,0,0,0,e53162c1a041
CS,1010,0,CS1010.0,CS1010.0,1,1,0,0,0,0,0,0,0,0ea3545b41a1
CS,1010,1,CS1010.1,CS1010.1,0,10,0,0,0,0,0,0,0,48ae0e47b18a
CS,1010,2,CS1010.2,CS1010.2,0,14,0,0,0,0,1,0,0,37357d266cc3
CS,1010,3,CS1010.3,CS1010.3,0,13,0,0,0,0,0,0,0,2739f66a6f17
CS,1010,4,CS1010.4,CS1010.4,0,23,0,0,0,0,0,0,0,1fdfc084891a
CS,1010,5,CS1010.5,CS1010.5,0,8,0,0,0,0,0,0,0,8042db3af08a
CS,1010,6,CS1010.6,CS1010.6,0,4,0,0,0,0,0,0,0,ca9d39ca37ea
CS,1011,0,CS1011.0,CS1011.0,1,1,0,0,0,0,0,0,0,0ea3545b41a1
CS,1011,1,CS1011.1,CS1011.1,0,22,0,0,0,0,0,0,0,085836e9c3d0
CS,1011,2,CS1011.2,CS1011.2,0,30,0,0,0,0,0,0,0,c546aca94cb6
CS,1011,3,CS1011.3,CS1011.3,0,7,0,0,0,0,0,0,0,8c27a3d3b567
CS,1012,0,CS1012.0,CS1012.0,1,1,0,0,0,0,0,0,0,0ea3545b41a1
CS,1012,1,CS1012.1,CS1012.1,0,29,0,0,0,1,0,0,0,2c99abf3b022
CS,1013,0,CS1013.0,CS1013.0,1,1,0,0,0,0,0,0,0,0ea3545b41a1
CS,1013,1,CS1013.1,CS1013.1,0,15,0,0,0,0,0,0,0,d32903dc1b45
CS,1013,2,CS1013.2,CS1013.2,0,114,0,0,0,1,0,0,0,02df7d18a941
CS,1013,3,CS1013.3,CS1013.3,0,9,0,0,0,0,0,0,0,338d3d684c44
CS,1013,4,CS1013.4,CS1013.4,0,30,0,0,0,0,1,0,0,d8c35e6f025b
CS,1013,5,CS1013.5,CS1013.5,0,52,0,0,0,0,1,0,0,c1d4310d6458
CS,1013,6,CS1013.6,CS1013.6,0,58,0,0,0,0,0,0,0,d070ce3534d6
CS,1013,7,CS1013.7,CS1013.7,0,21,0,0,0,0,0,0,0,93acf780b6ec
CS,1014,0,CS1014.0,CS1014.0,1,1,0,0,0,0,0,0,0,0ea3545b41a1
CS,1014,1,CS1014.1,CS1014.1,0,22,0,0,0,0,0,0,0,a6200352514d
CS,1014,2,CS1014.2,CS1014.2,0,360,0,0,1,1,1,0,0,6010f352fa93
CS,1014,3,CS1014.3,CS1014.3,0,37,0,0,0,0,0,0,0,1c1492ab8476
CS,1014,4,CS1014.4,CS1014.4,0,26,0,0,0,0,0,0,0,2c85b9a91d63
CS,1014,5,CS1014.5,CS1014.5,0,24,0,0,0,0,0,0,0,f243b2ba44d6
CS,1014,6,CS1014.6,CS1014.6,0,8,0,0,0,0,1,0,0,0201177c1f09
CS,1014,7,CS1014.7,CS1014.7,0,27,0,0,0,0,0,0,0,40cd3384c331
CS,1014,8,CS1014.8,CS1014.8,0,19,0,0,0,0,0,0,0,15663ba04e44
CS,1014,9,CS1014.9,CS1014.9,0,7,0,0,0,0,0,0,0,57a543bbbdee
CS,1014,10,CS1014.10,CS1014.10,0,7,0,0,0,0,0,0,0,abc8bca23683
CS,1015,0,CS1015.0,CS1015.0,1,1,0,0,0,0,0,0,0,0ea3545b41a1
CS,1015,1,CS1015.1,CS1015.1,0,46,0,0,0,0,1,0,0,336a5ed8f38e
CS,1015,2,CS1015.2,CS1015.2,0,95,0,0,0,0,0,0,0,3f7c1e837f9d
CS,1015,3,CS1015.3,CS1015.3,0,36,0,0,0,0,1,0,0,4f54c3ae5d44
CS,1015,4,CS1015.4,CS1015.4,0,17,0,0,0,0,0,0,0,8567e0b6b8b2
CS,1015,5,CS1015.5,CS1015.5,0,26,0,0,0,0,0,0,0,b2d817af7e11
CS,1015,6,CS1015.6,CS1015.6,0,21,0,0,0,1,0,0,0,59ef56e98f1c
CS,1015,7,CS1015.7,CS1015.7,0,31,0,0,0,0,0,0,0,ac295761d863
CS,1015,8,CS1015.8,CS1015.8,0,19,0,0,0,0,1,0,0,ada3a3b59bce
CS,1016,0,CS1016.0,CS1016.0,1,1,0,0,0,0,0,0,0,0ea3545b41a1
CS,1016,1,CS1016.1,CS1016.1,0,16,0,0,0,0,0,0,0,c99c4f60e840
CS,1016,2,CS1016.2,CS1016.2,0,20,0,0,0,0,0,0,0,c6f666ed39eb
CS,1016,3,CS1016.3,CS1016.3,0,28,0,0,0,0,1,0,0,4a46cc4a92bb
CS,1016,4,CS1016.4,CS1016.4,0,11,0,0,0,0,0,0,0,bbf0cbe77153
CS,1016,5,CS1016.5,CS1016.5,0,52,0,0,0,0,0,0,0,76512e87fff0
CS,1016,6,CS1016.6,CS1016.6,0,5,0,0,0,0,0,0,0,c35923664a55
CS,1016,7,CS1016.7,CS1016.7,0,46,0,0,0,0,0,0,0,77bd23995a60
CS,1016,8,CS1016.8,CS1016.8,0,11,0,0,0,0,1,0,0,53030263183d
CS,1017,0,CS1017.0,CS1017.0,1,1,0,0,0,0,0,0,0,0ea3545b41a1
CS,1017,1,CS1017.1,CS1017.1,0,6,0,0,0,0,0,0,0,e939fa30c9c8
CS,1017,2,CS1017.2,CS1017.2,0,18,0,0,0,1,0,0,0,98a63c2c49ee
CS,1017,3,CS1017.3,CS1017.3,0,18,0,0,0,0,0,0,0,8a16e5e9d0c5
CS,1017,4,CS1017.4,CS1017.4,0,21,0,0,0,1,0,0,0,ebc3fec79e78
CS,1018,0,CS1018.0,CS1018.0,1,1,0,0,0,0,0,0,0,0ea3545b41a1
CS,1018,1,CS1018.1,CS1018.1,0,10,0,0,0,0,0,0,0,a010b0716fbc
CS,1018,2,CS1018.2,CS1018.2,0,23,0,0,0,0,1,0,0,952d5b711c83
CS,1018,3,CS1018.3,CS1018.3,0,12,0,0,0,0,0,0,0,37f07cef3035
CS,1019,0,CS1019.0,CS1019.0,1,1,0,0,0,0,0,0,0,0ea3545b41a1
CS,1019,1,CS1019.1,CS1019.1,0,21,0,0,0,0,0,0,0,d4f738fef93c
CS,1019,2,CS1019.2,CS1019.2,0,45,0,0,0,0,0,0,0,55fbe4cbbed7
CS,1020,0,CS1020.0,CS1020.0,1,1,0,0,0,0,0,0,0,0ea3545b41a1
CS,1020,1,CS1020.1,CS1020.1,0,26,0,0,0,0,0,0,0,388a0eabdb68
CS,1020,2,CS1020.2,CS1020.2,0,31,0,0,0,0,0,0,0,2d2ed2903385
CS,1020,3,CS1020.3,CS1020.3,0,10,0,0,0,0,1,0,0,09460b733968
CS,1020,4,CS1020.4,CS1020.4,0,6,0,0,0,0,0,0,0,1fcfa1dd7c2d
CS,1020,5,CS1020.5,CS1020.5,0,31,0,0,0,1,0,0,0,dcced8b84350
CS,1020,6,CS1020.6,CS1020.6,0,11,0,0,0,0,0,0,0,962db3df69c7
CS,1021,0,CS1021.0,CS1021.0,1,1,0,0,0,0,0,0,0,0ea3545b41a1
CS,1021,1,CS1021.1,CS1021.1,0,7,0,0,0,0,0,0,0,fa086960d0f5
CS,1021,2,CS1021.2,CS1021.2,0,14,0,0,0,1,0,0,0,5b5f693ce217
CS,1021,3,CS1021.3,CS1021.3,0,23,0,0,0,0,0,0,0,6cdb8c448598
CS,1021,4,CS1021.4,CS1021.4,0,8,0,0,0,0,0,0,0,5b54b29f45a1
CS,1021,5,CS1021.5,CS1021.5,0,9,0,0,0,0,0,0,0,bafef71ef3f4
CS,1022,0,CS1022.0,CS1022.0,1,1,0,0,0,0,0,0,0,0ea3545b41a1
CS,1022,1,CS1022.1,CS1022.1,0,31,0,0,0,0,0,0,0,3b6114052671
CS,1022,2,CS1022.2,CS1022.2,0,11,0,0,0,0,0,0,0,59cdf9c6f8ea
CS,1022,3,CS1022.3,CS1022.3,0,145,0,0,0,0,0,0,0,b3774efd9788
CS,1022,4,CS1022.4,CS1022.4,0,12,0,0,0,0,0,0,0,0a9e1da14a92
CS,1022,5,CS1022.5,CS1022.5,0,18,0,0,0,0,0,0,0,2335989923e8
CS,1023,0,CS1023.0,CS1023.0,1,1,0,0,0,0,0,0,0,0ea3545b41a1
CS,1023,1,CS1023.1,CS1023.1,0,17,0,0,0,0,0,0,0,0d86ff78fe7a
CS,1023,2,CS1023.2,CS1023.2,0,26,0,0,0,1,0,0,0,6b835be0a02b
CS,1023,3,CS1023.3,CS1023.3,0,18,0,0,0,0,0,0,0,d45595fed822
CS,1023,4,CS1023.4,CS1023.4,0,15,0,0,0,0,0,0,0,9d6eb1f3fa7b
CS,1023,5,CS1023.5,CS1023.5,0,7,0,0,0,0,0,0,0,5ffbbd3e4533
CS,1023,6,CS1023.6,CS1023.6,0,6,0,0,1,0,0,0,0,d80ccc1b28c2
CS,1023,7,CS1023.7,CS1023.7,0,23,0,0,0,0,0,0,0,03a20479d5f2
CS,1023,8,CS1023.8,CS1023.8,0,14,0,0,0,0,0,0,0,8432a6fd9a89
CS,1024,0,CS1024.0,CS1024.0,1,1,0,0,0,0,0,0,0,0ea3545b41a1
CS,1024,1,CS1024.1,CS1024.1,0,38,0,0,0,0,1,0,0,9248d9d68b50
CS,1024,2,CS1024.2,CS1024.2,0,16,0,0,0,0,0,0,0,21b57198c51d
CS,1024,3,CS1024.3,CS1024.3,0,25,0,0,0,0,0,0,0,f6b289cd08ee
CS,1024,4,CS1024.4,CS1024.4,0,31,0,0,0,0,0,0,0,d9084d70aa89
CS,1024,5,CS1024.5,CS1024.5,0,7,0,0,0,0,0,0,0,8093ee7ecd98
CS,1025,0,CS1025.0,CS1025.0,1,1,0,0,0,0,0,0,0,0ea3545b41a1
CS,1025,1,CS1025.1,CS1025.1,0,12,0,0,0,0,0,0,0,2471db4a89de
CS,1025,2,CS1025.2,CS1025.2,0,10,0,0,0,0,1,0,0,7b6d2bb1e36f
CS,1025,3,CS1025.3,CS1025.3,0,14,0,0,0,0,1,0,0,68b49d3d515e
CS,1025,4,CS1025.4,CS1025.4,0,10,0,0,0,0,0,0,0,dc38f614e161
CS,1026,0,CS1026.0,CS1026.0,1,1,0,0,0,0,0,0,0,0ea3545b41a1
CS,1026,1,CS1026.1,CS1026.1,0,24,0,0,0,1,1,0,0,bd8f44ebd582
CS,1026,2,CS1026.2,CS1026.2,0,32,0,0,0,1,0,0,0,f09ffaa5d634
CS,1026,3,CS1026.3,CS1026.3,0,11,0,0,0,0,0,0,0,60098bc8a142
CS,1026,4,CS1026.4,CS1026.4,0,10,0,0,0,0,0,0,0,f835ea25a1fc
CS,1026,5,CS1026.5,CS1026.5,0,18,0,0,0,0,0,0,0,adf74c212ba1
CS,1026,6,CS1026.6,CS1026.6,0,33,0,0,0,1,0,0,0,8232433a4b12
CS,1027,0,CS1027.0,CS1027.0,1,1,0,0,0,0,0,0,0,0ea3545b41a1
CS,1027,1,CS1027.1,CS1027.1,0,90,0,0,0,0,1,0,0,1866ca854738
CS,1027,2,CS1027.2,CS1027.2,0,6,0,0,0,0,0,0,0,ec0a98ca44b7
CS,1027,3,CS1027.3,CS1027.3,0,7,0,0,0,0,0,0,0,9e6be749013a
CS,1027,4,CS1027.4,CS1027.4,0,6,0,0,0,0,0,0,0,51b369bbc3d6
CS,1027,5,CS1027.5,CS1027.5,0,54,0,0,0,1,0,0,0,0af82a733688
CS,1028,0,CS1028.0,CS1028.0,1,1,0,0,0,0,0,0,0,0ea3545b41a1
CS,1028,1,CS1028.1,CS1028.1,0,8,0,0,0,1,0,0,0,21b7ccf1c980
CS,1028,2,CS1028.2,CS1028.2,0,5,0,0,0,0,0,0,0,f2e49df11848
CS,1028,3,CS1028.3,CS1028.3,0,14,0,0,0,1,0,0,0,a006fcf88c65
CS,1028,4,CS1028.4,CS1028.4,0,7,0,0,0,0,0,0,0,d052d72259b9
CS,1028,5,CS1028.5,CS1028.5,0,17,0,0,0,0,0,0,0,bc07bcbed479
CS,1029,0,CS1029.0,CS1029.0,1,1,0,0,0,0,0,0,0,0ea3545b41a1
CS,1029,1,CS1029.1,CS1029.1,0,46,0,0,1,1,0,0,0,6c136d6a3bf6
CS,1029,2,CS1029.2,CS1029.2,0,36,0,0,0,0,0,0,0,3cbd857e5b30
CS,1029,3,CS1029.3,CS1029.3,0,16,0,0,0,0,0,0,0,12ecaf47d689
CS,1030,0,CS1030.0,CS1030.0,1,1,0,0,0,0,0,0,0,0ea3545b41a1
CS,1030,1,CS1030.1,CS1030.1,0,11,0,0,0,0,0,0,0,138a287e32b4
CS,1030,2,CS1030.2,CS1030.2,0,6,0,0,0,0,0,0,0,cd5c642622ab
CS,1030,3,CS1030.3,CS1030.3,0,20,0,0,0,0,0,0,0,6801cb748934
CS,1030,4,CS1030.4,CS1030.4,0,10,0,0,0,0,0,0,0,775890344457
CS,1030,5,CS1030.5,CS1030.5,0,8,0,0,0,1,0,0,0,72bcbe95c547
CS,1030,6,CS1030.6,CS1030.6,0,11,0,0,0,0,0,0,0,6e999f663a4b
CS,1030,7,CS1030.7,CS1030.7,0,18,0,0,0,1,0,0,0,ce96826a4d23
CS,1030,8,CS1030.8,CS1030.8,0,9,0,0,0,0,0,0,0,63ec271966f0
CS,1030,9,CS1030.9,CS1030.9,0,28,0,0,0,0,0,0,0,7f79ede65942
CS,1030,10,CS1030.10,CS1030.10,0,15,0,0,0,1,0,0,0,1ea846c15e1d
CS,1030,11,CS1030.11,CS1030.11,0,11,0,0,0,0,0,0,0,da71daefbac4
CS,1030,12,CS1030.12,CS1030.12,0,8,0,0,0,0,0,0,0,e364a955cd84
CS,1030,13,CS1030.13,CS1030.13,0,28,0,0,0,0,1,0,0,413ea3835276
CS,1030,14,CS1030.14,CS1030.14,0,17,0,0,0,0,0,0,0,d28d8505081a
CS,1031,0,CS1031.0,CS1031.0,1,1,0,0,0,0,0,0,0,0ea3545b41a1
CS,1031,1,CS1031.1,CS1031.1,0,6,0,0,0,0,0,0,0,f053814bd0bd
CS,1031,2,CS1031.2,CS1031.2,0,28,0,0,0,0,0,0,0,e585c27131a6
CS,1031,3,CS1031.3,CS1031.3,0,11,0,0,0,0,0,0,0,5f1080899a7d
CS,1031,4,CS1031.4,CS1031.4,0,17,0,0,0,0,0,0,0,23483fced0bb
CS,1031,5,CS1031.5,CS1031.5,0,11,0,0,0,0,0,0,0,209b11722a06
CS,1032,0,CS1032.0,CS1032.0,1,1,0,0,0,0,0,0,0,0ea3545b41a1
CS,1032,1,CS1032.1,CS1032.1,0,17,0,0,0,0,0,0,0,38c74a7fbec5
CS,1032,2,CS1032.2,CS1032.2,0,6,0,0,0,1,0,0,0,0a8dc9d6e45d
CS,1032,3,CS1032.3,CS1032.3,0,5,0,0,0,0,0,0,0,65860c99156b
CS,1032,4,CS1032.4,CS1032.4,0,9,0,0,0,0,0,0,0,1b6a719d6aa4
CS,1033,0,CS1033.0,CS1033.0,1,1,0,0,0,0,0,0,0,0ea3545b41a1
CS,1033,1,CS1033.1,CS1033.1,0,16,0,0,0,0,0,0,0,8619a3baa408
CS,1033,2,CS1033.2,CS1033.2,0,6,0,1,0,0,0,0,0,f17b075f57ba
CS,1033,3,CS1033.3,CS1033.3,0,13,0,0,0,0,0,0,0,840660c62d30
CS,1033,4,CS1033.4,CS1033.4,0,20,0,0,0,0,0,0,0,e99427bb72bc
CS,1033,5,CS1033.5,CS1033.5,0,7,0,0,0,0,0,0,0,c7133d113c36
CS,1034,0,CS1034.0,CS1034.0,1,1,0,0,0,0,0,0,0,0ea3545b41a1
CS,1034,1,CS1034.1,CS1034.1,0,14,0,1,0,0,0,0,0,f016314da81a
CS,1034,2,CS1034.2,CS1034.2,0,14,0,0,1,0,0,0,0,3eff9f457b53
CS,1034,3,CS1034.3,CS1034.3,0,30,0,0,0,0,1,0,0,36ea002924b9
CS,1034,4,CS1034.4,CS1034.4,0,25,0,0,0,0,0,0,0,f4e3658aac7b
CS,1034,5,CS1034.5,CS1034.5,0,8,0,0,0,0,0,0,0,f0e94aa608ed
CS,1034,6,CS1034.6,CS1034.6,0,13,0,0,0,0,0,0,0,41425d274448
CS,1035,0,CS1035.0,CS1035.0,1,1,0,0,0,0,0,0,0,0ea3545b41a1
CS,1035,1,CS1035.1,CS1035.1,0,8,0,0,0,0,0,0,0,e816059fd119
CS,1035,2,CS1035.2,CS1035.2,0,27,0,0,0,0,0,0,0,7e18521059d2
CS,1036,0,CS1036.0,CS1036.0,1,1,0,0,0,0,0,0,0,0ea3545b41a1
CS,1036,1,CS1036.1,CS1036.1,0,19,0,0,0,0,1,0,0,c6e2f3b4829e
CS,1036,2,CS1036.2,CS1036.2,0,19,0,0,0,0,0,0,0,b8f1e1129c05
CS,1036,3,CS1036.3,CS1036.3,0,15,0,0,0,0,0,0,0,0961da9d32ec
CS,1036,4,CS1036.4,CS1036.4,0,10,0,0,0,0,0,0,0,782dacd123f3
CS,1036,5,CS1036.5,CS1036.5,0,10,0,0,0,0,0,0,0,89587aa2dd48
CS,1037,0,CS1037.0,CS1037.0,1,1,0,0,0,0,0,0,0,0ea3545b41a1
CS,1037,1,CS1037.1,CS1037.1,0,15,0,0,0,1,0,0,0,7429b667a42c
CS,1037,2,CS1037.2,CS1037.2,0,14,0,0,0,0,0,0,0,c714be46c085
CS,1037,3,CS1037.3,CS1037.3,0,8,0,0,0,0,0,0,0,0d46788d2e4e
CS,1037,4,CS1037.4,CS1037.4,0,10,0,0,0,0,0,0,0,480483b4257a
CS,1038,0,CS1038.0,CS1038.0,1,1,0,0,0,0,0,0,0,0ea3545b41a1
CS,1038,1,CS1038.1,CS1038.1,0,5,0,0,0,0,0,0,0,b557c8d9274b
CS,1038,2,CS1038.2,CS1038.2,0,24,0,0,0,0,0,0,0,abc5e925f6ee
CS,1038,3,CS1038.3,CS1038.3,0,21,0,0,1,0,0,0,0,c6dd5b3e2516
CS,1039,0,CS1039.0,CS1039.0,1,1,0,0,0,0,0,0,0,0ea3545b41a1
CS,1039,1,CS1039.1,CS1039.1,0,11,0,0,1,0,0,0,0,7a39df8f8728
CS,1039,2,CS1039.2,CS1039.2,0,17,0,0,0,0,0,0,0,c9040901e22b
CS,1039,3,CS1039.3,CS1039.3,0,9,0,0,0,0,0,0,0,d4ce607dc8c6
CS,1039,4,CS1039.4,CS1039.4,0,11,0,0,0,0,1,0,0,d5f0d8c2f0fe
CS,1040,0,CS1040.0,CS1040.0,1,1,0,0,0,0,0,0,0,0ea3545b41a1
CS,1040,1,CS1040.1,CS1040.1,0,10,0,0,0,0,0,0,0,41c9715ac4f5
CS,1040,2,CS1040.2,CS1040.2,0,9,0,0,0,0,0,0,0,ed75596e297b
CS,1040,3,CS1040.3,CS1040.3,0,17,0,1,0,0,0,0,0,82b66e730858
CS,1041,0,CS1041.0,CS1041.0,1,1,0,0,0,0,0,0,0,0ea3545b41a1
CS,1041,1,CS1041.1,CS1041.1,0,44,0,0,0,0,0,0,0,dcc7a0438488
CS,1042,0,CS1042.0,CS1042.0,1,1,0,0,0,0,0,0,0,0ea3545b41a1
CS,1042,1,CS1042.1,CS1042.1,0,7,0,0,0,1,0,0,0,98e7d4aaebb9
CS,1042,2,CS1042.2,CS1042.2,0,12,0,0,0,0,0,0,0,44f9a866a108
CS,1042,3,CS1042.3,CS1042.3,0,42,0,0,0,0,1,0,0,dffefa8174ab
CS,1043,0,CS1043.0,CS1043.0,1,1,0,0,0,0,0,0,0,0ea3545b41a1
CS,1043,1,CS1043.1,CS1043.1,0,6,0,0,0,0,0,0,0,f5da60bb8bd5
CS,1043,2,CS1043.2,CS1043.2,0,16,0,0,0,0,1,0,0,92c5e135923f
CS,1043,3,CS1043.3,CS1043.3,0,63,0,0,0,1,0,0,0,31d74cc9a2fc
CS,1044,0,CS1044.0,CS1044.0,1,1,0,0,0,0,0,0,0,0ea3545b41a1
CS,1044,1,CS1044.1,CS1044.1,0,6,0,0,0,0,0,0,0,9f0eb68e980b
CS,1044,2,CS1044.2,CS1044.2,0,31,0,0,0,0,0,0,0,1b476ca418c5
CS,1045,0,CS1045.0,CS1045.0,1,1,0,0,0,0,0,0,0,0ea3545b41a1
CS,1045,1,CS1045.1,CS1045.1,0,8,0,0,0,0,0,0,0,87c354c2d500
CS,1045,2,CS1045.2,CS1045.2,0,19,0,0,0,0,0,0,0,ca4efb4c40a7
CS,1045,3,CS1045.3,CS1045.3,0,24,0,0,0,0,0,0,0,21494357ea37
CS,1046,0,CS1046.0,CS1046.0,1,1,0,0,0,0,0,0,0,0ea3545b41a1
CS,1046,1,CS1046.1,CS1046.1,0,20,0,0,0,0,0,0,0,bfdf3bd50fcb
CS,1046,2,CS1046.2,CS1046.2,0,13,0,0,0,0,0,0,0,5c37073e4ea5
CS,1046,3,CS1046.3,CS1046.3,0,6,0,0,0,0,0,0,0,9f6bfddd1677
CS,1046,4,CS1046.4,CS1046.4,0,4,0,0,0,0,0,0,0,f182fba09477
CS,1047,0,CS1047.0,CS1047.0,1,1,0,0,0,0,0,0,0,0ea3545b41a1
CS,1047,1,CS1047.1,CS1047.1,0,13,0,0,0,0,0,0,0,58a311d85d76
CS,1047,2,CS1047.2,CS1047.2,0,69,0,0,0,0,1,0,0,319759935c15
CS,1047,3,CS1047.3,CS1047.3,0,11,0,0,0,0,0,0,0,7aa04967e12d
CS,1047,4,CS1047.4,CS1047.4,0,7,0,0,0,0,0,0,0,2fc975e8ba2e
CS,1047,5,CS1047.5,CS1047.5,0,7,0,0,0,0,0,0,0,f126c13938aa
CS,1047,6,CS1047.6,CS1047.6,0,10,0,0,0,1,0,0,0,16ba44973c03
CS,1047,7,CS1047.7,CS1047.7,0,8,0,0,0,0,0,0,0,8876b515fc49
CS,1048,0,CS1048.0,CS1048.0,1,1,0,0,0,0,0,0,0,0ea3545b41a1
CS,1048,1,CS1048.1,CS1048.1,0,5,0,0,0,0,0,0,0,4e5c00cb9fea
CS,1048,2,CS1048.2,CS1048.2,0,36,0,0,0,1,1,0,0,277f7d72ee78
CS,1048,3,CS1048.3,CS1048.3,0,8,0,0,0,0,0,0,0,29cf6a44f4e4
CS,1048,4,CS1048.4,CS1048.4,0,7,0,0,0,0,1,0,0,cba64c9c2610
CS,1048,5,CS1048.5,CS1048.5,0,8,0,0,0,0,0,0,0,6202b6e98ad7
CS,1048,6,CS1048.6,CS1048.6,0,10,0,0,0,0,0,0,0,a42228cabe52
CS,1048,7,CS1048.7,CS1048.7,0,31,0,0,0,1,0,0,0,b4623d785d47
CS,1048,8,CS1048.8,CS1048.8,0,13,0,0,0,0,0,0,0,908724a1cc92
CS,1049,0,CS1049.0,CS1049.0,1,1,0,0,0,0,0,0,0,0ea3545b41a1
CS,1049,1,CS1049.1,CS1049.1,0,5,0,0,0,0,0,0,0,f990c01096af
CS,1049,2,CS1049.2,CS1049.2,0,18,0,0,0,0,0,0,0,a2e8cad496c6
CS,1049,3,CS1049.3,CS1049.3,0,21,0,0,0,0,1,0,0,824f364661bf
CS,1049,4,CS1049.4,CS1049.4,0,16,0,0,0,0,0,0,0,e6ce356507d9
CS,1050,0,CS1050.0,CS1050.0,1,1,0,0,0,0,0,0,0,0ea3545b41a1
CS,1050,1,CS1050.1,CS1050.1,0,23,0,0,0,0,0,0,0,d73363004284
CS,1050,2,CS1050.2,CS1050.2,0,18,0,0,0,0,0,0,0,ae8961c7eaee
CS,1050,3,CS1050.3,CS1050.3,0,11,0,0,0,0,0,0,0,74648305063e
CS,1050,4,CS1050.4,CS1050.4,0,9,0,0,0,0,0,0,0,8a47d8d1e199
CS,1051,0,CS1051.0,CS1051.0,1,1,0,0,0,0,0,0,0,0ea3545b41a1
CS,1051,1,CS1051.1,CS1051.1,0,12,0,0,0,0,0,0,0,8f25f61d408d
CS,1051,2,CS1051.2,CS1051.2,0,28,0,0,0,0,0,0,0,241d72613139
CS,1051,3,CS1051.3,CS1051.3,0,22,0,0,0,0,0,0,0,de1a5a0209b2
CS,1051,4,CS1051.4,CS1051.4,0,12,0,0,0,0,0,0,0,d4f2eb7b5d87
CS,1051,5,CS1051.5,CS1051.5,0,12,0,0,0,0,0,0,0,2fc25046f9cb
CS,1052,0,CS1052.0,CS1052.0,1,1,0,0,0,0,0,0,0,0ea3545b41a1
CS,1052,1,CS1052.1,CS1052.1,0,68,0,0,0,1,0,0,0,c4335b29b7f2
CS,1052,2,CS1052.2,CS1052.2,0,15,0,0,0,0,0,0,0,2474bf797d05
CS,1052,3,CS1052.3,CS1052.3,0,25,0,0,0,1,0,0,0,645b86310345
CS,1052,4,CS1052.4,CS1052.4,0,17,0,0,0,0,0,0,0,25735d223b11
CS,1052,5,CS1052.5,CS1052.5,0,5,0,0,0,0,0,0,0,6a2df720dd9b
CS,1053,0,CS1053.0,CS1053.0,1,1,0,0,0,0,0,0,0,0ea3545b41a1
CS,1053,1,CS1053.1,CS1053.1,0,18,0,0,0,0,0,0,0,69cec965ad25
CS,1053,2,CS1053.2,CS1053.2,0,27,0,0,0,1,0,0,0,e8f92b31b059
CS,1053,3,CS1053.3,CS1053.3,0,12,0,0,0,0,0,0,0,cce55a97d654
CS,1054,0,CS1054.0,CS1054.0,1,1,0,0,0,0,0,0,0,0ea3545b41a1
CS,1054,1,CS1054.1,CS1054.1,0,118,0,0,0,0,0,0,0,ec9549775174
CS,1054,2,CS1054.2,CS1054.2,0,20,0,0,0,0,0,0,0,eae2d5a783ce
CS,1054,3,CS1054.3,CS1054.3,0,8,0,0,0,0,0,0,0,31945dad4535
CS,1054,4,CS1054.4,CS1054.4,0,38,0,0,0,0,1,0,0,a780615cda95
CS,1054,5,CS1054.5,CS1054.5,0,7,0,0,0,0,0,0,0,5e3d763c3a2e
CS,1055,0,CS1055.0,CS1055.0,1,1,0,0,0,0,0,0,0,0ea3545b41a1
CS,1055,1,CS1055.1,CS1055.1,0,23,0,0,0,1,0,0,0,d7c1cfebac53
CS,1055,2,CS1055.2,CS1055.2,0,16,0,1,0,0,0,0,0,68ccfdac2e60
CS,1055,3,CS1055.3,CS1055.3,0,6,0,0,0,0,0,0,0,2001c3be11c0
CS,1056,0,CS1056.0,CS1056.0,1,1,0,0,0,0,0,0,0,0ea3545b41a1
CS,1056,1,CS1056.1,CS1056.1,0,18,0,0,0,0,0,0,0,c320e90430a5
CS,1056,2,CS1056.2,CS1056.2,0,9,0,0,0,0,0,0,0,74455aa9b945
CS,1057,0,CS1057.0,CS1057.0,1,1,0,0,0,0,0,0,0,0ea3545b41a1
CS,1057,1,CS1057.1,CS1057.1,0,7,0,0,0,0,1,0,0,bb6646e0fa90
CS,1057,2,CS1057.2,CS1057.2,0,9,0,0,0,0,0,0,0,aca0ea132a42
CS,1057,3,CS1057.3,CS1057.3,0,23,0,0,0,0,0,0,0,9d34d278829f
CS,1058,0,CS1058.0,CS1058.0,1,1,0,0,0,0,0,0,0,0ea3545b41a1
CS,1058,1,CS1058.1,CS1058.1,0,13,0,1,0,0,0,0,0,3d3dcc5ec1c2
CS,1058,2,CS1058.2,CS1058.2,0,13,0,0,0,0,0,0,0,c6a6d4ff1683
CS,1058,3,CS1058.3,CS1058.3,0,38,0,0,0,0,0,0,0,cdb256e28b33
CS,1058,4,CS1058.4,CS1058.4,0,16,0,1,0,0,0,0,0,ea37caca8f1c
CS,1058,5,CS1058.5,CS1058.5,0,41,0,0,0,1,0,0,0,a840f1f58717
CS,1059,0,CS1059.0,CS1059.0,1,1,0,0,0,0,0,0,0,0ea3545b41a1
CS,1059,1,CS1059.1,CS1059.1,0,10,0,0,0,0,0,0,0,0ae953f7c5a4
CS,1059,2,CS1059.2,CS1059.2,0,14,0,0,0,0,0,0,0,428c42936bea
CS,1059,3,CS1059.3,CS1059.3,0,8,0,0,0,0,0,0,0,820e1d990e1e
CS,1059,4,CS1059.4,CS1059.4,0,21,0,0,0,0,0,0,0,b0ff763d2211
CS,1060,0,CS1060.0,CS1060.0,1,1,0,0,0,0,0,0,0,0ea3545b41a1
CS,1060,1,CS1060.1,CS1060.1,0,16,0,0,0,1,0,0,0,0214c31489d1
CS,1060,2,CS1060.2,CS1060.2,0,8,0,0,0,0,0,0,0,ce677dae8d88
CS,1060,3,CS1060.3,CS1060.3,0,20,0,0,0,0,0,0,0,22fd39026e48
CS,1060,4,CS1060.4,CS1060.4,0,46,0,0,0,0,0,0,0,f57905095a17
CS,1061,0,CS1061.0,CS1061.0,1,1,0,0,0,0,0,0,0,0ea3545b41a1
CS,1061,1,CS1061.1,CS1061.1,0,19,0,0,0,0,1,0,0,87e1953ee3c9
CS,1061,2,CS1061.2,CS1061.2,0,7,0,0,0,1,0,0,0,ad8dd487cf3f
CS,1061,3,CS1061.3,CS1061.3,0,47,0,0,0,0,1,0,0,62e7c8f66966
CS,1061,4,CS1061.4,CS1061.4,0,8,0,0,0,0,0,0,0,3a70b36077f2
CS,1062,0,CS1062.0,CS1062.0,1,1,0,0,0,0,0,0,0,0ea3545b41a1
CS,1062,1,CS1062.1,CS1062.1,0,8,0,0,0,0,0,0,0,dc9b4d647ea9
CS,1062,2,CS1062.2,CS1062.2,0,17,0,0,0,0,0,0,0,056652bdcc4c
CS,1063,0,CS1063.0,CS1063.0,1,0,0,0,0,0,0,0,0,da39a3ee5e6b
CS,1064,0,CS1064.0,CS1064.0,1,1,0,0,0,0,0,0,0,0ea3545b41a1
CS,1064,1,CS1064.1,CS1064.1,0,16,0,0,0,0,0,0,0,02752203b8ad
CS,1064,2,CS1064.2,CS1064.2,0,22,0,0,0,0,0,0,0,98447b0ec4b1
CS,1065,0,CS1065.0,CS1065.0,1,1,0,0,0,0,0,0,0,0ea3545b41a1
CS,1065,1,CS1065.1,CS1065.1,0,66,0,0,0,0,0,0,0,1f357930306b
CS,1065,2,CS1065.2,CS1065.2,0,17,0,0,0,0,0,0,0,5079016810ba
CS,1065,3,CS1065.3,CS1065.3,0,8,0,0,0,0,0,0,0,b1fb3e60a58c
CS,1065,4,CS1065.4,CS1065.4,0,8,0,0,0,0,0,0,0,aa2fe60609d9
CS,1066,0,CS1066.0,CS1066.0,1,1,0,0,0,0,0,0,0,0ea3545b41a1
CS,1066,1,CS1066.1,CS1066.1,0,22,0,0,0,0,0,0,0,4eacbebf7ee2
CS,1066,2,CS1066.2,CS1066.2,0,8,0,0,0,0,0,0,0,58393107f141
CS,1066,3,CS1066.3,CS1066.3,0,38,0,0,0,0,0,0,0,0d16082e470d
CS,1067,0,CS1067.0,CS1067.0,1,1,0,0,0,0,0,0,0,0ea3545b41a1
CS,1067,1,CS1067.1,CS1067.1,0,15,0,0,0,0,0,0,0,f5dc79692d60
CS,1067,2,CS1067.2,CS1067.2,0,7,0,0,0,0,0,0,0,12e7efd19251
CS,1067,3,CS1067.3,CS1067.3,0,11,0,0,0,0,0,0,0,3f15160416bb
CS,1067,4,CS1067.4,CS1067.4,0,124,0,0,0,0,1,0,0,ce93892dcc36
CS,1068,0,CS1068.0,CS1068.0,1,1,0,0,0,0,0,0,0,0ea3545b41a1
CS,1068,1,CS1068.1,CS1068.1,0,17,0,0,0,0,0,0,0,c819ee17e45a
CS,1068,2,CS1068.2,CS1068.2,0,15,0,0,0,0,0,0,0,1fc708e31a7c
CS,1069,0,CS1069.0,CS1069.0,1,3,0,0,0,0,0,0,0,861073d534e7
CS,1069,1,CS1069.1,CS1069.1,0,38,0,0,0,1,1,0,0,e719ad3978fd
CS,1069,2,CS1069.2,CS1069.2,0,13,0,0,0,0,0,0,0,8a7886cc05ea
CS,1070,0,CS1070.0,CS1070.0,1,1,0,0,0,0,0,0,0,0ea3545b41a1
CS,1070,1,CS1070.1,CS1070.1,0,11,0,0,0,0,0,0,0,b6a213881188
CS,1070,2,CS1070.2,CS1070.2,0,12,0,0,0,0,0,0,0,c7c9d20ee287
CS,1070,3,CS1070.3,CS1070.3,0,10,0,0,0,0,0,0,0,092104a565ec
CS,1071,0,CS1071.0,CS1071.0,1,1,0,0,0,0,0,0,0,0ea3545b41a1
CS,1071,1,CS1071.1,CS1071.1,0,8,0,0,0,0,0,0,0,97f0b917a3d5
CS,1071,2,CS1071.2,CS1071.2,0,7,0,0,0,0,0,0,0,9f2d7f71e962
CS,1072,0,CS1072.0,CS1072.0,1,1,0,0,0,0,0,0,0,0ea3545b41a1
CS,1072,1,CS1072.1,CS1072.1,0,33,0,0,0,0,1,0,0,95cb9e7517ec
CS,1072,2,CS1072.2,CS1072.2,0,26,0,0,0,1,0,0,0,c4b5dde38df6
CS,1073,0,CS1073.0,CS1073.0,1,3,0,0,0,0,0,0,0,861073d534e7
CS,1073,1,CS1073.1,CS1073.1,0,65,0,0,0,1,0,0,0,f047815fce60
CS,1074,0,CS1074.0,CS1074.0,1,3,0,0,0,0,0,0,0,861073d534e7
CS,1074,1,CS1074.1,CS1074.1,0,6,0,0,0,0,0,0,0,c88280829f7d
CS,1074,2,CS1074.2,CS1074.2,0,15,0,0,0,0,0,0,0,2c70f3145b9c
CS,1075,0,CS1075.0,CS1075.0,1,3,0,0,0,0,0,0,0,861073d534e7
CS,1075,1,CS1075.1,CS1075.1,0,7,0,0,0,0,0,0,0,1ce38ec44623
CS,1075,2,CS1075.2,CS1075.2,0,9,0,0,0,0,0,0,0,b19697e5e351
CS,1075,3,CS1075.3,CS1075.3,0,6,0,0,0,0,0,0,0,787dcca2360f
CS,1076,0,CS1076.0,CS1076.0,1,3,0,0,0,0,0,0,0,861073d534e7
CS,1076,1,CS1076.1,CS1076.1,0,35,0,0,0,0,0,0,0,609e262f3366
CS,1076,2,CS1076.2,CS1076.2,0,6,0,0,0,0,0,0,0,ac6a9ed5c3ca
CS,1077,0,CS1077.0,CS1077.0,1,3,0,0,0,0,0,0,0,861073d534e7
CS,1077,1,CS1077.1,CS1077.1,0,9,0,0,0,0,0,0,0,09aa118f1e9e
CS,1077,2,CS1077.2,CS1077.2,0,15,0,0,0,0,0,0,0,26f3d4a8860f
CS,1078,0,CS1078.0,CS1078.0,1,3,0,0,0,0,0,0,0,861073d534e7
CS,1078,1,CS1078.1,CS1078.1,0,25,0,0,0,0,0,0,0,b296f9b6e29e
CS,1078,2,CS1078.2,CS1078.2,0,6,0,0,0,0,1,0,0,b5bd174d80ba
CS,1079,0,CS1079.0,CS1079.0,1,1,0,0,0,0,0,0,0,0ea3545b41a1
CS,1079,1,CS1079.1,CS1079.1,0,8,0,0,0,0,0,0,0,dc022e229700
CS,1079,2,CS1079.2,CS1079.2,0,7,0,0,0,0,0,0,0,ceec70c3fd10
CS,1079,3,CS1079.3,CS1079.3,0,13,0,0,0,0,0,0,0,08800ef906eb
CS,1079,4,CS1079.4,CS1079.4,0,9,0,0,0,0,0,0,0,407a606a5b14
CS,1079,5,CS1079.5,CS1079.5,0,37,0,0,0,1,0,0,0,8250c23211ef
CS,1080,0,CS1080.0,CS1080.0,1,0,0,0,0,0,0,0,0,da39a3ee5e6b
CS,1081,0,CS1081.0,CS1081.0,1,3,0,0,0,0,0,0,0,861073d534e7
CS,1081,1,CS1081.1,CS1081.1,0,20,0,0,0,0,0,0,0,68cdf2c82ae6
CS,1081,2,CS1081.2,CS1081.2,0,5,0,0,0,0,0,0,0,c3602d2be5df
CS,1082,0,CS1082.0,CS1082.0,1,3,0,0,0,0,0,0,0,861073d534e7
CS,1082,1,CS1082.1,CS1082.1,0,35,0,0,0,0,0,0,0,b7ea278dafab
CS,1082,2,CS1082.2,CS1082.2,0,9,0,0,0,0,0,0,0,a5adc532c366
CS,1083,0,CS1083.0,CS1083.0,1,3,0,0,0,0,0,0,0,861073d534e7
CS,1083,1,CS1083.1,CS1083.1,0,9,0,0,0,0,0,0,0,75568be3574c
CS,1083,2,CS1083.2,CS1083.2,0,11,0,0,0,0,1,0,0,4b84e1c623cf
CS,1084,0,CS1084.0,CS1084.0,1,3,0,0,0,0,0,0,0,861073d534e7
CS,1084,1,CS1084.1,CS1084.1,0,47,0,0,0,0,1,0,0,9d4eaeb2494a
CS,1085,0,CS1085.0,CS1085.0,1,3,0,0,0,0,0,0,0,861073d534e7
CS,1085,1,CS1085.1,CS1085.1,0,8,0,0,0,0,0,0,0,2316233c1d00
CS,1085,2,CS1085.2,CS1085.2,0,13,0,0,0,0,0,0,0,25c2589d9d3d
CS,1086,0,CS1086.0,CS1086.0,1,3,0,0,0,0,0,0,0,861073d534e7
CS,1086,1,CS1086.1,CS1086.1,0,16,0,0,0,0,0,0,0,8b20f61e626a
CS,1086,2,CS1086.2,CS1086.2,0,19,0,0,0,0,0,0,0,951df02d007b
CS,1086,3,CS1086.3,CS1086.3,0,33,0,0,0,0,1,0,0,96e61e0ad235
CS,1086,4,CS1086.4,CS1086.4,0,33,0,0,0,0,0,0,0,525b642aad57
CS,1086,5,CS1086.5,CS1086.5,0,10,0,0,0,0,0,0,0,e80a1872faca
CS,1087,0,CS1087.0,CS1087.0,1,1,0,0,0,0,0,0,0,0ea3545b41a1
CS,1087,1,CS1087.1,CS1087.1,0,19,0,0,0,1,0,0,0,c3914812c172
CS,1087,2,CS1087.2,CS1087.2,0,7,0,0,0,0,0,0,0,875868542f5b
CS,1087,3,CS1087.3,CS1087.3,0,87,0,0,0,0,0,0,0,127ffb438cbd
CS,1087,4,CS1087.4,CS1087.4,0,23,0,0,0,0,1,0,0,59c82ed977a3
CS,1088,0,CS1088.0,CS1088.0,1,1,0,0,0,0,0,0,0,0ea3545b41a1
CS,1088,1,CS1088.1,CS1088.1,0,218,0,0,0,0,1,0,0,c0937c4bb148
CS,1088,2,CS1088.2,CS1088.2,0,18,0,0,0,0,0,0,0,2c250b59b269
CS,1088,3,CS1088.3,CS1088.3,0,8,0,0,0,0,0,0,0,d9c611bb828e
CS,1088,4,CS1088.4,CS1088.4,0,12,0,0,0,0,0,0,0,0483683b3c19
CS,1088,5,CS1088.5,CS1088.5,0,6,0,0,0,0,0,0,0,6f54541a5e48
CS,1089,0,CS1089.0,CS1089.0,1,1,0,0,0,0,0,0,0,0ea3545b41a1
CS,1089,1,CS1089.1,CS1089.1,0,18,0,0,0,0,1,0,0,6fd51ac3f3ac
CS,1089,2,CS1089.2,CS1089.2,0,94,0,0,0,0,1,0,0,e7f514a8e6d3
CS,1089,3,CS1089.3,CS1089.3,0,8,0,0,0,0,0,0,0,2fc8a967c873
CS,1090,0,CS1090.0,CS1090.0,1,1,0,0,0,0,0,0,0,0ea3545b41a1
CS,1090,1,CS1090.1,CS1090.1,0,11,0,0,0,0,0,0,0,da55cfe03849
CS,1090,2,CS1090.2,CS1090.2,0,9,0,0,0,0,0,0,0,af44ba3c4288
CS,1090,3,CS1090.3,CS1090.3,0,8,0,0,0,0,0,0,0,adafa39d6674
CS,1091,0,CS1091.0,CS1091.0,1,1,0,0,0,0,0,0,0,0ea3545b41a1
CS,1091,1,CS1091.1,CS1091.1,0,7,0,0,0,0,0,0,0,f1883b6fa012
CS,1091,2,CS1091.2,CS1091.2,0,12,0,0,0,0,0,0,0,412974646b12
CS,1091,3,CS1091.3,CS1091.3,0,12,0,0,0,0,0,0,0,c53b6c6d6dd2
CS,1091,4,CS1091.4,CS1091.4,0,9,0,0,0,1,0,0,0,5190efea6249
CS,1092,0,CS1092.0,CS1092.0,1,1,0,0,0,0,0,0,0,0ea3545b41a1
CS,1092,1,CS1092.1,CS1092.1,0,31,0,0,0,0,0,0,0,e1ac0697bb1e
CS,1092,2,CS1092.2,CS1092.2,0,10,0,0,0,0,0,0,0,93074361a792
CS,1092,3,CS1092.3,CS1092.3,0,24,0,0,0,0,0,0,0,b9cd3c5e01b3
CS,1092,4,CS1092.4,CS1092.4,0,7,0,0,0,0,0,0,0,21c414b3ff20
CS,1092,5,CS1092.5,CS1092.5,0,11,0,0,0,0,1,0,0,ab6ebcdc3dcc
CS,1093,0,CS1093.0,CS1093.0,1,3,0,0,0,0,0,0,0,861073d534e7
CS,1093,1,CS1093.1,CS1093.1,0,27,0,1,0,0,0,0,0,61dcb2ea0606
CS,1093,2,CS1093.2,CS1093.2,0,23,0,0,0,0,1,0,0,7efd2bcae385
CS,1093,3,CS1093.3,CS1093.3,0,43,0,0,0,0,0,0,0,415be12f74dc
CS,1093,4,CS1093.4,CS1093.4,0,26,0,0,0,0,0,0,0,573e1c871145
CS,1093,5,CS1093.5,CS1093.5,0,28,0,0,0,1,0,0,0,829283d1164e
CS,1094,0,CS1094.0,CS1094.0,1,3,0,0,0,0,0,0,0,861073d534e7
CS,1094,1,CS1094.1,CS1094.1,0,21,0,0,0,1,0,0,0,f51b970a7b70
CS,1094,2,CS1094.2,CS1094.2,0,28,0,0,0,0,0,0,0,e6def3b9ebe2
CS,1094,3,CS1094.3,CS1094.3,0,14,0,1,0,0,0,0,0,3924637eb906
CS,1094,4,CS1094.4,CS1094.4,0,7,0,0,0,1,0,0,0,6d3ea5e84c51
CS,1094,5,CS1094.5,CS1094.5,0,19,0,0,0,0,0,0,0,9a836e36e419
CS,1094,6,CS1094.6,CS1094.6,0,7,0,0,0,0,0,0,0,ecb2dfcbc9e2
CS,1094,7,CS1094.7,CS1094.7,0,15,0,0,0,1,0,0,0,f24d6f947621
CS,1094,8,CS1094.8,CS1094.8,0,8,0,0,0,0,0,0,0,e71c08b9c4f9
CS,1095,0,CS1095.0,CS1095.0,1,3,0,0,0,0,0,0,0,861073d534e7
CS,1095,1,CS1095.1,CS1095.1,0,8,0,0,0,0,0,0,0,a1fa0a8c2d1e
CS,1095,2,CS1095.2,CS1095.2,0,18,0,0,0,0,1,0,0,c26754ba2cda
CS,1095,3,CS1095.3,CS1095.3,0,17,0,0,0,0,0,0,0,fac6cfd7a39d
CS,1095,4,CS1095.4,CS1095.4,0,19,0,0,0,0,0,0,0,7b1893c0fb7b
CS,1095,5,CS1095.5,CS1095.5,0,35,0,0,0,0,0,0,0,38ecb67a0a2d
CS,1096,0,CS1096.0,CS1096.0,1,3,0,0,0,0,0,0,0,861073d534e7
CS,1096,1,CS1096.1,CS1096.1,0,74,0,0,0,0,0,0,0,393b73452429
CS,1096,2,CS1096.2,CS1096.2,0,16,0,0,0,0,0,0,0,35b3ee7884ea
CS,1096,3,CS1096.3,CS1096.3,0,8,0,0,0,0,0,0,0,f4c914506dce
CS,1097,0,CS1097.0,CS1097.0,1,3,0,0,0,0,0,0,0,861073d534e7
CS,1097,1,CS1097.1,CS1097.1,0,15,0,0,0,0,0,0,0,a1a412c91057
CS,1097,2,CS1097.2,CS1097.2,0,20,0,0,0,0,0,0,0,3d8f3fa9bb6a
CS,1097,3,CS1097.3,CS1097.3,0,9,0,0,0,1,0,0,0,3a93b850d0b4
CS,1097,4,CS1097.4,CS1097.4,0,10,0,0,0,0,0,0,0,756b6f0311f2
CS,1097,5,CS1097.5,CS1097.5,0,5,0,0,0,0,0,0,0,ba65dd2f10cd
CS,1098,0,CS1098.0,CS1098.0,1,3,0,0,0,0,0,0,0,861073d534e7
CS,1098,1,CS1098.1,CS1098.1,0,5,0,0,0,0,0,0,0,4c1e62be39df
CS,1098,2,CS1098.2,CS1098.2,0,16,0,0,0,0,0,0,0,b2978d84ede3
CS,1098,3,CS1098.3,CS1098.3,0,14,0,0,0,1,0,0,0,192473c77e25
CS,1098,4,CS1098.4,CS1098.4,0,15,0,0,0,0,1,0,0,c2565524801f
CS,1098,5,CS1098.5,CS1098.5,0,5,0,0,0,0,0,0,0,8241e95be418
CS,1099,0,CS1099.0,CS1099.0,1,3,0,0,0,0,0,0,0,861073d534e7
CS,1099,1,CS1099.1,CS1099.1,0,21,0,0,0,0,0,0,0,e7160ec6509b
CS,1099,2,CS1099.2,CS1099.2,0,13,0,0,0,0,0,0,0,46caeede8563
CS,1100,0,CS1100.0,CS1100.0,1,3,0,0,0,0,0,0,0,861073d534e7
CS,1100,1,CS1100.1,CS1100.1,0,21,0,0,0,0,0,0,0,1925cbd8b86c
CS,1100,2,CS1100.2,CS1100.2,0,17,0,0,0,0,0,0,0,4a101cfd1243
CS,1100,3,CS1100.3,CS1100.3,0,9,0,0,0,0,0,0,0,d8e7a0fff997
CS,1100,4,CS1100.4,CS1100.4,0,19,0,0,0,0,0,0,0,5ce3a773ab63
CS,1101,0,CS1101.0,CS1101.0,1,3,0,0,0,0,0,0,0,861073d534e7
CS,1101,1,CS1101.1,CS1101.1,0,34,0,0,0,0,1,0,0,4592f96becaa
CS,1101,2,CS1101.2,CS1101.2,0,44,0,0,0,0,0,0,0,c112b8b9cb4c
CS,1101,3,CS1101.3,CS1101.3,0,5,0,0,0,0,0,0,0,2770e57d646e
CS,1101,4,CS1101.4,CS1101.4,0,36,0,0,0,0,0,0,0,52daf0d878b4
CS,1101,5,CS1101.5,CS1101.5,0,11,0,0,0,0,0,0,0,d4887b0d9cb6
CS,1101,6,CS1101.6,CS1101.6,0,15,0,0,0,0,0,0,0,15addb20bb83
CS,1102,0,CS1102.0,CS1102.0,1,5,0,0,0,0,0,0,0,f4904fa492a4
CS,1102,1,CS1102.1,CS1102.1,0,16,0,0,0,0,0,0,0,933912f81c3f
CS,1102,2,CS1102.2,CS1102.2,0,18,0,0,0,1,0,0,0,032f44a72892
CS,1102,3,CS1102.3,CS1102.3,0,14,0,0,0,0,0,0,0,b8c90bf9a560
CS,1103,0,CS1103.0,CS1103.0,1,3,0,0,0,0,0,0,0,861073d534e7
CS,1103,1,CS1103.1,CS1103.1,0,18,0,0,0,0,0,0,0,715e160221db
CS,1103,2,CS1103.2,CS1103.2,0,207,0,0,0,1,1,0,0,d5476ea42580
CS,1103,3,CS1103.3,CS1103.3,0,21,0,0,0,0,0,0,0,6c4affc6e7f7
CS,1103,4,CS1103.4,CS1103.4,0,32,0,0,0,0,0,0,0,29d423f75119
CS,1103,5,CS1103.5,CS1103.5,0,35,0,0,0,0,0,0,0,8b7c8fd6e0fe
CS,1104,0,CS1104.0,CS1104.0,1,1,0,0,0,0,0,0,0,0ea3545b41a1
CS,1104,1,CS1104.1,CS1104.1,0,10,0,0,0,0,0,0,0,60323a517853
CS,1104,2,CS1104.2,CS1104.2,0,13,0,0,0,0,0,0,0,b01547784fcc
CS,1104,3,CS1104.3,CS1104.3,0,12,0,0,0,0,0,0,0,3c9765f41162
CS,1105,0,CS1105.0,CS1105.0,1,1,0,0,0,0,0,0,0,0ea3545b41a1
CS,1105,1,CS1105.1,CS1105.1,0,23,0,0,0,1,0,0,0,ebc9bf2d3b47
CS,1105,2,CS1105.2,CS1105.2,0,8,0,0,0,0,0,0,0,50b9b8aaa96d
CS,1105,3,CS1105.3,CS1105.3,0,8,0,0,0,0,0,0,0,873ab80d80e8
CS,1106,0,CS1106.0,CS1106.0,1,1,0,0,0,0,0,0,0,0ea3545b41a1
CS,1106,1,CS1106.1,CS1106.1,0,18,0,0,0,1,0,0,0,5f9b24894d96
CS,1106,2,CS1106.2,CS1106.2,0,20,0,0,0,0,0,0,0,430ec58116a6
CS,1106,3,CS1106.3,CS1106.3,0,25,0,0,0,0,0,0,0,bb1ffe53a9b7
CS,1106,4,CS1106.4,CS1106.4,0,14,0,0,0,1,0,0,0,3f59d45c4095
CS,1107,0,CS1107.0,CS1107.0,1,1,0,0,0,0,0,0,0,0ea3545b41a1
CS,1107,1,CS1107.1,CS1107.1,0,9,0,0,0,0,0,0,0,12f508234fdc
CS,1107,2,CS1107.2,CS1107.2,0,20,0,0,0,0,0,0,0,1a9ec5735020
CS,1107,3,CS1107.3,CS1107.3,0,5,0,0,0,0,0,0,0,a028a92deb33
CS,1107,4,CS1107.4,CS1107.4,0,16,0,0,0,0,0,0,0,0f8857934123
CS,1108,0,CS1108.0,CS1108.0,1,3,0,0,0,0,0,0,0,861073d534e7
CS,1108,1,CS1108.1,CS1108.1,0,19,0,0,0,0,0,0,0,420d1811c68d
CS,1108,2,CS1108.2,CS1108.2,0,12,0,0,0,0,0,0,0,c743ce9a58be
CS,1108,3,CS1108.3,CS1108.3,0,38,0,0,0,1,0,0,0,f0d6b60fadec
CS,1109,0,CS1109.0,CS1109.0,1,1,0,0,0,0,0,0,0,0ea3545b41a1
CS,1109,1,CS1109.1,CS1109.1,0,26,0,0,0,0,0,0,0,8bc02347e6ba
CS,1110,0,CS1110.0,CS1110.0,1,1,0,0,0,0,0,0,0,0ea3545b41a1
CS,1110,1,CS1110.1,CS1110.1,0,24,0,0,0,0,0,0,0,035b9fa160d4
CS,1110,2,CS1110.2,CS1110.2,0,59,0,0,0,0,0,0,0,9fa659f873e3
CS,1111,0,CS1111.0,CS1111.0,1,3,0,0,0,0,0,0,0,66f6725ee764
CS,1111,1,CS1111.1,CS1111.1,0,18,0,0,0,0,0,0,0,af5a3932f7ae
CS,1111,2,CS1111.2,CS1111.2,0,20,0,0,0,0,0,0,0,6ad43d64e81b
CS,1111,3,CS1111.3,CS1111.3,0,8,0,0,0,0,0,0,0,1142f074cc02
CS,1111,4,CS1111.4,CS1111.4,0,16,0,0,0,0,0,0,0,bf08a74b7430
CS,1111,5,CS1111.5,CS1111.5,0,84,0,0,0,0,1,0,0,25dabeeea5fe
CS,1111,6,CS1111.6,CS1111.6,0,84,0,0,0,1,0,0,0,b86b2957848e
CS,1111,7,CS1111.7,CS1111.7,0,28,0,0,0,0,0,0,0,f73e540927c6
CS,1112,0,CS1112.0,CS1112.0,1,1,0,0,0,0,0,0,0,0ea3545b41a1
CS,1112,1,CS1112.1,CS1112.1,0,21,0,0,0,0,0,0,0,ba9758268277
CS,1113,0,CS1113.0,CS1113.0,1,1,0,0,0,0,0,0,0,0ea3545b41a1
CS,1113,1,CS1113.1,CS1113.1,0,12,0,0,0,0,0,0,0,3976d05ce7de
CS,1113,2,CS1113.2,CS1113.2,0,11,0,0,0,0,0,0,0,d4c0f707a5f0
CS,1113,3,CS1113.3,CS1113.3,0,3,0,0,0,0,0,0,0,9d59e3656128
CS,1113,4,CS1113.4,CS1113.4,0,14,0,0,0,0,0,0,0,4d2a3da7af42
CS,1113,5,CS1113.5,CS1113.5,0,8,0,0,0,0,0,0,0,a72c1d2dfc6c
CS,1113,6,CS1113.6,CS1113.6,0,35,0,0,0,0,1,0,0,b925090f0bbc
CS,1114,0,CS1114.0,CS1114.0,1,1,0,0,0,0,0,0,0,0ea3545b41a1
CS,1114,1,CS1114.1,CS1114.1,0,24,0,0,0,0,1,0,0,efcad586df9e
CS,1114,2,CS1114.2,CS1114.2,0,18,0,0,0,0,1,0,0,8a526ff6214c
CS,1114,3,CS1114.3,CS1114.3,0,102,0,0,0,1,1,0,0,2e37d9926ea6
CS,1114,4,CS1114.4,CS1114.4,0,12,0,0,0,0,1,0,0,48f98a9b631b
CS,1114,5,CS1114.5,CS1114.5,0,16,0,0,0,1,0,0,0,6b7aacbceaf1
CS,1114,6,CS1114.6,CS1114.6,0,18,0,0,0,0,0,0,0,78ea4e943cf0
CS,1115,0,CS1115.0,CS1115.0,1,1,0,0,0,0,0,0,0,0ea3545b41a1
CS,1115,1,CS1115.1,CS1115.1,0,29,0,0,0,0,0,0,0,336e2a651043
CS,1115,2,CS1115.2,CS1115.2,0,23,0,0,0,0,1,0,0,1b9e6d4f5a46
CS,1115,3,CS1115.3,CS1115.3,0,19,0,0,0,0,0,0,0,9b3f0e939e92
CS,1115,4,CS1115.4,CS1115.4,0,12,0,0,0,0,0,0,0,30689f5bdb95
CS,1115,5,CS1115.5,CS1115.5,0,64,0,0,0,0,0,0,0,5c0c54ab12f3
CS,1115,6,CS1115.6,CS1115.6,0,16,0,0,0,0,1,0,0,a1e302f9e7d6
CS,1115,7,CS1115.7,CS1115.7,0,23,0,0,0,1,0,0,0,36a4024ea854
CS,1115,8,CS1115.8,CS1115.8,0,19,0,0,0,0,0,0,0,b5eb746af779
CS,1115,9,CS1115.9,CS1115.9,0,31,0,0,0,0,0,0,0,391305e8c69c
CS,1116,0,CS1116.0,CS1116.0,1,1,0,0,0,0,0,0,0,0ea3545b41a1
CS,1116,1,CS1116.1,CS1116.1,0,22,0,0,0,0,0,0,0,a722f8b55a04
CS,1116,2,CS1116.2,CS1116.2,0,41,0,0,0,0,1,0,0,73d966401ca0
CS,1117,0,CS1117.0,CS1117.0,1,3,0,0,0,0,0,0,0,6752a6c5feae
CS,1117,1,CS1117.1,CS1117.1,0,17,0,0,0,0,1,0,0,44f7305f4873
CS,1117,2,CS1117.2,CS1117.2,0,54,0,0,0,0,1,0,0,745f2dbe6904
CS,1117,3,CS1117.3,CS1117.3,0,7,0,0,0,0,0,0,0,2d667577bb3d
CS,1117,4,CS1117.4,CS1117.4,0,24,0,0,0,1,0,0,0,7d3cce7cb800
CS,1117,5,CS1117.5,CS1117.5,0,13,0,0,0,0,0,0,0,214dde4dc5f0
CS,1118,0,CS1118.0,CS1118.0,1,1,0,0,0,0,0,0,0,0ea3545b41a1
CS,1118,1,CS1118.1,CS1118.1,0,8,0,0,0,0,0,0,0,29e4875d7e6e
CS,1118,2,CS1118.2,CS1118.2,0,28,0,0,0,0,1,0,0,67491bc20b28
CS,1118,3,CS1118.3,CS1118.3,0,29,0,0,0,0,1,0,0,ac321d5b3ff9
CS,1118,4,CS1118.4,CS1118.4,0,17,0,0,0,0,0,0,0,3f71f448e81a
CS,1118,5,CS1118.5,CS1118.5,0,15,0,0,0,0,0,0,0,915d1044c7fb
CS,1119,0,CS1119.0,CS1119.0,1,1,0,0,0,0,0,0,0,0ea3545b41a1
CS,1119,1,CS1119.1,CS1119.1,0,17,0,0,0,0,0,0,0,409e0cfcde1c
CS,1119,2,CS1119.2,CS1119.2,0,8,0,0,0,0,0,0,0,7b1b15830b5b
CS,1119,3,CS1119.3,CS1119.3,0,16,0,0,0,0,0,0,0,421a5294180f
CS,1120,0,CS1120.0,CS1120.0,1,1,0,0,0,0,0,0,0,0ea3545b41a1
CS,1120,1,CS1120.1,CS1120.1,0,10,0,0,0,1,0,0,0,47428fbf359a
CS,1120,2,CS1120.2,CS1120.2,0,30,0,0,0,0,0,0,0,22ac261463df
CS,1120,3,CS1120.3,CS1120.3,0,35,0,0,0,1,0,0,0,200e406610dc
CS,1121,0,CS1121.0,CS1121.0,1,1,0,0,0,0,0,0,0,0ea3545b41a1
CS,1121,1,CS1121.1,CS1121.1,0,14,0,0,0,0,0,0,0,9f753774074b
CS,1121,2,CS1121.2,CS1121.2,0,6,0,0,0,0,0,0,0,4696da04ee05
CS,1121,3,CS1121.3,CS1121.3,0,60,0,0,0,0,1,0,0,d3637d2bffe2
CS,1121,4,CS1121.4,CS1121.4,0,33,0,0,0,0,0,0,0,5f10076c0a0d
CS,1122,0,CS1122.0,CS1122.0,1,1,0,0,0,0,0,0,0,0ea3545b41a1
CS,1122,1,CS1122.1,CS1122.1,0,11,0,0,0,0,0,0,0,6514fd912ee1
CS,1122,2,CS1122.2,CS1122.2,0,17,0,0,0,0,0,0,0,8a5dddd908d7
CS,1122,3,CS1122.3,CS1122.3,0,12,0,0,0,0,0,0,0,f914c37ddb85
CS,1122,4,CS1122.4,CS1122.4,0,14,0,0,0,0,0,0,0,11e309ce9963
CS,1123,0,CS1123.0,CS1123.0,1,1,0,0,0,0,0,0,0,0ea3545b41a1
CS,1123,1,CS1123.1,CS1123.1,0,34,0,0,0,0,0,0,0,b1d6973f52d3
CS,1123,2,CS1123.2,CS1123.2,0,15,0,0,0,0,0,0,0,5292abbaccc1
CS,1123,3,CS1123.3,CS1123.3,0,10,0,0,0,0,0,0,0,83e70db7649f
CS,1123,4,CS1123.4,CS1123.4,0,57,0,0,0,0,1,0,0,7ca96079d245
CS,1124,0,CS1124.0,CS1124.0,1,1,0,0,0,0,0,0,0,0ea3545b41a1
CS,1124,1,CS1124.1,CS1124.1,0,16,0,0,0,0,0,0,0,1f07582f1c82
CS,1124,2,CS1124.2,CS1124.2,0,13,0,0,0,0,0,0,0,3889f2979fb6
CS,1124,3,CS1124.3,CS1124.3,0,18,0,0,0,0,0,0,0,340304d1c5bb
CS,1124,4,CS1124.4,CS1124.4,0,18,0,0,0,0,0,0,0,ee5931ecb5c4
CS,1124,5,CS1124.5,CS1124.5,0,76,0,0,0,0,0,0,0,1f23891c1834
CS,1124,6,CS1124.6,CS1124.6,0,12,0,0,0,0,0,0,0,2c8aef271d99
CS,1124,7,CS1124.7,CS1124.7,0,23,0,0,0,0,0,0,0,a29870c1b3c2
CS,1124,8,CS1124.8,CS1124.8,0,17,0,0,0,0,0,0,0,c674a7c57be3
CS,1125,0,CS1125.0,CS1125.0,1,1,0,0,0,0,0,0,0,0ea3545b41a1
CS,1125,1,CS1125.1,CS1125.1,0,29,0,0,0,0,0,0,0,7ff1dd777312
CS,1125,2,CS1125.2,CS1125.2,0,11,0,0,0,0,0,0,0,76fc9b8df68f
CS,1125,3,CS1125.3,CS1125.3,0,10,0,0,0,0,0,0,0,6e66171b0e82
CS,1126,0,CS1126.0,CS1126.0,1,1,0,0,0,0,0,0,0,0ea3545b41a1
CS,1126,1,CS1126.1,CS1126.1,0,12,0,0,0,0,1,0,0,62fa7d9d1767
CS,1126,2,CS1126.2,CS1126.2,0,23,0,0,0,0,1,0,0,bf2acabc00b8
CS,1126,3,CS1126.3,CS1126.3,0,8,0,0,0,1,0,0,0,7915eda00071
CS,1126,4,CS1126.4,CS1126.4,0,49,0,0,0,0,0,0,0,e1a84f7c6a36
CS,1126,5,CS1126.5,CS1126.5,0,13,0,0,0,0,0,0,0,76df18b92237
CS,1127,0,CS1127.0,CS1127.0,1,1,0,0,0,0,0,0,0,0ea3545b41a1
CS,1127,1,CS1127.1,CS1127.1,0,24,0,0,0,0,0,0,0,c5e237a954b2
CS,1127,2,CS1127.2,CS1127.2,0,34,0,0,0,0,0,0,0,bb018602e833
CS,1127,3,CS1127.3,CS1127.3,0,20,0,0,0,0,0,0,0,569b9fe311b8
CS,1128,0,CS1128.0,CS1128.0,1,1,0,0,0,0,0,0,0,0ea3545b41a1
CS,1128,1,CS1128.1,CS1128.1,0,13,0,0,0,0,0,0,0,eaea09fd10aa
CS,1129,0,CS1129.0,CS1129.0,1,1,0,0,0,0,0,0,0,0ea3545b41a1
CS,1129,1,CS1129.1,CS1129.1,0,17,0,0,0,0,0,0,0,2832dd7a7935
CS,1129,2,CS1129.2,CS1129.2,0,19,0,0,0,0,0,0,0,200f5a70add4
CS,1129,3,CS1129.3,CS1129.3,0,10,0,0,0,0,0,0,0,ff86540b2988
CS,1129,4,CS1129.4,CS1129.4,0,96,0,0,0,0,0,0,0,4e04bea22d97
CS,1130,0,CS1130.0,CS1130.0,1,1,0,0,0,0,0,0,0,0ea3545b41a1
CS,1130,1,CS1130.1,CS1130.1,0,7,0,0,0,0,0,0,0,6cfd354ce99a
CS,1130,2,CS1130.2,CS1130.2,0,5,0,0,0,0,0,0,0,9e1651b00d49
CS,1130,3,CS1130.3,CS1130.3,0,121,0,0,0,0,1,0,0,395102fc5b9b
CS,1130,4,CS1130.4,CS1130.4,0,9,0,0,0,0,0,0,0,cf0da85cf21a
CS,1130,5,CS1130.5,CS1130.5,0,40,0,0,0,1,0,0,0,242830b1a461
CS,1130,6,CS1130.6,CS1130.6,0,11,0,0,0,0,0,0,0,a87e2c0a5c2f
CS,1131,0,CS1131.0,CS1131.0,1,1,0,0,0,0,0,0,0,0ea3545b41a1
CS,1131,1,CS1131.1,CS1131.1,0,13,0,0,0,0,0,0,0,dd1b6ea07ec2
CS,1131,2,CS1131.2,CS1131.2,0,26,0,0,0,0,0,0,0,64d56660e8da
CS,1131,3,CS1131.3,CS1131.3,0,138,0,0,0,0,0,0,0,921fee34b5ac
CS,1131,4,CS1131.4,CS1131.4,0,9,0,0,0,0,1,0,0,06daff7b0372
CS,1131,5,CS1131.5,CS1131.5,0,11,0,0,0,0,0,0,0,eab22418eec2
CS,1132,0,CS1132.0,CS1132.0,1,30,0,0,0,0,0,0,0,92c79562f0fe
CS,1132,1,CS1132.1,CS1132.1,0,36,0,0,0,1,1,0,0,72ffa36f2eb9
CS,1132,2,CS1132.2,CS1132.2,0,18,0,0,0,0,0,0,0,4cbe4eed7b08
CS,1132,3,CS1132.3,CS1132.3,0,27,0,0,0,0,1,0,0,9f5c167f581f
CS,1132,4,CS1132.4,CS1132.4,0,15,0,0,0,0,0,0,0,e07e248130d7
CS,1132,5,CS1132.5,CS1132.5,0,24,0,0,0,0,1,0,0,b9cf06f4880c
CS,1132,6,CS1132.6,CS1132.6,0,10,0,0,0,0,0,0,0,c82291b316d3
CS,1132,7,CS1132.7,CS1132.7,0,15,0,0,0,0,0,0,0,64cee59ad987
CS,1132,8,CS1132.8,CS1132.8,0,9,0,0,0,0,0,0,0,8e2cb35bad47
CS,1132,9,CS1132.9,CS1132.9,0,32,0,0,0,1,0,0,0,ec6cbda95077
CS,1133,0,CS1133.0,CS1133.0,1,1,0,0,0,0,0,0,0,0ea3545b41a1
CS,1133,1,CS1133.1,CS1133.1,0,46,0,0,0,0,0,0,0,78fbfb87ff9b
CS,1133,2,CS1133.2,CS1133.2,0,12,0,0,0,0,0,0,0,bdfaa6a9a5c5
CS,1133,3,CS1133.3,CS1133.3,0,35,0,0,0,0,0,0,0,56b3d7a64b46
CS,1133,4,CS1133.4,CS1133.4,0,32,0,0,0,1,0,0,0,42732f373236
CS,1133,5,CS1133.5,CS1133.5,0,16,0,0,0,0,0,0,0,a78e9ae9b12d
CS,1133,6,CS1133.6,CS1133.6,0,11,0,0,0,0,0,0,0,d181e6122be6
CS,1133,7,CS1133.7,CS1133.7,0,6,0,0,0,0,0,0,0,be88b9ffbc42
CS,1133,8,CS1133.8,CS1133.8,0,15,0,0,0,1,0,0,0,8f5f73979004
CS,1134,0,CS1134.0,CS1134.0,1,1,0,0,0,0,0,0,0,0ea3545b41a1
CS,1134,1,CS1134.1,CS1134.1,0,11,0,0,0,0,0,0,0,640b916b9303
CS,1134,2,CS1134.2,CS1134.2,0,11,0,0,0,0,0,0,0,3c9d71c7440f
CS,1134,3,CS1134.3,CS1134.3,0,13,0,0,0,0,1,0,0,7ea269390ae9
CS,1134,4,CS1134.4,CS1134.4,0,19,0,0,0,0,0,0,0,f0cc8230d390
CS,1134,5,CS1134.5,CS1134.5,0,19,0,0,0,0,1,0,0,866a7322eb1c
CS,1134,6,CS1134.6,CS1134.6,0,19,0,0,0,0,0,0,0,06e07295301b
CS,1134,7,CS1134.7,CS1134.7,0,13,0,0,0,0,0,0,0,b21439497ec7
CS,1134,8,CS1134.8,CS1134.8,0,13,0,0,0,0,0,0,0,55565abac42e
CS,1134,9,CS1134.9,CS1134.9,0,13,0,0,0,0,0,0,0,4c37740c5c54
CS,1134,10,CS1134.10,CS1134.10,0,9,0,0,0,0,0,0,0,0644a7383021
CS,1134,11,CS1134.11,CS1134.11,0,11,0,0,0,0,0,0,0,e307788dfd69
CS,1134,12,CS1134.12,CS1134.12,0,5,0,0,0,0,0,0,0,3ae1263117f1
CS,1134,13,CS1134.13,CS1134.13,0,76,0,0,0,0,1,0,0,3949b1f2cd44
CS,1134,14,CS1134.14,CS1134.14,0,5,0,0,0,0,0,0,0,dd01192bcf5a
CS,1134,15,CS1134.15,CS1134.15,0,12,0,0,0,0,0,0,0,7ab888e641cb
CS,1134,16,CS1134.16,CS1134.16,0,10,0,0,0,0,0,0,0,cad421661fcf
CS,1135,0,CS1135.0,CS1135.0,1,13,0,0,0,0,0,0,0,8b4e927d512c
CS,1135,1,CS1135.1,CS1135.1,0,13,0,0,0,0,0,0,0,a4e356ff9ac0
CS,1135,2,CS1135.2,CS1135.2,0,18,0,0,0,0,0,0,0,c14f1b58706c
CS,1135,3,CS1135.3,CS1135.3,0,27,0,0,0,0,0,0,0,2c7b953f680e
CS,1135,4,CS1135.4,CS1135.4,0,13,0,0,0,0,0,0,0,9afb208556f5
CS,1135,5,CS1135.5,CS1135.5,0,21,0,0,0,0,0,0,0,52338b46157b
CS,1135,6,CS1135.6,CS1135.6,0,9,0,0,0,0,0,0,0,b0084e9215a7
CS,1135,7,CS1135.7,CS1135.7,0,20,0,0,0,0,0,0,0,dd891678f246
CS,1135,8,CS1135.8,CS1135.8,0,13,0,0,0,0,0,0,0,b442495b8f66
CS,1135,9,CS1135.9,CS1135.9,0,7,0,0,0,0,0,0,0,004eed37f569
CS,1135,10,CS1135.10,CS1135.10,0,6,0,0,0,0,0,0,0,cba9269e1897
CS,1135,11,CS1135.11,CS1135.11,0,5,0,0,0,0,0,0,0,2c4b2cec6d59
CS,1135,12,CS1135.12,CS1135.12,0,33,0,0,0,0,0,0,0,88eb9e77f5b6
CS,1135,13,CS1135.13,CS1135.13,0,7,0,0,0,0,0,0,0,90e20c3fb6ae
CS,1135,14,CS1135.14,CS1135.14,0,9,0,0,0,0,0,0,0,2db5c099b2da
CS,1141,0,CS1141.0,CS1141.0,1,16,0,0,0,0,0,0,0,9328113a7064
CS,1141,1,CS1141.1,CS1141.1,0,12,0,0,0,1,0,0,0,0048973c6c2d
CS,1141,2,CS1141.2,CS1141.2,0,15,0,0,0,0,0,0,0,32d26c1aa73c
CS,1141,3,CS1141.3,CS1141.3,0,20,0,0,0,0,0,0,0,405092c6e23f
CS,1142,0,CS1142.0,CS1142.0,1,12,0,0,0,0,0,0,0,93b1f533a429
CS,1142,1,CS1142.1,CS1142.1,0,15,0,0,0,0,1,0,0,41b937b01693
CS,1142,2,CS1142.2,CS1142.2,0,13,0,0,0,0,0,0,0,e646333f7fb0
CS,1142,3,CS1142.3,CS1142.3,0,24,0,0,0,0,0,0,0,c398fc1b43a0
CS,1142,4,CS1142.4,CS1142.4,0,10,0,0,0,1,0,0,0,1548ada67cbf
CS,1142,5,CS1142.5,CS1142.5,0,16,0,0,0,0,1,0,0,50dcced3a13b
CS,1143,0,CS1143.0,CS1143.0,1,12,0,0,0,0,0,0,0,a50a9101ebee
CS,1143,1,CS1143.1,CS1143.1,0,14,0,0,0,1,0,0,0,b5b60520a278
CS,1143,2,CS1143.2,CS1143.2,0,4,0,0,0,0,0,0,0,f96d2d5ea284
CS,1143,3,CS1143.3,CS1143.3,0,20,0,0,0,0,0,0,0,3ce6544d7d63
CS,1143,4,CS1143.4,CS1143.4,0,34,0,0,0,0,1,0,0,b63c450eaf68
CS,1143,5,CS1143.5,CS1143.5,0,27,0,0,0,1,0,0,0,a5799ba4bcfc
CS,1143,6,CS1143.6,CS1143.6,0,16,0,0,0,1,0,0,0,b34378091ea2
CS,1143,7,CS1143.7,CS1143.7,0,18,0,0,0,0,0,0,0,f5f7dfb5090e
CS,1143,8,CS1143.8,CS1143.8,0,8,0,0,0,0,0,0,0,878ba633f7c3
CS,1143,9,CS1143.9,CS1143.9,0,8,0,0,0,0,0,0,0,6f12ae0039d4
CS,1144,0,CS1144.0,CS1144.0,1,15,0,0,0,0,0,0,0,92696eb2e9ca
CS,1144,1,CS1144.1,CS1144.1,0,7,0,0,0,0,0,0,0,1abac5af1978
CS,1144,2,CS1144.2,CS1144.2,0,32,0,0,0,1,0,0,0,b09b9c6fe45c
CS,1144,3,CS1144.3,CS1144.3,0,25,0,0,0,1,0,0,0,260787a06471
CS,1144,4,CS1144.4,CS1144.4,0,8,0,0,0,0,0,0,0,b03da76519e0
CS,1144,5,CS1144.5,CS1144.5,0,42,0,0,0,0,0,0,0,300bd39c54a5
CS,1144,6,CS1144.6,CS1144.6,0,13,0,0,0,0,0,0,0,fa42253375ef
CS,1144,7,CS1144.7,CS1144.7,0,10,0,0,0,0,0,0,0,864f116b2bca
CS,1144,8,CS1144.8,CS1144.8,0,15,0,0,0,0,1,0,0,7d00f0da8e10
CS,1144,9,CS1144.9,CS1144.9,0,7,0,0,0,0,0,0,0,3a2bf172c082
CS,1145,0,CS1145.0,CS1145.0,1,17,0,0,0,0,0,0,0,a1b8d4c5b975
CS,1145,1,CS1145.1,CS1145.1,0,26,0,0,0,1,1,0,0,b8153c96dd8a
CS,1145,2,CS1145.2,CS1145.2,0,15,0,0,0,0,0,0,0,42be7a68e347
CS,1145,3,CS1145.3,CS1145.3,0,22,0,0,0,0,1,0,0,24be49f05932
CS,1145,4,CS1145.4,CS1145.4,0,41,0,0,0,0,0,0,0,b53a31856215
CS,1145,5,CS1145.5,CS1145.5,0,9,0,0,0,0,0,0,0,f1bf93195a6b
CS,1145,6,CS1145.6,CS1145.6,0,32,0,0,0,0,0,0,0,5516dd5d1447
CS,1145,7,CS1145.7,CS1145.7,0,39,0,0,0,1,0,0,0,d83395325028
CS,1145,8,CS1145.8,CS1145.8,0,5,0,0,0,0,1,0,0,f766bd0a4f39
CS,1145,9,CS1145.9,CS1145.9,0,5,0,0,0,0,0,0,0,9e7aef15f255
CS,1146,0,CS1146.0,CS1146.0,1,11,0,0,0,0,0,0,0,f17a0658ad37
CS,1146,1,CS1146.1,CS1146.1,0,34,0,0,0,0,0,0,0,1520babf92ec
CS,1146,2,CS1146.2,CS1146.2,0,38,0,0,0,1,1,0,0,11fcb1660183
CS,1146,3,CS1146.3,CS1146.3,0,15,0,0,0,0,1,0,0,0448c6dbe286
CS,1146,4,CS1146.4,CS1146.4,0,7,0,0,0,0,0,0,0,d813ef81a804
CS,1146,5,CS1146.5,CS1146.5,0,22,0,0,0,0,0,0,0,15ae7cab5b10
CS,1146,6,CS1146.6,CS1146.6,0,18,0,0,0,1,0,0,0,ad6f399d50de
CS,1146,7,CS1146.7,CS1146.7,0,35,0,0,0,0,0,0,0,87f0fe7c0541
CS,1146,8,CS1146.8,CS1146.8,0,25,0,0,0,0,0,0,0,1448d374e809
CS,1147,0,CS1147.0,CS1147.0,1,11,0,0,0,0,0,0,0,7db4b47954ca
CS,1147,1,CS1147.1,CS1147.1,0,19,0,0,0,0,0,0,0,33f636c3f0af
CS,1147,2,CS1147.2,CS1147.2,0,35,0,0,0,0,0,0,0,b11a94a5c921
CS,1147,3,CS1147.3,CS1147.3,0,10,0,0,0,0,0,0,0,1d9381b809c7
CS,1147,4,CS1147.4,CS1147.4,0,17,0,0,0,0,0,0,0,6f0cf2e08956
CS,1148,0,CS1148.0,CS1148.0,1,13,0,0,0,0,0,0,0,34f689c5e1dd
CS,1148,1,CS1148.1,CS1148.1,0,8,0,0,0,0,0,0,0,56ba3e6dc29c
CS,1148,2,CS1148.2,CS1148.2,0,46,0,0,0,0,0,0,0,0aa029873d63
CS,1148,3,CS1148.3,CS1148.3,0,16,0,0,0,1,0,0,0,dc33ebd4cd33
CS,1148,4,CS1148.4,CS1148.4,0,8,0,0,0,0,0,0,0,fc9a2ec3a5ee
CS,1148,5,CS1148.5,CS1148.5,0,17,0,0,0,0,0,0,0,53573d2df3b0
CS,1148,6,CS1148.6,CS1148.6,0,6,0,0,0,0,0,0,0,cb87c3046fc0
CS,1148,7,CS1148.7,CS1148.7,0,19,0,0,0,0,0,0,0,d21a587968e3
CS,1148,8,CS1148.8,CS1148.8,0,17,0,0,0,0,0,0,0,f6cd9875c6f1
CS,1148,9,CS1148.9,CS1148.9,0,53,0,1,0,0,0,0,0,76e12310399f
CS,1149,0,CS1149.0,CS1149.0,1,19,0,0,0,0,0,0,0,616a41d677c5
CS,1149,1,CS1149.1,CS1149.1,0,34,0,0,0,0,0,0,0,fff6e426c190
CS,1149,2,CS1149.2,CS1149.2,0,9,0,0,0,0,0,0,0,cc048041da90
CS,1149,3,CS1149.3,CS1149.3,0,10,0,0,0,0,0,0,0,0dc7ce1c869b
CS,1149,4,CS1149.4,CS1149.4,0,7,0,0,0,0,0,0,0,b0cceafd0076
CS,1149,5,CS1149.5,CS1149.5,0,12,0,0,0,0,0,0,0,f70cb4ab6f1e
CS,1149,6,CS1149.6,CS1149.6,0,39,0,0,0,0,0,0,0,26cf518320b3
CS,1149,7,CS1149.7,CS1149.7,0,5,0,0,0,0,0,0,0,3283c7397486
CS,1149,8,CS1149.8,CS1149.8,0,39,0,0,0,0,0,0,0,092c84390a5c
CS,1149,9,CS1149.9,CS1149.9,0,26,0,0,0,0,0,0,0,2c1d035ac56d
CS,1150,0,CS1150.0,CS1150.0,1,10,0,0,0,0,0,0,0,c5fe96716fc2
CS,1150,1,CS1150.1,CS1150.1,0,13,0,0,0,0,0,0,0,e15cf6da05cd
CS,1150,2,CS1150.2,CS1150.2,0,20,0,0,0,0,0,0,0,85782a7cc215
CS,1150,3,CS1150.3,CS1150.3,0,13,0,0,0,0,0,0,0,c9a87b132fad
CS,1150,4,CS1150.4,CS1150.4,0,1,0,0,0,0,0,0,0,3a1ee2d2ab49
