tablet_id	label	transliteration
1	KN Nc 4470	KN Nc 4470, pu-ru[-•-]ta _ [
10	KN Nc 4485	KN Nc 4485, ]-di-mi-zo[
1000	KN Ag ‹322›	KN Ag ‹322›, ]wo-ni-jo[
1001	KN Xd ‹323›	KN Xd ‹323›, ]a-ri-we-we[
1002	KN Ag ‹324›	KN Ag ‹324›, a-ta-wo-ne[
1003	KN Xd ‹325›	KN Xd ‹325›, we-wa[
1004	KN Xd ‹326›	KN Xd ‹326›, ]no-da-ma[
1005	KN Xd ‹327›	KN Xd ‹327›, e-ri-ra-i°[
1006	KN Xd ‹328›	KN Xd ‹328›, ]pa-*34-so[
1007	KN Xd ‹329›	KN Xd ‹329›, ]r°e°-mi-si-jo
1008	KN Xd ‹330›	KN Xd ‹330›, ra-wo-te[
1009	KN Xd ‹331›	KN Xd ‹331›, a-pu₂-ka[
101	KN Np(1) 7967	KN Np(1) 7967, ]-ra-to[
1010	KN Xd ‹332›	KN Xd ‹332›, ]ja / i-da-wo[
1011	KN Xd ‹333›	KN Xd ‹333›, ze-pu[
1012	KN Xd ‹334›	KN Xd ‹334›, ]mo / ke-to-ri[
1013	KN Xd ‹335›	KN Xd ‹335›, ]ke-si-jo , ri[
1014	KN Xd ‹336›	KN Xd ‹336›, ]pe-ra-te-ro[
1015	KN Xd(5) 5097	KN Xd(5) 5097, a-ka-mu-[
1016	KN Xd 5838	KN Xd 5838, di-[
1017	KN Sc(6) 5969	KN Sc(6) 5969, ]je-wa[
1018	KN F(1) 7259	KN F(1) 7259, ]O°L°E° 4 [
1019	KN Xd 7510	KN Xd 7510, ]q°e°-[
102	KN Np(2) 8003	KN Np(2) 8003, ]N 1
1020	KN Xd 7547	KN Xd 7547, _ $sup. $mut. _ ]$vest.[ o°-wo-ta[ ki-ni-[ o-ta-k°e°[ _ $vest.[ _ $vest.[ _ $inf. $mut.
1021	KN Sc(3) 7555	KN Sc(3) 7555, i-wi-ro _ [
1022	KN Vc(2) 7558	KN Vc(2) 7558, o-ko-te[
1023	KN Xd(5) 7570	KN Xd(5) 7570, a-na-pe-we[
1024	KN Xd 7586	KN Xd 7586, mo-ro-qa[
1025	KN Sc(3) 7588	KN Sc(3) 7588, pi-ri-j°a°[
1026	KN Xd 7590	KN Xd 7590, ti-ri-t°o°[
1027	KN Vc(2) 7595	KN Vc(2) 7595, ]ru-ko-si-[
1028	KN Sc(3) 7596	KN Sc(3) 7596, e-na-i[
1029	KN Xd 7597	KN Xd 7597, ka-ta-[
103	KN Np(1) 8059	KN Np(1) 8059, ]N° 2 ↓ ]$vest.
1030	KN Xd 7598	KN Xd 7598, ku-ru-[
1031	KN Xd 7604	KN Xd 7604, qa-[
1032	KN Xd 7606	KN Xd 7606, e-[
1033	KN Xd 7607	KN Xd 7607, pi-r°i°[
1034	KN Xd 7609	KN Xd 7609, ra-w°i°[
1035	KN Sc(2) 7610	KN Sc(2) 7610, a-ko-to _ [
1036	KN Vc(5) 7614	KN Vc(5) 7614, ru-wa[
1037	KN Sc(6) 7634	KN Sc(6) 7634, ka-ro-qo __ [°
1038	KN Vc(1) 7640	KN Vc(1) 7640, e-ko-[
1039	KN Sc(6) 7648	KN Sc(6) 7648, a-re-[ ↓  a-[
104	KN Np(1) 8062	KN Np(1) 8062, ]P 2
1041	KN Xd 7651	KN Xd 7651, di-ki[
1042	KN Xd 7654	KN Xd 7654, ]e-u[
1043	KN Vc(5) 7656	KN Vc(5) 7656, ke-ku-r°o°[
1044	KN Xd(2) 7658	KN Xd(2) 7658, i-to-m°a°[
1045	KN Sc(6) 7662	KN Sc(6) 7662, ma-ra _ [
1046	KN Xd 7663	KN Xd 7663, re-wo _ [
1047	KN Xd 7664	KN Xd 7664, wo-tu[
1048	KN Np(1) 7665	KN Np(1) 7665, ta-[
105	KN Np(1) 8123	KN Np(1) 8123, ]2° _ P 1 _ [
1050	KN Xd(6) 7667	KN Xd(6) 7667, po-ta-[
1051	KN Xd 7674	KN Xd 7674, a-ti[
1052	KN Xd 7675	KN Xd 7675, ]i-se-r°e°[
1053	KN Xd 7676	KN Xd 7676, a-wa[
1054	KN Sc(6) 7680	KN Sc(6) 7680, ki-ri[
1055	KN Np(1) 7701	KN Np(1) 7701, a-[
1056	KN Xd 7702	KN Xd 7702, me-nu-wa[
1057	KN Xd 7726	KN Xd 7726, ] ________ me[ ]p°a°-ro , / se[
1058	KN Xd 7730	KN Xd 7730, _ $sup. $mut. ] _ $vest. [ ]°to-so-p°a°[ _ $inf. $mut.
1059	KN Xd 7733	KN Xd 7733, _ $sup. $mut. ]-ri ______ [ ____ ]ja[ _ $inf. $mut.
106	KN Np(2) 8249	KN Np(2) 8249, ]CROC _ N[
1060	KN Sc 7756	KN Sc 7756, ][[_]i°-t°a° E°Q°U°[_]][ ↓ ]ri-so-wa[
1061	KN Ag 7757	KN Ag 7757, ]o-pi , a-ne[
1062	KN Vc(2) 7761	KN Vc(2) 7761, ]wa / na-ni[
1063	KN Xd 7766	KN Xd 7766, ]wi-pe-wa _ 1° ____ [
1064	KN Xd 7780	KN Xd 7780, ]du-wo-pe[
1065	KN Xd 7783	KN Xd 7783, ]°e°-ri-ko-wo _ [
1066	KN Xd 7790	KN Xd 7790, ]-ki-se[
1067	KN Sc 7802	KN Sc 7802, ]6 _ qe[ ] __ wa[ ↓ ]1° ___ [
1068	KN Sc(5) 7807	KN Sc(5) 7807, ][[BIG]] E°Q°U°[ → ]nu-a[
1069	KN Xd 7808	KN Xd 7808, ]-*22-jo , [
107	KN Np(1) 8437	KN Np(1) 8437, ]CROC _ [ _ $inf. $mut.
1070	KN Xd 7809	KN Xd 7809, ]i-jo _ [
1071	KN Vc(6) 7811	KN Vc(6) 7811, ]me-re-ja[
1072	KN Vc(7) 7813	KN Vc(7) 7813, ]-ko ,° ke-ti-ro ↓ ] qi
1073	KN Xd 7819	KN Xd 7819, ]q°i°-ja _ [
1074	KN Sc(5) 7841	KN Sc(5) 7841, ]u-te[  $inf. $mut. ↓  $sup. $mut. ]E°Q°U° 1[
1075	KN Xd 7906	KN Xd 7906, ]ka-ra-na-ta[
1076	KN Sc(6) 7913	KN Sc(6) 7913, ]ke-ke-me[
1077	KN Xd 7914	KN Xd 7914, ]k°e°-wa , pa-[
1078	KN Xd 7945	KN Xd 7945, ]w°o°-no-da[
1079	KN Sc 7948	KN Sc 7948, ]ra-ko B°I°G°[
108	KN Np(2) 8457	KN Np(2) 8457, ] P 10[ _
1080	KN Xd 7949	KN Xd 7949, ]t°o° , ti[
1081	KN Xd(5) 7954	KN Xd(5) 7954, a-me-ja[
1082	KN Sc(6) 7956	KN Sc(6) 7956, e-ke[
1083	KN Sc(6) 7961	KN Sc(6) 7961, ]k°o°-no [
1084	KN Xd(5) 7968	KN Xd(5) 7968, ]-ne-u°[
1085	KN Xd 7970	KN Xd 7970, ]-na[ ↓ ]e-qe[
1086	KN Sc(6) 7975	KN Sc(6) 7975, ke-nu[
1087	KN Np(1) 7978	KN Np(1) 7978, ]e-[
1088	KN Xd 7981	KN Xd 7981, ]-wo[
1089	KN Xd 7986	KN Xd 7986, ]mo-[
109	KN Np(1) 8458	KN Np(1) 8458, ]j°o° _ CROC[
1090	KN Xd 8012	KN Xd 8012, _ $sup. $mut. ]1 ]34 ]8°2° _ $inf. $mut.
1091	KN Xd 8021	KN Xd 8021, ]ta
1092	KN Sc(3) 8030	KN Sc(3) 8030, ] 2 __ [
1093	KN Xd 8034	KN Xd 8034, _ $sup. $mut. ]$vest. ] $o 8 ]t°a°-ra _ $o 1 → _ $sup. $mut. $vacat [ $vacat [
1094	KN Xd(5) 8037	KN Xd(5) 8037, ]w°a°-jo _ 1
1095	KN Xd(5) 8054	KN Xd(5) 8054, pa-pa-r°o°[
1096	KN Xd 8056	KN Xd 8056, ']n°o°' _ 1 ↓ ]no-da _ 2
1097	KN Xd 8060	KN Xd 8060, ]7
1098	KN Xd 8061	KN Xd 8061, ]u-k°e°
1099	KN Xd 8082	KN Xd 8082, ] 1
11	KN Nc 4489	KN Nc 4489, ]°qa-ra-su-ti-jo ___ M [
110	KN Np(1) 8459	KN Np(1) 8459, ]C°R°O°C° _ P[ _ $inf. $mut.
1100	KN Xd(5) 8128	KN Xd(5) 8128, da-i-[
1101	KN Sc(6) 8129	KN Sc(6) 8129, qe[
1102	KN Xd 8130	KN Xd 8130, do-ri[
1103	KN Xd 8132	KN Xd 8132, ]$vest. , / ri-*6°5°[
1104	KN Xd 8134	KN Xd 8134, _ $sup. $mut. ]ta _ [
1105	KN Xd 8135	KN Xd 8135, _ $sup. $mut. ]s°a° / t°i°[
1106	KN Xd 8137	KN Xd 8137, ]no[
1107	KN Xd 8138	KN Xd 8138, ]-ke-[
1108	KN Xd(5) 8277	KN Xd(5) 8277, _ $sup. $mut. ]ka-de[
1109	KN Xd 8501	KN Xd 8501, ]-a-jo _ 1°[°
111	KN Np(1) 8462	KN Np(1) 8462, ]P°[ _ $inf. $mut.
1110	KN Xd 8505	KN Xd 8505, ]a[ _ $inf. $mut.
1111	KN Xd 8508	KN Xd 8508, ] , di-[
1112	KN Xd 8510	KN Xd 8510, do[
1113	KN Xd 8511	KN Xd 8511, ]wo _ 1 [
1114	KN Xd 8525	KN Xd 8525, ]-ja-me[
1115	KN Xd 8553	KN Xd 8553, ] , ku-[
1116	KN Xd 8566	KN Xd 8566, ]me[
1117	KN Xd 8583	KN Xd 8583, qa-[
1118	KN Xd 8596	KN Xd 8596, ]s°a°-[ _ $inf. $mut.
1119	KN Xd 8597	KN Xd 8597, si-ra-[
1120	KN Xd 8605	KN Xd 8605, ]°ta-ta-r°o°[ _ $inf. $mut.
1121	KN Xd 8635	KN Xd 8635, zo-[
1122	KN Xd 8638	KN Xd 8638, ]2
1123	KN Xd(5) 8640	KN Xd(5) 8640, ] 1
1124	KN Xd 8653	KN Xd 8653, ]wa-jo _ [[1°5°9°]]
1125	KN Xd 8686	KN Xd 8686, ] 1 [ _ $inf. $mut.
1126	KN Xd 8734	KN Xd 8734, ]q°a°-r°a°[ _ $inf. $mut.
1127	KN Xd 8748	KN Xd 8748, ]2°0° _ [ _ ]3 _ [ _ $inf. $mut.
1128	KN Xd 8751	KN Xd 8751, _ $sup. $mut. ]40 __ [ _ $inf. $mut. ↓ _ $sup. $mut. ]1°0°1°[ _ $inf. $mut.
1129	KN Xd 8760	KN Xd 8760, ]te-[
113	KN Np(2) 8649	KN Np(2) 8649, ]P 2 _ [
1130	KN Xd 8761	KN Xd 8761, ]1°
1131	KN Xd 8813	KN Xd 8813, ]n°o°-[ _ $inf. $mut.
1132	KN Xd 8820	KN Xd 8820, _ $sup. $mut. ]-m°a°[
1133	KN Xd 8821	KN Xd 8821, _ $sup. $mut. ]4°1°[ ]$vac.[ _ $inf. $mut.
1134	KN Xd 8828	KN Xd 8828, _ $sup. $mut. ]1° _ [ ] $vac. [
1135	KN Xd 8829	KN Xd 8829, ]1°
1136	KN Xd 8837	KN Xd 8837, ]-n°e°[ _ $inf. $mut.
1137	KN Xd 9009	KN Xd 9009, d°a°[
1138	KN Xd 9010	KN Xd 9010, w°i°[ _ $inf. $mut.
1139	KN Xd 9037	KN Xd 9037, _ $sup. $mut. ]$vac.[
114	KN Np(1) 9112	KN Np(1) 9112, ]CROC[ _ $i°n°f°. $m°u°t°.
1140	KN Xd 9061	KN Xd 9061, _ $s°u°p°. $m°u°t°. ]$vest.[ _ $inf. $mut.
1142	KN Xd 9125	KN Xd 9125, ]r°i°-j°o°[ _ $inf. $mut. →
1143	KN Xd 9126	KN Xd 9126, a-re[
1144	KN Sc(6) 9127	KN Sc(6) 9127, e-wa[
1145	KN Xd 9129	KN Xd 9129, _ $sup. $mut. ]ke-ja ,° / k°e°[
1146	KN Xd 9130	KN Xd 9130, pa-n°a°[
1147	KN Xd 9131	KN Xd 9131, ]pi-ra-[
1148	KN Xd 9132	KN Xd 9132, ]qo[ _ $inf. $mut.
1149	KN Xd 9134	KN Xd 9134, ] _ 1 _ r°a°[
115	KN Np(2) 9306	KN Np(2) 9306, ] ___ P 1  [
1150	KN Vc(5) 9135	KN Vc(5) 9135, ]ra-jo _ 1
1151	KN Sc 9136	KN Sc 9136, _ $sup. $mut. ]-te _ [ _ $inf. $mut.
1152	KN Xd 9137	KN Xd 9137, ]$vest.[ _ $inf. $mut.
1153	KN Xd 9138	KN Xd 9138, ]t°o° , wa-te-[
1154	KN Xd 9139	KN Xd 9139, ]C°A°P°[
1155	KN Xd 9140	KN Xd 9140, _ $sup. $mut. ]$vest.[ ]64°[ _ $inf. $mut.
1156	KN Xd 9141	KN Xd 9141, ]36[ _ $inf. $mut.
1157	KN Sc 9143	KN Sc 9143, ]E°Q°U° $Z°E° 1° [ _ $inf. $mut.
1158	KN Xd 9144	KN Xd 9144, _ $sup. $mut. ]2°0
1159	KN Xd 9145	KN Xd 9145, ][[$vest.?]]
116	KN X 9362	KN X 9362, ] _ $vest.[
1160	KN Xd 9146	KN Xd 9146, ] $vacat
1161	KN Xd 9147	KN Xd 9147, ] $vacat
1162	KN Xd 9148	KN Xd 9148, ]1°
1163	KN Xd 9150	KN Xd 9150, ]$vest.
1164	KN Xd 9151	KN Xd 9151, _ $sup. $mut. ] $vacat ] $deest _ $inf. $mut.
1165	KN Xd 9152	KN Xd 9152, ][[$vest.]][°
1166	KN Xd 9153	KN Xd 9153, ] _ 1° _ [
1167	KN Xd 9158	KN Xd 9158, _ $sup. $mut. ]-d°a°-[
1168	KN Xd 9159	KN Xd 9159, ]1°
1169	KN Xd 9160	KN Xd 9160, $sup. $mut. ]$vest.[
117	KN Np(2) 9676	KN Np(2) 9676, ] _ CROC[
1170	KN Sc 9161	KN Sc 9161, $sup. $mut. ]$vest.[ ]_Graffito_[
1171	KN Xd 9162	KN Xd 9162, _ $sup. $mut. ]$vest.[ _ $inf. $mut.
1172	KN Xd 9164	KN Xd 9164, ]$vest.[ $inf. $mut.
1173	KN Xd 9165	KN Xd 9165, ] $vac. [ _ $inf. $mut. ↓? _ $sup. $mut. ]$vest.[
1174	KN Xd 9166	KN Xd 9166, ] $vac. [ _ $inf. $mut. ↓? _ $sup. $mut. ][[$vest.]][
1175	KN Xd 9167	KN Xd 9167, _ $sup. $mut. ] $vacat? ] $vacat
1176	KN Xd 9168	KN Xd 9168, _ $sup. $mut. ] $vacat
1177	KN Xd 9169	KN Xd 9169, _ $sup. $mut. ] $vac. _ [ ] $vac. [ _ $inf. $mut.
1178	KN Xd 9170	KN Xd 9170, ] $vac. __ [ ___ ]$vac.?[ _ $inf. $mut.
1179	KN Xd 9171	KN Xd 9171, _ $sup. $mut. $deest[ → _ $sup. $mut. ] $vac. ] $vac.
118	KN Np(2) 9678	KN Np(2) 9678, ]$o° P 10[
1180	KN Xd 9172	KN Xd 9172, ] Graffito [  ] Graffito [
1181	KN Xd 10001	KN Xd 10001, ] $vac. [
1182	KN U 1539	KN U 1539, pa-i-to[ _ ]*$184 2 __ [
1183	KN X 35	KN X 35, e-me-si-jo-jo _ [
1184	KN X 37	KN X 37, ru-ki-ti-j°o°[
1185	KN X 38	KN X 38, sa-me[
1186	KN X 39	KN X 39, ]ke-me-no[
1187	KN Od 44	KN Od 44, __________ w°i°-ri-[ ku-ja-ro / qa-ra [
1188	KN X 408	KN X 408, _ ]do-ke , e-u-ro-wa-[ ] _ $vac. ___________ [
1189	KN Ga(3) 409	KN Ga(3) 409, ku-ta-to , a-pu-do-si[ __ o-pe-ro ______ [
119	KN Oa 730	KN Oa 730, ]*$167 60 _ L 52 _ M 2
1190	KN X 410	KN X 410, ]a°-mi-ni-so-de[ ]mu-ki-ti , _ [
1191	KN X 430	KN X 430, ]mu-ti-ja[
1192	KN X 435	KN X 435, _ $sup. $mut. ]_$vest._[ a-mi-ni-s°i°[
1193	KN X 443	KN X 443, ]mu-ko[
1194	KN X 444	KN X 444, ?to-]sa / po-ti-ni-ja[
1195	KN X 450	KN X 450, ]°to-sa / pu-si-ja , a[
1196	KN X 451	KN X 451, si-ja-ma-t°o°[ pa-sa-ja[
1197	KN X 453	KN X 453, ]zo , / we-we-si-jo-jo , [ ]ri-si-ja ______________ [
1198	KN X 458	KN X 458, ] __ a-pu-d°o°[ ]to _______ [
12	KN Nc 4490	KN Nc 4490, ]°si-da-jo ________ M 1
120	KN Oa 731	KN Oa 731, ]L _ [[ _ ]][
1200	KN X 459	KN X 459, ]ku-mi-so  [
1201	KN Ga(3) 468	KN Ga(3) 468, ku-pi-ri-jo / ka-ra-[ __ $vacat __________ [
1202	KN X ‹506›	KN X ‹506›, __________ ti-ri[ tu-ri-so / pe-do[
1203	KN X 522	KN X 522, pa-i-to , / e[
1204	KN X 658	KN X 658, ne-wo , za-we[ → ] _ a-ro-we a-nu-to
1205	KN X 660	KN X 660, _____________ ka-[ se-to-i-ja / a°[
1206	KN X 697	KN X 697, ko-we-ja / pa-i-to[ a-nu-to-jo , [
1207	KN X 721	KN X 721, ]ke-do-ro[
1208	KN X 722	KN X 722, _________________ di-wi-pa-ra _ [ e-ra / te-wo , e-ra ,° ri-ni-jo _ 1°[
1209	KN X 723	KN X 723, da-da-re-jo-de[
121	KN Oa 732	KN Oa 732, ]re-o _ L[
1210	KN L 728	KN L 728, ] _____________ a-ro₂[-a? ]sa / a-pu-do-si , me[-sa-ta? ] _ ka-a-na _ [
1211	KN X 737	KN X 737, ko-a / ra-j°a°[
1212	KN X 742	KN X 742, to-so / e[
1213	KN X 743	KN X 743, _ ] _______________ a-[ a-]m°i°-ni-si-ja , / _ [
1214	KN X 744	KN X 744, ____________ $vac. ___ [ ma-sa-de / ti-ta-ma-i __ [
1215	KN X ‹748›	KN X ‹748›, $sup. $mut. _ ]ra , __ [ ]mi-ra , _ [ ]a-sa-mi , _ [ ]k°a°[ $inf. $mut.
1216	KN X 766	KN X 766, ] , zo-wa , a-ze-to , e[ ]_$vest.________________[ _ $inf. $mut.
1217	KN X 768	KN X 768, e-ka-te-jo , [ _ ke-ni-qe-te-w°e°[
1218	KN X 770	KN X 770, _________________ [•-•] _____ [ wi-tu-ri-jo , / a-mo-te-re __ [
1219	KN X 793	KN X 793, pa-ro , / a-da-ra-ko[
122	KN Oa 733	KN Oa 733, ]*$167+$P°E° 10 _ L 6°[
1220	KN X 795	KN X 795, ka-ta-no / wa-tu[
1221	KN X 796	KN X 796, pu-ko-to _ [
1222	KN X 974	KN X 974, ] _______ s°i°-ra-si-ja , ti-ta-ma[ ]pa-no , / ku-pe-te-jo , ko-ro-ki-no-[
1223	KN X 976	KN X 976, ___________ da-*83-ja __ po-pu-re-j°o°[ to-so / wa-na-ka-te-ro ____________ [ __ $vacat ____________________ [
1224	KN X 986	KN X 986, tu-ru-pe-te[
1225	KN X 993	KN X 993, e-we-ki-ta _ [
1226	KN Fh 998	KN Fh 998, e-ru-sa O°L°E° 1°[
1227	KN X 999	KN X 999, sa-pa-nu-wo⸤ ⸥me-no , / pe-ra₂ , w°o°[
1228	KN X 1010	KN X 1010, to-so ______ [
1229	KN X 1013	KN X 1013, ko-ro-we-ja [
123	KN Oa 734	KN Oa 734, ]jo _ 'AES' *$167+$PE[
1230	KN X 1014	KN X 1014, ]ku-ru-so , po-ro-we[
1231	KN X 1018	KN X 1018, ]ka-pu₂-s°a°-jo , / pa-na-so te-re-ta [
1232	KN X 1019	KN X 1019, ]j°o° / d°a°-mi-ni-jo , [
1233	KN X ‹1027›	KN X ‹1027›, __________________ te-r°e°[ ko-no-si-ja , / ra-wa-ke[
1234	KN X ‹1033›	KN X ‹1033›, ]ra-su-to[
1235	KN X 1041	KN X 1041, ki-ri-ko , [
1236	KN X 1045	KN X 1045, ]ru-wo , me-ri-du[
1237	KN X 1047	KN X 1047, to-sa / ka-ro-q°o°[ to-sa , / ka-tu-re-w°i°[
1238	KN X 1050	KN X 1050, ]no , / pu-sa-ra[
1239	KN X 1051	KN X 1051, ] _ a-no-qo-ta[ ] , da-ma-o-te[
124	KN M 745	KN M 745, a-ka-[ __________________ ]-jo-jo , me-n°o°[ da-pu₂-r°i°[-to-jo _ ]po-ti-ni-j°a° _ $ri *$166+$WE 2°2°[
1240	KN Ga(5) 1385	KN Ga(5) 1385, ti-ri-ti-ja / ki-ta-no[
1241	KN X 1432	KN X 1432, ]si-jo-jo , te-pa[
1242	KN X 1463	KN X 1463, a-ra-si-jo / a°[
1244	KN X 1478	KN X 1478, ]t°a°-u-na-[
1245	KN X 1525	KN X 1525, ]°ku-ru-ni-ta / t°o°[ ___$inf. $mut. ↓ ___$sup. $mut. ]°sa-nu-we-si-jo[
1246	KN Ga(5) 1538	KN Ga(5) 1538, $sup. $mut. ku-ta-ti[ da-wo , / ki[
1247	KN X 1581	KN X 1581, ma-ri-jo , s°i°[ _ po-ka-[
1248	KN Xg 1641	KN Xg 1641, a-mi-ni-si-jo , k°a°[ ]° _ $vac. [
1249	KN Xg ‹1642›	KN Xg ‹1642›, qa-no-[
125	KN M 878	KN M 878, ] ___________ *$166+$WE 18 ] _ e-to-ro-qa-ta _ 16 ↓
1250	KN X 1801	KN X 1801, $sup. $mut. pi-za-ra ____ [ ra-ni _______ [ sa-[ pi-ri-[ __ $vacat _ [ __ $vacat _ [
1251	KN X 1802	KN X 1802, u-ta[
1252	KN Xg ‹1901›	KN Xg ‹1901›, sa-so[
1253	KN X 2002	KN X 2002, z°e°-wa-so / p°i°-[
1254	KN X 2003	KN X 2003, ]ni-sa-[ ]te-u[
1255	KN Dp 2011	KN Dp 2011, ] 330[
1256	KN Xf 2128	KN Xf 2128, o-pi[ _ we-a[ ↓ 60[
1257	KN X 2131	KN X 2131, ]a[
1258	KN X 2132	KN X 2132, ]te-wi-ja[
1259	KN X 2134	KN X 2134, te[
126	KN M 1808	KN M 1808, _ $sup. $mut. ]*$166+$WE 1
1260	KN X 5006	KN X 5006, ] _ u-ta-no , / a-[ ] ____ u-ta-no , __ [
1261	KN X 5033	KN X 5033, ]-si-ja / $vest.[
1262	KN X 5034	KN X 5034, $sup. $mut. _ ]$vest.[ ] _ $vacat ] _ $vacat →
1263	KN Ak(2) 5037	KN Ak(2) 5037, ]2 _ [° ]9 ] $vac.
1264	KN X 5040	KN X 5040, ______________ a-p°i°[ se-to-i-ja , / o-pi[
1265	KN Dn 5042	KN Dn 5042, ] 2000[
1266	KN X 5044	KN X 5044, $sup. $mut. ]i°-ta[
1268	KN X 5074	KN X 5074, ma-ti-[
1269	KN X 5173	KN X 5173, $sup. $mut. ___ ] $vest.[ ]-p°i° , ki-ri[ ] $vac. [
127	KN Od(4) 485	KN Od(4) 485, ] __ ko-ro[-to ]o-nu-ka _ LANA [
1270	KN Dv 5178	KN Dv 5178, ]°qa-sa[
1271	KN X 5242	KN X 5242, ]-jo[
1272	KN X 5309	KN X 5309, ]re-u[
1273	KN Dk(2) 5326	KN Dk(2) 5326, $sup. $mut. ]2° _ M°[
1274	KN X 5334	KN X 5334, $sup. $mut. o°-pi ______ [ _ ] $vac. _ [ $inf. $mut.
1275	KN X 5337	KN X 5337, $sup. $mut. ke-[
1276	KN Dv 5346	KN Dv 5346, ta-pa-[
1277	KN X 5422	KN X 5422, ]6 _ [
1278	KN Fh 5468	KN Fh 5468, ]to-de[
1279	KN X 5509	KN X 5509, ri-*65[ ↓ tu-[
128	KN Od(4) 486	KN Od(4) 486, ko-]ro-to _ [ ___]-ta-ma-[
1280	KN X 5512	KN X 5512, tu-n°i°[
1281	KN X 5513	KN X 5513, ]°ra-to-po-r°o°[
1282	KN X 5514	KN X 5514, a-]mi-ni-si[
1283	KN X 5516	KN X 5516, ]*64-jo , [
1284	KN X 5521	KN X 5521, ]s°i°-jo , [
1285	KN X 5522	KN X 5522, k°e°-n°e°[
1286	KN X 5525	KN X 5525, ]te-ja-ro _ 1°[ ] _ $vac. __ [
1287	KN X 5529	KN X 5529, ]  1 _ a-m°e°[
1288	KN X 5531	KN X 5531, ]-te-re-w°a°[
1289	KN X 5534	KN X 5534, ku-t°a°[ _ $vest.[
129	KN Od(4) 487	KN Od(4) 487, ko-ro-]to _ LANA _ M 1 _ [ ______]-ka __ LANA 2 _ [
1290	KN X 5537	KN X 5537, ]n°i°-ja / $vest.[
1291	KN X 5554	KN X 5554, $sup. $mut. ]me[
1292	KN X 5560	KN X 5560,  ] _________ $vest.[  ]k°e° / po-se-da-o-[
1293	KN X 5570	KN X 5570, $sup. $mut. _ ] $vest. [ ]t°a° / da-wo[
1294	KN X 5577	KN X 5577, [•]-pi-da-m°o°[
1295	KN X 5578	KN X 5578, ]si-jo  [
1296	KN X 5583	KN X 5583, ] _ 2 _ [ _ ]2 __ [
1297	KN X 5586	KN X 5586, _ ]3 ] $vac.
1298	KN X 5594	KN X 5594, _ $sup. $mut. wa-te[
1299	KN X 5602	KN X 5602, mi[
13	KN Nc 5100	KN Nc 5100,  ] _ M '$RI' 8 _ $O _ M 4  ]2 _ $KE _ M 10 _ *$146 6
130	KN Od 502	KN Od 502, ________ pa-i-to __________ [ we-we-si-jo-jo _ × _ LANA 11[
1300	KN X 5603	KN X 5603, __$sup. $mut. t°a°-[ ↓ $vest.[ __$inf. $mut.
1301	KN X 5614	KN X 5614, ]55[ $inf. $mut.
1302	KN X 5617	KN X 5617, ]ta-na-d°u°[ $inf. $mut.
1303	KN X 5673	KN X 5673, ]23°
1304	KN X 5699	KN X 5699, ta-[ $inf. $mut.
1305	KN X 5716	KN X 5716, $sup. $mut. ]a-re[ $inf. $mut.
1306	KN X 5722	KN X 5722, qa-ra , a[
1307	KN X 5723	KN X 5723, me-na-wa-te[
1308	KN X 5727	KN X 5727, ]a°-ja-me-na , a[
1309	KN X 5732	KN X 5732, po-ku-te-r°o°[
131	KN Od(1) 539	KN Od(1) 539, o-pi ti-mu-nu-we _ LANA 2[
1310	KN X 5735	KN X 5735, ku-[ $vest.[
1311	KN Np(2) 5737	KN Np(2) 5737, ma-sa[
1312	KN X 5743	KN X 5743, a-]pu-do-si[
1313	KN Dq(4) 5750	KN Dq(4) 5750, wi-na-jo[
1314	KN X 5751	KN X 5751, ] ,° di-du-mo[
1315	KN X 5756	KN X 5756, ]-re-wi-[
1316	KN X 5759	KN X 5759, ]te-u , / e-se-[ _ ]$vac.[ $inf. $mut.
1318	KN X 5784	KN X 5784, da-]*22-ti-[
1319	KN X 5796	KN X 5796, po-ko-me[
132	KN Od(1) 562	KN Od(1) 562, _ ]°o°-pi , no-nu-we , 'a-ti-pa-mo' pe-re __ LANA 91 ]°si-da-jo , pe-re 'po-ro-to' ____________ LANA 42 __ a-po-te , pe-re _____________________ LANA 69
1320	KN X 5825	KN X 5825, ]ri[
1321	KN X 5826	KN X 5826, ]-so[
1322	KN X 5832	KN X 5832, ]ra-so[
1323	KN X 5881	KN X 5881, ]ti-ta-ma ,° ma[ ] _ $vac. ____ [
1324	KN X 5889	KN X 5889, to-so[
1325	KN X 5897	KN X 5897, ]te-wa-[
1326	KN X 5904	KN X 5904, da-ma[ $vest.[ $inf. $mut.
1327	KN X 5952	KN X 5952, ]po-ru-o[ _ ]$vest.[ $inf. $mut.
1328	KN X 5960	KN X 5960, ra-[
1329	KN X 5962	KN X 5962, ]me-tu / su-ri-jo , mo[
133	KN Od(1) 563	KN Od(1) 563, ri-jo-ni-jo , / e-ze-to , to-ro-qo a-to-mo-na , / su-mo-no-qe _ LANA 14
1330	KN X 5964	KN X 5964, $sup. $mut. ]*5°6°-ko-we[ _ e-]ko-so[ $inf. $mut.
1331	KN X 5968	KN X 5968, ] _____ ru-ka[ ___________ ] $vac. [ ]do-ro / ___ [ ___________ ] 17 _ [
1332	KN X 5970	KN X 5970, __$sup. $mut. ______ ]$vest.[ ]no , / ma-r°i°[
1333	KN X 5979	KN X 5979, ] , me-[
1334	KN X 5990	KN X 5990, ]5 _ ke-r°o°[ ] _ $vest.?[
1335	KN X 6006	KN X 6006, $sup. $mut. $vac. _ [ ko-no[ $inf. $mut.
1336	KN X 6008	KN X 6008, $sup. $mut. ]°au[
1337	KN X 6029	KN X 6029, ]pa-[ $inf. $mut.
1338	KN F 6030	KN F 6030, ]ka-po / $vest.[
1339	KN X 6032	KN X 6032, to-so , q°a°[
134	KN Od(1) 570	KN Od(1) 570, _________ o[ o-pi ki-si-[
1340	KN X 6034	KN X 6034, e-r°e°-p°a°[
1341	KN X 6039	KN X 6039, $sup. $mut. ]u-jo / e°[ $inf. $mut.
1342	KN X 7073	KN X 7073, ]1°0°0°[ _ ]$vest.[ _ ]590 ] _ $vac. ↓  ]3°0°0°
1343	KN X 7094	KN X 7094, __ ] ________ $vest.[ se-]t°o°-i-ja / $vest.[
1344	KN X 7218	KN X 7218, ]-so _ [
1345	KN X 7351	KN X 7351, ] 6[ ]$vac.
1346	KN X 7502	KN X 7502, to-so / i-k°a°[
1347	KN D(1) 7511	KN D(1) 7511, ]-du[
1348	KN X 7522	KN X 7522, $sup. $mut. ]-wo _ 7[ ]$vest. [ $inf. $mut.
1349	KN X 7528	KN X 7528, __ ]71 ] $vac.
135	KN Od 666	KN Od 666, ] ___________ to-so _ $o LANA 14 ]k°e°-me-no / _ au-u-te , a-pe-i-si ↓ ]ke-re-wa _ LANA 9 _ M 1 _ P 6 ] _ o-mu-ka-ra _ LANA 3 _ N 2 _ P 2
1350	KN X 7546	KN X 7546, _________ o-pi[ pa-i-to , / pa[
1351	KN X 7548	KN X 7548, ru-ki-t°o°[ pi-po-to[
1352	KN X 7550	KN X 7550, [•]-ka-to , [ __ $vac. _ [
1353	KN X 7551	KN X 7551, $sup. $mut. [•]-p°a°-jo[
1354	KN X 7552	KN X 7552, ku-do-ni-j°a°[
1355	KN X 7553	KN X 7553, da-*22-to , / *6°5°[
1356	KN X 7554	KN X 7554, pa-i-ti-j°a°[
1357	KN X 7556	KN X 7556, __________ a°[ ____ ]$vest.[ _______ ]7°0°[ a-re-ta₂ / _ p°u°-n°a°-s°o°[ ____ ]$vestigia[
1358	KN X 7557	KN X 7557, ki-do-ro _ [
1359	KN X 7559	KN X 7559, ka-ne-u-ta[
136	KN Od(1) 667	KN Od(1) 667, __________ 'k°u°-pi-ri-j°a°' _ LANA 1 _ M 2 _ P 4°[ ]°[•-•]-ku / _______ ke-[ _ ]-ja _ M 2 _ P 1°[ _____ ] _ sa-mu[ ___ ] 1 _ qo-ja-te _ P 1[
1360	KN X 7560	KN X 7560, u-ta-ni-jo _ [
1361	KN X 7562	KN X 7562, ]° _ $vest.[ ]°su-ki-ri[
1362	KN X 7564	KN X 7564, ko-no-so , / t°a°[
1363	KN X 7565	KN X 7565, ma-z°e°-to-[
1364	KN Vc(1) 7568	KN Vc(1) 7568, a-pi-ja-r°e°[
1365	KN X 7569	KN X 7569, ]°e-ki-si-j°o°[
1366	KN Fh 7571	KN Fh 7571, qo-pa-ra-[
1367	KN X 7572	KN X 7572, o-ki[ $inf. $mut.
1368	KN X 7573	KN X 7573, e-wa-[
1369	KN X 7574	KN X 7574, su-ko[ ↓ to-sa[
137	KN Od(1) 681	KN Od(1) 681, _____ e-na-po-na , o-nu , 'pa-i-ti-jo' e-ti-wa-ja-qe _ L°A°N°A°[ qo-ja-t°e° a-pu-do-ke , ti-ra _ [
1370	KN X 7576	KN X 7576, de-a[
1371	KN X 7580	KN X 7580, ke-m°e°[
1372	KN X 7581	KN X 7581, to-s°a°[
1373	KN X 7582	KN X 7582, o-pe[
1374	KN X 7583	KN X 7583, ]ka-ni-t°o°[
1375	KN X 7584	KN X 7584, da-wo , [
1376	KN Xd 7585	KN Xd 7585, te-ra₂[
1377	KN X 7589	KN X 7589, a-mo[
1378	KN X 7592	KN X 7592, da-*83[
1379	KN X 7603	KN X 7603, to-[
138	KN Od(1) 682	KN Od(1) 682, ] _ o-nu-ke _ LANA 5 ] $vac.
1380	KN X 7608	KN X 7608, qa-ta₂[
1382	KN X 7621	KN X 7621, $sup. $mut. $vest.[ wo-no[ $deest $deest qo-[ e-qe[ $inf. $mut.
1383	KN X 7622	KN X 7622, te-[ $inf. $mut.
1384	KN V(3) 7623	KN V(3) 7623, $sup. $mut. ke-t°o°[
1385	KN X 7627	KN X 7627, di-ki-mo[
1386	KN X 7628	KN X 7628, to-so / a-z°e°-t°o°[
1387	KN X 7629	KN X 7629, pa-i-to[
1388	KN Od(5) 7631	KN Od(5) 7631, o-ka-ra ,° [
1389	KN X 7632	KN X 7632, ru-ki-to[
139	KN Od(1) 687	KN Od(1) 687, ________________ t°i°-ra a-mi-ke-te-to / ne-ki-ri-si _ LANA 1
1390	KN X 7633	KN X 7633, tu-ni-ja ,° [
1391	KN X 7635	KN X 7635, ]° ___________ qa[ ]°a-wi-je-mo , _ [
1392	KN Bo 7642	KN Bo 7642, ku-do[
1393	KN X 7643	KN X 7643, me-ti-[•]-ta[
1394	KN X 7644	KN X 7644, ku-ko-wi-ra , _ [ __ $vac. ______ [
1395	KN X 7655	KN X 7655, da-*22[
1396	KN X 7659	KN X 7659, tu-n°i°[
1397	KN Ch 7668	KN Ch 7668, ku-re[
1398	KN X 7669	KN X 7669, a-pa-[
1399	KN Bo 7672	KN Bo 7672, ku-do[
14	KN Nc 5103	KN Nc 5103, wi-pi-o __ N 3[
140	KN Od(1) 688	KN Od(1) 688, __ ] _____________ e-ki ri-]jo-ni-ja , / to-sa _ LANA 30
1400	KN X 7673	KN X 7673, tu-ma-i[
1401	KN Dk(1) 7677	KN Dk(1) 7677, ]° _ ru-da-to _ [
1402	KN X 7692	KN X 7692, sa[
1403	KN X 7695	KN X 7695, ku-[
1404	KN X 7696	KN X 7696, na-[
1405	KN X 7697	KN X 7697, pu-[
1406	KN X 7699	KN X 7699, e-[
1407	KN X 7706	KN X 7706, ______________________ e-me-[ ru-wa-ni-jo , / da-wo , ___ [
1408	KN X 7708	KN X 7708, ]to-wo / ti-ri-to[
1409	KN X 7710	KN X 7710, ]-we-ja / ko[
141	KN Od(1) 689	KN Od(1) 689, ____________ ne-wo o-pi , po-po ______ LANA 4
1410	KN X 7712	KN X 7712, ] _______ [[p°o°-•-•]][ ]re-ki-si , / a[
1411	KN X 7715	KN X 7715, ]62 ]2
1412	KN X 7717	KN X 7717, ]8 ]1°
1413	KN X 7720	KN X 7720, ]ko-wa _ 3°[
1414	KN X 7722	KN X 7722, to-]sa / ne-wa[
1415	KN X 7725	KN X 7725, $sup. $mut. ]me-te _ 1°[ _ ]$vest.[ $inf. $mut.
1416	KN X 7728	KN X 7728, $sup. $mut. ]ko-ro _ [
1417	KN X 7735	KN X 7735, ]s°a°-to ,  [ ]qo-i-n°a°[
1418	KN X 7737	KN X 7737, _ $sup. $mut. ]a°-ze-ti-ri-ja[
1419	KN X 7739	KN X 7739, ] ________ [[ti-]][ ]di-*1°8° _______ [
142	KN Od(1) 690	KN Od(1) 690, o-pi _ a-to-mo-na _ LANA 2 o-pi , po-ro-i-ra _ LANA 2
1420	KN X 7741	KN X 7741,  ]de , da-*22-to-qe [ _ ]-ta ___ ri-no _ [
1421	KN X 7743	KN X 7743, [•]-ka-to _ s°i°[ pu-ta-ta _ [
1422	KN X 7744	KN X 7744, ]-no-no ,° si-r°a°[ _ $inf. $mut.
1423	KN X 7749	KN X 7749, ]-to-[ ]$vac.[ $inf. $mut.
1424	KN X 7750	KN X 7750, tu-ri[-so? ?tu-]ni-ja [ $inf. $mut.
1425	KN Od(4) 7752	KN Od(4) 7752, ] _____ ko[ ] ta-qa-ra[
1426	KN X 7753	KN X 7753, ]ki-ti-s°a°[
1427	KN X 7754	KN X 7754, ] ________ $vest.[ ]ra-ti-jo , [
1428	KN X 7758	KN X 7758, $sup. $mut. ]ta-de-s°o°[
1429	KN X 7759	KN X 7759, ]r°o° , / da-ra-ko , we-we-si-jo-jo [
143	KN L 696	KN L 696, ]ne-we , pe-ko-to *$164^1[ _______]e-pi-ro-pa-ja , / o-du-we 'te-o-p°o°-ri-ja' _ M 2[ ]i-jo-te , 'ku-su-a-ta-o' 11°[ ] LANA 2 _ M 1 ]j°o°-du-mi 'wo-ke' P 1°[ ________] $vac.
1430	KN X 7760	KN X 7760, ]$vest. / da-ra-ko[
1431	KN X 7763	KN X 7763, ]ki-ti-se-[
1432	KN X 7765	KN X 7765, ][[•-•]] _ [ ]pa-ta-re[
1433	KN X 7770	KN X 7770, ]de / ku-pa[
1434	KN X 7774	KN X 7774, si-ta-ro _ [
1435	KN X 7775	KN X 7775, ]re-u _ [
1436	KN Ga(3) 7776	KN Ga(3) 7776, ]$vest. / ma-sa [
1437	KN X 7778	KN X 7778, $sup. $mut. ]me-no _ [
1438	KN X 7784	KN X 7784, su-ri-m°o°[
1439	KN X 7789	KN X 7789, me-t°i°[ $inf. $mut.
144	KN Od(2) 714	KN Od(2) 714, ___________ a-*65-na _________ [° e-re-u-ti-ja ________ LANA 1 _ [°
1440	KN X 7791	KN X 7791, ra-ki-si[
1441	KN X 7794	KN X 7794, ] , u-a[
1442	KN X 7795	KN X 7795, ]ta-pa-no[
1443	KN X 7796	KN X 7796, $sup. $mut. ]ki-si[
1444	KN X 7799	KN X 7799, to-ro-[
1445	KN X 7801	KN X 7801, ]-ra[
1446	KN X 7804	KN X 7804, ]-je-mo[
1447	KN X 7810	KN X 7810, ]te-jo _ [
1448	KN X 7812	KN X 7812, $sup. $mut. ]-ta / me-[
1449	KN X 7814	KN X 7814, _ $sup. $mut. e-]r°e°-pa-te-jo-p°i°[
145	KN Od(2) 715	KN Od(2) 715, __________ e-re-u-ti-ja ta-wa-ko-to ___ LANA 1
1450	KN X 7816	KN X 7816, ]$vest. _ [ ] ___ ra-[
1451	KN X 7817	KN X 7817, ]-ru , [
1452	KN X 7820	KN X 7820, $sup. $mut. ]do-si _ [
1453	KN X 7822	KN X 7822, ]-si-j°o°[
1454	KN X 7823	KN X 7823, ] __ $vest.[ ] , _ po[
1455	KN X 7824	KN X 7824, ] _ te-[
1456	KN X 7828	KN X 7828, ]ma-r°i°[
1457	KN X 7829	KN X 7829, ]°ti-r°i°[
1458	KN X 7836	KN X 7836, ]2°3 _ [
1459	KN V(3) 7845	KN V(3) 7845, qa-[ sa-ma[ $vac. _ [
146	KN Od(2) 716	KN Od(2) 716, ]e-re-u-ti-ja ] ___________ LANA 4
1460	KN X 7846	KN X 7846, ]-w°o°-a __________ [ ]*$161 , to-te[
1461	KN X 7848	KN X 7848, ]si-ni-ja , me-[ ]7° ______ [ $inf. $mut.
1462	KN X 7860	KN X 7860, ]pi-ra₂-mo[ ]ra-su-to[
1463	KN X 7861	KN X 7861, ]re[ ]$vac.[
1464	KN X 7862	KN X 7862, $sup. $mut. ]no[
1465	KN X 7866	KN X 7866, $sup. $mut. _ ] _ $vest.[ ]re-ne[
1466	KN X 7872	KN X 7872, $sup. $mut. ] $vac. _ [ ]de _____ [ $inf. $mut.
1467	KN X 7873	KN X 7873, __$sup. $mut. _ ] _ $vest.[ ] _ qa-ra₂-r°i°[ _ ] _ q°a°-r°a₂°-r°i°[ __$inf. $mut. → __$sup. $mut. ]-na[ ] $vac. [ __$inf. $mut.
1468	KN X 7878	KN X 7878, ]1 ] $vac. $inf. $mut.
1469	KN X 7884	KN X 7884, ]z°a° / o-pe-ro[
147	KN Od(2) 718	KN Od(2) 718, a-mi-ni-s°o°[
1470	KN X 7888	KN X 7888, ] 70 ___ [ _ ]$vac.[ $inf. $mut.
1471	KN X 7891	KN X 7891, ku-ta-i-si-[
1472	KN X 7894	KN X 7894, ]t°a°-ti-jo[
1473	KN X 7895	KN X 7895, ]jo / e-[
1474	KN X 7897	KN X 7897, ] __________ $vest.[ ]ku-ta-ti-jo _____ [
1475	KN X 7900	KN X 7900, ] _ re-si-jo[
1476	KN X 7909	KN X 7909, ] ____ po[ ]pa / __ [ $inf. $mut.
1477	KN X 7910	KN X 7910, ]ko _ [
1478	KN X 7916	KN X 7916, ]-ke-ta[
1479	KN X 7918	KN X 7918, ka-ri-pi-jo , [
148	KN Od(5) 765	KN Od(5) 765, ] _______ pa-i°-to _________________ [ ]-ka-ra / _______ a-me-a _ LANA _ M [
1480	KN X 7924	KN X 7924, ]ta-wo[
1481	KN X 7926	KN X 7926, ]po[
1482	KN X 7930	KN X 7930, e[
1483	KN X 7932	KN X 7932, ]12[ ]2
1484	KN X 7935	KN X 7935, ]te-we[ $inf. $mut.
1485	KN X 7936	KN X 7936, $sup. $mut. ]-ja-no-r°i°[
1486	KN X 7944	KN X 7944, e-*1°8°[
1487	KN X 7947	KN X 7947, ]ma-ro , [
1488	KN X 7955	KN X 7955, di-ka-ta-d°e°[
1489	KN X 7965	KN X 7965, ja-q°o°[
149	KN Od(3) 1062	KN Od(3) 1062, LANA _ $PE 200 ___ [
1490	KN X 7966	KN X 7966, ]si-pe-[
1491	KN X 7976	KN X 7976, ]de-sa-t°o°[
1492	KN X 7985	KN X 7985, $sup. $mut. ]-se[
1493	KN Fh 7989	KN Fh 7989, u°[ $inf. $mut.
1494	KN X 7994	KN X 7994, ]re-wa _ [
1495	KN X 7995	KN X 7995, $sup. $mut. pte[
1496	KN X 7999	KN X 7999, ] _ 5 _ [
1497	KN X 8007	KN X 8007, $sup. $mut. ]6 _ [
1498	KN X 8010	KN X 8010, ]120 _ [
1499	KN X 8011	KN X 8011, ] 1 _ [°
15	KN Nc 5110	KN Nc 5110, _ $sup. $mut. ]-e ___ M°[
150	KN Od(3) 1063	KN Od(3) 1063, ]L°A°N°A° _ $PE 500
1500	KN X 8013	KN X 8013, ]6°3 _ [ ]68 __ [
1501	KN X 8017	KN X 8017, _ $sup. $mut. ] ________ $vest.[ ]-ja , da-mo-k°o°[ _ $inf. $mut.
1502	KN X 8024	KN X 8024, ]60 _ ] $vacat
1503	KN X 8031	KN X 8031, ] 95
1504	KN X 8042	KN X 8042, ]7° ] 3
1505	KN L 8043	KN L 8043, ] 100 ] $vac.
1506	KN X 8050	KN X 8050, ] 11
1507	KN X 8051	KN X 8051, ]6 _ [ ]3° _ [
1508	KN L(5) 8063	KN L(5) 8063, ]1° ]T°E°L°A°^x 1
1509	KN X 8066	KN X 8066, ]7°
151	KN Od 2026	KN Od 2026, ]wi-ri-za _ LANA [ ] _ $vac. _______ [
1510	KN X 8068	KN X 8068, ]6
1511	KN X 8070	KN X 8070, ]3 $inf. $mut.
1512	KN X 8072	KN X 8072, ] $vac. ]ja-mi-[•] $inf. $mut. → $vest.[ $inf. $mut.
1513	KN Xf 8104	KN Xf 8104, ]ku-we-jo ___ [
1514	KN X 8109	KN X 8109, ]$vest. , / pa-sa _ [
1515	KN X 8111	KN X 8111, ]200 ] $vacat
1516	KN X 8112	KN X 8112, $sup. $mut. ]-k°e°-[ ]e-we-o-s°i°[
1517	KN X 8113	KN X 8113, ]-no[
1518	KN X 8114	KN X 8114, ]9°
1519	KN X 8115	KN X 8115, $sup. $mut. _ ]$vac.[ ] $vac. ]$vest. $inf. $mut.
152	KN Od 5003	KN Od 5003, ] _ ki-ri-ta-i _ LANA 2°[ ] __ $vac. ________ [
1520	KN Xd 8126	KN Xd 8126, $sup. $mut. ]r°e° , / dwo-jo 1°
1521	KN Xd 8133	KN Xd 8133, ]ma-[
1522	KN Xd 8143	KN Xd 8143, ] 5
1523	KN Xf 8147	KN Xf 8147, ]de ] $vacat
1524	KN Xf 8148	KN Xf 8148, ka-[
1525	KN X 8164	KN X 8164, ]-se-wi-jo[ __ ]-r°i°-n°e°[ $inf. $mut.
1526	KN X 8167	KN X 8167, ]se-te-jo , m°e°[ ] _ $vac. _____ [
1527	KN Xf 8171	KN Xf 8171, ]2°0°5 ] $vest. __ [ $inf. $mut.
1528	KN X 8190	KN X 8190, ]j°o° / *56-k°o°[-we
1529	KN X 8191	KN X 8191, ] __ 'a°-[' $inf. $mut.
153	KN Od 5082	KN Od 5082, ']ni-ki-jo' _ L°A°N°A°[ ] _ $vac. ________ [
1530	KN X 8195	KN X 8195, $sup. $mut. _ ]r°a°[ ] _ po-[ ] _ × __ [
1531	KN Xg 8197	KN Xg 8197, ]ka-ta₂[
1532	KN Xg 8198	KN Xg 8198, $sup. $mut. ]k°o°-no[ $inf. $mut.
1533	KN Xg ‹8204›	KN Xg ‹8204›, ]ku-ku-m°o°[ ] _ $vac. _ [ $inf. $mut.
1534	KN Xg ‹8205›	KN Xg ‹8205›, $sup. $mut. k°i°[
1535	KN Xf 8211	KN Xf 8211, ]-si-ja , [ ]t°a°-ra-si-ja[
1536	KN Xf 8212	KN Xf 8212, ra-qa-r°a°-to[
1537	KN Xf 8213	KN Xf 8213, $sup. $mut. ]-mi-[
1538	KN Xf 8214	KN Xf 8214, $sup. $mut. ]te-re-u _ 1 __ [ ]r°u°-si ___ 1° __ [ $inf. $mut.
1539	KN Xf 8215	KN Xf 8215, $sup. $mut. ]p°a°-te-o [
1540	KN X 8260	KN X 8260, ] __ t°a°[ _ ] $vac. [
1541	KN X 8261	KN X 8261, ]ku-do-ni-ja[ ___ ]5° ____ [ ]ja , e-te[
1542	KN X 8266	KN X 8266, $sup. $mut. ] _______ $vac.[ ][•-•] / re[
1543	KN X 8267	KN X 8267, ] _______ ko-pu[ __ ] × p°o°-[ ____ ] ___ × [ ____ ] _____ [
1544	KN X 8270	KN X 8270, $sup. $mut. ] , e-te-wa-o [
1545	KN X 8272	KN X 8272, i-[
1546	KN X 8273	KN X 8273, $sup. $mut. ]-r°i°-j°a°[
1547	KN X 8282	KN X 8282, ]t°u°-ma[ $inf. $mut.
1548	KN X 8283	KN X 8283, ]ma[
1549	KN X 8293	KN X 8293, $sup. $mut. ] $vest. _ [ ]pi-ra₂-t°a°-j°e° _ [
155	KN Od 5558	KN Od 5558, _ $sup. $mut. ]n°u°-we , o-na _ LANA[
1550	KN X 8295	KN X 8295, ]°e°-pu₂-no[
1551	KN X 8296	KN X 8296, ]qa-ra-[
1552	KN Fh 8297	KN Fh 8297, qe-r°a°[
1553	KN X 8301	KN X 8301, ]q°a°-ta-[ $inf. $mut.
1554	KN X 8308	KN X 8308, $sup. $mut. ta-r°o°-[
1555	KN X 8312	KN X 8312, ]m°i°-ja[
1556	KN X 8314	KN X 8314, $sup. $mut. ]k°e° ____ [ ] ____ wa[
1557	KN X 8319	KN X 8319, ]1°0°5
1558	KN X 8323	KN X 8323, ] _ 9 __ [
1559	KN X 8324	KN X 8324, ]11
156	KN Dk(1) 5620	KN Dk(1) 5620, _ $sup. $mut. ]LANA 1°[
1560	KN X 8325	KN X 8325, ]12
1561	KN X 8327	KN X 8327, ] _ 18 _ [ $inf. $mut.
1562	KN X 8328	KN X 8328, ]j°o° _______ [ ↓ ]20 __ 20 _ [ ]2 ____ 4 _ [
1563	KN X 8329	KN X 8329, ]3°5 ____ [ _ ] $vac. [
1564	KN Ak(4) 8330	KN Ak(4) 8330, ] _ 43[
1565	KN X 8502	KN X 8502, ]a-ke-o-jo[ ] $vest._ [ $inf. $mut.
1566	KN X 8506	KN X 8506, a°[
1567	KN X 8509	KN X 8509, ]p°e°-ro _ [ ] ____ 1°0°[
1568	KN V(3) 8514	KN V(3) 8514, ] _ e-u-ko[ ] $vac.? [
1569	KN X 8518	KN X 8518, $sup. $mut. e°-[ $inf. $mut.
157	KN Od 5711	KN Od 5711, ]LANA 1[ ]LANA 1[
1570	KN X 8523	KN X 8523, $sup. $mut. ]-i ___ [ ]$vest.? [ $inf. $mut.
1571	KN X 8524	KN X 8524, ]d°e°[ $inf. $mut.
1572	KN X 8526	KN X 8526, $sup. $mut. ]m°i°-ja[
1573	KN X 8527	KN X 8527, $sup. $mut. ]ja[
1574	KN X 8528	KN X 8528, $sup. $mut. ]w°e°-j°a°[ _ ]$vest.[ $inf. $mut.
1575	KN X 8530	KN X 8530, ]-jo / pu-so ,° p°i°-r°u°[
1576	KN Ak(2) 8531	KN Ak(2) 8531, ]j°o°-e°[ _ $inf. $mut.
1577	KN Og 8532	KN Og 8532, $sup. $mut. ]$vest. / q°e°-j°a°-me-no [ _______ ] _ P° _ 3°0[ $inf. $mut.
1578	KN X 8533	KN X 8533, ] _______ $vac.[ ]-jo , / $vest.[
1579	KN X 8538	KN X 8538, $sup. $mut. ]ka-[
158	KN Dk(1) 5758	KN Dk(1) 5758, ]'1°' $o LANA 12 [
1580	KN X 8540	KN X 8540, ka-[
1581	KN X 8543	KN X 8543, ]$vest.[ ↓ ]ke-r°a°[
1582	KN X 8545	KN X 8545, $sup. $mut. ]k°i°[ $inf. $mut.
1583	KN X 8549	KN X 8549, ko[ $inf. $mut. ↓
1584	KN X 8550	KN X 8550, $sup. $mut. ]-k°o°-[ $inf. $mut.
1585	KN X 8552	KN X 8552, $sup. $mut. ]k°u°-t°a°[
1586	KN X 8564	KN X 8564, ] ____ a[ ]m°a° / _ [ $inf. $mut. → ]$vest.[ $inf. $mut.
1587	KN X 8567	KN X 8567, $sup. $mut. ]$vest.[ _ ]mi-[ $inf. $mut.
1588	KN X 8570	KN X 8570, ]°ru-w°a°[ $inf. $mut.
1589	KN X 8571	KN X 8571, ]-na , wo[
159	KN Od 5846	KN Od 5846, ] $vacat _ [ ] $vacat _ [ ] 10 _ LANA[
1590	KN X 8580	KN X 8580, $sup. $mut. ]k°u° / p°o°[
1591	KN X 8581	KN X 8581, ]p°o°[
1592	KN X 8584	KN X 8584, ]qa-[
1593	KN X 8590	KN X 8590, ]ro / k°u°-t°a°-t°o°[
1594	KN X 8591	KN X 8591, ]-u[ $inf. $mut.
1595	KN X 8595	KN X 8595, ]sa-n°u°-[ $inf. $mut.
1596	KN X 8603	KN X 8603, $sup. $mut. su-[
1597	KN X 8604	KN X 8604, $sup. $mut. _____ ]$vac.[ ] $vest.? ] $vac. $inf. $mut.
1598	KN X 8607	KN X 8607, ]ta[
1599	KN X 8609	KN X 8609, $sup. $mut. ]t°e°-ru[ $inf. $mut.
16	KN Nc 5112	KN Nc 5112, ku-[
160	KN Od 5966	KN Od 5966, $sup. $mut. ___ ]$vest.[ [•]-jo-[ LANA _ M 2[
1600	KN X 8610	KN X 8610, te[ $inf. $mut.
1601	KN X 8614	KN X 8614, to-s°a°[
1602	KN X 8615	KN X 8615, ]to-so[ $inf. $mut.
1603	KN X 8616	KN X 8616, $sup. $mut. ]-t°o°[
1604	KN X 8617	KN X 8617, tu[ $inf. $mut.
1606	KN X 8621	KN X 8621, ] _______ $vest.[ ]-w°a°-ja _ $vest.[
1607	KN X 8624	KN X 8624, e°[ wa[ $inf. $mut. ↓
1608	KN X 8625	KN X 8625, ]we-si-jo-jo _ [ ]-ri-jo __ [
1609	KN X 8626	KN X 8626, ]ko-we[ $inf. $mut.
161	KN Dp 7298	KN Dp 7298, ]LANA 250
1610	KN X 8627	KN X 8627, ]w°e°-i°-[ $inf. $mut.
1611	KN X 8632	KN X 8632, $sup. $mut. w°o°-p°i°[
1612	KN Dv 8634	KN Dv 8634, ]-z°a°-r°a°-ro[
1613	KN X 8641	KN X 8641, ]$vest.?
1614	KN X 8645	KN X 8645, ]4°
1615	KN Fh 8646	KN Fh 8646, ]2°
1616	KN X 8647	KN X 8647, ]1 _ [
1617	KN Np(2) 8648	KN Np(2) 8648, ]1
1618	KN X 8650	KN X 8650, ]6 _ [
1619	KN X 8651	KN X 8651, ]3° ] $vacat
162	KN Od 7302	KN Od 7302, ]-ri _ LANA 4 _ [
1620	KN X 8655	KN X 8655, ]1°[ ]$vest.[
1621	KN X 8656	KN X 8656, ]3°2 __ [ ]3 ___ [
1622	KN X 8657	KN X 8657, ]21°[
1623	KN X 8658	KN X 8658, ]1°8° _ [ ]7°[ ]$vest.[
1624	KN X 8659	KN X 8659, ]6°6 _ [ $deest
1625	KN X 8660	KN X 8660, ]30 _ [°
1626	KN X 8661	KN X 8661, $sup. $mut. ] _________ $vest.[ ]$vest. / t°e°-j°a°-r°o° [
1627	KN Dh(2) 8663	KN Dh(2) 8663, $sup. $mut. ]$k°i° O°V°I°S°^m° [ ] _ $vac.? _ [ $inf. $mut.
1628	KN X 8664	KN X 8664, $sup. $mut. ]3°0[ $inf. $mut.
1629	KN X 8665	KN X 8665, $sup. $mut. ] _ 2°0°[
163	KN Od(4) 7305	KN Od(4) 7305, ]2° _ LANA 12[
1630	KN X 8668	KN X 8668, su-[ $inf. $mut.
1631	KN Ak(2) 8669	KN Ak(2) 8669, $sup. $mut. ]9 _ [ ]$vac.[ $inf. $mut.
1632	KN X 8670	KN X 8670, $sup. $mut. _ ]6 _ [ ]$vac.[ $inf. $mut.
1633	KN X 8675	KN X 8675, ]12[ ]$vac.[ $inf. $mut.
1634	KN X 8676	KN X 8676, $sup. $mut. ]2[ ]1°0[
1635	KN X 8677	KN X 8677, $sup. $mut. ]2°[ ]4 _ [
1636	KN X 8678	KN X 8678, ]$vest.[ $inf. $mut. ↓ $sup. $mut. ]80 _ [
1637	KN X 8679	KN X 8679, ]9°2 _ [ $inf. $mut.
1638	KN X 8682	KN X 8682, ]3 __ [ _ $inf. $mut.
1639	KN X 8685	KN X 8685, ]20[ $inf. $mut.
164	KN Dk(1) 7307	KN Dk(1) 7307, ]1° ]3 _ $o LANA 10
1640	KN X 8689	KN X 8689, ]1°0°[ $inf. $mut.
1641	KN X 8693	KN X 8693, ] 3°1°[ $inf. $mut.
1642	KN X 8695	KN X 8695, $sup. $mut. ]2 _ [ $inf. $mut.
1643	KN X 8699	KN X 8699, ]100[ $inf. $mut.
1644	KN X 8709	KN X 8709, se-to[
1645	KN X 8721	KN X 8721, $sup. $mut. ]$vest. ] 1 ] $vac. ]$vest. $inf. $mut.
1646	KN X 8723	KN X 8723, $sup. $mut. ]q°a°[ $inf. $mut.
1647	KN X 8725	KN X 8725, $sup. $mut. ]$vest. _ [
1648	KN X 8727	KN X 8727, ]i°[ $inf. $mut.
1649	KN X 8732	KN X 8732, ma[
165	KN Od 7309	KN Od 7309, ]2 _ LANA 32[ ↓ ]8
1650	KN X 8733	KN X 8733, o-[ $inf. $mut.
1651	KN X 8735	KN X 8735, $sup. $mut. qa[
1652	KN X 8736	KN X 8736, $sup. $mut. ]r°a°-n°o°[
1653	KN X 8737	KN X 8737, ]-r°e°[ $inf. $mut.
1654	KN X 8739	KN X 8739, $sup. $mut. ]-sa[
1655	KN X 8743	KN X 8743, $sup. $mut. ]$vest. / s°a°[ $inf. $mut.
1656	KN X 8744	KN X 8744, $sup. $mut. ]w°e°-k°o° , [
1657	KN X 8745	KN X 8745, ]1
1658	KN X 8746	KN X 8746, ]1
1659	KN X 8747	KN X 8747, $sup. $mut. ]3°[ $inf. $mut.
166	KN Od(2) 7310	KN Od(2) 7310, ']ra' _ LANA 5[
1660	KN X 8750	KN X 8750, $sup. $mut. ]d°a°-r°a°[
1661	KN X 8763	KN X 8763, $sup. $mut. a°[
1662	KN X 8765	KN X 8765, $sup. $mut. ]-i°[ $inf. $mut.
1663	KN X 8766	KN X 8766, $sup. $mut. $vest.[ $vest.?[ $inf. $mut.
1664	KN X 8767	KN X 8767, ]d°a°[ $inf. $mut.
1665	KN X 8768	KN X 8768, $sup. $mut. ]$vest. / ki-ri-ta-d°e° [
1666	KN X 8769	KN X 8769, $sup. $mut. ]m°e°[
1667	KN X 8770	KN X 8770, ]n°o° _ [ $inf. $mut.
1668	KN X 8771	KN X 8771, $sup. $mut. ]ri-[
1669	KN X 8773	KN X 8773, ]-t°a°[ $inf. $mut.
167	KN Od(5) 7312	KN Od(5) 7312, ]n°e° _ LANA _ M 4°[
1670	KN X 8774	KN X 8774, ]t°a°-[ $inf. $mut.
1671	KN Xd 8775	KN Xd 8775, _ $sup. $mut. ]ti-ri[ _ $inf. $mut. → _ $sup. $mut. ]j°e°-u°[ _ $inf. $mut.
1672	KN X 8780	KN X 8780, w°o°[
1673	KN X 8781	KN X 8781, $sup. $mut. ]2°0°[
1674	KN X 8782	KN X 8782, ]1° ] $vac.
1675	KN X 8783	KN X 8783, ]1° $inf. $mut.
1676	KN X 8784	KN X 8784, $sup. $mut. ]1° _ [
1677	KN X 8785	KN X 8785, ]1°
1678	KN X 8786	KN X 8786, ]1°
1679	KN X 8808	KN X 8808, ]i°[ _ ]3°[ $inf. $mut. → ]$vest.[ $inf. $mut.
168	KN Od 7317	KN Od 7317, ]15 _ LANA _ 3 _ [ ___ ] _ $vac. ___ [
1680	KN X 8809	KN X 8809, ]j°a°[ $inf. $mut.
1681	KN X 8811	KN X 8811, ]m°i°[ $inf. $mut.
1682	KN F 8812	KN F 8812, ] _ C°Y°P°[ $inf. $mut.
1683	KN X 8814	KN X 8814, ]-n°o°[ $inf. $mut.
1684	KN X 8815	KN X 8815, ]n°o°[ $inf. $mut.
1685	KN X 8817	KN X 8817, ]-t°e°-a°[
1686	KN X 8822	KN X 8822, $sup. $mut. ]1°0° _ [ ]$vac.[ $inf. $mut.
1687	KN X 8823	KN X 8823, $sup. $mut. ] _ 2°[
1688	KN X 8824	KN X 8824, $sup. $mut. ]2°[
1689	KN X 8825	KN X 8825, $sup. $mut. ] _ 1 _ [°
169	KN Od(1) 7324	KN Od(1) 7324, ] _ LANA 5°0[ ] _ $vac. _ [
1690	KN X 8830	KN X 8830, ]1°
1691	KN X 8832	KN X 8832, ]-mo-r°e°[
1692	KN X 8833	KN X 8833, ]te-ja[
1693	KN X 8838	KN X 8838, ]k°i°-r°o° ___ [ ]w°i°-p°i°-jo _ [ $inf. $mut.
1694	KN X 9007	KN X 9007, ]°a₃-ti-n°u°[ →? ][[ $vest. ]][°
1695	KN X 9011	KN X 9011, $sup. $mut. ]ri-wa[
1696	KN Ga(2) 9013	KN Ga(2) 9013, $sup. $mut. ]$vest.[ ]-we-ri[ $inf. $mut.
1697	KN X 9014	KN X 9014, ]-we-*1°9°-[
1698	KN X 9015	KN X 9015, a-mi-n°i°[-]s°o°-d°e° , [
1699	KN X 9019	KN X 9019, ] _ 15°[ $inf. $mut.
17	KN Nc 5117	KN Nc 5117, ]-ta , _ M _ 1° [
170	KN Od(5) 7326	KN Od(5) 7326, $sup. $mut. ]-we _ LANA _ M[
1700	KN X 9020	KN X 9020, $sup. $mut. ] $vest. [ ]t°o°[ $inf. $mut.
1701	KN X 9022	KN X 9022, ]-dwo[ $inf. $mut.
1702	KN X 9024	KN X 9024, $sup. $mut. ]1 _ [
1703	KN X 9025	KN X 9025, $vest.[
1704	KN X 9026	KN X 9026, ]$vest.[ $inf. $mut.
1705	KN X 9029	KN X 9029, $sup. $mut. ]w°o°[
1706	KN X 9032	KN X 9032, ]3° [ $inf. $mut.
1707	KN X 9033	KN X 9033, ]$deest[ $inf. $mut.
1708	KN X 9034	KN X 9034, $sup. $mut. ]$vac.[ $inf. $mut.
1709	KN X 9036	KN X 9036, $sup. $mut. ]$deest[ $inf. $mut.
171	KN Od 7388	KN Od 7388,  ]ta _ LANA 1 _ [ ] _ da-i-ra _ [
1710	KN X 9041	KN X 9041, $sup. $mut. ]d°a°-[
1711	KN Od(1) 524	KN Od(1) 524, _ $sup. $mut. ]°o°-pi po-po[ ]°o-pi ta-qa-ra-te[
1712	KN X 9044	KN X 9044, $s°u°p°. $m°u°t°. ]-j°a° [
1713	KN Od(1) 537	KN Od(1) 537, _ $sup. $mut. ]25 _ me-ki-t°a°[ ]2 _ o-pi i-ta-ja[
1714	KN Od(1) 544	KN Od(1) 544, ______________ pe-re-ko[ _____] da-*22-ti-ja / a-ze-ti-r°i°[-ja ] LANA 1
1716	KN Xe 664	KN Xe 664, ke-ke-me-n°a°[
1717	KN Od(1) 691	KN Od(1) 691, o-pi , re-mo[ o-pi _ qo-u°[
1719	KN Xe 5361	KN Xe 5361, ]-so[ _ $inf. $mut.
172	KN Od(5) 7779	KN Od(5) 7779, ] LANA _ M 2 _ N[
1720	KN Od(1) 5540	KN Od(1) 5540, _ ']e-ta-wo-ne' _ re-po-so _ [ ]we-ke-se _ 'e-ta-wo-n°e°' _ [
1722	KN X 9045	KN X 9045, $sup. $mut. ]k°a°[ $inf. $mut.
1723	KN X 9047	KN X 9047, $sup. $mut. ] , k°o°[
1724	KN X 9050	KN X 9050, $sup. $mut. ]r°o° _ [
1725	KN X 9051	KN X 9051, $sup. $mut. ]t°i°[ $inf. $mut.
1726	KN X 9052	KN X 9052, $sup. $mut. ] _ 1° _ [ $inf. $mut.
1727	KN X 9054	KN X 9054, $sup. $mut. ]$vest.[ $inf. $mut.
1728	KN X 9055	KN X 9055, $sup. $mut. ]4°0[ $inf. $mut.
1729	KN X 9056	KN X 9056, $sup. $mut. ]$vac.[ ] _ $vest.[ $inf. $mut.
173	KN Dk(1) 7927	KN Dk(1) 7927, ]1°10 _ L°A°N°A°[ $inf. $mut.
1730	KN X 9057	KN X 9057, $sup. $mut. ]$vac.[ ]$vac.[ $inf. $mut.
1731	KN X 9059	KN X 9059, $sup. $mut. $]$vest.[ $inf. $mut.
1732	KN X 9060	KN X 9060, ]$vest.[
1733	KN X 9075	KN X 9075, wi-[
1734	KN X 9182	KN X 9182, ] $vac. [ ]we _ o°[
1735	KN X 9184	KN X 9184, ]a°-te-we-i[ _ ]de[ $l°a°t°. $i°n°f°.
1736	KN X 9185	KN X 9185, $sup. $mut. ]a-[ $inf. $mut.
1737	KN X 9186	KN X 9186, ]*4°7°-d°a°-d°e°[ $inf. $mut.
1738	KN X 9187	KN X 9187, ]do-ti[
1739	KN X 9188	KN X 9188, $sup. $mut. ]ja / po-ni-k°i°[
174	KN Od 8044	KN Od 8044, ]L°A°N°A° 2 ] $vac.
1740	KN X 9189	KN X 9189, $sup. $mut. ja-[ wi-ja-m°a°[ $inf. $mut. →
1741	KN X 9190	KN X 9190, $sup. $mut. ]-ja , nu-se[
1742	KN X 9191	KN X 9191, ] ________ sa-pa-ka-t°e°[-ri-ja ]d°e° , / u-ta-no , _ [
1743	KN X 9192	KN X 9192, ]j°a°-[ $inf. $mut.
1744	KN D 9193	KN D 9193, ]ka _ O°V°I°S°^x[ $inf. $mut.
1745	KN X 9194	KN X 9194, $sup. $mut. ]n°a°-[
1746	KN X 9196	KN X 9196, $sup. $mut. ]-s°o° / pa-i-[
1747	KN V(3) 9197	KN V(3) 9197, $sup. $mut. ]pe-qe-[
1748	KN X 9198	KN X 9198, ]$vest. / pe-ri-to-wo , d°o°-e[
1749	KN X 9201	KN X 9201, ]d°a°-p°u°[ ]-w°e°-[
175	KN Od 8196	KN Od 8196, __ we-we-si-jo-jo _________ [ _____________ $o L°A°N°A°[
1750	KN X 9202	KN X 9202, ra[
1751	KN X 9203	KN X 9203, ]-ri-ko[
1752	KN X 9204	KN X 9204, ]ro / ku-[
1753	KN X 9205	KN X 9205, ]r°a°-su-t°o°[ $inf. $mut.
1754	KN X 9206	KN X 9206, $sup. $mut. ]-t°a°[
1755	KN X 9207	KN X 9207, ]te-j°o°[ ]$vest.[ $inf. $mut.
1756	KN X 9208	KN X 9208, ]n°a°-so[ $i°n°f°. $m°u°t°.
1757	KN X 9209	KN X 9209, ]-to , _ [
1758	KN X 9210	KN X 9210, $sup. $mut. ]wa[ $inf. $mut.
1759	KN X 9211	KN X 9211, $sup. $mut. e°-r°a°[ $inf. $mut.
176	KN Od 8202	KN Od 8202, ] ______ wi-ri-za ]$vest. / su-ri-mo ___ LANA 1
1760	KN X 9212	KN X 9212, $sup. $mut. ] _ z°o°[
1761	KN X 9213	KN X 9213, $sup. $mut. j°o°-[
1762	KN X 9214	KN X 9214, ] 9°[ $inf. $mut.
1763	KN X 9215	KN X 9215, $sup. $mut. ]40[ ]$vac.[
1764	KN X 9216	KN X 9216, ]50 _ [ $inf. $mut.
1765	KN X 9217	KN X 9217, $sup. $mut. ]6°0°[ $inf. $mut.
1766	KN Od 9218	KN Od 9218, _ ] $vac. [ ]L°A°N°A° 2[ $inf. $mut.
1767	KN X 9219	KN X 9219, $sup. $mut. ]4 _ [
1768	KN X 9220	KN X 9220, ] $vac. ↓ ] 1
1769	KN X 9221	KN X 9221, ]1
177	KN Dl(1a) 8465	KN Dl(1a) 8465, ]L°A°N°A° [ ]LANA 5° _ $o° L°A°N°A°[
1770	KN X 9222	KN X 9222, ] $vac.
1771	KN X 9223	KN X 9223, $sup. $mut. _ ] $vac. [ ] $vac. _ [
1772	KN X 9224	KN X 9224, ]$vest.[ ]$vac. _ [
1773	KN X 9225	KN X 9225, $sup. $mut. ]$vac.[ ]$vac. [
1774	KN X 9226	KN X 9226, $sup. $mut. ]$vac.[ ]$vest.[ $inf. $mut.
1775	KN X 9227	KN X 9227, $sup. $mut. ]$deest[
1776	KN X 9228	KN X 9228, r°i°[
1777	KN X 9229	KN X 9229, ]$deest[
1778	KN X 9230	KN X 9230, ____ ]$vac.[ ]$vac.[
1779	KN X 9231	KN X 9231, $sup. $mut. ]$deest[ $inf. $mut.
178	KN Od 8563	KN Od 8563, $sup. $mut. ]n°e°-a° _ L°A°N°A° [
1780	KN Ws 9232	KN Ws 9232, $sup. $mut. ]$deest[ $inf. $mut.
1781	KN X 9233	KN X 9233, $sup._$mut. ]$deest[ $inf. $mut.
1782	KN Sc 9237	KN Sc 9237, $sup. $mut. ]1° _ B°I°G°[
1783	KN X 9238	KN X 9238, $vest.[
1784	KN X 9239	KN X 9239, $sup. $mut. ]$vest.[
1785	KN X 9240	KN X 9240, $sup. $mut. ]$vest.[
1786	KN X 9241	KN X 9241, $sup. $mut. ]$deest[
1787	KN X 9247	KN X 9247, ]a°-[ $inf. $mut.
1788	KN X 9248	KN X 9248, $sup. $mut. ]u°-d°a°-[
1789	KN X 9249	KN X 9249, ]di-jo[
179	KN Od(5) 8628	KN Od(5) 8628, ] LANA _ M 1°[
1790	KN X 9250	KN X 9250, ]ja _ 1°[ ] $vac. _ [
1791	KN X 9251	KN X 9251, $s°u°p°._$m°u°t°. ]_$deest_[ ]w°a°[
1792	KN X 9252	KN X 9252, $sup. $mut. ]j°o° _ w°i°-[ $inf. $mut.
1793	KN X 9253	KN X 9253, ]j°o°-a°[ $inf. $mut.
1794	KN X 9254	KN X 9254, $sup. $mut. ]k°a°[
1795	KN X 9255	KN X 9255, $sup. $mut. ]j°e°-r°a°[ ]$vest.[ $inf. $mut.
1796	KN X 9256	KN X 9256, $sup. $mut. ]-k°e°[
1797	KN X 9258	KN X 9258, ]k°o°[ $inf. $mut.
1798	KN X 9259	KN X 9259, ]*4°7°-d°e°[
1799	KN X 9260	KN X 9260, $sup. $mut. ]n°i°-ja[
18	KN Nc 5120	KN Nc 5120, ] _ M [
180	KN Od 8722	KN Od 8722, ] $vac. ]L°A°N°A° 2°0°
1800	KN X 9261	KN X 9261, $sup. $mut. ]k°o°[
1801	KN X 9262	KN X 9262, k°e°[ $inf. $mut.
1802	KN X 9263	KN X 9263, ]s°e°-u°[ $inf. $mut.
1803	KN X 9264	KN X 9264, ]t°o°[ $inf. $mut.
1804	KN X 9265	KN X 9265, $sup. $mut. ]w°a°[
1805	KN X 9266	KN X 9266, $sup. $mut. ]w°a°[ $inf. $mut.
1806	KN X 9267	KN X 9267, $sup. $mut. ]w°o°[
1807	KN X 9270	KN X 9270, $sup. $mut. ] 1 [
1808	KN X 9271	KN X 9271, ] _ a°[ $inf. $mut.
1809	KN X 9273	KN X 9273, ]1° _ [
181	KN Dk(1) 9004	KN Dk(1) 9004, ]LANA 10[ $inf. $mut.
1810	KN Ai(4) 9274	KN Ai(4) 9274, $sup. $mut. ]2° _ [
1811	KN X 9275	KN X 9275, ] _ o-[
1812	KN X 9276	KN X 9276, $sup. $mut. __ ]$vest.[ ] $vac. [
1813	KN D 9277	KN D 9277, $sup. $mut. _ ]O°V°I°S°^m° __ 1°0°[ _____ ]$vest.[ ] _ $vac. [ ______ ] $vac. [
1814	KN X 9278	KN X 9278, $sup. $mut. ]$vest.[ $inf. $mut.
1815	KN X 9279	KN X 9279, ] $vac. _ $inf. $mut.
1816	KN X 9280	KN X 9280, _ $sup. $mut. ] $vac. [
1817	KN X 9281	KN X 9281, $sup. $mut. ] $vest. [
1818	KN X 9282	KN X 9282, $sup. $mut. ] $vest. [ $i°n°f°. $m°u°t°.
1819	KN X 9285	KN X 9285, ]$vest. $inf. $mut.
182	KN Od 9039	KN Od 9039, $sup. $mut. ]$vest. _ [ ] _ $o° L°A°N°A°[ $inf. $mut.
1820	KN X 9286	KN X 9286, ] $vac. [
1821	KN Vf 9296	KN Vf 9296, ]-si[
1822	KN X 9300	KN X 9300, ]ma-w°e°[ $inf. $mut.
1823	KN Od 9303	KN Od 9303, $sup. $mut. ]L°A°N°A°[
1824	KN X 9310	KN X 9310, a-[
1825	KN X 9311	KN X 9311, a-[
1826	KN X 9312	KN X 9312, a-du[
1827	KN X 9313	KN X 9313, $sup. $mut. ] , a-pu-ki-[ _ ]$vac.[ $inf. $mut. fr._separatum (B) $sup. $mut. ]e°-u°-no[ ]$vest.[ $inf. $mut.
1828	KN X 9314	KN X 9314, da-wo ,°[
183	KN Od 9245	KN Od 9245, ]LANA 4 M 1°[ _ ]$vest.[ $inf. $mut.
1830	KN X 9316	KN X 9316, $sup. $mut. ]j°a° ,° [ $inf. $mut.
1831	KN Vf 9317	KN Vf 9317, $sup. $mut. ] _____ $vac.[ ]j°a° _ / $vac.[
1832	KN X 9319	KN X 9319, $sup. $mut. ]n°i°-jo , _ [
1833	KN X 9321	KN X 9321, ku-ta-[
1834	KN X 9323	KN X 9323, ]°sa-ma[
1835	KN Uf(3) 9324	KN Uf(3) 9324, ]na __ [ ]$vest.[ $inf. $mut.
1836	KN X 9325	KN X 9325, $sup. $mut. ]n°e°[ $inf. $mut.
1837	KN X 9326	KN X 9326, ]ne-ja ,° [ $inf. $mut.
1838	KN X 9327	KN X 9327, ]s°e°-to-i-j°o°[
1839	KN X 9329	KN X 9329, e°-[
184	KN Dk(1) 9246	KN Dk(1) 9246, ]1°0°0° L°A°N°A°[
1840	KN Cf 9330	KN Cf 9330, pa-r°o°[
1841	KN X 9331	KN X 9331, $sup. $mut. ]t°a°-n°o°[
1842	KN X 9333	KN X 9333, ] ra-wo-q°o°-n°o°[ $inf. $mut.
1843	KN X 9335	KN X 9335, $sup. $mut. ]r°o°[
1844	KN X 9337	KN X 9337, $sup. $mut. ]t°a°-[
1845	KN X 9338	KN X 9338, $sup. $mut. ]-ta₂-m°o°[ ] $vac.[ $inf. $mut.
1846	KN X 9339	KN X 9339, ]pi-ra-k°i°[
1847	KN X 9340	KN X 9340, $sup. $mut. ]k°e°-[
1848	KN X 9341	KN X 9341, tu-ni-j°o°[
1849	KN X 9342	KN X 9342, ]13°0[
185	KN Dk(1) 9302	KN Dk(1) 9302, $sup. $mut. ]LANA 1°0°[
1851	KN X 9345	KN X 9345, ]44 __ [ $inf. $mut.
1852	KN X 9347	KN X 9347, ]3 ] $vac.
1853	KN X 9348	KN X 9348, ]8 [
1854	KN X 9349	KN X 9349, ]2[
1855	KN X 9350	KN X 9350, ]5°0[ $inf. $mut.
1856	KN X 9351	KN X 9351, $sup. $mut. ]-s°i°-r°o°[ $inf. $mut.
1857	KN X 9353	KN X 9353, ]j°o°[
1858	KN Cf 9354	KN Cf 9354, pa-r°o°[
1859	KN X 9356	KN X 9356, ]w°e°[ $inf. $mut.
186	KN Dk(1) 9304	KN Dk(1) 9304, ]2° LANA[
1860	KN X 9357	KN X 9357, ] _ $vest.[ $inf. $mut.
1861	KN X 9359	KN X 9359, _ $sup. $mut. ] _ $vac. _ [ ]$vac. _ [ _ $inf. $mut.
1862	KN Bk 9363	KN Bk 9363, $sup. $mut. ]-*5°6°[ ]2° _ [ $inf. $mut.
1863	KN X 9365	KN X 9365, $sup. $mut. ]i°-[ $inf. $mut.
1864	KN X 9366	KN X 9366, $sup. $mut. ]-j°a°[ $inf. $mut.
1865	KN X 9367	KN X 9367, ]ja ,° _ [ $inf. $mut.
1866	KN X 9368	KN X 9368, ]k°o°[ $inf. $mut.
1867	KN X 9369	KN X 9369, $sup. $mut. ]k°a°[ $inf. $mut.
1868	KN X 9371	KN X 9371, $sup. $mut. ]-p°i°[ $inf. $mut.
1869	KN X 9372	KN X 9372, ]qo[ $inf. $mut.
187	KN Od 9305	KN Od 9305, $sup. $mut. ___ ]20[ __]12° LANA[
1870	KN X 9373	KN X 9373, $sup. $mut. ]$vac.[ ]j°a°[ $inf. $mut.
1871	KN X 9374	KN X 9374, $sup. $mut. ][[$vac.]][ ]t°e°[ $inf. $mut.
1872	KN X 9375	KN X 9375, ]t°o° __ o°[ __ ]$vac.[ $inf. $mut.
1873	KN X 9376	KN X 9376, $sup. $mut. ] _ t°o°[
1874	KN X 9377	KN X 9377, ]w°i°[ $inf. $mut.
1875	KN X 9378	KN X 9378, ]$vest. _ [ $inf. $mut.
1876	KN X 9379	KN X 9379, ]1°1°0°[ $inf. $mut.
1877	KN X 9380	KN X 9380, $sup. $mut. ]$vac.[ ]3°1°[ $inf. $mut.
1878	KN X 9382	KN X 9382, ] _ 1°0° _ [
1879	KN X 9383	KN X 9383, $sup. $mut. ]$vac.[ ]4 _ [ $inf. $mut.
188	KN Od 9360	KN Od 9360, $sup. $mut. ]LANA 6   
1880	KN X 9384	KN X 9384, $sup. $mut. ]2
1881	KN X 9385	KN X 9385, $sup. $mut. ]$vest.[ ]$vest.[
1882	KN X 9386	KN X 9386, $sup. $mut. ]2° _ [
1883	KN X 9387	KN X 9387, $sup. $mut. ]2°[ ][[$vac.]][ $inf. $mut.
1884	KN X 9389	KN X 9389, ]1° _ [
1885	KN X 9390	KN X 9390, $sup. $mut. ]1°1° [
1886	KN X 9391	KN X 9391, ]$vest., / [
1887	KN X 9392	KN X 9392, ] _ 1°[ $inf. $mut.
1888	KN X 9393	KN X 9393, ] 1° [ $inf. $mut.
1889	KN X 9394	KN X 9394, $sup. $mut. _ ]$vac.[ ] $vac. [
189	KN Od 9414	KN Od 9414, ] LANA [ __ ]2°2[ ] LANA 13 __[
1890	KN X 9395	KN X 9395, $sup. $mut. ] $vac.[ ] $vest.[ $inf. $mut.
1891	KN X 9396	KN X 9396, $sup. $mut. ] $vest. [ ] $vac. [ $inf. $mut.
1892	KN X 9397	KN X 9397, $sup. $mut. ] $vac. [ ] $vac. [ $inf. $mut.
1893	KN X 9398	KN X 9398, $sup. $mut. ] $vac. [ ] $vac. [ $inf. $mut.
1894	KN X 9399	KN X 9399, $sup. $mut. ] $vac. [ $inf. $mut.
1895	KN X 9400	KN X 9400, $sup. $mut. ] $vac.
1896	KN X 9401	KN X 9401, ] $vac.
1897	KN X 9402	KN X 9402, ]1°
1898	KN X 9403	KN X 9403, ]1°
1899	KN X 9404	KN X 9404, ] $vac.
19	KN Nc 5121	KN Nc 5121, ]-wa-ko _ $SA[
190	KN Od 9415	KN Od 9415, ]2° ___ [ ]3° _ M° [ $i°n°f°. $m°u°t°.
1900	KN X 9405	KN X 9405, $sup. $mut. ] $vac. ] $vac.
1901	KN X 9406	KN X 9406,  ] $vac. ] $vac.
1902	KN Og 9408	KN Og 9408, ] _ 13[ ] __ N°[
1903	KN X 9413	KN X 9413, $sup. $mut. ]si-j°a°[
1904	KN X 9424	KN X 9424, qa-m°o°[
1905	KN X 9427	KN X 9427, ]n°i°-[ $inf. $mut.
1906	KN X 9429	KN X 9429, $sup. $mut. ]pu-n°a°[
1907	KN X 9430	KN X 9430, e-r°a°[
1908	KN X 9431	KN X 9431, e-[
1909	KN Dk(1) 9434	KN Dk(1) 9434, $sup. $mut. ] _____ sa-ma[ ]-jo / k°o°-ma-w°e°[
191	KN Od 9416	KN Od 9416, $sup._$mut. ]4 _ M[ ]L°A°N°A° 3°[
1910	KN X 9435	KN X 9435, ]j°o°[ $inf. $mut.
1911	KN X 9436	KN X 9436, ]jo-jo[ $inf. $mut.
1912	KN X 9437	KN X 9437, ]° ________ $vest.[ ]°o°-p°i° / ko-[
1913	KN X 9438	KN X 9438, ]ko-[ $inf. $mut.
1914	KN X 9439	KN X 9439, $sup. $mut. ] _ k°i°[
1915	KN X 9440	KN X 9440, $sup. $mut. k°i°[
1916	KN X 9442	KN X 9442, ]ku[
1917	KN X 9443	KN X 9443, ku-t°a°[ _ ]-s°u°[
1918	KN X 9444	KN X 9444, ]ma-ja-t°o°[ $inf. $mut.
1919	KN X 9446	KN X 9446, $sup. $mut. q°a°[
192	KN Dk(1) 9418	KN Dk(1) 9418, ]6 _ LANA[
1920	KN X 9447	KN X 9447, ]-na-[ ]$vest.[
1921	KN X 9448	KN X 9448, $sup. $mut. ]n°i°-ja[
1922	KN X 9449	KN X 9449, ru-k°i°[
1923	KN X 9450	KN X 9450, $sup. $mut. ]ta _ [
1924	KN X 9451	KN X 9451, ti-r°a°[ $inf. $mut.
1925	KN X 9452	KN X 9452, ]r°i°-ti[ $inf. $mut.
1926	KN X 9453	KN X 9453, q°a°[ $inf. $mut.
1927	KN Ai(4) 9454	KN Ai(4) 9454, $sup. $mut. ]ko-wa[
1928	KN X 9455	KN X 9455, $sup. $mut. ]w°a° _ [
1929	KN X 9457	KN X 9457, $sup. $mut. ]$vest.[
193	KN Dk(1) 9419	KN Dk(1) 9419, ] O°V°I°S°^m [ __ ]LANA 10[
1930	KN X 9458	KN X 9458, $sup. $mut. ]1°0°0° _ [ ↓ $sup. $mut. ]$vest. _ [
1931	KN X 9462	KN X 9462, $sup. $mut. ]M°U°L°[
1932	KN X 9463	KN X 9463, $sup. $mut. ]k°o°-wo _ 1°[ $inf. $mut.
1933	KN X 9464	KN X 9464, $sup. $mut. ]r°i°[ $inf. $mut.
1934	KN X 9465	KN X 9465, ] _ zo-a°[ ]ka-[ $inf. $mut.
1935	KN X 9466	KN X 9466, $sup. $mut. ]7°4°[ $inf. $mut.
1936	KN X 9467	KN X 9467, $sup. $mut. ] $vac. [ __ ]30 [
1937	KN X 9468	KN X 9468, ]2°0°[
1938	KN X 9469	KN X 9469, $sup. $mut. ]1°0°0°0°[ $inf. $mut.
1939	KN X 9470	KN X 9470, ]4[ $inf. $mut.
194	KN Dk(1) 9420	KN Dk(1) 9420, $sup. $mut. ]LANA 4°0 _ $o°[
1940	KN X 9471	KN X 9471, ]23[
1941	KN X 9472	KN X 9472, $sup. $mut. ]-s°o°[
1942	KN X 9473	KN X 9473, ]1°0°
1943	KN X 9474	KN X 9474, ]3 _
1944	KN Ai(4) 9479	KN Ai(4) 9479, ]-so _ [
1945	KN Ai(4) 9480	KN Ai(4) 9480, ]i°-j°a°-n°i°[
1946	KN Ai(4) 9481	KN Ai(4) 9481, ]$vest.[
1947	KN X 9484	KN X 9484, $sup. $mut. ]2°0° _ [
1948	KN X 9486	KN X 9486, ]6°[ $inf. $mut.
195	KN Od 9421	KN Od 9421, ] L°A°N°A° M° 1[ $inf. $mut.
1950	KN X 9489	KN X 9489, $sup. $mut. ]$vest.[ $inf. $mut.
1951	KN X 9491	KN X 9491, $sup. $mut. ]$vest.[
1952	KN X 9492	KN X 9492, $sup. $mut. ]$vac.[
1953	KN X 9493	KN X 9493, $sup. $mut. ]$vest.[
1954	KN X 9494	KN X 9494, $sup. $mut. ]$vest.[
1955	KN X 9495	KN X 9495, $sup. $mut. ]$vest.[
1956	KN X 9497	KN X 9497, $sup. $mut. ]$deest[ $inf. $mut.
1957	KN X 9519	KN X 9519, ]-*65-n°o°[ $inf. $mut.
1958	KN X 9521	KN X 9521, ]a°-j°a°[ $inf. $mut.
1959	KN X 9523	KN X 9523, $sup. $mut. t°i°[
196	KN Dk(1) 9422	KN Dk(1) 9422, ]6 _ $o LANA 7
1960	KN X 9524	KN X 9524, $sup. $mut. ]d°u°[ $inf. $mut.
1961	KN X 9525	KN X 9525, $sup. $mut. ]$vest.[ ]$vac.[ $inf. $mut.
1962	KN X 9527	KN X 9527, $sup. $mut. ]ja-[ $inf. $mut.
1963	KN X 9530	KN X 9530, ] _ ko[ $inf. $mut.
1964	KN X 9531	KN X 9531, $sup. $mut. ]k°o°[ $inf. $mut.
1965	KN X 9533	KN X 9533, $sup. $mut. ]1° _ k°o°-[
1967	KN X 9535	KN X 9535, $sup. $mut. k°u°[
1968	KN Ai(4) 9536	KN Ai(4) 9536, ] n°a°[ $inf. $mut.
1969	KN X 9538	KN X 9538, $sup. $mut. p°a°-[
197	KN Dk(1) 9441	KN Dk(1) 9441, ]LANA 1°0°[ $inf. $mut.
1970	KN X 9539	KN X 9539, $sup. $mut. ]$vest.[
1971	KN X 9540	KN X 9540, e-se[
1972	KN X 9541	KN X 9541, $sup. $mut. ]$vest.[ $inf. $mut.
1973	KN X 9542	KN X 9542, $sup. $mut. ]r°i°-t°a°[ $inf. $mut.
1974	KN X 9543	KN X 9543, $sup. $mut. ]wa[ ]$vest.[ $inf. $mut.
1975	KN X 9544	KN X 9544, $sup. $mut. ]w°a°[ $inf. $mut.
1976	KN X 9548	KN X 9548, $sup. $mut. ]1°[
1977	KN X 9549	KN X 9549, ]1° _ [
1978	KN X 9550	KN X 9550, ]4°[ $inf. $mut.
1979	KN X 9551	KN X 9551, $sup. $mut. ] _ 2°[ $inf. $mut.
198	KN Od 9445	KN Od 9445, ]1 _ $o L°A°N°A°[ ]1° _______ [
1980	KN X 9552	KN X 9552, $sup. $mut. ]1°0° _ [ ] $vac. [ $inf. $mut.
1981	KN X 9553	KN X 9553, ]1°1°[ $inf. $mut.
1982	KN X 9555	KN X 9555, $sup. $mut. ]$vest.[ $inf. $mut.
1983	KN X 9556	KN X 9556, $sup. $mut. ]$vest.[
1984	KN X 9558	KN X 9558, ] ×° _ [ $inf. $mut.
1985	KN X 9561	KN X 9561, $sup. $mut. ]$vest.[ $inf. $mut.
1986	KN X 9562	KN X 9562, ] $vac. [ ] $vac. [ $inf. $mut.
1987	KN X 9563	KN X 9563, $sup. $mut. ]$vac.[ ]$vac.[ $inf. $mut.
1988	KN X 9564	KN X 9564, ] $vac.
1989	KN X 9565	KN X 9565, ] $vac. $inf. $mut.
199	KN Od 9673	KN Od 9673, _ $sup. $mut. ]70 _ LANA[
1990	KN X 9566	KN X 9566, $s°u°p°. $m°u°t°. ] $vac.
1991	KN X 9578	KN X 9578, ]1°20[ $inf. $mut.
1992	KN X 9582	KN X 9582, $sup. $mut. ]2°[ ] $vac. [
1993	KN X 9583	KN X 9583, $sup. $mut. ]$vest.[ ]$vac.[ $inf. $mut.
1994	KN X 9589	KN X 9589, $sup. $mut. ]6°0[ _ ]$vac.[ $inf. $mut.
1995	KN X 9597	KN X 9597, $sup. $mut. ]d°a°-w°o° , [
1996	KN X 9598	KN X 9598, $sup. $mut. ]r°o°₂[
1997	KN X 9606	KN X 9606, ]we-we-si-jo[ $inf. $mut.
1998	KN X 9669	KN X 9669, _______ ]-j°a°[ ]s°i°-jo / e°-ma-a₂[
1999	KN X 9671	KN X 9671, $sup. $mut. ]ma-[
20	KN Nc 5122	KN Nc 5122, ] _ M 1 _ [
2000	KN X 9672	KN X 9672, ] u-t°a°-j°a° ,[ ] _ $vac. _ [
2001	KN X 9674	KN X 9674, _ ]we-ke , i°[ ]pe-ma ___ [
2002	KN X 9683	KN X 9683, $sup. $mut. ]p°i°-[
2003	KN X 9685	KN X 9685, $sup. $mut. ]-r°o°-j°o°-[ ]$vest.[ $inf. $mut.
2004	KN X 9686	KN X 9686, $sup. $mut. ]$vest. , t°a°[ __ ]p°i° , a[ $inf. $mut.
2005	KN X 9687	KN X 9687, a-m°a°[
2006	KN X 9688	KN X 9688, $sup. $mut. ] $vest. [ a-mu-[
2007	KN Vf 9689	KN Vf 9689, ]a-[ $inf. $mut.
2008	KN X 9690	KN X 9690, a-wa[
2009	KN X 9691	KN X 9691, da-*22-ti[
201	KN Od 9719	KN Od 9719, _ $sup. $mut. ]2 _ $o L°A°N°A°[
2010	KN X 9692	KN X 9692, ]d°a°-[ $inf. $mut.
2011	KN Vf 9693	KN Vf 9693, $sup. $mut. ]$vest.[ $inf. $mut.
2012	KN X 9694	KN X 9694, p°u°-[ $inf. $mut.
2013	KN X 9696	KN X 9696, $sup. $mut. ]d°u°-[
2014	KN X 9697	KN X 9697, $sup. $mut. ]d°u°[
2015	KN X 9698	KN X 9698, ]-a°₃[
2016	KN X 9700	KN X 9700, ]j°a°[ $inf. $mut.
2017	KN X 9701	KN X 9701, ]ja[ $inf. $mut.
2018	KN X 9702	KN X 9702, $sup. $mut. ]jo[
2019	KN X 9703	KN X 9703, ]-jo-j°o° ,°[ ] $vac. [ $inf. $mut.
202	KN Od 9771	KN Od 9771, ]$o° L°A°N°A°[ $inf. $mut.
2020	KN X 9704	KN X 9704, $sup. $mut. ka[
2021	KN X 9705	KN X 9705, $sup. $mut. ka[
2022	KN Se 9707	KN Se 9707, $sup. $mut. ]a°₃-ki-n°o°[-o
2023	KN X 9709	KN X 9709, $sup. $mut. ]k°o°[ $inf. $mut.
2024	KN X 9710	KN X 9710, ]w°e°-ja[ $inf. $mut.
2025	KN Dk(1) 9711	KN Dk(1) 9711, ]ko-ma-we-to[ $inf. $mut.
2026	KN X 9713	KN X 9713, ]k°u°-n°a°[ $inf. $mut.
2027	KN X 9717	KN X 9717, ]w°a°-n°o°[ $inf. $mut.
2028	KN X 9718	KN X 9718, ]n°o° _ [ $inf. $mut.
2029	KN X 9720	KN X 9720, $sup. $mut. ] , ku-na-j°e°[
203	KN Od 9772	KN Od 9772, $sup. $mut. ] L°A°N°A°[
2030	KN X 9721	KN X 9721, $sup. $mut. ] ___ $vac.[ ]j°o° / pa-i°[ $inf. $mut.
2031	KN X 9722	KN X 9722, $sup. $mut. ]t°a° / p°o°[
2032	KN X 9723	KN X 9723, $sup. $mut. ]e-re-pa-t°e°[
2033	KN X 9727	KN X 9727, $sup. $mut. ]w°o°-qo-jo _ [ $inf. $mut.
2034	KN X 9728	KN X 9728, $sup. $mut. ]ra[
2035	KN X 9729	KN X 9729, $sup. $mut. ]-mi[ $inf. $mut.
2036	KN X 9730	KN X 9730, $sup. $mut. ]-r°a°-k°i°[
2037	KN X 9731	KN X 9731, ]r°a°-t°o°[
2038	KN X 9732	KN X 9732, ]r°a°-t°o°[
2039	KN X 9733	KN X 9733, ]a°₃-[ $inf. $mut.
204	KN Od 9773	KN Od 9773, ] L°A°N°A°[ $inf. $mut.
2040	KN X 9734	KN X 9734, $sup. $mut. ]t°o°-ro-qa[ $inf. $mut.
2041	KN Bg 9735	KN Bg 9735, ]a°-pu-d°o°[-si po-]ni-ki[-jo
2042	KN X 9736	KN X 9736, _ $sup. $mut. e-re-pa-]te-j°o°-p°i°[ _______ ]$vest.[ _ $inf. $mut.
2043	KN X 9737	KN X 9737, ]-ni-j°a°[
2044	KN X 9738	KN X 9738, $sup. $mut. ]to-so[ $inf. $mut.
2045	KN X 9739	KN X 9739, $sup. $mut. ]-w°a°[
2046	KN U 9740	KN U 9740, $sup. $mut. ]-we _ $D°I°+$P°T°E°[
2047	KN Og 9741	KN Og 9741, $sup. $mut. ]1° _ M°[
2048	KN X 9742	KN X 9742, $sup. $mut. ]a°₃-ze [
2049	KN X 9743	KN X 9743, ]20[ $inf. $mut.
205	KN Od 9774	KN Od 9774, ]L°A°N°A°[ $inf. $mut.
2050	KN X 9744	KN X 9744, $sup. $mut. ]5°[ ]2°[ $inf. $mut.
2051	KN Dl(1) 9745	KN Dl(1) 9745, $sup. $mut. ]3° _ [
2052	KN X 9746	KN X 9746, ]40[ $inf. $mut.
2053	KN X 9747	KN X 9747, ]1° _ t°e°-o°[ $inf. $mut.
2054	KN X 9749	KN X 9749, $sup. $mut. ] _ 30[
2055	KN X 9751	KN X 9751, $sup. $mut. ]30[
2056	KN X 9752	KN X 9752, $sup. $mut. ]4°0°[ $inf. $mut.
2057	KN X 9753	KN X 9753, $sup. $mut. ]2° _ [ $inf. $mut.
2058	KN X 9755	KN X 9755, $sup. $mut. ]20[ $inf. $mut.
2059	KN X 9756	KN X 9756, $sup. $mut. ] _ 2[
206	KN Od 9843	KN Od 9843, ] LANA[ $inf. $mut.
2060	KN X 9757	KN X 9757, ]$vest.[
2061	KN X 9758	KN X 9758, __ ] $vac. ] $vac.?
2062	KN X 9759	KN X 9759, ] $vacat
2063	KN X 9760	KN X 9760, ]$vest.[ $inf. $mut.
2064	KN X 9777	KN X 9777, $sup. $mut. ]k°a°[ ]$vac.[ $inf. $mut.
2065	KN X 9779	KN X 9779, $sup. $mut. ]-w°o°-[
2066	KN X 9780	KN X 9780, $sup. $mut. ]u°[ $inf. $mut.
2067	KN X 9781	KN X 9781, $sup. $mut. ]j°a°[
2068	KN X 9783	KN X 9783, $sup. $mut. ]j°a°[ $inf. $mut.
2069	KN X 9784	KN X 9784, $sup. $mut. ]ka-[
2070	KN X 9785	KN X 9785, $sup. $mut. ]k°e°[ $inf. $mut.
2071	KN X 9786	KN X 9786, $sup. $mut. ]i°-[ $inf. $mut.
2072	KN X 9787	KN X 9787, $sup. $mut. ]m°e°-[ $inf. $mut.
2073	KN X 9788	KN X 9788, o°-[•-•][
2074	KN X 9790	KN X 9790, ]°k°u°[ $inf. $mut.
2075	KN X 9791	KN X 9791, $sup. $mut. ]ro _ 1°[ $inf. $mut.
2076	KN X 9792	KN X 9792, $sup. $mut. ]t°i°[ $inf. $mut.
2077	KN X 9794	KN X 9794, $sup. $mut. ]$vest.[ ]w°a°-[ $inf. $mut.
2078	KN X 9795	KN X 9795, $sup. $mut. ]$deest[ a°-[
2079	KN X 9796	KN X 9796, $sup. $mut. ]w°e°[ $inf. $mut.
208	KN Od 9890	KN Od 9890, $sup. $mut. ]$o LANA [
2080	KN X 9797	KN X 9797, ]we-[ $inf. $mut.
2081	KN X 9798	KN X 9798, ]-we[
2082	KN X 9800	KN X 9800, $sup. $mut. ]w°o°[ $inf. $mut.
2083	KN Ai 9802	KN Ai 9802, $sup. $mut. ]$vest.[ ]T° 1° _ k°o°-w°o°[ $inf. $mut.
2084	KN X 9804	KN X 9804, $sup. $mut. *5°6°[
2085	KN X 9805	KN X 9805, $sup. $mut. ]$vest.[
2086	KN X 9806	KN X 9806, ]-s°e°-a°₃[ $inf. $mut.
2087	KN X 9809	KN X 9809, $sup. $mut. ]$vest.[ $inf. $mut.
2088	KN X 9810	KN X 9810, $sup. $mut. ]$vest.[ $inf. $mut.
2089	KN X 9811	KN X 9811, $sup. $mut. ]$vest.[
209	KN Od 9891	KN Od 9891, ]L°A°N°A°[ $inf. $mut.
2090	KN X 9813	KN X 9813, $sup. $mut. ]$vest. _ [ $inf. $mut.
2091	KN X 9814	KN X 9814, ] _____ $vest.?[ ]$vest. / ____ [ $inf. $mut.
2092	KN X 9815	KN X 9815, $sup. $mut. ] ______ $vest.[ ]$vest. / ____ [
2093	KN X 9816	KN X 9816, $sup. $mut. ] ___ w°o°[ ] $vac. _ [ $inf. $mut.
2094	KN X 9817	KN X 9817, $sup. $mut. ] $vac. [ ] $vest.[ $inf. $mut.
2095	KN X 9818	KN X 9818, $sup. $mut. ] _ $vest.[ ] $vac. _ [ $inf. $mut.
2096	KN X 9820	KN X 9820, $sup. $mut. ]$vest. _ [ $inf. $mut.
2097	KN X 9821	KN X 9821, $sup. $mut. ]$vest. ,° $vest.[
2098	KN X 9822	KN X 9822, $sup. $mut. ]$vest. , [
2099	KN X 9824	KN X 9824, $sup. $mut. ]40[ $inf. $mut.
21	KN Nc 5126	KN Nc 5126, ] _ M 1°[
210	KN Og(1) 180	KN Og(1) 180, pa-i-ti-ja _ M _ 130[ da-wi-ja ___ M __ 60[ ↓ _____ ]-to _ M _ 4°0[ ____________ M __ 4°[
2100	KN Xe 5600	KN Xe 5600, _ $sup. $mut. mi-ra[ i-[ _ $inf. $mut.
2101	KN Xe 5630	KN Xe 5630, _ $sup. $mut. __ ]$vest.[ __ ]si-ja[ ___] _ zo[
2103	KN Xe 5887	KN Xe 5887, _ $sup. $mut. ]e-to ________ [ ]jo ,° do-ti-ja[
2104	KN Xe 5891	KN Xe 5891, da-te-we-ja[
2105	KN Xe 5899	KN Xe 5899, qi-ja-zo[ _ ]$vest.[ _ $inf. $mut.
2107	KN Xe 5905	KN Xe 5905, ]p°i°-a-ze-ra[ ]1°4 _ e-ra[ ] $vest. [ _ $inf. $mut.
2108	KN Xe 6011	KN Xe 6011, ]ko-no-so[ ]e-ra[ _ $inf. $mut.
2109	KN Xe 6020	KN Xe 6020, *56-ri-to[
211	KN Og 833	KN Og 833, _ $sup. $mut. [su-]ri-mi-jo[ [u-]ta-ni-jo[ [ti-]ri-ti-jo __ M 6° qa-mi-jo _______ M 6 pu-si-jo _______ M 5 ru-ki-ti-jo ____ M 9 tu-ri-si-jo ____ M 4 qa-ra-jo _______ M 9 to-so __________ M 4°7
2110	KN Xe 6026	KN Xe 6026, _ $sup. $mut. ] a-mo-te-re[
2112	KN Od 7711	KN Od 7711, ]p°i°-ri-jo do-ke [ ] __ e-ta-wo-n°e°[
2113	KN Xe 7805	KN Xe 7805, no-d°a°[
2114	KN Xe 7826	KN Xe 7826, ]ti[
2115	KN Xe 7850	KN Xe 7850, ri-jo-ni-j°o°[ _ e-ta-w°o°[-ne-? _ $inf. $mut.
2116	KN X 9825	KN X 9825, $sup. $mut. _ ]6°0°[ ]$vac.[ $inf. $mut.
2117	KN X 9826	KN X 9826, ]j°o°[ $inf. $mut.
2118	KN X 9828	KN X 9828, $sup. $mut. ]4°0°[ $inf. $mut.
2119	KN X 9829	KN X 9829, $sup. $mut. ]2°[ $inf. $mut.
212	KN Og 1527	KN Og 1527, _ $sup. $mut. _____ ]m°o°-ri-wo-do _ M 3° _ ]2 _ mo-ri-wo-do _ M 3 ]N 2 _ mo-ri-wo-do _ M 3 _____ mo-ri-]w°o°-do _ M 1°[ _ $inf. $mut.
2120	KN X 9830	KN X 9830, $sup. $mut. ]2°[
2121	KN X 9831	KN X 9831, $sup. $mut. ]2° _ [ $inf. $mut.
2122	KN X 9832	KN X 9832, $sup. $mut. ]2°0°[ ] 5° [
2123	KN X 9833	KN X 9833, ] $vac.
2124	KN X 9834	KN X 9834, ] $deest
2125	KN X 9835	KN X 9835, $sup. $mut. ]$vacat
2126	KN X 9836	KN X 9836, ] $vac. $inf. $mut.
2127	KN X 9837	KN X 9837, $sup. $mut. ]$vest.
2128	KN X 9842	KN X 9842, $sup. $mut. ]1° ]1° $inf. $mut.
2129	KN X 9846	KN X 9846, ]°d°a°-mo[
213	KN Og(1) 1804	KN Og(1) 1804, ] ______________ $RO 2° ]ra-jo / qa-ra-o _ P 1
2130	KN X 9848	KN X 9848, $sup. $mut. ]n°o° , de-[ $inf. $mut.
2131	KN X 9849	KN X 9849, $sup. $mut. ]*4°7°-s°o°[
2132	KN X 9850	KN X 9850, $sup. $mut. ]ja-ko-[ $inf. $mut.
2133	KN Og 9851	KN Og 9851, _ ]-jo _ [ ___ ] _ 1° _ [ ]P° 1°[ $inf. $mut.
2134	KN X 9852	KN X 9852, ]k°a°[ $inf. $mut.
2135	KN X 9853	KN X 9853, $sup. $mut. ]-ko-ro _ [
2136	KN X 9854	KN X 9854, ]-m°a°[ $inf. $mut.
2137	KN X 9855	KN X 9855, $sup. $mut. ]-w°o°-[ $inf. $mut.
2138	KN X 9856	KN X 9856, $sup. $mut. ]m°e°-si[ $inf. $mut.
2139	KN X 9858	KN X 9858, $sup. $mut. ]-qo-[ $inf. $mut.
214	KN Og(2) ‹4467›	KN Og(2) ‹4467›, ______ jo-a-mi-ni-so-de , di-do-[ ku-pe-se-ro _ M 30 _ me-to-re _ M [ __ ne-ri-wa-to _ M 15 _ pi-r°i°[
2140	KN X 9861	KN X 9861, ]-ro[
2141	KN X 9863	KN X 9863, ]t°e°[
2142	KN X 9864	KN X 9864, $sup. $mut. ]t°e°[ $inf. $mut.
2143	KN X 9865	KN X 9865, ]j°o° / ti-r°i°[ $inf. $mut.
2144	KN X 9866	KN X 9866, t°o°[ $inf. $mut.
2145	KN X 9867	KN X 9867, wi[ $inf._$mut.
2146	KN X 9868	KN X 9868, $sup. $mut. ]*56-ko-w°e°[
2147	KN X 9869	KN X 9869, ]  70[ $inf. $mut.
2148	KN X 9870	KN X 9870, ]2 ___ [° ]1 ___ [°
2149	KN X 9871	KN X 9871, ]1 _ [°
215	KN Og 5019	KN Og 5019, ] _ P 4 _ [ ]no _ P 4
2150	KN X 9872	KN X 9872, ]ja-[ $inf. $mut.
2151	KN X 9873	KN X 9873, $sup. $mut. ]3° [ $inf. $mut.
2152	KN X 9876	KN X 9876, ] $vac. $inf. $mut.
2153	KN X 9877	KN X 9877, ]1°
2154	KN X 9879	KN X 9879, $sup. $mut. ] , [
2155	KN X 9881	KN X 9881, $sup. $mut. ]$vest.[
2156	KN X 9882	KN X 9882, $sup. $mut. ]$vest.[
2157	KN X 9883	KN X 9883, ]$deest[
2158	KN Do 9884	KN Do 9884, ]-k°i°-[ $inf. $mut.
2159	KN X 9888	KN X 9888, $sup. $mut. ] O°V°I°S°^f° 1°[
216	KN Og(1) 5095	KN Og(1) 5095, ]P 1 _ Q 1
2160	KN X 9892	KN X 9892, ]q°a°-n°o°[ $inf. $mut.
2161	KN X 9893	KN X 9893, $sup. $mut. ] __ j°a°[ ] $vac. [ $inf. $mut.
2162	KN X 9894	KN X 9894, ]j°a°-k°o°[ $inf. $mut.
2163	KN X 9895	KN X 9895, $sup. $mut. ]j°a°-d°e°[ ]$vac.[
2164	KN X 9896	KN X 9896, _____ ]1°0°0° ]$deest[
2165	KN X 9897	KN X 9897, ]m°o°[ $inf. $mut.
2166	KN X 9898	KN X 9898, $sup. $mut. ]p°a°-r°o° _ [
2167	KN X 9899	KN X 9899, $sup. $mut. ]p°u°₂-[ $inf. $mut.
2168	KN X 9900	KN X 9900, ]-r°i°-t°o°[ $inf. $mut.
2169	KN X 9901	KN X 9901, ]ri-j°a°[ $inf. $mut.
217	KN Og 5515	KN Og 5515, ]°ka-te-ro __ L 4 _ M[
2170	KN X 9902	KN X 9902, $sup. $mut. ]ta , ja[ $inf. $mut.
2171	KN X 9903	KN X 9903, $sup. $mut. ]-r°o°[ $inf. $mut.
2172	KN X 9904	KN X 9904, $sup. $mut. ]ta-r°o°[ $inf. $mut.
2173	KN X 9905	KN X 9905, ]-t°a°-[ $inf. $mut.
2174	KN Ai(3) 9906	KN Ai(3) 9906, ] ,° do-e°[ $inf. $mut.
2175	KN U 9907	KN U 9907, $sup. $mut. ]'A°U°R°' *$2°6°0°[ ]t°o° _ [ $inf. $mut.
2176	KN X 9909	KN X 9909, ]w°i°-na-j°o°[ $inf. $mut.
2178	KN X 9910	KN X 9910, $sup. $mut. ]w°o°[ ]$vest.[ $inf. $mut.
2179	KN X 9911	KN X 9911, $sup. $mut. ] _ *5°6°[ $inf. $mut.
218	KN Og 5551	KN Og 5551, ] M 10
2180	KN Xe 7988	KN Xe 7988, ]ta _ [ _ $inf. $mut.
2181	KN X 9912	KN X 9912, ]1°0°0°[ $inf. $mut.
2182	KN X 9913	KN X 9913, $s°u°p°. $m°u°t°. ]-j°a° _ [ $inf. $mut.
2183	KN X 9914	KN X 9914, ]1°0°[ $inf. $mut.
2184	KN X 9915	KN X 9915, $sup. $mut. ]1°0° $inf. $mut.
2185	KN X 9917	KN X 9917, $sup. $mut. ] ______ $vest.[ ]•°-•° / $vest.[
2186	KN Xe 8274	KN Xe 8274, ?tu-]r°i°-si-ja[ _ $inf. $mut.
2187	KN L 9918	KN L 9918, $sup. $mut. ] _ T°E°L°A°^1°[ ] __ 1° [
2188	KN X 9920	KN X 9920, $sup. $mut. ] _ 1°[ $inf. $mut.
2189	KN X 9921	KN X 9921, ]1° $inf. $mut.
219	KN Og 5778	KN Og 5778, ] ___ ri-no _ M 1[ ] _ $vac. __ [
2190	KN Xe 8291	KN Xe 8291, _ $sup. $mut. ']pa-r°o° , e-[' ___ ]$vac.[
2191	KN Xe 8516	KN Xe 8516, _ $sup. $mut. e-[
2192	KN Xe 8537	KN Xe 8537, ]ka-re , 'po-me-no[' ]1° ___ pe-ki-t°i°[ ] 1 ___ [
2193	KN Xe 8546	KN Xe 8546, ]u°-ko-ro[ _ $inf. $mut.
2194	KN X 9922	KN X 9922, $sup. $mut. ]t°i°-[ ] $vac. [ $inf. $mut.
2195	KN X 9924	KN X 9924, ]u°-[ $inf. $mut.
2196	KN Xe 8593	KN Xe 8593, _ $sup. $mut. [•]-r°o°-[ ↓
2198	KN Xe 8672	KN Xe 8672, _ $sup. $mut. ]$vac.[ ]9° _ [ ]$vac.[ _ $inf. $mut.
2199	KN Xe 8674	KN Xe 8674, ]8°[ ]$vac.[ _ $inf. $mut.
22	KN Nc 5128	KN Nc 5128, _ $sup. $mut. ] __ M [
220	KN Og 7430	KN Og 7430, ]  M 6
2201	KN Xe 8762	KN Xe 8762, ]ne _ $inf. $mut.
2202	KN X 9927	KN X 9927, $sup. $mut. ]1°
2203	KN X 9929	KN X 9929, $sup. $mut. p°a°[
2204	KN X 9931	KN X 9931, $sup. $mut. ] $vac.
2205	KN Xf 9935	KN Xf 9935, d°u°[ $inf. $mut.
2206	KN X 10002	KN X 10002, $sup._$mut. $vest.[ _ ]$vest.[
2207	KN Ai(4) 10005	KN Ai(4) 10005, $sup. $mut. ]k°o°-[
2208	KN X 10009	KN X 10009, $vacat
2209	KN X 10011	KN X 10011, _ $sup. $mut. ] $vacat [ ] $vacat [ _ ]$vac.[ _ $inf. $mut.
221	KN Og(1) 7432	KN Og(1) 7432, ] P 12 [ ] / P 20
2210	KN Fh 10013	KN Fh 10013, $sup. $mut. ] $deest [ $inf. $mut.
2211	KN Dv 10017	KN Dv 10017, o-[
2212	KN X 10018	KN X 10018, ]$deest[ $inf. $mut.
2213	KN X 10019	KN X 10019, ]$deest[ $inf. $mut.
2214	KN X 10020	KN X 10020, ]$deest[ $inf. $mut.
2215	KN X 10021	KN X 10021, _ $sup. $mut. ] _ $vest.[ ] _ $vest.[ _ $inf. $mut.
2216	KN X 10022	KN X 10022, ]$vac.[ ]$vac.[
2217	KN Bk 10023	KN Bk 10023, $sup. $mut. ]VIR[ ]-t°e°[ $inf. $mut.
2218	KN Bk 10024	KN Bk 10024, $sup. $mut. ]-n°o°[ $inf. $mut.
2219	KN Bk 10025	KN Bk 10025, $sup. $mut. ]V°I°R°[ $inf. $mut.
222	KN Og 7435	KN Og 7435, _ $sup. $mut. ]$vest.[ ]n°e°-a _ M 1[
2220	KN X 10026	KN X 10026, _ $sup. $mut. ] 1°
2221	KN X 10027	KN X 10027, ]$deest[ _ $inf. $mut.
2222	KN X 10028	KN X 10028, _ $sup. $mut. ]w°o°[ _ $inf. $mut.
2223	KN X 10030	KN X 10030, _ $sup. $mut. ]$vest. [ _ $inf. $mut.
2224	KN X 10032	KN X 10032, _ $sup. $mut. ]$deest[ _ $inf. $mut.
2225	KN X 10033	KN X 10033, _ $sup. $mut. ]$vest. _ [
2226	KN X 10034	KN X 10034, _ $sup. $mut. ]$deest[ _ $inf. $mut.
2227	KN Bk 10036	KN Bk 10036, $sup. $mut. ]V°I°R°[ $inf. $mut.
2228	KN Bk 10037	KN Bk 10037, $sup. $mut. ]$vest.[ $inf. $mut.
2229	KN X 10038	KN X 10038, ]$deest[ _ $inf. $mut.
223	KN Od(4) 7440	KN Od(4) 7440, ]-to _ M [ ]ke ____ [
2230	KN X 10039	KN X 10039, ]$vac.[ _ $inf. $mut.
2231	KN X 10042	KN X 10042, _ $sup. $mut. ]$vac.[ _ $inf. $mut.
2232	KN X 10043	KN X 10043, _ $sup. $mut. ]$deest[ _ $inf. $mut.
2233	KN X 10044	KN X 10044, _ $sup. $mut. ]$vac.
2234	KN X 10045	KN X 10045, ]$deest[ _ $inf. $mut.
2235	KN X 10046	KN X 10046, ]$vac.[ _ $inf. $mut.
2236	KN X 10047	KN X 10047, ]$deest[ _ $inf. $mut.
2237	KN X 10048	KN X 10048, _ $sup. $mut. ]$deest[ _ $inf. $mut.
2238	KN X 10049	KN X 10049, _ $sup. $mut. ]$vest.[ _ $inf. $mut.
2239	KN X 10050	KN X 10050, ]$deest[ _ $inf. $mut.
224	KN Og 7443	KN Og 7443, ]P 7°[
2240	KN X 10052	KN X 10052, ]$deest[ _ $inf. $mut.
2241	KN X 10054	KN X 10054, _ $sup. $mut. ]$deest[ _ $inf. $mut.
2242	KN X 10055	KN X 10055, _ $sup. $mut. ]$deest[ _ $inf. $mut.
2243	KN X 10056	KN X 10056, ]$vest.[°
2244	KN Bg 10057	KN Bg 10057, $sup. $mut. ]p°u°-[
2245	KN X 10058	KN X 10058, ]$deest[ _ $inf. $mut.
2246	KN X 10059	KN X 10059, ]$deest[ _ $inf. $mut.
2247	KN X 10060	KN X 10060, _ $sup. $mut. ]$vest.[
2248	KN X 10061	KN X 10061, _ $sup. $mut. ]$deest[ _ $inf. $mut.
2249	KN X 10062	KN X 10062, ]$deest[ $inf._$mut.
225	KN Og 7504	KN Og 7504, e-re-pa-ta , _ L _ M 30 _ ka-[
2250	KN X 10063	KN X 10063, _ $sup. $mut. ]$deest[ _ $inf. $mut.
2251	KN X 10064	KN X 10064, ]$deest[ _ $inf. $mut.
2252	KN X 10065	KN X 10065, ]$deest[ _ $inf. $mut.
2253	KN X 10066	KN X 10066, _ $sup. $mut. ]$deest[ _ $inf. $mut.
2254	KN X 10068	KN X 10068, _ $sup. $mut. ]$vest.[ _ $inf. $mut.
2255	KN X 10071	KN X 10071, _ $sup. $mut. ]$deest[ _ $inf. $mut.
2257	KN X 10072	KN X 10072, ]$vac.[ _ $inf. $mut.
2258	KN X 10073	KN X 10073, ]d°a° $vest.[ _ $inf. $mut.
2259	KN X 10074	KN X 10074, ]$deest[ _ $inf. $mut.
2260	KN X 10076	KN X 10076, ]$deest[ _ $inf. $mut.
2261	KN X 10077	KN X 10077, _ $sup. $mut. ]$deest[ _ $inf. $mut.
2262	KN X 10078	KN X 10078, _ $sup. $mut. ]$vac.[ _ $inf. $mut.
2263	KN X 10079	KN X 10079, _ $sup. $mut. ]$deest[ _ $inf. $mut.
2264	KN X 10080	KN X 10080, __$sup._$mut. ]n°e°-ja[ _ $inf. $mut.
2265	KN X 10082	KN X 10082, ]$deest[ _ $inf. $mut.
2266	KN X 10083	KN X 10083, _ $sup. $mut. ]$deest[ _ $inf. $mut.
2267	KN X 10084	KN X 10084, ]$vest.[ _ $inf. $mut.
2268	KN X 10085	KN X 10085, _ $sup. $mut. ]de[ _ $inf. $mut.
2269	KN X 10088	KN X 10088, _ $sup. $mut. ]$deest[ _ $inf. $mut.
227	KN Og(2) 8150	KN Og(2) 8150, ]o°-no _ M 12 _ [ ]-u __ M _ 9 __ [ ] _ $vac. _____ [
2270	KN X 10089	KN X 10089, ] 4° [ _ $inf. $mut.
2271	KN X 10090	KN X 10090, ]$vac.[ _ $inf. $mut.
2272	KN X 10093	KN X 10093, ]$vest. [ _ $inf. $mut.
2273	KN X 10094	KN X 10094, ]$deest[ _ $inf. $mut.
2274	KN X 10096	KN X 10096, ]$deest[ _ $inf. $mut.
2275	KN X 10097	KN X 10097, ]$deest[ _ $inf. $mut.
2276	KN X 10098	KN X 10098, ]$deest[ _ $inf. $mut.
2277	KN X 10100	KN X 10100, ]$vest. [ _ $inf. $mut.
2278	KN X 10101	KN X 10101, _ $sup. $mut. ] __ $vest. __ [
2279	KN X 10102	KN X 10102, ]$vest. [
228	KN Og 8466	KN Og 8466, ] $vest. [ ] __ P 7° [
2280	KN X 10103	KN X 10103, ]ki-s°u°-[
2281	KN X 10105	KN X 10105, ]$vest.
2282	KN X 10106	KN X 10106, _ $s°u°p°. $m°u°t°. ]$deest[ _ $inf. $mut.
2283	KN X 10107	KN X 10107, _ $sup. $mut. ]$vest.[ _ $inf. $mut.
2284	KN X 10109	KN X 10109, ]$deest[ _ $inf. $mut.
2285	KN X 10110	KN X 10110, _ $sup. $mut. ]$vest.[
2286	KN X 10111	KN X 10111, _ $sup. $mut. ]$vest.[ _ $inf. $mut.
2287	KN X 10112	KN X 10112, _ $sup. $mut. ]$deest[ _ $inf. $mut.
2288	KN X 10113	KN X 10113, _ $sup. $mut. ]$vest.[ ]$vac.[ _ $inf. $mut.
2289	KN X 10114	KN X 10114, _ $sup. $mut. ]$deest[ _ $inf. $mut.
229	KN Og 9679	KN Og 9679, ]N 2 _ P [
2290	KN X 10115	KN X 10115, _ $sup. $mut. ]$vest.[
2291	KN X 10116	KN X 10116, ]$deest[ _ $inf. $mut.
2292	KN X 10117	KN X 10117, _ $sup. $mut. ]$vest.[ _ $inf. $mut.
2293	KN X 10118	KN X 10118, _ $sup. $mut. ]$deest[ _ $inf. $mut.
2294	KN X 10119	KN X 10119, _ $sup. $mut. ]$deest[ _ $inf. $mut.
2295	KN X 10120	KN X 10120, _ $sup. $mut. ]$vest.[
2296	KN X 10121	KN X 10121, _ $sup. $mut. ]$vest.[
2297	KN X 10122	KN X 10122, _ $sup. $mut. ]$vac.[
2298	KN X 10124	KN X 10124, ]$vest.[
2299	KN X 10126	KN X 10126, ]$vest.[ _ $inf. $mut.
23	KN Nc 5129	KN Nc 5129, ] __ M 1
230	KN Og 9681	KN Og 9681, _ $sup. $mut. ]6° _ M 20 _ Q° 1°[ _ $inf. $mut.
2300	KN X 10127	KN X 10127, ]$deest[
2301	KN Od 657	KN Od 657, a-ze-ti-ri-ja _____ [ _ o-no-we-wo-r°o°[
2303	KN Od(1) 692	KN Od(1) 692, __________________ o-nu[ o-pi , / pi-mo-no _ ne-[ __ $vac. ______________ [
2304	KN Xe 5546	KN Xe 5546, _ $sup. $mut. _ ] ______ do-ti[ ] __________ du-[ _ ] _____ k°a°-m°a°[ _ $inf. $mut.
2305	KN As(1) 5877	KN As(1) 5877, ]-jo 'a-ka-to[' • •_] __ do-e-ro [ ]$vest. / i-t°a°-no _ // _ do-e-ro  [ ][[ _____ $vest. _______________ ]][
2306	KN Xe 5900	KN Xe 5900, _ $sup. $mut. [•]-pi-p°o°-r°o°[ e-zo-wo , _ [
2307	KN Xe 7437	KN Xe 7437, [•]-ma-ta-ro[ te-i-ja _ '$TA 1' _ $E 1 _ pa-[ ___ ra-qa-ra ______________ [
2308	KN L(2) 7857	KN L(2) 7857, ] _ e-ta[ ]P __ 2°[
2309	KN Xe 8598	KN Xe 8598, $deest _ $sup. $mut. ]-si[
231	KN Og 9776	KN Og 9776, ]N° 1 _ $inf. $mut.
2310	KN Xe 8696	KN Xe 8696, _ $sup. $mut. ] _ 11°[ _ $inf. $mut.
2311	MI Z 2	MI Z 2, ]z°o°[__ __]z°o°[
2312	MI Wv 3	MI Wv 3, GRA $supra $sigillum ($CMS V Suppl. 3,2, Nr. 236) __ $vacat __ $vacat
2313	MI Z 4	MI Z 4, wi-na-jo
2314	MI Wv 5	MI Wv 5, OLE $supra $sigillum ($CMS V Suppl. 3,2, Nr. 240) pa-zo-jo __ $vacat
2315	MI Wv 6	MI Wv 6, o-pa $supra $sigillum ($CMS V Suppl. 3,2, Nr. 237) me-ka-ro-de __ $vacat a₃-so-ni-jo
2316	MY Au 102	MY Au 102, ___ $vacat wa-ra-pi-si-ro , i-jo-qe , ____ VIR 2 na-su-to ______________________ VIR 1 te-ra-wo , ka-ri-se-u-qe , ____ VIR 2 e-ke-ne , e-u-po-ro-qe , ______ VIR 2 au-ja-to , ko-no-[•]-du-ro-qe _ VIR 2 ke-re-no ______________________ VIR 2 wa-a₂-ta , de-u-ki-jo-qe ______ VIR 2 mo-i-da _______________________ VIR 1 o-ri-ko _______________________ VIR 3 _ $vacat _ $vacat _ $vacat _ $vacat a-to-po-qo [_____] $vacat _ $vacat _ [______] $vacat
2317	MY Au 609	MY Au 609, _ $sup. $mut. __]$vest.[ ri-wi-jo __ VIR 1 [ do-qo-so VIR 1 pe-ri-k°e°[ [•]-ke-m°e°-no _ VIR 1 __ e-ke[ ___]-ti _ VIR 1 __ e-ke-ro[ ___________] V°I°R° 1°[ ↓ _____________] VIR 1 _ de-[ [•]-di-wi-to , d°o°-u-te-ke-[ a-re-su-ti-jo ___ VIR 1 [ _ $vacat to-so-[ _ $inf. $mut.
2318	MY Au 653	MY Au 653, __$sup. $mut. $vestigia[ te-ra-wo _ [ e-ke-ne _____ V°I°R°[ au-wi-ja-to _ V°I°R°[ a-si-wi-jo [ wo-*65-[ i[ __$inf. $mut.
232	KN Og 9886	KN Og 9886, _ $sup. $mut. ]$vest.[ ] _ M° [
2320	MY Au 657	MY Au 657, _ $vacat __________ [ i-jo-te _______ V°I°R°[ au-wi-ja-to _ VIR 1°[ mo-i-da _____ VIR 1[ ka-ro-qo ____ VIR [ p°i°-ra-ki ____ VIR[ qa-ra-si-jo _ VIR[ ___ $vacat ____ [ na-su-to ____ V°I°R°[ qa-ru-ko ____ V°I°R°[ te-ra-wo ____ VIR[ a-si-wi-jo __ VIR [ ___ $vacat _______ [ ___ $vacat _______ [ ___ $vacat _______ [
2321	MY Au 658	MY Au 658, _ $sup. $mut. ]r°a°-si-jo __ VIR[ __]-ri-jo __ VIR 1°[ ___ $vacat _______________ [ to-so _ VIR 20 si-to _ GRA 4 [ ___ $vacat _______________ [ _ $reliqua $pars $sine $regulis
2322	MY Au 660	MY Au 660, ] _ $vacat ] na-su-to __ VIR 1 ]1 qa-ru-ko _ VIR 1 ____________] None VIR 1 _ $inf. $mut.
2323	MY Cp 3	MY Cp 3, __ $sup. $mut. ]-r°a°-p°i°[ ] O°V°I°S°^m° 2°0° [ ] __ o[ __$inf. $mut.
2324	MY Cp 7	MY Cp 7, _ $sup. $mut. ]t°o°-r°o° C°A°P°^f°[ ] sa-wa-ti[ ]OVIS^f 24[ __$inf. $mut.
2325	MY Cp 9	MY Cp 9, __ $sup. $mut. ____]O°V°I°S°^f° 100[ ]O°V°I°S°^x° 100[ __]2°0°[ __ $inf. $mut.
2326	MY Eu 654	MY Eu 654, _ $sup. $mut. _______] _ GRA T°[ ]ra-ko ___ GRA T 2 ]-ru-ta _ GRA T 1 V 2 _ $inf. $mut.
2327	MY Eu 655	MY Eu 655, _ $sup. $mut. [[to-so ____]][ to-so _ GRA _ [ _ $vac.[ _ $inf. $mut.
2328	MY Fo 101	MY Fo 101, _ $vacat a-ne-a₂ _______ V 3 ___ pa-n°a°-ki ____ V 1 ma-no _________ V 1 __ a-na-*82 _____ V 1 to-ti-ja ______ V 1 __ we-i-we-sa ___ V 1 ke-ra-so[_] ___ V 1 pi-we-ri-s°i° ___ S 1 __ tu-mi-[_ _____ _]V° 1 ko-ma-ta ______ V 1 __ na-ta-ra-ma __ V[ 1 pe-ta-[•] _____ V 1 __ pu-ka-ro _____ V°[ 1 o-ta-ki _______ V 1[_ _________ _]_ $vacat _[ e-ro-pa-ke-j°a° __ OLE+$W°E° 1 a-ke-ti-ri-ja-i V 4 _ $vacat _ $vacat _ $vacat _ $vacat to-so ______ OLE+$W°E° 2 S 1 V 1 _ $vacat
2329	MY Fu 711	MY Fu 711, _ $sup. $mut. __________________] V° [ ________ _]H°O°R°D° ___ V 2 _____ ]5° _ HORD T 7 V 3 ____] ____ HORD ___ V 2 ____] _ $vacat ____] _ $vacat ] Z 2__ ku-ne , FAR Z 2 ]1° _ ka-ra-u-ja FAR Z 1° _ $NI Z 1 _ ]V° 3 _ a-re-ke-se-[•] [•] T 2°[ ____ ]3 Z 1 __________ CYP+$O T 1 [[_5_]] ____] Z 2 → _ $sup. $mut. s°e°-w°o°-[ to-wo-n°a°[ a-re-ke-s°e°[ qo-we _______ [ _ $reliqua $pars $sine $regulis
233	KN Og(1) 8038	KN Og(1) 8038, ]$M°U° 46 ↓ ] _ M 80
2330	MY Ge 602	MY Ge 602, ___ $vacat __________ [_____] None $vacat _ jo-o-po-ro , a-ro-m°o°[ ___ ]s°i°-mi-jo / pe-se-ro [[ / sa-sa-ma ]] p°u°₂-ke / ma-ra-tu-wo Z 1[ _____] _ $vacat pe-ke-u / __ ku-mi-no-j°o°[__ ma-ra-]tu-wo V 1 _ sa-sa-ma Z 2 sa-pi-de '6' ____________ e-ru-ta-ra[ ___________ sa-]sa-ma V 1 ka-e-se-we / ka-na-ko [____________ ]m°a°-ra-tu-wo V 1 _ sa-pi-de 6 _______ e-ru-ta-ra [_______________ ]1° ke-po / ka-na-ko M[ ___________ ]V° 1 _ mi-ta , $PE 2 ko-no-a-po-te-[•] __________] $vac. [________________ ]2 __________] $vest.[________ ______ ]V° 1 _ $DE 1 _ *$155^VAS[_] $vacat _______ $inf. $mut. ___________________] _ $vacat _ [
2331	MY Ge 603	MY Ge 603, ________________________________________________________________ [____ ]ka-ra-to *$155^VAS 1 ke-po , $ko AROM T 2 / ka-na-ko , re-u-ka V 1 da-ra[ ]m°i°-ta-qe 20 k°a°-n°a°-ko , e-ru-ta-ra M 1 _____________________________________________________ ka-na-ko M 1 _______________ *$155^VAS 1 pu-ke-o _ $KO T 2 _________ $KU V 2 __ $MA Z 2 _ $SA Z 2 _ ko-no 10 ____ e-ne-me-na 1[ i-na-o __ $KO T 2 _________ $KU V 1 _ [[$MI 20]] ko-no 10 $E 1 ka-na-ko e-ru M 1 [___] $vac. ra-ke-da-no ___ $KO T 2 ___ $KU V 2 _ [[$MI]] ko-no 12 _ $E° 1 _________________ *$155^VAS 1 a-ke-re-wi-jo _ $KO T 2 ___ $KU V 1 ___ $MA V 1 no-ko 10 _ $D°E°[_] ____________ *$155^VAS 1 pe-ke-u _______ $KO T 2 ___ $KU V 1 Z 2 __ $MA V 1 ko-no 10 $E 1 ka-na-ko M 2 _______ *$155^VAS 1 pu-wo _________ $KO T 2 _____ $KU V 2 _______ $MA V 1[____] ko-no $DE 1 _____ *$155^VAS 1 → _________ p°e°-[ ___________ ]2 $reliqua $pars $sine $regulis
2332	MY Ge 604	MY Ge 604, _ $vacat ____________________ [__________________________] $vacat ke-e-pe , o-pe-ro , ka-na-ko e-ru-ta-ra[ __________ ]$DE 1 $KU V 1 i-na-o-te , o-pe-ro _ $KU V 1 _ $SA V 1 _ ko-no 2 se-ri-no M° 2 '*$155^VAS 1' ra-ke-da-no-re , o-pe-ro e-ru-ta-ra M 1 __ $MA V 1 __ $SA V 1 a-ke-re-wi-jo , o-pe-ro e-ru-ta-ra M 3 pu-ke pe-ro-ro ka-na-ko M 1 _ $MA Z 2 $SA Z 2 _ ka-da-mi-ja [ _ $vacat ________________________________________________ [
2333	MY Ge 605	MY Ge 605, _ $vacat _______ [___________________________________________________________] _ $vacat __ [ pe-s°e°-r°o° [_________________________________ ]ka-na-ko M 2°[ ______________ ka-]r°a°-to *$1°5°5°^VAS [ ___________ [ka-na-ko ]e°-ru-ta-ra M° 3 ka-na-ko re-u-ka V 1 ma[-ra-tu-wo mi-]ta $PE 1 s°a°[-pi-de pu₂-ke __ / [__________ ]n°a° T° 2° ______ ku-mi-na V 1 _ sa-sa[-ma _______________ ]d°a° 14[ ___________ ka-na-ko , e-r°u°-t°a°[-ra ]k°a°-na-ko re[-u-ka ]Z° 2[_____________________ $inf. $mut. pe-ke-u _ / ko-ri-ja-da-na T 2[_] _ k°u°-m°i°-no Z°[ ___________ ka-na-ko , e-ru-ta-ra M 2 P 1 ka-na-ko re-u°[-ka ___________________ $sup. $mut. ka-e-se-u / ko-ri-a₂-da-na T 2 ______________ ku-mi-no Z[ ___________________________ ] $vacat ke-po ___ / ko-ri-a₂-da-na T° 2 __________________ [______] *$155^VAS 1 [_____________] $vacat _________________________________ ku-mi-no Z 2 _______________________ ka-ra-[___] sa-pi-de 12 i-na-o __ / _____________________ k°a°-na-ko re-u°-k°a°[ ____ ]s°a°-sa-ma Z 2 mi-ta $PE 1 _________________________________] ___ $vacat ____ [___________ $inf. $mut.
2334	MY Ge 606	MY Ge 606, _ $vacat [do-]si-mi-ja a-ke-re-u-te ____________________ ka-na-ko AROM+$KO T 2 $KU V 1 _ re-u-ka V 1 ma-ra-tu-wo V 1 / sa-sa-ma V 4 e-ru-ta-ra _ M 3 mi-ta _ $PE 2 ko-i-no , $DE 1 *$1°7°1° 11 _ $vacat
2335	MY Ge 608	MY Ge 608, _ $sup. $mut. __________] _ , $KA+$NA+$KO , M 3 _ $ko AROM T[ ]°$vac.[________________] _ $vacat _____________________ [ ]°$vac.[__________________] _ $vacat ___________________ [ _______ [___________________] __________________ $vest.[ pu₂-ke / [_________________ ]$k°o° AROM T 1 ________ $vest.[ →
2336	MY Go 610	MY Go 610, _ $vacat me-ta-je-wa _ *$190 S 2 a-ko-ro-ta __ *$190 S 2 ka-sa-to ____ *$190 S 1 pu-i-re-wi __ *$190 S 1 _ $vacat _ $vacat _ $vacat $reliqua $pars $sine $regulis → _______ ri
2337	MY L 710	MY L 710, ___________] ,° pa-ta ,° _ [ pa-we-a₂ , ko-u-ra _____ [
2338	MY Oe 103	MY Oe 103, _ $vacat [ a-pi-e-ra [ di-we-se-ja [ a-qi-ti-ta[ ku-po _______ LANA[ pi-we-ri-di _ LANA [ _ $vacat ____________ [ _ $vacat ______________ [ _ $vacat ___________ [ _ $vacat __________ [
2339	MY Oe 104	MY Oe 104, _ $sup. $mut. _________ ]LANA 12 a-qi[________ _______ ]LANA 10 e-te-[________ ______ ]L°A°N°A° 3 ka[________ _________ ]L°A°N°A° 2 _ $inf. $mut. __________] $vacat
234	KN Pp 493	KN Pp 493, ]ti-ri-to / di-za-so _ *$168+$SE[
2340	MY Oe 106	MY Oe 106, to-te-we-ja-se-we / ko-ro-to _ LANA 1 o-te-ra , tu-ka-te-re ________ LANA 1° i-ta-da-wa ___________________ LANA 2 _ $vacat ↗
2341	MY Oe 107	MY Oe 107, te-pa-i , _ LANA 9 _ $vacat _ $vacat
2342	MY Oe 108	MY Oe 108, _ $vacat sa-pa , o-no ____ LANA 4 o-u-ko __________ LANA 3 __________ we[_] $vacat
2343	MY Oe 109	MY Oe 109, ] _ $vacat ]wo-no , o-no , ] _ $vacat ] _ $vacat ] _ $vacat
2344	MY Oe 110	MY Oe 110, re-ka-sa , ta-ra-si-ja _ LANA 14°[ a-ti-ke-ne-ja __________ LANA 10 __ $reliqua $pars $sine $regulis
2345	MY Oe 111	MY Oe 111, _ pe-ru-si-nwa , o-u-ka[ wo-ro-ne-ja , pa-we-si / [•]-me-'jo-i' L°A°N°A°[ ne[-wa ]o-u-ka _______________________ L°A°N°A°[ _______ ]-k°i°-ni-*5°6° _______________ LANA 1°0°0°[ ______] o-ta-pa-ro-te-wa-ro _______ LANA 200[ ______] _ $vacat ___________________________ [
2346	MY Oe 112	MY Oe 112, _ $vacat r°o°-ka _ LANA 10 _ ti-tu-so _ LANA[ tu-ka-t°a°-s°i° _ LANA 8 __ ka-ti-[_] LANA 1°[ [[_____________________ [________] __ L°A°N°A° 1° ]] _ $vacat ______________ [_________] $vacat
2347	MY Oe 113	MY Oe 113, ____________] _ $vacat ____________] LANA 1 ka-sa-to ____ LANA 1[ ]$vac. _ $vacat ________ [____]$vac.
2348	MY Oe 115	MY Oe 115, $vac.[ _ a-k°e°[ a-pi-d°o°[-ra a-ko-ro-ta _ LANA[ _ $vacat
2349	MY Oe 117	MY Oe 117, ___ $vacat[ a-to-po-qo-i°[
235	KN Pp 494	KN Pp 494, ] su-ri-mo / a-na-re-u _ *$168+$SE 14[
2350	MY Oe 118	MY Oe 118, t°o°-so-ne , qo-zo pe-ra-ko-no _ LANA 15 _ $vacat
2351	MY Oe 119	MY Oe 119, a-ke-ti-ri[ ka-na-p°e°[
2352	MY Oe 120	MY Oe 120, o-u-ko _ LANA 2
2353	MY Oe 121	MY Oe 121, i-te-we-ri-di _ LANA 5 _ ku-ka _ LANA 2 ___________ [° ka-ke-wi ______ LANA 2 _ pa-se-ri-jo ko-wo _ LANA 2 [°
2354	MY Oe 122	MY Oe 122, za-ku-si-jo _ LANA[
2355	MY Oe 123	MY Oe 123, a-*79 _ LANA [
2356	MY Oe 124	MY Oe 124, a-pi-do-ra _ LANA 2[
2357	MY Oe 125	MY Oe 125, ke-ra-me-wi [
2358	MY Oe 126	MY Oe 126, o-pe-ra-no-re _ LANA[
2359	MY Oe 127	MY Oe 127, pa-we-a₂ , e-we-pe-se-so-me-na , _ LANA 20
236	KN Pp 495	KN Pp 495, ]qa-ra / re-me-to _ *$168+$SE 28
2360	MY Oe 128	MY Oe 128, ]° ___ au-te-ra _ LANA 1 ]°pi-ri-da-ke _ LANA 2
2361	MY Oe 129	MY Oe 129, ___ di-du-mo __ ne-wo , ka-na-pe-we _ LANA 4
2362	MY Oe 130	MY Oe 130, __ qa-da-wa-so ________ [° pe-re-ke-we __ LANA 4 _ [°
2363	MY Oe 131	MY Oe 131, qi-no[
2364	MY Oe 132	MY Oe 132, o-pe-[ a-pi-je[
2365	MY Oe 137	MY Oe 137, ]1 __ [° _]$vac. [°
2366	MY Oe 140	MY Oe 140, ]4
2367	MY Oi 701	MY Oi 701, __ $sup. $mut. $vestigia[ _ $vacat ___ [ si-to-po-ti-ni-ja _ *$190 [ po-ro-po-i _ *$190 10 ka-na-pe-u-si _ *$190 6 [•-•]-ta do-ke-ko-o-ke-ne _ *$190 5 [ku-wa-]no-wo-ko-i _ *$190 2 _ $inf. $mut.
2368	MY Oi 702	MY Oi 702, _ $sup. $mut. ______________________] $vacat _______ ]p°o°-t°i°-[ __ ___ ]*$190 3 _______ ]ne-ja , po-po-i _ *$190 5 ku-wa-]n°o°-wo-ko-i ______ *$190 2 __________] _______ *$190 2 ___________________]$vest.[ __ $inf. $mut.
2369	MY Oi 703	MY Oi 703, $sup. $mut. ______ ]-ro-i [ ]*$1°9°0°[ ku-wa-no-wo-ko-i __ *$190 2 [do-]k°e°-ko-o-ke-n°e°-i° _ *$190 5 _ $vacat _ $vacat $inf. $mut.
237	KN Pp 496	KN Pp 496, ]u-ta-no / pa-d°a°-[ _ ] _ *$168+$SE 2°3
2370	MY Oi 704	MY Oi 704, _ po-ti-ni-ja _ *$190 15 ka-na-pe-u-si _ *$190 6 ko-o-ke-ne-i° __ *$1°9°0°[ ku-wa-n°o°[-wo-ko-i _]$vest.[ _ $inf. $mut.
2371	MY Oi 705	MY Oi 705, i°-ku-to ____ [ re-u-ko ____ [ ka-ra-pa-so [ [•-•]-wo-ko[ _ $inf. $mut.
2372	MY Oi 706	MY Oi 706, _ $sup. $mut. ____]$vest.[ ]*$1°9°0° 2 _____ [ ]i° _ *$190 1 [ ____]1° ___ [ _ $inf. $mut.
2373	MY Oi 708	MY Oi 708, _ $sup. $mut. $vacat $vacat $vacat $vacat _ $i°n°f°. $m°u°t°. 
2374	MY Ue 611	MY Ue 611, __] _ $vacat ]pe-ra _ 4 a-po-re-we 2 pe-ri-ke 3 ]ka-ra-te-ra 1 po-ro-ko-wo 4 a-ta-ra 10 ]pa-ke-te-re 30 ka-na-to 5 qe-ti-ja 10 ]q°e°-to 2 ti-ri-po-di-ko 8 ka-ra-ti-ri-jo 7° ________________________]$vac.[ __ $inf. $mut. → • pi-ro-qe-mo , a-ke OLIV+$TI 3 _ OLIV 1 _ $NI 2 _ VIN S 2[ __ $vacat _________________________ [ __ $inf. $mut.
2375	MY Ue 652	MY Ue 652, o-ku-su-wa-si , ko-na , _________ GRA[ pe-ru-si-nwa ____________________ GRA[ OLIV 5 _ CYP+$KU 5 _ CYP+$O 7 _ $k°o° A°R°O°M°[ _______________________________ po-r°o°[ pe-ru-si-nwa ___ $N°I° _ 36 _________ ni[ → _______] VIN 22 _______] GRA 3 T 3 $reliqua $pars $sine $regulis
2376	MY Ue 661	MY Ue 661, jo-po-ro-te-ke _ *$190 100 _ *$155^VAS+$NI 15 *$248 5 _ $vacat
2377	MY Ue 663	MY Ue 663, ]to-so ]67 _ VIN 5
2378	MY Ui 4	MY Ui 4, __ $sup. $mut. ] $vacat [ ]$A° 5 ___ $A°[ ] $vestigia[ __ $inf. $mut.
2379	MY Ui 11	MY Ui 11, __ $sup. $mut. __]2°4°[______] _ [ ]5° $K°O° 5°[ ]k°i° G°R°A°[ ___ $deest _____ _______]$vest.[ _ $inf. $mut.
238	KN Pp 497	KN Pp 497, qa-mo _ [ ________ ]*$168+$SE 6
2380	MY Ui 651	MY Ui 651, ka-ra-[ ko-ra ______ [ ke-ko-jo _____ [ a₃-so-ni-jo ____ $RE[ o-pe-ra-no-ro __ $RE 7°0[ _ $inf. $mut. → __________] $RE 100 _ $A 1 ________] _ $RE 92 ______] ___ $RE 100 _ $A 1[ ]-sa-wo ___ $RE 100 _ $A[ ]$vac. ]-d°o°-jo[__ __ ]100 _ $A[ ]$vac. ________________________]$vest.[ _ $inf. $mut.
2381	MY Ui 709	MY Ui 709, ke-po _____ $KU 300[ tu-me-ne-wo , $DU 5°00[
2382	MY V 659	MY V 659, wo-di-je-ja , de-mi-ni-ja ___ 1 ma-no , a-re-ka-sa-da-ra-ka _____ 2 ri-su-ra , qo-ta-qe ____________ 2 e-ri-tu-pi-na , te-o-do-ra-'qe' 2 o-to-wo-wi-je tu-ka-te-qe _____ 2 a-ne-a₂ , tu-ka-te-qe _________ 2 pi-ro-wo-na ki-ra-qe __________ 2 p°u°-ka-ro ke-ti-de-qe __________ 2 _____________ ]-ri-mo-qe _____ 2 _____________ ]ma-ta-qe _______ 2 _______________ ]*8°2° __________ 1 ___________________ ]-q°e° ______ 2 ________________________________] $vac. __ $inf. $mut. __], i-ri-[• ]1° ke-ra-so , ki-ra-qe 2
2383	MY V 662	MY V 662, qa-ra-we-ta ____ 12°0[ ma-ri-ti-wi-jo _ 12°0[ __]$vac. sa-mu-ta-jo ____ 13°0[ __]$vac. _ $reliqua $pars $sine $regulis
2384	MY Wt 501	MY Wt 501, __ $sigillum ____($CMS I, Nr. 163) [7] a-ta-ra-qe e-ku-se-we-qe __ $vacat
2385	MY Wt 502	MY Wt 502, _ $sigillum ____($CMS I, Nr. 163) [7] ka-na-to _ $vacat
2386	MY Wt 503	MY Wt 503, _ $sigillum ____($CMS I, Nr. 163) [7] ke-ni-qe- -te-we
2387	MY Wt 504	MY Wt 504, _ $sigillum ____($CMS I, Nr. 163) [7] qe-ti-ja _ $vacat
2388	MY Wt 505	MY Wt 505, _ $sigillum ____($CMS I, Nr. 163) [7] pa-k°o°-to _ $vacat
2389	MY Wt 506	MY Wt 506, _________ -ja ____$supra $sigillum ____($CMS I, Nr. 163) [7] ka-na-to pa-ke-te-ri-
239	KN Pp 498	KN Pp 498, e-ra / ta-t°a°-r°o° __ *$168 3°0[ mu-ka-ra / pa-i-to __ *$168[
2390	MY Wt 507	MY Wt 507, _ $sigillum ____($CMS I, Nr. 163) [7] ka-ra-se- -ti-ri-jo
2391	MY Wt 700	MY Wt 700, *$190 $supra $sigillum ____($CMS V,2, Nr. 595) [1] _ $vacat _ $vacat
2392	MY Wt 712	MY Wt 712, $A $supra $sigillum ____($CMS V Suppl. 1B, Nr. 49) [1] a-pe-we-d°e° __$vacat
2393	MY Wt 713	MY Wt 713, OLE+$WE $supra $sigillum [1]
2394	MY X ‹1›	MY X ‹1›, ]ta-na , a-ti-ja , [ ] _ $vacat ______ [
2395	MY X 2	MY X 2, a-pu-do-si , po-ro-te-ra 100[ o-u-te-ra ____________ 200 _ [
2396	MY X 5	MY X 5, _ $sup. $mut. ]ko-no 20 [ ]ne-to 30 [ __ $inf. $mut.
2397	MY X 6	MY X 6, __ $sup. $mut. ]-w°i°-s°a°[
2398	MY X 8	MY X 8, a₃-ra₂-[
2399	MY X 10	MY X 10, ] to-sa[ ]$vest.[ _ $inf. $mut.
24	KN Nc 5130	KN Nc 5130, ]-jo ___ M 1
240	KN Pp 499	KN Pp 499, ]°to-so _ *$168+$SE 217
2400	MY X 12	MY X 12, _ $sup. $mut. ]$vac.[ ]3°0° [ _ $inf. $mut.
2401	MY X 13	MY X 13, _ $sup. $mut. ]$vest.[ ]$vest.[ _ $deest _ $inf. $mut.
2402	MY X 508	MY X 508, _______] ______________ te-qa-de , $ta [ __ ]ze-ta , / pu-ka-ta-ri-ja⸤ ⸥ma-ri-ne[
2403	MY X 707	MY X 707, __ $sup. $mut. __________] ____ $v°e°st°i°g°i°a° _ ___ [ ]$vest.?[_] a-[•]-ti-ri-ta , wa-[ ]s°o°-i-ne ,° [•]-m°o° × _______ [ ]$vest. [__ ]ka-w°o°-n°o°[ ______ ]-wa-de , __________ [ _ ]r°i°-de-ja ,° pe-ka-[
2404	MY Z 202	MY Z 202, ]e-ra , ka-ta-ro
2405	MY Z 203	MY Z 203, ]-ni-[
2406	MY Z 205	MY Z 205, ]j°a°-n°o°[
2407	MY Z ‹206›	MY Z ‹206›, ]-r°o°[
2408	MY Z 207	MY Z 207, p°i°[
2409	MY Z 664	MY Z 664, ]-ka-mo
241	KN Pp 1818	KN Pp 1818, ]qa-[ $inf. $mut.
2410	MY Z 712	MY Z 712, pi-ra-ki
2411	MY Z 713	MY Z 713, ]m°a°-pu[ ] ka [
2412	MY Z 714	MY Z 714, ]pi-ka [
2413	MY Z 715	MY Z 715, ]ra-u-ko
2414	MY Z 716	MY Z 716, ]-de[
2415	MY Z 717	MY Z 717, ka-ra-u°-ko
2416	MY Z 718	MY Z 718, ]pa-ti-jo-ro
2417	TI Al 7	TI Al 7, __ $sup. $mut. _______________] V°I°R° 3°0°[ ________________]VIR 8°0 ka[ ______]q°e° ______ V°I°R°[ ____]we ________ VIR 40 [ ____]m°e°-q°e° _____ VIR 20 a°[ ____]-ja-t°a°[ ] VIR 18° [ [_]ra-to-po-ro _ VIR 7[ _]$vac.[___]$vac. __ $vacat ____________ [__] $vacat ___]-ro-qe _ VIR 1°28[ ____________________] $vacat $vest.[__________________ e-wo-ro-qe _____ VIR[ __ $vacat __________ [
2418	TI Al 7d	TI Al 7d, __ $sup. $mut. ]k°o° [ __]$vest.[ __ $inf. $mut.
2419	TI Al 7e	TI Al 7e, __ $sup. $mut. ]k°o° 1 [ __ $inf. $mut.
2420	TI Al 7g	TI Al 7g, __ $sup. $mut. _____]$vest.[ ]$vest.[ __ $inf. $mut.
2421	TI Cb 4	TI Cb 4, ] _ $vacat _______ [ ]j°o°-qe , / e-qe _ BOS [ ] ____ $vest.? [ ___ $inf. $mut.
2422	TI Ef 2	TI Ef 2, ]qo-u-ko-ro _ $DA 1 _ to-sa-pe-mo _ GRA 6
2423	TI Ef 3	TI Ef 3, di-ko-na-re-ja , / ke-ke-me[
2424	TI Si 5	TI Si 5, $sup. $mut. ]to-ra-ka _ ARM 1°[ ] to-ra-ka _ ARM 1[
2425	TI Sl 8	TI Sl 8, $sup. $mut. ______________] $MO 2 ]ROTA 1 _ ti-t°o° $MO 1
2426	TI Sl 9	TI Sl 9, __ $sup. $mut. ]ROTA 3[ ]R°O°T°A° 1°[ __ $inf. $mut.
2427	TI Sl 10	TI Sl 10, __ $sup. $mut. ]ROTA [ __ $inf. $mut.
2428	TI Sm 11	TI Sm 11, __ $sup. $mut. __]$vest.[ ] $vest. [ __ $inf. $mut.
2429	TI Uh 12	TI Uh 12, ]° _ $vacat __________ [ ]°d°i°-p°t°e°-[_______] $NI[ __ $inf. $mut.
243	KN Pp 1819	KN Pp 1819, ]4°
2430	TI X ‹1›	TI X ‹1›, __ $sup. $mut. ]no ,° a°[ ]nu-se[ __ $inf. $mut.
2431	TI X 6	TI X 6, ]3°7° _____________________ [ ]4 M 7 _ tu-ru-pte-ri-j°a°[
2432	TI X 13	TI X 13, ___ $sup. $mut. ]$vest. _____ [ ]-t°a°-ro 1 _ [ _ $inf. $mut.
2433	TI X 14	TI X 14, ] 12 _ [_]t°a°-r°o° 1°[ ____$inf. $mut.
2434	TI X 15	TI X 15, ___ $sup. $mut. ]wa-si-jo[ ____]$vac.[ ___ $inf. $mut.
2435	TI X 16	TI X 16, _ $sup. $mut. ]ja , pu-k°a°[ ] _ $vac. _ [ ___ $inf. $mut.
2436	TI X 17	TI X 17, ] $vacat [ ]A°U°R° 2°[
2437	TI X 18	TI X 18, _ $sup. $mut. ] _ $vacat __ [ ] _ $vacat __ [ ]$vestigia [ _ $inf. $mut.
2438	TI X 19	TI X 19, ]$vacat[ ]t°i°-[•]-q°o°[ ]$vac.[ ___ $inf. $mut.
2439	TI X 21	TI X 21, __ $sup. $mut. ___] $vest.[ ]$vest. [ __ $inf. $mut.
244	KN R 1562	KN R 1562, ]je-ne ___ $ZE 12
2440	TI X 22	TI X 22, __ $sup. $mut. ] $vest.[ __ $inf. $mut.
2441	TI X 23	TI X 23, __ $sup. $mut. ]1 [ ]$vest.?[ __ $inf. $mut.
2442	TI X 24	TI X 24, __ $sup. $mut. $deest[ $vest.[ $deest[
2443	TI X 25	TI X 25, ]$vest.[ _ $inf. $mut.
2444	TI Z 1	TI Z 1, u-pa-ta-ro
2445	TI Z ‹2›	TI Z ‹2›, u-pa-ta-ro
2446	TI Z ‹3›	TI Z ‹3›, ]u°-pa-ta-ro
2447	TI Z 4	TI Z 4, ]u-pa-ta[-ro
2448	TI Z 5	TI Z 5, u-pa-[ta-ro
2449	TI Z 6	TI Z 6, a₃-t°a°-[
245	KN R 1815	KN R 1815, e-]ke-a / ka-ka re-a° _ HAS 12
2450	TI Z ‹7›	TI Z ‹7›, a-ta-ma-no-we[
2451	TI Z ›8‹	TI Z ›8‹, a-nu[-to
2452	TI Z 9	TI Z 9, a-ma-ti
2453	TI Z 11	TI Z 11, ]no-di-zo[
2454	TI Z ‹12›	TI Z ‹12›, ]n°o°-di-zo [
2455	TI Z ‹13›	TI Z ‹13›, no-d°i°[-zo
2456	TI Z ‹14›	TI Z ‹14›, ] no-d°i°[-zo
2457	TI Z ›15‹	TI Z ›15‹, no-d°i°[-zo
2458	TI Z 16	TI Z 16, ]n°o°-d°i°-z°o°[
2459	TI Z 17	TI Z 17, ]no[
246	KN R 4482	KN R 4482, ] ___ SAG 6010 ] _____ SAG 2630
2460	TI Z 18	TI Z 18, ]no[
2461	TI Z 19	TI Z 19, ]no[
2462	TI Z ‹20›	TI Z ‹20›, ]no[
2463	TI Z ‹21›	TI Z ‹21›, ]no[
2464	TI Z ‹22›	TI Z ‹22›, ] no[
2465	TI Z ‹23›	TI Z ‹23›, ]d°i°-z°o° [
2466	TI Z 24	TI Z 24, a-d°o°-w°e°[
2467	TI Z ‹25›	TI Z ‹25›, ]a°-do-we [
2468	TI Z 27	TI Z 27, *56-ko-we
2469	TI Z 28	TI Z 28, a[
2470	TI Z 29	TI Z 29, ]r°i°-jo wa-na-k°a°[
2471	TI Z 30	TI Z 30, qi-ne-u
2472	TI Z 31	TI Z 31, 
2473	TI Z ‹32›	TI Z ‹32›, ]-n°o°[
2474	TI Z ‹33›	TI Z ‹33›, 
2475	TI Z 34	TI Z 34, ]u-n°o°[
2476	TI Z ‹35›	TI Z ‹35›, ]u°-p°a°-t°a°[
2477	TI Z 36	TI Z 36, ]u°
2478	TI Z ‹37›	TI Z ‹37›, ]n°o°[
2479	TI Z ‹38›	TI Z ‹38›, ]j°a°-t°i°-k°o°[
248	KN Ra(2) 984	KN Ra(2) 984, e-re-]pa-te , de-de-me-na , _ [ __________________ ]P°U°G°[ ____ ]zo-wa , e-pi-zo-ta , ke-ra , de-de-'me-na' _ GUP[
2480	TI Z 39	TI Z 39, ]r°u°[
2481	TI Z ‹41›	TI Z ‹41›, ]*56[
2482	TI Z ‹43›	TI Z ‹43›, 
2483	TI Z ‹48›	TI Z ‹48›, 
2484	TI Z ‹49›	TI Z ‹49›, ]j°a°-t°i°[
2485	TI Z ‹50›	TI Z ‹50›, 
2486	TI Z 52	TI Z 52, ]r°i°
2487	TI Z 53	TI Z 53, ]d°e°[
2488	TI Z 54	TI Z 54, ]a[
2489	KN Ag 87	KN Ag 87, ]wa _ VIR 1 _ MUL 2 _ 'ko-wa 1' _ ko-wo 1
249	KN Ra(2) 1028	KN Ra(2) 1028, ] __________ e-re-pa-te[ ]qo-jo , / zo-w°a° / [e-]p°i°[-zo-ta ______ ]GUP 20[
2490	KN Ag 88	KN Ag 88, pe-re-ko _ VIR 1 _ MUL 1 _ ko-wa 2 , ko-wo 1
2491	KN Ag 89	KN Ag 89, ]to-ro-wo _ VIR 1
2492	KN Ag 90	KN Ag 90, e-ri-*19 _ VIR 1 _ ko-wo 1
2493	KN Ag 91	KN Ag 91, ke-re-u _ VIR 1 _ MUL 1[
2494	KN Ag 1654	KN Ag 1654, qe-ri-jo _ VIR 1 _MUL 1 _ ko-wa[
2495	KN Ag 7000	KN Ag 7000, ]VIR 1 _ MUL 1 _ ko[
2496	KN Ai(1) 63	KN Ai(1) 63, pe-se-ro-jo , e-e-si _ MUL 1 _ ko-wa 1 ko-wo 1
2497	KN Ai(1) 115	KN Ai(1) 115, pa-ro , u-wa-si-jo , ko-wo [°
2498	KN Ai(1) 190	KN Ai(1) 190, ]ko-wa 1 _ $di ,° ko-wa 1
2499	KN Ai(1) 194	KN Ai(1) 194, ]MUL 3 _ ko-wa 1 _ ko-wo 2[
25	KN Nc 5772	KN Nc 5772, ]ta-jo _____ M 1 _ [
250	KN Ra(1) 1540	KN Ra(1) 1540, to-sa / pa-ka-na _ PUG 50[
2500	KN Ag ‹321›	KN Ag ‹321›, ]M°U°L° 1 _ ko-wo 1[
2501	KN Ai 338	KN Ai 338, ] __________ ko-wa 6 ]ja _ MUL 5° ko-wo 2
2502	KN Ai 632	KN Ai 632, ]ta-ra₂ _ MUL 1
2503	KN Ai 739	KN Ai 739, ra-su-to , 'a-ke-ti-ri-ja' __ MUL 2 ______ ko-wa 1 ___________ ko-wo 1
2504	KN Ai(2) 750	KN Ai(2) 750, ]ko-wo 2 _ GRA 1 T 2°[
2505	KN Ai(2) 751	KN Ai(2) 751, ko-]w°a° 1 _ GRA T 5
2506	KN Ai(2) 752	KN Ai(2) 752, ]re-ja _ MUL 3° _ ko-wa 1 _ ko-wo 1 _ GRA T°[
2507	KN Ai(2) 754	KN Ai(2) 754, ] _ MUL 3 _ ko-wa 2 _ ko-wo 2
2508	KN Ai(2) 762	KN Ai(2) 762, ]ra-ma-na , / e-ne-ra _ MUL[
2509	KN Ai 824	KN Ai 824, a-pi-qo-i-ta / do-e-ra MUL 32 ko-wa , me-zo-e 5 ko-wa me-wi-jo-e 15 _____________________________ ko-wo me-wi-jo-e 4
251	KN Ra(1) 1541	KN Ra(1) 1541, ka-si-]ko-no , pa-ka-na , a-ra-ru-wo-a _ PUG 1°[
2510	KN Ai(3) 825	KN Ai(3) 825, ]ta-na-qo , / a-mi-ni-si-ja , __ [ ]ra ________________________ MUL [
2511	KN Ai(3) 966	KN Ai(3) 966, ________________ te-o , do-e-ro _ [ a-ri-ke-u , / ka-p°a°-so ja-[
2512	KN Ai(3) 982	KN Ai(3) 982, ]-qo-ta , / o-du-ru-wi-ja ___ [° ]MUL 1 ______________________ [°
2513	KN Ai(3) 1012	KN Ai(3) 1012, ]w°e°-re-ki-ja [ ]w°e°-ka-ta __ [
2514	KN Ai(3) 1036	KN Ai(3) 1036, ]*56-so-jo , / a-mi-ni-so , // do-e-ra ] $vacat
2515	KN Ai(3) 1037	KN Ai(3) 1037, ?do-]e-ra _____ we-ka-sa[ ____] , _ qi-ri-ja-to , [
2516	KN Ai 1805	KN Ai 1805, di-ka[ MUL 200[ $inf. $mut.
2517	KN Ai 5543	KN Ai 5543, $sup. $mut. __ ko-]w°o° 6 _ GRA 2 T° 2°[ ___]2° _ ko-wo 8 ____ GRA 2° T°[ ko-]w°a° 8 ko-wo 1°0° _ GRA 2 T 3°[ ___] $vacat ______________ [
2518	KN Ai 5849	KN Ai 5849, ] __ MUL 10 *$1°9°0°[
2519	KN Ai(3) 5976	KN Ai(3) 5976, ]ko , / si-ra-ko , // qi-ri-ja-to , [ ___] _____ [[M°U°L° 1]] ________________ [
252	KN Ra(1) 1542	KN Ra(1) 1542, a-ra-ru-]w°o°-a _ PUG 1[
2520	KN Ai(2) 7014	KN Ai(2) 7014, ]3° _ ko-wo 1[
2521	KN Ai(4) 7017	KN Ai(4) 7017, ] _ M°U°L° 12 _ ko-wa[
2522	KN Ag 7023	KN Ag 7023, ]1° ko-wa 2 _ ko-wo 1
2523	KN Ai(4) 7026	KN Ai(4) 7026, ] _ MUL 6° _ k°o°-wa 6 _ ko-wo 4 _ GRA 1 T 7°[_] $vacat
2524	KN Ai(4) 7027	KN Ai(4) 7027, ko-]w°a° 3 _ ko-wo[
2525	KN Ag 7029	KN Ag 7029, ]ko-wa 2°[
2526	KN Ai(3) 7745	KN Ai(3) 7745, ]j°a°-to , si-q°a° __ [ ] _ $vacat ____ [
2527	KN Ai(3) 7867	KN Ai(3) 7867, ]ra , pi-ja[ ] _ $vacat [
2528	KN Ai(4) 7883	KN Ai(4) 7883, ]k°o°-wo 5° _ GRA 2°[
2529	KN Ai(4) 7890	KN Ai(4) 7890, ]no _ M°U°L° 1°0°[_] _ ko-[
253	KN Ra(1) 1543	KN Ra(1) 1543, ___________________ de-so-mo ____________ [ a-mi-to-no / pi-ri-te , a-ra-ru-wo-a _ PUG[
2530	KN Ai(4) 7952	KN Ai(4) 7952, ]MUL 1°1 __ ko-wa 4°[ ↓ ___________ ]G°R°A° 2°[
2531	KN Ai(4) 7962	KN Ai(4) 7962, ]t°e°-o°-ne _ M°U°L°[
2532	KN Ai(4) 9257	KN Ai(4) 9257, $sup. $mut. ]ko[ $inf. $mut.
2533	KN Ai 9269	KN Ai 9269, ]M°U°L° [ → [[___]]
2534	KN Ai 9501	KN Ai 9501, ]1°0° _ MUL 1 _ ko[
2535	KN Ai(4) 9502	KN Ai(4) 9502, $l°a°t°. $s°u°p°. ]MUL[ $inf. $mut.
2536	KN Ai 9503	KN Ai 9503, ]G°R°A° 1°0°[ $inf. $mut.
2537	KN Ai 9505	KN Ai 9505, ]G°R°A° T 5
2538	KN Ai(4) 9506	KN Ai(4) 9506, $sup. $mut. ] k°o°[
2539	KN Ai(4) 9507	KN Ai(4) 9507, $sup. $mut. ] k°o°[ $inf. $mut.
254	KN Ra(1) 1544	KN Ra(1) 1544, ] _ PUG 2[
2540	KN Ai(4) 9508	KN Ai(4) 9508, $sup. $mut. ]ko-wa[ $inf. $mut.
2541	KN Ai 9509	KN Ai 9509, ]1 ko-wa 1[ $inf. $mut.
2542	KN Ai(4) 9510	KN Ai(4) 9510, ]ko-w°a° 3°[
2543	KN Ai 9512	KN Ai 9512, $sup. $mut. ]1°0° _ ko-w°o°[
2544	KN Ai 9513	KN Ai 9513, ko-]wo 1[
2545	KN Ai(4) 9514	KN Ai(4) 9514, ]1° T° 6[ $inf. $mut.
2546	KN Ai(4) 9515	KN Ai(4) 9515, ]2[ $inf. $mut.
2547	KN Ai(4) 9516	KN Ai(4) 9516, $sup. $mut. ]1
2548	KN Ai(4) 9517	KN Ai(4) 9517, $sup. $mut. __]2°[
2549	KN Ai 9532	KN Ai 9532, $sup. $mut. ko-]w°a° 1° k°o°[-wo
255	KN Ra(1) 1545	KN Ra(1) 1545, pa-ka-]na , a[-ra-ru-wo-a
2550	KN Ak(1) 610	KN Ak(1) 610, ]$TA 1 '$DA 1' _ MUL 10 _ $de MUL 1 ] ko-wa / me-zo-e 3 __ $d°e° , ko-wa 1 ______[ ] ko-wo / m°e°[-zo] 1 _ ko-wo / me-wi-jo 2 __[
2551	KN Ak(1) 611	KN Ak(1) 611, to-te-ja , $TA 2 '$DA 1' MUL 10[__ _____]d°e°-di-ku-ja ___ MUL 1°[ __ ko-wa , / me-zo-e 4 _______ [____] ko-wo , / _ me-wi-jo 1°[ __ $vacat __________________________________________________ [
2552	KN Ak(1) 612	KN Ak(1) 612, ___________ $TA 1 '$DA 1' _ MUL 9 _____________ ko-wa ,° / me-zo 1 ko-wa / me-u-jo 1 da-te-we-ja / ko-wo / me-zo 1_ [[k°o°-w°o° / m°e°- ____]]
2553	KN Ak(2) 613	KN Ak(2) 613, qa-mi-ja , / $TA 1 '$DA 1' _ M°U°L°_[ _ ko-wa , / me-u-jo-e 9 _ ko-wo[ __ ]7° T 1
2554	KN Ak(1) 614	KN Ak(1) 614, ] $TA 2 _ MUL 30 _ $pa $di 4°[ ] ko-wa / me-zo-e 5 _ ko-wa / me-u-j°o°[ ] ko-wo , / me-zo 1 _ ko-wo / me-u-jo _ 2°[
2555	KN Ak(2) 615	KN Ak(2) 615, ]a-no-qo-ta ____ MUL 30 ______ [ ] ko-wa , me-zo-e 6 _ ko-wa , me-u°[ ] ko-wo me-z°o°-e 3° _ ko-wo me-u-j°o°[ None ]a°-pe-a-s°a° 24°[
2556	KN Ak(2) 616	KN Ak(2) 616, ___]3°6 _ $pe '$di' MUL 2 _ $di '$za' MUL 2 ___ [ me-]u-jo-e 8 ___] me-u-jo-e 13
2557	KN Ak(2) 617	KN Ak(2) 617, ]$TA 2 _ MUL 73 _______ $au MUL 1°[ ]me-zo-e 13 _ ko-wa , / me-u-jo[ ]m°e°-zo-e 12 _ ko-wo / me-u-jo[
2558	KN Ak(1) 619	KN Ak(1) 619, _____________________]$T°A°⸤ ⸥M°U°L° 22 ___ $pa $di 3 ____ [ _____________________] ______ ko-wa _ me-zo-e 4 [ ko-]w°a°[ me-wi-]jo-e 5 _________ ko-wo __ $di 2 _ [ ] ko-wo / me-zo-e 1[ ] _ ko-wo / me-wi-jo-e 2 __ [
2559	KN Ak(1) 620	KN Ak(1) 620, ] _______ $TA 2 '$D°A° [1]' _ MUL 14[ ] _______ ko-wa $di 1 // ko-wa [ ]ke-ja / ko-wo , $de 1 _ [
256	KN Ra(1) 1546	KN Ra(1) 1546, ka-si-]ko-no _ PUG 2
2560	KN Ak(2) 621	KN Ak(2) 621, ___________] _____ MUL 34 _________ $pe '$d°i°'[ ] _______________ ko-wa , me-zo-e 4 _ ko-w°a°[ ]j°o° , / da-wo , / ko-wo , me-zo-e 6 _ [ ][[$vestigia]][
2561	KN Ak(2) 622	KN Ak(2) 622, we-we-si-jo-jo , [ ko-wa , me-zo-e _ [ ____________ ko-wo[
2562	KN Ak(1) 624	KN Ak(1) 624, ri-jo-ni-ja , ____ $TA [ ] '$DA [ ]'[ $ne $di 3 __ ko-wa , / me-zo-e [ ko-wo , $di 3 _ ko-wo , / me-zo-e 1°[
2563	KN Ak(1) 626	KN Ak(1) 626, _ tu-ni-ja[ ______________________]_ $pa $di 2 'ko-no-so' $pa $di 2[ $ne $di 3 / we-ko-we-ka-te[ __] me-wi-jo-e 7 _ [ _ko-]wo $di 1[______________ ]me-wi-jo-e 6 _ [
2564	KN Ak(2) 627	KN Ak(2) 627, da-*22-to , / a-no-zo-jo $TA 1 '$DA 1' _ M°U°L°[ ]9 $pe $di 2 ko-wa / me-zo-e 7 _____ ko-wa / m°e°-wi-jo-e 10 ko-wo / me-zo-e 2 _____ ko-wo / m°e°-wi-j°o°-e 10
2566	KN Ak(2) ‹631›	KN Ak(2) ‹631›, ] $pe '$di' MUL 6 ] ko-wo , me-u-jo-e 4 ] _ $vacat
2567	KN Ak(1) 634	KN Ak(1) 634, ______________ [ ]'$D°A° 1°'[____ ____]74[ ] __ $di 5 [ s°e°-t°o°-i-ja / ko-wa , me-u°[-jo-e] 10 _ ko-wo $me 5[ $vacat [_______________]_____________ _ ru-si[
2568	KN Ak(2) 636	KN Ak(2) 636, $sup. $mut. ______]$vest.[ ] ko-wa me-zo 1 _ [ ] ko-wa me-u-jo-e 2[
2569	KN Ak(1) 638	KN Ak(1) 638, ______ 'e-ne-re-ja[' ]$vest.[ _____________________ ko-wa[ a-mi-ni-so / ________ ko-wo[
257	KN Ra(1) 1547	KN Ra(1) 1547, da-zo / pi-ri-je-te[
2570	KN Ak 640	KN Ak 640, $sup. $mut. __]$vest.[ ]-sa-tu 1 __] $vacat k°o°-w°a° 8 _ ko-wo 2 __] $vacat
2571	KN Ak(1) 643	KN Ak(1) 643, ______] 'ko-no-so' _ [ ]ko-u-re-ja / _____ [
2572	KN Ak(3) 780	KN Ak(3) 780, da-wi-ja , ne-ki-ri-de _ MUL 2 _ $pe VIR 2 ko-wa me-wi-jo[ ]1____ ko-wo me-w°i°[-jo-]e 3 _
2573	KN Ak(3) 781	KN Ak(3) 781, ________________________] MUL 17 [[di-da-ka-re]][ ______]5° _________________ ko-wa [______]$vest.[ ] , di-da-ka-re , $ne 1 // ko-wo [
2574	KN Ak(3) 782	KN Ak(3) 782, ] MUL 3 ]me-wi-jo-e 2 ] $vacat
2575	KN Ak(3) 783	KN Ak(3) 783, ] ___ di-da-ka-re _ $pe MUL 2 ]me-wi-jo-e 14 ]me-wi-jo-e 9
2576	KN Ak(3) 784	KN Ak(3) 784, ]we-ra-ti-ja ________ [______________________]2 ]me-zo-e , di-da-ka-re[___________ __________]11 ]me-zo-e , di-da-ka-re[___________ __________]1°5°
2577	KN Ak(3) 828	KN Ak(3) 828, pa-i-ti-ja , __ $DA 1 _ $TA [ ko-wa / me-zo-e , di-da-ka[ ko-wo / me-zo-e , di-d°a°[
2578	KN Ak(3) 830	KN Ak(3) 830, ___]du-wi-ja , po-s°i°[ ko-]wa / me-zo-e __ [ ko-]wo / me-zo-e _ 3[
2579	KN Ak(2) ‹1807›	KN Ak(2) ‹1807›, ___]ko-wa me-zo[ ko-]wa me-u-jo-e[
258	KN Ra(1) 1548	KN Ra(1) 1548, ____________ de-so-mo ku-ka-ro / pi-ri-je-te pa-ka-na a-ra-ru-wo-a _ PUG 3
2580	KN Ak(2) 2126	KN Ak(2) 2126, $sup. $mut. ___] __ ko-wa me-wi-j°o°-e° 1°[ me-]zo 1 __ ko-wa me-zo 1 e-[ ____] _ $vacat _______________ [
2581	KN Ak(1) 5009	KN Ak(1) 5009, ______] ka-pa-ra₂ __ [ ____] ______________ ko-wa , m°e°[ a°-ra-ka-te-ja , / __ k°o°[
2582	KN Ak(1) 5553	KN Ak(1) 5553, ko-ro-ka-[ ]°k°o°-wa / me-zo 1°[
2583	KN Ak(1) 5604	KN Ak(1) 5604, ]$T°A° 2 '$D°A° 1' MUL[ _________]$vest.[ $inf. $mut.
2584	KN Ak(1) 5611	KN Ak(1) 5611, $sup. $mut. ] ko-wo m°e°[ $inf. $mut.
2585	KN Ak(1) 5648	KN Ak(1) 5648, ] ______ $TA 1 [ ]j°a° / [ ]ko-wa [ $inf. $mut.
2586	KN Ak(1) 5655	KN Ak(1) 5655, $sup. $mut. ]$vacat[ ] _ $di [ ]w°o° $di [
2587	KN Ak(1) 5741	KN Ak(1) 5741, ____]10 _________ ko-wa / me-zo 1 ____ [° ]j°o° , _ ko-wo / me-zo-e 2 ko-wo $me 1
2588	KN Ak(2) 5879	KN Ak(2) 5879, $sup. $mut. ]3° [ ]1 _ ko-wo [
2589	KN Ak(1) 5884	KN Ak(1) 5884, _____]1°0°[__ __] $vacat ]5 ____ [____]k°o°-wa / me-u-jo 2 ]e 4 [_______] $inf. $mut.
259	KN Ra(1) 1549	KN Ra(1) 1549, ]no / p°i°-ri-je-te , pa-ka[-na
2590	KN Ak(1) 5893	KN Ak(1) 5893, ko-]wa me-zo-e[ _________ ]w°o° [ $inf. $mut.
2591	KN Ak(1) 5907	KN Ak(1) 5907, ]$d°e° MUL 2 _ $pa $di 1 ___ ko-]w°a° _ 'me-wi-jo-e' 5 $inf. $mut.
2592	KN Ak(1) 5918	KN Ak(1) 5918, ]t°a°-jo-jo[ __]m°e°-zo-e _ [
2593	KN Ak(1) 5926	KN Ak(1) 5926, ____] MUL [__________] $ne '$d°i°' 1 ]m°e°-zo-e 3 _______] _ ko-wo / me-w°i°[
2594	KN Ak(1) 5940	KN Ak(1) 5940, ]8 ___ $ne $di 1 _ ]ko-wa ,° / me-wi-jo 2 $inf. $mut.
2595	KN Ak(1) 5948	KN Ak(1) 5948, ]$de MUL 1 _ $pa $di[ ] _ $vacat ______ [
2597	KN Ak(3) 7001	KN Ak(3) 7001, a-]k°e°-ti-ri-ja , ________ MUL 1[ me-]w°i°-jo-e 4[[________ ko-wa ]] [ ___] _ $vacat ________________ [
2598	KN Ak(2) 7002	KN Ak(2) 7002, ]2°6° ________ k°o°[ ] me-zo-e 9 _ ko-wo m°e°[ __] $vacat [_______]$vac.[
2599	KN Ak(3) 7003	KN Ak(3) 7003, __]MUL 2 ]e 9 ]e° 9
26	KN Nc 5787	KN Nc 5787, sa-na-so[
260	KN Ra(1) 1550	KN Ra(1) 1550, ]te , pa-ka-na , a-r°a°[-ru-wo-a
2600	KN Ak(3) 7005	KN Ak(3) 7005, __________ ]8°4° ______ di-d°a°[-ka-re di-da-]k°a°-re , $ne 5 _ ko-w°a°[ di-da-ka-]r°e° , $ne 3 _ ko-w°o°[
2601	KN Ak 7006	KN Ak 7006, ]j°a° _ MUL 18[
2602	KN Ak(3) 7007	KN Ak(3) 7007, _ $sup. $mut. ] $vacat [ ] ______ ko-wo [
2603	KN Ak 7008	KN Ak 7008, ko-]w°a° 2 _ ko-w°o°[
2604	KN Ak(2) 7009	KN Ak(2) 7009, ko-]wa , me-zo[ ___]m°e°-u-jo-e 4[
2605	KN Ak(2) 7010	KN Ak(2) 7010, me-]z°o°-e 3[ __] me-u-jo-e 1°[
2606	KN Ak(2) 7012	KN Ak(2) 7012, ___________ $sup. $mut. ]_ MUL _[___] ___ 4[ ] _ko-w°o°[_ _]j°o°-e 4 [
2607	KN Ak(2) 7013	KN Ak(2) 7013, _ $sup. $mut. ____]$vest.[ ] ko-wa m°e°[ ] ko-wo m°e°[
2608	KN Ak 7015	KN Ak 7015, $sup. $mut. ]ko-wa 1°[
2609	KN Ak 7016	KN Ak 7016, ]ko-wo 3 $inf. $mut.
2610	KN Ak 7019	KN Ak 7019, ]4 _ ko-wa , 4[ ] __ $vest. [ $inf. $mut.
2611	KN Ak(2) 7020	KN Ak(2) 7020, _ $sup. $mut. ] _ $vacat [ ko-]w°a° me-u-j°o°[ ___]m°e°-u-jo[
2612	KN Ak(2) 7022	KN Ak(2) 7022, __ [•]-ki __ '$DA [ ]' $TA 2 _ MUL[________] 2[ ko-wa me-zo-e° 1°0°[ ] ko-wa , me[________] ko-w°o° ,° me[ _____ ko-wo me-w°i°-jo-e 12°[_________ _________]e-ra _ M°U°L°[
2613	KN Ak(2) 7028	KN Ak(2) 7028, ______] MUL[__ __]'$p°e°' $di[ ___]$vac.[ me-zo]-e 5 k°o°[-wa me-wi-jo-]e __ 2°0 __ [ me-zo]-e 3 [ko-wo me-]wi[-jo-e] $vac. _ [
2614	KN Ak(2) 7030	KN Ak(2) 7030, ]ja _________ MUL 4°[ ___]m°e°-wi-jo-e __ 2[
2615	KN Ak 7031	KN Ak 7031, ]MUL 1
2616	KN Ak(4) 7827	KN Ak(4) 7827, ]j°o°-jo _ MUL 50[
2617	KN Ak(4) 7830	KN Ak(4) 7830, ]ja _ MUL 23 [
2618	KN Ak(1) 8218	KN Ak(1) 8218, $sup. $mut. ] _ ko-wa[ ] ___ ko-[
2619	KN Ak(1) 8334	KN Ak(1) 8334, $sup. $mut. ____________] M°U°L° 2°0°[ ]ko-wa / [me-]w°i°-j°o°-e 14 _ ko-w°o°[
262	KN Ra(1) 1551	KN Ra(1) 1551, _____ ] ___________ a-ra-ru-wo-a [ ka-si-]ko-no , pa-ka-na ________ [
2620	KN Ak 8337	KN Ak 8337, $sup. $mut. ]ko-wo[
2621	KN Ak(1) 8338	KN Ak(1) 8338, ]1 __ ko[ ] $vest.?[ $inf. $mut.
2622	KN Ak(1) 8341	KN Ak(1) 8341, $sup. $mut. ]$ne $di[
2623	KN Ak(1) 8444	KN Ak(1) 8444, ]j°a° __ M°U°L°[ __]$vest.[ $inf. $mut.
2624	KN Ak(1) 8622	KN Ak(1) 8622, ] _________ $DA[ ][•]-[ ]j°a° /[__ _]wa-ko[ $inf. $mut.
2625	KN Ak(1) 8726	KN Ak(1) 8726, $sup. $mut. ]m°e°[ $inf. $mut.
2626	KN Ak(1) 8795	KN Ak(1) 8795, ]d°e°[ $inf. $mut.
2627	KN Ak(2) 9001	KN Ak(2) 9001, _____] _ $za '$di' MUL 2°[ me-]zo-e 9 ____ [ ___]9° _________________ [
2628	KN Ak(3) 9002	KN Ak(3) 9002, _ $sup. $mut. __]$vest.[ ] me-zo-e[ $inf. $mut.
2629	KN Ak(2) 9173	KN Ak(2) 9173, ?we-]we-si-j°o°[ ]ko-wa , [ ] ko-wo , [
263	KN Ra(1) 1552	KN Ra(1) 1552, pa-]ka-na , a-ra-r°u°[-wo-a
2630	KN Ak(2) 9407	KN Ak(2) 9407, ] _ MUL 4°0[ ] k°o°-wa , m°e°-u°-j°o°-e°[ ] _ ko-w°o° m°e°-u°-j°o°[ $inf. $mut.
2631	KN Ak 9409	KN Ak 9409, $sup. $mut. ]m°e°-zo[ $inf. $mut.
2632	KN Ak 9410	KN Ak 9410, _____] $vacat ___] $vacat me-]u°-j°o°-e° 2
2633	KN Ak(2) 9477	KN Ak(2) 9477, ]4 ______[ ]u°-j°o°-e°[ $inf. $mut.
2634	KN Ai(4) 9478	KN Ai(4) 9478, ko-]wo 5[ ] $vacat
2636	KN Ak 9485	KN Ak 9485, ]12 _____ [ __]m°e°-u-jo[ ]e° 1° __ [ $inf._$mut.
2637	KN Ak 9499	KN Ak 9499, ] M°U°L°[ $inf. $mut.
2638	KN Ak 9500	KN Ak 9500, ]M°U°L° 1°[ $inf. $mut.
2639	KN Am(1) 568	KN Am(1) 568, ___________ to-so [ da-wi-jo / ___ VIR[
264	KN Ra(1) 1553	KN Ra(1) 1553, a-]ra-ru-wo-a __ [ _ ]pa-ka-na _ P°U°G°[
2640	KN Am(1) 597	KN Am(1) 597, ]i°-ta₂ ________________  ] ________ LUNA 1 _ VIR 4[° ]1° ____________________ 
2641	KN Am(1) 600	KN Am(1) 600, _______________ to-so , e-te , e-so-to , a-mo-ra-ma ko-no-si-jo ,° / __________ VIR 25
2642	KN Am(1) 601	KN Am(1) 601, _______________________ e-te , e-so-to , a-mo-ra-ma to-so , / a-mi-ni-si-jo , ____________ VIR 9
2643	KN Am(2) 819	KN Am(2) 819, ] ______ we-ke-i-ja _________ VIR 18 _ 'ko-wo' 8 ]q°a°-ra / ________ si-to _ LUNA 1 _ HORD 9 T 7 V 3
2644	KN Am(2) 821	KN Am(2) 821, _____]ra-jo , / e-qe-ta-e , e-ne-ka , e°-mi-to _ VIR 2 // ki-ta-ne-to , / su-ri-mo , e-ne-ka , 'o-pa' _ VIR 1° si-ja-du-we , t°a°-r°a° , / i-je[-re-]u , po-me , e-ne-ka , 'o-pa' _ × VIR 1 // ko-pe-re-u ,° / e-qe-ta , e-ki-'si-jo' _ VIR 1 _____] _ $vacat
2645	KN Am(2) 826	KN Am(2) 826, a-pa-ta-wa-jo , / te-re-ta _ VIR 45[ te-ko-to-ne _ VIR 5 ______________ [
2646	KN Am(2) 827	KN Am(2) 827, si-mi-te-u _ VIR 1 _ a-wa-ti-ka-ra _ MUL 1 [ _______________ ko-wo 1 __________________ [
2647	KN Am(1) 2009	KN Am(1) 2009, ]jo _ VIR 2[
2648	KN As(1) 5755	KN As(1) 5755, ]8 ___ VIR 4 _ se-to-i-j°a°[ _]e 2 ___________ [
2649	KN Am(1) 5882	KN Am(1) 5882, ]-so / ka-ma-jo , _ VIR 16[
265	KN Ra(1) 1554	KN Ra(1) 1554, ]p°a°-ka-na , a-ra-ru[-wo-a
2650	KN Ap(1) 618	KN Ap(1) 618, a-pe-a-sa / __________________ i-ta-mo ,° 'do-ti-ja' , MUL 1 ki-nu-qa '*56-ko-we' MUL 1 [° t°i°-wa-ti-ja / a-*79 'a-no-qo-ta' MUL 3[ ] __ ko-ma-we-to MUL 2 ____ we-ra-te-ja MUL 2 [°
2651	KN Ap(1) 628	KN Ap(1) 628, ______ $vacat _________________________________ [ __]i°-ja , / a-ke-wo 'do-e-ra' _ MUL 4 __ [[ko]] _[ __]ro , / do-e-ra ____________ M°U°L° 1 _ di-qa-ra[ ]ne-o , / ____ do-e-ra ______ M°U°L°[
2652	KN Ap(1) 629	KN Ap(1) 629, _ tu-ni-ja _ '$tu' MUL 4 _ $ne '$di' 3 '$ko 1' _ ri-jo-no '$tu' MUL 3 _ ko-wo 3[ do-ti-ja _ '$tu' MUL 4 _ $ne '$di' 6 ___ [______] ___ $vacat ____________ [ __ $vacat ___________________________________________________________ [
2653	KN Ap(1) 637	KN Ap(1) 637, _ a°-ke-si-ja , ka-m°a°[ ko-so-jo , MUL 1 __ $tu 2[ d°a°-[ ___________]$vest.[
2654	KN Ap(1) 639	KN Ap(1) 639, _______________________________________________________________ $sup. $mut. ______________________________________________________________________] ×° MUL 1 _________________________________________________________________]-u°-r°a° _ MUL 1 × ________________________________________________________]na M°U°L° 1° t°u°-ka-na × MUL 1 ________________________________________________________]ma MUL 1 te-qa-ja _ MUL 1 _____________________________________________________]ja M°U°L° 1[_ ]ja-mu-t°a° _ MUL 1°[ ________________________________________________________]-ta₂-no[ _______________________________________________________________ $inf. $mut. fr._separatum (B) _____ _ $sup. $mut. [•]-me-no × MUL 1 _ tu-zo × MUL 1 _ ko-pi × MUL 1° [__]$vest.[ a-to-me-ja MUL 1 _ da-te-ne-ja MUL 1 × _ pa-ja-ni MUL 1 _ [ ]p°i°-[ wo-di-je-ja MUL 1 _ ko-wo 1 _____________ du-sa-ni × MUL 1 _ ma-ku[ pa-i-ti-ja × MUL 1 _ pi-ra-ka-ra × MUL 1 _ *18-to-no , / $t°u° , MUL 2 × wi-so M°U°L° 1 × e-ra-ja _____ MUL 7 ____________ ko-wa 1 _ ko-wo 1 __________________ to-sa _ MUL 45 _ ko-wa 5 _ ko-w°o° 4 ke-ra-me-ja × MUL 1 ko-wo 1 _ tu-*49-mi × MUL 1 i-du × M°U°L°[ tu-ka-to × MUL 1 _ e-ti-wa-ja _ MUL 1 _ sa-ma-ti-ja × MUL 1 _ s°i°-[ ku-tu-qa-no × MUL 1 _ wi-da-ma-ta₂ × MUL 1 _ ka-na-to-po × MUL 1 _ sa-ti-q°i°-t°o° MUL 1 tu-ka-na × MUL 1 _ sa-*65 × MUL 1 _ u-jo-na × MUL 1 _ sa-mi MUL 1 a°-de-ra₂ × MUL 1 _ tu-ka-na × MUL 1 _ pu-wa MUL 1 × _ si-nu-ke × MUL 1 [a-]qi-ti-ta × MUL 1 _ si-ne-e-ja MUL 1 × _ u-pa-ra MUL 1 × _ ru-ta₂-no MUL[ 1 ]d°u°-tu-wa MUL 1 _ ko-wa 2 _ ke-pu MUL 1 _ ko-wa 2 _ wa-ra-ti MUL[ 1 ____________]-j°a°-si-ja MUL 4 _ a-nu-wa-to MUL 1[
2655	KN Ap 694	KN Ap 694, ]j°a° , / ko-u-re-ja _ MUL 1°[ ]ka-ra-we __________ MUL 1[ ] a-ze-ti-ri-ja ____ MUL 1[ ] _ $vacat _______________ [
2656	KN Ap 769	KN Ap 769, ]i°-ta-no MUL 1 ka-*56-so-ta MUL 1 a₃-du-wo-na MUL 1 ]wi-ja-na-tu MUL 1 i-ta-ja MUL 1
2657	KN Ap 5077	KN Ap 5077, _________]e-ke _____ ko-][[w°a° 1°]] _ ko-wo 1 [[__________ _ O°L°I°V° 1° ____]] [[_________ ? ____________]]
2658	KN Ap(1) 5547	KN Ap(1) 5547, ]ja-mi-nu __ MUL 1 _[ _] d°i°-[_] __ MUL 1°0°[
2659	KN Ap(1) 5748	KN Ap(1) 5748, ]si 1 $tu 1 _ ki-zo 1 _ MUL 3° T°E°L°A°[^1+$TE ]a°-ma-no-[ ]1 _ o-ri-mo _ MUL 3 TELA^1+$TE 1 _ pu-zo , ti-no , pi-ja-mu-nu _ M°U°L°[ _____]ni-ta , o-sa-po-to _ MUL 3 TELA[^1]+$TE 1 ____________ [ ________] _ $vacat ____________ [
266	KN Ra(1) 1555	KN Ra(1) 1555, ]wi-jo / ka-si-ko-no _ [
2661	KN Ap(1) 5868	KN Ap(1) 5868, ?ko-]n°o°-s°i°-ja / __ to-sa _ MUL 26 d°i°[ ________]7 _ ko-wo 9 ________ ka-ra-we _ MUL 6 [ ] ___________________ e-u-[
2662	KN Ap(1) 5876	KN Ap(1) 5876, ] ko-wo , $di 4° _ qa-mi-ja / ko-wa '$di' 3 ko-wo $di 3°[ ] '$di' 1 __ ri-jo-no ____ ko-wo $di 2 _____________ [ ___________] _ $vacat _____________________________ [
2663	KN Ap(1) 8154	KN Ap(1) 8154, _ $sup. $mut. ___________]-na 1 i-[ ko-wa 1°[ ]k°u°-mi-[•]-du 1[ _______ $vacat [ _______ $vacat [ fr._separatum (B) __$sup. $mut. ]so-i[ __$inf. $mut. fr._separatum (C) _ $sup. $mut. ]d°i°-m°i°[ ]*5°6°-z°a°[ _ $inf. $mut. fr._separatum (D) __$sup. $mut. ]$vacat ]$vacat _ $inf. $mut.
2667	KN As 40	KN As 40, _ $sup. $mut. o°-[_________] , k°o°-n°o°-so _ VIR[ a-to , / da-*22-to ______ VIR 1 zo-do-so , / da-*22-to __ VIR 1 a-sa-ro , / da-*22-to ___ VIR 1 ko-so , / da-*22-to _____ VIR 1 su-ke-re , / se-to-i-ja _ VIR 1 ___ $vacat ___ $vacat ]t°o°-so _______ VIR 10 ________] _ $vacat → None ]-w°a°
2668	KN As(1) 566	KN As(1) 566, ]di-ka-ta-ro _ V°I°R°[ ]s°i°-ja-qo ____ VIR[ __]k°e°-we-da _ V°I°R°[
2669	KN As(1) 602	KN As(1) 602, ____________________________________]VIR 1 _ TELA^1 1 _________________]j°o° _ V°I°R° 1°[____ __] VIR 1 _ TELA^1 1 _ [ __] , qe-ro a-ta-qe _ VIR 2° _______ TELA^1 1 _ ka-nu-se-u , ta-to-qe _ VIR 2 _ TELA^1° 1°[ ]d°a°-ro , a-ka-sa-no[-qe __]VIR 2 _ TELA^1 1[ ]p°e°-re-*82-ta , qo-wa-ke-se-u[-qe _ VIR 2 _ TELA^1 1 ___]to-so _______ [_____]V°I°R° 12 ____ [ TELA^1 ]1° __ [
267	KN Ra(1) 1556	KN Ra(1) 1556, o-wa-si-jo / ka-si-ko-no _ PUG[
2670	KN As(1) 603	KN As(1) 603, ____]VIR 1 _ no-si-ro _ VIR 1°[_ __]a°-ta-no / VIR 1 VIR ]1 _ ma-di _ VIR 1 _ o-po-ro-u-si-jo[__ VIR 1 VIR ]1 _ pe-te-u _ VIR 1 _ ku-ro₂ _ VIR[ 1 ____] _ $vacat ________________________ [
2671	KN As(1) 604	KN As(1) 604, ] ____ e-re-dwo-e° , ka-t°a°₂-r°o° 'si-r°a°-so' _ VIR 1 _ e-ri-ta-qi-jo , / ka-mo _ 'VIR 1' ]ra-su-to _ VIR 1 _ ta-de-s°o° r°a°-su-to[ VIR ] 1 _ au-ri-jo 'wi-na-to' _ VIR 1 ]te-so 'wi-na-to' _ VIR 1 _ te-n°a°-ja-so[___ VIR ]1° _ qa-qa-ro 'pu-so' _ VIR 1 ]to , / u-ta[-no ___________________________] $vest.?
2672	KN As(1) 605	KN As(1) 605, ]ni-jo _ VIR 2 _ TELA^1[___ ___]r°a°-wo-ke-ta , e[ ] VIR 2 _ TELA^1 1 _ qe-[•-•]-no , pe-ro-qe _ VIR 2[__ TELA^1 1 __]V°I°R° 2 _ TELA^1 1 _ tu-ma-i-ta , qe-ta-se-u[-qe _ VIR 2 _ TELA^1 1 ____] _ $vacat _____________________________ [ _______]2 ________________________________ [
2673	KN As(1) 607	KN As(1) 607, ____]VIR 1 _ a-ra-ko _ VIR 1 ____]1 _ ta-ta-ro _ VIR 1 ]VIR 1 _ s°i°-mi-do _ VIR 1 _ *5°6°-ni-sa-ta _ VIR 1 ]1° _ [___]r°o°-ti-jo _ VIR 1 _________] ___________ ke-re-t°o°[ _________]1° _ i-ne-u , ra-j°a°[
2674	KN As(1) 608	KN As(1) 608, ___________________________]i° 1 _ $DA 1 / k°u°-r°u°-no[_____] VIR 5 [ ___________________________] 1 _ $DA 1 / pa-ta-u-n°a° [___] VIR 1°[ ]1° / [ ]pa-ta-u-na // a₃[____] VIR 1 _ $DA 1 / pa-ta-u-na // ko-no-si-jo V°I°R°[ ________] ta-so _ $DA 1 / k°e° [ ] 1 ke , ta-pa-da-no _ $DA 1 / ke // si-to-p°o°[ ________]ko-me-no _ VIR 1°[_____] ________ no-do-ro-we $D°A°[ _______] $DA 1 _ a-ma[____ ____]e-ne-o o°-u-[
2675	KN As(1) 609	KN As(1) 609, ____] $vest._[_____] $vest._[___ ]re-po-so [ ka-ri-s°e°-u [VIR 1 ] wi-je-mo VIR 1 _ pi-ro-qa-wo[ qe-te-se-u _ VIR [1] no-da-ro _ VIR 1 a-ku-ri-j°o°[ __ $vacat ______ [ ]t°o°-so _ VIR 7°
2676	KN As(1) 645	KN As(1) 645, __ $sup. $mut. ___]k°i°-ne-u _ V°I°R°[ sa-ma-ri-wa-ta _ VIR[ a-re-ta-wo[ ___$inf. $mut.
2677	KN As(2) 1516	KN As(2) 1516, ______________]d°u°-ru 1° ___ k°o°[ ko-no-si-ja , ra-wa-ke-ja , a-nu-wi-ko VIR 1[_____] $vest.[ a-ra-da-jo VIR 1 pi-ja-si-ro VIR 1 d°a°-n°a°[ ] _ VIR 1 ___]w°e°-ro VIR 1 po-to VIR 1 si-pu₂ VIR 1 pu-te VIR [1] j°a°-sa-no VIR 1 qa-me-si-jo VIR 1 mi-ja-ra-ro VIR 1 mi-ru-ro VIR 1 [•]-ki-wa-ta VIR 1 u-ra-mo-no VIR 1 pi-ri-no VIR 1 qa-to-no-ro VIR 1 pe-te-ki-ja , VIR 1 ko-ni-da-jo VIR 1 a-ko-ra-jo VIR 1 wa-du-[•]-to VIR 1 qo-te-ro _ VIR 1 i-te-u VIR 1 pu-to-ro VIR 1 ka-ri-se-u VIR 1 a₃-ko-ta VIR 1 ka-ke VIR 1 ru-na VIR 1 pu-wo VIR 1 a-ta-ze-u [ VIR 1 a-ra-na-ro VIR 1 si-ja-pu₂-ro VIR 1 _ to-so × VIR 31 ___]-ti-jo , a-nu-to q°a°[-]s°i°-re-wi-ja , VIR 1 su-ki-ri-to VIR 1 [•-]ke-se-ra-wo VIR 1 qa[-•-•]-jo VIR 1 ne-o-ta VIR 1 o-pi-si-jo VIR [1] a₃-wa-t°o° VIR 1 a-ti-jo VIR 1 du-to VIR 1 a-de-we-[•] VIR 1 pa-na-re-jo VIR 1 sa-pi-ti-nu-wo VIR 1 du-to VIR 1 ka-*56-na-to VIR 1 a-qa-to ___________ VIR 1 du-ru-po VIR 1 qa-nu-wa-so VIR 1 _ ke-re VIR 1 pa-ti VIR 1 wi-ro VIR 1 su-mi VIR 1 i-wa-ko VIR 1 a-pi-wa-to VIR 1 pi-ja-se-me VIR 1 _ to-so × VIR 23 se-to-i-ja su-ke-re-o , qa-si-re-wi-ja VIR 1 ku-to VIR 1 sa-u-ri-jo VIR 1 du-ni-jo VIR 1 wi-ja-ma-ro VIR 1 a-pi-ra-wo VIR 1 ________________________]t°o° VIR 1 pi-[•]-jo VIR 1 _ wi-ra-ne-to VIR 1 _______________________]na-r°o° VIR 1 wa-ru-wo-qo VIR 1 _______________________] VIR 1 a-ti-[ ] V°I°R° 1 _ to-so[ ___________________________]$vest.?[
2678	KN As 1517	KN As 1517, ________]no , re-qo-me-no ,° [•-]si-re-u ____ 1 _ a-di-nwa-ta ___ 1 [•]-sa-ta _____ 1 _ ti-qa-jo ______ 1 da-wa-no ______ 1 _ [•-•]-wo ____ 1 qi-qe-ro ______ 1 _ wi-du[ ] ______ 1 ku-ra-no ______ 1 _ r°a°-wi-[•] _____ 1 e-ru-to-ro ____ 1 _ ku-t°a°-i-jo ____ 1 ku-pa-nu-we-to 1 _ qa-ra-jo ______ 1 ri-zo _________ 1 _ pa-na-re-jo ___ 1 ke-ka-to ______ 1 _ to-so ___ VIR 17 _ $vacat o-pi , e-sa-re-we , to-ro-no-wo-ko , po-to-ri-jo ___ 1 _ pe-we-ri-jo ___ 1 __________ a₃-ni-jo _ 1 → _ $vacat __________________ [ za-mi-jo _____ VIR 9 ____________ [ _ $vacat __ $reliqua $pars $sine $regulis
2679	KN As(3) 1518	KN As(3) 1518, _______] VIR 5 _ to-ko[__ we-e-]wi-ja 1 _______ [° ________]VIR 5° _ we-e[-wi-ja] , to-ko 1 ________ [° __] ____ VIR 5 _ we[-e-]wi-ja _ to-ko 1 ________ [° ]r°e°-we _ VIR 5 _ w°e°-e-wi-ja , to-ko 1 _________ [° ] _ $vacat __ [____] _ $vacat _______________ [°
268	KN Ra(1) 1557	KN Ra(1) 1557, ka-]si-ko-no _ [
2680	KN As(2) 1519	KN As(2) 1519, _ $sup. $mut. _________] ____ VIR 1 i-we-ro _______ VIR 1 ne-o-to _______ VIR 1 qa-ti-ja ______ VIR 1 o-pi-si-jo ____ VIR 1 pa-ja-ro ______ VIR 1 ki-ke-ro ______ VIR 1 i-to __________ VIR 1 ____ $vacat ____ $vacat m°a°-ri-ne-wo , wo-i-ko-de to-so _________ VIR 10 ____ $vacat ____ $vacat $inf. $mut.
2681	KN As(3) 1520	KN As(3) 1520, _ $sup. $mut. _____________________]n°o° , _____________]1 ___ a-ta-no ___ 1 _____]wi-jo _ 1 ___ a-te-mo ___ 1 ki-ma-ta ____ 1 ___ ri-zo _____ 1 ke-sa-do-ro _ 1 ___ di-zo _____ 1 da-ko-so ____ 1 ___ si-za _____ 1 ___ to-so _ VIR 10 __ $vacat _________________] e-u-na-wo _ 1 _________________] sa-zo _____ 1 _________________] o-*22-di __ 1 _________________] pi-ma-na-ro 1 _________________] a-*56-no __ 1 __$inf. $mut. fr._separatum (B) _ $sup. $mut. a°-m°i°-n°i°-si-ja[ si-ja-ma 1 _ [ pi-ro-i°[ $vac.[ _ $inf. $mut. → ___ $maior $pars $sine $regulis _ a-mi-ni-so __ [ a-ma-no ___ 1 se[ __$inf. $mut. fr._separatum (B) __$sup. $mut. ______________]$vac. _______________]$vac. _________________]$vac. __$inf. $mut.
2682	KN As ‹4493›	KN As ‹4493›, ]e°-pi-ko-wo , e-qe-t°a° , e-re-u-t°e°[ ]da-mo , / e-ro-pa-ke-u , VIR 1 ko-ki[ ___]-jo / ra-wo-po-qo , ze-ro[
2683	KN As(1) 5542	KN As(1) 5542, ]r°o° _ $te VIR 1°[ ____] VIR[ __ $inf. $mut.
2684	KN As(1) 5549	KN As(1) 5549, ___________________ ]V°I°R° 1 × _______]-t°o°[ _]4 _ d°a°-zo __ VIR 2 ]2° [•]-s°o°[___ __]2[_____] VIR 1 ×[ ____________]1
2685	KN As(1) 5557	KN As(1) 5557, __________ ] VIR 2[ ]1°[_ _]a-re-te-re-u[ ] __ $vest. _____ [ __ $inf. $mut.
2686	KN As(1) 5605	KN As(1) 5605, __ $sup. $mut. ] _ ko-ko[ ]m°i°-dwe _ VIR[ ] ____ VIR 1°[ ______] $vest.[ _ $inf. $mut.
2687	KN As(1) 5609	KN As(1) 5609, __ $sup. $mut. _____] _______ e°[ ]u°-ko-ro __ VIR [ ]-ke-u ___ VIR 1[ ] to-so _ VIR 10[
2688	KN As(1) 5719	KN As(1) 5719, ]ku-ka-so _ VIR 1[ ] _ $vac. ______ [
2689	KN As(1) 5880	KN As(1) 5880, __]VIR 1 ______ [° ] VIR 1 _______ [° ____]t°a° _ VIR 1 [° ___] $vac.? _ [ _____] $vac.? [
269	KN Ra(1) 1559	KN Ra(1) 1559, ]u°-ta-jo / ka-si-ko[-no
2690	KN As(1) 5888	KN As(1) 5888, __]wa-je _ VIR 2 [ ]to , o-du[ ] $vacat [
2691	KN As(1) 5908	KN As(1) 5908, __ $sup. $mut. ] $vest.[ ] _ $vacat [ ] __ VIR 12[
2692	KN As(1) 5932	KN As(1) 5932, __$sup. $mut. ]VIR 1 a-[•]-we _ ×°[ ]V°I°R° 3 _ a-[ ] _ × VIR 5 a-[_]w°e°-r°o° __ VIR 1 ×[ ]su-*56-ta ×  VIR 1 [•-]*5°6°-ti _ VIR 1 × [
2693	KN As(1) 5941	KN As(1) 5941, ]VIR 1° 'e-re-ta' VIR[ ]VIR 1 None 'e-re-ta' V°I°R°[ _____] 'e-re-ta' [VIR _ $inf. $mut.
2694	KN As(1) 5944	KN As(1) 5944, ]me-ri-to _ $te VIR 1 ___________] $vacat
2695	KN As(1) 5956	KN As(1) 5956, ]ma-jo , [ __] VIR[ $inf. $mut.
2696	KN As(1) 5981	KN As(1) 5981, __ $sup. $mut. ] $vacat [ ] __ VIR _ [
2697	KN As(1) 6038	KN As(1) 6038, __ $sup. $mut. ] $vacat [ ]VIR 1 [
2698	KN As(1) 8161	KN As(1) 8161, $sup. $mut. ]-u-to _ VIR 1[ ]1 _ o-ku 1 ____ [
2699	KN B 41	KN B 41, ] 1 _ ra-ni _ VIR 1 ] _ $vacat
27	KN Nc 8106	KN Nc 8106, ]jo ___ M 1[
270	KN Ra(1) 1814	KN Ra(1) 1814, ] ___ PUG 5
2700	KN B(2) 101	KN B(2) 101, ko-wi-ro-wo-ko _ VIR[ _ ] _ a₃-te-re _ VIR 8[ __ $vacat ___________________________________[
2701	KN B(2) 164	KN B(2) 164, _$sup. $mut. _____________________ ] _________ VIR 37 ku-re-we[ ____ / ____ ]ru-w°o° __ VIR _ 143 a°-d°a°-wo-ne[ i-j°a°-wo-n°e°[ ku-[ _______________ ______________ ]40 o°-d°a°-[ __ ]$vest.[ _________________ ]4 to-[ ______ / ]-to[ ___________ ]VIR 144 _ $vacat _______________________ ] $vac.
2702	KN Ai(1) 213	KN Ai(1) 213, ]a₂-ta _ VIR 2
2703	KN B(1) 755	KN B(1) 755, tu-ra-te-we _ VIR 15 [
2704	KN B(1) 772	KN B(1) 772, $sup. $mut. ]-*5°6° _ VIR 1°[ ]ki-nu-wa , _ VIR[
2705	KN B 779	KN B 779, ]re-ta ____ VIR [ ]si-re-we _ VIR 10[
2706	KN B 798	KN B 798, $sup. $mut. ___ ]-k°o° _ [ k°e°-sa-do-ro ______ V°I°R°[ a-ke-ta __________ VIR[ a°-na-qo-ta _______ VIR 6 ko-ma-we-ta ______ VIR 2 pe-qo-no _________ VIR 1 ra-wo-qo-no ______ VIR 1 ko-a-ta __________ VIR 2 ku-ni-ta _________ VIR 3 o-pi-te-u-ke-we __ VIR 2 i-se-we-ri-jo ____ VIR 3
2707	KN Bk 799	KN Bk 799, _ da-i-pi-ta , ke-do-si-ja , [ u-ra-jo , VIR _ wi-du-ro _ VIR _ ki-ri-[ _______ ]j°o°-si , VIR _ qo-ja-si , VIR , *56[ ______ ]_ , VIR __ pa-wi-no , VIR , di-de[ e-u-da-mo , VIR _ qa-wo[ _____ ]-we-ke , VIR , _____ [ pu₂-ra-ne-jo , VIR , a-k°a°-de , VIR , o-pe-ta VIR ____ [ a-ta-ma-ta , VIR _ e-ke-se , VIR , pu-ri , VIR , _ [ a-tu-qo-ta , VIR _ i-ke-ta⸤ ⸥VIR[ __ ]-si-jo⸤ ⸥VIR[ $inf. $mut. → ____________ ] , sa-za-ro , VIR _ ku-pe-re-te , VIR ________________ ]me-ne-u , VIR _ e-u-na-wo⸤ ⸥VIR __ ]-t°a°-[•-]ra-no , VIR _ me-ri-[ ]me-ta-ra-wo[ _____ ]ta , VIR _ a-me-ja-si ___ V°I°R° ]ko-me-no , VIR , na-su-w°o°⸤ ⸥VIR , [[ke-ro _ V°I°R° ]] ________ ][[ _______ ]V°I°R°[ _ ]p°u°-w°a° _ VIR ____ ]] $inf. $mut.
2708	KN Bk 800	KN Bk 800, _________$sup. $mut. _________________ ]w°o° _ VIR _______________ ]jo , VIR ]a-wo-ro , VIR na-si-jo _ VIR ]VIR , ri-zo _ VIR _ me-de-i-jo _ VIR _____ ]-do , VIR , [[ke-ro-te]] _____ ]e , VIR 4 ___ [[ ______ ]] _____ ]pa-no , VIR 30 _____ ]ke-re , o-pe
2709	KN Bk 801	KN Bk 801, $sup. $mut. [_]-w°a°-i°-j°o° , _ VIR _[ we-ro-pa-ta _ VIR _ e-re-ke[ [_]m°a°-[_]⸤ ⸥ V°I°R°⸤ ⸥ma-ma-ro , VIR⸤ ⸥ [_]-i°-[ pu-s°a°-[•] , VIR , ki-u-ro , VIR , do-ri-jo , _ VIR [ a-ki-wa-ta , VIR , ki-ri-ja-si _ VIR [ a-pi-me-de , VIR , __________ [
271	KN Ra(2) 7498	KN Ra(2) 7498, ______________________________ ]r°i° _ P°U°G° 18 e-pi-zo-]ta ke-ra , de-d°e°[-]me-na _ GUP 99
2710	KN Bk 802	KN Bk 802, _ $sup. $mut. ra-ti-[ e-u-ka-ri[ e-ri-ti-qi-[ w°e°-ka-ta [ $inf. $mut.
2711	KN Bk 803	KN Bk 803, _ $sup. $mut. ________________ ]$vest.[ ]-u , VIR , ko-ku-ro , VIR , to-na-ta , VIR , ]u , VIR , a-so-qi-jo , VIR , pi-ri-u°-wo , VIR ]V°I°R°⸤ ⸥ko-ru-[ _________________]$vest.[ _ $inf. $mut.
2712	KN Bk 804	KN Bk 804, ____ ]ke-re , ke-do-si-ja , [ ]wo-qo , VIR , do-qe-u , VIR , a-ki[ ]e-i-ja-si , VIR , po-ti-jo , VIR [ ] VIR , a-pa-r°e°-[•]⸤ ⸥VIR⸤ ⸥pu-ra[ __________________ ]$vest.[ ______$inf._$mut.
2713	KN Bk 805	KN Bk 805, __ pa-wi-no[ VIR ___]s°a°-me , VIR[ ]°pi-ja-to , VIR , to-pe-si VIR _ e-wi-t°a°[ ___ ]me-de , VIR , i-za-re , VIR [ _____ ]VIR⸤ ⸥ke-re , VIR⸤ ⸥mi-[ _ $inf. $mut.
2714	KN Bk 806	KN Bk 806, _ $sup. $mut. ]de-[ ________________________ ]d°e°  V°I°R°[ ] , VIR , a-ra-ka-jo , VIR _ ko-p°i°-no , VIR _____ ]-wo-ta , VIR _ po-ki-te , VIR ______ ]se , VIR , ma-di-qo , VIR , ___________ ]VIR , to-wa-no _ VIR ___________ ]VIR , pu-na-si-jo⸤ ⸥VIR ___________ ]e-wi-to-wo , VIR , ru-a°₂[ _ ]V°I°R° ___________ ] , re-ka-t°a° , VIR ___ [ ___________ ]ma-ja-ro , VIR _____ [ → _ $sup. $mut. __ ]$vest.[ _______ ]e  VIR [ ko-[•]-ka-ra-te-ne VIR 2°0°[ $reliqua $pars $sine $regulis
2715	KN B 807	KN B 807, _ $sup. $mut. tu-r°i°[-si-jo? u-ta-ni-jo ________ VIR 237 __ $vacat $reliqua $pars $sine $regulis
2716	KN Bo 808	KN Bo 808, ra-sa-to / $po VIR 2
2717	KN B(1) 809	KN B(1) 809, ]me-no __________ VIR 2 ]sa-do-ro-jo
2718	KN B(1) 811	KN B(1) 811, ]-ma-da-jo _ VIR 1
2719	KN B(1) 812	KN B(1) 812, ]a-pi-ja-ko-ro-jo[ _] ________ VIR 4[
272	KN Ra(2) 7732	KN Ra(2) 7732, ___ $sup. $mut. ke-]ra , de-de-me[-na
2720	KN Bo 814	KN Bo 814, ]mi-jo / $po VIR 3[
2721	KN Bo 815	KN Bo 815, ]jo / po-ku-ta _ VIR 1[
2722	KN Bo 816	KN Bo 816, da-wi-jo / po-ku-ta _ VIR [
2723	KN B 822	KN B 822, ] _____________________________ po-d°a°-qe-re-s°i°-je-wo ]p°i°-ro / si-ra-ko , qi-ri-ja-to // ku-te-ro / ku-ro₂-jo , do-e-ro , _ VIR 1 ] _ $vacat
2724	KN B 823	KN B 823, tu-wi-jo / ta-pa-e-o-te 'VIR 10' _ a-pe-o-te 'VIR 4'
2725	KN Bo 985	KN Bo 985, e-ki-si-jo / po-ku[-ta
2726	KN B(1) 988	KN B(1) 988, _______________ pa-qo-si-jo , si-ra , qi-ri-ja-to , [ ka-ra-na-ko , / ko-ma[-we-]t°o° ,° do-e°-r°o° , ____ VIR 1°[
2727	KN B(1) 1025	KN B(1) 1025, __________ ]-o-me-no ] _ wo-ro-ka-ne , a-ko-ro-d°a°-mo-jo _ VIR 3  ↓ __________ ]w°o°-r°o°-ka-ne ,° / e-pi-ko
2728	KN B 1055	KN B 1055, _ ko-no-si-jo , e-qe-ta , pi-sa-wa-ta _ , VIR[ _ ]-s°e°[ wo-si-jo-ne __ VIR[ $vest.[ __ $deest ______________ ]VIR 1 _ e-ko-te[ ___ ]w°i°-[ ____ ]VIR 1 _ me-t°u°[ _ ]-ma-ro , __ VIR 1 _______ [ ______ to-so , pa-te _ VIR 213[
2729	KN Bk 5025	KN Bk 5025, $sup. $mut. ]pe-ri-te-u , VIR[ ]qe-[ ]e°-qe-ra-wo⸤ ⸥ VIR[ ] $vest.[ $inf. $mut.
273	KN Ra(2) 9682	KN Ra(2) 9682, ]PUG 10[ ]GUP 2[ _ $inf. $mut.
2730	KN Bk 5026	KN Bk 5026, _ $sup. $mut. ]e-ri-ko[ _ $inf. $mut.
2731	KN Bk 5028	KN Bk 5028, _ $sup. $mut. ]ka-ra-i-no ,°[ ] , VIR _________ [
2732	KN Bk 5029	KN Bk 5029, $sup. $mut. ]-w°o° , VIR _ a-du-[ ]-e , _ VIR __ [ $inf. $mut. → $sup. $mut. _ ] $vest. [ ______ ]-m°i°-[ $inf. $mut.
2733	KN Bk 5134	KN Bk 5134, __ $sup. $mut. d°u°-[ to-ke-[ $vac. [
2734	KN Bk 5172	KN Bk 5172, _ $sup. $mut. ]$vest.[ [•]-wa-ta _ VIR [ wi-do-[•]-wi[ e-re-u°-ta[ $vest.[ _ $inf. $mut.
2735	KN Bo 5749	KN Bo 5749, _ ]VIR 1
2736	KN Bo 5752	KN Bo 5752, _ ka-pa-jo / $po VIR 3
2737	KN Bk 5799	KN Bk 5799, _ $sup. $mut. ]VIR [ ]$vac.[ _ $inf. $mut.
2738	KN B(1) 5984	KN B(1) 5984, _ ]-qo ____________ [ ]-jo _ do-e-ro _ VIR[
2739	KN B 6042	KN B 6042, _ ]VIR 12
274	KN Ra(2) 9708	KN Ra(2) 9708, ]k°e°-ra[ _ $inf. $mut.
2740	KN B(1) 7034	KN B(1) 7034, ]jo / to-so , o-re-i _ VIR 9°00[
2741	KN Bo 7035	KN Bo 7035, do-ti-jo / po-ku-ta _ VIR 10
2742	KN B(1) 7036	KN B(1) 7036, ]te-re-ta _ VIR 1
2743	KN B(1) 7037	KN B(1) 7037, ] VIR [
2744	KN B(1) 7041	KN B(1) 7041, ]i-jo-te _ VIR 130
2745	KN Bo 7042	KN Bo 7042, ] _ VIR 10
2746	KN Bo 7043	KN Bo 7043, ]-ra-so / $po VIR 2
2747	KN B(1) 7044	KN B(1) 7044, ]VIR 41°[ $inf. $mut.
2748	KN Bk 7859	KN Bk 7859, _ $sup. $mut. ]a°-to-wo-[ ]V°I°R° __ e°[ _ $inf. $mut.
2749	KN Bo 8006	KN Bo 8006, su-]k°i°-r°i°-t°a°-jo / po-ku[-ta _ VIR
275	KN Sc(3) 103	KN Sc(3) 103, ki-ra₂-i-jo _ TUN 2 _ BIG 1° _ EQU
2750	KN Bk 8206	KN Bk 8206, ke-]d°o°-si-ja , m°o°[ _____ ]ra-jo[ _ $inf. $mut. → ]_$vac. ____ [ __ ]me-ri-wo[ _ $inf. $mut.
2751	KN Bk 8755	KN Bk 8755, _ $sup. $mut. ]VIR [° ]V°I°R°[ _ $inf. $mut.
2752	KN Bk 9288	KN Bk 9288, _ $sup. $mut. ]°ku-[ qi-t°a°[ _ $inf. $mut.
2753	KN Bk 9665	KN Bk 9665, _ $sup. $mut. ] $vac. ]V°I°R° _ $inf. $mut.
2754	KN Bk 9695	KN Bk 9695, _ $sup. $mut. ka-wi-[ a₃-du-r°o°[ _ $inf. $mut.
2755	KN Bg 810	KN Bg 810, ]VIR 27 _ a-pe-o-te _ VIR[
2756	KN Bg 813	KN Bg 813, ] _____ VIR [ ]21 _ o-pe-r°o°[
2757	KN Bg 817	KN Bg 817, to-so / ku-su-to-ro-qa _ VIR 32 / ko-wo , $di [
2758	KN Bg 818	KN Bg 818, a-]p°u°-do-si _ VIR 30 _ M 6 _ N 2[
2759	KN Bg 834	KN Bg 834, ]p°o°-ni-ki-jo , ko-no-si-ja _ M 34 [
276	KN Sc(2) 130	KN Sc(2) 130, ]r°u°-o-wo _ T°U°N° 2 _ BIG 1 _ EQU '$ZE' 1
2760	KN Bg 992	KN Bg 992, pu-si-jo / po-ni-ki-jo , a-pu[-do-si
2761	KN Bg 1020	KN Bg 1020, ]jo / po-ni-ki-jo , a-pu-do[-si
2762	KN Bg 1021	KN Bg 1021, ]p°o°-ni-ki-jo , a-pu-do-si[
2763	KN Bg 1040	KN Bg 1040, ] ____________ a-pu-do-si [ ]-we-i-jo / po-ni-ki-jo  V°I°R°[
2764	KN Bg 5584	KN Bg 5584, ]•-t°i°-j°o° / po-ni-ki-jo a°-pu-do-si _ VIR 30[ ] M°[
2765	KN Bg 5736	KN Bg 5736, ]V°I°R° _ 30 _ M 2[
2766	KN Bg 7682	KN Bg 7682, ]ri-si-[
2767	KN Bg 8438	KN Bg 8438, po-]n°i°-ki-jo[
2768	KN Bg 9297	KN Bg 9297, _ ]$vest. _ M [ _______ ] $vac. _ [ po-ni-]ki-jo , a-pu-do-s°i° _ V°I°R°[
2769	KN Bg 9298	KN Bg 9298, po-]n°i°-ki-j°o°[
277	KN Sc 135	KN Sc 135, qa-mi-si-jo _ [[TUN]] _ BIG[
2770	KN Bg 9299	KN Bg 9299, $sup. $mut. a-pu-do-]si _ V°I°R°[
2771	KN Bg 9680	KN Bg 9680, ] M 2[
2772	KN C 33	KN C 33, _ $sup. $mut. _____]^f 2[ ]OVIS^f 6[ ] OVIS^f 1 [ ] $vac. [
2773	KN C 394	KN C 394, $vac.[ qe-[ BOS^m 1 _ $sa O°V°I°S°^m[ p°a°-ja-o°-ne / pa-d°e°[ __]$vest.[ $inf. $mut. → _______]no ____]$sa OVIS^m 1 _ $sa CAP^m 1[ __]we _ $p°a° OVIS^m 1 [ ] $vest. _________ [ $inf. $mut.
2774	KN C 767	KN C 767, ] SUS^f [ ____]$vest.[ $inf. $mut.
2775	KN C(1) 901	KN C(1) 901, e-wo-ta-de _ BOS^f 20 _ $ta BOS 1
2776	KN C 902	KN C 902, _ $sup. $mut. mi-ru-ro / si-pe-we ______ BOS ___ $ne *$170 12 o-du-ru-wi-jo / ko-re-te _ BOS ___ $ne *$170 12 wa-to / k°o°-re-te _ BOS $ne *$170 12 // wa-to / da-nu-wo 'BOS' *$170 12 si-ra-ro / ko-re-te ______ BOS 1 _ $ne *$170 12 *56-ko-we / e-ra-ne ______ BOS 1 _ $ne *$170 12 o-du-ru-we / u-wo-qe-we __ BOS 1 _ $ne *$170 12 ri-jo-no / ko-re-te ______ BOS 1 _ $ne *$170 12 ru-ki-ti-jo ______________ BOS 1 _ $ne *$170 12 a-pa-ta-wa / ko-re-te ____ BOS 1 _ $ne *$170 12 ku-ta-i-to / ko-re-te ____ BOS 1 _ $ne *$170 12 re-ri-jo / e-re-ta _______ BOS 1 _ $ne *$170 12 ___] wa-to / we-re-we ____ BOS 1 _ $ne *$170 12 _ $inf. $mut. →
2777	KN Cg 905	KN Cg 905, ] _ SUS 1 [
2778	KN Cf 908	KN Cf 908, ]pa-ro , / de-ki-si-wo _ CAP^f 1 ___ [
2779	KN C(2) 911	KN C(2) 911, ______ ma-mi-di-zo / pi-ri-to-jo _______ OVIS^f 40[ [•]-s°i°-ro , da-nu-wo ___________________ OVIS^f 100[ po-ri-wo , / su-ki-ri-ta-jo , wo-we-u __ CAP^m 180 ja-ru , / pa-ta-ti-jo , do-e-ro , ______ CAP^f 230 a-du-po-to , / qi-ko-we-e , do-e-ro , __ CAP^f 90 qa-di-ja , / po-ku-te-ro , da-mo , 'do-e-ro' _ CAP^f 70 da-[•-• / ]po-ku-ta ____________________ CAP^f 130 ra-wa-n°i°-jo , / po-ku-ta , ra-ri-di-jo ____ OVIS^m 190 o-mi-ri-so , / t°a°-so , do-e-ro _________ OVIS^m 50 da-so / a-pi-me-de-o , po-ku-ta 'ra-ri-di-jo' __ OVIS^f 140 ku-jo-[ / ]t°a°-so , // do-e-ro __________ OVIS^f 100 a-*56-da-r°o° / ka-ta-mi-j°o° , d°o°-e°-r°o° ____ OVIS^x[ a-ra-ko , / ra-r°i°-d°i°-jo , d°o°-e°-r°o° ______ OVIS^m 12°0°[ _ $vacat _ $vacat _ $vacat
2780	KN C(2) 912	KN C(2) 912, ___] _________________ re-ko-no-jo pu-wo / p°o°-ku-ta // da-we-ro __ OVIS^m 270 wa-du-na-ro , / po-ku-ta ______ OVIS^m 110 [•]-qa-to , / p°a°-[__ ___]-te-re[_ _]OVIS^x 140[ pu-na-to , do-e-ro , e-te-wa-tu-wo [[OVIS^m]] OVIS^m 80 i-ro-to , [___ ]-n°a°-jo ____________ OVIS^m 80 qa-sa-ko , / [•]-wa-so ____________ OVIS^m 170 ka-sa-ro , / a-da-wa-si-jo ________ OVIS^m 60 d°i°-[•-•] / d°o°-e°-r°o°[ ______]________ OVIS^m 140[ a-*56-no[ / ______]jo-t°e°[__] ______ OVIS^m 8°0 ko-to , / po-ku[______________] ___ OVIS^f 100[ ______]r°e°-to / ka-[ _ $inf. $mut. → __ $vacat su-pu-wo / do-e-ro-jo _ OVIS^x[_ _]7°0 _ CAP^f 40 to-so _____ OVIS^m 900 ___________________ [ __ $vacat __ $vacat __ $vacat __ $vacat __ $vacat __ $vacat __ $vacat $inf. $mut.
2781	KN Cf 913	KN Cf 913, pa-ro , e-te-wa-no , _ $a₃ CAP^m 1[ pa-ro ko-ma-we-te _ CAP^m 1 __ pa[
2782	KN Cf 914	KN Cf 914, _________________ pa-ra-ti-jo _ OVIS^m 50 a-ka-wi-ja-de / pa-ro , _______ CAP^m 50
2783	KN Cf 915	KN Cf 915, ] _____________________ OVIS^f 10 _______________ [ ] pa-ro , a-pi-qo-ta / pa-ro , do-e-ro _ CAP^f 10 [
2784	KN C(2) 917	KN C(2) 917, re-ko-no , / to-sa , qe-[ ______] __ OVIS^m 1700[ OVIS^f 1200 __ [________________ ] 170 _ CAP^f 500[ to-sa , pa-ta[__________ __________]2000[ _______________ $inf. $mut. ↓ _______________ $sup. $mut. [[re-ko-no-jo , po]][_______ ________][[$vest.]][ [[po-ku-ta ___]][_________ __________][[ $vestigia _ ]][ [[__$vestigia ]][_________ __________] _ $vac. _______ [
2785	KN Cf 922	KN Cf 922, ]te-ru-wo-te _ CAP^f 1 ___ [
2786	KN Cf 941	KN Cf 941, _____________________________________ OVIS^m 8°[ pa-ro / a-pi-qo-ta , sa-pa-ka-te-ri-ja _ OVIS^f 10 [ ↓ [[_________________________________________________]][ [[wi-j°a°[ ___________________________________________]][
2787	KN C 954	KN C 954, ]OVIS^f 1 _ mo-ro-qa _ OVIS^f 1 _ ke-to-ro _ OVIS^f 1 _ we-wo-ni-jo _ C°A°P°^f°[ _______]k°u°-no-o _ CAP^f 1 _ pe-ri-te-u _ OVIS^f 1 _ me-tu-ro CAP^f 1 _ si-[ __]CAP^f 1 _ di[-•-•-]po-ro-i _ C°A°P°^x 1°[ → ]-ne-wa _ CAP^f 1 ___________________ [ ______ $reliqua $pars $sine $regulis
2788	KN Cg 967	KN Cg 967, pu-na-so , [
2789	KN C 973	KN C 973, te-re-wa-ko / a₃-wa 1° _ tu-ma-ko _ B°O°S°[
279	KN Sc 217	KN Sc 217, ]ta _ TUN 2 _ BIG 1 _ EQU $ZE 1 ↓ a-]mi-ni-s°i°
2790	KN Cg 979	KN Cg 979, do-ti-ja , / ra-ja , pu-na-so-qe , 'ra-su-to-qe' a-to-mo _ SUS 1
2791	KN C(1) 989	KN C(1) 989, ]-re-[•]-ja / ku-do-ni-ja _ BOS^f 14[
2792	KN Cg 1030	KN Cg 1030, e-ko-so , / du-ma _ SUS 1
2793	KN Cg 1039	KN Cg 1039, ____] ____ e-ra-wo , du-ma _____ [ *56-]ko-we-qe ______________ S°U°S°^x[
2794	KN C 1044	KN C 1044, ] ,° we-ka-ta-e ________________ [ ] __ ke-u-po-da-o _ BOS^m $ZE 1 _ [
2795	KN C 1561	KN C 1561, ]ka-te-ri-ja __ [ ]wo ______ OVIS^f°[
2796	KN C 1582	KN C 1582, ]w°e°-ka-ta ________ [ ]s°a° / au-a₃-ta _ BOS^m[
2797	KN C ‹1902›	KN C ‹1902›, ]68  C°A°P°^f 2 ]  C°A°P°^f 45 ] $vacat
2798	KN C 5089	KN C 5089, ] BOS^f [
2799	KN C(1) 5544	KN C(1) 5544, ]_ BOS^m 91[
28	KN Nc 8144	KN Nc 8144, _ $sup. $mut. ]$S°A° _ M [ _ $inf. $mut.
280	KN Sc(1) 218	KN Sc(1) 218, ] EQU $ZE 1
2800	KN C 5669	KN C 5669, _ $sup. $mut. ]*$2°5°8° 12 _ CAP^f 3°[ ]*$2°5°8° 12 _ CAP^f 2°[ ]$vest.[ _ $inf. $mut.
2801	KN C 5730	KN C 5730, ] ___________________ O°V°I°S°^x[ ]ja-we-jo / da-*22-to C°A°P°^f°[
2802	KN C 5734	KN C 5734, we-]ka-ta BOS $ZE 20 ↓
2803	KN C(1) 5753	KN C(1) 5753, ko-no-so-de _ BOS^f 5 _ BOS^m 8
2804	KN Cf 5765	KN Cf 5765, ] ____ CAP^f [
2805	KN C 5985	KN C 5985, ] BOS^m [
2806	KN C 6021	KN C 6021, ]no-re _ CAP^m 1°[ ___]ra-zo[
2807	KN C 7048	KN C 7048, _ $sup. $mut. ______]$vest.[ ]-je-re-u _ OVIS [ ____________] ___ OVIS^x[ _ $inf. $mut.
2808	KN C 7054	KN C 7054, ]24 _ CAP^m° 20
2809	KN Cg 7057	KN Cg 7057, ]ma _ SUS 1°[
281	KN Sc(5) 219	KN Sc(5) 219, ][[TUN]] _ BIG 1 [
2810	KN Cg 7058	KN Cg 7058, ]d°a°-mo-ko-ro _ SUS 1
2811	KN C 7059	KN C 7059, ]ka-ma-o _ [___]^f 1°0°[ ]-no ,° _____ CAP^f 20[
2812	KN Np 2138	KN Np 2138, ] CROC N°[_ ]^f° [_____ ]3 _ $WE 1 __________]$vac.[___] $vac. → ri _[
2813	KN C 7062	KN C 7062, ] 1° _ OVIS 2 _ 'e-u-[•]-m°a°-w°i°-jo _ OVIS 1'
2814	KN Cf 7064	KN Cf 7064, a-ki-ri-ja _____________ CAP^m 2°6 _ CAP^f [ __ $vacat ____________ [_______]k°e° ___ 3[
2815	KN C 7067	KN C 7067, ] $mo BOS^m [ ] _ $vac. _ [
2816	KN C 7088	KN C 7088, ]C°A°P°^f 50 _ $ki CAP 20
2817	KN C 7515	KN C 7515, ]BOS 1 _ [
2818	KN C 7566	KN C 7566, to-ro-wa-ko , ___________ B°O°S°^x[
2819	KN C 7698	KN C 7698, tu-zo _______________________ BOS $ZE 1[
282	KN Sc(3) 220	KN Sc(3) 220, ] 1 _ EQU '$MO 1'
2820	KN Cg 7793	KN Cg 7793, da-]m°o°-ko-ro _ S°U°S°^x 1°[
2821	KN Cf 8225	KN Cf 8225, ] _ CAP^f 1[
2822	KN Cf 8578	KN Cf 8578, ]pa-ro , [
2823	KN Cg 9666	KN Cg 9666, ]SUS^x 1 _ [ $inf. $mut.
2824	KN C 9724	KN C 9724, ] __ BOS^m°[ $inf. $mut.
2825	KN C 9766	KN C 9766, ] B°O°S°^x[ $inf. $mut.
2826	KN Ca 895	KN Ca 895, i-qo _ EQU^f 5 ___________ EQU^m 4 _ po-ro _ EQU[ _ o-no _ EQU^f 3 _ po-ro _ EQU 2 ___ EQU^m 4 _ [
2827	KN Ca 7788	KN Ca 7788, ]j°a° , o-no[ ↓ ]EQU _ [
2828	KN Ce 50	KN Ce 50, a-qi-ru _ OVIS^m 134 _ qa-ra₂-wo _ OVIS^f 43 te-pa-ra , pe-re-qo-ta a-nu-ko _ OVIS^f 51 _ ro-ru _ OVIS^f 32 ↓ a-qi-ru _ OVIS^m 190 _ q°a°-ra₂-wo _ OVIS^f 144 o-pa a-nu-ko _ OVIS^f 133[ ] _ ro-ru _ OVIS^f 150 we-ka-ta _ BOS^m 4
2829	KN Ce 59	KN Ce 59, ___ ]m°a°-sa / we-ka-ta _ BOS^m 6 // da-wo / we-ka-ta _ BOS^m 6 ______________ ta-ra-me-to ______________________ [•]-m°o° ku-]t°a°-to / we-ka-ta _ BOS^m 10 // da-*22-to / we-ka-ta _ BOS 6 ____________ [•]-mo ] tu-ri-so / we-ka-ta _ BOS^m 6 // ku-do-ni-ja / we-ka-ta _ BOS^m 50
283	KN Sc(3) 221	KN Sc(3) 221, ]TUN _ BIG 1 _ EQU $MO 1
2830	KN Ce 61	KN Ce 61, o-ro-ke-u [ me-*86-ta _ BOS 1[ ra-wo-ti-jo _ BOS 1 _ [ re-u-ka-ta _ BOS 1 [ ti-ri-sa-ta[ _ $inf. $mut.
2831	KN Ce 76	KN Ce 76, ]ka-ti _ OVIS^m[
2832	KN Ce 113	KN Ce 113, ]o SUS 7 _ $K°O°[
2833	KN Ce 139	KN Ce 139, a-ku-n°a°-i ___ OVIS 21°[ do-ti-ja ____ OVIS 30[ __ $vacat ___________ [
2834	KN Ce 144	KN Ce 144, _ $sup. $mut. e-re-pa-ro _ BOS $ZE [ a-pa-ta-w°a°[ ]$vest.[ _ $inf. $mut.
2835	KN Ce 152	KN Ce 152, je-[ ja-sa-[ _ ]B°O°S° 1 _ OVIS 1 _ C°A°P°[ ta-ta-ta _ BOS 1 _ OVIS 1 _ [ da-na _ OVIS 1 _ CAP 1 [ __ $vacat __________ [ ↗ a°-re-ko-to-re _ BOS 1 _ OVIS 1 __ CAP 1 ___ ]o°-ne _ BOS 12 ____ OVIS 12 _ CAP 12 __ ]-na-i _ BOS 12 ____ OVIS 12 _ CAP [ $inf. $mut.
2836	KN Ce 156	KN Ce 156, _ $sup. $mut. _ ]-na-zo _ BOS 1°[ te-wa-jo __ BOS 3 [
2837	KN Ce 162	KN Ce 162, _______ OVIS 10000 _ ↓ [[ SUS^f 500 ___________________ ]]
2838	KN Ce 163	KN Ce 163, OVIS^m 7°0[ CAP^m 44[ $vacat [ $vacat [
2839	KN Ce 283	KN Ce 283, ]200 _ e-po 60[ ___ ] 10 _ OVIS 40 → [[i-w°e°]][ _ ][[-j°a°]] ______________ [
284	KN Sc 222	KN Sc 222, me-za-wo _ TUN 2 _ EQU $ZE 1
2840	KN Ce 7061	KN Ce 7061, _ $sup. $mut. ]BOS $ZE 1 ]BOS $ZE 1 _ $inf. $mut.
2841	KN Ce 7516	KN Ce 7516, ]57 _ $PO 7 _ CAP[ ]3 _ S°U°S°^x[ ]$vest.[ _ $inf. $mut.
2842	KN Ce 8279	KN Ce 8279, ]1° $KO 1°3°0°[
2843	KN Ce 8345	KN Ce 8345, ]BOS^m° 6 __ [ $inf. $mut.
2844	KN Ce 8346	KN Ce 8346, ]SUS^x 4 $KO 80[
2845	KN Ce 9109	KN Ce 9109, _ $sup. $mut. ]OVIS^m 1° _ CAP^m [ _ $inf. $mut. ↓ _ $sup. $mut. ] CAP^m [ _ $inf. $mut.
2846	KN Ch 896	KN Ch 896, ta-za-ro / a₃-wo-ro 'ke-ra-no-qe' _ $ne , $we BOS^m $ZE 1
2847	KN Ch 897	KN Ch 897, e-po-ro-jo / 'to-ma-ko' wo-no-qo-so-qe _ BOS^m $ZE 1
2848	KN Ch 898	KN Ch 898, a₃-]wo-ro-qe , to-ma-ko-qe _ BOS^m $ZE 1
2849	KN Ch 899	KN Ch 899, ]k°o° 'po-da-ko-qe' _ BOS^m $ZE 1°[
285	KN Sc 223	KN Sc 223, ]$DA 1 _ BIG _ AES [
2850	KN Ch 900	KN Ch 900, ']k°o°-so-u-to-qe' _ BOS^m $ZE 1
2851	KN Ch 972	KN Ch 972, au-to-a₃-ta [
2852	KN Ch 1015	KN Ch 1015, ]no / wo-no-qo-so 'to-ma-ko-qe' _ BOS^m $Z°E°[
2853	KN Ch 1029	KN Ch 1029, pu-ri / a₃-zo-ro-qe , po-da-ko-qe _ BOS^m $ZE 1[
2854	KN Ch 1034	KN Ch 1034, ] a₃-zo-ro-qe⸤ ⸥w°o°[
2855	KN Ch 5724	KN Ch 5724, ]qe , wa-no-qe _ BOS^m $ZE 1 [
2856	KN Ch 5728	KN Ch 5728, ']pa-ko-qe' _ BOS^m[
2857	KN Ch 5754	KN Ch 5754, ]° wi-du-ru-ta / a₃-wo-ro[
2858	KN Ch 5938	KN Ch 5938, a₃-]wo-ro-qe _ BOS^m[
2859	KN Ch 7047	KN Ch 7047, ]n°o°-q°e° _ BOS [
286	KN Sc(4) 224	KN Sc(4) 224, pa-di-jo _ TUN+$QE 2 _ EQU $ZE 2__
2860	KN Ch 7065	KN Ch 7065, ]-qe _ BOS^m $ZE [
2861	KN Ch 7066	KN Ch 7066, ]no-qe _ BOS $ZE 1[
2862	KN Ch 7100	KN Ch 7100, ]a-ko-ro-we-i _ BOS $ZE 1 [ → ]°a₃-k°u°-ta [
2863	KN Ch 7937	KN Ch 7937, ]ni-to[ → ][[B°O°S°^m°]][
2864	KN Ch 8222	KN Ch 8222, _ $sup. $mut. ]-qe _ BOS^m [
2865	KN Ch 9765	KN Ch 9765, ] $ZE 1
2866	KN Co 903	KN Co 903, wa-to / a-ko-ra-ja _ OVIS^m 60 _ OVIS^f 270 _ CAP^m 49 CAP^f 130 _ SUS 17 _ SUS^f 41 _ BOS^m 2 _ BOS^f 4
2867	KN Co 904	KN Co 904, ku-do-ni-ja / a-ko-ra-ja _ OVIS^m 117 _ OVIS^f 100[ CAP^m 54 _ CAP^f 151 _ SUS^f 87 _ B°O°S°^m[
2868	KN Co 906	KN Co 906, ka-ta-ra-i / a-ko-ra-ja _ OVIS^m 100 _ OVIS^f 650 CAP^m 40[ ] _ CAP^f 150 _ SUS^f 80 _ [[BOS^m]] BOS^f 6
2869	KN Co 907	KN Co 907, si-ra-ro / a-ko-ra-jo _ OVIS^m 202 _ OVIS^f 750 __ CAP^m 125 _ CAP^f 240 _ SUS^m 21 _ SUS^f 60 _ BOS^m 2 __ BOS^f 10
287	KN Sc(1) 225	KN Sc(1) 225, ]BIG 1 _ EQU $MO [ ↓ ] ___ *$166 1 __ [
2870	KN Co 909	KN Co 909, a-pa-ta-wa , / a[-ko-]r°a°-ja _ OVIS^m [ CAP^f 120 _ SUS^m 3 _ S°U°S°^f°[
2871	KN Co 910	KN Co 910, o-]du-ru-wo / a-ko-ra-j°a°[ ] CAP^f 190 _ S°U°S°^f°[
2872	KN Co 7056	KN Co 7056, __ ] OVIS^f 600[ ]S°U°S°^f° 50 _ BOS^m 2 _ BOS^f[
2873	KN Co 8347	KN Co 8347, _ $sup. $mut. ] B°O°S°^f [
2874	KN D 411	KN D 411, di-ko-to / e-ma-a₂-o _ OVIS^f 60 _ $WE 30[
2875	KN Dq(5) 747	KN Dq(5) 747, __ ]a-di-je-wo __________ [ pa-]i-to _____ OVIS^m 40 _ [
2876	KN D 1024	KN D 1024, ]r°a°-jo , ma-ti-jo ______ OVIS 1°1°0°[ ]e-ra-ja , qi-ni-te-we _ OVIS 100 _ sa[
2877	KN D 1615	KN D 1615, ] _ OVIS^m 19°0[ ] _ $o OVIS^m 10  [
2878	KN D 1650	KN D 1650, ] ___ ra-wo-qo-no-jo ]p°a° / da-wo _____________ OVIS^m 68
2879	KN D 2130	KN D 2130, ]ra _ OVIS^m 100 _ [[O°V°I°S°^f° 2°0]] ] $vacat
288	KN Sc(3) 226	KN Sc(3) 226, ti-ri-jo-qa _ BIG 1 _ TUN 1° _ EQU 1 _ 'e-ko 1'
2880	KN D 5094	KN D 5094, ]50 _ OVIS^f[ ] OVIS^m 40 _ [
2881	KN Dq(5) 5519	KN Dq(5) 5519, ]OVIS^m 77
2882	KN Dq(5) 5520	KN Dq(5) 5520, ]a-di-je-wo ________ [ ]tu-ni-ja _ OVIS^m 100[
2883	KN D 5810	KN D 5810, ] ___________ OVIS^f 4°[ ]OVIS^m 70 _ $o _ OVIS^m[
2884	KN D 5919	KN D 5919, ] _ OVIS^f 20[ ]$o OVIS^m 1°0°[
2885	KN D 5954	KN D 5954, $sup. $mut. ]k°e°-mo / $sa O°V°I°S°^m°[
2886	KN D 7101	KN D 7101, ]OVIS^x 68 _ [
2887	KN D 7103	KN D 7103, ]$vest. _______ [ ]to _ OVIS^m 94°[
2888	KN D 7122	KN D 7122, *56-]ko-we _ OVIS^m[
2889	KN D 7127	KN D 7127, ]OVIS^m _ 4 [
289	KN Sc(4) 227	KN Sc(4) 227, ] _ TUN+$QE 2 _ EQU '$MO 1'
2890	KN D 7131	KN D 7131, _ ]$vac._ [ _____ ]O°V°I°S°^m° 1°0°0°[ __ ] $vac. ] $vac. _ [ _____ ] _ $vac.
2891	KN Dk 7134	KN Dk 7134, _ ] do-ti-jo _ OVIS^m 100 _ L°A°N°A°[ ] _____ a-te-jo ________ [
2892	KN D 7146	KN D 7146, ] _ OVIS^m 34°[
2893	KN D 7242	KN D 7242, ]OVIS^m 81[
2894	KN D 7243	KN D 7243, ] OVIS^m 30[ $inf. $mut.
2895	KN D 7252	KN D 7252, ] OVIS^m V°I°R° 1 [ ]OVIS^x V°I°R°[ $inf. $mut.
2896	KN D 7254	KN D 7254, ]OVIS^m 200
2897	KN D 7272	KN D 7272, ]17°7° _ [ _ ]^m 252
2898	KN D 7334	KN D 7334, ] ______ a-no-qo[-ta ]ni-to / e-ra _ [
2899	KN D 7386	KN D 7386, ]-ro / u-ka _ O°V°I°S°^m[
29	KN Nc 8145	KN Nc 8145, _ $sup. $mut. du-[
290	KN Sc(4) 229	KN Sc(4) 229, ]r°i°-jo _ TUN+$QE 2 _ $MO[
2900	KN D 7541	KN D 7541, ] OVIS^m 6°0[ ] _ $o OVIS^m [
2901	KN D 7727	KN D 7727, ]a-ka _ OVIS^m [ ] _ $vac. ____ [
2902	KN D 7736	KN D 7736, ]O°V°I°S°^m 5° __ $o [ _____ ]1°5 _ $o° [
2903	KN D 7773	KN D 7773, ]-ta-ra-pi , O°V°I°S°^m°[
2904	KN D 8009	KN D 8009, ]O°V°I°S°^x 62[ $inf. $mut.
2905	KN D 8174	KN D 8174, [•-•]-si-jo-jo / $k°o° OVIS^m°[ _ ]$vac. d°a°-te-we-ja ___ [ __________ ]$vest. 1
2906	KN D 8333	KN D 8333, ]da-wo _ OVIS^f 60[
2907	KN D 8349	KN D 8349, ][[$vest.]] ][[$vest.]] → OVIS^m __[
2908	KN D 8350	KN D 8350, ]3°0[ _ ] _ $o° OVIS^m 26[ ]O°V°I°S°^m° 3° __________ [
2909	KN D 8756	KN D 8756, ]3°0 _ OVIS^m [ ]O°V°I°S°^m° 5 __ [
291	KN Sc(1) 230	KN Sc(1) 230, o-pi-ri-mi-ni-jo _ TUN 1° _ BIG 1 _ EQU $Z°E°[
2910	KN D(1) 8787	KN D(1) 8787, ]q°a°-mo , OVIS^m 120[
2911	KN D 9012	KN D 9012, $sup. $mut. _ ]$vest.[ ] _ to-n°i°[
2912	KN D 9018	KN D 9018, __ $sup. $mut. ] __ 6° ____ [ __ ]14  _ OVIS 20[
2913	KN D 9023	KN D 9023, ] _ OVIS^f 7°0[
2914	KN D 9243	KN D 9243, $sup. $mut. ]2° _ $o° O°V°I°S°^x[
2915	KN D 9289	KN D 9289, ]O°V°I°S°^m° 100 _ [
2916	KN D 9290	KN D 9290, ]-to-wi-jo _ OVIS^m° [ ]$vest.[ $inf. $mut.
2917	KN D 9291	KN D 9291, $sup. $mut. __ ]j°a°[ ] __ OVIS [ $inf. $mut.
2918	KN D 9292	KN D 9292, ]j°a° _ OVIS^m 92°[
2919	KN Do 9293	KN Do 9293, ] _ OVIS^m 2°8 ] _ OVIS^m 63 [°
292	KN Sc(2) 232	KN Sc(2) 232, ]2 _ BIG 1 _ EQU $Z°E°[
2920	KN D 9294	KN D 9294, ]OVIS^m° 9°3[ ] $vacat
2921	KN D 9352	KN D 9352, ] _ OVIS^f 1°0°[ _ ] $vac. [ $inf. $mut.
2922	KN D 9411	KN D 9411, ] _ OVIS^m° _ 1°0°0°[ $inf. $mut.
2923	KN D 9412	KN D 9412, _ $sup. $mut. ] _________ O°V°I°S°^f° [ ]$vest. / $vac. _[
2924	KN D 9456	KN D 9456, ]$vest._[ ]we-e _ O°V°I°S°^m°[
2925	KN D 9767	KN D 9767, ]1°0°0° _ O°V°I°S°^x[ $inf. $mut.
2926	KN D 9769	KN D 9769, ]$k°i° OVIS 2°0°[ $inf. $mut.
2927	KN D 9770	KN D 9770, ]O°V°I°S°^x[ $inf. $mut.
2928	KN Do 9885	KN Do 9885, $sup. $mut. ]$vac.[ _ ]OVIS^x[ ]w°o° _,°_ OVIS^m[
2929	KN D 9887	KN D 9887, ]O°V°I°S°^f° 20[ _ $inf. $mut.
293	KN Sc 233	KN Sc 233, ]a-qa-ro _ TUN [
2930	KN Da 1078	KN Da 1078, e-ki-no / a-ka ____ OVIS^m 200
2931	KN Da 1079	KN Da 1079, a-ko-ro-qo-ro / a-ka ___ OVIS^m 200
2932	KN Da 1080	KN Da 1080, ___________ OVIS^m 200 au-ri-jo / a-ka
2933	KN Da 1081	KN Da 1081, e-ne-ke-se-u , / a-ka ___ OVIS^m 200
2934	KN Da 1082	KN Da 1082, _____________ OVIS^m 200 o-ku-no / ___ a-ka
2935	KN Da 1083	KN Da 1083, _______________ OVIS^m 200 po-i-te-u / _ a-ka
2936	KN Da 1087	KN Da 1087, ] __________ OVIS^m[ ]-jo / _ a-ka ____ [
2937	KN Da 1091	KN Da 1091, ]ri-sa-ta , / ri-jo-no , OVIS^m 300 → s°u°-k°i°-r°i°-t°a°[ _ ]n°u°-r°a°-q°a° , [ _ n°a°-u°-t°i° , ka-ta-d°o°-qe ,[
2938	KN Da 1098	KN Da 1098, ________________ OVIS^m 110 _ [[$o OVIS^m 1]] ru-na-mo / qa-ra ,° _______ × [[ _ ki-*1°8°-i°-s°o° , qa-ra _ OVIS^m 100 _ ]]
2939	KN Da 1108	KN Da 1108, ____________ OVIS^m 200 ki-ta-ne-to , / su-ri-mo
294	KN Sc 234	KN Sc 234, ] TUN 2 _ B°I°G°[
2940	KN Da 1114	KN Da 1114, ]° ___________________ OVIS^m 50[ ]°ri-wi-so / ku-ta-to ,° ______ [
2941	KN Da 1116	KN Da 1116, _____________ da-mi-ni-jo au-ri-jo , / ku-ta-to _____ OVIS^m 50[°
2942	KN Da 1123	KN Da 1123, a-qi-ro / ku-ta-to ___ OVIS^m 100 ___ [°
2943	KN Da 1127	KN Da 1127, ___________ u-ta-jo , mi-ru-ro / da-*22-to , _ OVIS^m 100 ___ [
2944	KN Da 1132	KN Da 1132, _________________ u-ta-jo *56-du-nu-ka , / do-ti-ja _ OVIS^m 100 _ [°
2945	KN Da 1134	KN Da 1134, ____________ u-ta-jo _________ [ ke-to , / *56-ko-we _ OVIS^m 100[
2946	KN Da 1135	KN Da 1135, ____________ u-ta-jo-jo _ OVIS^m 100 ke-to , / *56-ko-we ,
2947	KN Da 1137	KN Da 1137, ] ______________ u-ta-jo __________ [ ]po-ru-qo-to , / e-ko-so _ OVIS^m 100[
2948	KN Da 1143	KN Da 1143, __________ u-ta-jo-jo , du-ri , / _ ri-jo-no ___ OVIS^m 100
2949	KN Da 1147	KN Da 1147, sa-ma-ri-jo / da-*22-to _ OVIS^m 100
295	KN Sc(2) 235	KN Sc(2) 235, po-*34-wi-do _ [[TUN]] _ BIG[
2950	KN Da 1156	KN Da 1156, ________________ we-we-si-jo _ OVIS^m 100 a-re-ke-se-u , / pa-i-to
2951	KN Da 1161	KN Da 1161, _____________ we-we-si-jo _ OVIS^m 300[ ku-tu-qa-no / pa-i-to[
2952	KN Da 1162	KN Da 1162, _____________ we-we-si-jo-jo ______________ [° e-ro-u-ta , / su-ri-mo ________ OVIS^m 200 ___ [°
2953	KN Da 1163	KN Da 1163, ____________ we-we-si-jo _ OVIS^m 100 wi-je-so , / pa-i-to _____ ki-ri-jo-te
2954	KN Da 1164	KN Da 1164, ____________ we-we-si-jo _ OVIS^m 130 da-i-qo-ta / pa-i-to
2955	KN Da 1170	KN Da 1170, ________ OVIS^m 100 o-ku / __ pa-i-to
2956	KN Da 1172	KN Da 1172, _________________ OVIS^m 100 ru-*56-ra-so / pa-i-to , pe-ri-qo-te-jo _____ [
2957	KN Da 1173	KN Da 1173, du-pu₂-ra-zo , / pa-i-to _ OVIS^m 200 ____ ku-ru-me-ni-jo , ke-to
2958	KN Da 1189	KN Da 1189, a-me-a / ra-su-to _ OVIS^m 100
2959	KN Da 1194	KN Da 1194, ] ________ ki-ri-jo-te ]-de-u , / ra-su-to ____ OVIS^m 30
296	KN Sc(5) 236	KN Sc(5) 236, ku-ru-me-no _ [[TUN]] _ BIG
2960	KN Da 1195	KN Da 1195, a-ke-e-to / _ ra-su-to _ OVIS^m 100
2961	KN Da 1197	KN Da 1197, ____________ ki-ri-jo-te wi-na-jo , / ra-su-to ____ OVIS^m 40
2962	KN Da 1202	KN Da 1202, ku-mi-so / ra-ja _ OVIS^m 100
2963	KN Da 1221	KN Da 1221, ______________________ OVIS^m 200 a₃-ta-ro-we , / *56-ko-we ,
2964	KN Da 1238	KN Da 1238, _______________ OVIS^m 100[ ku-ka-ro , / ti-ri-to[
2965	KN Da 1253	KN Da 1253, __________ tu-ni-ja[ ]OVIS^m 100 *34-zo , / pe-ri-qo-te-jo ,
2966	KN Da 1268	KN Da 1268, ] _________________ OVIS^m 100 ___ [ ]$vest. , / _ qa-ra , se-wo-to ___ [
2967	KN Da 1273	KN Da 1273, ]ne-u / e-ko-so _ OVIS^m 100[ _ ] $vacat
2968	KN Da 1275	KN Da 1275, _______________ OVIS^m 100 ___ [ ka-ma-to / ___ e-ko-so ______ [
2969	KN Da 1276	KN Da 1276, ________________ OVIS^m 150 to-tu-no , / e-ko-so
297	KN Sc(5) 237	KN Sc(5) 237, a-e-da-do-ro _ [[TUN]] _ BIG[ ↓ _______________ a-mi-ni-si[
2970	KN Da 1277	KN Da 1277, ru-na-mo / e-ko-so _ OVIS^m 100
2971	KN Da 1288	KN Da 1288, ____________ OVIS^m 100 mo-ni-ko / ru-ki-to
2972	KN Da 1289	KN Da 1289, _______________ OVIS^m 100 a-no-qo-ta / ru-ki-to
2973	KN Da 1293	KN Da 1293, _______________ OVIS^m 110 ka-mo-ni-jo / ru-ki-to
2974	KN Da 1299	KN Da 1299, _____________ k°i°-ri-jo-t°e° _______ [ e-u-ko-ro / _ do-ti-ja _ OVIS^m 100[
2975	KN Da 1313	KN Da 1313, ___________________ OVIS^m 100 ku-mo-no-so / da-wo
2976	KN Da 1314	KN Da 1314, ______________ te-ra-po-si-jo po-i-ti-jo , / da-wo , _______ OVIS^m 50
2977	KN Da 1315	KN Da 1315, ______________ OVIS^m 100 u-ra-mo-no / da-wo
2978	KN Da 1317	KN Da 1317, da-i-ze-to , / qa-mo , u-ta-jo-jo , OVIS^m 110 _ [
2979	KN Da 1321	KN Da 1321, ____________________ OVIS^m 200 _________ [ su-ta-no , / _ ra-to , pe-ri-qo-te-jo , ___ [
298	KN Sc 238	KN Sc 238, me-nu-wa _ TUN[ ] _ BIG [
2980	KN Da 1323	KN Da 1323, ____________ a-no-qo[ __ ] OVIS^m 100[ _ ] $vac. ke-ti-ro , / e-ra[ _____ ] $vac.
2981	KN Da 1333	KN Da 1333, ]° ___________ 'e-ra' ___ OVIS^m 100[ ]°pu-to-ro , / _ pe-ri-qo-te-jo , _[
2982	KN Da 1338	KN Da 1338, te-mi-ro , / _ di-ro , ___ OVIS^m 100 _ [
2983	KN Da 1339	KN Da 1339, ________________ OVIS^m 100 si-ki-to / _ pu-so
2984	KN Da 1341	KN Da 1341, ] __________ d°a°[-mi-]n°i°-jo ]-no-qa-ta / p°a°[-]i°-to _____ OVIS^m 400
2985	KN Da 1343	KN Da 1343, ___________________ OVIS^m 200 ta-pe-ro , / e-r°a°
2986	KN Da 1350	KN Da 1350, ________________ OVIS^m 200 ka-ne-u-ta / _ a-ka
2987	KN Da 1351	KN Da 1351, ]qa-na-no-to _ OVIS^m 25°0 ___ [
2988	KN Da 1352	KN Da 1352, ] ___________ u°-ta-jo-jo , OVIS^m 200[ ]ti-jo , / pa-i-to , ______________ [
2989	KN Da 1353	KN Da 1353, ____________ [[OVIS^m° 1°0°0°[ ]] OVIS^m 100 a-ri-ko , / _ da-*22-to ,
299	KN Sc 239	KN Sc 239, a-ko-to _ TUN [
2990	KN Da 1355	KN Da 1355, ]$vest. / _ di-ro _ OVIS^m 100
2991	KN Da 1363	KN Da 1363, ]°ki-*18-i-so / qa-ra _ OVIS^m 100
2992	KN Da 1365	KN Da 1365, ]-jo _ OVIS^m 100 ] ____ ki-ri-jo-te
2993	KN Da 1378	KN Da 1378, _____________ u-ta-jo wi-ja-ma-ro / pa-i-to , _ OVIS^m 50
2994	KN Da 1379	KN Da 1379, i-ne-u , / ri-jo-no _ OVIS^m 50
2995	KN Da 1382	KN Da 1382, ] _________ u-ta-jo ]mi-ni-to , / ri-j°o°-no _ OVIS^m 110
2996	KN Da 1384	KN Da 1384, _______________ u-ta-jo , __ OVIS^m 100[ ti-ri-jo-ko-so / [ ]*5°6°-ko-we __ [[_•_]][
2997	KN Da 1390	KN Da 1390, ________ [ _ ] _ OVIS^m 200 e-u-mo / ra-to
2998	KN Da 1392	KN Da 1392, _____________ a-te-jo _ OVIS^m 100 ku-ke-to , / se-to-i-ja , _____ a°u°-to ,
2999	KN Da 1394	KN Da 1394, _________________ OVIS^m 50 ku-ta-si-jo / [ ]t°i°-ri-to
3	KN Nc 4474	KN Nc 4474, e-ri-sa-ta ____ M 1 _ [
30	KN Nc 8146	KN Nc 8146, ]ko-ri-jo _ [
300	KN Sc 240	KN Sc 240, ta-pa-no _ BIG[
3000	KN Da 1396	KN Da 1396, ____________________ OVIS^m 100 ____ [ ku-ne-u / _ da-wo __________________ [
3001	KN Da 1401	KN Da 1401, ]-wi / da-*22-to ___ OVIS^m 150
3002	KN Da 1415	KN Da 1415, ____________ u-ta-jo ______________ [° ri-ma-zo , / tu-ni-ja _ OVIS^m 200 _ [°
3003	KN Da 1420	KN Da 1420, _________ we-we-si-jo , da-ja-ro / _ ru-ki-to , _ OVIS^m 160
3004	KN Da 1435	KN Da 1435, ]°ki-ki-jo / ku-ta-to _ OVIS^m 100
3005	KN Da 1445	KN Da 1445, ___________________ OVIS^m 100 wa-du-ka-sa-ro
3006	KN Da 1451	KN Da 1451, ka-jo / _ ku-ta-to _ OVIS^m 100
3007	KN Da 1461	KN Da 1461, ma-ri-ti-wi-jo , / *5°6°-ko-we _ OVIS^m 100
3008	KN Da 1485	KN Da 1485, ki-sa-nu-mo , / ri-jo-no , _ OVIS^m 100 _ [
3009	KN Da 1495	KN Da 1495, _____________________ OVIS^m 200 qo-te-ro / pa-i-to
301	KN Sc 241	KN Sc 241, ]EQU '$MO' 1
3010	KN Da 1588	KN Da 1588, _______________ OVIS^m 100 ______ [ ta-*49-ro / pu-na-so _________ [
3011	KN Da 2005	KN Da 2005, ]r°o° / a-ka _ OVIS^m 200[
3012	KN Da 2027	KN Da 2027, ]*22 , / ku-ta-to _ OVIS^m 100
3013	KN Da 5038	KN Da 5038, ] _____ OVIS^m 100 ________ [° __ ] tu-ni-ja ______ [
3014	KN Da 5179	KN Da 5179, ]ti-ko-ro / ku-ta-to _ OVIS^m 100[
3015	KN Da 5192	KN Da 5192, su-se , / ra-to _ OVIS^m 100
3016	KN Da 5193	KN Da 5193, wi-ra-ne / ku-ta-to _ OVIS^m 100
3017	KN Da 5195	KN Da 5195, po-ka-ro , / pu-so , _ OVIS^m 100[
3018	KN Da 5204	KN Da 5204, __________ ki-r°i°[-jo-]te a-nu-mo / [ _________ ] __ OVIS^m 200
3019	KN Da 5205	KN Da 5205, a₃-k°e°-wa-ta ,° / ri-jo-no _ OVIS^m 100 _ [
302	KN Sc 242	KN Sc 242, ]BIG 1 _ EQU '$ZE' 1 → ____________ a-*47[
3020	KN Da 5213	KN Da 5213, ]ki-r°i°-jo-te ] ,° ra-su-to _ OVIS^m 60
3021	KN Da 5214	KN Da 5214, ]ku-i-so / ri-jo-no _ OVIS^m 100
3022	KN Da 5217	KN Da 5217, pi-ki-nu-wo / ra-to _ OVIS^m 100
3023	KN Da 5218	KN Da 5218, ze-ro / e-k°o°-so __ OVIS^m 100
3024	KN Da 5220	KN Da 5220, ]r°o° / ku-ta-to _ OVIS^m 100
3025	KN Da 5223	KN Da 5223, _______________ OVIS^m 100 a-da-ra-ro / da-wo , ki-ri-jo-te
3026	KN Da 5225	KN Da 5225, ]-to _ OVIS^m 100
3027	KN Da 5234	KN Da 5234, wi-ro-jo / pu-na-so _ OVIS^m 80
3028	KN Da 5244	KN Da 5244, ]OVIS^m 200
3029	KN Da 5245	KN Da 5245, ] ___ ki-ri-jo-t°e° ]r°o° / e-ko-so _ OVIS^m 200
303	KN Sc(1) 243	KN Sc(1) 243, ]jo / pu₂-re-wa _ TUN 1 _ BIG 1 _ EQU[
3030	KN Da 5251	KN Da 5251, ]to _ OVIS^m 100
3031	KN Da 5252	KN Da 5252, ] da-wo _ OVIS^m 100 _ [
3032	KN Da 5270	KN Da 5270, ]OVIS^m 120
3033	KN Da 5295	KN Da 5295, ]° ___________________ OVIS^m 50 ]°me-to-re / ra-su-to
3034	KN Da 5308	KN Da 5308, si[_]te-u / ku-ta-to _ OVIS^m 100[
3035	KN Da 5317	KN Da 5317, ]OVIS^m 100 _______ [ ]ra-ja , p°e°-r°i°-q°o°-t°e°[-jo
3036	KN Da 5356	KN Da 5356, a-]ka _ OVIS^m 200[
3037	KN Da 5427	KN Da 5427, ]O°V°I°S°^m° 100 _ [ $inf. $mut.
3038	KN Da 5576	KN Da 5576, ] _______ OVIS^m 100 ]ki-so / e-ra , u-ta-jo-jo
3039	KN Da 5709	KN Da 5709, ]u-ta-jo-jo , ___ OVIS^m 100[ ______ ] _ $vac. __________ [
304	KN Sc(3) 244	KN Sc(3) 244, ]n°o° / e-ro-e _ BIG[
3040	KN Da 6061	KN Da 6061, a₃-to / ri-jo-no _ OVIS^m 100[
3041	KN Da 7080	KN Da 7080, ]r°o° / *56-ko-we _ OVIS^m 100[
3042	KN Da 7081	KN Da 7081, ki-]r°i°-jo-te __]ja , _ ×° _ OVIS^m 100
3043	KN Da 7090	KN Da 7090, ]$vac.[ __ ]O°V°I°S°^m 100 ] da-*22-to
3044	KN Da 7109	KN Da 7109, ki-ri-jo-]t°e° , _ OVIS^m 60 ________ [° ___________ ] __ u-ta-jo-jo ______ [°
3045	KN Da 7165	KN Da 7165, ]si-jo'-jo' _ OVIS^m 100 ____________________ ] $vac.
3046	KN Da 7185	KN Da 7185, ]OVIS^m 100 _ [[ OVIS^f]] [ ]ra ________ [[______]][
3047	KN Da 7186	KN Da 7186, $sup. $mut. ]OVIS^m 100 _ [
3048	KN Da 7213	KN Da 7213, ] OVIS^m 100[
3049	KN Da 8201	KN Da 8201, __________ w°e°-w°e°[-si-jo _ ] OVIS^m 12°0 t°a°-i°-p°o° / ____________ pa-i-to
305	KN Sc(1) 245	KN Sc(1) 245, ]r°e°-o _ BIG 1
3050	KN Da 8228	KN Da 8228, _______________ u°-t°a°-j°o°-jo ___________ [ [•]-n°w°a°-jo / da-w°o° _______ OVIS^m 100[
3051	KN Da 8355	KN Da 8355, ________________ OVIS^m 100 [•]-ki-si-wo , / ra-su-to
3052	KN Da 8385	KN Da 8385, _ OVIS^m] 100 ]tu-ri-so
3053	KN Da 8434	KN Da 8434, ]100 ] $vac.
3054	KN Db 1097	KN Db 1097, ___________________ OVIS^m 48 _ OVIS^f 2 ta-za-ro / u-ta-no __________________ ×
3055	KN Db 1099	KN Db 1099, _________________ OVIS^m 90 _ OVIS^f 10 _ a-wa-so / qa-mo ___________________ ×
3056	KN Db 1105	KN Db 1105, ____________________ OVIS^m 52 _ OVIS^f 28 _ a₃-ku-pi-ti-jo , / su-ri-mo
3057	KN Db 1110	KN Db 1110, qa-si-da-ro , / ku-ta-to _ OVIS^m 190 _ OVIS^f 5
3058	KN Db 1115	KN Db 1115, ]ku-ta-to , _ OVIS^m 80 _ OVIS^f 20
3059	KN Db 1126	KN Db 1126, ]no-ta-na / ku-ta-to _ OVIS^m 134 _ OVIS^f 16
306	KN Sc ‹246›	KN Sc ‹246›, qe-ra-di-ri-jo _ *$165[
3060	KN Db 1140	KN Db 1140, ____________________ O°V°I°S°^m 165 _ OVIS^f 35 [° qi-ja-to , / qa-ra , u-ta-jo-jo _______ [°
3061	KN Db 1155	KN Db 1155, _____________ we-we-si-jo _ OVIS^m 86 _ OVIS^f 14 wi-jo-ka-de / da-wo
3062	KN Db 1159	KN Db 1159, ____________ we-we-si-jo-jo _ OVIS^m 144 _ OVIS^f 55[ du-ta-so , / pa-i-to ___________________________ [
3063	KN Db 1160	KN Db 1160, _________ we-we-si-jo-jo ,° OVIS^m 94° _ O°V°I°S°^f 6°[ a-qe-mo / pa-i-to _______________________________ [
3064	KN Db 1165	KN Db 1165, ] ________ we-we-si-jo _ OVIS^m 49 _ OVIS^f 51 ]ra-ko , / da-ra-ko
3065	KN Db 1166	KN Db 1166, __________ 'we-we-si-jo' _ OVIS^m 46 _ OVIS^f 4 au-ta₂ , / _ di-ro ,
3066	KN Db 1168	KN Db 1168, _________ we-we-si-jo-jo _ OVIS^m 91 _ OVIS^f 9 _[ ma-di , / e-ko-so _________________________ [
3067	KN Db 1185	KN Db 1185, p°a°-ru / ra-to _ OVIS^m 62 _ OVIS^f 36
3068	KN Db 1186	KN Db 1186, i-mi-ri-jo , / ra-to , _ OVIS^m 40 _ OVIS^f 60
3069	KN Db 1192	KN Db 1192, ]p°e°-ri-qo-te-jo _ OVIS^m 6°8° _ OVIS^f 32 __ ]ra-to
307	KN Sc(1) 247	KN Sc(1) 247, pa-re _ *$165 1°[
3070	KN Db 1196	KN Db 1196, ]pa-u-ro / ra-su-to _ OVIS^m 93 _ OVIS^f [
3071	KN Db 1198	KN Db 1198, ta-na-po-so / ra-su-to _ OVIS^m 82 _ OVIS^f 18
3072	KN Db 1204	KN Db 1204, qe-ro / ri-jo-no _ OVIS^m 72 _ OVIS^f 28
3073	KN Db 1208	KN Db 1208, ] ______________ OVIS^m 72 _ OVIS^f 28 ]ra-so , / ri-jo-no
3074	KN Db 1211	KN Db 1211, ] _____________ OVIS^m 71 _ OVIS^f 29[ ]ru-ka-*18 / ri-jo-no ___________ [
3075	KN Db 1212	KN Db 1212, da-wi / ri-jo-no _ OVIS^m 132 _ OVIS^f 18
3076	KN Db 1225	KN Db 1225, wi-na-jo / *56-ko-we _ OVIS^m 90 _ OVIS^f 10
3077	KN Db 1227	KN Db 1227, _________________ OVIS^m 50 _ OVIS^f 50 sa-nu-we-ta / *56-ko-we
3078	KN Db 1232	KN Db 1232, _______________ OVIS^m 23 _ OVIS^f 27 na-pu-ti-jo , / ti-ri-to , pe-ri-qo-te-jo ,
3079	KN Db 1236	KN Db 1236, _______________ OVIS^m 64 _ OVIS^f 36 a-ra-ko / ti-ri-to
308	KN Sc(3) 248	KN Sc(3) 248, ]BIG 1 _ *$165 1
3080	KN Db 1241	KN Db 1241, _____________________ OVIS^m 81 _ OVIS^f 19 o°-te-se-u , / tu-ri-so ,
3081	KN Db 1242	KN Db 1242, ____________________ OVIS^m 80 _ OVIS^f 20 wa-du-na-ro , / tu-ri-so ,
3082	KN Db 1245	KN Db 1245, __________________ OVIS^m 186 _ OVIS^f 14 ra-wi-zo , / tu-ri-so ,
3083	KN Db 1246	KN Db 1246, _____________ OVIS^m 89 _ OVIS^f 11 a-wa-so / tu-ni-ja _____________ [
3084	KN Db 1247	KN Db 1247, ]°ta-za / tu-ni-ja _ OVIS^m 88 _ OVIS^f 12
3085	KN Db 1250	KN Db 1250, _ ] ______ OVIS^m 99 ] _ tu-ni-ja ______ OVIS^f 7
3086	KN Db 1261	KN Db 1261, _______________ OVIS^m 89 _ OVIS^f 11 ___[ a-no-ke-we / _ qa-ra __________________ [
3087	KN Db 1262	KN Db 1262, __________________ OVIS^m 68 _ OVIS^f 32 sa-ze-ro / _ qa-ra
3088	KN Db 1263	KN Db 1263, ] ______ te-ra-po-si-jo _ OVIS^m 90 _ OVIS^f 10 ]ka-mo / q°a°-[•]
3089	KN Db 1265	KN Db 1265, ___________ OVIS^m 142 _ OVIS^f 8 u-ra-jo / _ qa-ra ,
309	KN Sc 249	KN Sc 249, ]pa-re _ BIG 1 _ *$165[
3090	KN Db 1267	KN Db 1267, ______________ OVIS^m 93° _ OVIS^f 7 ko-ri-jo / _ qa-ra ,
3091	KN Db 1274	KN Db 1274, ]° ___________ OVIS^m 47 _ OVIS^f 3 _ [ ]°je-zo / e-ko-so _________________ [
3092	KN Db 1279	KN Db 1279, ____________________ OVIS^m 97 _ OVIS^f 3 tu-qa-ni-ja-so , / ru-ki-to
3093	KN Db 1282	KN Db 1282, wi-na-jo / ru-ki-to _ OVIS^m 50 _ OVIS^f 50
3094	KN Db 1295	KN Db 1295, _____________ OVIS^m 96 _ OVIS^f 4 a₃-ke-wa-to / ru-ki-to
3095	KN Db 1297	KN Db 1297, ___________ OVIS^m 78 _ OVIS^f 22 qa-da-so / ru-ki-so
3096	KN Db 1302	KN Db 1302, ]° __________________ OVIS^m 44 _ OVIS^f 56 ]°d°a°-nwa-re / do-ti-ja
3097	KN Db 1304	KN Db 1304, _________________ OVIS^m 41 _ OVIS^f 59 na-ru , / do-ti-ja ,
3098	KN Db 1305	KN Db 1305, ____________________ OVIS^m 52 _ OVIS^f 48 wi-jo-qo-ta / do-ti-ja ,°
3099	KN Db 1324	KN Db 1324, _______________________ OVIS^m 93 _ OVIS^f 7 da-na-jo , / su-ki-ri-ta
31	KN Nc 8172	KN Nc 8172, ] ___ M 3
310	KN Sc(1) 250	KN Sc(1) 250, a-ko-to _ TUN[
3100	KN Db 1327	KN Db 1327, ki-mu-ku / su-ki-ri-ta _ OVIS^m 120 _ OVIS^f 80
3101	KN Db 1329	KN Db 1329, ]° ______________ a-te-jo ]°u-ra-jo , / qa-sa-ro-we _ OVIS^m 40 _ OVIS^f 10
3102	KN Db 1340	KN Db 1340, [ ] ________________ OVIS^m 75 _ OVIS^f 5 [ ]ra-ro , / su-ri-mo
3103	KN Db 1344	KN Db 1344, _____________ we-we-si-jo-jo _ OVIS^m 170 _ OVIS^f 30 [•]-tu-to , / pa-i-to[ ____________ ] $vacat
3104	KN Db 1367	KN Db 1367, _______________________ OVIS^m 95 e-wa-ra-jo / do-ti-j°a°[ __ ]OVIS^f 5
3105	KN Db 1368	KN Db 1368, ________________ OVIS^m 78 _ OVIS^f 22 tu-ma-da-ro / da-wo
3106	KN Db 1372	KN Db 1372, ___ ]OVIS^m 76 _ OVIS^f° 2°4°[ da-]wo ____ [
3107	KN Db 1373	KN Db 1373, pa-ra-to / da-*22-to , _ OVIS^m 72 _ OVIS^f 28
3108	KN Db 1389	KN Db 1389, ]° _____________ OVIS^m 82 _ OVIS^f 18°[ ]°e-u-ko-ro / ti-ri-to _____________ [
3109	KN Db 1423	KN Db 1423, ___________ OVIS^m 87 _ OVIS^f 13 *56-ri-to / ru-ki-to
311	KN Sc(5) 251	KN Sc(5) 251, ]-j°e°-u _ TUN _ BIG[
3110	KN Db 1426	KN Db 1426, ____________________ OVIS^m 8°8° _ OVIS^f 12 de-ke-se-u , / do-ti-ja ,
3111	KN Db 1449	KN Db 1449, __________ OVIS^m 58° _ OVIS^f 2 ka-ni-to / $vest.
3112	KN Db 1460	KN Db 1460, _________ u-ta-jo ma-di-qo / da-wo _ OVIS^m 67 _ OVIS^f 33
3113	KN Db 1464	KN Db 1464, _________ we-we-si-jo-jo _ OVIS^m 38 _ OVIS^f 62 a-nu-ko / pa-i-to ________ k°i°-r°i°-jo-te
3114	KN Db 1507	KN Db 1507, ___________ OVIS^m 38 _ OVIS^f 6°2° na-wi-ro / pa-i-to _______ [ _ ] $vac.
3115	KN Db 2020	KN Db 2020, ] _____________ OVIS^m 40[ ___ ] OVIS^f 20[ ]ru-wo-i-ko , / __ su-ri[-mo _ ] _$vac. _[
3116	KN Db 5041	KN Db 5041, ] ____________ OVIS^m 110 _ OVIS^f 10 _ ]t°u°-ni-ja , _ [ _ ] $vac.
3117	KN Db 5212	KN Db 5212, o-n°a°-ja / ra-to _ OVIS^m 77 _ OVIS^f 23
3118	KN Db 5231	KN Db 5231, *4°9°-wo / ra-to _ OVIS^m 81° _ OVIS^f 1°9
3119	KN Db 5272	KN Db 5272, _________ [ __ ] _______ ki-ri-jo-te ru-ta₂ / ra[ __ ]OVIS^m 40 _ OVIS^f 60
312	KN Sc(3) 252	KN Sc(3) 252, we-wa-do-ro _ TUN 2 _ BIG 1 _ EQU '$ZE' 1[ ↓ a°-mi-ni-si-jo _________________________[
3120	KN Db 5274	KN Db 5274, ]OVIS^m 195° _ OVIS^f 5
3121	KN Db 5310	KN Db 5310, ______________________ OVIS^m 76 _ OVIS^f 24 e-q°a°-jo , / ku-ta-to ,
3122	KN Db 5352	KN Db 5352, ko-ti , / ku-ta-t°o° _ OVIS^m 80 _ OVIS^f 20
3123	KN Db 5359	KN Db 5359, _________________ u-ta-jo _ OVIS^m 111 _ OVIS^f 19 [•]-ma-na-so , / ra-su-to
3124	KN Db 5367	KN Db 5367, u-ro₂ / ra-to _ OVIS^m 57 _ OVIS^f 23
3125	KN Db 5385	KN Db 5385, ]OVIS^f 44
3126	KN Db 5680	KN Db 5680, ] ___ O°V°I°S°^m° 125 _ OVIS^f 25 ___ ] _______ e-ra
3127	KN Db 5715	KN Db 5715, ____________________ OVIS^m[ _________ ] [•-•-]ti-jo , / da-*22[-to _________ ]O°V°I°S°^f° 15
3128	KN Db 7107	KN Db 7107, _____ ] _ OVIS^m[ _ ]3°1 __ OVIS^f 9 __ da-]wo , ________ [[ $pa OVIS^m [ _ ] __ ]]
3129	KN Db 7108	KN Db 7108, _____ [ ___ ] OVIS^m[ _ ]6 _ OVIS^f 24 $vest.[ _ / _ ]j°a°
313	KN Sc(5) 253	KN Sc(5) 253, i-sa-wo _ [[TUN]] _ BIG[
3130	KN Db 7118	KN Db 7118, ] _____________ OVIS^m 78 _ OVIS^f 22 ]ma / qa-na-no-to
3131	KN Db 7164	KN Db 7164, _ ] _ OVIS^m 100 _ OVIS^f 11° u-]ta-jo-jo
3132	KN Db 7172	KN Db 7172, ________________ OVIS^m 8°9° _ OVIS^f 11 i°-p°a°-[ _ ] / [ __ ]-to
3133	KN Db 7211	KN Db 7211, ] OVIS^f 12
3134	KN Db 7785	KN Db 7785, $sup. $mut. ______ ]-si-jo[ ] , da-wo ___ [ _ ]O°V°I°S°[^m] 4°3° OVIS^f° 2[
3135	KN Db 8352	KN Db 8352, si-ra-ko ,° / ra-ja _ OVIS^m 176 _ OVIS^f 24
3136	KN Db 8360	KN Db 8360, ]-zo , / ra-su-to _ OVIS^m 92 _ / _ OVIS^f 8
3137	KN Dc 926	KN Dc 926, ] _____ OVIS^m 129 _ $pe OVIS 1 [ ]pu-so ________ ×____________ [
3138	KN Dc 1117	KN Dc 1117, _____________ da-mi-ni-jo ,° _ OVIS^m 50 wa-*86-re / ku-ta-to _____ $pe OVIS^m 50
3139	KN Dc 1118	KN Dc 1118, ______________ da-mi-ni-jo ______OVIS^m 77 wa-du-na-ro / ku-ta-to , ______$o OVIS^m 23
314	KN Sc(3) 254	KN Sc(3) 254, pa-wa-wo _ TUN 2 _ BIG[
3140	KN Dc 1122	KN Dc 1122, _________ da-mi-ni-jo , ____ OVIS^m 30 a-nu-ko / ku-ta-to , ____ $pe OVIS^m 20
3141	KN Dc 1129	KN Dc 1129, _______________ u-ta-jo _ OVIS^m 37 po-ro-u-te-u / da-*22-to , _ $o OVIS^m 63
3142	KN Dc 1130	KN Dc 1130, _______________ u-ta-jo __ OVIS^m 80 ta-ra-to-no , / da-*22-to , _ $o OVIS^m 20
3143	KN Dc 1148	KN Dc 1148, ] ________ OVIS^m 95 _ $pe OVIS^m 5 ]ma-ro , / da-*22-to
3144	KN Dc 1154	KN Dc 1154, ________________ we-we-si-jo-jo _ OVIS^m 91 wo-*82-ni-jo , / da-wo , _____ $o OVIS^m _ 9
3145	KN De 1167	KN De 1167, ___________ we-we-si-jo-jo _ OVIS^m 157 _ O°V°I°S°^f°[ da-ja-ro , / _ di-ro , ________ $o OVIS^m 1 ___ [
3146	KN Dc 1203	KN Dc 1203, pa-ja-so , / ra-ja _ OVIS^m 130 _ $o OVIS^m 3°0
3147	KN Dc 1220	KN Dc 1220, da-ra-mu-ro , / *56-ko-we _ OVIS^m 89 _ $pe OVIS^m 11
3148	KN Dc 1228	KN Dc 1228, ____________________ OVIS^m 71 no-da-ro / *56-ko-we , $pe OVIS^m 29
3149	KN Dc 1270	KN Dc 1270, _________________________ OVIS^m 92 ______ [° a-ku-di-ri-jo / e-ko-so _ $o OVIS^m 4°8 __ [°
315	KN Sc(3) 255	KN Sc(3) 255, di-so _ TUN 2 _ BIG[ ↓ ____________ po-*34[
3150	KN Dc 1298	KN Dc 1298, ___________ ki-ri-jo-te a-te-mo , / e-ra , ____ OVIS^m 93 _ $pe OVIS^m 7
3151	KN Dc 1303	KN Dc 1303, _____________ a-te-jo ______ OVIS^m 50 __ [° de-ni-mo , / do-ti-ja , _ $o OVIS^m 50 ___ [°
3152	KN Dc 1337	KN Dc 1337, ______________ a-te-jo __ OVIS^m 70[ ku-ka-no , / pu-na-so ,° $o OVIS^m 30 _ [
3153	KN Dc 1359	KN Dc 1359, ______________________ OVIS^m 87 _ $pe OVIS^m 13 _ [ e-ra-to , / *5°6°-k°o°-w°e° ,° ______________________ [
3154	KN Dc 1364	KN Dc 1364, ______________ OVIS^m 99 _ $pa OVIS^m 1[ se-me-tu-ro / e-ra __________________ [
3155	KN Dc 1369	KN Dc 1369, ] _ u-ta-jo __] ra-ja , _ OVIS^m 80 _ $o OVIS^m 20
3156	KN Dc 1403	KN Dc 1403, ___________________________ OVIS^m 93 _____ [ wi-*65-te-u , / *56-ko-we , $pe OVIS^m 7 [
3157	KN Dc 1419	KN Dc 1419, ____________ OVIS^m 42 _ $pe OVIS^m 58 da-*83-jo
3158	KN Dc 1515	KN Dc 1515, ________________ OVIS^m 48° _ $o OVIS^m 2 qi-nwa-so , / da-wo , ki-ri-jo-t°e°
3159	KN Dc 5030	KN Dc 5030, ]OVIS^m 50 _ $o OVIS^m 80[°
316	KN Sc(3) 256	KN Sc(3) 256, a-ka-to _ TUN 2 _ BIG[ ]1 _ EQU '$ZE' 1 ↓ __________ a-re-ka-t°u°[-]r°u°-wo _ T°
3160	KN Dc 5190	KN Dc 5190, ]° _________________ OVIS^m 80 _____________ [ ]°de-a-ta , / *56-ko-we ____ $pe OVIS^m 20 __ [
3161	KN Dc 5228	KN Dc 5228, _________________ OVIS^m 46 wo-wo , / ku-ta-to ________ $pa OVIS^m 4
3162	KN Dc 5250	KN Dc 5250, ]OVIS^m _ 128 _ $pa OVIS^m[
3163	KN Dc 5392	KN Dc 5392, ] _ OVIS^m° 70 _______ [ ______ ]$o OVIS^m 130[
3164	KN Dc 5677	KN Dc 5677, __________ OVIS^m 60 _ $pe OVIS^m 40 pu-da-so / ru-ki-to
3165	KN Dc 5687	KN Dc 5687, ]° _______ a-te[-jo _ ] OVIS^m 35 ]°to-ro / se-to-i-ja , $o OVIS^m 65
3166	KN Dc 5771	KN Dc 5771, ] , *56-ko-we , _ OVIS^m 90 _ $pe OVIS^m 10
3167	KN Dc 5812	KN Dc 5812, _____________ [ _ ki-]ri-jo-te su-po / $vest.[ _____ ]OVIS^m 90 _ $o OVIS^m 10[_] $vac.
3168	KN Dc 7161	KN Dc 7161, ______________ u-ta-jo-jo , _ OVIS^m 94 ___ [ [•]-to , / ku-ta-to _________ $o OVIS^m 6
3169	KN Dc 8080	KN Dc 8080, ] _ [[OVIS^m]] _ pe-ko _ OVIS^m 20 ] _ ru-ki-t°o° _______ $pa OVIS^m 1°0°
317	KN Sc 257	KN Sc 257, ka-ro-qo _ BIG 1 _ [ qa-*83-to _ $DA 3 [ __ $vacat________ [
3170	KN Dc 8294	KN Dc 8294, ]po-[•] , / [ _____ OVIS^m] 40_ $o OVIS^m 20
3171	KN Dc 8354	KN Dc 8354, ________ OVIS^m 97 _ $p°e° OVIS^m° 3 du-to⸤ ⸥ / r°u°-ki-to
3172	KN Dd 659	KN Dd 659, ]° ______________ ‹OVIS^m› 69 _ OVIS^m 30 _ [ ]°e-ke-me-de , / tu-ni-ja , $pa OVIS^m 1
3173	KN Dd 1106	KN Dd 1106, ]° ___________ OVIS^m 175 _____ OVIS^f 15 [° ]°re-me-to , / su-ri-mo _ $pa OVIS^m 10
3175	KN Dd 1149	KN Dd 1149, _________________________ OVIS^m 34 _ OVIS^f [ e-u-ko-ro , / da-*22-to , ______ $pa OVIS^m 1[
3176	KN Dd 1150	KN Dd 1150, ]° _________________ OVIS^m 70 _____ OVIS^f 29 ]°qa-ra-su-ti-jo / da-*22-to _ $pa OVIS^m _ 1
3177	KN Dd 1157	KN Dd 1157, ____________ we-we-si-jo-jo _ OVIS^m 56 _ OVIS^f 42 a-wo-ti-jo / pa-i-to , ___ $pa OVIS^m  2
3178	KN Dd 1171	KN Dd 1171, ___________ OVIS^m 20 _ OVIS^f 72 po-ro / pa-i-to ___ $pa OVIS^m 8
3179	KN Dd 1193	KN Dd 1193, ] ___________________ OVIS^m 132 _ OVIS^f 56 ]du-ro , / ra-to , ________ $pa OVIS^m 12
318	KN Sc(3) 258	KN Sc(3) 258, ]pa-ra'-ko' _ 1° _ pa-wa-so _ 1° _ TUN 1 [ ]TUN 1 _ i-ka-se _ 1° _ di-ka[ ↓ ] ___________________ ku-ne[
3180	KN Dd 1201	KN Dd 1201, ______________ OVIS^m 34 _ OVIS^f 60 du-ni , / ra-ja _ $pa OVIS^m 6 _ [[$pe OVIS^m° 4°]]
3181	KN Dd 1207	KN Dd 1207, _____________________ OVIS^m 77 _ OVIS^f 22[° o-ne-u , / ri-jo-no , ______ $pa OVIS^m 1 _[°
3182	KN Dd 1218	KN Dd 1218, ________________ OVIS^m 48 _ OVIS^f 46 _ [ o-wi-ro / *56-ko-we ____ $pa OVIS^m 6 __ [
3183	KN Dd 1244	KN Dd 1244, _________ ] OVIS^m 74 _ OVIS^f 25 ] ,° tu-ri-so _ $pa OVIS^m 1 ____ [
3184	KN Dd 1271	KN Dd 1271, ________________ OVIS^m 86 _ OVIS^f 13 du-ni , / e-ko-so , _ $pa OVIS^m 1
3185	KN Dd 1281	KN Dd 1281, ____________ OVIS^m 87 _ OVIS^f 11 pa-ti , / ru-ki-to , $pa OVIS^m  2
3186	KN Dd 1283	KN Dd 1283, ____________ OVIS^m 69 ____ OVIS^f 36 qa-sa-ko / ru-ki-to __ $pa OVIS^m _ 5
3187	KN Dd 1284	KN Dd 1284, __________________ OVIS^m 71 __ OVIS^f 27 wi-su-ro , / ru-ki-to , $pa OVIS^m 2
3188	KN Dd 1286	KN Dd 1286, ____________ OVIS^m 74 __ OVIS^f 20 u-wa-ta / ru-ki-to , $pa OVIS^m 6
3189	KN Dd 1291	KN Dd 1291, __________ OVIS^m 50 _ OVIS^f 46 qi-zo / ru-ki-to __ $pa OVIS^m 14
319	KN Sc 259	KN Sc 259, ]EQU '$ZE' 1 _ TUN 2
3190	KN Dd 1296	KN Dd 1296, ______________ OVIS^m 9°7 _ OVIS^f 12 ma-ra-pi-jo / ru-ki-to _ $pa OVIS^m 1 ↓ _________________________ a
3191	KN Dd 1300	KN Dd 1300, ___________________ OVIS^m 34 _ OVIS^f 60 ra-u-ra-ta / do-ti-ja _ $pa OVIS^m 6
3192	KN Dd 1306	KN Dd 1306, _________________ OVIS^m 43 _ OVIS^f [ ku-ke-so / do-ti-ja _ $pa OVIS[^m
3193	KN Dd 1342	KN Dd 1342, ]ra-to-jo ___________ OVIS^f 30 ]pa-i-to _ OVIS^m 267 _ $pa OVIS^m 3
3194	KN Dd 1366	KN Dd 1366, ] ______ OVIS^m 72 _ OVIS^f 27 ]n°a° / da-wo_________ $pa OVIS^m 1
3195	KN Dd 1374	KN Dd 1374, ___________________ OVIS^m 72 _ OVIS^f 24 ma-ta-u-ro / ri-jo-no _ $pa OVIS^m 4
3196	KN Dd 1376	KN Dd 1376, _________________ OVIS^m 70 _ OVIS^f 51[ po-me , / pu-na-so ______ $pa OVIS^m 21[
3197	KN Dd 1380	KN Dd 1380, ]° _____________________ OVIS^m 108 _ OVIS^f 8 ]° te-ru-ro / da-*22-to _______ $pa OVIS^m 4
3198	KN Dd 1402	KN Dd 1402, _______________ OVIS^m 52 ______ OVIS^f 46[ wi-da-ka-so , / su-ri-mo _ $pa OVIS^m 2 _ [
3199	KN Dd 1418	KN Dd 1418, _____ [ _____________ ]3° __ OVIS^f 40[ po-ri-[ _______________ ] $pa OVIS^m 1°[
32	KN Nc 8173	KN Nc 8173, ]zo ____ M 3°[
320	KN Sc 260	KN Sc 260, ]jo _ TUN 1 _ BIG[
3200	KN Dd 1425	KN Dd 1425, ______________ OVIS^m 80 _ OVIS^f 16 ke-*83-*18 ____________ $pa OVIS^m 4
3201	KN Dd 1429	KN Dd 1429, ] _________ u-ta-jo _ OVIS^m 54 _ OVIS^f 43 ]za-ra-ro / pa-i-to _ $pa OVIS^m 3
3202	KN Dd 1468	KN Dd 1468, a-te-i-ja-ta / ku-ta-to _ OVIS^m 40 _ OVIS^f 52°[ ] / $pa OVIS^m[
3203	KN Dd 1511	KN Dd 1511, ]° _______________ OVIS^m 51 _ OVIS^f 40[ ]°o-na-jo / tu-ni-ja , _ $pa OVIS^m 9 _____ [ ↓ ]°s°i° _________________________________ [
3204	KN Dd 1579	KN Dd 1579, ] ____ we-we-si-jo _ OVIS^m 62 _ OVIS^f 36 [ ]t°i° / _ da-ra-ko ____________ $pa OVIS^m 2 [
3205	KN Dd 1592	KN Dd 1592, _________________ OVIS^m 32 _ OVIS^f 62 u-ta-no ,° / ra-to _______ $pa OVIS^m 6
3206	KN Dd 2010	KN Dd 2010, _____________ OVIS^m 57 _ OVIS^f 28 di-ka-ta-ro / su-ri-mo , $pa OVIS^m 15
3207	KN Dd 5012	KN Dd 5012, OVIS^m ]20 ____ OVIS^f 79 _____ ]ra _ $pa OVIS^m _ 1
3208	KN Dd 5105	KN Dd 5105, _______________ OVIS^m 96 __ OVIS^f 8 __ [° i-se-we-ri-jo / e-ra __ $pa OVIS^m 6 ___ [°
3209	KN Dd 5174	KN Dd 5174, ]° ______________ OVIS^m 78 _ OVIS^f 10[ ]°da-na-ro , / pa-i-to _ $pa OVIS^m 6 [
321	KN Sc(1) 261	KN Sc(1) 261, a-*64-jo _ TUN[
3210	KN Dd 5262	KN Dd 5262, ] _ OVIS^m 7°5 _ OVIS^f 24 ] , _____ $pa OVIS^m 1
3211	KN Dd 5344	KN Dd 5344, ] _ OVIS^m 90 _ _ OVIS^f 22 ] _ su-ri-mo __ $pa OVIS^m 2
3212	KN Dd 5383	KN Dd 5383, OVIS^m ]88 _ OVIS^f 1°0°[ ]ja ___ $pa OVIS^m 1 _ [
3213	KN Dd 5692	KN Dd 5692, ]OVIS^m 33 _ OVIS^f[ ] ______ $pa OVIS^x[
3214	KN Dd 7105	KN Dd 7105, ] ________________ OVIS^f° 27 ]so _ OVIS^m 101 ______ $pa OVIS^m 2
3215	KN Dd 7170	KN Dd 7170, ] OVIS^m 38 __ OVIS^f 60[ _ ] $pa OVIS^m 1 ______ [
3216	KN Dd 8690	KN Dd 8690, ]OVIS^m 30 _ OVIS^f 19° _ [ ]$vest.[ _ ] $pa OVIS[^m $inf. $mut.
3217	KN De 1084	KN De 1084, ]° _________ a-ka-i-jo ]° ko-ti / pa-i-to , _ OVIS^m 34 _ OVIS^f 4 _ $o OVIS^m 2
3218	KN De 1109	KN De 1109, ] _______ u-ta-jo ____ OVIS^m 79 _ OVIS^f 21[ ]te-to / ku-ta-to _ $o OVIS^m 100
3219	KN De 1112	KN De 1112, ____________________ OVIS^m 57 ___ OVIS^f 23 a-ko-mo-ni-jo , / ku-ta-to ____ $o OVIS^m 20
322	KN Sc 262	KN Sc 262, ]BIG 1 _ EQU 1 [
3220	KN De 1136	KN De 1136, ]° ___________ u-ta-jo ___ OVIS^m 58 _ OVIS^f 32 ]°we-ra-to , / e-ko-so _ $o OVIS^m 10
3221	KN De 1138	KN De 1138, ___________ u-ta-jo-jo _ OVIS^m 1°0°3° _ OVIS^f 88° si-ta-ro / da-wo ________________ $o OVIS^m 9
3222	KN De 1141	KN De 1141, ]OVIS^m 188 _ OVIS^f[ ]ra , u-ta-jo-jo , $o°[ OVIS^m
3223	KN De 1151	KN De 1151, ]° ______________ we-we-si-jo _ OVIS^m 264 _ OVIS^f 22 ]°su-di-ni-ko , / da-*22-to , ______ $o OVIS^m 14
3224	KN De 1152	KN De 1152, ____________ we-we-si-jo-jo _ OVIS^m 46 _ OVIS^f 22 ko-ro , / da-*22-to , _____________ $o OVIS^m 12
3225	KN De 1153	KN De 1153, _____________ we-we-si-jo-jo , OVIS^m 75 _ OVIS^f 3 da-ta-ja-ro / da-*22-to _____ $o OVIS^m 2
3226	KN De 1169	KN De 1169, _______ we-we-si-jo __ OVIS^m 36 _ OVIS^f 16 ka-to / da-ra-ko , __ $o OVIS^f 68 ↓ __________ 6°8
3227	KN De 1231	KN De 1231, _____________________ OVIS^m 81 __ OVIS^f 17 da-i-ta-ra-ro ,° / ti-ri-to , pe-ri-qo-te-jo , $o OVIS^m 2
3228	KN De 1254	KN De 1254, ___________ OVIS^m 69° ____ OVIS^f 19 ku-ja-ro / _ qa-ra ___ $o OVIS^m 12
3229	KN De 1255	KN De 1255, ___________________ OVIS^m 5°1 _ OVIS^f [ me-ri-wa-ta , / _ qa-ra ___ $o° O°V°I°S°[^m
323	KN Sc(1) 263	KN Sc(1) 263, si-mo _ TUN[
3230	KN De 1260	KN De 1260, _______________ OVIS^m 277 _ OVIS^f 14 ka-mi-ni-to / _ qa-ra ___ $o OVIS^m 9
3231	KN De 1264	KN De 1264, _____________ OVIS^m 48 __ OVIS^f 41[ qi-si-ta / _ qa-ra _ $o OVIS^m 11 _ [
3232	KN De 1269	KN De 1269, ______________ OVIS^m 48 __ OVIS^f 44[ ta-u-na-so / _ qa-ra , _ $o OVIS^m _3[
3233	KN De 1287	KN De 1287, ]° ____________ OVIS^m 80 __ OVIS^f 38 ]°ka-wa-ro / r°u°-ki-to ___ $o OVIS^m 82
3234	KN De 1294	KN De 1294, _______________ OVIS^m 20 ____ OVIS^f 10 qe-da-do-ro , / ru-ki-to ,° $o OVIS^m 70 → ____ pe
3235	KN De 1301	KN De 1301, _____________a-te-jo , __ OVIS^m 28 _ OVIS^f 22 ja-ti-ri , / do-ti-ja , $o OVIS^m 50
3236	KN De 1307	KN De 1307, ____________ a-te-jo _ OVIS^m 6°3[ ] _ OVIS^f 1°4°[ a-ra-ko , / do-ti-ja _ $o OVIS^m [ ] _ $vacat ____ [
3237	KN De 1322	KN De 1322, pe-ri-]qo-te-jo _ OVIS^m 59 _ OVIS^f 7 __________ ] ___________ $o OVIS^m 34
3238	KN De 1361	KN De 1361, te-]ra-po-si-jo , __ OVIS^m 80 _ OVIS^f 8 _____ ]d°a°-w°o° ______ $o OVIS^m 12
3239	KN De 1362	KN De 1362, _______ OVIS^m 170 _ OVIS^f 20 a-nu-mo / qa-ra __ $o OVIS^m 10
324	KN Sc 264	KN Sc 264, ]BIG 1 _ EQU '$ZE' 1
3240	KN De 1371	KN De 1371, _______________ te-ra-po-si-jo , _ OVIS^m 80 _ OVIS^f 8 o-to-ro-qa , / da-wo _____ $o OVIS^m 12
3241	KN De 1381	KN De 1381, ____________ e-me-si-jo , _ OVIS^m 192 _ OVIS^f 8 mo-qo-so / _ pu-na-so ____ $o OVIS^m 20
3242	KN De 1383	KN De 1383, ] ___ u-ta-jo-jo , _ OVIS^m 66 _ OVIS^f 19 ]r°o° / ku-ta-to , _ $o OVIS^m 25
3243	KN De 1398	KN De 1398, ____________ OVIS^m 75 ________ OVIS^f 5 se-do , / _ ra-ja[  ]u-ta-jo , $o OVIS^m 20
3244	KN De 1409	KN De 1409, ___________________ OVIS^m 71 _ OVIS^f 2 ta-de-so ,° / e-ko-so ____ $o OVIS^m 47
3245	KN De 1424	KN De 1424, _____________ OVIS^m 57 _ OVIS^f 42 ja-ra-to / q°a°-ra _____ $o OVIS^m 1
3246	KN De 1472	KN De 1472, _________________ OVIS^m[ __ ]5 _ OVIS^f 21[ a-ko-mo-ni-jo , / ku-ta-to ___ $o OVIS^m 20
3247	KN De 1510	KN De 1510, ]° _________ a-te-jo _ OVIS^m 9°3° _ OVIS^f 20 ]°o-ra ,° / do-ti-ja _______ $o OVIS^m 7
3248	KN De 1585	KN De 1585, ] _ OVIS^m 110 _ OVIS^f 3 ] , ____ $o OVIS^m 37
3249	KN De 1618	KN De 1618, __________ [_____]-j°o°[__] ,° _ OVIS^m 47 _ OVIS^f 37 [[3°]] ta-na-to , / e-ko-so , _______________ $o OVIS^m 16 [[2]]
325	KN Sc(4) 266	KN Sc(4) 266, ]TUN+$QE 1 _ $QE $ZE 1
3250	KN De 1648	KN De 1648, ___________ we-we-si-jo-jo , _ OVIS^m 58 _ OVIS^f 2 a-te-mo , / ku-ta-to _______ $o OVIS^m 50
3251	KN De 5018	KN De 5018, ____________________ OVIS^m 78 _ OVIS^f 14 ka-da-i-so / do-ti-ja ____ $o OVIS^m 8
3252	KN De 5032	KN De 5032, ___________________ OVIS^m 9°8° ___ OVIS^f 31 ta-di-*22-so , / _ qa-ra , ___ $o OVIS^m 1 __ [
3253	KN De 5336	KN De 5336, ] ________ OVIS^m 6 ____ OVIS^f 29 ]$vest., / su-ri-mo , u-ta-jo-jo , $o OVIS^m 85[_] $vac.
3254	KN De 6060	KN De 6060, ____________ pe-r°i°[-qo-te-jo __]OVIS^m 165 _ OVIS^f 33 pe-po-ro , / ri-j°o°-n°o°[__ _____] $o OVIS^m 2 ____ [
3255	KN De 7096	KN De 7096, _________________________________ OVIS^f 1 a-ke-u / ra-ja _ OVIS^m 9°7° _ [ _ ] OVIS^m 2
3256	KN De 7203	KN De 7203, ] ______ u-ta-jo-jo _ OVIS^m 2 __ OVIS^f 1°3[ ]$vest. / e-ra _____ $o OVIS^m 8°5 __ [
3257	KN Df 1119	KN Df 1119, ____________ da-mi-ni-jo , _ OVIS^m 56 _ OVIS^f 17° de-ke-se-u / ku-ta-to , _ $pe OVIS^m 27°
3258	KN Df 1120	KN Df 1120, ]° ________ da-mi-ni-jo ___ OVIS^m 4°0° _ OVIS^f 36 ]°u-*56 , / ku-ta-to , _ $pe OVIS^m 24
3259	KN Df 1121	KN Df 1121, ___________ da-mi-ni-jo , _ OVIS^m 143 _ OVIS^f 36 ti-mi-za / ku-ta-to , _ $pe OVIS^m _ 21
326	KN Sc 1644	KN Sc 1644, ] TUN 2 _ BIG[
3260	KN Df 1187	KN Df 1187, ]ri-jo , / ra-to , _ OVIS^m 54° OVIS^f 42 $pe OVIS^m '2°['
3261	KN Df 1210	KN Df 1210, ________________ OVIS^m 64 _ OVIS^f 20[ ku-do / ri-jo-no , _____ $pe OVIS^m 1°[
3262	KN Df 1219	KN Df 1219, ___________________ OVIS^m 8 _ OVIS^f 23 ka-*56-no / *56-ko-we , $pe OVIS^m 19
3263	KN Df 1222	KN Df 1222, ]° _______________ OVIS^m 24[_] _ OVIS^f 35 ]°de-a-ta / *56-ko-we ___ $pe OVIS^m 40
3264	KN Df 1223	KN Df 1223, _ ] _______________ OVIS^m 37 _ OVIS^f 51[ a-]ko-ro-da-m°o° / *56-ko-we $pe OVIS^m 12 _ [
3265	KN Df 1229	KN Df 1229, ______________________ OVIS^m 25 _ OVIS^f 5°0[ a-ra-si-jo / *56-ko-we , ____ $pe OVIS[^m
3266	KN Df 1230	KN Df 1230, ____________ OVIS^m 62 OVIS^f 2°0[ ka-pte / *56-ko-we , $pe OVIS^m 11[
3267	KN Df 1233	KN Df 1233, _____________ OVIS^m 70 _ OVIS^f 27 pu-nu-so / ti-ri-to _ $pe OVIS^m 3
3268	KN Df 1285	KN Df 1285, ____________ OVIS^m 50 ___ OVIS^f 24 ta-de-so / ru-ki-to , $pe OVIS^m 26
3269	KN Df 1290	KN Df 1290, ____________ OVIS^m 56 _ OVIS^f 4 sa-sa-jo / ru-ki-to , $pe OVIS^m 40
327	KN Sc(3) 1651	KN Sc(3) 1651, ]BIG 1 _ EQU[
3270	KN Df 1325	KN Df 1325, __________________ OVIS^m 68 _ OVIS^f 25 a-re-ta₂ / su-ki-ri-ta , $pe OVIS^m 4°[
3271	KN Df 1360	KN Df 1360, _________________ OVIS^m 36 _ OVIS^f 56 qe-ri , / do-ti-ja _ $pe OVIS^m 8
3272	KN Df 1469	KN Df 1469, ____________ OVIS^m 70 __ OVIS^f 3 a-si-wi-jo / ru-ki-to $pe OVIS^m 17
3273	KN Df 1589	KN Df 1589, ] __ OVIS^f 57° ] $pe OVIS^m 7
3275	KN Df 1602	KN Df 1602, te-mi , / ra-to _ OVIS^m 48 _ OVIS^f 44 _ $pe OVIS^m 8
3276	KN Df 5182	KN Df 5182, _____ ] ____ OVIS^m 23 _ OVIS^f 69 *56-]k°o°-we , _______ $pe OVIS^m  8
3277	KN Df 5198	KN Df 5198, ]° ______________ O°V°I°S°^m° 32 __ OVIS^f 61 _ $pe OVIS^m 5[ ]°wi-na-jo , / ra-[____] _ ki-ri-jo-te ___ [
3278	KN Df 5211	KN Df 5211, ku-jo , / ra-to , OVIS^m 40 _ OVIS^f 52 _ $pe OVIS^m 8
3279	KN Df 5260	KN Df 5260, ____________ ]2°8° ______ OVIS^f 52[ ] tu-ni-ja , _ $pe OVIS^m 10 ____ [
328	KN Sc 5046	KN Sc 5046, ]si-jo _ [[TUN]] _ BIG[
3280	KN Df 5275	KN Df 5275, ]ti / ri-jo-no _ OVIS^m 81 _ OVIS^f 16 _ $pe OVIS^m 3  [°
3281	KN Df 5391	KN Df 5391, ] _ OVIS^m 110 _ OVIS^f 40[ ] _ su-ri-m°o° ____ $pe OVIS^m 4 [
3282	KN Df 5406	KN Df 5406, ] ________________________________ $pe OVIS^m [ ]jo-r°o° / , r°a°-s°u°-t°o° _ OVIS^m 31 OVIS^f 63°[
3283	KN Df 7173	KN Df 7173, _______________ O°V°I°S°^m° 62° _ OVIS^f 24 s°i°-[•]-w°o° / *5°6°-[•]-we _ $p°e° OVIS^m[ _ ]4
3284	KN Df 7188	KN Df 7188, ]1 __ O°V°I°S°^f° 44[ ] ___ $pe OVIS^m 2 _ [
3285	KN Dg 1101	KN Dg 1101, _____________ OVIS^m 29 _____________ OVIS^f 45 qa-i-po , / su-ri-mo , $pe OVIS^m 2 _ $o OVIS^m 24
3286	KN Dg 1102	KN Dg 1102, ___________ OVIS^m 47 ___ [__] OVIS^m 52°[ a-tu-ko / su-ri-mo ______ $pa OVIS^m 1
3287	KN Dg 1107	KN Dg 1107, __________________ OVIS^m 76 ________________ OVIS^m[ a-du-ru-po-to / su-ri-mo , $pa OVIS^m 1 _ $pe OVIS^m[
3288	KN Dg 1158	KN Dg 1158, ______________ we-we-si-jo , _ OVIS^m 63 _ OVIS^f 25 a-ni-ja-to , / pa-i-to , ___________ $pa OVIS^m 2 $o OVIS^m 10
3289	KN Dg 1226	KN Dg 1226, ___________________ OVIS^m 62 _ OVIS^f 10 a-ze-o , / *56-ko-we , _ OVIS^m 28 → ___________________________ a°
329	KN Sc(2) 5057	KN Sc(2) 5057, ]BIG 1
3290	KN Dg 1235	KN Dg 1235, ________________________ OVIS^m 66 _ OVIS^f 16 qa-ra₂-ti-jo / ti-ri-to ___ $pe OVIS^m 16 _ $o OVIS^m 2
3291	KN Dg 1248	KN Dg 1248, _______________ OVIS^m 84 __ OVIS^m 11 _ [ ki-ri-ne-to / tu-ni-ja _ $pe OVIS^m 5 → ____________ ru _______________ ka
3292	KN Dg 1278	KN Dg 1278, _________ OVIS^m 55° ______ OVIS^f 11 ti-ja / ru-ki-to _ $pa OVIS^m 4 _ $pe OVIS^m 30
3293	KN Dg 1280	KN Dg 1280, ___________ OVIS^m 39 _______ OVIS^f 11[ si-ni-to / ru-ki-to _ $pa OVIS^m 10 _ $pe OVIS^m 40  [
3294	KN Dg 1316	KN Dg 1316, _______________ OVIS^m 60 ____ OVIS^f 30 _____ [ si-ta-ro , / qa-mo , $pa OVIS^m 8 _ $pe OVIS^m 2[
3295	KN Dg 1318	KN Dg 1318, ] ___________ OVIS^m 92 _ $pa OVIS^m 4 ]t°a°-ro , / _ qa-mo _____ $o OVIS^m 4
3296	KN Dg 1438	KN Dg 1438, ___________ OVIS[[^m]] 50 __ OVIS^f 15 ru-ma-no / s°u°-ri-mo _ $pa OVIS^m 2 _ $pe OVIS^m 3
3297	KN Dg 5280	KN Dg 5280, ]31 ____________ OVIS^f 5°0[ ] _ $p°a° OVIS^m 8° _ $pe OVIS^m 1°[
3298	KN Dh(1) 1240	KN Dh(1) 1240, _________ '$ne' $ki OVIS^m 82 _ $pe OVIS^m 18 ko-ku , / ti-ri-to ,
3299	KN Dh(1) 1243	KN Dh(1) 1243, ] _______ $ki OVIS^m 100 __ [[OVIS^f]] ]e-to , / tu-ri-so
33	KN Nc 8175	KN Nc 8175,  e-si-[  o-pe[
330	KN Sc 5058	KN Sc 5058, ]°d°a°-nwa-re _ BIG _ 1 _ E°Q°U°[
3300	KN Dh(1) 1406	KN Dh(1) 1406, __________ $ki OVIS^m 75° _ $p°e° OVIS^m 10[ _ ] $vacat su-ma-no / ti-ri-to _ [ __ $vestigia? __ ] $vacat
3301	KN Dh(2) 1646	KN Dh(2) 1646, ka-ni-to , / e-ko-so , _ $ki OVIS^m 1°0°[
3302	KN Dh(2) 7128	KN Dh(2) 7128, ] _ u-ta-no , $ki OVIS^m [
3303	KN Dh(2) 7231	KN Dh(2) 7231, ]i°-so , $ki OVIS^m 50 _ L°A°N°A°[
3304	KN Dk 671	KN Dk 671, OVIS^m] 120 _ LANA 28 _ $o LANA 1[ →
3305	KN Dk 727	KN Dk 727, ] _________ e-ko-so _ OVIS^m 100 _ LANA [ ]da-ro , / _______________ × ____ LANA [ ]a₃ _________________________________ [
3306	KN Dk(1) 920	KN Dk(1) 920, ] _________ ko-ma-we-to ]ni-ja-so / da-*22-to _ OVIS^m 60 _ LANA 8 _ $o LANA 7
3307	KN Dk(1) 925	KN Dk(1) 925, ]ko-we-jo _ OVIS^m 1°0°[
3308	KN Dk(1) 931	KN Dk(1) 931, ] ___ ko-ma-we-to ]da / sa-jo , ___ OVIS^m 100 _ LANA 28
3309	KN Dk(1) 936	KN Dk(1) 936, qi-ta-ro , / da-ra-ko _ OVIS^m 25 _ LANA 1°[
331	KN Sc(2) 5059	KN Sc(2) 5059, ]1° _ BIG[
3310	KN Dk(1) 945	KN Dk(1) 945, ] ____________ $vest. ] $vest. / ku-mo-no pa-ro _ OVIS^m 110 _ LANA 8 _ $o LANA 19
3311	KN Dk(1) 951	KN Dk(1) 951, ] OVIS^m 130 _ LANA 26 _ $o°[ LANA
3312	KN Dk(1) 964	KN Dk(1) 964, ___________ $vac.[ da-to-ro / su-r°i°[-mo
3313	KN Dk(1) 969	KN Dk(1) 969, ] ______ si-ja-du-we , [ ]ki-to / __ a-ko-ra[
3314	KN Dk(1) 1049	KN Dk(1) 1049, ] _ ko-ma-we-te[ ] ra-su-to ___ [
3315	KN Dk(2) 1064	KN Dk(2) 1064, ________________ × OVIS^m 100 ____ LANA 7 _ M 1 a-te-i-ja-ta / ku-ta-to ________ LANA 17 _ M 2
3316	KN Dk(2) 1065	KN Dk(2) 1065, ______________ × OVIS^m _ 100 _ LANA 11 _ M 1 ___ [ ka-da-no / ku-ta-to _________$o LANA 13 _ M 2 _ [
3317	KN Dk(2) 1066	KN Dk(2) 1066, ] ______ '$ki' $ne × OVIS^m 200 _ LANA 19 ]t°e°-u / ku-ta-to[ _______________ ] $vacat
3318	KN Dk(2) 1067	KN Dk(2) 1067, ________________ '$ki' $ne × OVIS^m 100 _ LANA 6 _ M 2 a-ko-mo-ni-jo / ku-ta-to ___ [ _ $vestigia __ ]
3319	KN Dk(2) 1068	KN Dk(2) 1068, ] ________ ku-ta-to _ OVIS^m 114 LANA 26 ]-*49-so / ___________ × ______$o LANA_ 2
332	KN Sc(1) 5060	KN Sc(1) 5060, ] _ TUN 2 _ BIG 1 _ EQU '$ZE' 1°[
3320	KN Dk(2) 1069	KN Dk(2) 1069, ] _______ ×° OVIS[^m 100 __ ]L°A°N°A° 1°9 ]ku-ta-to ______ [ _ ] _ $o LANA _ 6
3321	KN Dk(2) 1070	KN Dk(2) 1070, ] _________ × OVIS^m 100 _ LANA 7 ]za-ra-ro / ku-ta-to __ $o LANA 18
3322	KN Dk(2) 1071	KN Dk(2) 1071, ________________ × OVIS^m 50 _ LANA 6 wo-wo / ku-ta-to __________ $o° LANA 6 _ M 1
3323	KN Dk(2) 1072	KN Dk(2) 1072, _________________ × OVIS^m 100 _ LANA 13 _ M 1 ka-te-u / ku-ta-to __________ $o LANA 11 _ M 2
3324	KN Dk(2) 1073	KN Dk(2) 1073, _________________ × OVIS^m 50 _ LANA 6 _ M 2 ka-mi-ni-to / ku-ta-to _____ $o LANA 5° _ M 2
3325	KN Dk(2) 1074	KN Dk(2) 1074, ______________ × OVIS^m 100 _ LANA 19 e-ru-to-ro / ku-ta-to , __ $o LANA 6
3326	KN Dk(2) 1075	KN Dk(2) 1075, ______________ × OVIS^m 100 _ LANA 10[ di-ra-qo / ku-ta-to ______ $o LANA 12[
3327	KN Dk(2) 1076	KN Dk(2) 1076, _____________________ × OVIS^m 200 _ LANA 33 ti-mi-za / da-mi-ni-jo __________ $o LANA 17
3328	KN Dk(2) 1077	KN Dk(2) 1077, _________________ × OVIS^m 100 __ LANA 5[ i-ke-se-ra , / da-mi-ni-jo , _ $o LANA 10[
3329	KN Dk(2) 1320	KN Dk(2) 1320, ] __ × OVIS^m 100 _ [ ] da-mi-ni-jo __ $o [ LANA
333	KN Sc(3) 5061	KN Sc(3) 5061, ]BIG 1°[ ]EQU
3330	KN Dk(2) 1399	KN Dk(2) 1399, ] _________ × OVIS^m[ ]se-u , / da-mi-ni[-jo
3331	KN Dk(2) 1491	KN Dk(2) 1491, ]°wa-du-na-ro[
3332	KN Dk(2) 1565	KN Dk(2) 1565, ]LANA 24 __ [° ]LANA 2 ___ [°
3333	KN Dk(2) 1567	KN Dk(2) 1567, ] _ LANA 6[ ] $o° LANA 12[
3334	KN Dk(2) 1613	KN Dk(2) 1613, ]ku-ta-to _ OVIS^m 123 _ LANA 30 _ M 1[ ] _______ × _________________________ [
3335	KN Dk(1) 2129	KN Dk(1) 2129, ]$o LANA 9
3336	KN Dk(1) 5183	KN Dk(1) 5183, ?LANA ]1 _ $o LANA 2°0°[
3337	KN Dk(2) 5201	KN Dk(2) 5201, ]° _____________ × OVIS^m  100  L°A°N°A°[ ]°ka-ta-w°o° / d°a°-m°i°-n°i°-j°o° $o[ LANA
3338	KN Dk(2) 5233	KN Dk(2) 5233, _ [ ____ ]_________× OVIS^m [ ma-[_____] / ku-ta-to [
3339	KN Dk 5403	KN Dk 5403, ] OVIS^m 98 ______ LANA 1°9 _ M 2° ]OVIS^m 2 _ $o° LANA 4[
334	KN Sc(5) 5062	KN Sc(5) 5062, ]BIG 1 _ EQU '$MO' 1
3340	KN Dk(1) 5464	KN Dk(1) 5464, ]5 _ LANA [
3341	KN Dk(2) 5566	KN Dk(2) 5566, _____ ]OVIS^m 100 _ LANA 9 da-mi-]n°i°-jo ___ $o LANA 16
3342	KN Dk(1) 5731	KN Dk(1) 5731, ]1 _ $o LANA 38[
3343	KN Dk(1) 5733	KN Dk(1) 5733, ]8 _ LANA 21 _ $o LANA[
3344	KN Dk(1) 5768	KN Dk(1) 5768, ]70 _ LANA 1°4° / $o° L°A°N°A°[
3345	KN Dk(1) 7117	KN Dk(1) 7117, ]OVIS^f 80 _ LANA[
3346	KN Dk(1) 7144	KN Dk(1) 7144, ]40 _ LANA 14[ ] OVIS^m 20 _ [
3347	KN Dk(2) 7204	KN Dk(2) 7204, ] _____ OVIS^m 50[ da-]mi-ni-jo __ [
3348	KN Dk(1) 7295	KN Dk(1) 7295, ]OVIS^m 100 _ LANA 18[
3349	KN Dk(1) 7297	KN Dk(1) 7297, ]4° _ $o LANA 7°
335	KN Sc(2) 5065	KN Sc(2) 5065, ]BIG 1 _ EQU [
3350	KN Dk(1) 7299	KN Dk(1) 7299, ]45° _ LANA 4
3351	KN Dk(1) 7300	KN Dk(1) 7300, ]ru-wo _ LANA 2°0°[
3352	KN Dk(1) 7301	KN Dk(1) 7301, ] _ LANA 21°[
3353	KN Dk(1) 7303	KN Dk(1) 7303, ]LANA 9 _ [
3354	KN Dk(1) 7304	KN Dk(1) 7304, ]O°V°I°S°^x 50 _ LANA[
3355	KN Dk(1) 7306	KN Dk(1) 7306, ]56 _ LANA 9°[
3356	KN Dk(1) 7308	KN Dk(1) 7308, ]50 _ LANA 10[
3357	KN Dk(1) 7311	KN Dk(1) 7311, ]OVIS^m 200 _ LANA [
3358	KN Dk(1) 7313	KN Dk(1) 7313, ]4 _ LANA 4°[
3359	KN Dk(1) 7314	KN Dk(1) 7314, ] _ OVIS^m 100 _ LANA 1°0°[
336	KN Sc(3) 5066	KN Sc(3) 5066, ]EQU ___ [
3360	KN Dk(1) 7315	KN Dk(1) 7315, ]1° _ $o LANA 4
3361	KN Dk(1) 7316	KN Dk(1) 7316, ]7°0 _ LANA 1°4°[
3362	KN Dk(1) 7322	KN Dk(1) 7322, ]5°5 _ LANA [
3363	KN Dk(1) 7323	KN Dk(1) 7323, ]7 _ LANA[
3364	KN Dk(1) 7325	KN Dk(1) 7325, ]$o° LANA 3
3365	KN Dk(1) 7327	KN Dk(1) 7327, ]LANA 12 _ $o [ LANA
3366	KN Dk(1) 7328	KN Dk(1) 7328, $sup. $mut. ]1° _ $o LANA [
3367	KN Dk(1) 7329	KN Dk(1) 7329, ]2°0° _ LANA [
3368	KN Dk(1) 7781	KN Dk(1) 7781, ] LANA 20[
3369	KN Dk(1) 7899	KN Dk(1) 7899, ]LANA 2° _ $o[ LANA
337	KN Sc(3) 5068	KN Sc(3) 5068, ]jo _ TUN _ BIG 1°[
3370	KN Dk(1) 7902	KN Dk(1) 7902, _______________ a[ [•]-ki-ro / $vest.[
3371	KN Dk(1) 8018	KN Dk(1) 8018, ]L°A°N°A° 7
3372	KN Dk(2) 8209	KN Dk(2) 8209, ] _____________ × OVIS^m 30[ ]a-nu-ko / da-mi-ni-jo _ [
3373	KN Dk(2) 8353	KN Dk(2) 8353, ____________________ ]2° M° 1 ] $vestigia
3374	KN Dk(2) 8403	KN Dk(2) 8403, ]2°2 ] $vacat?
3375	KN Dk(1) 8463	KN Dk(1) 8463, ]4° _ $o LANA 4°[
3376	KN Dk(1) 8464	KN Dk(1) 8464, ]L°A°N°A° 20 / _ $o LANA[
3377	KN Dl 47	KN Dl 47, ]e-ke , e-u-da-i-ta ________________ OVIS^f 39°[ ]ki-u-ro , / su-ki-ri-ta-pi _ $o $ki OVIS _ 15 [ ↓
3378	KN Dl(1a) 412	KN Dl(1a) 412, ] _____ sa-qa-re-jo _____ OVIS^f 50 _ [ ]d°a° / ka-ru-no _____ $o $ki OVIS^m 50 _ [
3379	KN Dl(1a) 413	KN Dl(1a) 413, ] _ $ki OVIS^m 30 __ LANA 2[ ] ______________ $o LANA 2[
338	KN Sc(1) 5070	KN Sc(1) 5070, ] _ TUN[
3380	KN Dl(1a) 414	KN Dl(1a) 414, __ ]OVIS^f 140 _________ LANA 12 ___ [ $o ]OVIS^f 60 _ $o $ki OVIS^m 200 _ $o LANA [
3381	KN Dl(1) 463	KN Dl(1) 463, ___________________ OVIS^f 4°6° __ $ki OVIS 5 _____ LANA 5 M 1 mi-ti / ku-ta-to $o OVIS^f 35 $o $ki OVIS 45 _ $o LANA 1°0 M 2
3382	KN Dl(1b) 790	KN Dl(1b) 790, ] OVIS^f 60 ___ [[ ____________ ]] ___ $WE[ ]e-ko-so _ $ki OVIS^m 25 _ $o $ki OVIS^m 32°[
3383	KN Dl(1b) 791	KN Dl(1b) 791, ] ____ OVIS^f 70 __ $o OVIS^f 10 __ $W°E°[ ]e-ko-so _ $ki OVIS^m 35 _ $o $ki OVIS^m[
3384	KN Dl(1b) 792	KN Dl(1b) 792, ]° _______ OVIS^f 50 __ [_____________]$vac.[ ]°o-ku / e-ko-so _ $ki OVIS^m 44 _ $o $ki OVIS^m°[
3385	KN Dl(1b) 794	KN Dl(1b) 794, ] sa-qa-re-jo __ OVIS^f 43 ________ LANA  3  M[ ]*56-ko-we-e _ $o OVIS^f 7 _ $o $ki OVIS^m 50 _ $o°[
3386	KN Dl(1b) 916	KN Dl(1b) 916, ______________ OVIS^f 50 _____ [[ ______________ ]] $WE[ di-ta-ka-so / e-ko-so _ $ki OVIS^m 10 _ $o $ki OVIS^m 40[
3387	KN Dl(1a) 928	KN Dl(1a) 928, ] _________ ra-wo-qo-no-jo __ OVIS^f[ ]*56-na-ro / _ da-wo _____ $ki OVIS^x[
3388	KN Dl(1a) 930	KN Dl(1a) 930, ] _____________ po-ti-ni-ja-we-jo _ OVIS^f 50 _ LANA 3  M [ ]m°a°-di-qo / si-ja-du-we _____ $o $ki OVIS^m 50 $o LANA 6  M 2[
3389	KN Dl(1a) 932	KN Dl(1a) 932, _____________ sa-qa-re-jo / a-ko-ro , e-pe-ke  OVIS^f 40 [_] LANA 3 [ qa-ra₂-ro , / ma-so-mo __________________ $o $ki OVIS^m 40 $o L°A°N°A° 5 [
339	KN Sc 5071	KN Sc 5071, ] _ EQU $ZE[
3390	KN Dl(1a) 933	KN Dl(1a) 933, ] ____________ po-ti-ni-ja-we-jo _ OVIS^f 40 _ LANA 3 _ $o LANA 9 ]r°i°-*83-re-to , / si-ja-du-we ___ $o OVIS^f 20 _ $o $ki OVIS^m 60
3391	KN Dl(1b) 934	KN Dl(1b) 934, ] _________ OVIS^f 17° _ $o OVIS^f 19° _ $WE 6 ]j°a° , / e-ko-so , __ $ki OVIS^m 6 _ $o $ki OVIS^m 24
3392	KN Dl(1a) 935	KN Dl(1a) 935, ] ________ sa-qa-re-jo ____ OVIS^f 27 _ LANA 2 _ $o LANA 11[ ]nu-ka , / da-ta-ra-mo _ $o OVIS^f 43 _ $o $ki OVIS^m 70 _ [
3393	KN Dl(1a) 938	KN Dl(1a) 938, ]r°e°-jo ___ OVIS^f 50 _ $ki OVIS^m 40 _ LANA 7 ] ___ $o $ki OVIS^m 10 ______________ $o LANA 3 [
3394	KN Dl(1a) 939	KN Dl(1a) 939, _ ]LANA 2 _ M 2 ]$o LANA 5 _ M 1
3395	KN Dl(1a) 940	KN Dl(1a) 940, ] ______ sa-qa-re-jo __ OVIS^f 60 _ LANA[ ]-so / e-ra ______ $o $ki OVIS^m 60 _ LANA[
3396	KN Dl(1a) 943	KN Dl(1a) 943, ____________ po-ti-ni-ja-we _ OVIS^f 90 __ LANA 11 a-ko-i-da / qa-nwa-so__ $o $ki OVIS^m 90 _ $o LANA 7°
3397	KN Dl(1a) 944	KN Dl(1a) 944, ________________ sa-qa-re-jo _ OVIS^f 60 _ LANA 5 _ M 2 _ $o L°A°N°A°[ ta-mi-de-so , / e-ra _______ $o OVIS^f 40 _ $o $ki OVIS^m 100 _______ [
3398	KN Dl(1a) 946	KN Dl(1a) 946, __________ po-ti-ni-ja-we-jo _ OVIS^f 70 ___ LANA 7 ke-u-sa / si-ja-du-we , _ $o $ki OVIS^m 70 _ $o LANA 7
3399	KN Dl(1a) 947	KN Dl(1a) 947, ___________ e-se-re-e-jo  OVIS^f 80  $ki OVIS^m 10  LANA 11 _ [ si-da-jo / ma-ri___ $o $ki OVIS^m 70 _________ $o LANA _5 _ [
34	KN Nc 8176	KN Nc 8176, ]jo , 'i-we' [
340	KN Sc(5) 5072	KN Sc(5) 5072, ] _ EQU '$ZE' 1
3400	KN Dl(1a) 948	KN Dl(1a) 948, __________ sa-qa-re-jo _ OVIS^f 20 _ LANA 2[ ] _ $o LANA 8 pa-za-ti / ma-ri _____ $o OVIS^f 30 _ $o $ki OVIS^m 50
3401	KN Dl(1a) 949	KN Dl(1a) 949, ________ e-se-re-e-jo _ OVIS^f 40 _ LANA 2 _______ [ i-pe-ta / su-ri-mo _ $o OVIS^f 20 _ $o $ki OVIS^m 60 _ [
3402	KN Dl(1a) 950	KN Dl(1a) 950, ] _____ [po-ti-ni-]j°a°-we-jo _ OVIS^f 50 __ LANA 5 ___ [° ]°*18-jo[ si-ja-du-]we __ $o $ki OVIS^m 50 _ $o LANA 5 _ [°
3403	KN Dl(1a) 952	KN Dl(1a) 952, ] ___ sa-q°a°[-re-]jo _ OVIS^f 40 __ LANA 5 ]o° / [ ______ ] $o $ki OVIS^m 40 _ $o LANA 3
3404	KN Dl(1a) 1046	KN Dl(1a) 1046, ] e°-s°e°-re-e-jo __ O°V°I°S°[^f _ ]20 _ LANA[ ] ra-su-to __ $o $ki OVIS^m __ 50 _ LANA 3[
3405	KN Dl(2) 1060	KN Dl(2) 1060, ] __ OVIS^f 50 _ $ki OVIS 10 __ LANA 6[ ]-ra ___ $o $ki OVIS 15 ______ LANA 1 [
3406	KN Dl(2) 2021	KN Dl(2) 2021, ] 27 _______ LANA 1[ ] $o OVIS^f 23 _ LANA 2[ ↓ ][[ _ $vest. ____ ]][ ][[ _ $vest. ____ ]][
3407	KN Dl 5530	KN Dl 5530, _ ] __ LANA _ [ ] _ $vacat ___ [
3408	KN Dl(2) 5535	KN Dl(2) 5535, ]2 __ LANA 12[ ] _ $vac. _ [
3409	KN Dl 5545	KN Dl 5545, ]OVIS^f 50 _ L°A°N°A°[ ] _______ $o L°A°N°A°[
341	KN Sc 5073	KN Sc 5073, ]w°a° _ BIG[
3410	KN Dl(3) 7071	KN Dl(3) 7071, ] ___ r°i°-jo-no _ O°V°I°S°^f[ _ ] _ LANA [_ ] $vac. ]no / ____ $o OVIS^f 3°0 _____ $o LANA 2[ ] $vac.
3411	KN Dl(1b) 7072	KN Dl(1b) 7072, ] _ $WE 40 ]4 ___ $o $ki OVIS^m 26
3412	KN Dl 7075	KN Dl 7075, ___ ] ____________ OVIS^f 100[ ?ka-]r°a°-u-ko / u-ta-no _ $ki[
3413	KN Dl(1b) 7076	KN Dl(1b) 7076, ] _____________ $WE 20 ]9 _ $o $ki OVIS^m 41
3414	KN Dl(1a) 7085	KN Dl(1a) 7085, ] LANA 3 M 2 __ $o LANA 11[ _____ ]$ki OVIS^m 77 _____ [°
3415	KN Dl(1b) 7086	KN Dl(1b) 7086, _ ]OVIS^f 80 ____________________________________ $WE 40[ _ ]e°-ko-so _ $ki OVIS^m 60 [[to-sa $o° $k°i° O°V°I°S°^x]] $o $ki OVIS^m[
3416	KN Dl(1b) 7092	KN Dl(1b) 7092, ] _ $WE 70  ]$o $ki OVIS 25
3417	KN Dl(3) 7114	KN Dl(3) 7114, ]no _ OVIS^f 20 [__] $vac. [ ] _____ $o OVIS^f 5°0 _ $o[
3418	KN Dl 7116	KN Dl 7116, ] ____ OVIS^f 50 _ L°A°N°A°[ ]t°o° , _ $ki OVIS^m 20[
3419	KN Dl 7125	KN Dl 7125, ] _________________ OVIS^f 40[ ]to / ri-jo-no _ $o° OVIS^f 20 _ $o°[
342	KN Sc(3) 5083	KN Sc(3) 5083, ]BIG _ [
3420	KN Dl(1a) 7132	KN Dl(1a) 7132, sa-]q°a°-re-jo _ OVIS^f 50 ___ LANA 6 __________ ]$k°i° OVIS^m 50 ____ $o LANA 4
3421	KN Dl(1a) 7138	KN Dl(1a) 7138, _________ sa-qa-re-jo _ OVIS^f[ a-ko-ro / ra-ja __ $o $ki OVIS^m[
3422	KN Dl(1a) 7141	KN Dl(1a) 7141, ] _______ sa-qa-r°e°[-jo ____ ]$vest.[ ]ti-za / *56-ko-we-e __ $o $ki OVIS^m 50[
3423	KN Dl(1a) 7147	KN Dl(1a) 7147, ] _________ po-ti-ni-j°a°-we-jo __ OVIS^f°[ ] $vest. / ka-ru-no ________ $o $ki OVIS^m[
3424	KN Dl(1a) 7238	KN Dl(1a) 7238, ] _ OVIS^f 30[ ] _ OVIS^x 10[ $inf. $mut.
3425	KN Dl(1a) 7249	KN Dl(1a) 7249, ]OVIS^m 20 _ LANA 6 _ M 1 ]  $o LANA 3 _ M 2
3426	KN Dl 7251	KN Dl 7251, ]L°A°N°A° 3° __ [ ]L°A°N°A° 1 _ M°[
3427	KN Dl(1a) 7283	KN Dl(1a) 7283, ] _ LANA 6 [ ]$o LANA 3 _ M[
3428	KN Dl(1a) 7287	KN Dl(1a) 7287, ] __ $vac. _____ [° ]LANA 6 _ M 2 _ [°
3429	KN Dl(1a) 7288	KN Dl(1a) 7288, ] LANA 5 ____ [ _____ ] _ $o LANA[
343	KN Sc 5084	KN Sc 5084, ] _ TUN[
3430	KN Dl(1a) 7503	KN Dl(1a) 7503, _____________ po-ti-ni-ja-we-jo _ OVIS[^f te-wa-jo , / si-ja-du-we ___________ $o[
3431	KN Dl(1a) 7721	KN Dl(1a) 7721, ]e°-se-r°e°-e°-j°o° ___ O°V°I°S°^f [ ]m°a°-so-mo ____ $o $ki OVIS[^m
3432	KN Dl(1) 7771	KN Dl(1) 7771, ] ________ po-ti-n°i°[-ja-we-jo ]qo-ta , / ra-ja _ [
3433	KN Dl(1a) 7865	KN Dl(1a) 7865, ___________ ]5 ]$o° $k°i° O°V°I°S°^m° 30
3434	KN Dl(1a) 7875	KN Dl(1a) 7875, ]-ku-mi-r°o° , / ra-ja[
3435	KN Dl(1a) 7905	KN Dl(1a) 7905, ____ po-ti-ni-]j°a°-w°e°-j°o°[ ]ra-ri-jo / si-ja-du-we __ $o°[
3436	KN Dl(1b) 8103	KN Dl(1b) 8103, ] _____________ OVIS^f 60[ ]r°o° / e-ko-so _ $k°i° O°V°I°S°[^m
3437	KN Dl(1) 8177	KN Dl(1) 8177, _______ $vac.[ pa-re / e[-ko-so
3438	KN Dl(2) 8216	KN Dl(2) 8216, ] _ LANA 3 _ M [ ]18 _ $ki OVIS^m 25 [
3439	KN Dl(1a) 8217	KN Dl(1a) 8217, ____]6 _ [ ]1 _ M 1 _ [
344	KN Sc 5085	KN Sc 5085, ]TUN 2 _ BIG 1 _ EQU '$ZE' 1°[
3440	KN Dl(2) 8229	KN Dl(2) 8229, ] LANA 12[ $inf. $mut.
3441	KN Dl(1a) 8577	KN Dl(1a) 8577, $sup. $mut. ]$o L°A°N°A°[
3442	KN Dl 9016	KN Dl 9016, ]° __________________[OVIS]^f 50 _ $k°i° OVIS 13° _ LANA[ ]°di-de-ro / tu-ni-ja ______________ $ki OVIS 2°2 _ [
3443	KN Dl 9174	KN Dl 9174, ] _ OVIS^f 60[ ]-to , $o $ki OVIS 30[
3444	KN Dl 9175	KN Dl 9175, ]__ LANA 2[ _ ]25 _ $o[
3445	KN Dl 9176	KN Dl 9176, $sup. $mut. ] _ $o $k°i°[
3446	KN Dl(1a) 9177	KN Dl(1a) 9177, ] __ O°V°I°S°^x[ ]2°0° __ [ $inf. $mut.
3447	KN Dl 9180	KN Dl 9180, $sup. $mut. ________ ]1[ ]LANA 2 _ M 1°[
3448	KN Dl 9181	KN Dl 9181, $s°u°p°. $m°u°t°. _ ]$vac.[ ] _ M 1°[ $i°n°f°. $m°u°t°.
3449	KN Dl 9199	KN Dl 9199, ] _____________ $vest.[ ]$vest. , / qa-ra _ o°[
345	KN Sc(3) 5086	KN Sc(3) 5086, ]TUN 1 _ BIG 1 _ EQU
3450	KN Dl(1) 9667	KN Dl(1) 9667, ] _ OVIS^f[ ]$ki OVIS^x[
3451	KN Dl(1a) 9716	KN Dl(1a) 9716, po-]t°i°-ni-ja-w°e°-j°o° _ O°V°I°S°^x[ _______________ ]$o° $k°i° O°V°I°S°^x[
3452	KN Dl(1a) 9750	KN Dl(1a) 9750, ]$vac.[ ] 5°0[ ]$vest.[
3453	KN Dl(1a) 9764	KN Dl(1a) 9764, ]$vest.[ $inf. $mut.
3454	KN Dl(1a) 9841	KN Dl(1a) 9841, ']-q°o°-n°o°-j°o°' _ OVIS^f 2°0°[ __________ ]$ki OVIS^m° __[
3455	KN Dm 1174	KN Dm 1174, ___________ a₃-mi-re-we ___ OVIS^m 2 ri-jo-no / e-ka-ra-e-we , _ OVIS^m 20
3456	KN Dm 1175	KN Dm 1175, _____________ a₃-mi-re-we ____ OVIS^m 4 ra-su-to , / e-ka-ra-e-we ____ OVIS^m 10
3457	KN Dm 1176	KN Dm 1176, _____________ a₃-mi-re-we , _ OVIS^m 5 _ [ ku-ta-to , / e-ka-ra-e-we , _ OVIS^m 61[
3458	KN Dm 1177	KN Dm 1177, ___________ a₃-mi-re-we , _ OVIS^m 3 ru-ki-to / e-ka-ra-e-we ___ OVIS^m 24 → O°V°I°S°^m° 1°0°0° ________ 6°
3459	KN Dm 1178	KN Dm 1178, ] ______________ a₃-mi[-re-we ]$vest. / e-ka-ra-e-we[
346	KN Sc(3) 5087	KN Sc(3) 5087, ]EQU $ZE [
3460	KN Dm 1179	KN Dm 1179, __ ] _________ a₃-mi-re-we ___ OVIS^m 5 ku-]ta-to , / e-ka-ra-e-we ___ OVIS^m 67
3461	KN Dm 1180	KN Dm 1180, __________ a₃-mi-re-we , _ OVIS^m 4 pa-i-to / e-ka-ra-e-we ___ OVIS^m 20
3462	KN Dm 1181	KN Dm 1181, ____________ a₃-mi-re-we , _ OVIS[^m do-ti-ja , / e-ka-ra-e-we __ OVIS^m [
3463	KN Dm 1182	KN Dm 1182, to-u-na-ta , / e-ka-ra-e-we _ OVIS^m 21
3464	KN Dm 1183	KN Dm 1183, e-ka-ra-e-we / ku-ta-to [
3465	KN Dm 1184	KN Dm 1184, _________________ e-ka-ra-e-we pa-i[-]t°o° , / o-we-to , o-pa , _ OVIS^m 15
3466	KN Dm 5181	KN Dm 5181, *56-ko-we-i / e-ka[-ra-e-we
3467	KN Dm 5226	KN Dm 5226, e-ko-so , / e-ka-ra-e-we _ OVIS^m 10
3468	KN Dm 5237	KN Dm 5237, ]° _______ a₃-mi-re-we ____ OVIS^m  3° ]°ra-to / e-ka-r°a°-e°-w°e° ___ OVIS^m 2°4°
3469	KN Dm 5323	KN Dm 5323, ] ________ a₃-mi-re-we ___ OVIS^m 2 ]$vest.[ / ]e°-ka-ra-e-we __ OVIS^m 15
347	KN Sc(2) 5136	KN Sc(2) 5136, ]EQU 1 __ [
3470	KN Dn 1088	KN Dn 1088, ]O°V°I°S°^m 19200[
3471	KN Dn 1089	KN Dn 1089, ]s°u°-ri-mo _ OVIS^m 2390
3472	KN Dn 1090	KN Dn 1090, ] _ OVIS^m 204°0[ ] _ OVIS^m 204°0[
3473	KN Dn 1092	KN Dn 1092, e-ko-so _____ OVIS^m 225°2° _ [° su-ki-ri-ta _ OVIS^m  517 __ [°
3474	KN Dn 1093	KN Dn 1093, da-*22-to ___ OVIS^m 1370 *56-ko-we-i _ OVIS^m 2003
3475	KN Dn 1094	KN Dn 1094, pa-i-to _ OVIS^m 1509 da-wo ___ OVIS^m 2440
3476	KN Dn 1095	KN Dn 1095, ti-ri-t°o° , ____ OVIS^m 1222 __ [ qa-ra ,_______ OVIS^m 2290 _ [
3477	KN Dn 1096	KN Dn 1096, ra-ja ____ OVIS^m 904 pu-na-so _ OVIS^m 330
3478	KN Dn 1200	KN Dn 1200, do-ti-ja _ [ _ OVIS^m ra-su-to __ [ _ OVIS^m
3479	KN Dn 1209	KN Dn 1209, ri-jo-no _ OVIS^m 2°0°0°0°[ ra-to ____ OVIS^m[
348	KN Sc(5) 5137	KN Sc(5) 5137, ][[TUN]] _ BIG 1
3480	KN Dn 1319	KN Dn 1319, a-]mi-ni-si-ja , $ne OVIS^m 119°00[
3481	KN Dn 2016	KN Dn 2016, ]-jo-jo _ OVIS^m [
3482	KN Dn 5014	KN Dn 5014, ] _ OVIS^m 3103[
3483	KN Dn 5286	KN Dn 5286, ]k°a°-ta __ OVIS^m 4000 __ [
3484	KN Dn 5318	KN Dn 5318, ru-ki-to ____ OVIS^m 4°08°0[ pu-s°o° _______ OVIS^m 1034° ___ a-ka _ O°V°I°S°^m°[
3485	KN Dn 5559	KN Dn 5559, ]° u-ta-no [ _ OVIS^m ]° qa-mo _ [ _ OVIS^m
3486	KN Dn 5668	KN Dn 5668, ]qo-te-jo _ OVIS^m 33°00[
3487	KN Do 919	KN Do 919, _______________________________ $ki $pe OVIS^m __ $o[ OVIS^m wi-da-ma-ro / $se _ OVIS^f 100 _ $za __ OVIS^m ____ [
3488	KN Do 923	KN Do 923, ______________________________ $ki O°V°I°S°^x[ to-wi-no / $se ___ OVIS^f 100 ___ $o OVIS^m [
349	KN Sc(2) 5138	KN Sc(2) 5138, ][[TUN]] _ BIG 1
3490	KN Do 927	KN Do 927, ] __________________ $pe OVIS^m 19 ]s°e° _ OVIS^f 100 _ $ki $za OVIS^m 30 _ $o OVIS^m 31
3491	KN Do 929	KN Do 929, ] _______________ $ki $pe OVIS^m __ $o OVIS^m 80 ]$s°e° _ OVIS^f 100
3492	KN Do 996	KN Do 996, _____________________________ $ki[ OVIS^m da-i-mi-so / $se _ OVIS^f 100 [ ]$vest.[ OVIS^m
3493	KN Do 1054	KN Do 1054, ___________ se-to-i-ja ______ [ ko-te-u / _ ka-to-ro , _ OVIS^f[
3494	KN Do 5010	KN Do 5010, ____________________________ $ki $pe OVIS^m 10 _ $o OVIS^m 30 w°o°-r°o°-t°o° / $se _ OVIS^f 100 _ $za __ OVIS^m
3495	KN Do 5720	KN Do 5720, ] ___________ $ki $pe OVIS^m[ ] OVIS^f 100 __ $za _ OVIS^m[
3496	KN Do 5740	KN Do 5740, ]s°e° _ OVIS^f 100 _ [ _ $inf. $mut.
3497	KN Do 5770	KN Do 5770, ]O°V°I°S°^f° 100 ___ $ki[
3498	KN Do 7079	KN Do 7079, ]OVIS^f° 100 _ $ki OVIS 50
3499	KN Do 7087	KN Do 7087, se-to-]i-ja _____ ]r°o° __ OVIS^f 100 _ $ki OVIS 50
35	KN Nc 8181	KN Nc 8181, ] M _ 1°[
350	KN Sc 5139	KN Sc 5139, ]T°U°N° _ BIG 1° _ EQU
3500	KN Do 7093	KN Do 7093, ] __________________ $ki OVIS^x[ ]$se _ OVIS^f 100 ____ $o[
3501	KN Do 7120	KN Do 7120, ______ ] ____ $ki OVIS^m 2[ OVIS^f ]1°0°0° __ $za OVIS^m 5 [
3502	KN Do 7239	KN Do 7239, ] OVIS^f 100[
3503	KN Do 7613	KN Do 7613, _______________ se-to-i°[-ja a-di-ri-jo / _ ka-to-r°o°[
3504	KN Do 7740	KN Do 7740, ] _____ se-to-i-j°a°[ ]-ta / _ ka-to-r°o°[
3505	KN Do 9358	KN Do 9358, ] OVIS^m _ 8°0
3506	KN Do 9668	KN Do 9668, $sup. $mut. ]$ki $za OVIS^m _ [
3507	KN Do 9726	KN Do 9726, qi-[
3508	KN Do 9761	KN Do 9761, $sup. $mut. ] $s°e° _ O°V°I°S°^f [
3509	KN Do 9793	KN Do 9793, d°a°-u-t°a°[-ro
351	KN Sc(2) 5141	KN Sc(2) 5141, ]BIG 1 _ EQU _ [ ↓  ]*$166 1 ______ [
3510	KN Dp 43	KN Dp 43, ]ta-re-wo _ OVIS^m _ LANA[
3511	KN Dp 699	KN Dp 699, __ ]ku-su-pa-ta , $ne ________ [ to-]s°a° __________ OVIS^m _ LANA[
3512	KN Dp 937	KN Dp 937, ]qa[ ___________ ] _ LANA 180
3513	KN Dp 997	KN Dp 997, ] ________ po-ti-ni-ja-we-ja _____ [ ]to-sa , / ne-wa , po-ka ____ OVIS^f[
3514	KN Dp 1061	KN Dp 1061, ]sa / pa-i-ti-ja _ OVIS^x LANA 456[
3516	KN Dp 5508	KN Dp 5508, ?to-]sa / ko-no-si[-ja?
3517	KN Dp 7135	KN Dp 7135, $sup. $mut. ] OVIS^m LANA 1°0°0°0°[
3518	KN Dp 7280	KN Dp 7280, ]OVIS^m LANA 50 __ [ ]OVIS^f LANA 36[
3519	KN Dp 7742	KN Dp 7742, ?pe-ru-si-]nwa , po-ka ______ [ _________ ]po-ti-ni-ja-we-i-jo[
352	KN Sc 5142	KN Sc 5142, ]1° _ BIG [
3520	KN Dq(3) 42	KN Dq(3) 42, ] _____ pe-ri-qo-ta-o ____ [ ]jo , / ma-sa , _____ OVIS^m[
3521	KN Dq(3) 45	KN Dq(3) 45, ] ___ a-n°o°-qo-ta-o ___ [ ]mo , / e-ra ____ OVIS^m°[
3522	KN Dq(3) 46	KN Dq(3) 46, ] _______ pe-ri-qo-ta-o _ [ ]sa-no , / e-ko-so ______ [
3523	KN Dq(4) 438	KN Dq(4) 438, __ ] __________ se-t°o°-i°-j°a° se-]to-i-ja , / ka-to-ro _ OVIS^m 100
3524	KN Dq(1) 439	KN Dq(1) 439, ____________ da-*22-to _ OVIS^m 50 i-ti-nu-*1°9° / o-re-te-wo _ $o OVIS^m 50
3525	KN Dq(1) 440	KN Dq(1) 440, ] _______ e-ra _ OVIS^m 120[ ]ka-mo / a-no-qo-ta  $o OVIS^m[
3526	KN Dq(1) 441	KN Dq(1) 441, ] _________ da-*22[-to ]qo-si-jo / o-re[-te-wo?
3527	KN Dq(3) 442	KN Dq(3) 442, ]k°e°-u-po-da-o __________ [ ]ku-ta-to _____ OVIS^m 100[
3528	KN Dq(3) 445	KN Dq(3) 445, ]ko-we-jo _______ [ ]d°a°-*22-to _ OVIS^m[
3529	KN Dq(1) 447	KN Dq(1) 447, ] ______ da-mi-ni-jo _ OVIS^m 4°0[ ]-ta-wo / __________ $o OVIS^m 34°[
353	KN Sc(1) 5144	KN Sc(1) 5144, ]BIG 1 _ EQU $ZE[
3530	KN Dq(1) 448	KN Dq(1) 448, ] _____ u-ta-no[ ]ni-to _______ [
3531	KN Dq(1) 449	KN Dq(1) 449, ]-jo _ OVIS^m 70 ]OVIS^m 30
3532	KN Dq(1) 672	KN Dq(1) 672, ]OVIS^m 130 _________ [ ] _____ $o OVIS^m 10 _ [
3533	KN Dq(4) 686	KN Dq(4) 686, ________________ se-to-i-ja ____ [ te-ki-ri-ne-to / ka-to-ro _ OVIS^m[
3534	KN Dq(3) 1026	KN Dq(3) 1026, ] _____ wi-jo-qo-ta-o _________ [ ]p°a° / [ ____ ]ta _____ OVIS^m 100[
3535	KN Dq(2) 1234	KN Dq(2) 1234, ]° _______________________________ OVIS^f 122 ]°ro-ru / ti-ri-to _ OVIS^m 75 _ $o OVIS 3
3536	KN Dq(2) 1377	KN Dq(2) 1377, pa-[•]-n°a° / ti-ri-to _ OVIS^m 50
3537	KN Dq(2) 1603	KN Dq(2) 1603, ] _______________ OVIS^m 26 _ OVIS^f 34 ]$vest. , / ti-ri-to ____ $pa OVIS^m 10
3538	KN Dq(1) 1803	KN Dq(1) 1803, da-mi-]ni-jo _ OVIS^m 3°0°[ _____ ]$o OVIS^m 30[
3539	KN Dq(2) 5595	KN Dq(2) 5595, ] t°i°-r°i°-to _ OVIS^m 151[
354	KN Sc(2) 5146	KN Sc(2) 5146, ]BIG _ EQU[ ↓  ]p°a° ______ [
3540	KN Dq(2) 7113	KN Dq(2) 7113, ]30 _ OVIS^f 6°0[ ]w°o°
3541	KN Dq(3) 7119	KN Dq(3) 7119, ]ta-o ________ [ ]r°a° ____ OVIS^m 3°0[
3542	KN Dq(3) 7126	KN Dq(3) 7126, __ ]ko-ta-o _ [ pa-]i-to ____ O°V°I°S°^m[
3543	KN Dq(3) 7137	KN Dq(3) 7137, ]ta-o ________ [ _ ]-to __ OVIS^m[ $inf. $mut.
3544	KN Dq(2) 7177	KN Dq(2) 7177, ] ti-ri-to _ O°V°I°S°^m 2°8° _ OVIS^f 2
3545	KN Dq(2) 7260	KN Dq(2) 7260, ]1° _ OVIS^f 20 _ [ ]2
3546	KN Dq(3) 7852	KN Dq(3) 7852, ] wi-jo-qo[-ta ]pa-i-to _[
3547	KN Dq(1) 8208	KN Dq(1) 8208, ]OVIS^m 110 __ [ ]jo _ $o OVIS^m 2°0°[
3548	KN Dq(3) 8351	KN Dq(3) 8351, ] _______ pe-ri-qo[-ta-o ]$vest. , / _ qa-s°a°[-ro-we
3549	KN De 1085	KN De 1085, ______________ a-ka-i°-jo ki-mu-ko , / _ pa-i-to _ OVIS^m 36 _ OVIS^f 11[ ]OVIS[^m
355	KN Sc(1) 5148	KN Sc(1) 5148, ]BIG 1 _ EQU[
3550	KN Db 1086	KN Db 1086, ] _________ OVIS^m 100 _ OVIS^f[ ]r°o° ,° / da-*83-ja ,° a-ka-ta-jo[
3551	KN Db 1100	KN Db 1100, OVIS^m ]35 _ OVIS^f 2°5 _____ ] ____________ ×
3552	KN Dv 1103	KN Dv 1103, ]° _________ OVIS^m 110[ ]°au-ri-jo / su-ri-mo[
3553	KN Dv 1104	KN Dv 1104, ______________ OVIS^m [ da-to-ro , / su-ri-mo[
3554	KN Dv 1111	KN Dv 1111, ____________________ OVIS^m 44 _ OVIS^x[ ri-wi-so , / ku-ta-to ___________ [
3555	KN Dv 1113	KN Dv 1113, __________ da-mi-ni-jo , _ OVIS^m 36°[ ka-ta-wo / ku-ta-to , ____________ [
3556	KN Dv 1124	KN Dv 1124, ] ___ OVIS^m 40[ ]ta / ku-ta-to[
3557	KN Dv 1125	KN Dv 1125, e-qa-ro / ku-ta-to _ [
3558	KN Dv 1128	KN Dv 1128, ___________________ OVIS^m 66 _ ⸤ ⸥OVIS^x[ ka-da-no / ku-ta-to , ___________ [
3559	KN Dv 1133	KN Dv 1133, ] _______ u-ta[-jo ]a-ke-u / e-ko-so _ OVIS^m 70[
356	KN Sc(1) 5150	KN Sc(1) 5150, ] _ BIG[
3560	KN Dv 1139	KN Dv 1139, _____________ u°-ta-jo-jo ______ [ a₃-ke-ta , / da-*22-to , _ OVIS^m[
3561	KN Dv 1142	KN Dv 1142, ] _______ u-ta-jo-jo _ OVIS^m[ ]-jo-ko / e-ko-so ___________ [
3562	KN Dv 1145	KN Dv 1145, ] ______ u-ta-jo-jo , ________________ [ ]s°o° , / da-wo , ___ OVIS^m 81 _ OVIS^f 11[
3563	KN Dv 1146	KN Dv 1146, ] _____________ u-ta-jo-jo __ OVIS^m 40[ ]-mo-ni-ja-ro / da-wo , ___ OVIS^f 109 [
3564	KN Dv 1188	KN Dv 1188, ________________ OVIS^m 30[ sa-ma-ri-wa-ta , / ra-to[
3565	KN Db 1190	KN Db 1190, a₃-ke-wa-to , / ra-to _ OVIS^m 84 _ OVIS^f 10[
3566	KN Da 1191	KN Da 1191, ____________________ OVIS^m 110 *56-du-nu-ka , / _ ra-to
3567	KN Db 1199	KN Db 1199, u-ra-jo / ra-su-to _ OVIS^m 7°8° _ O°V°I°S°^f° 2°2°
3568	KN Da 1205	KN Da 1205, ]°wi-ra-ne-to , / ri-jo-no _ OVIS^m 130[
3569	KN Dv 1206	KN Dv 1206, _______________ OVIS^m 63°[ ]OVIS^f 20[ e-u-na-wo , / ri-jo-no [
357	KN Sc(5) 5151	KN Sc(5) 5151, ] _ EQU[
3570	KN Dv 1213	KN Dv 1213, ] _______ OVIS^m 82[ ]-so / u-ta-no , _ [
3571	KN Dv 1214	KN Dv 1214, ________________ OVIS^m 52 _ OVIS^f 44°[ mo-re / u-ta-no _______ [
3572	KN Dv 1215	KN Dv 1215, ] ____________ OVIS^m 90 _ [ ]$vest. / u-ta-no , ______ [
3573	KN Dv 1216	KN Dv 1216, _______________ OVIS^m [ *22-ri-ta-ro / u-ta-no[
3574	KN De 1217	KN De 1217, ] _________ OVIS^m 78 _ [ ]$vest. / u-ta-no , __ $o[ OVIS^m
3575	KN Dv 1237	KN Dv 1237, ______________ OVIS^m 40[ ___ ]OVIS^f 2°[ ku-ta-si-jo / ti-ri-t°o° [
3576	KN Da 1239	KN Da 1239, ][•-•-]*34-so , 'da-*22-to' ___ OVIS^m 50 ___ [° ]do-ti , ti-ri-to _____________ OVIS^m 50 ___ [°
3577	KN Dv 1249	KN Dv 1249, _________________ OVIS^m 82 _ OVIS^f 12°[ ra-o-no / tu-ni-ja ________________ [
3578	KN Dv 1266	KN Dv 1266, ______________ OVIS^m 40[ wi-je-mo / _ qa-r°a°[
3579	KN Dc 1272	KN Dc 1272, __________ ko-ma-we-to _ OVIS^m 19°[ a-ti-ro , / e-ko-so , __ $o OVIS^m 71
358	KN Sc 5153	KN Sc 5153, ] _ BIG[
3580	KN Dv 1292	KN Dv 1292, _______________ O°V°I°S°^m [ ______________ ] $vacat mi-ta-qo , / ru-ki-to ___ [ _________ ] $vacat
3581	KN Dv 1308	KN Dv 1308, ________________ OVIS^m[ __ ] OVIS^f 2[ te-ru-sa / do-ti-ja[ _________ ]$vac.[
3582	KN Dv 1309	KN Dv 1309, ] _________ a-te-jo _ [ ]wo-no ,° / do-ti-ja , [
3583	KN Dv 1310	KN Dv 1310, ko-ru-to / da-wo[
3584	KN Da 1312	KN Da 1312, _______________ OVIS^m 100 _ [ su-ru-so / da-wo __________ [
3585	KN Dv 1328	KN Dv 1328, ]*4°9°-so , / ku-ta-to , _ OVIS^m 114 _ [ → ] ___________ 90 ___________________ [
3586	KN Dv 1330	KN Dv 1330, __________________ OVIS^m 72[ wi-na-jo , / e-ra , u-ta-jo[
3587	KN Dv 1331	KN Dv 1331, ] ______ a-ka-ta-j°o°[ ]mu-da / e _______ [
3588	KN Dv 1332	KN Dv 1332, ________________ e-ra _ OVIS^m[ ta-we-si-jo , / _ pe-ri-qo-te[-jo
3589	KN Dv 1334	KN Dv 1334, ] ________ ki-ri-jo-te ____ [ ]$vest. ,° / pe-ri-qo-te-jo , [__]O°V°I°S°^m° 2°0°[
359	KN Sc(1) 5154	KN Sc(1) 5154, ]EQU $ZE 1
3590	KN Dc 1370	KN Dc 1370, _____________ u-ta-jo tu-*56-da-ro / e-r°a°[ _ ] OVIS^m 15 _ OVIS^m 85
3592	KN Dv 1388	KN Dv 1388, ________________ OVIS^m 76 __ O°V°I°S°^f°[ e-u-me-ta / ra-ja , pe-ri-qo-te-jo[
3593	KN Dc 1410	KN Dc 1410, ______________________ OVIS^m 91[ ta-na-po-so , / pu-so _ $pe OVIS^m 1[
3594	KN Dv 1411	KN Dv 1411, ]ri-ja-ta , [
3595	KN Dv 1412	KN Dv 1412, ]ri-di-ne-to[
3597	KN Dc 1417	KN Dc 1417, ]° _________ OVIS^m 49 _ $o OVIS^m 30[ ]°po-to / ru-ki-t°o° ,° u-ta-jo , _____ [
3598	KN Dv 1422	KN Dv 1422, ____________ OVIS[^m *56-ro₂ / s°u°[
3599	KN Dv 1427	KN Dv 1427, _________ pe-ri[-qo-te-jo ke-me-u / ____ [
36	KN Nc 8183	KN Nc 8183, ]-ro _ [ _ $inf. $mut.
360	KN Sc(5) 5155	KN Sc(5) 5155, ]TUN _ BIG 1
3600	KN Dv 1430	KN Dv 1430, ] ________ we-we-si-jo _ OVIS^m 5°8° _ OVIS^f [ ]do-ro , / da-ra-ko[ ___ ]OVIS^m 3°0 _______ [
3601	KN Dv 1434	KN Dv 1434, ______________ o-pa-we-[ me-ki-ti , / _ ma-no-we[
3602	KN Dv 1436	KN Dv 1436, ki-sa[
3603	KN Dv 1439	KN Dv 1439, ______________ te-r°a°[-po-si-jo ru-na-so , / _ qa[
3604	KN Dv 1442	KN Dv 1442, ru-na-so[
3605	KN Dv 1447	KN Dv 1447, i-je-ro , / e-ko-so , [
3606	KN Dv 1450	KN Dv 1450, _____________ OVIS^m [ ka-sa-ro / $vest.[
3607	KN Dv 1457	KN Dv 1457, ] _________ w°e°[ ]ra-ne-to / _ [
3608	KN Dv 1459	KN Dv 1459, ra-wo[
3609	KN Dv 1462	KN Dv 1462, ________________ OVIS^m 84 _____ OVIS^f 14 a-wo-i-jo , / _ ri-jo-no _ [ ]OVIS^m _ 2
361	KN Sc 5156	KN Sc 5156, ]z°o° _ TUN 2
3610	KN Dv 1466	KN Dv 1466, _________ OVIS^m 40[ a-ze-ta / _ e-r°a°[
3611	KN Dv 1470	KN Dv 1470, a-ti-j°o°[
3612	KN Dd 1471	KN Dd 1471, _________________ OVIS^m 4°2 ____ OVIS^f 5°4 a-na-ki-ti , / ra-t°o° , [ _ ]$p°a° OVIS^m  4
3613	KN Dv 1479	KN Dv 1479, to-u-na-ta / d°o°-t°i°[-ja __ ]OVIS^m 5°0[
3614	KN Dv 1487	KN Dv 1487, ko-no-si-ja , [
3615	KN Dv 1490	KN Dv 1490, qa-si-da-ro / ku-t°a°[-to
3616	KN Dv 1492	KN Dv 1492, ____________ OVIS^m 86 _ OVIS^f 4 wo-*65-r°o° / ru-ki-t°o° [
3617	KN Dv 1493	KN Dv 1493, ]°o°-ta₂-no , / qa-na-no-to _ OVIS^m 6°0[
3618	KN Df 1496	KN Df 1496, ______________ da-m°i°-n°i°-jo ___ OVIS^m 22[ i-ke-se-ra , / ku-ta-to , _ $pe OVIS^m[
3619	KN Dv 1500	KN Dv 1500, _________ d°a°[ qi-ja-zo / [
362	KN Sc(1) 5157	KN Sc(1) 5157, ] _ BIG[
3620	KN Dv 1501	KN Dv 1501, di-*79-nu[
3621	KN Dv 1502	KN Dv 1502, di-ki-nu-wo , / ra-s°u°[-to?
3622	KN Dv 1503	KN Dv 1503, _________ da-*22-to _ OVIS^m 150[ di-wo , / _ u-ta-jo-jo _______ [
3623	KN Dv 1504	KN Dv 1504, ____________ [ ___ OVIS^m ]3°7 _ OVIS^f 3° _ [ di-de-ro / _ e°[ _________ ] __ $vacat ____ [
3624	KN Dv 1505	KN Dv 1505, di-za-so[
3625	KN Dv 1506	KN Dv 1506, di-za[
3626	KN Dv 1509	KN Dv 1509, _________ we-we-si-jo-jo _ OVIS^m 12°0[ o-ki-ro / ______ pa-i-to , _______ [
3627	KN Db 1601	KN Db 1601, ]° _______________ OVIS^m 95 _ OVIS^f 5 ]°we-wa-do-ro , / qa-ra
3628	KN Dv 1607	KN Dv 1607, ] _______ we-we-si-jo _ OVIS^m 2°7 _ OVIS^f[ ]ti-ro / pa-i-to _______________ [
3629	KN Dv 1621	KN Dv 1621, _______ pe-ko _____ [ tu-ti / e[ _ ] OVIS^x[
363	KN Sc(2) 5158	KN Sc(2) 5158, ]B°I°G° 1 _ EQU '$ZE' 1
3630	KN Dv 2019	KN Dv 2019, __________________ OVIS^m 40°[ de-we-ra , / ra-to ______ [
3631	KN Dv 5049	KN Dv 5049, po-ro-ko [
3632	KN Dv 5054	KN Dv 5054, ___ $sup. $mut. sa-ma-ja-s°o° / tu-ni-ja[
3633	KN Dv 5075	KN Dv 5075, ] ___ we-we-si-jo __ OVIS^m [ ]mo / pa-i-to , _________ $o O°V°I°S°[^m
3634	KN Dv 5200	KN Dv 5200, ___________ [ ta-so / su-ri[-mo
3635	KN Dv 5203	KN Dv 5203, ]k°i°-sa-qo[
3636	KN Da 5209	KN Da 5209, ]-jo / pu-so _ OVIS^m 100[ ↓ ] __ 60 _______________ [
3637	KN Dv 5219	KN Dv 5219, ] ____________ OVIS^m 291°[ ]ta-za , / su-ri-mo ___ [
3638	KN Dv 5224	KN Dv 5224, ]° __________ OVIS^m[ ]°a-pa-ni-jo / [
3639	KN Dv 5232	KN Dv 5232, ] __________ $vest. __________ [ ]a-*56-no , / su-ki-ri-ta ___ [
364	KN Sc(2) 5159	KN Sc(2) 5159, ]EQU '$ZE' 1
3640	KN Da 5235	KN Da 5235, ]ku-ta-to _ OVIS^m 123
3641	KN Dv 5236	KN Dv 5236, ] _____________ OVIS^m 62°[ ]jo , / ra-to _________ [
3642	KN Dv 5241	KN Dv 5241, a-pi-je-t°a°[
3643	KN Dv 5253	KN Dv 5253, ]p°u°-so _ OVIS^m 99[
3644	KN Dv 5256	KN Dv 5256, a-ka-to , / ra-to _ OVIS^m 48 _ OVIS^f 3°3[
3645	KN Dv 5258	KN Dv 5258, $sup. $mut. ]p°u°-so _ OVIS^m 50
3646	KN Dv 5259	KN Dv 5259, ___ ] _ OVIS^m 50 ] _ ru-ki-to
3647	KN Dv 5271	KN Dv 5271, ]6 _ OVIS^f 23 ]4°1
3648	KN Dv 5278	KN Dv 5278, ] _________ OVIS^m 6°6 [ ]-ma-we / _ qa-m°o° [
3649	KN Dv 5285	KN Dv 5285, qa-ra-i°-s°o°[
365	KN Sc(2) 5160	KN Sc(2) 5160, ]B°I°G° 1° _ EQU '$ZE' 1
3650	KN Dv 5287	KN Dv 5287, __________ $vest.[ ka-to , / $vest.[
3651	KN Dv 5291	KN Dv 5291, ] _______ OVIS^m 64°[ ]ri-ro / su-ri-mo _ [
3652	KN Dv 5296	KN Dv 5296, ______________ u-ta-jo-jo , ____________ [ k°o°-*18 / e-ko-so , _ OVIS^m 100 _ OVIS^f 3°0[°
3653	KN Dv 5297	KN Dv 5297, ] _______ OVIS^m 80[ ]ti-jo / qa-mo __ [
3654	KN Dv 5301	KN Dv 5301, ]sa-zo / da-wo _ OVIS^m 86[
3655	KN Dv 5302	KN Dv 5302, ]wo-ti-jo / ku-ta-t°o°[
3656	KN Dv 5312	KN Dv 5312, wo-jo[ _ ] / e-ko-so _ OVIS^m [ ___ ] $vac.
3657	KN Dv 5315	KN Dv 5315, ]pu-so _ OVIS^m 130[
3658	KN Dv 5322	KN Dv 5322, ]r°o° / [ _ ]-to , _ OVIS^m 74[
3659	KN Dv 5328	KN Dv 5328, ] ____________ OVIS^m 62[ ]-ro , / ku-ta-to , ___ [
366	KN Sc(1) 5161	KN Sc(1) 5161, ]BIG 1 _ EQU[
3660	KN De 5335	KN De 5335, __ $sup. $mut. __________]$vest.[ ]r°i° , / ku-ta-to _ $o O°V°I°S°^m[
3661	KN Dv 5341	KN Dv 5341, $sup. $mut. ]-k°e°-[
3662	KN Dv 5343	KN Dv 5343, a[ $inf. $mut.
3663	KN Dv 5349	KN Dv 5349, ]nwa , / pu-so[ → ]3°0° _________ [
3664	KN Dv 5350	KN Dv 5350, $sup. $mut. _________ ]$vest.[ ]$vest. / su-ri-mo[
3665	KN Da 5357	KN Da 5357, u-ra-j°o° / ra-su-to _ O°V°I°S°^m° 1°0°0°
3666	KN Df 5368	KN Df 5368, ]4°4 _ OVIS^f 11 ] _ OVIS^m 25
3667	KN Dv 5372	KN Dv 5372, ]99 _ OVIS^f 11 _ [ ] _ $vacat ______ [
3668	KN Dv 5398	KN Dv 5398, ] _____________ OVIS^m 66° _ OVIS^f 32[ ]no , / ku-ta-to ________________ [
3669	KN Dv 5407	KN Dv 5407, ] OVIS^m 100[ $inf. $mut.
367	KN Sc(5) 5162	KN Sc(5) 5162, ][[°TUN]]° _ BIG[
3670	KN Dv 5412	KN Dv 5412, ] _ OVIS^f 8 _ ]$o OVIS^m 10[
3671	KN Dv 5414	KN Dv 5414, ]5 ] $vac.
3672	KN Dv 5416	KN Dv 5416, ]4 ] $vac.
3673	KN Dv 5580	KN Dv 5580, *34[
3674	KN Dv 5593	KN Dv 5593, OVIS^m ]90 _ OVIS^f[ _ $inf. $mut.
3675	KN Dv 5640	KN Dv 5640, ru[
3676	KN Dv 5663	KN Dv 5663, si-pa-ta-do , / $vest.[
3677	KN Dv 5667	KN Dv 5667, ] __________ u-ta-jo-jo _ OVIS^m°[ ]$vest. / tu-ni-ja ____ [
3678	KN Dv 5675	KN Dv 5675, ]6 ]2
3679	KN Dv 5689	KN Dv 5689, ]°ma-jo[
368	KN Sc(3) 5164	KN Sc(3) 5164, ]jo _ [[TUN]] _ BIG 1 _ EQU '$ZE' 1°[
3680	KN Dv 5690	KN Dv 5690, du-ni-[
3681	KN Dv 5694	KN Dv 5694, _________________ OVIS^m 91 _ [ si-ri-pi-jo / ru-ki-to _____ [
3682	KN Dv 5696	KN Dv 5696, ] ______________ [[OVIS^m]] ___ OVIS^m 106°[ ]p°u°-ri , / e-r°a°⸤ ⸥u-ta-jo-j°o° ________ [
3683	KN Dd 5704	KN Dd 5704, __________________ OVIS^m 80[ _ ] OVIS^f° 15 ri-pa-[•] / ra-ja , __ $p°a° O°V°I°S°^m° 3°
3684	KN Dv 5775	KN Dv 5775, di-ki[
3685	KN Dv 5839	KN Dv 5839, ]so[
3686	KN Dv 5841	KN Dv 5841, ]p°e°-ri-mo , / da-wo _ OVIS^m[
3687	KN Dv 5843	KN Dv 5843, ] ____ O°V°I°S°^m° 1°0°0° _ OVIS^f° 3°[ ]t°i° / da-wo _____________[
3688	KN Dv 5934	KN Dv 5934, ] u-ta-jo _ [ $inf. $mut.
3689	KN De 5989	KN De 5989, ____________ we-we-si-jo _ OVIS^m 3°7°[ je-zo , / _ da-ra-ko ___ $o OVIS^m 20[
369	KN Sc 5165	KN Sc 5165, ] BIG [
3690	KN Dv 6018	KN Dv 6018, ________________ $vac. [ ________________ ] $vac. k°e°[-•-]na-ro _ ]na-ro , / tu-n°i°[-ja _____________ ] $vac.
3691	KN Dv 6022	KN Dv 6022, ] _______ u[ ]n°o°-to / da[
3692	KN Dv 6045	KN Dv 6045, pu-ma-[
3693	KN Df 6054	KN Df 6054, _________________ ]OVIS^m 195 _ OVIS^f 35 ] r°i°-j°o°-n°o° ____ [•] OVIS^m 70
3694	KN Dv 6056	KN Dv 6056, ]$vest. / _ pu-so _ OVIS^m[
3695	KN Dv 6059	KN Dv 6059, no-sa-ro , / e-ko[-so ______ ] $vac.
3696	KN Dv 7098	KN Dv 7098, ]  pe-ko _ OVIS^m 42 _ ]t°i°-ri-to ,
3697	KN Df 7124	KN Df 7124, ___ ] OVIS^f 60 _ $pe OVIS^m[ ____ ] OVIS^x 3°[ $inf. $mut.
3698	KN Dv 7140	KN Dv 7140, ] _____________ OVIS^m[ ]wo / e-ra ____ $p°a°[ OVIS^m
3699	KN Dc 7142	KN Dc 7142, ]34 _ $pa OVIS^m 3
37	KN X 8186	KN X 8186, ]e°[ _ $inf. $mut.
370	KN Sc(3) 5166	KN Sc(3) 5166, ]BIG 1 _ E°Q°U° 1
3700	KN Dv 7152	KN Dv 7152, ]1° _ OVIS^f 34 ___ ]O°V°I°S°^m° 5
3701	KN Dv 7167	KN Dv 7167, OVIS^m ]7 _ OVIS^f 46 _____ ]7
3702	KN De 7176	KN De 7176, ko-]ma-we-to _ OVIS^m 20 [ ____ ]e°-ko-so , _____ $o OVIS^m 5°0[
3703	KN Dv 7181	KN Dv 7181, ] __ OVIS^m 82 _ OVIS^f 14[ ]qa-na-no-to __________ [
3704	KN De 7190	KN De 7190, ]O°V°I°S°^m 23 _____ 1°2[ ]$o OVIS^m 50 __ [
3705	KN Dv 7195	KN Dv 7195, ]2°2[ ] _ OVIS^f 26°[
3706	KN Db 7202	KN Db 7202, ]O°V°I°S°^m° 8°9 _ OVIS^f 11 ______ ] __$vac. _ [
3707	KN Dv 7219	KN Dv 7219, $sup. $mut. _________________ ]$vest. ]$vac.[ ___ ]$vest.
3708	KN Dv 7223	KN Dv 7223, ]O°V°I°S^m 22°0[ ]d°a°-wo __ [
3709	KN Dv 7240	KN Dv 7240, ta-ja-no , / e-ko[-so
371	KN Sc(2) ‹5167›	KN Sc(2) ‹5167›, ] EQU 1 [
3710	KN Dv 7245	KN Dv 7245, ]s°i°-jo _ OVIS^m 100[ ] _______ $o° OVIS^x[ $inf. $mut.
3711	KN Dv 7246	KN Dv 7246, $sup. $mut. ____ ]3 ]OVIS 7
3712	KN Dv 7262	KN Dv 7262, ]OVIS^m 30[
3713	KN Dv 7617	KN Dv 7617, ____________ $vac. [ te-jo ,° / e-k°o°-s°o° [
3714	KN Dv 7678	KN Dv 7678, a₃[
3715	KN Dv 7690	KN Dv 7690, wa[
3716	KN Dv 7863	KN Dv 7863, ]° ___________________ $vest. [ ]°wo-ro-t°o° , / ru-ki-to _ [
3717	KN Dv 7908	KN Dv 7908, $sup. $mut. ]ta-we-si-jo , [
3718	KN Dv 7911	KN Dv 7911, ]da-ma[ $inf. $mut.
3719	KN Dv 7972	KN Dv 7972, $sup. $mut. ]-ko-r°o°[ $inf. $mut.
372	KN Sc(5) 5168	KN Sc(5) 5168, ]EQU '1' $ZE
3720	KN Dv 8193	KN Dv 8193, ]su-ti-jo , / a[-ka
3721	KN Dv 8203	KN Dv 8203, _ ] OVIS^m 70[ e-]ko-so __ [
3722	KN Dv 8239	KN Dv 8239, ] OVIS^f 40[ ]4 ______ [
3723	KN Dv 8241	KN Dv 8241, ] __ we-we-si-j°o°[ $inf. $mut.
3724	KN Dv 8278	KN Dv 8278, ] _____ $vest.[ ]k°e°-u / $vest.[
3725	KN Dv 8280	KN Dv 8280, __________ [ ____________ ]$vest.[ qa-mi-ki-[ ___________ ] $vac. _ [
3726	KN Dv 8287	KN Dv 8287, $sup. $mut. qa-]na-no-to[ $inf. $mut.
3727	KN Dv 8288	KN Dv 8288, ]-no-u-r°o°[ $inf. $mut.
3728	KN Dv 8289	KN Dv 8289, o-to-r°o°[
3729	KN Dv 8290	KN Dv 8290, ________________ O°V°I°S°^m° 1°4°1° _ O°V°I°S°^x[ pa-ja-s°o° ,° / ra-ja _____________ [ ↓ ______________ 80 ______________ [
373	KN Sc(3) 5169	KN Sc(3) 5169, ][[TUN]] _ BIG 1 _ EQU _ '$MO' 1
3730	KN Dv 8302	KN Dv 8302, $sup. $mut. ]-ri-j°o° , / $vest.[
3731	KN Dv 8320	KN Dv 8320, $sup. $mut. ]5[
3732	KN Dv 8332	KN Dv 8332, ] OVIS^m° 300[
3733	KN Dv 8340	KN Dv 8340, $sup. $mut. ]O°V°I°S°^m° 14°[ $inf. $mut.
3734	KN Dd 8356	KN Dd 8356, _________ O°V°I°S°^m° [ ]9 _ O°V°I°S°^f 1°1 $vest. / $vest. ___ $p°a° O°V°I°S°^m°[
3735	KN Db 8357	KN Db 8357, _______________ OVIS^m 4°8° _ OVIS^f [ ]2° ta-u-na-so , / [•-•-•] ,° p°e°-r°i°-q°o°-t°e°-j°o°
3736	KN Dv 8361	KN Dv 8361, ] _______________ OVIS^m 4°4° _ O°V°I°S°^f°[ ]-t°o° , / da-wo , [ __ ]4°1°[
3737	KN Dv 8363	KN Dv 8363, ] ___ $vest. [ ]-u° / $vest. [
3738	KN Dv 8366	KN Dv 8366, ] ___________ $vest.[ ]-*5°6°-wo / su-r°i°-m°o°[
3739	KN Dv 8367	KN Dv 8367, ] _____ $vac.[ ]qe-u / $vac.[
374	KN Sc 5170	KN Sc 5170, ]BIG 1 _ EQU[
3740	KN Dv 8368	KN Dv 8368, ]-ko-so[
3741	KN Dv 8370	KN Dv 8370, ]-ko , / [
3742	KN Dv 8381	KN Dv 8381, $sup. $mut. ]$vest. , / d°a°[
3743	KN Db 8383	KN Db 8383, ]° ____ $vest.? O°V°I°S°^m°[ _ ] OVIS^f 5[ ]°ko-s°o° / ra-to _____________ [ ↓
3744	KN Dv 8384	KN Dv 8384, ]O°V°I°S°^m°[ ] $vest.[ → ] _ 20  [
3745	KN Dv 8390	KN Dv 8390, ] _ $vest. _ [ ] _ $vest. _ [
3746	KN Dv 8391	KN Dv 8391, _________ ] OVIS^m 5[ ]j°a°[ ___ ] OVIS^m 22[
3747	KN Dv 8392	KN Dv 8392, _____________ ]14°0 ]e°-r°a°
3748	KN Dv 8394	KN Dv 8394, ]r°e°-to _ [ ___ ] OVIS^m 3°0[
3749	KN Dv 8395	KN Dv 8395, OVIS^m ]6°0 _ $o OVIS^m 40 _____ ] $vacat?
375	KN Sc 7444	KN Sc 7444, ]TUN 2
3750	KN Dv 8396	KN Dv 8396, ____________ ] $vacat ki-ri-]j°o°-te
3751	KN Dv 8398	KN Dv 8398, ______ ] O°V°I°S°^m° 3°0°[ ru-]k°i°-t°o°
3752	KN Dv 8404	KN Dv 8404, ] _ OVIS^m 3°0°[
3753	KN Dv 8406	KN Dv 8406, ]50
3754	KN Dv 8413	KN Dv 8413, ]to _ OVIS^x[
3755	KN Dv 8420	KN Dv 8420, $sup. $mut. ] O°V°I°S°^m [
3756	KN Dv 8421	KN Dv 8421, $sup. $mut. OVIS^m ]6° _ O°V°I°S°^f[ _____ ] $vac. __ [ $inf. $mut.
3757	KN Dv 8422	KN Dv 8422, $sup. $mut. ]O°V°I°S°^m° 2[ ]O°V°I°S°^m° 20[ $inf. $mut.
3758	KN Dv 8423	KN Dv 8423, $sup. $mut. ] $o OVIS^m 20[ $inf. $mut.
3759	KN Dv 8429	KN Dv 8429, ]4°7 __ [ ] OVIS^m 1[ $inf. $mut.
376	KN Sc 7453	KN Sc 7453, ]t°a°-o _ EQU $Z°E° 1°[
3760	KN Dv 8432	KN Dv 8432, ]29° __ [ $inf. $mut.
3761	KN Dv 8433	KN Dv 8433, $sup. $mut. ]2
3762	KN Dv 8535	KN Dv 8535, ]jo _ [ $inf. $mut.
3763	KN Dv 8562	KN Dv 8562, $sup. $mut. ]$vest._[ ]k°o°-ma-w°e°-to [ $inf. $mut.
3764	KN Dv 8585	KN Dv 8585, $sup. $mut. ]qa-n°a°[-no-to
3765	KN Dv 8636	KN Dv 8636, *83[
3766	KN Dv 8637	KN Dv 8637, ]°a°u°[
3767	KN Dv 8652	KN Dv 8652, ___________ $vest. ______ O°V°I°S°^m° 1°7°9° [ a°-r°u°-[•] / d°a°-*2°2°-t°o° _____ $o° O°V°I°S°^m° 1°
3768	KN Dv 8680	KN Dv 8680, $deest ]6 _ [
3769	KN Dv 8688	KN Dv 8688, ]3°2°[ $inf. $mut.
377	KN Sc(5) 7454	KN Sc(5) 7454, ]BIG 1 _ E°Q°U°[
3770	KN Dv 8692	KN Dv 8692, ]13[ $inf. $mut.
3771	KN Dv 8694	KN Dv 8694, $sup. $mut. ]$vac.[ ]2°0°[ $inf. $mut.
3772	KN Dv 8715	KN Dv 8715, ____ ]6° ] $vacat?
3773	KN Dv 8716	KN Dv 8716, ] ________ O°V°I°S°^m° 8°4° _ O°V°I°S°^f° [ ]j°a°-s°e° ,° / ___ $vest. ___ [
3774	KN Dv 8742	KN Dv 8742, _ ]$vest.[ ]to ,° __ [
3775	KN Dv 8772	KN Dv 8772, $sup. $mut. ]-r°a° ___ $p°a° O°V°I°S°^m°[
3776	KN Dv 8797	KN Dv 8797, a°₃[
3777	KN Dv 8798	KN Dv 8798, ] ______ a°[ ]ni-mo / [
3778	KN Dv 8799	KN Dv 8799, ]$vest.[
3779	KN Dv 8800	KN Dv 8800, ________ ]$vest.?[ ]$vest. / $vest. ____ O°V°I°S°^m° 1°0°0°[
378	KN Sc 7456	KN Sc 7456, ]qo _ TUN 2 _ [
3780	KN Bk 8801	KN Bk 8801, $sup. $mut. ]V°I°R°[ $inf. $mut.
3781	KN Dv 8816	KN Dv 8816, $sup. $mut. ]p°a°-m°o°[
3782	KN Dv 8826	KN Dv 8826, ]1° ] $vac.
3783	KN Dv 8834	KN Dv 8834, _ ]22 _ OVIS^f 10[ u-]t°a°-jo-jo[
3784	KN Db 8836	KN Db 8836, _________ ] _ OVIS^m 78 _ OVIS^f 2°0°[ qa-na-]no-to , _________________ [
3785	KN Dv 9559	KN Dv 9559, $sup. $mut. ]$vest.[ ]$vest.[
3786	KN Dv 9567	KN Dv 9567, _$sup. $mut. ]w°e° _ OVIS^m 30[ _$inf. $mut.
3787	KN Dv 9568	KN Dv 9568, $sup. $mut. ]$vac.[ ] pa-i°[-to
3788	KN Dv 9569	KN Dv 9569, _ ] _ $p°a° OVIS^m 10[ ] _ $vac. ___ [
3789	KN Dv 9570	KN Dv 9570, ] _ OVIS^x[ $inf. $mut.
379	KN Sc(3) 7457	KN Sc(3) 7457, ]BIG 1 _ EQU[ __$inf. $mut. ↓ __$sup. $mut. ] __ t°o° ___ [
3790	KN Dv 9571	KN Dv 9571, ]2 $inf. $mut.
3791	KN Dv 9572	KN Dv 9572, $sup. $mut. ]_ O°V°I°S°^x[ ] _ $vest.?[
3792	KN Dv 9573	KN Dv 9573, ]1 _ OVIS^f 2°0°[ $inf. $mut.
3793	KN Dv 9574	KN Dv 9574, ]1° _ OVIS^f 32[° ____ ]OVIS^m 6[
3794	KN Dv 9576	KN Dv 9576, $sup. $mut. ]$vest.[
3795	KN Dv 9577	KN Dv 9577, ] $vac. ] $vac.
3796	KN Dv 9579	KN Dv 9579, $sup. $mut. ]70[ $inf. $mut.
3797	KN Dv 9580	KN Dv 9580, $sup. $mut. ]2 $inf. $mut.
3798	KN Dv 9581	KN Dv 9581, $sup. $mut. ] $vac. [
3799	KN Dv 9585	KN Dv 9585, $s°u°p°._$m°u°t°. ] $vac. ] $vac.
38	KN Nc 8187	KN Nc 8187, _ $sup. $mut. ]e-ri[
380	KN Sc(2) 7459	KN Sc(2) 7459, ] _ BIG[ _ $inf. $mut.
3800	KN Dv 9586	KN Dv 9586, $sup. $mut. ]*5°6°[ $inf. $mut.
3801	KN Dv 9587	KN Dv 9587, ]d°a°-nwa[ $inf. $mut.
3802	KN Dv 9588	KN Dv 9588, du[
3803	KN Dv 9590	KN Dv 9590, pu-ko[
3804	KN Dv 9591	KN Dv 9591, $sup. $mut. ]no / pa-i°[-to $inf. $mut.
3805	KN Dv 9593	KN Dv 9593, pa-na[
3806	KN Dv 9594	KN Dv 9594, $sup._$mut. ]-qo[ $inf. $mut.
3807	KN Dv 9595	KN Dv 9595, ]°ra-pa[
3808	KN Dv 9596	KN Dv 9596, ]°so-m°o°[
3809	KN Dv 9599	KN Dv 9599, $sup. $mut. __ ] $vac.[ do-]t°i°-ja _ [
381	KN Sc(1) 7460	KN Sc(1) 7460, ]BIG 1
3810	KN Dv 9600	KN Dv 9600, $sup. $mut. _ ] $vest. [ ]w°e°-ma-na _ O°V°I°S°^x[ $inf. $mut.
3811	KN Dv 9601	KN Dv 9601, $s°u°p°. $m°u°t°. ]-no-to[ $inf. $mut.
3812	KN Dv 9602	KN Dv 9602, $sup. $mut. ]$vest. / qa-r°a°[
3813	KN Dv 9603	KN Dv 9603, $sup. $mut. ]-ra-to[ ]$vest.[ $inf. $mut.
3814	KN Dv 9604	KN Dv 9604, $sup. $mut. ]r°a° / p°a°[ $inf. $mut.
3815	KN Dv 9605	KN Dv 9605, $sup. $mut. ]$vest. / tu-ni[-ja
3816	KN Dv 9614	KN Dv 9614, ]$deest[
3817	KN Dv 9615	KN Dv 9615, $sup. $mut. ]$deest[ $inf. $mut.
3818	KN Dv 9616	KN Dv 9616, $sup. $mut. ] __ $p°a°[ OVIS^m
3819	KN Dv 9617	KN Dv 9617, $sup. $mut. __ ]2° _ O°V°I°S°^f°[ ] ___ $vest.[
382	KN Sc 7461	KN Sc 7461, ] _ *$165[
3820	KN Dv 9618	KN Dv 9618, $vest.[ ___ ]$vest.[
3821	KN Dv 9619	KN Dv 9619, $sup. $mut. $vest.[
3822	KN Dv 9620	KN Dv 9620, $s°u°p°. $m°u°t°. ]°$vest.[
3823	KN Dv 9621	KN Dv 9621, $sup. $mut. ]°$vest.[
3824	KN Dv 9622	KN Dv 9622, $sup. $mut. ]$vest.[
3825	KN Dv 9623	KN Dv 9623, $sup. $mut. $vac. [
3826	KN Dv 9624	KN Dv 9624, $sup. $mut. ]$vest.[ $inf. $mut.
3827	KN Dv 9625	KN Dv 9625, $sup. $mut. ]k°i°[ $inf. $mut.
3828	KN Dv 9626	KN Dv 9626, $sup. $mut. ]t°o° _ [
3829	KN Dv 9627	KN Dv 9627, $sup. $mut. ]$vest.[ $inf. $mut.
383	KN Sc 7462	KN Sc 7462, ]BIG[ ↓  ] *$1°6°6°[
3830	KN Dv 9628	KN Dv 9628, $sup. $mut. ]-t°i°[ $inf. $mut.
3831	KN Dv 9629	KN Dv 9629, $sup. $mut. ]$vest.[ $inf. $mut.
3833	KN Dv 9632	KN Dv 9632, ]t°a°₂[ $inf. $mut.
3834	KN Dv 9633	KN Dv 9633, $sup. $mut. ]$vest.[ $i°n°f°. $m°u°t°.
3835	KN Dv 9634	KN Dv 9634, $sup. $mut. ]$vest.[
3836	KN Dv 9635	KN Dv 9635, ]$vest.[ $inf. $mut.
3837	KN Dv 9638	KN Dv 9638, $sup. $mut. ]$vac.[ ]$vac.[ $inf. $mut.
3838	KN Dv 9639	KN Dv 9639, $sup. $mut. ]$vac.[ ]$vac.[ $inf. $mut.
3839	KN Dv 9640	KN Dv 9640, $sup. $mut. ]$vac.[ ]$vac.[ $inf. $mut.
384	KN Sc 7463	KN Sc 7463, ]EQU '$ZE' 1
3840	KN Dv 9641	KN Dv 9641, ]1°0°[ $inf. $mut.
3841	KN Dv 9642	KN Dv 9642, $sup. $mut. ] _ 2°[ $inf. $mut.
3842	KN Dv 9643	KN Dv 9643, $sup. $mut. ]2° _ [ $inf. $mut.
3843	KN Dv 9644	KN Dv 9644, $sup. $mut. ]2°[ $inf. $mut.
3844	KN Dv 9645	KN Dv 9645, $sup. $mut. ] 2°[ $inf. $mut.
3845	KN Dv 9646	KN Dv 9646, ] $vacat
3846	KN Dv 9647	KN Dv 9647, ] $deest
3847	KN Dv 9648	KN Dv 9648, $sup. $mut. ] $vac.
3848	KN Dv 9649	KN Dv 9649, ] $vac. ] $vac.
3849	KN Dv 9650	KN Dv 9650, ] $vac. ] $vac.
385	KN Sc(3) 7464	KN Sc(3) 7464, ] _ EQU[
3850	KN Dv 9651	KN Dv 9651, ] $vac. ] $vac.
3851	KN Dv 9652	KN Dv 9652, ]1° ] $vac. $inf. $mut.
3852	KN Dv 9653	KN Dv 9653, $sup. $mut. ]$vac.[°
3853	KN Dv 9655	KN Dv 9655, $sup. $mut. ]$vest.[ $inf. $mut.
3854	KN Dv 9657	KN Dv 9657, $sup. $mut. ]$vest.[ ]$vest.?[ $inf. $mut.
3855	KN Dv 9659	KN Dv 9659, $sup. $mut. ]$vest.[ $inf. $mut.
3856	KN Dv 9661	KN Dv 9661, ]$vest.[ $inf. $mut.
3858	KN Dv 10012	KN Dv 10012, ]1°0°0° _ [
3859	KN Dv 10016	KN Dv 10016, ] $deest [ _ ] $deest[ $inf. $mut.
386	KN Sc 7466	KN Sc 7466, ]jo _ TUN[
3860	KN Dv 10091	KN Dv 10091, ]$deest[ $inf. $mut.
3861	KN Dv 10092	KN Dv 10092, ]$deest[ $inf. $mut.
3862	KN E 36	KN E 36, pi-ra-me-no , / pa-i-to _ GRA 10[
3863	KN F(1) 71	KN F(1) 71, ka-pa _ GRA[
3864	KN E(1) 132	KN E(1) 132, $sup. $mut. $vest.[ __ GRA 202°[
3865	KN E(1) 165	KN E(1) 165, __ ]2 _ GRA 5[ _ ] 3 _ GRA 4 [ ____ ] _ GRA T[ $inf. $mut.
3866	KN E(1) 288	KN E(1) 288, ra-wa-si-jo _ G°R°A°[
3867	KN E(2) 668	KN E(2) 668, ru-ki-ti-jo _ GRA 246 T 7 tu-ri-si-jo _ GRA 261 _ ra-ti-jo _ GRA 30 T 5
3868	KN E(2) 669	KN E(2) 669, ]t°i°-jo _ GRA 195 _ OLIV+$A 43 _ OLIV+$TI 45 ]i-jo __ GRA 143 _ da-*22-ti-jo _ GRA 70 _ OLIV 45
3869	KN E(2) 670	KN E(2) 670, ]°d°a°-*83-ja-i _ GRA 302 _ OLIV 89°[ ru-ki-ti-jo __ GRA 73 __ o-na-jo _ GRA[
387	KN Sc(3) 7467	KN Sc(3) 7467, ]BIG 1
3870	KN E 749	KN E 749, __ $vacat qa-ra-jo , ____ GRA 25 ru-ki-ti-jo ____ GRA 23°[ ti-ri-ti-jo ____ GRA[ [su-]r°i°-mi-jo __ G°R°A°[ ]1° T 2° 'V 3' qa-mi-jo , _____ GRA 12 T 5 u-ta-ni-jo , ___ GRA[ pu-si-jo , _____ GRA 6°[ __ $vacat __ $vacat __ $vacat ____ [
3871	KN E 777	KN E 777, ko-no-si-ja / ki-ri-te-wi-ja-i _ LUNA 1 _ GRA 100[ a-mi-ni-si-ja __________________ LUNA 1 _ GRA 100 [ pa-i-ti-ja _____________________ LUNA 1 _ GRA 100[ ↓ a-ze-ti-ri-ja _________________________ GRA 1°0°[ ___$reliqua $pars $sine $regulis
3872	KN E 842	KN E 842, ] _____________ di-wo[ ]ra , te-o-i / me-a-de [ ]O°L°I°V° 24 T 4° ___ C°Y°P°[ _] T 2 _ me-na __ GRA 2 T 4°[ ]pe-ro₂-[ ____ ] 2 T 4 _ ki-da-ro _ GRA 2°2°[  ]t°o°-so  GRA[
3873	KN E 843	KN E 843, __ $vacat ___ [ e-me-si-jo-jo[ pa-na-so ____ GRA 100[ ta-ra-qo ____ GRA [ ta-u-pa-du-we G°R°A°[ a-r°o°-ja[ pu-na-so[ __ $inf. $mut. fr._separatum (B) $sup. $mut. ] _ 3°[ ]$vac.[ $inf. $mut.
3874	KN E 846	KN E 846, _ ]°ra-wa-e-si-jo , / to[ t°o°-so ________ GRA 22[
3875	KN E 847	KN E 847, ]no-so / a-no-qo-ta-o ____________ LUNA 1  GRA 10 T 2[  _] LUNA 1 GRA 12 T 7° da-na-mo __ LUNA 1 GRA 1°1°[ ]T° 7 [
3876	KN E 848	KN E 848, ]°q°a°-sa-ro-we[ _____________________ ] a-ma ]° GRA 6°2[ _____________________________ ] 8
3877	KN E 849	KN E 849, pu-ta-ri-ja , pe-ra[ to-so ____ GRA 130[
3878	KN E 850	KN E 850, ]ma-si-jo a-ma _ GRA 132 T 5
3879	KN E 971	KN E 971, ___]$vest. _____________ [ se-]to-i-ja , o-pa _ GRA[
388	KN Sc(5) 7468	KN Sc(5) 7468, ]2 _ BIG[
3880	KN E 1035	KN E 1035, o-ta-re-wo / a-ma _ GRA 100[ ↗ wi __$inf. $mut.
3881	KN E 1569	KN E 1569, ]°do-ti-ja _ GRA 48 _ 'pe-ma' ]°ra-wa-ke-si-jo _ GRA 10 T 5
3882	KN E 1574	KN E 1574, ]GRA 4 T 2 ] $vacat
3883	KN E 4466	KN E 4466, ]ri-mi-jo _ GRA 10[ _ ] GRA 35 __ ri-[ _ ]ri-jo _ GRA[
3885	KN E 5556	KN E 5556, $sup. $mut. __ ]$vac.[ __ ]GRA 2 ] _ GRA 2 __ ]G°R°A° 2°[ $inf. $mut.
3886	KN E 7338	KN E 7338, ] GRA 100 _ [
3887	KN E 7339	KN E 7339, ]i° , / pa-i° __ [ _ ]-m°a°-k°o°-r°o° _ GRA[
3888	KN E 7340	KN E 7340, ]GRA 200[ ___ ]140[
3889	KN E 7350	KN E 7350, ]3 _____________ [ ]4° _ LUNA _ GRA 1[
389	KN Sc(2) 7469	KN Sc(2) 7469, ]  TUN _ BIG[ ↓ ]a-*4°7°-wi[
3890	KN E 7354	KN E 7354, ] 33 T 5 [
3891	KN F(1) 7364	KN F(1) 7364, ]GRA 77 T 5[
3892	KN E(1) 8122	KN E(1) 8122, ]e-pi-ke-to _ GRA 30[
3893	KN E(1) 8435	KN E(1) 8435, _ $sup. $mut. ] $vac. [ ]G°R°A° 1°0°0°[ _ $inf. $mut.
3894	KN E 9178	KN E 9178, $sup. $mut. ]1° _ LUNA 1 _ GRA [
3895	KN E 9295	KN E 9295, $sup. $mut. ] GRA+$PE 10[
3896	KN E 9322	KN E 9322, ] G°R°A°+$PE[ ]$vac.[ $inf. $mut.
3897	KN E 9754	KN E 9754, ]wa , $pe GRA 50[ _ ]G°R°A° 25 __ [
3898	KN E 9840	KN E 9840, ]GRA 3°0[ $inf. $mut.
39	KN Nc 8276	KN Nc 8276, [•]-jo _ [ _ $inf. $mut.
390	KN Sc(5) 7470	KN Sc(5) 7470, ]BIG[
3900	KN F(1) 51	KN F(1) 51, HORD T 7 V 5 Z 3°[ → wa HORD T 1 V 3 _ po-ro-de-°qo-no V 2 Z 2 di-we HORD T 1 _ HORD T 4 Z 1 _ ma-q°e° HORD V 6
3901	KN F(1) 153	KN F(1) 153, $sup. $mut. a°-t°a°-ti-nu ___ T°[ _ ]V°[ a-e-da-do-ro _ T 3 _[[V 2°]] a-me-ja ______ T 3 _ V 2 __________ ] _ T 4 __________ ] $vacat __________ ] $vacat $inf. $mut. fr._separatum (B) $sup. $mut. _ ]$vest.[ e-u-ko-me[ p°e°-qe-u°[ ]$vac.[ $inf. $mut. → $sup. $mut. _____ ]-me-n°o° [•]-pi ta-pa-no ne-je-ta[ a-ka-i-jo[ a-ri-we-w°e°[ $inf. $mut. fr._separatum (B) $sup. $mut. _ ][ _ ][  ]$vac.[ ][  ]$vac.[ _][ $inf. $mut.
3902	KN F(1) 157	KN F(1) 157, e-ko-so , / to-so _ GRA 400[ ___________ ]O°L°I°V° 82 _ T 4 CYP+$KU 5 T 3 CYP[+•?] 1[ ________________ ]T° 7 __ $vacat _________________ [ _______________] $inf. $mut. __ $vacat _________________ [ → a°-ko-ra-ja _ / _ k°u°[ _________ ] $vacat? $vacat ____________ [ _________ ] $sine $regulis __$inf. $mut.
3903	KN F(1) 193	KN F(1) 193, te-ra-po-ti _ HORD 9 T 8 V 3
3905	KN F 726	KN F 726, ]wi-jo-jo ___ e-ra[ ]w°o° _ OLE+$A _ V 1 [
3906	KN F 741	KN F 741, ___$sup. $mut. _________ ]-to[ __ ] 'da-*22-to' _ HORD 2 ]-r°o° 'da-*22-to' _ HORD 2 ]-ri 'da-*22-to' _ HORD 2 ____ ] $vacat ___$inf. $mut. fr._separatum (B) __ $sup. $mut. ______]d°a°-*22-to _ HORD [ ______da-]*22-to _ H°O°R°D°[ __ $inf. $mut.
3907	KN F(2) 841	KN F(2) 841, __ ]-ti-ja , sa-pi-ti-n°e°-we-jo _____ [ ]°a-di-*22-sa ____ GRA+$PE T 5° ___ $NI 8[ ]°n°o°-di-mi-zo-jo[ _____ ] ,° GRA+$PE 2 _ $NI 34[ pa-i-to , mi-sa-ra-j°o° , sa-pi-ti-ne-we-jo[ su-za , _ $NI 75 __________ ka-po , e-[ _____ ]wa , _ OLIV 46 _______ e-ra-wa[ ___________ ] _ $vacat ______________ [ ___________ ] _ $vacat ______________ [
3908	KN F(2) 844	KN F(2) 844, ]ja __ GRA 20 _ T 5 __ [ ]  OLIV+$A 10 _ T 2 ____ [ ]1 _ O°L°I°V° 10 _ T 2 __ [
3909	KN F(2) 845	KN F(2) 845, ] ______ a-ma ]r°o° , / da-mo _ GRA [ ]8 _ OLIV+$A 12
391	KN Sc 7471	KN Sc 7471, ]BIG 1 _ $ZE ↓ ']-j°a°' _ k°a°-wo
3910	KN F(2) 851	KN F(2) 851, ] __ e-pi-ke-re ___ [ ]i° / __ a-ma __ GRA [ ] _______ OLIV+$A 46[ → ][[6°40]][ ][[1°17]][
3911	KN F(2) 852	KN F(2) 852, da-wo / a-ma , e-pi-ke-re _ GRA 103°00[ _ OLIV+$A 70 __ OLIV+$TI 20 __ CYP+$O 12°[
3912	KN F(2) 853	KN F(2) 853, ] __ GRA 500[ ] __ OLIV+$TI 3 T [
3913	KN F(2) 854	KN F(2) 854, $sup. $mut. _____________________ ]$vest.[ ___ ]n°a°-r°o°__ GRA 5 ]-do-we-i , ma-so-qe _ GRA 8 ] __ $vacat __ ] ___ GRA 402 _ OLIV+$A 52 $reliqua $pars $sine $regulis
3914	KN F(2) 866	KN F(2) 866, ]n°i°-jo / di-ka-ta-de _ $NI 10 _ ma-s°a°[
3915	KN F(2) 5001	KN F(2) 5001, _ $sup. $mut. ]80 _ OLIV+$A 3°0[ ] _ $vac. _ [ ] _ $vac. ________________________________ [ ]GRA _ 3 _ OLIV+$A 2 _ $NI 1 _ T 3 _ V°[ ]3[ ____ ] _ $vacat ___________________________ [ ____ ] _ $vacat ___________________________ [
3916	KN F(2) 5043	KN F(2) 5043, _ $sup. $mut. _ ]T 4 _ OLIV 4 [ _ ]2°[ ]T 9 _ OLIV 29 _ T° 1 _ C°Y°P°+$KU 2° _ T 2
3917	KN F(1) 5079	KN F(1) 5079, ka-ma[ di-pa-te[ _ ka-[ i-je-[ [_]ka-ma[ sa-i-[ i-je-[ → ]30 ]i° __ C°Y°P°+$O° 6 ]da-j°o° ]r°o° ,°  C°Y°P+$O° 5 ]m°o° _ 1° ] ,° _ C°Y°P°+$O° 5 ]$vest. 1° ] _ 4
3918	KN F(2) 7050	KN F(2) 7050, ]104 _ OLIV 120 _ C°Y°P°+$O[ ]GRA 4°5°3° _______ [ $inf. $mut.
3919	KN F 7337	KN F 7337, ]24 _ S[
392	KN Sc(1) 7473	KN Sc(1) 7473, ]BIG 1 _ EQU[ _ $inf. $mut.
3920	KN F(2) 7343	KN F(2) 7343, _ ]44°[ ]80 _ $NI[
3921	KN F(2) 7345	KN F(2) 7345, ]111 T 3 __ OLIV+$A 53 _ OLIV+$TI 6 _ T 7[ ] _ $vac.
3922	KN F(2) 7346	KN F(2) 7346, ] $NI 612°[
3923	KN F(2) 7357	KN F(2) 7357, ]4° _ OLIV 30[
3924	KN F(1) 7359	KN F(1) 7359, ]T 1 _ V 4
3925	KN F(1) 7360	KN F(1) 7360, ]1 _ T 6
3926	KN F(1) 7362	KN F(1) 7362, T 2 V 1 [° ↓ ke-ki [°
3927	KN F 7542	KN F 7542, _ ]31  $KO 25 ]6 S° 1 OLE 9
3929	KN F 8000	KN F 8000, $sup. $mut. ]O°L°I°V°+$A° 8° T° 5°[
393	KN Sc(2) 7474	KN Sc(2) 7474, _ $sup. $mut. ]BIG[
3930	KN F(1) 8139	KN F(1) 8139, ja-na-ti[ ↓ V 1[
3932	KN F(1) 9110	KN F(1) 9110, ]2°0° _ OLE 2°[
3933	KN F 9179	KN F 9179, _ $sup. $mut. ]2 V 4°[
3934	KN Fh 339	KN Fh 339, o-pa-wo-ne-ja / to-qa _ OLE 24
3935	KN Fh 340	KN Fh 340, ka-ro / a-pu-do-si _ '$te' OLE 23 _ S 2
3936	KN Fh 341	KN Fh 341, pe-da-i-ra / du-ni-ja _ OLE 4 _ S 2 _ V 1
3937	KN Fh 342	KN Fh 342, a-ne-ra-to _ OLE 2 _ do-re-we _ OLE 2
3938	KN Fh 343	KN Fh 343, du-pu₂-so / zo-a _ OLE 15 _ e-pi-ko-wa _ O°L°E° 1° _ S 1 _ V 3
3939	KN Fh 344	KN Fh 344, ka-pa-ri-jo-ne _ OLE 1
394	KN Sc 7475	KN Sc 7475, ]w°a° _ TUN 1[
3940	KN Fh 345	KN Fh 345, du-ru-po _ OLE _ V 1
3941	KN Fh 346	KN Fh 346, a₃-ki-pa-ta _ OLE 2[
3942	KN Fh 347	KN Fh 347, ma-ro-ne / ku-pi-ri-jo _ OLE 6 _ S 2 _ $MU 5 we-we-r°o° , / o-no _ OLE 1 _ a-ri-to-[•-]j°o° _ OLE _ V 2
3943	KN Fh 348	KN Fh 348, o-no , i-su-ku-wo-do-to , _ OLE 1 _ S 1 qe-te-o , [[°te-o]]° _ OLE 1
3944	KN Fh 349	KN Fh 349, ru-ki-to / a-pu-do-si _ OLE 53 _ V 3
3945	KN Fh 350	KN Fh 350, po-ro-ko-wa _ OLE 2
3946	KN Fh 351	KN Fh 351, *47-so-de _ OLE _ V 3
3947	KN Fh 352	KN Fh 352, de-u-jo-i _ OLE _ S 1
3948	KN Fh 353	KN Fh 353, ra-ma-na-de / de-ma-si _ 'OLE' _ S 1
3949	KN Fh 355	KN Fh 355, qa-ti-ja / zo-a _ OLE 30
395	KN Sc 7476	KN Sc 7476, _ $sup. $mut. ______] __ BIG[ ↓ a-mi-]n°i°-si-jo[ _ $inf. $mut.
3950	KN Fh 356	KN Fh 356, o-mi-ri-jo-i _ OLE 1[ ]
3951	KN Fh 357	KN Fh 357, *47-so-de _ OLE 2 _ S 1 e-ra-de ___ OLE 2 _ V 1
3952	KN Fh 358	KN Fh 358, ] , to-ro-qa _ OLE 10
3953	KN Fh 359	KN Fh 359, ________________ zo-a[ ku-do-ni-ja / e-te-j°a°[
3954	KN Fh 360	KN Fh 360, ___________ ki-ra-*56-so , u[ ma-si-dwo / me-[
3955	KN Fh 361	KN Fh 361, ________________ OLE 21 _ S 2 _ [ ____ ] $vac. ku-pi-ri-jo / o-no zo-a _ OLE 3° _ V° 3°
3956	KN Fh 362	KN Fh 362, [[ne-wo ____ O°L°E° 8°3 __ ]] tu-[ __________ ] 7 _ V° 2
3957	KN Fh 364	KN Fh 364, ]-ke , a-ku-tu-ru-wo[ _ ]u-te-si _____ OLE[
3958	KN Fh 365	KN Fh 365, da-]*83-ja-de __ OLE _ V 1 ___]d°a°-so-de ___ OLE _ V 1
3959	KN Fh 366	KN Fh 366, to-so / a-pu-do[-si
396	KN Sc 7478	KN Sc 7478, ]EQU $ZE 1[
3961	KN Fh 368	KN Fh 368, o-pi , du-ru-po _ OLE _ S 1 [°
3962	KN Fh 369	KN Fh 369, zo-a / a-ra-si-jo _ O°L°E°[
3963	KN Fh 370	KN Fh 370, ] ________ ko-no-so[ _ ]  ]mu-to / de-ka-sa-to  [ _ ]OLE 7°0
3964	KN Fh 371	KN Fh 371, ]o-se-ko-do / ku-pi-ri-jo _ OLE 13 _ S 1 _ $MU 10
3965	KN Fh 372	KN Fh 372, ku-pi-ri-jo / o-no _ OLE 150
3966	KN Fh 373	KN Fh 373, tu-ni-ja-d°e° , / te-[
3967	KN Fh ‹374›	KN Fh ‹374›, a-pu-d°o°[
3968	KN Fh 375	KN Fh 375, ]ne-wo _ OLE 10[
3969	KN Fh ‹376›	KN Fh ‹376›, ?to-]ro-qa _ OLE 1[
397	KN Sc(4) 7479	KN Sc(4) 7479, ]EQU‹+$QE› $ZE 1 _ [°
3970	KN Fh 377	KN Fh 377, ]s°i° _ OLE 152 _ V 2
3971	KN Fh ‹378›	KN Fh ‹378›, ]ma-qa-to _ OLE[
3972	KN Fh ‹379›	KN Fh ‹379›, a-]pu-do-si _ OLE 17 _ S 2[
3973	KN Fh 380	KN Fh 380, ]jo-te / zo-a _ OLE 33 _ S 1 _ e-pi-ko-w°a°[
3974	KN Fh ‹381›	KN Fh ‹381›, ]po-ro-ko-wa , a[
3975	KN Fh ‹382›	KN Fh ‹382›, ko-ro-ja-ne _ OLE [
3976	KN Fh ‹383›	KN Fh ‹383›, ku-do[
3977	KN Fh ‹384›	KN Fh ‹384›, ]re-pi-ru-nu-we[
3978	KN Fh ‹385›	KN Fh ‹385›, do-ni-ja[
3979	KN Fh 386	KN Fh 386, ka-ke-we _ OLE+$O _ S 1 _ V 1
398	KN Sc 7480	KN Sc 7480, ]j°o° ,° to-wo _ TUN[
3980	KN Fh ‹387›	KN Fh ‹387›, ]te-o[
3981	KN Fh ‹388›	KN Fh ‹388›, tu-ri[
3982	KN Fh ‹389›	KN Fh ‹389›, ]qa-nu-we[
3983	KN Fh ‹390›	KN Fh ‹390›, e-ri-nu[
3984	KN Fh ‹391›	KN Fh ‹391›, ]ro-to-qa _ OLE 20[
3985	KN Fh ‹392›	KN Fh ‹392›, u-ru-pi-ja[
3986	KN Fh 393	KN Fh 393, *47-so-de[
3987	KN Fh 462	KN Fh 462, __ ]-si-ja _ V 1 _ a-ri-ja-wo-ne _ [ ] $vac. ]si-ja / e-to-wo-ko _ V 3 _ *47-so-de _ S 1 ↓ ]de _ V 3 _ ] $vacat
3988	KN Fh 1056	KN Fh 1056, ra-pte-re _ OLE _ V 3
3989	KN Fh 1057	KN Fh 1057, *56-i-ti _ OLE _ S 1
399	KN Sc 7481	KN Sc 7481, ]u _ TUN 2
3990	KN Fh 1059	KN Fh 1059, wi-na-jo / e-ra-jo _ OLE _ V 1
3991	KN Fh 2013	KN Fh 2013, ]j°a°-[•]-jo / pe-da⸤ ⸥i-je-[
3992	KN Fh 2014	KN Fh 2014, ]de _ OLE [[S ___ ]] OLE  S 2 ↓ ]ra-i / ko-[ ___ ] _ OLE  S 1
3993	KN Fh 5246	KN Fh 5246, ku-pi-ri-jo / ma-ro-ne _ OLE 100 __ [
3994	KN Fh 5428	KN Fh 5428, wi-ri-ne-we _ OLE 12 _ S 1
3995	KN Fh 5429	KN Fh 5429, wa-po _ OLE [
3996	KN Fh 5430	KN Fh 5430, *47-so-d°e°[
3997	KN Fh 5431	KN Fh 5431, o-na , de-m°i°-n°i°-jo _ OLE 2 _ S 2
3998	KN Fh 5432	KN Fh 5432, ]-pte-si / [•]-u-pi-ri-[•]-i° _ O°L°E° _ S 1 ↓ ]de-ma-si _ OLE 2
3999	KN Fh 5434	KN Fh 5434, to-]s°o° / a-pu-do-si _ OLE[
4	KN Nc 4475	KN Nc 4475, me-r°i°[
40	KN Nc 8286	KN Nc 8286, ]no-ro _ [ _ $inf. $mut.
400	KN Sc(2) 7483	KN Sc(2) 7483, ]EQU '$Z°E°' 1°
4000	KN Fh 5435	KN Fh 5435, wi-ri-ne-we _ [
4001	KN Fh 5436	KN Fh 5436, ]-de , / zo-a _ OLE 23 _ S 1
4002	KN Fh 5437	KN Fh 5437, ] S 2
4003	KN Fh 5442	KN Fh 5442, a-]mi-ni-s°i°[ $inf. $mut.
4004	KN Fh 5443	KN Fh 5443, ro-ru[ ↓ u°-ta-no , [
4005	KN Fh 5444	KN Fh 5444, ]$vest. / a-pu-do[
4006	KN Fh 5446	KN Fh 5446, ku-pi-ri-jo / u-ne[ _ to-ro-qa / a-nu-[
4007	KN Fh 5447	KN Fh 5447, ]-ki-ro / ku-pi-ri-jo⸤ ⸥o-no _ OLE 9° _ S[
4008	KN Fh 5450	KN Fh 5450, ]me-no _ OLE 2 _ S 2
4009	KN Fh 5451	KN Fh 5451, _______________ za-we-te ________ [ a-mi-ni-si-ja / a-pu-do-s°i° _ OLE 30[
401	KN Sc 7506	KN Sc 7506, _ $sup. $mut. ]B°I°G° _ E°Q°U°[
4010	KN Fh 5452	KN Fh 5452, ] $MU 7
4011	KN Fh 5453	KN Fh 5453, __________ ko-[ zo-a / a-[
4012	KN Fh 5455	KN Fh 5455, $sup. $mut. ]no _ OLE _ V 1[
4013	KN Fh 5456	KN Fh 5456, ta-nu-[
4014	KN Fh 5457	KN Fh 5457, ]OLE 70
4015	KN Fh 5458	KN Fh 5458, ] _ OLE _ V 3° _ [
4016	KN Fh 5459	KN Fh 5459, a-]p°u°-d°o°-s°i° _ O°L°E° 3°7 _ S 1
4017	KN Fh 5463	KN Fh 5463, qa-to-no-r°o°[
4018	KN Fh 5465	KN Fh 5465, ko-ki-de-jo / qa[
4019	KN Fh 5467	KN Fh 5467, ] _____ di-ka-ta-de[ ]de / i-je-[ ________ ]O°L°E° 1 V° 1°[
402	KN Sc 7772	KN Sc 7772, ] [[TUN]] _ B°I°G°[ ↓ a-]m°i°-ni-si-jo[
4020	KN Fh 5471	KN Fh 5471, ]s°i°-na-jo _______ [ ]-ni-ja-mo _ [
4021	KN Fh 5475	KN Fh 5475, $sup. $mut. qe-ra-si-[
4022	KN Fh 5477	KN Fh 5477, ]r°a°-u-to[
4023	KN Fh 5479	KN Fh 5479, ]*47-so-de / wa-u-so[
4024	KN Fh 5481	KN Fh 5481, ] _ OLE _ S 1
4025	KN Fh 5483	KN Fh 5483, ] _ S 1 $inf. $mut.
4026	KN Fh 5486	KN Fh 5486, _ $sup. $mut. ]k°o°-pe-re-we _ O°L°E°[ _ $inf. $mut.
4027	KN Fh 5487	KN Fh 5487, *56-i°-ti-j°e°[
4028	KN Fh 5490	KN Fh 5490, _ $sup. $mut. ]ku-pi-r°i°[-jo _ $inf. $mut.
4029	KN Fh 5493	KN Fh 5493, ]no _ O°L°E°[ $inf. $mut.
403	KN Sc 7782	KN Sc 7782, ]ta _ [[TUN]]  BIG[ ↓ a-]mi-ni-si-j°o°[
4030	KN Fh 5494	KN Fh 5494, z°e°-[ $inf. $mut.
4031	KN Fh 5497	KN Fh 5497, to-ro-qa __ OLE 5
4032	KN Fh 5498	KN Fh 5498, ] ________________ OLE _ S 1[ ]OLE _ S 1 _ ru-do-ro-i°
4033	KN Fh 5501	KN Fh 5501, *47-so-de _ OLE 1
4034	KN Fh 5502	KN Fh 5502, _______________________ V 2°[ ku-ru-me-ne-jo / de-u-k°i°-j°o°[
4035	KN Fh 5503	KN Fh 5503, ]O°L°E° _ 339 _ V 5
4036	KN Fh 5505	KN Fh 5505, me-ra-de OLE S 1
4037	KN Fh 5506	KN Fh 5506, __________ ] _ $vest. __________ [ [•-•]-ra-de / ne-wo-jo ___ OLE 4[ ] $vac. [
4038	KN X 6001	KN X 6001, ]wa-ja , / qa-s°a°[
4039	KN F 7336	KN F 7336, ]OLE 2 _ S 2
404	KN Sc 7798	KN Sc 7798, ] EQU $ZE[
4040	KN Fh 8299	KN Fh 8299, ]-q°o°-ta / to-qa _ O°L°E°[
4041	KN Fh 8436	KN Fh 8436, ]$vac.[ ___ ] _ V 4°[
4042	KN Fh 8740	KN Fh 8740, ] ____ OLE _ 2°[ ____ ]1°
4043	KN Fh 8802	KN Fh 8802, $sup. $mut. ___ ]$vest.[ _ ]o[ ] __ O°L°E° __ 1°0° _ [ ] _ $vac. ______ [
4044	KN Fh 9008	KN Fh 9008, $sup. $mut. ]32[ $inf. $mut.
4045	KN Fh 9017	KN Fh 9017, $s°u°p°. $m°u°t°. ]°e°-r°a°-[
4046	KN Fh 9021	KN Fh 9021, ]S° 1[ $inf. $mut.
4047	KN Fh 9030	KN Fh 9030, ]$vest.[ $inf. $mut.
4048	KN Fh 9042	KN Fh 9042, ]°d°o°[ $inf. $mut.
4049	KN Fh 9043	KN Fh 9043, $sup. $mut. ]O°L°E°[ $inf. $mut.
405	KN Sc 7821	KN Sc 7821, _ $sup. $mut. ] _ TUN[
4050	KN Fh 9058	KN Fh 9058, $sup. $mut. ]$vest.[ $inf. $mut.
4051	KN Fh 9062	KN Fh 9062, ]OLE 3[
4052	KN Fh 9063	KN Fh 9063, $sup. $mut. ]ni-ja _ OLE 1°[
4053	KN Fh 9064	KN Fh 9064, ]*4°7°-so-de _ [
4054	KN Fh 9065	KN Fh 9065, $sup. $mut. ]__ S°[
4055	KN Fh 9066	KN Fh 9066, ]2 _ V 3
4056	KN Fh 9067	KN Fh 9067, $sup. $mut. da-]*83-ja-de / $vest. [
4057	KN Fh 9068	KN Fh 9068, ]n°e°-[ ____ ]$vest.[ $inf. $mut.
4058	KN Fh 9070	KN Fh 9070, ]a°-p°a°-to-re[ $inf. $mut.
4059	KN Fh 9071	KN Fh 9071, $sup. $mut. ]O°L°E° 2 _ S° 1°[ $inf. $mut.
406	KN Sc 7849	KN Sc 7849, _ $sup. $mut. ]-j°a° _ BIG[
4060	KN Fh 9072	KN Fh 9072, $sup. $mut. ] _ ru-ki[ $inf. $mut. →? $sup. $mut. ]_$vest._[ $inf. $mut.
4061	KN Fh 9073	KN Fh 9073, $sup. $mut. $vest. [ $vest. _ [ __ $vacat __ $vacat
4062	KN Fh 9074	KN Fh 9074, $sup. $mut. ]w°a°-t°e°[ $inf. $mut.
4063	KN Fh 9076	KN Fh 9076, ]j°e°-w°e°[ $inf. $mut.
4064	KN Fh 9077	KN Fh 9077, *56-ti[ __________ ]1 _ S 1
4065	KN Fh 9078	KN Fh 9078, $sup. $mut. ]$vest. __ [
4066	KN Fh 9079	KN Fh 9079, $sup. $mut. a°[
4067	KN Fh 9080	KN Fh 9080, ]S 2 ↓ ]1°
4068	KN Fh 9081	KN Fh 9081, $sup. $mut. ]3°[
4069	KN Fh 9084	KN Fh 9084, ]5 $inf. $mut.
407	KN Sc 7882	KN Sc 7882, ]$vest. / [ ]ni-k°o° [[TUN]] n°a°[
4070	KN Fh 9085	KN Fh 9085, $sup. $mut. ]$vest.[ ]$vest.[ $inf. $mut.
4071	KN Fh 9088	KN Fh 9088, $sup. $mut. ]$vac.[
4072	KN Fh 9089	KN Fh 9089, ]$deest[
4073	KN Fh 9090	KN Fh 9090, $sup. $mut. ]$deest[°
4074	KN Fh 9091	KN Fh 9091, $vest.[
4076	KN Fh 9094	KN Fh 9094, ]d°e° _ O°L°E°[ $inf. $mut.
4077	KN Fh 9097	KN Fh 9097, ]°a°₃-m°i°[ $inf. $mut.
4078	KN Fh 9098	KN Fh 9098, $sup. $mut. ]r°a°[ $inf. $mut.
4079	KN Fh 9099	KN Fh 9099, $sup. $mut. ]q°a°[ $inf. $mut.
408	KN Sc 7889	KN Sc 7889, _ $sup. $mut. ]B°I°G° 1° _ E°Q°U°[
4080	KN Fh 9100	KN Fh 9100, $sup. $mut. ]j°a°-[
4081	KN Fh 9101	KN Fh 9101, w°i°[ $inf. $mut.
4082	KN Fh 9102	KN Fh 9102, $sup. $mut. ]$vest.[ ]$vac.[ $inf. $mut.
4083	KN Fh 9103	KN Fh 9103, $sup. $mut. ]1°[ $inf. $mut.
4084	KN Fh 9104	KN Fh 9104, $sup. $mut. ]$vest.? [ ] $vac. [ $inf. $mut.
4085	KN Fh 9107	KN Fh 9107, $sup. $mut. ]$vest.[ $inf. $mut.
4086	KN Fh 9108	KN Fh 9108, $sup. $mut. ]$vest.[ $inf. $mut.
4087	KN Fh 9149	KN Fh 9149, ] $vacat
4088	KN Fp(1) 1	KN Fp(1) 1, _ de-u-ki-jo-jo __ 'me-no' di-ka-ta-jo / di-we ___ OLE S 1 da-da-re-jo-de _ OLE S 2 pa-de __ OLE  S 1 pa-si-te-o-i _ OLE 1 qe-ra-si-ja __ OLE S 1[ a-mi-ni-so , / pa-si-te-o-i S 1[ e-ri-nu , __ OLE V 3 *47-da-de __ OLE V 1 a-ne-mo , / i-je-re-ja V 4 __ $vacat to-so _ OLE 3 S 2 V 2
4089	KN Fp(1) 5	KN Fp(1) 5, di-wi-jo-jo _ 'me-no' _ qe-ra-si-ja _ OLE _ S 1 pa-si-te-o-i _ OLE _ S 1 __ $vacat ↓
409	KN Sc 7996	KN Sc 7996, ]T°U°N° 2
4090	KN Fp(1) 6	KN Fp(1) 6, ka-ra-e-ri-jo / pa-si-te-o-i S 1 qe-ra-si-ja _ OLE S 1
4091	KN Fp(1) 7	KN Fp(1) 7, ka-ra-e-ri-jo , 'me-no' _ [° di-ka-ta-de , _ OLE _ S 1°[°
4092	KN Fp(1) 13	KN Fp(1) 13, _ ra-pa-to 'me-no' , *47-ku-to-de _ OLE _ V 1 _ pi-pi-tu-na _ V 1 au-ri-mo-de _ OLE _ V 4 _ pa-si-te-o-i _ S 1 _ qe-ra-si-ja _ S 1 a-ne-mo-i-je-re-ja _ OLE 1 _ u-ta-no , 'a-ne-mo-i-je-re-ja' S 1 V° 3
4093	KN Fp(1) 14	KN Fp(1) 14, ____________ me-no ______ OLE a-ma-ko-to , _____ / jo-te-re-pa-to , // e-ke-se-si _ V 1 qe-ra-si-ja _ S 1 _ a-mi-ni-so-de , / pa-si-te-o-i _ S 2 a-re V°[
4094	KN Fp(1) 15	KN Fp(1) 15, ka-ra-e-ri-jo , / me-no *56-ti _ S 2 , pa-si-te-o-i _ S 1
4095	KN Fp(1) 16	KN Fp(1) 16, wo-de-wi-jo , 'me-no' , pa-si-te-o-i _ S 1 _ qe-ra-si-jo _ OLE _ S 1
4096	KN Fp(1) 18	KN Fp(1) 18, da-da-re-jo-de , / ka-ra-e-ri-jo , m°e°[-no _________]jo _ S 1 pa-si-te-o-i _ S 1 [
4097	KN Fp(1) 30	KN Fp(1) 30, to-so-[ ↓ ko-no[
4098	KN Fp(1) 48	KN Fp(1) 48, __ wo-de-wi-jo , 'me-no' / si-ja-ma-to _ OLE _ S 2 pa-de , S 1 _ qe-ra-si-ja _ S 1 _ pa-si-te-o-i _ S 1° __ a-mi-ni-so-de , / pa-si-te-o-i _ OLE _ S 1
4099	KN Fp(2) 354	KN Fp(2) 354, ]ka-ra-e-i-jo _ OLE 1 _ S 2 ]jo ___________ OLE _ V 1 _ pa-ja-ni-jo _ OLE _ V 1
41	KN Nc 8300	KN Nc 8300, ]-r°a°-ma[ _ $inf. $mut.
410	KN Sc(5) 8081	KN Sc(5) 8081, _ $sup. $mut. ]EQU 1
4100	KN Fp(2) 363	KN Fp(2) 363, qe-te-a , te-re-no _ OLE [ da-*83-ja-de / i-je-ro _ S 2 _ ki-ri-te-wi-ja , [ di-wo-pu-ka-ta _________ S 2 __________________ [ ____________ ] _ $vacat ________________________ [
4101	KN Fp(2) 5472	KN Fp(2) 5472, ku-pi-ri-jo / ______ su-ko-ne __ O°L°E° [  si-ja-m°a°[ ________ ] ___________ OLE 1 _ S [ _ ]$vest.[ ________ ]de _________ O°L°E° 2 _ [ _ ] _ $vacat __________________________ [
4102	KN Fp(2) 5504	KN Fp(2) 5504, a-ka-ta-ra-te-so-de _ OLE 1°0°
4104	KN Fs 2	KN Fs 2, _____________ HORD _ T 1 _ $NI _ V 3 _ OLE _ Z 2 sa-na-to-de , FAR _ V 1 _ VIN _ V 1 ↓ $ME+$RI _ Z 1
4105	KN Fs 3	KN Fs 3, _________________ HORD _ T 1 _ $NI _ V 3 a-*65-ma-na-ke / me-na _ FAR _ V 1 _ OLE _ Z 1
4106	KN Fs 4	KN Fs 4, ________________ HORD _ T 1 _ $NI _ V 3 _ FAR _ V 2 _ VIN V 2  a-ro-do-ro-o , / wa-k°e°-ta , HORD _ T 1 _ $NI _ V 3 _ OLE  V 1 ↓ $ME+$RI _ Z 2
4107	KN Fs 8	KN Fs 8, _______ HORD _ T 1 _ $NI _ T 1[ pa-de , FAR _ V 2 [ ↓ $ME+$RI *211^VAS+$PO _ 1[
4108	KN Fs 9	KN Fs 9, ] ________ [[HORD]] HORD[ ]ki-to , / o-ja-de , [ ↓ ]Z 1 ________________[
4109	KN Fs 11	KN Fs 11, ] ______________ HORD _ T 1 _ $NI _ T 1 _ FAR _ V 2 _ VIN _ V 2 ]qe-sa-ma-qa , / ta-mi-te-mo , HORD _ T 1 _ OLE _ V 1 ↓ ]$ME+$R°I° _ Z 2
411	KN Sc(1) 8124	KN Sc(1) 8124, ]w°o° _ TUN[ _ $inf. $mut.
4110	KN Fs 12	KN Fs 12, ]1 _ $NI _ V 3 _ VIN _ V 1 ]2° _ OLE _ Z 2
4111	KN Fs 17	KN Fs 17, ]i , HORD _ T 1 _ $NI _ V 3 _ OLE _ Z 2 _ [ ]FAR _ V 1 _ VIN _ V 1 _________________ [ ↓ ]Z 1 ___________________________________ [
4112	KN Fs 19	KN Fs 19, e-ti-wa , HORD _ T 1 _ $NI _ V 3 FAR V 1 _ OLE Z 2_ VIN V 1 ↓ $ME+$RI _ Z 1
4113	KN Fs 20	KN Fs 20, a°-*65-ma[ ↓ $ME+$RI _ Z 1[
4114	KN Fs 21	KN Fs 21, ka-u-da , HORD , T 1 [ FAR _ V 1 ____ VIN _ V 1[
4115	KN Fs 22	KN Fs 22, ] _____________ HORD _ T 1 _ $NI _ V 3 _ [ ]n°a°-to-de , _ FAR _ V 1 _ VIN _ V 1 _ [
4116	KN Fs 23	KN Fs 23, ja-pe-re-so , HORD _ T 2 _ $NI _ V 3 _ VIN _ V 2 ________ FAR _ V 1 _ OLE _ V 1 ↓ $ME+$RI _ Z 1
4117	KN Fs 24	KN Fs 24, ] _ HORD _ T 1 _ $NI _ V 3 _ FAR _ V 1 ] , OLE Z 2 _ VIN _ V 1 ↓ ]Z 1
4118	KN Fs 25	KN Fs 25, ] ___ HORD _ T 1 _ $NI _ V 3 _ VIN _ V 1 ]de , FAR _ V 1 _ OLE _ Z 2
4119	KN Fs 26	KN Fs 26, ]ki-ri-jo-de[ ]FAR _ V 1  [ ↓ ] $ME+$RI _ Z [
412	KN Sc(4) 8125	KN Sc(4) 8125, ]w°o° _ TUN+$QE[
4120	KN Fs 29	KN Fs 29, ] ___ [ ]de , [ ↓ ]1° __ [
4122	KN F 760	KN F 760, ____]no _ HORD 1 _ a[ po-ti-]ni-ja-we-jo __ [
4123	KN F 820	KN F 820, __ ] ,° [•]-n°a° , e-ko-si , a-pi , ku-do-ni-ja / pa-sa 'ki-ri-ta' _ LUNA 1 ja-]pu₂-wi-ja-qe , *56-ko-we-i-ja-qe _ LUNA 4 da-]*22-ti-ja , ku-ta-ti-ja-qe , po-ti-ni-ja-we-ja , a-pu , ke-u-po-de-ja __ ] _____ LUNA 4
4124	KN F 5528	KN F 5528, _ $sup. $mut. ] _ $vac. ]T 9 _ [ ]$vac.[ $inf. $mut.
4125	KN F 7352	KN F 7352, ] 3 _ T 2 [
4126	KN F 7355	KN F 7355, ]$o T 5
4127	KN F 7509	KN F 7509, ] ___ di-ka-ta-de [ _ ]r°o° __ CYP+$O 6 __ [
4129	KN Ga(2) ‹34›	KN Ga(2) ‹34›, pu-na-si-jo / ti-mi-n°u°-w°o°[ $KO  T 5 _________________ [
413	KN Sc 8253	KN Sc 8253, ]BIG 1 _ E°Q°U°[ ↓ ]j°o° _______ [
4130	KN Ga(2) 415	KN Ga(2) 415, ru-ki-ti-jo 'ko-ri-ja-do-no' _ AROM 1 _ T 6
4131	KN Ga(2) 416	KN Ga(2) 416, a-ka-re-u / pa-i-to _ AROM 9 _ T 2
4132	KN Ga(2) 417	KN Ga(2) 417, _____ po-ni-ki-jo _ M 5 qa-mo / ko-ri-ja-do-no _ AROM 1 _____ ta-u-na-so _ $KO V 1[
4133	KN Ga(2) 418	KN Ga(2) 418, _____________ po-ni-ki-jo _ M 3 su-ri-mi-jo / ko-ri-ja-do-no _ T 5
4134	KN Ga(2) 419	KN Ga(2) 419, a₃-ta-jo / ku-ta-ti-jo[ ______________ ]A°R°O°M° 1 ______ ri-wi-so[ _ ] ko-ri[-ja-do-no _ ] tu-to / ku-ta-ti-jo ____ [ ___________ ]AROM 1
4135	KN Ga(2) 420	KN Ga(2) 420, ____________ po-ni-ki-jo [ pu-na-si-jo ____________ [
4136	KN Ga(2) 421	KN Ga(2) 421, ] _ a-pu-do-si ko-ri-ja-do-no _ T 5 ]t°i°-jo
4137	KN Ga(2) 422	KN Ga(2) 422, ] __ ko-ri-ja-do-no ]jo _ AROM 1
4138	KN Ga(2) 423	KN Ga(2) 423, _____________ po-ni-k°i°[-jo qa-ra-jo / ko-ri-ja-do-no _ AROM 2° [ ↓ da-wa-no , e-we-de-u [
4139	KN Ga(2) 424	KN Ga(2) 424, __________________ po-n°i°-ki-jo *56-ko-we-i-jo / a-pu-do-si ___ M 5
414	KN Sc(4) 8271	KN Sc(4) 8271, e-wo[ • ] T°U°N°+$Q°E°[
4140	KN Ga(2) 425	KN Ga(2) 425, ]'pa-ra-u-jo' a-pu-do-si 'po-ni-ki-jo' _ M 1 ] _ $vacat
4141	KN Ga(2) 426	KN Ga(2) 426, ] po-ni-ki-jo __ M 4 _ N 1 ] du-ni-jo ____________ [
4142	KN Ga(2) 427	KN Ga(2) 427, da-wi-jo / a-pu-do-si po-ni-ki-jo di-ta-ka-so _ M 8 _ N[ ]$o°[ e-pu₂-no / po-ni-ki-jo _ M 8 _ N 1 _ $o M 1 _ N 1
4143	KN Ga(2) 428	KN Ga(2) 428, ______ a[ ti-ri-ti[
4144	KN Ga(3) 454	KN Ga(3) 454, ku-ta-to , / ku-pa[-ro
4145	KN Ga(3) 456	KN Ga(3) 456, ]2 _ pa-de , CYP _ T[ ][[w°a°-du-ri-[ ]][
4146	KN Ga 461	KN Ga 461, ?za-we-]te-ra _____________ [ ?a-pu-]do-si _ CYP 10 _ o-pe-ro[
4147	KN Ga(3) 464	KN Ga(3) 464, da-*22-to , / o-pe-ro , _ *$171 4°[ ] _ CYP 26 _ T 3 ku-ta-to , / o-pe-ro , __ *$171 4° ____ CYP 15
4148	KN Ga(3) 465	KN Ga(3) 465, ____ ]*83-re-jo-de _ T 1 a-mi-]ni-so-de , / ku-pa-ro _ T 1
4149	KN Ga(1) 517	KN Ga(1) 517, ___________ ku-pi-ri-jo tu-wi-no , / ku-pa-ro _ AROM+CYP 1 [°
415	KN Sc(1) 8467	KN Sc(1) 8467, ]TUN _ [
4150	KN Ga(1) 518	KN Ga(1) 518, _ ]z°a°-we-te-ra _________ [ a-]p°u°-do-si _ AROM+CYP 10[
4151	KN Ga(1) 519	KN Ga(1) 519, ] _ ku-pa-ro __________ *$171 2[ ]to ________ a-pu-do-si _____ [ ]4° _ T 5 _________________ o-[ ] ________ $vacat ___________ [
4152	KN Ga(2) 673	KN Ga(2) 673, ku-ta-ti-jo[ _ ko-ri-ja-do-n°o°[
4153	KN Ga(1) 674	KN Ga(1) 674, ] _________________ pe-ma ]m°a°-ri-ne-we , / ko-ri-ja-do-no , AROM 10
4154	KN Ga(1) 675	KN Ga(1) 675, wa-na-ka-te , / [[ko]] pe-ma _ AROM 10
4155	KN Ga(1) 676	KN Ga(1) 676, ___________________ ko-ri-ja-do-no tu-wi-no-no , / ku-pi-ri-jo ________ AROM 6
4156	KN Ga(1) 677	KN Ga(1) 677, ]-ni-jo , / ku-pi-ri-jo _ AROM 5
4157	KN Ga(1) 678	KN Ga(1) 678, ]k°o°-r°i°-ja _ AROM 5
4158	KN Ga(1) 679	KN Ga(1) 679, ]-do _ AROM 6
4159	KN Ga(1) 680	KN Ga(1) 680, ]pe-ma ]ja-do _ AROM 1 _ T°[ ]-ni-jo , _ AROM[ ]mi-dwe , _ AROM 10[
416	KN Sc(1) 8468	KN Sc(1) 8468, _ $sup. $mut. ] _ TUN[
4160	KN Ga(1) 685	KN Ga(1) 685, ko-sa-ma-to , / ko-ri-ja-do-no _ T 2
4161	KN Ga 738	KN Ga 738, ] _ a-ka-wo __________ [ ] _____________ $ko A°R°O°M°[
4162	KN Ga(4) 953	KN Ga(4) 953, wo-de-w°i°-jo-jo , / me-n°o°[ _ // ]ri-jo-de , ko-no , $MA 3 _ ko-r°i°[ _________ ]2° pa-de-i , ko-no _ $MA 2 _ $KO _T 1[ ______________________ [ __________ ]  pa-si-te-o-i , pa-sa-ja , ko-no , __ [ __________ ] a-mi-ni-so-de , $M°A° 2 _ $KO T 4
4163	KN Ga 1058	KN Ga 1058, te-o-po-ri-ja / ma-sa _ CYP  T 1
4164	KN Ga(2) 1335	KN Ga(2) 1335, __ ]wo-ne-we [ ]p°o°-ni-ki-jo[
4165	KN Ga(5) 1530	KN Ga(5) 1530, _________ $sup. $mut. _ ]-r°i°-s°i°-j°o° / o-pe-r°o°[ d°a°-w°i°-j°o° / k°i°[-ta-no ____________ [a-pu-]d°o°-si ra-je-u° ,° [ki-]t°a°-n°o° _ AROM 11° _ $o 2 _______________ a°-p°u°-do-si pu-n°a°-si-jo / ki-ta-no _ AROM 11 _ $o 1[ ________ $vacat to-sa _____ AROM 58 t°o°-sa-de / o-pe-ro _ AROM 31 ________ $vacat?
4166	KN Ga(5) 1532	KN Ga(5) 1532, ______ $sup. $mut. ] _ a-pu-do-si ]ki-ta-no _ AROM 13 _ $o AROM 11°[ ]6°5 _]AROM 35 _ [ __] _ $deest
4167	KN Ga(5) 1533	KN Ga(5) 1533, e-]ki-si-ja , AROM 12 _ [
4168	KN Ga(5) 1534	KN Ga(5) 1534, ]-n°i°-ja _ AROM 5°
4169	KN Ga(5) 1535	KN Ga(5) 1535, ]-wo [ __ ] AROM 12
417	KN Sc(5) 8469	KN Sc(5) 8469, ]  TUN[ _ $inf. $mut.
4170	KN Ga(5) 1536	KN Ga(5) 1536, pa-i-ti-ja , _ AROM 34[ __ $vac._ [ __ ] $vac._ [
4171	KN Ga(5) 5020	KN Ga(5) 5020, ]A°R°O°M° 4
4172	KN Ga(5) 5021	KN Ga(5) 5021, ] AROM 1°0°0°[ $inf. $mut.
4173	KN Ga 5088	KN Ga 5088, ]$vest. _________ [ ]do-si _ CYP+$QA 9°[
4174	KN Ga 5672	KN Ga 5672, ] me-no , _ [ ]$MA 2 _ pa-s°a°[-ja? ] , _ pa-ra-[
4175	KN Ga(5) 5780	KN Ga(5) 5780, ] _ AROM 30
4176	KN Ga(2) 7286	KN Ga(2) 7286, ]$o° M _ 8 ] $vac.
4177	KN Ga 7344	KN Ga 7344, ]CYP 4 _ T 2[ $inf. $mut.
4178	KN Ga 7347	KN Ga 7347, ] _ CYP 3 _ $o CYP 1[ ] _ CYP 6 _ $o CYP 2[
4179	KN Ga 7358	KN Ga 7358, ] _____ T 3 ]r°o° , CYP+$QA 3
418	KN Sc(1) 8470	KN Sc(1) 8470, _ $sup. $mut. ]TUN _ [
4180	KN Ga(1) 7365	KN Ga(1) 7365, ]jo , _ AROM 20
4181	KN Ga(2) 7367	KN Ga(2) 7367, ]-ti-jo , ka-to-ro × _ ko-ri-ja-do-no [[T° 6]] ]$o° T 3 _ ta-si-ko-n°o° × _ T 7 _ $o T 3 ]T° 7 _ $o T 3[ __________ ][[ __________ ]] _________________ ]*5°6°-jo × T 2[ _______________ ]T° 5° _ $o T 2°[
4182	KN Ga(2) 7425	KN Ga(2) 7425, ']s°i°' po-ni-ki-jo _ M 2 ] _ $vac.
4183	KN Ga(2) 7426	KN Ga(2) 7426, po-ni-]ki-jo _ M 14°[ _____ ] _ $vac.
4184	KN Ga(2) 7429	KN Ga(2) 7429, po-]ni-ki-jo _ M[ __ ] _ $vac. ___ [
4185	KN Ga(2) 7431	KN Ga(2) 7431, ]2 _ N 1 ] ____ $o M 1 _ N 1
4186	KN Ga(2) 7446	KN Ga(2) 7446, ]41 _ M 2 ] _ $vac.
4187	KN Ga(4) 7496	KN Ga(4) 7496, ] , $MA 1 __ $KO _ T 2[ ]$M°A° 2 _ $KO _ T 4 __ [ ] _ $vac. __________ [°
4188	KN Ga(1) 7594	KN Ga(1) 7594, ma-ri[
4189	KN Ga(2) 8005	KN Ga(2) 8005, ku-]pa-ro _ CYP[ $inf. $mut.
419	KN Sc 8471	KN Sc 8471, ]T°U°N° 1  BIG[ _ $inf. $mut. ↓ _ $sup. $mut. ]si-jo[
4190	KN Ga(2) 8055	KN Ga(2) 8055, ]3
4191	KN Ga(2) 8439	KN Ga(2) 8439, _ $sup. $mut. po-]ni-ki[-jo
4192	KN Ga(2) 9005	KN Ga(2) 9005, ] _ M 5°[ $inf. $mut.
4193	KN Gg 10	KN Gg 10, ]*$209^VAS 2 ___________ [ ]t°e°-o _ $ME+$RI *$209^VAS 1[ ] $vacat _____________ [
4194	KN Gg 521	KN Gg 521, to-so / e-te-jo _ *$209^VAS 542 _ *$1°7°2°[
4195	KN Gg 701	KN Gg 701, ]i°-to , / da-nwa _ $ME+$RI *$209^VAS+$A 16 _ *$172 8
4196	KN Gg(1) 702	KN Gg(1) 702, _ pa-si-te-o-i / _________ me-ri _ *$209^VAS 1 da-pu₂-ri-to-jo , / po-ti-ni-ja 'me-ri' _ *$209^VAS 1
4197	KN Gg 703	KN Gg 703, ]1° _ $ME+$RI *$209^VAS+$A 34[ ↓ ]1°9°0°[
4198	KN Gg(1) 704	KN Gg(1) 704, ] me-no ]o-ne me-ri _ *$209^VAS+$A 1
42	KN Nc 8309	KN Nc 8309, ]te-we __ [
420	KN Sc 8472	KN Sc 8472, ] _ BIG[
4200	KN Gg(4) ‹706›	KN Gg(4) ‹706›, ]to / o-pe-ro _ *$209^VAS '$ME+$RI' 20
4201	KN Gg(4) 707	KN Gg(4) 707, ]ra _____ *$209^VAS '$ME+$RI' 2° ↓ ]180
4202	KN Gg(4) 708	KN Gg(4) 708, ]-to / o-pe-ro _ '$ME+$RI' *$209^VAS 20 ↓ ]780
4203	KN Gg 709	KN Gg 709, ]-na __________ [ ] ___ *$209^VAS 2 _ [
4204	KN Gg(4) 710	KN Gg(4) 710, ]'$ME+$RI' *$209^VAS 6 _ [
4205	KN Gg 711	KN Gg 711, ] [[*$209^VAS+$A 27°0]][ ↓ ]2°9°0 _ $KE 200[ ]ku-do-ni-jo , _ [
4206	KN Gg(2) 713	KN Gg(2) 713, ma-ri-ne-we , / do-e-ra _ '$ME+$RI' *$209^VAS+$A [
4207	KN Gg(3) 717	KN Gg(3) 717, ] , me-na , pa-si-te-o°[-i ]s°i°-da-o-ne , _ $ME+$RI [
4208	KN Gg(2) 995	KN Gg(2) 995, ma-ki-ro-ne , / ku-pi-ri-jo ,° '$ME+$RI' *$209^VAS+$A 6[
4209	KN Gg 5007	KN Gg 5007, ] $ME+$RI _ *$209^VAS+$A 10[
421	KN Sc(1) 8474	KN Sc(1) 8474, ]1° _ BIG[
4210	KN Gg(2) 5184	KN Gg(2) 5184, ]*$209^VAS+$A 4[
4211	KN Gg(3) 5185	KN Gg(3) 5185, ]-to , a-pa-t°o°[ ]o-ne __ $M°E°+$RI[
4212	KN Gg 5548	KN Gg 5548, [[*$209^VAS+$A _ ]][ ↓ ku[
4213	KN Gg(1) 5552	KN Gg(1) 5552, ]m°e°-no ]2
4214	KN Gg 5637	KN Gg 5637, ________ ]p°e°-ru-s°i°-[ ]j°o° _ z°a°-we-t°e°-r°o° _ *$209^VAS[ _ ]me-zo-e _ *$209^VAS[
4215	KN Gg(4) 7232	KN Gg(4) 7232, ]o°-pe-ro _ *$209^VAS '$ME‹+$RI›' 5 _ [
4216	KN Gg(1) 7369	KN Gg(1) 7369, ka-]ra-e-ri-jo-jo _____ me-no[ ____ ]  LANA 1  M 1 _ me-ri _ S°[
4217	KN Gg(2) 7371	KN Gg(2) 7371, ] _ *$209^VAS 1[
4218	KN Gg(2) 7372	KN Gg(2) 7372, ]*$209^VAS+$A 24
4219	KN Gg 7792	KN Gg 7792, ]-ko-d°e° _____________ [ ] _____ $ME+$RI *$209^VAS 1°[
422	KN Sc(3) 8475	KN Sc(3) 8475, ]BIG[ _ $inf. $mut.
4220	KN Gg(1) 8053	KN Gg(1) 8053, ]me-no ] $vac.
4221	KN Gm 840	KN Gm 840, ________________ ]n°i°-jo , / a-pu-da-se-we _________________ ]1 _ VIN 168° ________________ ] ___ VIN 100 ________________ ]25 _ VIN 75[ [ ]t°o° _______ [ ]125 _ VIN 155 $reliqua $pars $sine $regulis
4222	KN Gm 5788	KN Gm 5788, ]si-jo , VIN[ ] _ $vac. __ [
4223	KN Gm 9878	KN Gm 9878, _ $sup. $mut. ]VIN [ ]V°I°N° 1°[ _ $inf. $mut.
4224	KN Gv 862	KN Gv 862, ______________ ]su-za _ ARB 1770 ______________ ]j°o° ____ ARB 405 ']i°-po-qa' _ ARB 10[ _ ] _ ARB 17 _ *$174 20 ][[ _______________________________________ 4]] ]365 __ *$174 225 ][[ _ $vest. _______]] → Tallying
4225	KN Gv 863	KN Gv 863, ]q°a°-ra , / jo-e-ke-to-qo , wo-na-si , s°i°[ ] we-je-we ___ *$174 420 ___ $su ARB 104°[
4226	KN Gv 864	KN Gv 864, ] _____ *$174 69°[ ]su-za _ ARB 53[ ] ________ pu-ta _ *$174 [
4227	KN K 93	KN K 93, *$226^VAS 2 _ *$226^VAS[
4228	KN K 434	KN K 434, ]s°a° , *$221^VAS 1 _ *$229^VAS 1 ]de-wa-pi , ko-no-ni-pi , _ *$217^VAS 1
4229	KN K 700	KN K 700, ] 300 _ *$210^VAS+$KA 9°00[ ] 300 _ *$210^VAS+$KA 900 _ da-mi[
423	KN Sc(1) 8476	KN Sc(1) 8476, _ $sup. $mut. ]BIG _ [
4230	KN K(1) 740	KN K(1) 740, _ $sup. $mut. _______ ]$vest.[ d°i°-pa _ AES *$214^VAS+$DI 30[ qe-ro₂ _ 'AES' *$255 ◦ 16° ku-ru-su-*56 ◦ *$207^VAS 1 pi-ri-je ◦ $ZE 1 [•-•] 'me-no-n°o°[' _ $inf. $mut.
4231	KN K(2) 773	KN K(2) 773, ] ______ $ke *$222^VAS 7 ] ku-pi-ri-jo / $k°e° *$202^VAS 1
4232	KN K(2) 774	KN K(2) 774, a-ro-we _ *$212^VAS+$U 1
4233	KN K(2) 775	KN K(2) 775, ]°*47-ti-jo _ *$212^VAS+$U[
4234	KN K(2) 776	KN K(2) 776, ]jo _ *$212^VAS+$U 5
4235	KN K 778	KN K 778, ]ka-ra-re-we _ *$210^VAS 180 __ ]p°i°-ja-qe _ ] _ $vac. _ ]no , _ VIR 1 _ ]t°o° , _ VIR 1 _ ]do-ke-u ,
4236	KN K(1) 829	KN K(1) 829, ] _ $vac. _______________________________________ [ ]*$202^VAS+$DI 75 / me-wi-jo-e , [ ]4 _ *$202^VAS+$DI 40[ __________ ]35 / me-wi-jo-e[ ______ ]*$2°0°2°^VAS[+$DI __________ ] _ $vac. ______ [
4237	KN K(1) 872	KN K(1) 872, _ ], ke-ra-a , _____ *$227^VAS [ _ ]me-no , ne-qa-sa-pi , _ *$227^VAS 1 _ ]-te-te , ku-ru-so , [[k°u°-r°u°-s°o°]] ne-]qa-sa-pi , __________ *$218^VAS 3 __$inf. $mut.
4238	KN K(1) 873	KN K(1) 873, ]we u-do ___ *$211^VAS+$PO 32[ ]-we _______ *$211^VAS+$PO 25°[ ___ ]-we ___ *$211^VAS+$PO 22 [
4239	KN K(1) 875	KN K(1) 875, ______ ] , __ qa-si-re-wi-ja , di-pa , a-no-wo-to [ pe-ri-ta , __ qa-si-re-wi-ja , di-pa , a-no-wo-to , __[ wi-na-jo , __ qa-si-re-wi-ja , di-pa , a-no-wo-to ___ [ i-da-i-jo , _ qa-si-re-wi-ja , di-pa _ a-no-wo-to ___ [ sa-me-ti-jo , qa-si-r°e°-w°i°-ja , di-pa , a-no-wo-to ____ [ i-je-re-wi-jo , qa-s°i°-r°e°[-wi]-j°a° , a-no-wo-to _ *$202^VAS 10 _ po-ti-[
424	KN Sc(1) 8478	KN Sc(1) 8478, ]B°I°G° _ [ _ $inf. $mut.
4240	KN K(1) 877	KN K(1) 877, a-tu-ko / de-ra[ ___ ], ma-te-u-pi , _ *$212^VAS+$U°[
4241	KN K(2) 1810	KN K(2) 1810, ] *$212^VAS+$U 1
4242	KN K(2) 5526	KN K(2) 5526, ]jo _ *$212^VAS+$U[
4243	KN K 7353	KN K 7353, ] *$2°1°3°^VAS 1°0°[
4244	KN K 7363	KN K 7363, ] *$155^VAS+$DI [ → ]___$vacat___[
4245	KN K(2) 7599	KN K(2) 7599, me-wo-n°i°-jo _ *$212^VAS+$U°[
4246	KN K 8244	KN K 8244, ] *$2°0°7°^VAS[
4247	KN K(2) 9242	KN K(2) 9242, ]*$2°1°2°^VAS+$U° 1°0°[
4248	KN L 104	KN L 104, ]pa-we-pi ________ [ __]r°o° _______ TELA^2 _ [
4249	KN L 178	KN L 178, we-we-e-a '*$161' TELA^3+$PA 6 / u-po-we _ TUN+$RI 2
425	KN Sc(5) 8479	KN Sc(5) 8479, ]B°I°G° _ E°Q°U°[
4250	KN L 192	KN L 192, ]-da-na / to-ni-ja _ TELA^2 2
4251	KN L 433	KN L 433, ]ta-ra-jo _ TELA^3+$ZO 1°[
4252	KN L(3) 455	KN L(3) 455, ]o-pe-ro _ [ ______ ] '$pe' TELA^3+$PU 3 ]sa-me-u[ _________ ] $vac.
4253	KN L(6) 460	KN L(6) 460, a-du[
4254	KN L(6) 469	KN L(6) 469, ________________ me[-•]-ta _______ [ po-ku-ta⸤ ⸥/ pa-i-to ___ TELA^3+$PU 34[
4255	KN L(6) 470	KN L(6) 470, ]-ta ] ___ TELA^2+$PU 415 → 9°0 ___________ [ ]_ 300
4256	KN L(7) 471	KN L(7) 471, __ ] ______________ me-zo-e pu-]ka-ta-ri-ja , / re-u-ka _ TELA^4+$PU 10
4257	KN L(6) 472	KN L(6) 472, ]ko-ru-we-ja _ TELA^2°+$PU 84
4258	KN L(3) 473	KN L(3) 473, ______ o-pe-ro _ '$pe' TELA^2+$PU 38 qa-ra / __ i-se-we-ri-jo
4259	KN L(7) 474	KN L(7) 474, po-pu-re-ja , / pu-ka-ta-ri-ja _ TELA^3+$PU 21
426	KN Sc 8480	KN Sc 8480, ]B°I°G° 1 _ EQU '$ZE' 1
4260	KN L(4) 475	KN L(4) 475, do-ti-ja _ TELA^2+$PU 5°0[
4261	KN L(4) 480	KN L(4) 480, ] _____________ ka-[ ]pi / qo-u-qo-ta  [
4262	KN L(4) 484	KN L(4) 484, do-ti-ja / o°[
4263	KN L(4) 489	KN L(4) 489, ka-to-ro [
4264	KN L 491	KN L 491, ] _ TELA^3 50 ] $vacat
4265	KN L(4) 501	KN L(4) 501, ]ta _ TELA^2+$PU 34°[
4266	KN L(5) 513	KN L(5) 513, ______ qe-te-o _ TELA^2[ po-po ___ TELA^2 4 ___ [ ↓ [[a-mi-si-ja _ TELA^1° 12]][
4267	KN L 514	KN L 514, ]r°o° , TELA^2+$KU 14 _ a-[ ___ ] _ TELA^3 18[
4268	KN L(4) 515	KN L(4) 515, su-r°i°-mo __ TELA^1°+$PU 29 _ TELA+$KU 2[
4269	KN L(4) 516	KN L(4) 516, ]2 _ TELA^2+$KU 2
427	KN Sc(2) 8481	KN Sc(2) 8481, ]EQU 1
4270	KN L 520	KN L 520, do-ti-ja , ___ LANA 18 _ pe-re-ke _ *$164 3 ka-ma ________ LANA 12 ____________ *$164 2 sa-mu-ta-jo __ LANA 24 ____________ *$164 4
4271	KN L 523	KN L 523, ]qe-re-jo _____________ [ ]ku-da-ra-ro __ TELA^x+$P°A°[ ] _______ ka[
4272	KN L 564	KN L 564, e-ko-so / po-ki-ro[
4273	KN L 565	KN L 565, _ ']si' te-jo , ka-[ ]TELA^2° 66 _________ [
4274	KN L(1) 567	KN L(1) 567, o-pi / po-po _ [ o-pi / a₃-ka-ra 'ri-t°a°['
4275	KN L 578	KN L 578, ]ra-wo _ *$158 2 _ [
4276	KN L 586	KN L 586, ] ____ a-ro₂-a _ TELA^2 3 __ [ ] ________________ LANA 3 _ TELA^1°[ ]r°u°-wo-we-ja / ________________ [ ↓ ]15 _ 3 [
4277	KN L 588	KN L 588, _ i-ku-tu-re , ru-si-qe , a-pa-i-ti-jo , ze-me-qe[ a-qo-ta , _ TELA^1 8° _ zo-ta-qe , _ TELA^1 13 __ [ p°o°-[___] , e-[•] , ku-do-ni-ja-de , di-du-me ,° o-qo-o-°ki-te _ [
4278	KN L 590	KN L 590, po-]ki-ro-nu-ka ___ *$161 TELA^1[ __ ]r°e°-u-ko-nu-ka _ *$161 TELA^1[ ___]ke _ M 1 _ P 3 _ [
4279	KN L(7) 592	KN L(7) 592, nu-wa-i-ja , / 'pa-we-a' _ *$161 TELA^3 30[[ _ ]]
428	KN Sc(3) 8482	KN Sc(3) 8482, ]EQU '$Z°E°'[ _ $inf. $mut.
4280	KN L(2) 593	KN L(2) 593, __ ] _ $vac. _ [ ______________ ]o-pe-te-wo-qe ___ *$161[ __ ] _ $vac. _ [ ______________ ]si-ja , o-re-ne-a _ TELA^1[ ko-]p°u°-ra , / e-ni-qe , pe-ne-we-ta _ *$161 TELA^1 4 _ TUN+$KI 2 _ TUN+$KI[
4281	KN L(1) 594	KN L(1) 594, ] __ ri-ta , pa-we-a ]da-te-we-ja ______ TELA^1 1 _ TUN+$KI 1
4282	KN L(2) 647	KN L(2) 647, ] _ 'nu-wa-ja , $pe TELA^1[' _ ] TELA^1 17 _ TUN+$KI 3 ]ra , / e-ni-qe e-ra-pe-me-na 'nu-wa-ja' _ TELA^1[ _ ]-ra₂ _ TELA^1 1 ] _____ [[e°-r°i°-[ ________ ] T°E°L°A°^1 1 _ ]]
4283	KN L(1) 648	KN L(1) 648, ___________ ri[-ta pa-we-a o-pi , / po-po[
4284	KN L 651	KN L 651, ]o , pa-we-o , 'e[' ]nu-we-jo , / pa-we-o°[
4285	KN L 693	KN L 693, ri-no , / re-po-to , 'qe-te-o' ki-to , AES _ M 1 _ [ sa-pa _ P 2 _ Q 1 __ e-pi-ki-to-ni-ja _ AES _ M 1[
4286	KN L 695	KN L 695, ]t°i°-j°o° _______ e-ta-wo-ne-wo ] ______ o-pa ______________ TELA^1 6 ] _ $vacat ] _ $vacat ]2 _ P 2 _ e-ne-ro 're-u-ko' _ N 2
4288	KN L(10) 735	KN L(10) 735, _ ]a-ro₂-e _ TELA^3+$PU _ [ ] me-sa-ta , __ TELA^x+$PU[
4289	KN L 758	KN L 758, ]re-ne-o , po-pu-ro₂ ]o-no _____________ TELA^2+$PU 2
429	KN Sc(3) 8483	KN Sc(3) 8483, ]'$ZE' 1 ↓ ]$vest.
4290	KN L 759	KN L 759, ]t°a°₂ _ TELA^3+$PU 70 ↓ ]ku-ta-mi _ [[p°o°-m°a°-no-r°i°]]
4291	KN L(9) 761	KN L(9) 761, ra-su-ti-jo , / to-mi-ka[
4292	KN L(9) 764	KN L(9) 764, ]j°o° , / to-mi-ka _ TELA^3 50
4293	KN L 771	KN L 771,  k°a°-ta-ni-ja , po-ro-[•-•] _ p°a°-we-a __ [ ]ka-ta-ni-ja , ki-to-ne , [•-•]-t°o° ____ [
4294	KN L 868	KN L 868, ]_$vacat__________________[ ]1°5 _______[  ] , sa-de-so , _ TELA^2+$PU[ ]w°o° __ *$146^2°[ ] $vacat__________________[ ]1°1 ______ [
4295	KN L(3) 869	KN L(3) 869, __________ o-pe-ro _ '$pe' TELA^2+$PU 3 ti-ri-to / p°i°[ ________________ ] $vacat
4296	KN L 870	KN L 870, o-]d°a°-ku-we-ta / we-we-e-a _ TELA^3 1 _ TUN+$KI 1
4297	KN L 871	KN L 871, ] ______________________ pa-ro , re-wa-jo ]ra , pe-ne-we-ta , / e-qe-si-ja , te-tu-ko-wo-a _ TELA^4 6 ______ 9
4299	KN L(8) 1647	KN L(8) 1647, ']LANA' 6 _ TELA+$KU 5 _ TELA^3+$PU [ ] _____ × ______________________ [
43	KN Nc 8313	KN Nc 8313, tu-[ _ $inf. $mut.
430	KN Sc 8759	KN Sc 8759, ][[T°U°N° 1° _ ]][
4300	KN L 1649	KN L 1649, _ $sup. $mut. __ ] ____ $vest. _____ [ ]TELA^1° 4 _ $KI 2 _ e-r°a°[ ↓ ]a-ko-we-i-ja ___ [ _ $inf. $mut. ]-ja-o° _ TELA^1 [
4301	KN L 2127	KN L 2127, ]o-pi , TELA^6+[•] [ ] _____ TELA^x+$PU [ ↓ ] ___ $vest.? ____ [ ] ___ $vest.? ____ [
4302	KN L 5090	KN L 5090, ]°pe-ko-[ ]°te-p°a°[ $inf. $mut.
4303	KN L(5) 5092	KN L(5) 5092, ] __________ qe-t°e°[-o ]so ____ TELA^1° __ [
4304	KN L(2) 5108	KN L(2) 5108, ] _ o-re-ne-ja _ '*$161[' ] _ pe-ne-we-te ______ [  to-]sa _ TELA^1 8[
4305	KN L 5284	KN L 5284, $sup. $mut. ]so ____ [ ] , TELA^3 2° [ ]-k°a°-m°a° _ [
4306	KN L 5561	KN L 5561, ]-ru-wa , TELA^3+$PU 980[ _______ ]1° _________ [ $inf. $mut.
4307	KN L(7) 5569	KN L(7) 5569, ] _ TELA^4+$PU 1[
4308	KN L(7) 5582	KN L(7) 5582, ] _ TELA^3+$PU 4[
4309	KN L 5599	KN L 5599, _ $sup. $mut. ]TELA^3+$PU 10  [ ]TELA^x+$P°U° 3°0 [ _ $inf. $mut.
431	KN Sc 8796	KN Sc 8796, ]r°i° _ T°U°N°[
4310	KN Ld(1) 5647	KN Ld(1) 5647, $sup. $mut. ] *$158[
4311	KN L 5660	KN L 5660, $sup. $mut. ______ ]$vest.[ ] _ TELA^3°+$TE [
4312	KN L(1) 5745	KN L(1) 5745, __________ [ __ ]a-pu-do-si[ ]wa-ja , / ki-to ,_ TUN+$KI _[
4313	KN L 5757	KN L 5757, ]TELA^3°+$K°U° 3 ]TELA^x+$KU 4
4314	KN L 5805	KN L 5805, ]we ___ TELA^1[
4315	KN L(2) 5909	KN L(2) 5909, ___ ]-ke-me-na , a-ro-z°a°[ _______ ]o-re-ne-ja _ [ ] _ 'a-ro-za' TELA^x 4 _ [
4316	KN L(2) 5910	KN L(2) 5910, ] , e-ni-qe , nu-w°a°-i-ja , [ ]a 'a-ro₂-a' _ *$161 TELA^1° 12 _ po[
4317	KN Ld(1) 5914	KN Ld(1) 5914, ]TELA^1[] 40
4318	KN L(2) 5924	KN L(2) 5924, ] _________ zo-[ ] , e-ni-qe __ [
4319	KN L(1) 5927	KN L(1) 5927, ] ______ ri-ta , pa-we[-a ]-te-we , / e-me[
432	KN Sc 8806	KN Sc 8806, ] _ E°Q°U°[
4320	KN L(1) 5949	KN L(1) 5949, __ ] , pa-we-a[ ]a₃-tu-ti-j°a°[
4321	KN L(2) 5961	KN L(2) 5961, ] e°-ni-q°e°[ ] TUN+$KI 3[ $inf. $mut.
4322	KN L 5987	KN L 5987, $sup. $mut. _ ]si[ ]re-ja _ T°E°L°A°^x+[•][ ]d°o°-si ____ [
4323	KN L(2) 5998	KN L(2) 5998, _______________ pa-we-a°[ ko-pu-ra , / e-n°i°[-qe
4324	KN L 6002	KN L 6002, $sup. $mut. _____ ]$vac.[ ] TELA^1° _ 1[ ] TELA^x _ 1°[ $inf. $mut.
4325	KN L 7375	KN L 7375, ]pi , e-sa-pa-ke-m°e°[-na ]nu-ka ___________ [
4326	KN L(5) 7380	KN L(5) 7380, ] _______ qe-te-o ___ TELA^1 2[ ]-ra / _____ TELA^x 4 $po TELA^x[
4327	KN L 7382	KN L 7382, ]-za ______ TELA^1[ ]re-ja ___________ [
4328	KN L 7387	KN L 7387, ]TELA^3°+$P°A° 1
4329	KN L 7389	KN L 7389, ] _ *$161 TELA^2[
433	KN Sc 9113	KN Sc 9113, _ $sup. $mut. ]TUN _ [
4330	KN L(4) 7390	KN L(4) 7390, ] _ TELA^1 12
4331	KN L 7391	KN L 7391, ]ka _ TELA^2 21°[
4332	KN L(5) 7393	KN L(5) 7393, ] __________ qe-te-o _ T°E°L°A°^x° 3 ]•-• _ / _ T°E°L°A°^x 1°0° _ $po TELA^1 1
4333	KN L(9) 7396	KN L(9) 7396, ]we-we-si-jo[ ______ ]TELA^x 5°0[
4334	KN L 7399	KN L 7399, _ $sup. $mut. ] _ TELA^2 4°[
4335	KN L(9) 7400	KN L(9) 7400, ra-je-we , / to-mi-ka _ TELA^2 12°[
4336	KN L(9) 7401	KN L(9) 7401, ____ ]$vest. _ [ ]ra / to-mi-ka _ TELA^3 60[
4337	KN L 7403	KN L 7403, ]-so ____ TELA^3°+$PU 100 _ [
4338	KN L(8) 7404	KN L(8) 7404, ]TELA+$KU _ 10 _ TELA^3+$PU 100[ ] _ $vac. ________________ [
4339	KN L(6) 7405	KN L(6) 7405, ]2 _ TELA^2+$PU 90
434	KN Sc 9114	KN Sc 9114, ]T°U°N° 1 _ [ _ $inf. $mut.
4340	KN L(4) 7406	KN L(4) 7406, ] _ TELA^1+$PU 130[
4341	KN L 7407	KN L 7407, ] _ TELA^2 20[
4342	KN L 7408	KN L 7408, ________ ]te-ro ___________ [ ]k°i°-jo-ne-we _____ TELA^1[]+$PU[
4343	KN L(10) 7409	KN L(10) 7409, __ ] ___ a-ro₂-e __ TELA^3+$PU 60[ to-]sa / me-sa-ta ___ TELA^2°+$PU 100 _ [ __ ] ___________ to-sa _ T°E°L°A°[
4344	KN L 7410	KN L 7410, ] _ TELA+$PU 9
4345	KN L(8) 7411	KN L(8) 7411, ]T°E°L°A°^x 6 _ TELA^2+$PU 100 ] _ $vac.
4346	KN L(4) 7413	KN L(4) 7413, ]TELA^x+$KU 1
4347	KN L(6) 7414	KN L(6) 7414, ]TELA^2+$PU 14°[
4348	KN L(4) 7415	KN L(4) 7415, ]TELA^3[]+$PU 1 _ [
4349	KN L(4) 7416	KN L(4) 7416, ] _ TELA^x+$PU[
435	KN Sc 9115	KN Sc 9115, ]1° _ BIG[ _ $inf. $mut.
4350	KN L 7497	KN L 7497, ]____ TELA^3[
4351	KN L 7514	KN L 7514, __ ]so , pa-ke-we ]ki-to-ni-ja _______ 63
4352	KN L(4) 7578	KN L(4) 7578, ]°e-ra-ja _ TELA^2° 6[
4353	KN L 7833	KN L 7833, ]TELA^1 3 _ TELA^1+$PU[
4354	KN L(9) 8025	KN L(9) 8025, ]ti-jo⸤ ⸥ / to-mi-ka _ TELA^x 30
4355	KN L 8029	KN L 8029, ]T°E°L°A°^x 9
4356	KN L(9) 8035	KN L(9) 8035, to-]m°i°-ka __ TELA^x 13°
4357	KN L(9) 8058	KN L(9) 8058, ]T°E°L°A°^x 20
4358	KN L 8105	KN L 8105, ] _ o-pi-si-ri-ja-we pe-ko-to _ T°E°L°A°^x[ ]T°E°L°A°^x 2 _ $ko TELA^1 2 _______ $re TELA^1°[
4359	KN L(1) 8159	KN L(1) 8159, ___ ] _____ ri-ta , [ ]e-me-s°i°-jo-jo _ [
436	KN Sc 9116	KN Sc 9116, ]BIG[
4360	KN L 8160	KN L 8160, $sup. $mut. ]TELA^2°+$TE 1[ ] _ $vac. _ [ $inf. $mut.
4361	KN L 8163	KN L 8163, $sup. $mut. ]$vest.[ ]TELA^x 15[ $inf. $mut.
4362	KN L 8246	KN L 8246, ] _ TELA^1 4°[ ] _ $vac. _ [ $inf. $mut.
4363	KN L(5) 8441	KN L(5) 8441, ] __ qe-te-o __ [ ]-u __ TELA 2 _ [
4364	KN As(1) 8443	KN As(1) 8443, _ $sup. $mut. ] __ TELA^x [ ] __ TELA^x 1 [ _ $inf. $mut.
4365	KN L 8503	KN L 8503, ]a-r°o°-zo[ $inf. $mut.
4366	KN L 8757	KN L 8757, ] T°E°L°A°^x[ $inf. $mut.
4367	KN L 8819	KN L 8819, $sup. $mut. ] _ T°E°L°A°^1° [ ] _ $vac.  [
4368	KN L 9003	KN L 9003, ____ ] po-ki-ro-nu[-ka ]re-[•]-q°e°-pi[ __ ]$vest.[
4369	KN L 9200	KN L 9200, $sup. $mut. ]T°E°L°A°+$K°U°[
437	KN Sc(1) 9117	KN Sc(1) 9117, ]BIG[ _ $inf. $mut.
4370	KN L 9426	KN L 9426, ]T°E°L°A°^2° _ 3[  ]T°E°L°A°^x _ 3[ $inf. $mut.
4371	KN L 9670	KN L 9670, ]-nu-k°a°[ ] $vac. [
4372	KN L 9874	KN L 9874, $sup. $mut. ]TELA^1[]+[•][
4373	KN L 9938	KN L 9938, ]T°E°L°A°^x[ $inf. $mut.
4374	KN X 446	KN X 446, te-ra-po-si-jo[
4375	KN Lc(2) 481	KN Lc(2) 481, ] 'pa-we-a' __ TELA^3 30[ ] , ku-do-ni-ja _ LANA[ ↓ to-]u-ka _ LANA[
4376	KN Lc(2) 483	KN Lc(2) 483, ]ne _ TELA^3 26 _____ 2° ] ___ LANA 12 _ M 1 [ ↓ ]LANA 7
4377	KN Lc(2) 504	KN Lc(2) 504, ]° _____________ pa-we-a° _ TELA [ ]°ku-ru-so-no , / me-zo _ LANA 40[ ↓ ]° __ to-u-ka _ LANA [ ]2[
4378	KN Lc(2) 512	KN Lc(2) 512, _____________ ]T°E°L°A°^x 5[ ]$vac.[ si-ra-ri-ja[ _ LANA ]3°2 _ M 1 N[ ↓ to-u-k°a°[ _ LANA ]2° M 1 [
4379	KN Lc(1) 525	KN Lc(1) 525, ____________ 'wa-na-ka-te-ra' _ TELA^3°+$TE 4°0 _ LANA 100[ se-to-i-ja , / _ tu-na-no _____ TELA^1° 3 _____ LANA [
438	KN Sc(5) 9118	KN Sc(5) 9118, ]BIG 1°[
4380	KN Lc(1) 526	KN Lc(1) 526, ]° _________ 'pe-ko-to' TELA^1+$TE 1°0° _ TELA^2+$TE 14[ ]°d°a°-wi-ja / _______ tu-na-no _ TELA^1 3 ___ LANA[
4381	KN Lc(1) 527	KN Lc(1) 527, ] ___________ 'pe-ko-to' TELA^1+$TE 2 TELA^2+$TE 1°9° LANA 153 ]e°-ki-si-ja / __ tu-na-no TELA^1 2 _ LANA 6
4382	KN Lc(1) 528	KN Lc(1) 528, ___________ 'pa-we-a' ko-u-ra _ TELA^x[ e-ra-ja / _ tu-na-no _ TELA^1 1[
4383	KN Lc(1) 529	KN Lc(1) 529, _______________ TELA^2+$TE 3°0 ___ [ ri-jo-ni-ja / _ tu-na-no _ TELA^x[
4384	KN Lc(1) 530	KN Lc(1) 530, ] ___ pa-we-a ko-u-ra _ TELA^1 40 _ LANA 60[ ]ja / tu-na-no _ TELA^1 3 _ LANA 12 _ TELA+$TE 7 _ L°A°N°A°[
4385	KN Lc(1) 531	KN Lc(1) 531, ]° _____________ 'pa-we-a ko-u-ra' _ *$161 TELA^1 15[ ]°a°-ra-ka-te-ja / _______ tu-na-no _____ TELA^1° 1  [
4386	KN Lc(1) 532	KN Lc(1) 532, ] ______ 'pa-we-a' ko-u-ra _ TELA^1 16 __ LANA 26 _ M 1 [ ]k°u°-wo / tu-na-no ___ TELA^1 1 _ LANA 3 _ TELA+$TE 4 _ LANA 28[
4387	KN Lc(1) 533	KN Lc(1) 533, ______________ TELA^1+$TE [ tu-ri-si-ja ____ [
4388	KN Lc(1) 534	KN Lc(1) 534, _______________ pa-we-a , ko-u-ra _ '*$161' TELA^1 10[ e-ro-pa-ke-ja / ________ tu-na-no ________ TELA^1 1°[
4389	KN Lc(1) 535	KN Lc(1) 535, _______ ta-ra-si-ja _ pa-we-a __ [ _______ ke-ri-mi-ja _ tu-na-no _ [ to-sa / _____________ pe-ko-to _ [
439	KN Sc 9119	KN Sc 9119, _ $sup. $mut. ]BIG 1 _ E°Q°U°[
4390	KN Lc(1) 536	KN Lc(1) 536, __ ] ___ 'ta-ra-si[-ja' _ ]pa-we-a[ ____ ]TELA^x 200 __ ] ___ '$vest.[' _ ] ___ tu-na-no[ ____ ]TELA^1 48 ___ a-ro-zo 'ki-to' TELA^1 1 to-]sa / _________________ pe[-ko-to _ TELA^1+$TE ]18 __ TELA^2°+$TE 267
4391	KN Lc(1) 540	KN Lc(1) 540, _____________ 'pa-we-a' ko-u-ra _ TELA^1 3°[ da-te-we-ja / __________________________ [
4392	KN Lc(1) 541	KN Lc(1) 541, ]° ____________ TELA^1+$TE 22 _ LANA 154° ]°ja-pu₂-wi-ja
4393	KN Lc(1) 543	KN Lc(1) 543, __________ TELA^1+$TE 11[ qa-mi-ja / ________ tu[-na-no
4394	KN Lc(1) 546	KN Lc(1) 546, pa-i-ti-j°a°[
4395	KN Lc(1) 547	KN Lc(1) 547, ___________ TELA+$TE 8 ]L°A°N°A° 56 tu-ni-ja[ / tu-na-no TELA^1 1 ] LANA 3 _ [
4396	KN Lc(1) 548	KN Lc(1) 548, ko-no-so , / k°o°[
4397	KN Lc(1) 549	KN Lc(1) 549, ko-no-so , / te[
4398	KN Lc(1) 550	KN Lc(1) 550, ______________ 'pa-we-a[' a-mi-ni-so / ko-u-re-j°a°[
4399	KN Lc(1) 551	KN Lc(1) 551, ________________ 'pa-we-a' [ko-u-ra] _ TELA^x 11°0 ___ LANA 140[ e-me-si-jo-jo , / tu-na-no _ TELA^1 3° _ LANA 9 _ $pe TELA^x+$TE 2 _ TELA^1[]+$TE 10[ ________________________________________ LANA 250[
44	KN Nc 8315	KN Nc 8315, _ $sup. $mut. ] M __ [
440	KN Sc 9120	KN Sc 9120, ]E°Q°U° '$Z°E°[' _ $inf. $mut.
4400	KN Lc(1) 552	KN Lc(1) 552, __ ]LANA 77 ]TELA^1 1 _ LANA 3
4401	KN Lc(1) 553	KN Lc(1) 553, __ pa-we-a ko-]u-ra _ TELA^1 50 _ LANA 82[ tu-na-no _ TELA^1 ]2 _ LANA 6 _ TELA^1+$TE 10 _ LANA 70[
4402	KN Lc(1) 555	KN Lc(1) 555, ]LANA 178[ ]2 _ LANA 6
4403	KN Lc(1) 557	KN Lc(1) 557, ] _ TELA^1 80 _ LANA 13°0[ ]TELA^1 7 _ LANA 1°1°[
4404	KN Lc(1) 558	KN Lc(1) 558, ]tu-na-no _ TELA^2 1 _ LANA 3 ] __________________ TELA^2+$TE 2°0[ ] $vac.
4405	KN Lc(1) 560	KN Lc(1) 560, _____________ pa-we-a , ko-u°[-ra ne-we-wi-ja / __________ [
4406	KN Lc(1) 561	KN Lc(1) 561, ___________ [[po-pu]] e-pi-qe r°e°-si e-ra-ja /________________ TELA^1°+$TE 1
4407	KN Lc(2) 581	KN Lc(2) 581, ] _____ 'pa-we-a' _ TELA^4 40[ ]no , / ko-u-re-ja _ LANA 3°0[ ↓ ] __________ to-u-ka _ L°A°N°A°[
4408	KN Lc(1) 582	KN Lc(1) 582, __ ]T°E°L°A°^x 30 _ LANA [ tu-]n°a°-no _ TELA^1 6[ ↓
4409	KN Lc(1) 646	KN Lc(1) 646, __________________ o-pi-si-ri-ja-we p°e°[-ko-]to '$re' TELA^1+$TE 1  LANA 20[ ______________ [_] e-qe-si-jo ____ T°E°L°A°^x[ _] _ LANA 140 _____________ [ i-ja-pu₂-we / [ _ ] _ tu-na-no ____ T°E°L°A°^x[ ]1° _ LANA 3 ______________ [ → ] _ $o [ ]T°E°L°A°^x 6 _ TUN+$KI 2[ _ ] $vac.
441	KN Sc 9121	KN Sc 9121, ]EQU '$ZE' 1 _ [
4410	KN Lc(1) 5053	KN Lc(1) 5053, a-mi-ni-so[
4411	KN Lc 5612	KN Lc 5612, ] TELA^4[[+$Z°O°]] 1 [ __________ ]LANA M 1[ ↓ ___ ]-a _ ra[ ]-so-ma ____ [
4412	KN Lc(1) 5746	KN Lc(1) 5746, ] TELA^1+$TE 4 _ TELA^2+$TE 10[ ]t°u°-na-no ___ TELA^1 2 _ L°A°N°A°[
4413	KN Lc(1) 7285	KN Lc(1) 7285, ]30 __ LANA 100[ ] _ $vac. _____ [ ↓
4414	KN Lc(1) 7289	KN Lc(1) 7289, _______ ] _ TELA^1 13[ _ ]LANA 3°0  [ tu-na-]no __ TELA^1 1 _ LANA 3 __ [
4415	KN Od 7318	KN Od 7318, ]LANA 14°[ ] $vacat  [
4416	KN Lc(2) 7319	KN Lc(2) 7319, ]5 _______ [ ]5° M _ 1 _ [ ↓ ]$vest. _ [
4417	KN Lc(1) 7321	KN Lc(1) 7321, ] _ LANA[ _ ]100[ ]TELA^1 2 _ LANA 1[
4418	KN Lc(1) 7376	KN Lc(1) 7376, ] ___ 'pa-we-a' ko-u-ra '*$161' TELA^1 10[ ]ja / ________________________________ [
4419	KN Lc(2) 7377	KN Lc(2) 7377, ] ______________ 'pa-we-a' _ TELA^3 12 ____ 3 ]w°e°-ri-jo-jo , / ku-do-ni-ja _ LANA 18 ↓ ]to-u-ka _ LANA 4
442	KN Sc(5) 9122	KN Sc(5) 9122, _ $s°u°p°. $m°u°t°. ]EQU[ _ $inf. $mut.
4420	KN Lc(1) 7392	KN Lc(1) 7392, __ ']p°a°-w°e°[-a]' _ ko-u[-ra _________ ]24°0[ we-]we-si-jo-jo _ [tu-na-no] _ TELA^1 10[
4421	KN Lc(2) 7433	KN Lc(2) 7433, ]T°E°L°A° 2°0 ________ 5 ]LANA 16 _ M 1 _ N 2
4422	KN Lc(1) 7549	KN Lc(1) 7549, ] _____ $vest.[ ]da-wi-ja / tu[
4423	KN Lc(1) 7901	KN Lc(1) 7901, da-]*22-ti-ja [
4424	KN Lc(1) 8572	KN Lc(1) 8572, ] _______ $vest.[ ]ne-ja , / $vac.[
4425	KN Ld(1) 571	KN Ld(1) 571, ___________ pe-ne-we-ta a-ro₂-a _________ *$158 1 pa-we-a , / e-qe-si-ja , re-u-ko-nu-ka , _ TELA^3 25
4426	KN Ld(1) 572	KN Ld(1) 572, _________ pe-ne-we-ta , a-ro₂-a ___ *$158 1 pa-we-a / e-qe-si-ja re-u-ko-nu-ka __ TELA^2 25
4427	KN Ld(1) 573	KN Ld(1) 573, ___________________ e-ru-ta-r°a°-pi pa-we-a , / ke-se-nu-wi-ja , re-u-ko-nu-ka _ TELA^3 35 _ *$158 1
4428	KN Ld(1) 574	KN Ld(1) 574, ____________ re-u-ko-nu-ka [ pa-we-a , / ke-se-nu-wi-ja [
4429	KN Ld(1) 575	KN Ld(1) 575, ____________ e°-q°e°-si-ja pa-we-a , / pa-ra-ku-ja _ TELA^2 30 _ *$158 1
443	KN Sc(5) 9123	KN Sc(5) 9123, _ $sup. $mut. ]EQU 1
4430	KN Ld(1) 576	KN Ld(1) 576, ]TELA 10[[ _ ]]*$158 1
4431	KN Ld(1) 577	KN Ld(1) 577, ]T°E°L°A°^x 40[[ _ ]] *$158 1
4432	KN Ld(1) 579	KN Ld(1) 579, _________ po-ki-ro-nu-ka , o-[ pa-we-a / o-re-ne-ja , ______[
4433	KN Ld(1) 583	KN Ld(1) 583, _ ]o-re-ne-ja , a-ro₂-a __ [ e-]qe-si-ja , re-u-ko-nu-ka[
4434	KN Ld(1) 584	KN Ld(1) 584, po-]ki-ro-nu-ka 'o-pi-qi-na' _ TELA^2 4 pa-]ro , e-ta-wo-ne-we 'o-nu-ka' _ TELA^2 5 ]to-sa _ TELA 15
4435	KN Ld(1) 585	KN Ld(1) 585, ] re-u-ko-nu-ka e-ru-ta-ra-pi ] ke-se-nu-wi-ja , _______ TELA^2 25
4436	KN Ld(1) 587	KN Ld(1) 587, to-sa , po-ki-ro-nu-ka _ TELA^2 24 _ re-u-ko-nu-ka __ TELA^2 372 _ ko-ro-ta₂ _ TELA^2 14 _ *56-ra-ku-ja _ TELA^x 42 _ po-ri-wa _ TELA^2 1 _ $vac. _______ [ _________ ] _ to-s°a° _ TELA 149
4437	KN Ld(1) 591	KN Ld(1) 591, _ ] ______ re-u-ko-nu-ka[ e-]ta-wo-ne o-nu-ka ___[
4438	KN L 595	KN L 595, ]°e-ro-pa-ke-ja _ $o TUN+$KI 1°[ _______ $pe TUN+$KI 8 _____ [
4439	KN Ld(1) 598	KN Ld(1) 598, _ wi-jo-qo-ta-o _ po-ki-ro-nu-ka _ TELA 1 _____ [ re-u-ko-nu-ka ___ TELA^1 37 _ ko-ro-ta₂ _ TELA 2 _ [ ______________________ to-sa _ TELA 40 _ $o TELA^1 6[
444	KN Sc 9142	KN Sc 9142, _ $sup. $mut. ]E°Q°U° [
4440	KN Ld(1) 599	KN Ld(1) 599, ] _ pa-we-a ________ [ ]ko-ro-ta₂ _ TELA^2 [
4441	KN Ld(1) 649	KN Ld(1) 649, _____ ] ___ e-ru-ta-ra-pi _ [[re-u°-]][ pa-we-]a / ke-se-ne-wi-ja , / re-u-ka[
4442	KN Ld(1) 656	KN Ld(1) 656, pe-ki-ti[ re-u-k°o°[
4443	KN Ld(2) 785	KN Ld(2) 785, ___]p°i° , ______ *$161 ______________________________________________[ po-]k°i°-ro-nu-ka , TELA^2 3 _ ki-ri-ta , / e-ru-ta-ra-pi , *$161 TELA^3 [ _ ] ____________________________________ e-ru-ta-ra-pi _____________ [ _ ]T°E°L°A°^x 2 _______________ ke-ro-ta , / *$161 ki-to-na ___________ TELA^x[
4444	KN Ld(2) 786	KN Ld(2) 786, _____ ] _______ a-*34-ka _ TELA^3+$PA [ pa-we-]a₂ , / ke-ro-ta , __ *$161 ki[
4445	KN Ld(2) 787	KN Ld(2) 787, _____________ a-*34-ka ____ TELA^3+$PA 1 [ pa-we-a₂ , / o-re-ne-ja ⸤_⸥ *$161 ki-to-pi[
4446	KN Ld(2) 788	KN Ld(2) 788, _____ ] _______ ti-ri[ pa-we-]a₂ , / ke-ro-t°a°[
4447	KN Ld(1) 5601	KN Ld(1) 5601, _ $sup. $mut. pa-we[ _ $inf. $mut.
4448	KN Ld(1) 5607	KN Ld(1) 5607, _ ]TELA^2 1 e-]ta-wo-ne _ TELA^2 1[
4449	KN Ld(1) 5615	KN Ld(1) 5615, re-u-]ko-nu-ka ____ TELA^2 13 __ [ ]o-nu[ ________ ] _ TELA^2 7 ___ [
445	KN Sc 9154	KN Sc 9154, _ $sup. $mut. ]B°I°G°[ _ $inf. $mut.
4450	KN Ld(1) 5845	KN Ld(1) 5845, ]  po-ki-ro[ ']nu-ka'  o°[
4451	KN Ld(1) 5894	KN Ld(1) 5894, ]nu-ka _ [ _ $inf. $mut.
4452	KN Ld(1) 5916	KN Ld(1) 5916, ] ______________ o-nu[ ]TELA^2° 13 _ pa-ro , e[ _ ] _ $vac. ________ [
4453	KN Ld(1) 5955	KN Ld(1) 5955, da-*22-ti[ pa-ro , e[
4454	KN Ld(2) 8192	KN Ld(2) 8192, _ $sup. $mut. ]*$161 _ *34-ka[
4455	KN Ld(1) 8245	KN Ld(1) 8245, ]TELA^1[] 1°5 _ ] $vac.
4456	KN Le 641	KN Le 641, _ o-a-po-te , de-ka-sa-t°o° , a-re-i-jo , o-u-qe-po[ pa-i-ti-ja , '$pe' TELA+$TE 2 _ $mi TELA^1+$TE 14° _ da-wi-ja , $pe TELA^x+$TE 1[ do-ti-ja _ $mi TELA+$TE 6 _ qa-mi-ja _ TELA^1+$TE 1[ ko-no-so , / te-pe-ja _ '$mi' TELA+$TE 3 _ tu-ni-ja _ TELA^1+$TE 1 [ __ $vacat ___ [___ ___] _ $vacat _____________________________________ [ __ $vacat ___ [___ ___] _ $vacat _______________________________________ [
4457	KN Le 642	KN Le 642, ]ra-wo , de-ko-to 't°a°-ra-si-ja' ne[ ]ja  TELA^1+$TE 2  ri-jo-ni-ja  TELA^1+$TE[ ]ri-jo _ TELA^1+$TE 6 ______ da-mo-ko[ ____ ] _________ $vacat ___________ [
4458	KN Le 654	KN Le 654, $sup. $mut. __ ]s°i°-ja _ [ a-mi-ni-si-ja [ se-to-i-ja '$wa' _ 2[ tu-ni-ja _ 2°[ _ we-we-si-jo _ 1°[
4459	KN Le 5629	KN Le 5629, ________ ]ja ____________ TELA^1+$TE [ e-ki[-si-]j°a° / a-pu-do-si TELA^1+$TE [ pa-i-t°o° / ko-ma-we-t°o° ___ TELA^1+$TE [
446	KN Sc 9155	KN Sc 9155, _ $sup. $mut. ]B°I°G°[ _ $inf. $mut.
4460	KN Le 5646	KN Le 5646, o-pi , [ __________________ ']e-ko-so'  [ __________ [•-•] _ TELA^x+$TE 1° ________ [ *56-ko-we / o-pi _ TELA+$TE 1 _ // tu-ni[-ja
4461	KN Le 5903	KN Le 5903, ]a°-pu-do-si _________________ [ __ ]w°a°-de ______ TELA^1+$TE 1 _ [ _________ ] _ $vac. _______ [
4462	KN Le 5930	KN Le 5930, ']-ko-si-j°a°' [ ]ja _ $mi TELA^1°+$T°E° 11[ ]$vest.[ ]  TELA^1+$TE[ ] _ $vac.
4463	KN Le 6014	KN Le 6014, _ $sup. $mut. ]$vest.[ ]TELA^1+$TE 6 _ [ ___ ]1°6 _____ [
4464	KN Ln 1568	KN Ln 1568, _______________________ mi-ja-ro , $e , $pa 4 __ $e , $pa 6 ____________ $e , $pa 12 *56-po-so 1 _ wa-wa-ka 1 TELA^1+$TE 1 ru-ki-ti-ja $pe TELA+$TE 1 wi-da-ma-ta₂ , $mi TELA^1+$TE 1 ___ $e , $pa 12 _____________ $e _ $pa 4 _____________ $e , $pa 4 ____________________ $e , $pa 8 po-po $pe TELA^1+$TE 1 _ ta-su $mi TELA+$TE 1 _ ko-re-wo $mi  TELA+$TE 1 _ di-*65-pa-ta $mi TELA+$TE 1 _____ $pa 12 ______________________ $pa 11° ___________________ $pa 12 ru-sa-ma $pe TELA^1+$TE 1 _ na-e-r°a°-j°a° $pe TELA+$TE 1 _ qe-pa-ta-no $pe TELA^1+$TE 1 _________ $pa 8 ]tu-na-no , ru-nu TELA^1 1 __ [ _____ ]T°E°L°A°^x 1 ______________________________________ p°a°-r°o° no-si-ro _ TELA^x+$TE 3 ___ da-wo ________ to-sa te-[ __ ] [[$m°i° T°E°L°A°+$T°E°]] pa-ra-ja '$m°i°' TELA^x+$TE 7 _ [ _______________________ a-ze-ti-r°i°-ja ________ ne-ki-ri-de _ [ ________o-pi , ma-tu-w°e° o-nu-ke _ LANA 1 _ o-pi , po-ni-ke-ja [
4465	KN M 467	KN M 467, ]2 _ *$146 2
4466	KN M(1) 559	KN M(1) 559, ']ke' o-no , o-na LANA 2 _______ ]da-wi-jo *$146 2°
4467	KN Od(1) 683	KN Od(1) 683, ] __ a-ze-ti-ri-ja ]te-o ____________ o-nu-ke LANA 9 M 2 ]ti-mu-nu-we ________ *$146 30
4468	KN M 719	KN M 719, a-mi-ni-so ke-re-na , re-ne , [ e-ne-si-da-o-ne , su-ja-to , *$146 1[
447	KN Sc 9156	KN Sc 9156, _ $sup. $mut. ]B°I°G° [
4470	KN M 724	KN M 724, ]me-no *$146 ] $vac.
4471	KN M 729	KN M 729, ]ma-wo , *$146 1°[ ]po-ti-ni-ja[
4472	KN M 757	KN M 757, ] *$146^2 250[ ] *$1°8°1° 10 [
4473	KN M(1) 1645	KN M(1) 1645, ka-]ra-e-ri-jo-jo , me-no __ ]-wi-jo-do _ $pe *$146 1
4474	KN M 7373	KN M 7373, ] *$146+$PE [ ↓ ]5°0[
4475	KN M 7394	KN M 7394, ___ ]-ja TELA^2 1 __ [ ]r°e°-ja-i *$146 3[
4476	KN M 8170	KN M 8170, ___ ] *$146^2 24°[ _ ]-na M 58 _____ [ ] ____ $vac. _______ [
4477	KN Mc(1) 1508	KN Mc(1) 1508, ]° _____________ *$150 16 _ CAP^f 10 _ [ ]°da-*22-ti-jo _ C°O°R°N° 12 _ *$142 M 6[ ↓ ]° _____ OVIS^f 6°3° _ $o° _ o-pi C°O°R°N° _ [
4478	KN Mc 4453	KN Mc 4453, ]ja-*18 ___ *$150 24°[ ] _ CAP^f 17 ] _________ *$142 M 12 __ CORN 24
4479	KN Mc 4454	KN Mc 4454, ________ 'da-wa-no' _ *$150 29 _ CAP^f 16 u-qa-mo / ____ $da *$150 1 _ *$142 M 13 _ CORN 26°
448	KN Sc 9157	KN Sc 9157, ]E°Q°U° _ $Z°E°[ _ $inf. $mut.
4480	KN Mc 4455	KN Mc 4455, _________ 'a-pa-sa-ki-jo' _ *$150 28 _ CAP^f 17 ku-ta-to / _________ *$142 M 12 ___ CORN 24
4481	KN Mc 4456	KN Mc 4456, ]° _____ 'si-nu-mo-ro' _ *$150 16 _ CAP^f 10 [ ]°da-*22-to / _ *$142 M 7 ___ CORN 14 __ [
4482	KN Mc 4457	KN Mc 4457, to-sa ___ *$150 345 __ CAP^f 208[ k°e°-[•] *$142 L 5 M 4 _ CORN 345[
4483	KN Mc 4459	KN Mc 4459, __ ] ____ 'a-ko-ro-ta' _ *$150 23 ___ CAP^f 15 _ [ ku-]ta-to / _ qe-wa-ra _ *$142 M 10 __ CORN 20 [ _ ]$vac.[
4484	KN Mc 4460	KN Mc 4460, _________ a-wa-so , ___ *$150 14 ___ CAP^f 7[ ka-ma-so / ____________ *$142 M 6 _ CORN 12[
4485	KN Mc 4461	KN Mc 4461, ______________________ *$150[ ______]CAP^f 15 _ [ ja-qo , / da-wa-no , _ *$142[ ______]C°O°R°N° 20 [ ↓ _______________________ 160[ ______]__$vac.__[
4486	KN Mc 4462	KN Mc 4462, __________ ']ra-wo-qo-no'  *$150 61 _ CAP^f 30 _________ [ ti-]r°i°-t°o° / ____ a-re ___ *$150 1 _ *$142 M 26 CORN 52[
4487	KN Mc 4463	KN Mc 4463, ] ___ 'a-pa-u-ro' ___ *$150 10[ ]jo / _______ *$142 M 5 _ C°O°R°N°[
4488	KN Mc 4464	KN Mc 4464, ___________ 'te-ru-r°o°' _ *$150 12 ___ CAP^f[ se-to-i-ja / ___________ *$142 M 5 ____ [
4489	KN Mc 5107	KN Mc 5107, *$150 354 _ CAP^f 200[
449	KN Sc 9163	KN Sc 9163, _ $sup. $mut. ] _ B°I°G°[
4491	KN Mc 5124	KN Mc 5124, ] __ 'e-[•-]r°u°-d°a°-[' ___ ]*$1°5°0° 30 _ [ _ ]C°A°P°^f 16[ ]i / [ __ ] $vac.[ ______________ ] CORN 26 [
4492	KN Mc(1) 5187	KN Mc(1) 5187, ]5 _ $o° *$150 1°7° [ ] CAP^f 8 _ *$142 M 20 [
4493	KN Mc 5818	KN Mc 5818, _____________ ']t°e°-[' _ ]*$150 15° ___ CAP 10 ]ri-na-j°o°[ / __________ ]*$142 M° 7° _ C°O°R°N° 10[ ] $vac.
4494	KN Mc 8448	KN Mc 8448, ]C°A°P°^f 14 _______ [ ____ ]10 _ CORN[
4495	KN Mc 8705	KN Mc 8705, $sup. $mut. ]10
4496	KN Mc 8708	KN Mc 8708, $sup. $mut. ]6°[
4497	KN Mc 9940	KN Mc 9940, ]t°o°[ $inf. $mut.
4498	KN Mc 9941	KN Mc 9941, ]1°1°[ $inf. $mut.
4499	KN Mc 9942	KN Mc 9942, ]1°0° [ $inf. $mut.
45	KN Nc 8317	KN Nc 8317, ]M _ 1 ___ [
450	KN Sc 9803	KN Sc 9803, _ $sup. $mut. ]E°Q°U° $ZE[ _ $inf. $mut.
4500	MI Wv 1	MI Wv 1, OLE $supra $sigillum ($CMS V Suppl. 3,2, Nr. 238) ro-zo __ $vacat
4501	KN Dd 1144	KN Dd 1144, _ ] _ OVIS^m 70 _______ OVIS^f 210[ ] e-r°a° , u-ta-jo-jo , $pa OVIS^m 1[ ] __________________ ki-ri-jo-te[
4502	KN Do 924	KN Do 924, __________________________ $ki $pe OVIS^m _ $o OVIS^m 2°0°[ tu-da-ra / $se  OVIS^f 100 _ $za __ OVIS^m° ____________ [
4504	KN Dp 2004	KN Dp 2004, ]-jo _ OVIS^m LANA 2[ ↓ ] ____________ [[9°0]][ None ][[ ____ $vest. ____ ]][
4505	KN Dv 1386	KN Dv 1386, _____________ a-te[-jo ti-ri-to / qa[
4506	KN Dv 9630	KN Dv 9630, $sup. $mut. ]$vest.[
4508	KN E 5000	KN E 5000, __________________ ]6°7 __________ ] _ GRA 181 T 5 __ ] , _______ GRA 113° T 5 ] __ $vacat __________[ ______ ] _ $vacat
4509	KN F 452	KN F 452, ]ka-da-ra-so _ O°L°E° 2 _______________ [ ]qa-ka _ OLE 1 _ pu-ri _ OLE _ S 2[ ]-jo _ OLE _ S 3 __ o[
451	KN Sd 4401	KN Sd 4401, ]a-ra-ru-ja , a-ni-ja-pi , wi-ri-ni-jo , o-po-qo , ke-ra-ja-pi , o-pi-i-ja-pi _ CUR[ i-qi-jo , / a-ja-me-no , e-re-pa-te , a-ra-ro-mo-te-me-no po-ni-k°i°[-jo
4510	KN Fh 367	KN Fh 367, to-so-ku-su-pa _ OLE 330 _ S 1
4511	KN Ak 7018	KN Ak 7018, ko-]wa 6 _ ko-wo 3 __] $vacat
4512	KN Ak 9545	KN Ak 9545, $sup. $mut. ]k°o°-wa[ $inf. $mut.
4514	KN Gg(3) 705	KN Gg(3) 705, ] __ a-mi-ni-so , / e-re-u-ti-ja _ '$ME+$RI' *$209^VAS 1 ]pa-si-te-o-i _ $ME+$RI *$209^VAS 1 ___ ]o-ne _____ $ME+$RI *$209^VAS 1
4515	KN F 7525	KN F 7525, ]ko _ 1 _ HORD _ T 1 _ [ _______]$vac.[ $inf. $mut.
4517	KN M(1) 720	KN M(1) 720, __________________ o-re-o-po T°E°L°A°^x[ ze-ne-si-wi-jo / _____ *$146 1°[
4518	KN X 7979	KN X 7979, e-]me-si-jo-jo , / pa-n°a°[-so ] ___ $vest. ___ [
4519	KN Xd(5) 133	KN Xd(5) 133, ]i-ne-u[
452	KN Sd 4402	KN Sd 4402, ] _ a-u-qe , a-re-ta-to , o-u-qe , pte-no , o-u-qe , au-ro , o-u-qe , 'pe-qa-to' _ CUR[ ]i°-qi-ja , / a-ra-ro-mo-te-me-na , po-ni-ki-ja , o-u-qe , a-ni-ja , po-si , _ [
4520	KN X ‹1620›	KN X ‹1620›, ]o-ne-ro₂-i[
4521	KN Ws ‹1713›	KN Ws ‹1713›, $RU _ $supra $sigillum
4522	KN X 5011	KN X 5011, Graffito
4523	KN X 8619	KN X 8619, 
4524	KN Xf ‹8839›	KN Xf ‹8839›, $vacat
4525	KN X 8840	KN X 8840, ] $vacat
4526	KN X 8841	KN X 8841, $vacat $vest.
4527	KN X 8842	KN X 8842, $vacat
4528	KN Z 1715	KN Z 1715, •-*89-a
4529	KN Z 1716	KN Z 1716, wi-na-jo
453	KN Sd 4403	KN Sd 4403, _ e-re-pa-te-jo , o-po-qo , ke-ra-ja-pi , o-pi-i-ja-pi 'ko-ki-da , o-pa' _ CUR 3 ]i°-qi-ja ⸤_⸥ / a-ja-me-na , e-re-pa-te , a-ra-ro-mo-te-me-na , a-ra-ru-ja _ [
4532	KN Z 1717	KN Z 1717, ]m°e°[
4533	KN Z 1718	KN Z 1718, *56-ko-we
4536	PY Aa 60	PY Aa 60, e-wi-ri-pi-ja _ MUL 16 _ ko-wa 11 _ ko-wo 7 _ $DA 1 $TA 1
4538	PY Aa 61	PY Aa 61, pu-ro ze-pu₂-ra₃ MUL 26 __ ko-wa 15 _ ko-wo 10 _ $DA 1 $TA 1
4539	PY Aa 62	PY Aa 62, me-re-ti-ri-ja _ MUL 7° _ ko-wa 10 _ ko-wo 6
454	KN Sd 4404	KN Sd 4404, ___ ]jo , i-qo-e-qe , wi-ri-ni-jo , o-po-qo , ke-ra-j°a°-p°i° ⸤_⸥ o°-pi-i-ja-pi _ CUR[ ]i-qi-ja , / ku-do-ni-ja , mi-to-we-sa-e , a-ra-ro-mo-te-me-na _______________ [ ] ______________ po-ni-ki-ja _ BIG 1 _______________________________________ [
4540	PY Aa 63	PY Aa 63, ki-ma-ra _ MUL 3 _ ko-wa 5 _ ko-wo 4 _ $DA 1 $TA 1
4541	PY Aa 76	PY Aa 76, po-to-ro-wa-pi _ MUL 4 _ ko-wa 4 _ ko-wo 3 _ $DA 1 $TA 1
4542	PY Aa 85	PY Aa 85, a-ke-ti-ri-ja _ MUL 12 _ ko-wa 16 _ ko-wo 8 _ $DA 1 $TA 1
4543	PY Aa 89	PY Aa 89, a°-ra-ka-te-ja _ MUL 37 _ ko-wa 26 _ ko-wo 16 _ $TA 1
4544	PY Aa 93	PY Aa 93, ke-e _ MUL 6 _ ko-wa 9 _ ko-wo 6 _ $DA 1 $TA 1
4545	PY Aa 94	PY Aa 94, e-pi-ko-o _ MUL 14 _ ko-wa 5° _ ko-wo 8 _ $DA 1 $TA 1
4546	PY Aa 95	PY Aa 95, e-pi-jo-ta-na _ MUL 8 _ ko-wa 8 _ ko-wo 7 _ $DA 1 $TA 1
4547	PY Aa 96	PY Aa 96, da-m°i°[-ni-ja MUL ]1° _ ko-wa 13 _ $DA 1 $TA 1
4548	PY Aa 98	PY Aa 98, no-ri-wo-ko _ MUL 8 _ ko-wa 10 _ ko-wo 5°
4549	PY Aa 240	PY Aa 240, a-ra-ka-te-ja _ MUL 21 _ ko-wa 25 _ ko-wo 4 _ $TA 1[
455	KN Sd 4405	KN Sd 4405, ____________ wi-ri-ni-jo , o-po-qo , ke-ra-ja-pi , o-pi-i-ja-pi , o-u-qe , pte-no , [ _ ]CUR 1[ ]i-qi-ja , / po-ni-ki-ja , a-ra-ro-mo-te-me-na , a-ra-ru-ja , a-ni-ja-pi
4550	PY Aa 313	PY Aa 313, o-ti-ri-ja _ MUL 21 _ ko-wa 12 _ ko-wo 8 _ $DA 1 $TA 1
4551	PY Aa 354	PY Aa 354, ko-ro-ki-ja _ MUL 8 _ ko-wa 4 _ ko-wo 1 _ $DA 1
4552	PY Aa 506	PY Aa 506, ku-te-ra₃ _ MUL 28 _ ko-wa[
4553	PY Aa 662	PY Aa 662, pa-ke-te-ja _ MUL 9 _ ko-wa 5 _ ko-wo 11°
4554	PY Aa 695	PY Aa 695, ne-we-wi-ja _ MUL 21 _ ko-wa 10 _ ko-wo 6 _ $DA 1 $TA 1
4555	PY Aa 699	PY Aa 699, ti-nwa-si-ja _ MUL 9 _ ko-wa 4 _ ko-wo 3 _ $DA 1 $TA[ 1
4556	PY Aa 701	PY Aa 701, a-*64-ja _ MUL 35 _ ko-wa 11 _ ko-wo 1°4 _ $DA 1 $TA 1
4557	PY Aa 717	PY Aa 717, ro-u-so , a-ke-ti-ri-ja _ MUL 32 _ ko-wa 18 _ ko-wo 8 _ $DA 1 $TA 1
4558	PY Aa 752	PY Aa 752, me-ta-p°a° _ MUL 7 _ ko-wa 3 _ ko-wo 3 _ $TA 1
4559	PY Aa 759	PY Aa 759, ]ko-wa 2 _ ko-wo 4 _ $DA 1 $TA 1
456	KN Sd 4406	KN Sd 4406, ]wi-ri-ni-jo , o-po-qo , ________ [ ] ke-ra-ja-pi , o-pi-i-ja-pi _ CUR[ ]-to , a-ra-ro-mo-te-me-na , ____ [
4560	PY Aa 762	PY Aa 762, ke-re-za , we-we-si-je-ja _ MUL 22 _ ko-wa 6 _ ko-wo 11 _ $DA 1 $TA 1
4561	PY Aa 764	PY Aa 764, me-re-ti-ri-ja _ MUL 6 _ ko-wa 8 _ ko-wo 1
4562	PY Aa 770	PY Aa 770, ki-si-wi-ja _ MUL 6 _ ko-wa 4 _ ko-wo 6 _ $TA 1
4563	PY Aa 772	PY Aa 772, e-u-de-we-ro _ MUL 6 _ ko-wo 4 _ $TA 1
4564	PY Aa 775	PY Aa 775, o°-wi-to-n°o°[ _ MUL ]4° _ ko-wa 2 _ ko-wo 10 _ $DA 1 $TA 1
4565	PY Aa 777	PY Aa 777, _ e-ke-ro-qo-no o-pi-ro-qo _ MUL 7 _ ko-wa 3 _ ko-wo 4 _ $DA 1 _ $TA 1
4566	PY Aa 779	PY Aa 779, me-ta-pa _ MUL 3 _ ko-wo 1 _ $TA 1 a-te-re-wi-ja
4567	PY Aa 783	PY Aa 783, re-wo-to-ro-ko-wo _ MUL 38 _ ko-wa 13 _ ko-wo 15 _ $DA 1 $TA 1
4568	PY Aa 785	PY Aa 785, a-da-ra-te-ja _ MUL 1 _ $TA 1
4569	PY Aa 786	PY Aa 786, ne-wo-pe-o _ MUL 8 _ ko-wa 3 _ ko-wo 2 _ $TA 1
4570	PY Aa 788	PY Aa 788, ka-pa-ra₂-de _ MUL 24 _ ko-wa 8 _ ko-wo 2 _ $DA 1 $TA 1
4571	PY Aa 792	PY Aa 792, ki-ni-di-ja _ MUL 21 _ ko-wa 12 _ ko-wo 10 _ $DA 1 $TA 1
4572	PY Aa 795	PY Aa 795, pa-wo-ke _ MUL 4 _ ko-wa 2 _ ko-wo 1 _ $TA 1
4573	PY Aa 798	PY Aa 798, ro-u-so , mi-ra-ti-ja _ MUL 54 _ ko-wa 35 _ ko-wo 22 _ $DA 1 $TA 1
4574	PY Aa 804	PY Aa 804, a-pi-qo-ro _ MUL 32 _ ko-wa 26 _ ko-wo 15 _ $TA 1
4575	PY Aa 807	PY Aa 807, ke-re-za , ra-wi-ja-ja _ MUL 26 _ ko-wa 7 _ ko-wo 7 _ $DA 1 $TA 1
4576	PY Aa 815	PY Aa 815, a-ke-ti-ra₂ _ MUL 38 _ ko-wa 33 _ ko-wo 16 _ $DA 1 $TA 1
4577	PY Aa 854	PY Aa 854, e-ke[-ro-qo-no _ MUL
4578	PY Aa 860	PY Aa 860, ]1 _ ko-wo 1 _ $TA 1
4579	PY Aa 863	PY Aa 863, ]ko-wo 4
458	KN Sd 4408	KN Sd 4408, ]a°-ra-ru-wo-ja , a-ni-ja-pi , wi-ri-ne-o , o-po-qo , ke-ra-ja-pi , o-pi-i°-j°a°[-pi i-]qi-ja , / a-ja-me-na , e-re-pa-te ⸤  ⸥ a-ra-ro-mo-te-me-na ⸤_⸥ po-ni-ja-ja , _ CUR[
4580	PY Aa 891	PY Aa 891, pe-ki-t°i°[ _ MUL
4581	PY Aa 955	PY Aa 955, me-ki-to-ki[-ri-ta _ MUL
4582	PY Aa 987	PY Aa 987, ]$TA 1
4583	PY Aa 1178	PY Aa 1178, ]MUL ⸤3°⸥ [ $inf._$mut.
4584	PY Aa 1180	PY Aa 1180, _____ pu-ro , mi-ra-ti-ja _ MUL[
4585	PY Aa 1182	PY Aa 1182, pi-we-re _ MUL 7 _ ko-wo 2
4586	PY Ab 186	PY Ab 186, ________________________________________________ GRA 2 T 4 _ $TA $DA pu-ro , ra-mi-ni-ja _ MUL 7 _ ko-wa 1 _ ko-wo 2 _ $NI 2 T 4
4587	PY Ab 189	PY Ab 189, _________________________________________________ GRA 6 T 7 _ $TA $DA pu-ro ki-ni-di-ja _ MUL 20 _ ko-wa 10 _ ko-wo 10 _ $NI 6 T 7
4588	PY Ab 190	PY Ab 190, _________________________________________________ GRA 3 [[T 9]] _ $DA $TA pu-ro ti-nwa-si-ja _ MUL 9 _ ko[-wa ]3° _ ko-wo 1 _ $NI 3 [[T 9]]
4589	PY Ab 194	PY Ab 194, ________________________________________________________ GRA 3 ___ $TA $DA pu-]r°o° ki-si-wi[-ja ] o-nu-ke-ja _ MUL 7 _ ko-wa 3 ko-wo 6 _ $NI 3
459	KN Sd 4409	KN Sd 4409, ________ wi-ri-ne-o , o-p°o°-qo ,° ka-ke-ja-pi , o-pi-i°-j°a°-p°i° __ CUR 1 ]i-qi-ja , / po-ni-ki-ja , a-ra-ro-mo-te-me-na ,° a-ja-me-na ,°
4590	PY Ab 210	PY Ab 210, ___________________________________________GRA 3 T 6 $T°A°[ a-pu-ko-wo-ko _ MUL 8 _ ko-wa 7 _ ko-wo 8 _ $NI 3 T 6 _ [
4591	PY Ab 217	PY Ab 217, _______________________________________________________GRA 5 T 1 $TA $D°A°[ pu-ro ke-re-za , we-we-si-je-ja MUL 16 ko-wa 5 ko-wo 7 _ $NI 5 T 1 ___ [
4592	PY Ab 277	PY Ab 277, ________________________________________GRA 3 _ $DA $TA o-wi-to-no _ MUL 8 _ ko-wa 5 _ ko-wo 2 _ $NI 3
4593	PY Ab 355	PY Ab 355, me-ta-pa _ MUL 5 [
4594	PY Ab 356	PY Ab 356, _____________________________________________________ GRA 2 T 2 _ $DA pu-ro , ra-qi-ti-ra₂ _ MUL 6 _ ko-wa 3 _ ko-w°o°[ _ ]1 _ $NI 2 T 2
4595	PY Ab 372	PY Ab 372, ______________________________________________ GRA 2 T 7 _ $TA $DA pu-ro ko-ro-ki-ja _ MUL 9 _ ko-wa 2 _ [[k°o°-w°o°]] _ $NI 2 T 7
4596	PY Ab 379	PY Ab 379, _________________________________________ GRA 2 T 8 _ $TA $DA e-u-de-we-ro _ MUL 8 _ ko-wa 2 _ ko-wo 3 _ $NI 2 T 8
4597	PY Ab 382	PY Ab 382, ____________________________________________________ GRA 16 T 8 _ $DA $TA ro-u-so mi-ra-ti-ra _ MUL 54 _ ko-wa 31[ ]ko-wo 20 __ $NI 16 T 8
4598	PY Ab 388	PY Ab 388, __________________________________________ GRA T 4 pu-ro a-da-ra-te-ja _ MUL[ ]1° _____________ $NI T° 4 _ $TA
4599	PY Ab 417	PY Ab 417, __________________________________________________ GRA 6[ pu-ro , o-ti-ra₂ _ MUL 21 _ ko[-wa $qs _ ko-wo] 8 _ $NI 6 [
46	KN Nc 8453	KN Nc 8453, ] _ M 1°[
460	KN Sd 4412	KN Sd 4412, ka-]k°e°-ja-pi , o-pi-i°-j°a°-p°i° , o-u-qe , po-si , e-re-pa ]me-na , a-ja-me-na ________ CUR 1
4600	PY Ab 468	PY Ab 468, ]G°R°A° 1 [T 5] _ $TA ]$N°I° 1 T° 5
4601	PY Ab 515	PY Ab 515, ______________________________________________ GRA 10 _ $DA $TA pu-ro , a-*64-ja _ MUL 35 _ ko-wa 12 ko-wo 11 _ $NI 10
4602	PY Ab 553	PY Ab 553, _________________________________________________ GRA 11 T 1° _ $DA $TA pu-ro , re-wo-to-ro-ko-wo _ 37 ko-wa 13 ko-wo 15 _ $NI 11 T 1
4603	PY Ab 554	PY Ab 554, ___________________________________ GRA 2 T°[ $qs ne-wo-pe-o MUL 7 ko-wa 5 k°o°-wo 5 _ $NI 2°[ T $qs
4604	PY Ab 555	PY Ab 555, _____________________________________________________ GRA 16[ pu-ro , ra-pi-ti-ra₂ _ MUL 38 _ ko-wa 20 _ ko-wo 19 _ $NI 16 [
4605	PY Ab 558	PY Ab 558, _______________________________________ GRA 1 T 8 _ $TA $DA pu-ro , pa-wo-ke MUL 4 ko-wa 2 ko-wo 1 _ $NI 1 T 8 ↓ _________________________________________________ 12
4606	PY Ab 559	PY Ab 559, pu-ro _____________________________ GRA 1[ e-k°e°-r°o°-qo-no[ ] VIR [ $qs ko-]w°o° 4° _ $NI 3° [
4607	PY Ab 560	PY Ab 560, pu-ro , ne-we-wi-ja M°U°L°[
4608	PY Ab 562	PY Ab 562, pu-r°o° k°u°-te-ra₃[ MUL
4609	PY Ab 563	PY Ab 563, ________________________________________________________ ]G°R°A° 6 T 1 [ pu-ro , e-ke-ro-qo-no _ MUL[ ___ ko-]w°a° 5[ ] [ ko-]w°o° 5 [ ]$N°I° 6 T 1°[
461	KN Sd 4413	KN Sd 4413, a-ra-ru-]ja , a-ni-ja-pi , wi-ri-ni-jo , o-po-qo , ke-ra-ja-pi , o-pi-i-ja-pi _ CUR[ _ i-]q°i°-ja , / pa-i-to , a-ra-ro-mo-te-me-na , do-we-jo , i-qo-e-qe , po-ni-ki[-ja
4610	PY Ab 564	PY Ab 564, p°u°-ro a-ke-ti-r°a°₂ _ MUL[ $qs _ ko-]w°a° 34°[
4611	PY Ab 573	PY Ab 573, ___________________________________________ GRA 5 T 1 _ $DA $TA pu-ro , mi-ra-ti-ja _ MUL 16 ko-wa 3 ko-wo 7 $NI 5 _ 1
4612	PY Ab 575	PY Ab 575, pu-ro me-ki-to-ki-ri-ta _ MUL 1 _ ko-wo [
4613	PY Ab 578	PY Ab 578, _________________________________________________ GRA 2 T 4 _ $TA pu-ro , pe-ki-ti-ra₂ _ MUL 7 _ ko-wa 4 _ ko-wo 4 _ $NI 2 T 4
4614	PY Ab 580	PY Ab 580, ]GRA 10 _ $TA $DA ]$N°I° 10
4615	PY Ab 582	PY Ab 582, ] $DA $TA ] $vacat
4616	PY Ab 584	PY Ab 584, ]GRA 10 T 2° $DA 1[ ]$NI 10 T 2 ____ [
4617	PY Ab 585	PY Ab 585, ] 6 ×[
4618	PY Ab 586	PY Ab 586, ____________________________________________________ GRA 7 T 7 _ $DA $TA pu-ro ke-re-za , ra-wi-ja-ja _ MUL 28 ko-wa 9 ko-wo 5 $NI 7 T 7
4619	PY Ab 745	PY Ab 745, _________________________________________ GRA T 5 pa-ke-te-ja , ri-ne-ja _ MUL 2 _ ko-wo 1 _ $NI T 5
462	KN Sd 4415	KN Sd 4415, ________ wi-ri-ne-jo , o-po-qo , ke-ra-ja-pi , o-pi-i-ja-pi _ CUR 2 i-qi-jo , mi-to-we-sa , a-ra-ro-mo-te-me-na , a-ja-me
4620	PY Ab 746	PY Ab 746, _________________________________________ GRA T 5 pa-ke-te-ja , ri-ne-ja _ MUL 2 _ ko-wa 1 _ $NI T 5°
4621	PY Ab 789	PY Ab 789, pu-ro ___________________________________ GRA 2 T 1[ me-re-ti-ra₂ _ MUL 6 _ ko-wo 6 _ ko-wo 3 _ $NI 2 T 1[
4622	PY Ab 899	PY Ab 899, _______________________________________________ GRA 2 T 2 pu-ro , o-pi-ro-qo _ MUL 8 _ ko-wa 3 _ ko-wo 3 _ $NI 2 T 2
4623	PY Ab 946	PY Ab 946, _ $sup. $mut. ]ko-wa[
4624	PY Ab 978	PY Ab 978, __ $sup. $mut. ]4⸥ ko-wo 3[
4625	PY Ab 1099	PY Ab 1099, ro-u-so a-k°e°[-ti-ra₂ _ MUL
4626	PY Ab 1102	PY Ab 1102, ] ko-wa[
4627	PY Ab 1103	PY Ab 1103, GRA ]1° $TA[ $NI _]1 _ [
4628	PY Ab 1109	PY Ab 1109, GRA ]2 T ⸤6[ $NI _]2 T 6[
4629	PY Ab 1115	PY Ab 1115, ] GRA[ $deest $inf. $mut.
463	KN Sd 4416	KN Sd 4416, ] ____ o-u-qe , a-ni-ja , po-si , ____________________________ CUR 3[ ]i-qi-ja , / mi-to-we-sa , a-ra-ro-mo-to-me-n°a°[ _ a-ja-]me-na __ [
4630	PY Ac 1272	PY Ac 1272, ka-ra-do-ro ,° V°I°R°[ ]2° o-pe-ro VIR 8 [
4631	PY Ac 1274	PY Ac 1274, VIR ]6 o-pe-ro VIR 13
4632	PY Ac 1275	PY Ac 1275, pe-ti-ni-jo __ VIR 25 o-pe-ro VIR 1
4633	PY Ac 1276	PY Ac 1276, pi-*82 [[o-pe-ro]] _ VIR 20 _ [
4634	PY Ac 1277	PY Ac 1277, a-ke-re-wa _ VIR 10 _ o-pe-ro _ VIR 6
4635	PY Ac 1278	PY Ac 1278, te-mi-ti-jo _ VIR 17 o-pe-ro VIR [
4636	PY Ac 1279	PY Ac 1279, VIR ]o-pe-ro VIR 1°[
4637	PY Ac 1280	PY Ac 1280, me-ta-pa __ VIR 22 _ o-pe-ro VIR 7
4638	PY Ad 289	PY Ad 289, ]e-pi-ja-ta-ni-ja⸤ ⸥ri-ne-ja-o ko[-wo ] VIR 7 ko-wo 3
4639	PY Ad 290	PY Ad 290, re-u-ko-to-ro a-ke-ti-ra₂-o ko-wo VIR 2 _ ko-wo
464	KN Sd 4422	KN Sd 4422, ] , o-pa // ___ o-u-qe , pe-qa-to , u-po , ______________________ CUR[ ]i°-qi-ja , / a-ro-mo-te-me-na , o-u-qe , a-ni-ja , po-si , e-e-si[
4640	PY Ad 295	PY Ad 295, ke-e _ ri-ne-ja-o ko-wo _ VIR 8 _ ko-wo 5
4641	PY Ad 308	PY Ad 308, re-u-ko-to-ro me-re-ti-ra₂-o°[ VIR
4642	PY Ad 315	PY Ad 315, pu-ro a-*64-ja-o ko-wo _ VIR⸤ ⸥3° _ k°o°-wo 6°
4643	PY Ad 318	PY Ad 318, pu-ro , ke[-re-]za , we-we-si-je-ja-o ko-wo _ VIR 8 ko-wo 7
4644	PY Ad 326	PY Ad 326, re-u-ko-to-ro ri-ne-ja-o a-*64-ja-o ko-wo _ VIR 3 ko-wo 9
4645	PY Ad 357	PY Ad 357, ne-we-wi-ja-o ko-wo __ VIR 6 __ o-pe-ro VIR 3
4646	PY Ad 380	PY Ad 380, pu-ro mi-ra-ti-ja-o a-ra-te-ja-o ko-wo 3°[ ][[ ___________ ]]
4647	PY Ad 390	PY Ad 390, pu-ro ku-te-ra-o ko-wo [ ] VIR 22 _
4648	PY Ad 663	PY Ad 663, o-ti-ra₂-o ko-wo _ VIR[ ]5° _ ko-wo 7
4649	PY Ad 664	PY Ad 664, pu-ro ra-u-ra-ti-jo ze-pu₂-ra-o ko-wo ri-ne-ja-o _ VIR 4 ko-wo 3
465	KN Sd ‹4450›	KN Sd ‹4450›, ____________ ke-ra-i-ja-pi , o-pi[-i-]ja-pi ____________________________ [ ________ o-u-qe , pte-no , po-si , a-ra-ru-ja , a-ni-j°a°-p°i° wi-ri-ne-o o°[-po-qo i-qi-ja / po-ni-ki-ja , a-ra-r°o°-m°o°-te-me-na , [[e°-r°e°-p°a°-t°e°]] , do-we-jo [ i-qo-e-qe
4650	PY Ad 666	PY Ad 666, pu-ro a-ke-ti-ra₂-o ko-wo _ VIR 20 ko-wo 7 [
4651	PY Ad 667	PY Ad 667, pu-ro ra-qi-ti-ra₂-o ko-wo _ VIR 2
4652	PY Ad 668	PY Ad 668, re-u-ko-to-ro ki-ma-ra-o ko-wo _ VIR 4
4653	PY Ad 669	PY Ad 669, re-u-ko-to-ro , no-ri-wo-ko-jo ko-wo _ VIR 5
4654	PY Ad 670	PY Ad 670, e-u-de-we-ro , ri-ne-ja-o ko-wo VIR 4 ________ [
4655	PY Ad 671	PY Ad 671, ka-ru-ti-je-ja-o-qe _________________________ $o VIR 5° pu-ro , a-pu-ko-wo-ko⸤ ⸥pa-ke-te-ja-o-qe VIR 3° ko-wo 4°
4656	PY Ad 672	PY Ad 672, e-pi-ko-e ri-ne-ja-o ko-wo _ VIR 4 _ ko-wo 3
4657	PY Ad 675	PY Ad 675, p°u°-ro⸤ ⸥ki-si-wi-ja-o o-nu-k°e°-j°a°-o ko-wo _ VIR 3 _ ko-wo 5
4658	PY Ad 676	PY Ad 676, pu-ro re-wo-to-ro-ko-wo ko-wo _ VIR 22 ko-wo 11
4659	PY Ad 677	PY Ad 677, pu-ro a-ra-ka-te-ja-o ko-wo _ VIR 30 ko-wo 9
466	KN Sd 4468	KN Sd 4468, _ ] wi-ri-ne-jo , o-po-qo , [ i-]qi-ja , / a-ra-ro-mo-te[-me-na
4660	PY Ad 678	PY Ad 678, po-to-ro-wa-pi ri-ne-ja-o ko-wo _ VIR _ ko-wo 1
4661	PY Ad 679	PY Ad 679, __________ ka-pa-ra₂-do[ ] pu-ro _ ku-te-ra-o ko-wo _ VIR 6 [[ o-pe-ro VIR 8° ]]
4662	PY Ad 680	PY Ad 680, ______ pu-ro ko-ro-ki-ja-o ko-wo _ VIR 5
4663	PY Ad 683	PY Ad 683, pu-ro ki-ni-di-ja-o ko-wo _ VIR 5 ko-wo 4
4664	PY Ad 684	PY Ad 684, __________________ a-pu-ne-we e-re-ta-o k°o°-wo pu-ro ti-nwa-ti-ja-o i-te-ja-o ko-wo _ VIR 5 ko-wo 2
4665	PY Ad 685	PY Ad 685, o-wi-to-no to-sa-me-j°a°-o ko-wo _ VIR 3 ko-wo
4666	PY Ad 686	PY Ad 686, o-u-pa-ro-ke-ne[ ]ka-wo-ta-ra-[•]-po-ro pu-ro ke-re-za , ra-wi-ja-ja-o⸤ ⸥ko-wo VIR 15
4667	PY Ad 688	PY Ad 688, ne-wo-pe-o ko-wo _ VIR 4 _ ko-wo 2 ___ [
4668	PY Ad 689	PY Ad 689, _____ a-so-qi-j°e°-j°a° pu-ro mi-ra-ti-ja-o ko-wo _ VIR 2 _ ko-wo
4669	PY Ad 690	PY Ad 690, pu-ro a-pi-qo-ro ko-wo _ VIR 10 __ ko-wo 4 _ [[ $o VIR 3 ]]
467	KN Sd 6066	KN Sd 6066, ]jo , o-po-qo , k°a°-ke-j°a°-pi , o-pi-i-ja-pi , o-[ ___________ a-ra-ro-mo-te-]m°e°-n°a° , a-ra-ru-j°a°[
4670	PY Ad 691	PY Ad 691, e-ke-ro-qo-no-qe , pa-wo-ko-qe pu-ro _ o-pi-ro-qo ko-wo _____ VIR 9 ___ [
4671	PY Ad 694	PY Ad 694, pe-ki-ti-ra₂-o ko-wo _ VIR 4 ko-wo 3
4672	PY Ad 697	PY Ad 697, __________ e-re[ _ ]qe-ro-me-no da-mi-ni-ja⸤ ⸥r°i°-ne-ja-o ko-wo _ VIR
4673	PY Ad 700	PY Ad 700, ]o ko-wo VIR 4° ko-wo ____ [
4674	PY Ad 921	PY Ad 921, ko-ri-to te-pe-ja-o ko-wo _ VIR 1°0° _ ko-wo 1
4675	PY Ae 8	PY Ae 8, _______________________ tu-ra-te-u ku-so-no , i-na-ni-ja , du-ni-jo-jo , me-tu-ra , su-ra-se V°I°R°[ 1
4676	PY Ae 26	PY Ae 26, ko-ru-da-r°o°-jo , do-e-ro , o-pi , pe-m°e° _____  VIR 4[
4677	PY Ae 27	PY Ae 27, ____________________________________ qe-to-ro-po-pi , o-r°o°[-me-no ma-ta-wo , a-ti-ri-ja[ ]no-wo-k°o°[ ________________________________ VIR 1
4678	PY Ae 72	PY Ae 72, __________________________ tu-ra-te-u ko-ro-ja-ta , i-na-ni-ja , s°u°-ra-te , du-ni-jo-jo , me-tu-ra , su-ra-se VIR 1
4679	PY Ae 108	PY Ae 108, ___________________________________________ o-ro-me[-no qo-te-ro , a₃-ki-pa-ta , o-pi , ta-ra-ma-ta-o , qe[-to-ro-po-pi VIR 1
468	KN Sd 8519	KN Sd 8519, i[-qi-ja?
4680	PY Ae 110	PY Ae 110, pu-ro , ka-ra-wi-po-ro-jo , do-e°[
4681	PY Ae 134	PY Ae 134, _______________________________________________ o-ro-me-no ke-ro-wo , po-me , a-si-ja-ti-ja , o-pi , ta-ra-ma-o qe-to-ro-po-pi VIR 1
4682	PY Ae 142	PY Ae 142, wi-ja-da-ra , wo-we-u⸤ ⸥ko-wo VIR 1
4683	PY Ae 264	PY Ae 264, pi-ra-jo , a₃-ki-pa-ta , su-ra-te , du-ni-jo , me-tu-ra su-ra-se V°I°R° 1°
4684	PY Ae 303	PY Ae 303, _________________________ i-je-ro-jo pu-ro , i-je-re-ja , do-e-ra , e-ne-ka , ku-ru-so-jo MUL 14[
4685	PY Ae 344	PY Ae 344, pi-r°o°-wo-na , wi-do-w°o°-i-jo , i-*65 VIR 1
4686	PY Ae 489	PY Ae 489, ____________________ ] qe-to-ro-po-p°i°[ a₃-]k°i°-p°a°-ta ,° o°-p°i°⸤ ⸥ta-ra-ma-ta-o°[ ___ VIR 1
4687	PY Ae 574	PY Ae 574, pe-re-ke-we _ VIR 13
4688	PY Ae 629	PY Ae 629, ]-ti MUL 20[
4689	PY Ae 634	PY Ae 634, ]2° $o MUL 7 [
469	KN Sd 8544	KN Sd 8544, $sup. $mut. ?po-ni-]ki-j°a°[
4690	PY Ae 765	PY Ae 765, pe-re-ke-we _ VIR 13
4691	PY Ae 995	PY Ae 995, ko-to-ne-we _ VIR[
4692	PY Ae 1014	PY Ae 1014, ]ja ko-wo 1
4693	PY Ae 1485	PY Ae 1485, ]VIR 1
4694	PY An 1	PY An 1, e-re-ta , pe-re-u-ro-na-de , i-jo-te ro-o-wa ____________ VIR 8 ri-jo ______________ VIR 5 po-ra-pi ___________ VIR 4 te-ta-ra-ne ________ VIR 6 a-po-ne-we _________ VIR 7 ____ $vacat ____ $margo
4695	PY An 5	PY An 5, ________ $margo e-ta-je-u , te-ko-to-a-pe _____ VIR 1 wi-do-wo-i-jo , te-ko-to-a-pe _ VIR 1 to-ro-wi-ka , te-ko-to-a-pe ___ VIR 1 po-ru-to ____ te-ko-to-a-pe ___ VIR 1 o-tu ________ te-ko-to-a-pe ___ VIR 1 sa-ni-jo ____ qe-re-me-ti-wo __ VIR 1 ku-ri-s°a°-to mu-ta-pi __________ VIR 1 [[i-na-pi , ra-u-ta 2° __________ VIR 1]] ________ $vacat ________ $vacat ________ $margo
4696	PY An 18	PY An 18, e-re-u-te-ri-[ te-ko-to-na-pe VIR [ i-na-ni-ja ___ VIR 1[ _ ]j°a° _ VIR [ r°e°-s°i°-we-i ___ V°I°R°[ ]1 a-se-e _ VIR 1 __________ $vacat te-re-ne-we , to-ko-do-mo a-pe-o VIR 1 i-na-ne ________ VIR 1 _ te-ko-to-na-pe 1 __________ $vacat qo-u-ko-ro ti-no VIR 90 [[ ___________ $vestigia _______________ ]] pa-ki-ja-si , to-so , te-[ ________ VIR 256°[ ________ ] $vacat
4697	PY An 31	PY An 31, _____ $sup. $mut. [•]-wa-[ ___ VIR 1 ____ ]$vest.[ n°e°-ko-[ ___ ]VIR 1 _ e-pi-ja-ta __ V°I°R°[ 1 e-re-u-ta __ VIR 1 _ a-ma-to-wo __ VIR 1 _ sa-ri[ _ VIR 1 p°i°-wa-to ___ VIR 1 ______________________________ [ _____ $margo ______ [ ___ ] ________ $margo _________ [
4698	PY An 35	PY An 35, _ to-ko-do-mo , de-me-o-te pu-ro _ VIR 2 me-te-to-de VIR 3 sa-ma-ra-de VIR 3 re-u-ko-to-ro VIR 4 _________ $vacat a-ta-ro , tu-ru-pte-ri-ja , o-no LANA 2 CAP^f 4 *$146 3 VIN 10 $NI 4 _________ $margo
4699	PY An 37	PY An 37, _ o-za-mi[ _______ ]e-ne-ka , pa-ra-we-wo , [ __ ]-jo a-pi-no-e°[-wi-jo ____ ]VIR 2 e-na[-po-ro __________ VIR ]1 $vest.[ _____ $inf. $mut.
47	KN Nc 8454	KN Nc 8454, ] _ M[ _ $inf. $mut.
470	KN Sd 9933	KN Sd 9933, ]CUR 1[ _ $inf. $mut.
4700	PY An 39	PY An 39, ______ $margo pu-ka-wo × ________ VIR 16 me-ri-du-ma-te ____ VIR 10 × mi-ka-ta × ________ VIR 3 o-pi-te-u-ke-e-we _ VIR 4 × e-to-wo-ko × ______ VIR 5 ka-sa-to × _______ VIR pu-ka-wo × _______ VIR 23 _ me-ri-da-ma-te , _ VIR 6 o-pi-]te-u-ke-e-we , VIR 5 × mi-ka-]ta , _________ VIR 6 × ___ e-]t°o°-wo-ko , VIR 4 a-to-po-qo VIR 3 _____ ] $margo → ______ $margo po-ru-da-ma-te ____ VIR 4 ______ $vacat qa-ra₂-te , ___ VIR pu-ko-ro , ____ VIR a-ko-so-ta , __ VIR pi-ri-ja-me-ja ____ VIR e-ni-ja-u-si-jo ___ VIR p°t°e°-jo-k°o° VIR ,° qo-ta-wo V°I°R°[ a-ta-r°o° _ VIR te-o-po-[ VIR ____ $vestigia [ ______ $margo [
4701	PY An 101	PY An 101, _ ]t°o°-mo VIR 1 _ po-me __ [ __ ] _ VIR 1 ] _____ $vacat
4702	PY An 128	PY An 128, ____ ] _ $margo ______________ [ __ ]ka-ta _______________ VIR 41 __ ]ka-ta , po-ru-qo-to _ VIR 6 ke-re-te , ka-si-ko-no __ VIR 5 ________ $vacat ________ $vacat ________ $vacat ________ $vacat ________ $vacat __ ] ___ $vacat ] ______ $vacat GRA 2 _ T 6 _ V 5 _ Z 2 __ ]2 _ T 6 _ V 5 _ ] ____ $vacat _ ] ____ $vacat ____ [ ___ ] $vac. __ ] ___ $margo ↗ _____________________________________________________ Z [2 __________________________________________ HORD 5 T 3 V 4
4703	PY An 129	PY An 129, _ ]p°a°-ro , ti-ki-jo a-ta-ro-we _________ VIR 1 pe-re-wa-ta ________ VIR 1 za-mi-jo , pu-ro-jo _ VIR 10 to-ro-wo , ri-na-ko-ro _ VIR 1 ka-nu-ta-jo , a-so-na __ VIR 1 pa-ro , ka-ke-u-si , we-ro-ta ________ VIR _____ $vacat _____ $margo
4704	PY An 172	PY An 172, _____________ ]ra-pte , wo-wi-ja-ta _______ ] , pe-re-ku-ta __ ]ki-jo-qe-u , e-ro-ma-to , VIR 1 _ ]mi-to-no , __ e-ro-ma-to , VIR 1 mu-ko , ________ e-ro-ma-to _ VIR 1 da-ka-sa-na-ta , e-ro-ma-to _ VIR 1 di-wo ,° ________ e-ro-ma-to _ VIR 1 sa-ri-qo-ro , __ a-we-u-pi __ VIR 1 ma-ta-i , ______ a-we-u-pi __ VIR 1 _ ]-a₂-ta , ____ ro-o-wa [ __ VIR 1 o-*6°4°[ _ ] _____ ta-ra-ke-wi[ ] VIR 1 ________ $vacat ____________ [ _ ] $vac. ________ $margo ____ [
4705	PY An 192	PY An 192, ___ a-pi-a₂-ro____ VIR 1 a°-e-ri-qo ________ VIR 1 du-ni-jo , du-ma _ VIR 1 au-ke-wa _________ VIR 1 du-ni-jo , a-no-ke-wa VIR 1 ko-ro-ze-ka _________ VIR 1 a-e-ri-qo-ta ________ VIR 1 ka-ra-u-ro __________ VIR 1 a-ta-wo _____________ VIR 1 ta-ra-to VIR 1 _____ [[VIR 1]] me-to-qe-u __________ VIR 1 pe-re-qo-ta , pa-da-je[-u] VIR 1 a-no-ke-we , ke-ki _______ VIR 1 a-ke-o , ka-wi-jo _________ VIR 1 ki-du-ro ___________________ VIR 1 __ qa-ra₂ __________________ VIR 1 ____ $margo
4706	PY An 199	PY An 199, e-ke-ro-qo-no _ VIR 12 ko-wo 1 a-ro-po _______ VIR 3 ko-wo 1[
4707	PY An 207	PY An 207, _____ $deest _____ $deest _________ ]mi[ ________ ]-jo [ ____ ] __________ VIR 10 [ ________ ]pi-ri-je-te-re ________ VIR 2 [ re-ka-ta-]ne , a-de-te-re _______ VIR 2 r°e°-ka[-ta-]ne , ke-ra-me-we _____ VIR 2 re-ka-ta-ne , da-ko-ro __________ VIR 12 wa-a₂-te-we , po-ku-ta __________ VIR 10 a-nu-wa , ku-ru-so-wo-ko ________ VIR 4 _ ]k°o°⸤ ⸥me-ri-da-ma-te ___________ VIR 2 ______ ]p°i°-jo , to-ko-so-wo-ko __ VIR 5°[ ________________________________ ]VIR 1°[ ________________________________ VIR ]3 a-pi-no[-e-wi-jo ________________ VIR so-ro-pe-o , ra-pte-re ________ [ VIR ko-ri-si-jo⸤ ⸥ra-pte-re ________ [ VIR ka-ro-ke-e , ra-pte-re ________ [ VIR ra-ni-jo-ne , ra-pte-re _________ VIR [ $qs ___ ]ka-si-da , ra-pte-re _______ VIR 20[ _____ $margo ___________________________ [
4708	PY An 209	PY An 209, ko-ri-si-jo , ta-te-re ra-mi-ni-jo VIR 1 a₂-ta ___ VIR 1 o-pe-re-ta _ VIR 1 a-ke-ti-jo VIR 1 do-ro-me-u _ VIR 1 te-wa-ko-no VIR 1 i-na-o _____ VIR 1 mi-ko-no __ VIR 1 a-e-ri-qo-ta VIR 1 ta-nu-ko __ VIR 1 to-ke-u ____ VIR 1 da-na-ko __ VIR 1 re-a-mo ____ VIR 1 _____ $margo
4709	PY An 233	PY An 233, _______ ]za-te-o° _ VIR _ 2⸤4[ ____ ]V°I°R° 28° [ _ VIR ]8 _ a-mi-ni-so V°I°R°[ $qs ___ ]-ne VIR 6[ __ ] VIR 14 __ k°o°-tu-we[ VIR __ ]-so-na-pe VIR ⸤4[ ]-se-wo-te _ VIR 2 ____ to-[ __ ] VIR 165°[
471	KN Sd 9934	KN Sd 9934, _ $sup. $mut. ]°i-qi[-ja?
4710	PY An 261	PY An 261, __________ ]we-ke ke-tu-wo-e _ o-two-we-o , ke-ro-si-ja a₃-nu-me-no _______ VIR 1°[ _ o-two-we-o , ke-ro-si-ja qo-te-ro __________ VIR[ 1 o-two-we-o _ , ke-ro-si-ja , a₂-e-ta _______ [ VIR 1 o-two-we-o _ ,° ke-ro-si-ja ,° o-du-*56-ro ___ [ VIR 1 a-pi-jo-t°o° , ke-ro-si-ja , ku-t°e°-r°e°-u ________ VIR[ 1 a-pi-jo-to , ke-ro-si-ja , o-wo-to ___________ VIR 1 a-pi-jo-to , ke-ro-si-ja , a-ra-i-jo _________ VIR 1 a-pi-jo[-to ] ke-ro-si-ja , ri-zo ____________ VIR 1 ta-we[-si-jo-]jo , ke-ro-si-ja , wa-[ _ ] ____ VIR 1 ta-we-s°i°[-jo-]j°o° , ke-ro-si-ja , *6°4°[ ] ______ VIR 1 ta-we-si-j°o°-jo , _ ke-ro-si-ja [ ____ ]wa-ne-u VIR 1 a-pi-qo[-ta-o] , _ ke-ro-si-ja , a°₃-s°o°-ni-jo _ VIR 1°[ a°[-pi-qo-ta-o ] __ ke-ro-si-ja , a[-•-]te ____ VIR[ 1 _________________ ]ke-ro-s°i°-j°a° , a[ __ ] _____ VIR 1 __________________ ke-ro-]s°i°-j°a° , [•-•]-ka-[•] VIR 1 _ a-[ ___________ ke-ro-]s°i°-ja , o-p°a°-[ ]$vac.[ VIR 1 __ $vac. [ _____ ] _ $vacat __ $vac.[ ______ ] _ $vacat ______________ ] __ $margo → ta-we-si-jo-jo , ke-ro-si-ja , te-w°a°[ ____ VIR 1 ta-]w°e°-si-jo-jo , ke-ro-si-ja , tu-ru-we-u VIR 1 __ ] ____ $angustum ta-]w°e°-si-jo-j°o° , ke-ro-si __ VIR 20 a-pi-qo-ta-o , __ ke-ro-si-ja VIR 17 a-pi-o-to , _____ ke-ro-si-ja VIR [1]8⸥ o-to-w°o°[-o _____ ke-]r°o°-si-ja VIR [1]4 _________ $angustum [ ] $ang. [ _______ ] $ang. ka-ma-e[-we] ________________ VIR 1°0° __ $reliqua $pars $sine $regulis
4711	PY An 292	PY An 292, si-to-ko-wo _ ka-pa-ra₂-de __ MUL 24 ko-wo 10 k°o°-ro-ki-ja[ _ ]MUL 8 ko-wo[ $qs ki-ni-di[-ja _ MUL] 21 k°o°[-wo $qs
4712	PY An 298	PY An 298, ra-wa-ra-ta₂ , u-pa-ra-ki-ri-j°a° , ra-pte-re _ VIR 1[ po-ti-ja-ke-e , ra-pte-re ___ VIR 1 _ ki-ri-se-we _ VIR 2°0[ we-re-ka-ra-ta ______________ VIR 20 _____________ [ ↓ _______ pa-ra-jo __ VIR 421 ___ [
4713	PY An 299	PY An 299, ]ta VIR [ $qs ]w°e°-jo VIR ⸤4[
4714	PY An 340	PY An 340, ___ pa-ro , a-ta-o° ___ VIR ⸤6[ a-ta-o , ka-wa-ti-ro _ VIR 1 [ a-ta-o , wi-r°i°-w°o°[ __ ]VIR 1 a-ta-o°[ _____ ]te-u __ VIR[ 1 ] $vac. a°[-ta-o _ ]-ja-do-ro _ VIR 1 a-ta-o] , [ _ ]-te-u _ VIR 1 a-ta-o , pu[-•-]a₂-ko _ VIR 1 a-ta-o , wo-ti-jo _____ VIR 1 a-ta-o , te-pe-u ______ VIR 1 a-ta-o , pu-ti-ja _____ VIR 1 a-ta-o , a-re-wo ______ VIR 1° a-ta-o , a-no-ra-ta ____ VIR 1° a-ta-o , a-wa-ta _______ V°I°R°[ 1 a-ta-o , ka-u-ti-t°a° _____ V°I°R°[ 1 ___ ] $vacat ___________ [ ___ ] $vac. __________ ] $vacat ___ [ ___ ] $vac. _____ $margo
4715	PY An 424	PY An 424, _ p°i°-[•] , ra-pte-re __ VIR 12 _ pu-ka-w°o° ___ VIR 6 ___ te-u-ta-ra-ko-ro[ VIR ka-ra-d°o°-r°o° , ra-pte-re VIR[ ]1 sa-ri-nu-w°o°-te , ra-pte-re _ VIR 10 ___ [ _ ke-ra-ti-jo-jo , wo-wo , me-ri-du-ma-te _ VIR 2 ____ da-ko-ro VIR 2 _ [
4716	PY An 427	PY An 427, _ a-pu₂-we , da-ko-ro _ VIR 5 _ e-ri-no-w°o°[-te VIR pa-ko , me-ri-du-ma-te VIR 5 _ a-ke-r°e°[-wa __ VIR _ a-to-po-qo VIR 2 pi-*19-te , pu-ka-wo VIR 3 [
4717	PY An 435	PY An 435, _ ]o°-da-sa-to , a-ko-so-t°a°[ k°e°[-]s°a°-da-ra , e-te-r°e°-u[ __ ]te-re-[ VIR 1 ] _ $vestigia _ [ __ ]na-so[ VIR 1 _ ]i-ko-[ __ ] VIR [1 __________________ ]wa-ni-jo[ ] VIR [1 _______ ]$vac.[ ]$vac.[ _______ ] $vac. [ ______ ]$vac.[ ] $vacat _______ [ _ ]r°o°-j°o° [_]$vest.[ _ ]$vac.[ _ ] $vacat [ ______ ]to [ _ ]$vac.[ ______ ]qe-re VIR [1 ___ ]ko [ ______ ]-ko[ ______ ] __ VIR 1 __ ]-na-o[ __ ]w°a°-[•]-t°e°[ ]tu-si-jo [ _ ] $vacat ___________ [ ] $vacat[ ______ ] $vacat _____________ [ ]a°-re-[•]-o[ _ ]-jo VIR[ 1 ]-r°o°-j°o° V°I°R°[ 1 ]re-[•]-s°i°-j°o°[ VIR 1 ]-ka-i-jo VIR [ 1 ]$vac.[ ]-s°e°-u ____ VIR 1 ______ o-[ _ ][[ ____ ]][ ]$vac. __ ke-sa-d°o°[-ro] _ VIR [1
4718	PY An 519	PY An 519, _ to-ro-o , o-ka , _ ro-o-wa , ka-da-si-jo , mo-ro-qa , zo-wo , ki-ri-ja-i-jo , wa-tu-wa-o-ko , mu-to-na , o-ka-ra₃ , a₂-ra-tu-wa , VIR 110 ______ $vacat _____________[ _ ] $vac. ke-wo-no-jo , o-ka , ka-k°e°[ tu-si-je-u , po-te-u⸤ ⸥e°-t°a°-wo-ne-u°[ a-pi-te-wa , i-wa-so _______ VIR 6°0[ ] $vac. ______ $vacat a₂-te-po , de-wi-jo , ko-ma-we , o-*34-ta-qe , u-ru-pi-ja-jo , o-ru-ma-si-ja-jo ________ VIR 30 _____ $vacat pi-ru-te , ku-re-we ________ VIR 50 me-ta-qe , pe-i , e-qe-ta , ro-u-ko ku-sa-me-ni-jo , ______________ [ _____ $margo __________ [
4719	PY An 594	PY An 594, ma-ri-ti-wi-jo × VIR 1 __ pu-ka-wo × VIR 10 me-ri-du-ma-te __ VIR 4 _ mi-ka-ta _ VIR 1 × ____ $margo ↓ [[ _______ $vestigia ___________________ ]] [[ [pu-]ka-w°o° _________________________ ]]
472	KN Sd 9936	KN Sd 9936, _ $sup. $mut. i°[-qi-ja?
4720	PY An 607	PY An 607, _ me-ta-pa , ke-ri-mi-ja , do-qe-ja , ki-ri-te-wi'-ja' do-qe-ja , do-e-ro , pa-te , ma-te-de , ku-te-re-u-p°i° __ MUL 6 do-qe-ja , do-e-ra , e-qe-ta-i , e-e-to , te-re-te-we MUL 13 do-qe-ja , do-e-ro , pa-te , ma-te-de , di-wi-ja , do-e-ra , MUL 3 do-qe-ja , do-e-ra , ma-te , pa-te-de , ka-ke-u , MUL 1 do-qe-ja , do-e-ra ma-te , pa-te-de , ka-ke-u , MUL 3 ______ $vacat ______ $vacat _______________________ ka ______ $vacat ______ $vacat ______ $vacat ______ $margo
4721	PY An 610	PY An 610, ________ me-za-w°o°-ne , e-re-ta [ ] $vacat ___ [ _ $vestigia[ ____ ] , ki-ti-ta ____ VIR 46 _ [ me-]t°a°-ki-ti-ta __________________ VIR 19 [ _______ ] $vac. __ ]wa , ki-ti-ta ________________ VIR 36 [ _______ ] $vac. m°e°-ta-ki-ti-ta ______ [ ________ ] VIR 3 __ [ e-wi-ri-po ______ VIR 9 ___ po-si-ke-te-re [ ________ VIR a-ke-re-wa ______ VIR 25 __ wo-qe-we _____ [_________ VIR ri-jo ___________ VIR 24 __ wi-nu-ri-jo [ ___________ VIR te-ta-ra-ne _____ VIR 31 ___ me-ta-k°i°[-ti-ta ________ VIR a-po-ne-we ______ VIR 37 ___ me-ta[-ki-ti-ta ___ ]$v.[ VIR ma-ra-ne-nu-we __ VIR 40 __ po-ti-ja-ke-e ___________ VIR ⸤6[ z°a°-ku-si-jo ______ VIR 7 ___ za-e-to-ro _____________ VIR 3 da-mi-ni-jo[ ] ___ VIR 40 __ e-ke-ra₂-wo-no _________ VIR 40[ we-da-ne-wo VIR 20 ___ ko-ni-jo 126 me-ta-ki-ti-ta _ VIR 26 po-ku-ta _________ VIR 10 ______ we-re-ka-ra , te-qa-ta-q°e° VIR 20 _________ $vacat __________________________________ [ _________ $vacat _____________________________ [ _ ] _____ $vacat _____________________ [ ___ ] ___ $vacat _______________ [ _____ ] _ $margo _____________ [
4722	PY An 614	PY An 614, ___ ]-ne-[•] , k°i°[ ]k°o°-do-[•]-no ___ V°I°R°[ _______ ]-ro , e°-qe-ta , $vest.[ ko-ro-]ku-ra-i-jo VIR 1[ ___________ ] , [[a°₂-t°e°-ro]] ______ ]$vest.[ __ ]e-o-t°e°[ _ ]VIR 30[ _ ] $vacat ______ ] _ $vacat _ [ _ ] $vacat ___ [ _________ ]o _____ ]a-pe-e-s°i°[ _ ] ________ VIR [ __ ] $vacat _ $reliqua $pars $sine $regulis _ [ ____ ] $rpsr
4723	PY An 615	PY An 615, __________________________________ ]ta a-wa-s°i°[-ja ______________________ ]n°o° VIR 1 a-wa-si-ja , [ ______________________ ]VIR 1 ko-ni-j°a° ,° a₃-ki[ ___________________ ]VIR 1 _____________ ] , ko[ _______________ ]V°I°R° 1° _________ a-pi-]no-e-w°i°[-jo ___ ]$vac.[ VIR 1 ]$vest.[ _________ ]o , wi[ _________ ] VIR[ 1 o-pi-ke-ri-jo , [ ________ ]d°i° , [ _ ] VIR 1[ e-po-wi-ja , [ ______________________ ]V°I°R° 1 e-p°o°-wi-ja[ ________________________ ] VIR 1 e-po-]wi-ja[ ____________________ ]-ta V°I°R°[ 1 _ $vacat [ _______________ ] $vacat me[-•-]jo⸤ ⸥a°₃-se-wa[ ]o-me[ _ ]r°e°-u-ko VIR 1 _______________ ]qe[ ] _______________ VIR 1 ________ ]wo-wo , wa-ra-ki-no _____ [ ]VIR 1 _____ ]-ja , ko-tu-we , ko-sa-ma-ne __ VIR 1 ________________ ]$vest. ______________ VIR[ 1 ______________________ ]i-j°o°[ ______ ] $vac. ______________________ ] _ $margo ______________________ ]o°-no , e-qo-te[ → _____ $vacat _____ [ $vac. [ __ ] $vac. [ _ ] $vac. [ ____ $reliqua $pars $sine $regulis
4724	PY An 654	PY An 654, ku-ru-me-no-jo , o-ka , pe-ri-te-u , wo-ne-wa , a-ti-ja-wo , e-ru-ta-ra , o-*34-ta , me-ta-pi-jo , ke-ki-de , _ VIR 50 ______ $vacat u-pi-ja-ki-ri-jo , ku-re-we , VIR 60 me-ta-qe , pe-i , e-qe-ta , a-re-ku-tu-ru-wo , e-te-wo-ke-re-we , i-jo , ______ $vacat ta-ti-qo-we-wo , o-ka , to-wa , po-ki-ro-qo , pe-ri-no , de-u-ka-ri-jo , ra-pe-do , do-qo-ro , pe-ri-ra-wo , e-no-wa-ro , ___ to-so-de , pe-di-je-we , wa-wo-u-de , ke-ki-de , VIR 10 u-ru-pi-ja-jo ____ VIR 10 ku-re-we VIR 20 i-wa-so __________ VIR 10 o-ka-ra₃ _________ VIR 10
4725	PY An 656	PY An 656, _ wa-pa-ro-jo , o-ka , ne-wo-ki-to , [[di-wi-je-u ,]] e-ri-ko-wo , a₂-di-je-u , a-ki-wo-ni-jo , [[ _____________ ]] wa-ka-ti-ja-ta , ke-ki-de , sa-pi-da me-ta-qe , pe-i , e-qe-ta , pe-re-qo-ni-jo , a-re-i-jo , ne-wo-ki-to , wo-wi-ja , ko-ro-ku-ra-i-jo , _ VIR 20 me-ta-qe , pe-i , e-qe-ta , di-wi-je-u , _____ $vacat du-wo-jo-jo , o-ka , a-ke-re-wa , a₂-ku-ni-jo , pe-ri-me-de , [[ ________________ ]] pu₂-ti-ja , a-pu₂-ka-ne , ke-ki-de , po-ra-i VIR 20 me-ta-qe , pe-i , e-qe-ta , d°i°-ko-na-ro , a-da-ra-ti-jo u-wa-si , ke-ki-de , ne-wo ,° VIR 10 me-ta-qe , pe-i , pe-re-u-ro-ni-jo , e-qe-ta , _____ $vacat a-ke-re-wa , ko-ro-ku-ra-i-jo VIR ⸤8⸥0 me-ta-qe , pe-i , e-qe-ta , ka-e-sa-me-no , a-pu₂-ka , _____ $margo
4726	PY An 657	PY An 657, _ o-u-ru-to , o-pi-a₂-ra , e-pi-ko-wo , ma-re-wo , o-ka , o-wi-to-no , a-pe-ri-ta-wo , o-re-ta , e-te-wa , ko-ki-jo , su-we-ro-wi-jo , o-wi-ti-ni-jo , o-ka-ra₃ VIR 50 _____ $vacat ne-da-wa-ta-o , o-ka , e-ke-me-de , a-pi-je-ta , ma-ra-te-u , ta-ni-ko , a₂-ru-wo-te , ke-ki-de , ku-pa-ri-si-jo VIR 20 _ _____ $vacat a₃-ta-re-u-si , ku-pa-ri-si-jo , ke-ki-de VIR 10 me-ta-qe , pe-i , e-qe-ta , ke-ki-jo , a-e-ri-qo-ta , _ e-ra-po , ri-me-ne , o-ka-ra , 'o-wi-'to-no VIR 30 ke-ki-de-qe , a-pu₂-ka-ne , VIR 20 _ me-ta-qe , pe-i , a₃-ko-ta , e-qe-ta , _____ $margo
4727	PY An 661	PY An 661, e-k°i°-no-jo , o-ka , e-o-te-u , a-ti-r°o°-q°e° , i-da-i-jo , e-se-re-a₂ ,° e-na-po-ro , i-wa-so ____ VIR 70 a°-o-ri-j°o° , k°o°-r°o°-k°u°[-ra-]i°-j°o° VIR 30 ka-ra-do-ro , ko-ro-ku-ra-i-jo _ VIR 1°0°[ za-e-to-ro , ko-ro-ku-ra-i-jo _ VIR 20 me-ta-qe , pe-i , e-qe-ta , wo-ro-tu-mi-ni-j°o° _____ $vacat e-ko-m°e°-na-ta-o , o-ka , ti-m°i°-t°o°⸤ ⸥a-ke-i , ma-[•]-u , d°a°-qo-ta , a°-ke[-•-]u , a-ke-wa-to , a₂-ka-a₂-ki-ri-jo , u-ru-pi-ja-jo , ne-do-wo-ta-de VIR 30 me-ta-qe , pe-i , e-qe-ta , _____ $margo
4728	PY An 723	PY An 723, _____ $margo e-re-e-we a-ri-qo , e-u-ka-ro VIR 1 ra-wa-ra-ta , e-pa-re VIR 1 _____ $vacat _____ $margo
4729	PY An 724	PY An 724, _ ro-o-wa , e-re-ta , a-pe-o-te , me-nu-wa , a-pe-e-ke , a-re-sa-ni-e [[V°I°R° 1°]] o-pi-ke-ri-jo-de , ki-ti-ta , o-pe-ro-ta , [[e _ ]] e-re-e VIR 1 VIR e-ke-ra₂-wo-ne , a-pe-e-ke , a₂-ri-e ,° [[VIR 4° ]] o-pe-ro-te , e-re-e VIR 5 ra-wa-ke-ta , a-pe-e-k°e°[ ________ ]e° VIR 1°[ ta-ti-qo-we-u , o-[ ____________ ]-qe-[•]-j°o° , VIR 1 a-ke-re-wa , ki-e-u , o-pe-[ _ ]e° , a-ri-ja-to VIR 1 ki-ti-t°a° VIR 1 o-ro-ti-jo , di-qo , a-[ _ ] $vest. o-pe-r°o° ,° [ _ ] , e-ko-si-qe , e-qe-ta , ka-ma[ ]$vest. e-to-ni-jo , e-nwa-ri-jo VIR 1 ______________ [ __ ] $vac. wo-qe-we , d°i°-qo-te , ru-ki-ja , a-ko-wo V°I°R°[ $qs ri-jo , o-no ,° e-qo-te _ VIR 1°0[ ___ $margo _ [ _ ] _ $margo
473	KN Sd 9937	KN Sd 9937, i°[-qi-ja?
4730	PY An 830	PY An 830, ______________________________________ ] $vacat [ ______________________________________ ]ke-ke-me[-no di-ri-wa-s°a°[ ma-ra-ti-sa ___ [ _____ $vacat ____________________________________________ [ a-te-re-wi-ja , e-so , ko-re-te-ri-jo , ke-ke-me'-no' $DA 30[ _____ $vacat ____________________________________________ [ e-sa-re-wi-ja , ro-ro-ni-ja , te-u-po-r°o°[ ] _ $vacat _____ [ ____________ ]no _______ $DA 50 ________ [ ] _ $vacat ____ [ ______________ ]q°o°-u°-k°o°-r°o° VIR 2°8 _______ [ ___ ] $vacat __________ ]q°o°-u-ko-ro , ra-wa-ra-t°i°-ja __ V°I°R° 6°6° o-pi-da-mi-jo , pi-*82 , qo-u°[-ko-]r°o° ____ VIR 60 a₂-ki-ja , qo-u-ko-ro ____________________ VIR 60[ _____ $vacat ________________________ [ ] ___ $vacat _____________________ [ _____ ] _ $margo ______________ [
4731	PY An 852	PY An 852, _____ ] qo-u-ko-ro _ VIR ]4⸥ te-re-ne-wi-ja _ VIR [ $qs VIR ]3 _ te-ko-t°o°-na-p°e°[ VIR ] VIR 2 a-se[-e ________ VIR ] VIR 2 m°a°[ ____________ VIR ______ $inf._$mut.
4732	PY An 1281	PY An 1281, po-]ti-ni-ja , i-qe-ja __ ]-mo , o-pi-e-de-i a-ka , re-u-si-wo-qe _ VIR 2 au-ke-i-ja-te-we [[i-q°e°-j°a° V°I°R° ]] o-na-se-u , ta-ni-ko-qe ___ VIR 2 me-ta-ka-wa , p°o°-so-ro VIR 1 mi-jo-qa[ __ ]e-we-za-no VIR 1 a-pi-e-r°a°⸤ ⸥to-ze-u _____ VIR 1 __ ]-a-ke-s°i° , po-ti-ni-ja , re-si-wo VIR 1 au-ke-i-j°a°-t°e°-w°e°[ _____________ ]ro _ VIR 1 mi-jo-qa , ma-ra-si-jo [ _______ ] __ VIR 1 me-ta-ka-wa , ti-ta-ra-[ _______ ] __ VIR 1 a-pi-e-ra , r°u°-k°o°-ro ________________ VIR 1 ______ $vacat ______ $vacat ______ $margo
4733	PY An 1282	PY An 1282, _ a-qi-ja-i __ VIR 18 _ a-mo-si _______ VIR 18 ki-u-ro-i ____ VIR 13 _ po-qe-wi-ja-i _ VIR 5 _ do-ka-ma-i _ VIR 36 _____ $vacat _____ $margo
4734	PY An 1484	PY An 1484, ___ $sup._$mut. _________ ] $vac. [ _________ ]2 ___ [ ___ ] VIR _ 3 __ [ _ ] _ VIR × 2 __ [ ] ___ VIR _ 2 __ [
4735	PY An 1486	PY An 1486, ]V°I°R° 1°0°[ _ $inf._$mut.
4736	PY An 1490	PY An 1490, _ $sup._$mut. ]V°I°R°[ _ $inf._$mut.
4737	PY Aq 64	PY Aq 64, ______________________ $margo ________________ ]-re-wi-jo-te _________ ]-ja , mo-ro-qa , to-to , we-to , o-a-ke-re-se $ZE 1 *$171 3 ka-do-wo , mo-ro-qa , ____ o-u-qe , a-ke-re-se _________ $ZE 1 ru-ro , mo-ro-qa , _______ o-u-qe , a-ke-re-se _________ $ZE 1 ku-ru-me-no , mo-ro-qa , i-te-re-wa , ko-re-te , to-to ,° w°e°-t°o°⸤ ⸥o°-a-ke-re-se *$171 6° ]pe-ri-mo , ti-mi-ti-ja , ko-re-te , to-to-we-to⸤ ⸥o°-a-ke-re-se $ZE 1 ______ *$171 3 __________________________________________________________________ o-a-ke-re-se pe-ri-me-de-o , i-*6°5° , po-so-ri-jo-no , te-ra-ni-ja , a-ke-re-se , to-to-we-to , *$171 12 po-ki-ro-qo , e-qe-o , a-to-mo _______________________________ $ZE 1 _____ $vacat _____ $vacat _____ $vacat o-da-a₂ , ko-to-na e-ko-te e-ta-wo-ne-u , to-to-we-to , o-a-ke-re-se ____________________ $ZE 1 _______ *$171 6 a-qi-zo-we , to-to , to-to , we-to , o-a-ke-re-se ____________ $ZE 1 [ ne-qe-u , e-te-wo-ke-re-we-i-jo , to-to , we-to , o-a-ke-re-se $ZE 1 _ [ me-wi , e-ru-ta-ra , me-ta-pa , ki-e-wo , to-to-we-to , o-a-ke-re-se $ZE 1 [ _____ $vacat _______________________________________________________________ [ _____ $vacat _______________________________________________________________ [ _____ $vacat ________________________________________________________________ [ _____ $vacat _________________________________________________________________ [ _____ $vacat _________________________________________________________________ [ _____ $vacat _______________________ $margo
4738	PY Aq 218	PY Aq 218, ________________ $margo _ o-da-a₂ , a-na-ke-e , o-pe-ro-te[ ri-so-wa , i-je-re-u[ ] $vest. [ _________ ] VIR 1 ne-wo-ki-to , i-je[-re-]u , da-i-ja-ke-re-u VIR 1 ro-]u-ko , ku-sa-me-ni-jo , me-ta-pa ______ VIR 1 a-e-ri-qo-t°a°[ _ ]j°o°⸤ ⸥o-wi-to-no ___________ VIR 1 a₃-ko-ta , a-da-ra-ti-jo __________________ VIR 1 _____ $vacat _____ $vacat o-da-a₂ , e-ke-jo-to , a-ko-to-no pa-ku-ro₂ , de-wi-jo ____________________ $ZE _ 1 _ ]ka-re-u , e-ko-me-na-ta-o , *34-te __ $ZE _ 1 ________ ] , ke-ki-jo _________________ $ZE _ 1 _ ]me-ta , po-ru-da-si-jo ____________ $ZE _ 1 ___ ]me-nu-a₂ _______________________ $ZE _ 1 _ ]ma-ra-te-u , a-pu-ka ____________ $Z°E° __ 1 _____ qo-te-wo , i-*65 ____________ $ZE ___ 1 _______ $margo __ [ _ ] __ $margo → ________ di-we si-po-r°o° ti-mi-to-qo-r°e°
474	KN Sd 9939	KN Sd 9939, _ $sup. $mut. i°[-qi-ja?
4740	PY Cc 660	PY Cc 660, ___ a-ke-o , a-ke-re me-ta-pa , pa-ro ka-ra-su-no _ CAP^m 30
4741	PY Cc 665	PY Cc 665, ne-wo-pe-o , po-ti-ni-ja _ OVIS^m 100 SUS 190
4742	PY Cc 1258	PY Cc 1258, ] CAP^f 30
4743	PY Cc 1283	PY Cc 1283, ]OVIS^m 1 _ [
4744	PY Cc 1284	PY Cc 1284, ]u° , pe-re _ CAP 8 ___ [
4745	PY Cc 1285	PY Cc 1285, ma-se-de , OVIS^m 6[
4746	PY Cn 3	PY Cn 3, jo-i-je-si , me-za-na , e-re-u-te-re , di-wi-je-we , qo-o , a₂-ra-tu-a , o-ka-ra₃ , _________ BOS 1 pi-ru-te , ku-re-we ______________ BOS 1 e-na-po-ro , i-wa-si-jo-ta , ______ BOS 1 o-ru-ma-to , u-ru-pi-ja-jo , _______ BOS 1 a₂-ka-a₂-ki-ri-ja-jo , u-ru-pi-ja-jo-jo , BOS 1 _______ $vacat _______ $margo
4747	PY Cn 4	PY Cn 4, _______ $margo _ a-si-ja-ti-ja , ta-to-mo , o-pe-ro mu-ta-pi , ku-ri-sa-to _____ OVIS+$TA 22 qe-re-me-ti-re , sa-n°i°-jo ______ OVIS+$TA 16 ta-to , a-ka-re-u-te , tu-ni-jo ________ OVIS+$TA 7 e-ri-no-wo-te , ti-ri-jo _______________ OVIS+$TA 7 ne-do-w°o°-te , tu-ti-je-u _____________ OVIS+$TA 4 e-ri-to-ti-no , ne-me-ta-wo _______ OVIS+$TA 10 wo-tu-wa-ne , e-ke-si-jo __________ OVIS+$TA 9 ma-ta , a-ka-re-u-te , ke-ro-we ___ OVIS+$TA 7 _ si-jo-wo-te , o-qe , e-ra-se ____ OVIS+$TA 10 _______ $margo
4748	PY Cn 40	PY Cn 40, ______ $margo wa-no-jo , wo-wo , pa-ro , ne-ti-ja-no-re , pa-ra-jo __ OVIS^m 140 wa-no-jo , wo-wo , pa-ro , po-so-pe-re-i , wo-ne-we ___ OVIS^m 75 wa-no-jo , wo-wo , pa-ro , zo-wi-jo , a-ko-so-ta-o ____ OVIS^m 70 wa-no-jo , wo-wo , p°a°-r°o° , po-ru-qo-ta , we-da-ne-wo __ OVIS^m 60 e-ko-me-no ,° _ pa-ro , pa-ta , pa-ra-jo _______________ OVIS^m 80 e-ko-me-no , _ pa-ro , [•]-ma-te-we , we-da-ne-wo _____ OVIS^m 70 a-ne-u-te , _ pa-ro , ma-ri-ti-wi-jo , a-ko-so-ta-o ___ OVIS^m 83 ma-ro-pi , pa-ro , ro-ko , pa-ra-jo ___________________ OVIS^m 150 ma-ro-pi , pa-ro , ka-da-ro , we-da-ne-wo _____________ OVIS^m 85 ma-ro , pa-ro , tu-ri-ta , a-ke-o°-jo __________________ OVIS^m 80 re-pe-u-ri-jo , pa-ro , e-zo-wo , a[-ko-so-]t°a°-o° ______ O°V°I°S°^m 82 ma-ro , pa-ro , ma-u-ti-jo , a-ko-s°o°-ta-o _____________ OVIS^f 60 a-ne-u-te pa-ro , ka-ta-wa , a-ko-so-ta _______________ OVIS^f 80 a-te-re-wi-ja ,° pa-ro , e-wi-te-we , a-ke-o-jo ________ OVIS^f 70 ______ $vacat ______ $margo
4749	PY Cn 45	PY Cn 45, $margo[ pu-ro , r°a°-w°a°-r°a°-t°i°-j°o°[ pa-ro pu-ro , ra-wa-ra-ti-jo , pa-ro ko-so-ne , we-da-ne-wo ________  OVIS^f 80[ pu-ro , ra-wa-ra-ti-jo , pa-ro , e-ko-to-ri-jo , we-da-ne'-wo' OVIS^f 3°0[ u-po-ra-ki-ri-ja , pa-ro de-mo-qe , we-da-ne-wo ______________ OVIS^f 70 u-po-ra-ki-ri-ja , pa-ro , pe-qe-we , a-ke-o-jo ______________ OVIS^f 65 u-po-ra-ki-ri-ja , pa-ro , do-ro-jo-jo , a-ko-so-ta'-o' ______ CAP^f 35 u-po-ra-ki-ri-ja , pa-ro , po-ko-ro __________________________ CAP^f 20 pu-ro ra-wa-ra-ti-jo , pa-ro , a-ko-to-wo , a-ke-o'-jo' ______ CAP^f 50 pu-ro ra-wa-ra-ti-jo , pa-ro , o-qe-qa , a-ko-so-ta-o ________ CAP^f 40 pa-na-pi , e-ne-ti-jo , a-ko-so-ta-o _________________________ CAP^f 3°⸤4⸥ u-po-ra-ki-ri-ja , wi-ja-te-we , a-ke-o-jo ___________________ CAP^f 16° pu-ro , ra-wa-ra-ti-jo , ka-ra-wa-ni-ta , a-ke-o-jo __________ CAP^m 100 po-ma-ko SUS^f 16 _________ po-te-u __ SUS^f 8 ____ $margo _______________ qe-ta-ko SUS^m 11
475	KN Se 879	KN Se 879, _________________________ a₃-ki-no-o _________________ [ _ pte-re-wa / pa-ra-ja , e-te-re-ta , po-ro-ti-ri _ CUR[
4750	PY Cn 131	PY Cn 131, _______ pi-*82 _______ , we-re-ke pa-ro , pi-me-ta , ___ × OVIS^m 200 ___ pa-ro , o-ku-ka , ___ OVIS^m 13°0[ ] × pa-ro , ku-pi-ri-jo ____ OVIS^m 50 × ___ pa-ro , a-ka-ma-wo __ OVIS^m 120 × pa-ro , ko-ru-no _______ OVIS^m 100 × _ pa-ro , ne-ri-to _____ OVIS^m 30 × pa-ro , po-ro-u-te-we __ OVIS^m 90 × __ pa-ro , o-wa-ko ______ CAP^f 54 ×° ma-ro-pi , to-ro-wi __ × OVIS^m 130 ___ pa-ro , a-no-po ___ OVIS^m 130 × pa-ro , ke-ro-wo _______ OVIS^m 130 × _ pa-ro , ra-pa-sa-ko OVIS^m 91 × pa-ro , po-ke-we _______ OVIS^f 27 × ___ pa-ro , a-ri-wo-ne × OVIS^m 100 pa-ro , a-we-ke-se-we __ OVIS^m 170 × _ pa-ro , po-ko-ro __ OVIS^m 100 × pa-ro , e-ti-ra-wo _____ OVIS^m 100 × _ pa-ro , a-ta-ma-ne-we OVIS^m 140 × pa-ro , se-no __________ OVIS^f 44 × ___ pa-ro , ko-ro _____ OVIS^f 24 × pa-ro , do-qo-no _____ × OVIS^m 80 ____ pa-ro , wo-ki-to _ × OVIS^m 73 pa-ro , me-te-we _______ OVIS^m 163 × __ pa-ro , ke-sa-me-no OVIS^f 40 × _ ]p°a°-ro , pu-wi-no ____ CAP^f 55 ] ______________ $margo
4751	PY Cn 155	PY Cn 155, OVIS^m 204° _ OVIS^x[ × C°A°P°^m _ [ ____ $vest.[ __ $inf._$mut.
4752	PY Cn 201	PY Cn 201, ] , pa-ra-ku _ OVIS^x 160 × _ ]t°a° ________ CAP^m 63
4753	PY Cn 202	PY Cn 202, ]a-ke-re-wa , we-re-ke ___ [ ____ ]me-wi-jo , o-ki-ri-so OVIS^m 80[ _________________ ]ka-sa __ OVIS^m 102[ ___________________ ] _____ OVIS^m 74 CAP^m 1°[ _________________________________ ]4 ___ [ _________________________________ $inf._$mut.
4754	PY Cn 254	PY Cn 254, $margo [ _____________________________ ] $margo ___________________________ pa-ra-jo a-s°i°[-ja-ti-ja pa-]r°o° , tu-ru-we-u , _______________ OVIS^m 180 a-si-ja-ti-ja , pa-ro , ti-tu[ ____________________ ]O°V°I°S°^m 100 a-si-ja-ti-ja , pa-ro , e-te-wa[ ___________________ OVIS^x ]100 __________________________________ we-da-ne-wo a-si-ja-ti-ja ,° pa-ro , a-no , de-ki-si-wo , _______ OVIS^m 80[ a-si-ja-ti-ja⸤ ⸥pa-ro , ko-ru-ta-ta , we-da-ne-wo ___ OVIS^m 80[ a-si-ja-ti-ja ,° pa-ro , i-sa-na-o-ti , a-ke-o'-jo' _ OVIS^f[ $qs a-si-ja-ti-ja , pa-ro , ra-ke-u , we-da-ne-wo ______ C°A°P°^x[ $qs ] $vac. a-si-ja-ti-ja , pa-ro , pi-ro-qo-r°o°[ ___________________ ]40 a-si-ja-ti-ja , pa-ro , a-ko-to-wo , a[ ___________ ]SUS^f 4°8 [[a-si-ja-ti-ja p°a°-r°o° _______________ ]][ _________ ][[ SUS^x ]]
4755	PY Cn 285	PY Cn 285, ro-u-so _____ [ a₃-ta-r°o°-we __ [ re-ta-mo _____ CAP^m[ $qs ka-ra-u-ko ___ CAP^m[ ]30 a-we-ke-se-u _ OVIS^m 50 a-we-ke-se-u _ CAP^m 30[ ] $vac. wa-da-ko _____ CAP^m 86 si-no-u-ro ___ CAP^f 60[ ra-ma-jo _____ CAP^f 20[ pa-wa-wo _____ [•]^f°[ $qs e-ke-da-mo ___ OVIS^m 100 a-si-wi-jo ___ OVIS^m 11°6° o-ki-ra ______ OVIS^m 116 o-ti-na-wo ___ OVIS^m 100[ ______ $margo
4756	PY Cn 286	PY Cn 286, a-pa-re-u-pi , ke-se-nu-wo , a[ ___ $vacat _________________ [
4757	PY Cn 314	PY Cn 314, ]e°-wo-ta-o [[ _____________ ]]3 __ ]wo [ _ ]100 au-to-a₂-ta OVIS^m 162[ _ ] $vac.
4758	PY Cn 328	PY Cn 328, __ ro-u-so , we-re-ke , _ a-ka-na-jo , ma-ro ___ OVIS^m 200 × a-ka-na-jo , ko-wa-to __ CAP^m 50 × a-ka-na-jo , ra-mi-ni-jo CAP^f 40 × a __________ ma-ra-te-u _____ OVIS^f 10 × ____________ da-to-re-u _____ CAP^m 30 × ____________ wo-ki-ro _______ CAP^f 20 × ____________ ma-ra __________ OVIS^f 50 × ____________ ma-ra ________ × CAP 40 ____________ ke-zo __________ OVIS^m 40 × ____________ po-ri-ko _______ OVIS^m 170 × ____________ wi-s°a°-to _______ OVIS^f 60 × ____________ a°[-•-]to _______ OVIS^m 40 × ____________ pu-za-ko _______ CAP^m × 40 ____________ a₃-ta-ro-we ____ OVIS^f 70 × ________ $margo
4759	PY Cn 418	PY Cn 418, pa-ro , we-u-da-ne-we r°e°-u°-ko , a-ko-ro-we-e BOS+$SI 2 re[-u-]k°o° , ma-ra-p°i° , pe-ko , a-ko-ro-we BOS+$SI 1 __ ]3 ____ CAP^m 3°[ ]$WE 3 _____ CAP+$E 3 ]$vest.[ _ ]2 _ [ ___________ ]3 [[ ____ ]][ _______ ]$vest.[ _ ]$vest.[ _ ]$vest.[ ] $vac. re-u-ko[ ]m°a°-ra[-pi ]pe-ko , a-ko-ro-we[ BOS+$SI OVIS^m 1 CAP^m 1 $WE[ ]CAP+$E° [ ] S°U°S°^x[ _ ] __ $margo ___ [
476	KN Se 880	KN Se 880, ________ ] $vac. ] , po-ni-ke-a , wo-ra-we-sa _ CUR 1
4760	PY Cn 436	PY Cn 436, _ ke-to ___________ OVIS 100 × a-ta-tu-ro ________ CAP^m 38 a-mi-nu-wa-ta _____ OVIS^f 5°0 × [ o-ko ______________ OVIS^f 100 ×[ i-ma-di-jo ________ OVIS^f[ $qs ko-tu-ro₂ [ __ ] __ CAP^f[ $qs wa-ra-pi-si-r°o°[ _ ] O°V°I°S°^x[ $qs e-qa[ _____ $deest $vest.[ ___ $inf. $mut.
4761	PY Cn 437	PY Cn 437, ______________________________ ] $vacat ]n°o°-[•]-t°a°[ ___ ] OVIS^m[ $qs ____ ] × ]wo-wo ,° po-ru-qo-t°a°[ _ ]5°4[ ______ ] $vac. ]wo-wo , [ _ ] $vac.[ __ ]6°0°[ ]w°o°-wo , e-wi-te-u OVIS^m 50[ ______ $inf. $mut.
4762	PY Cn 440	PY Cn 440, ______________ $sup. $mut. __________________ ]$vest. __________________ ] $vacat __________________ ] $vacat _________________ ] 5 ]$vest.[ ]$vest.[ ] $vacat _______________ ] 5° __________ ]SUS^x 31°[ ] $vacat __________ ]SUS^x 14 []S°U°S°^f[ $qs] $vac. ___________________ ] $vacat [ ______________ $inf. $mut.
4763	PY Cn 441	PY Cn 441, ______ we-re-ke[ $vest.[ ]a°-ke-r°e°-u°[ ___ ]ko-[ ______ ]a-ke-re-u[ _ ]wo-to CAP^m 6 [ ____________ ]p°i°-k°i°[-•]-wo _ CAP^f 10 __________ ]$vest.[ _ ] [[ $vest. ]]
4765	PY Cn 453	PY Cn 453, ____________ $margo ___________ [ _____ ] ___________ $margo ________________________________________________________________ CAP^f ka-pe-se-wa-o , wo-wo , p°a°-r°o°[ ______ ]ne , a-ko-so-ta-o , a-ko-ra 46 _____________________________________ ] $reliqua $pars $sine $regulis
4766	PY Cn 485	PY Cn 485, da-we-u°[-pi ],° k°o°[ da-we-u-pi , a°[ da-we-u-pi , ka[ da-we-u-pi , e-[ a₃-zo-w°o°[ da-we[-u-]p°i°⸤ ⸥w°o°[ da-we-u-p°i° , e-k°e°[ da-we-u°[-pi a-re[ a-z°o°[ ___ $inf. $mut. fr._separatum (.α) (Cn_1075) ___ $sup. $mut. __ ] _ OVIS^f × 15 [ ] ___ $margo _ [ fr._separatum_.β_(Xn_1078) ___ $sup. $mut. ]ka-[ ___ $inf. $mut. fr._separatum_.γ_(Xn_1167+$fr.) ___ $sup. $mut. ]no-wo[ ___ $inf. $mut. fr._separatum_.δ_(Xn_1470) ___ $sup. $mut. ]m°a°-jo-wo-[ ___ $inf. $mut.
4767	PY Cn 491	PY Cn 491, ______________ $sup. $mut. ____________ ]OVIS^m 6°0 ×[ ________ ]e-u _ OVIS^f 40[ _____ ]-ta ____ OVIS^f 10[ ___ ]-re-ro ___ CAP [ $qs _ ]-pe-se-to __ CAP^f 4°6° ] ,° e-ta-wo-jo _ S°U°S°^x ⸤1⸥2 ] _____________ $margo
4768	PY Cn 570	PY Cn 570, ____________ $sup. $mut. ______________ ]$vest.[ ____________ ]ri-jo __ [ pa-]r°o° ,° qe-ta-ko _ O°V°I°S°^f[ $qs pa-]ro , o-pe-qa ____ [ ______ ]p°i°-ko [ ___________ $inf. $mut.
4769	PY Cn 595	PY Cn 595, _______ $margo e-ra-te-re-wa-pi , ta-to-mo , o-pe-ro , me-ta-pa , a-we-ke-se-u VIR 1 OVIS+$TA 5 ne-de-we-e __________________ OVIS+$TA 9 u-de-wi-ne ____ VIR 2 _______ OVIS+$TA 8 ma-to-ro-pu-ro ______________ OVIS+$TA 1 _ ]i-pi[ _________ ]1 _______ OVIS+$TA 5 __ ]-ko-[ __________________ ]O°V°I°S°[+$TA] ⸤5[ _______ $margo _______________ [
477	KN Se 881	KN Se 881, ] _ CUR 1 ]o
4770	PY Cn 599	PY Cn 599, ______ $margo ________________ pa-ro _ wa-no-jo , wo-wo , ne-ti-ja-no a-ke-o-jo ______ CAP^m 100 _ a₂-ne-u-te , pa-ro , ka-so , a-ko-so-ta-o _____ CAP^m 45 _ a₂-pa-tu-wo-te , pa-ro , a-ke-ra-wo , a-ke-o-jo CAP^m 90 _ a₂-pa-tu-wo-te , pa-ro , ru-we-ta , a-ke-o-jo _ CAP^f 40 _ a₂-pa-tu-wo-te , pa-ro , a-wo-i-jo , __________ CAP^f 50 _ wa-no-jo , wo-wo , pa-ro , ke-re-no , a-ke-o-jo CAP^f 80 _ a₂-pa-tu-wo-te , pa-ro , e-zo-wo ______________ SUS^f 30 e-ko-me-no , pa-ro , ti-ri-po-di-ko __________ SUS^f° 57 ______ $margo ________________________________ _
4771	PY Cn 600	PY Cn 600, ______ $margo o-re-e-wo , wo-wo , pa-ro , ke-we-no __________ OVIS^m 50 o-re-e-wo , wo-wo , de-ko-to __________________ OVIS^m 100 o-re-e-wo , wo-wo , ke-ro-u-te-u ______________ OVIS^m 90 o-re-e-wo wo-wo , e-te-re-r°o° __________________ OVIS^m 90 o-r°e°[-e-]w°o° , wo-wo , mi-ka-ri-jo , a-ke-o'-jo' OVIS^m 92 re-qa-se-wo , wo-wo , wa-ra-wo-n°o°⸤ ⸥a°-k°e°-o°-jo __ OVIS^m 70 ti-mi-to , a-ke-e , te-[ _____________________ ]O°V°I°S°^f 80 ti-mi-to , a-ke-e , a-[•-•-•]-u , we-da-ne-wo _ OVIS^f 60 re-qa-se-wo , wo-wo , ka-wi-ta ________________ OVIS^f 70 re-qa-se-wo , wo-wo , wi-ja-te-we _____________ OVIS^f 80 ti-mi-to , a-ke-e , o-pe-se-to , a-ke-o-jo ____ OVIS^f 60 ti-mi-to , a-ke-e , e-te-wa-j°o° , ______________ CAP^f 3°0 ti-mi-to , a-ke-e , a-no-ze-we ________________ CAP^f 36 ti-mi-to , a-ke-e , qe-ta-ko __________________ SUS^m 30 ti-mi-to a-ke-e , *82-de[ ___________ ] _______ SUS^f 12 _______________$reliqua_pars_sine_regulis
4772	PY Cn 608	PY Cn 608, _ jo-a-se-so-si , si-a₂-ro o-pi-da-mi-jo pi-*82 __________ SUS+$SI 3 me-ta-pa ________ SUS+$SI 3 pe-to-no ________ SUS+$SI 6 pa-ki-ja-si _____ SUS+$SI 2 a-pu₂-we ________ SUS+$SI 2 a-ke-re-wa ______ SUS+$SI 2 e-ra-te-i _______ SUS+$SI 3 ka-ra-do-ro _____ SUS+$SI 2 ri-jo ___________ SUS+$SI 2
4773	PY Cn 643	PY Cn 643, a°-p°a°-re-u-pi , pa-pa-ro , wo-ne-we ,° _______ [•]^m ⸤40⸥ wi-ja-we-ra₂ , a-ko-te-u __________________ SUS^f 40 p°i°-*82 , ma-ra-ni-jo , a-ke-o-jo __________ CAP^m 48 pi-]*82 , ku-ka-ra-so , a-ke-o-jo __________ CAP^f 53 ma-]r°o°-p°i° , pu-ma-ra-ko , we-da-ne-wo ______ CAP^m 100 _______________ ]k°e°-u , a-ke-o°[-jo ________ ]CAP^f 40 ______________________ ]$vest.[ ___________ $deest ___________ $deest ___________ $deest
4774	PY Cn 655	PY Cn 655, _____ $margo ma-ro-pi , qe-re-wa-o pa-ra-jo _______________ OVIS^m 136 ma-ro-pi , to-ro-wi-ko , pa-ra-jo ____________ OVIS^m 133[ ma-ro-pi , ke-r°o°-wo-jo _______________________ OVIS^m 85 ma-ro-pi⸤ ⸥ra-pa-sa-ko-jo _____________________ OVIS^m 69 ma-ro-pi , pu-wi-no , a-pi-me-de-o , a-ko-ra ___ OVIS^m 190 ma-ro-pi , i-wa-so , we-da-ne-wo , a-ko-ra ____ OVIS^m 70 ma-ro-pi , ti-r°e°-wo , pa-ra-jo ________________ OVIS^m 70 ma-ro-pi , o-ka-ri-jo , pa-ra-jo ______________ OVIS^m 95 ma-ro-pi , e-ti-ra-wo , pa-ra-jo ______________ OVIS^m 70 ma-ro-pi , a-ta-ma-ne-u , pa-ra-jo ____________ OVIS^m 60 ma-ro-pi , qi-ri-ta-ko , a-ke-o-jo , a-ko-ra __ OVIS^m 90[ ma-ro-pi , a-ri-wo , a-ke-o-jo , a-ko-ra _____ [ ___ ]1°4 ma-ro-pi , r°o°-k°o°-jo , we-d°a°-ne-wo , a-ko-ra __ [ __ ]80 ma-ro-pi , o-pe-re-t°a° , we-da-ne-wo ____________ OVIS^f 86 ma-ro-pi , po-ro-qa-ta-jo , we-da-ne-wo ________ OVIS^f 63 ma-ro-pi , to-ru-ko-ro ,° we-da-ne-wo ___________ OVIS^f 88 ]ma-ro-pi , ma-ma-ro , we-da-ne-wo _____________ OVIS^m 90 ma-]r°o°-pi , ma-du-ro⸤ ⸥we-da-ne-wo ______________ OVIS^m 100 ma-ro-]pi , se-no , we-da-n°e°-wo ________________ OVIS^f 40 _ ma-ro-]p°i° , ta-ta-ke-u , [we-]d°a°-ne-wo _______ OVIS^f 30
4775	PY Cn 702	PY Cn 702, ________ a-]k°o°-so-ta[-]o° _ OVIS^m 100 __ ]-ta , a°[ _______ ] OVIS^f 40 _ ]tu-ro , a-ke-o-jo _ CAP^f 30 ]ne-wa , a-ke-o-jo ___ CAP^f 30 ____________ ] $vacat ___________ ] $margo
4776	PY Cn 719	PY Cn 719, ma-ro-pi , ka-do-wo , a-ke-o-jo ______ OVIS^m 40 ma-ro-pi , to-si-ta , a-ke-o-jo ______ OVIS^m 82° ma-ro-pi , me-ta-no , a-ke-o-jo ______ OVIS^f 60 pi-*82 , ma-ra-ni-jo , pa-ra-jo ______ OVIS^m 230 pi-*82 , o-ku-ka , a-ke-o-jo _________ OVIS^m 70 pi-]*82 , ra-mi-ni-jo , a-ke-o-jo ____ OVIS^m 90 pi-*82 ] ku-p°i°-ri-jo , a-ke-o-jo _____ OVIS^m 60 pi-*82 ku-]ka-ra-so , a-so-ta-o ______ OVIS^f°[ ]30 wi-]ja-we-ra₂ , ko-ru-no , pa-ra-jo __ O°V°I°S°^m° 66 a-pa-]re-u-pi , p°a°-pa-ro a-ko-so-ta-o° _ OVIS^m 100 wi-ja-we-ra₂ , a-ka-ma-wo , a-ko[-so-]ta-o _ OVIS^m 96 w°i°-ja-we-ra₂ , a-ke-ta , w°o°[-ne-]we ________ OVIS^m 100 _______ $margo
4777	PY Cn 925	PY Cn 925, __ da-we-u-pi , pa-ro , ko-ma-we-te _ SUS^m 16 da-we-u-pi , pa-ro , e-te-we ________ SUS^f 16 da-we-u-pi , pa-ro , e-do-mo-ne-we __ SUS^f 28
4778	PY Cn 938	PY Cn 938, _________ $sup. $mut. ________ ] au-to-a°[ ]t°o° , pa-ro , i-ke-[ ____ ]pa-ro[ _________ $inf. $mut.
4779	PY Cn 962	PY Cn 962, __ $sup. $mut. _ ]ra , p°a°-[ ]ni-pi pa-r°o°[ __ $inf. $mut.
478	KN Se 882	KN Se 882, po-]n°i°-ki-ja _ CUR[
4780	PY Cn 1059	PY Cn 1059, __________________ $sup. $mut. ] , [ ]k°e°-u __ [ __ ]O°V°I°S°^f° 20 × [ ____ ]ko ____ [ ____ ] _ $vac. _ [ _ ]wo-wo , ne[ ____ ]$vac.[ ]wo , n°e°-[ _ ]ka-ni[ _ $inf. $mut.
4781	PY Cn 1197	PY Cn 1197, _ a-si-ja-ti-ja [ wa-e-ro _______ OVIS^m 1[ ti-ko-ro ______ OVIS^m 1 [ e-sa-re-we ____ OVIS 3[ e-re-e-we _____ OVIS^m° [ $qs _____ $margo __________ [
4782	PY Cn 1286	PY Cn 1286, _______ $margo o-pi-ra-i-ja OVIS 3 CAP 1 _______ $vacat _______ $vacat _______ $vacat _______ $vacat $reliqua_pars_sine_regulis
4783	PY Cn 1287	PY Cn 1287, _ a-*64-jo , a-ke-ro ________ CAP^f 1 te-re-do ka-na-pe-u _________ CAP^f 1 na-ma-ru-ko _________________ CAP^f 1 qe-ta-ko ke-ra-me-u __________ CAP^f 1 da-u-da-ro , pe-re-ke-u ______ CAP^f 1 mu-ti-ri-ko , di-u-ja , do-e-ro CAP^f 1 a₂-ra-ka-wo ke-re-ta-o⸤ ⸥do-e-ro CAP^f 1 a-sa-ma-o _____________________ CAP^f 1 mo-ri-wo ______________________ CAP^f 2 ma-ni-ko _____________________ CAP^f 1 _____ $vacat _____ $margo
4784	PY Cr 591	PY Cr 591, ___ $sup. $mut. ___ ]$vest.[ ]$vest.[ ] $vest. [ _ ]-wa ___ CERV 3 ___ ]e-[•] _ CERV 3 _____ ]ne-wi CERV 2[ ] $vacat __ ]-wa ____ CERV 1[ ] $vacat ___ ]$vest.[ ]CERV[ ]2 ___ ]$vest.[ ]C°E°R°V°[ ] 2 ___________ ]C°E°R°V°[ ]3
4785	PY Cr 868	PY Cr 868, a₃-se-we _________ [ ne-se-e-we ________ C°E°R°V°[ $qs te-re-ne-wi-ja ____ CERV[ $qs na-pe-re-wa _______ CERV[ $qs te-ko]-t°o°-na-pe ___ CERV[ $qs ____ ]na-wo _______ CERV 1 qe-re-me-ti-wo ____ CERV 1 _____ $vacat _____ $vacat _____ $margo
4786	PY Ea 28	PY Ea 28, ]ti-ri-da-ro ra-pte , e-ke , ka-ma _ GRA[ $qs ] $vacat
4787	PY Ea 29	PY Ea 29, e-ro₂-qo ra-pte , e-ke , o-na-to , pa-ro , i-ma-di-jo GRA T 1
4788	PY Ea 52	PY Ea 52, ___________________________ pa-ro , da-mo wi-ri-ja-no , e-pi-we-ti-ri-j°o°⸤ ⸥e-ke⸤ ⸥o-na-to , GRA T 1
4789	PY Ea 56	PY Ea 56, ____________ [ _ ra-]pte ze-pu₂-ro⸤ ⸥e-k°e° , pa-ro , sa-ke-re-we _ GRA T 1 [
479	KN Se 883	KN Se 883, ]CUR 1 ]pi
4790	PY Ea 57	PY Ea 57, ka-ra-do-wa-ta , e-ke , o-na-to , pa-ro[ da-]m°o° GRA 1
4791	PY Ea 59	PY Ea 59, ___ ] $vestigia [ ____________________ ]$vest.[ ___________________ ] _______ GRA 6 ke-re-u , e-ke , o-na-to , ke-ke-me , ko-to-na ____________________________ GRA 2[ _ ]4 ke-re-te-u , e-ke , o-na-to , ke-ke-me-na , ko-to-na , su-qo-ta-o _________ GRA 1 __ T° 8 ke-re-te-u , e-ke , o-na-to , pa-ro , da-mo GRA 3 __ pa-ro , ra-wa-ke-si-jo , e°-[ ____ ]G°R°A° 2 ke-re-te-u , e-ke , e-ne-ka , i-qo-jo _____ GRA 5 ______________________________ [ _ ] ___ $vacat __________________________________________________________________ [ _ ]du-ni-jo , e-ke , o-na-to , pa-ro , da-mo _________________________ GRA 1 T 6 [ ____ $margo ↓  IIIII _ IIIII _ IIIII _ IIIII _ IIIII _ IIIII _ II[ IIIII _ IIII __ IIIII _ IIIII _ IIIII _ IIIII _ III[ ___ $vacat IIIII _ IIIII _ IIIII _ IIIII _ IIIII _ IIIII _ II[ IIIII _ IIIII _ IIIII _ IIIII _ IIIII _ IIIII _ III[ __________________ GRA 137° [ _ ] __ $vacat [[ GRA 137 ___________ T [ _ ]]
4792	PY Ea 71	PY Ea 71, ___________ po-me ko-do-jo ko-to-na⸤ ⸥k°i°-ti-me-na ___ GRA 1 T 4° V 3
4793	PY Ea 102	PY Ea 102, di-wo-nu-so-jo , e-ka-ra _ GRA 2 T 6 ______ [
4794	PY Ea 109	PY Ea 109, ____________ [[ _________ $vest. ________ ]] a-pi-a₂-ro , e-ke , su-qo-ta-o , ko-to-na _____ GRA 2 T 5°
4795	PY Ea 132	PY Ea 132, ru-ko-ro ra-wa-ke-si-jo , e-ke , o-na-to , su-qo-ta-o , ko-to-na _ GRA T 1
4796	PY Ea 136	PY Ea 136, ________________ [ ]p°a°-ro , da-mo _ [ wa-tu-o-ko , a-ke-ro , e-ke , o-na-t°o°[
4797	PY Ea 208	PY Ea 208, ____________________ pa-ro , da-mo [ ]ra-i-ka , e-ke , o-na[-]to , ____ [ GRA ] T 2
4798	PY Ea 259	PY Ea 259, ___________ u-me-ta-qe-a°-po , o-ke-u , e-ke , o-na-to , pa-ro , da-mo _ GRA T ⸤2⸥
4799	PY Ea 270	PY Ea 270, _____________________ ko-to-na ]a-pi-a₂-ro , e-ke , qo-qo-ta-o⸤ ⸥pe-re-qo-no-jo _ GRA _ T 6
48	KN Nc 8455	KN Nc 8455, ja-[ _ $inf. $mut.
480	KN Se 890	KN Se 890, pte-r°e°[-wa
4800	PY Ea 304	PY Ea 304, ke-re-te-u , e-ke⸤ ⸥o-na-to , pa-ro sa-ke-re-we _ G°R°A°[ ] T 6
4801	PY Ea 305	PY Ea 305, ___________________ qo-qo-ta-o ke-re-te-u⸤ ⸥e-ke-na-to , to , ke-ke-me-na⸤ ⸥ko-to-na GRA T 1
4802	PY Ea 309	PY Ea 309, ] , wo-ze GRA 10[
4803	PY Ea 325	PY Ea 325, e-ro₂-qo , ra-pte , [ GRA
4804	PY Ea 336	PY Ea 336, _________________ ko[-to-na _ ] ta-ra-ma-ta , e-ke , [o-na-to ] ke-ke-me-na , _ GRA V 3
4805	PY Ea 421	PY Ea 421, ________________ ra-wa-ke-si-jo-jo ]te-i-jo , a-mo-te-wo , [[k°o°-t°o°-n°a°]] _________ GRA 1 T 4° V 2
4806	PY Ea 439	PY Ea 439, ___________ po-me-ne ] e-ke⸤ ⸥o-na-to , pa-ro , mo-ro-qo-ro , _ GRA _ T 1[
4807	PY Ea 460	PY Ea 460, __________ ra-pte ti-ri-da-ro e-ke o-na , pa-ro , da-m°o°[ GRA
4808	PY Ea 480	PY Ea 480, ______________ su-qo-ta-o , ko-to-na e-ri-qi-jo , e-ke , o-na-to , ke-ke-me[-na ]ko-to-na _ GRA T 2
4809	PY Ea 481	PY Ea 481, ra-pa-do , e-ke , o-na-to , me-ri-te-wo , ko-to-na _ GRA T 1 ra-pa-do , e-ke , o-na-to , su-qo-ta-o , ko-to-na __ GRA T 1
481	KN Se 891	KN Se 891, _______________________________ e-re-pa-te-jo-pi , o-mo-pi _ [ pte-re-wa / e-ka-te-re-ta , a₃-ki-no-o _ 2° _ e-re-pa-te-jo-pi , [
4810	PY Ea 754	PY Ea 754, ___________ ra-pte ti-ri-da-ro e-ke , o-na-to , ko-do-jo , ko-to-na GRA T 6[ ] $vacat
4811	PY Ea 756	PY Ea 756, ______________ ki-ti-me-na sa-ke-re-wo , i-je-re-wo , ko-t°o°-na _ GRA 6 T°[
4812	PY Ea 757	PY Ea 757, ___________ qo-qo-ta-o e-u-me-ne , e-ke , o-na , ke-ke-me-na , ko-to-na _ GRA T 2
4813	PY Ea 771	PY Ea 771, ke-re-te-u , e-ke , o-na-to , me-ri-te-wo , ko-to-na _ GRA T 3 _ [
4814	PY Ea 773	PY Ea 773, e-u-me-de , e-ke , o-na-to , pa-ro da-mo[ GRA ]2°
4815	PY Ea 776	PY Ea 776, _____________________________ ko-to-na sa-ke-re-u , e-ke , o-na-to , su-qo-ta-o _ GRA T 2
4816	PY Ea 778	PY Ea 778, ta-ra-ma-ta , e-ke , o-na-to , pa-ro , da-mo _ GRA T 9
4817	PY Ea 780	PY Ea 780, o-ko-me-ne-u ,° o-na-to __ GRA 2
4818	PY Ea 781	PY Ea 781, ___________ [[w°e°-[ _ ]-e°-[ _______ ]] qo-u-ko-ro-jo ko-to-na ki-ti-me-na _ GRA 2 T 4° [
4819	PY Ea 782	PY Ea 782, ____________________ ra-wa-ke-si-jo ru-ko-ro , e-ke , o-na-to , pa-ro , mo-ro-qo-ro-jo , ko-to-na po-me-no _ GRA T 1
482	KN Se 892	KN Se 892, pte-re-wa[
4820	PY Ea 799	PY Ea 799, ru-ko-ro⸤ ⸥e-ke , o-na-to , me-ri-te-wo , ko-to-na _ GRA T 3
4821	PY Ea 800	PY Ea 800, ke-re-te-u , e-ke , o-na-to , pa-ro , mo-ro-qo-ro po-me-ne _ GRA 2 [
4822	PY Ea 801	PY Ea 801, _______________ ke-ke-me[-na] ku-ru-no-jo , me-ri-te-wo⸤ ⸥k°o°-to-na , a-no-no GRA 1 T 1
4823	PY Ea 802	PY Ea 802, _______________ qo-qo-ta-o , ko-to-na ra-wo-do-ko , e-ke , ke-ke-me-na , ko-to-na ____ GRA T 3
4824	PY Ea 803	PY Ea 803, ___ $vacat ___ ________ ko-do , e-ke , da-mi-jo ____________ GRA T 6 V 2[
4825	PY Ea 805	PY Ea 805, o-pe-te-re-u , e-ne-ka , a-no-qa-si-ja _ GRA 2
4826	PY Ea 806	PY Ea 806, ke-re-te-u , e-ke , o-na-to , ke-ke-me-na , ko-to-na GRA 1 T 2°
4827	PY Ea 808	PY Ea 808, ________________________ pa-ro , da-mo ka-ra-pi , e-te-do-mo , e-ke , o-na-to , __ GRA 1
4828	PY Ea 809	PY Ea 809, ______________ ra-wa-ke-si-jo-jo , a-mo-te-wo ke-]r°e°-te-u°⸤ ⸥e-ke , o-na-to , ke-ke-me-na , ko-to-na[ ]G°R°A° T 2[
4829	PY Ea 810	PY Ea 810, ti-nwa-si-jo , _ GRA 3 T 5
483	KN Se 893	KN Se 893, ]we-ja , / pte-re-wa , ka-ke[
4830	PY Ea 811	PY Ea 811, du-ni-jo , e-ke , o-na-to _ GRA T 6
4831	PY Ea 812	PY Ea 812, _______________ ko-to-na e-u-me-de , a-re-po-zo-o , e-ke , __ GRA 1 T 8
4832	PY Ea 813	PY Ea 813, e-ro₂-qo , ra-pte , e-ke , o-na-to , me-ri-te-wo , ko-to-na _ GRA T 1
4833	PY Ea 814	PY Ea 814, _______ pa-ro , ku-ro₂ , ra-wa-ke-si-jo o-ke-u , di-ra-po-ro , e-ke , o-to , ______________ GRA T 1
4834	PY Ea 816	PY Ea 816, i-ma-di-ja , e-ke , o-na-to , pa-ro da-mo GRA 2 T
4835	PY Ea 817	PY Ea 817, ___________________ po-me mo-ro-qo-ro-jo , ko-to-na , ki-ti-me-na __ GRA 3° T 1° V 3°
4836	PY Ea 820	PY Ea 820, ____________ a-re-po-zo-o e-u-me-de , e-ke , o-na-to , me-ri-te-wo , ko-to-na GRA _ T 1
4837	PY Ea 821	PY Ea 821, ta-ra-ma-ta-o , ko-to-na ki-ti-me-na _ GRA 5 T 7° V 3
4838	PY Ea 822	PY Ea 822, ___________ ra-wa-ke-si-jo e-u-me-ne e-ke , o-na-to , pa-ro su-qo-ta _ GRA T 5
4839	PY Ea 823	PY Ea 823, ru-ko-ro-jo , ko-to-na , ra-wa-ke-si-jo-jo _ GRA T 6 [
484	KN Se 965	KN Se 965, _______________ e-wi-su-zo-ko , ka[ po-ni-ki-ja , / _________________ [
4840	PY Ea 824	PY Ea 824, ___________________ po-me ko-do , e-ke , o-na-to , pa-ro , da-mo _ GRA T 4
4841	PY Ea 825	PY Ea 825, _____________ po-me-ne ta-ra-ma-ta , e-ke , o-na-to , pa-ro , ko-do _ GRA T 1
4842	PY Ea 827	PY Ea 827, ke-re-u , e-ke , o-na-to , pa-ro , i[ _ GRA
4843	PY Ea 882	PY Ea 882, ]ru-ko-ro ra-wa-ke-si-jo _ GRA[ $qs
4844	PY Ea 922	PY Ea 922, _____________ a-pi-a₂-ro , e-ke , ke-ke-me-na , ko-to-na-no-no ____ GRA T 1 [
4845	PY Ea 936	PY Ea 936, GRA ]T° 5 V 4
4846	PY Ea 1000	PY Ea 1000, GRA ]T° 2 [
4847	PY Ea 1406	PY Ea 1406, ]ke-ta , e-ke[ _ GRA
4848	PY Ea 1424	PY Ea 1424, _____ p°a°-r°o°[ ]r°u°-ko-ro , ra-wa-k°e°-s°i°[-jo ]de-u ra-wa[-ke-]s°i°-jo e-ke , o-na[-to _______ GRA
4849	PY Eb 149	PY Eb 149, te-re-ta , su-ko[ po-ro-du-? _ ]o°-pe-ro-qe , te-re-ja-e , o-u-qe te-re-ja du-wo-u-pi-de , t°o°[-so-de pe-mo _ GRA 10 ] $vacat
485	KN Se 1007	KN Se 1007, ] __ e-wi-su-zo-ko , ______ [ ] , e-re-pa-te-o , o-m°o°[
4850	PY Eb 152	PY Eb 152, ka-]m°a°-e°-u° , e-ke-qe , [[ _____ ]] ______ [ __ ] ________ to-so-de , pe-mo GRA 1
4851	PY Eb 156	PY Eb 156, ______________________________ wo-ze-qe e-u-ru-wo-t°a° , te-o-jo , do-e-ro , ka-ma-e-u e°[-ke-qe o-na-to ]to-so-de , pe-mo GRA 1 T°[ 3 _ a₃-ti-jo-qo , e-ke-qe , to-jo-[•] , au-to-jo , k°a°-ma-o° ,° [ to-so-]de , pe-mo G°R°A°[ $qs
4852	PY Eb 159	PY Eb 159, pe-re-qo-ta⸤ ⸥pa-da-je-u , i-je-r°o°[ _____ e-]ke-qe ka-ma , si-r°i°-jo-jo⸤ ⸥ra-ke , ___ [ ___ to-so-]de pe-mo GRA 2
4853	PY Eb 169	PY Eb 169, du-ni-jo , te-o°[-jo do-e-ro e-ke-qe o-na-to ke-ke-me-na ko-to-na _ pa-ro , da-mo[ _____________ to-so-de pe-mo GRA T 1
4854	PY Eb 173	PY Eb 173, _____ pa-ra-]ko , e-ke-qe , ka-ma , ko-to-no-k°o°[ _________________ e-o to-so-de pe-mo GRA 1 po-so-]re-ja , te-o-jo , do-e-ra ,° e-ke-qe , o-na-to , pa-r°o°[ pa-ra-ko to-so-de pe-mo GRA T 1 V 3
4855	PY Eb 177	PY Eb 177, _ ]re-u[ a-si-]t°o°-po-qo , ka-ma-e-u e-ke-qe wo-ze-qe ___________ ] ____ to-so-de , pe-mo GRA 1 T 2
4856	PY Eb 294	PY Eb 294, o-pe-te-re-u , qe-ja-me-no , e-ke-qe , ke-ke-me-na , ko-to-na _ to-so-de , pe-mo , _ GRA 2 T 5
4857	PY Eb 297	PY Eb 297, i-je-re-ja , e-ke-qe , e-u-ke-to-qe , e-to-ni-jo , e-ke-e , te-o ko-to-no-o-ko-de , ko-to-na-o , ke-ke-me-na-o , o-na-ta , e-ke-e _ GRA 3 _ T 9 _ V 3
4858	PY Eb 321	PY Eb 321, ki-ri-te-wi-ja , e-ko-si-qe , o°[-]na[-to ke-ke-]me-na-o ko[-to-na-o pa-ro da-mo _______________________ to-so-]de , pe-mo GRA 1 T 9
4859	PY Eb 338	PY Eb 338, ka-pa-ti-ja , ka-ra-wi-po[-ro pa-]k°i°-ja-pi , e-ke-qe , _ to-so-de pe-mo ke-ke-me-no , ko-to-no⸤ ⸥dwo , o-pe-ro-sa-de , wo-zo-e , o-wo-ze _______ GRA[ $qs
486	KN Se 1048	KN Se 1048, ] , po-ni-ki-ja _ [
4860	PY Eb 339	PY Eb 339, i-je-re-ja , pa-ki-ja-na , e-ke-q°e°[ o-na-to ke-ke-me-na ] _ ko-to-na , pa-ro⸤ ⸥d°a°-mo [ _____________ to-so-de ]pe-mo ×° GRA T 4
4861	PY Eb 347	PY Eb 347, ko-ri-si-ja , te-o-jo , do-e-ra ,° e-ke-qe , o-na[-to ]k°e°-ke-me-na , ko-t°o°[-na ___ pa-ro , da-mo __________ GRA 1 _ [[T 8 ]][ ______ ] $vestigia ________ [
4862	PY Eb 364	PY Eb 364, we-]ra-jo , po-ti[-ni-ja-we-jo e-]ke-qe , o-na-to , ke-ke-me-na , ko-to-na _ ]G°R°A° ________ T°[ 2 ___________ ] _ $vacat _________________________ [
4863	PY Eb 369	PY Eb 369, wa-na-ta-]jo , e-ke-qe , o-na-to , ke-ke-me-na , ko-to-na _____ pa-ro ]d°a°-mo , ko-to-no-o-ko , to-so-de , pe-mo __ GRA T 5
4864	PY Eb 377	PY Eb 377, pa-ra-ko , e-ke-qe , ke-ke-me[-na ko-to-na _ ko-to-no-o-ko [ ______ to-so-de pe-mo _ GRA T 7
4865	PY Eb 416	PY Eb 416, u-wa-mi-ja , te-o-jo⸤ ⸥do-e-r°a°⸤ ⸥e°[-ke-]qe , i-je-r°e°[-ja ]k°e°-ra ,° o°[-na-to] $vest. [ _ to-so-d°e°⸤ ⸥pe-mo ___________ GRA _ T 2 _ V 3 ____ [ __ ] _ $vacat ______________ [
4866	PY Eb 464	PY Eb 464, ta-ra-mi-ka , te-o-jo , do-e-ra , e-k°e°[-qe o-na-to ke-ke-me-na ko-to-na _ pa-ro , da-mo _____________________ [ to-so-de pe-mo GRA T 1 V
4867	PY Eb 472	PY Eb 472, we-te-re-u , o-pi-ti-ni-ja-ta , e-ke-qe , o-na-to _ wo-jo , *34-to , ______________ to-so-de , pe-mo _ GRA 1 T 3
4868	PY Eb 473	PY Eb 473, a-pi-me-de , e-ke-qe , e-to-ni-jo , ke-ke-me-na-o , ko-to-na-o _ to-so-de , pe-mo __ GRA 4 _ T 6
4869	PY Eb 477	PY Eb 477, we-te-re-u , o-pi-ti-ni-ja-ta , e-ke-qe , o-na-to , ke-ke-me-na ko-to-na ___________________________ to-so-de , pe-mo _________ GRA 1 T[[ 8 ]]
487	KN Se 5729	KN Se 5729, ]°p°t°e°-re-wa / wi[
4870	PY Eb 495	PY Eb 495, ne-qe-wo , e-da-e-wo , ka-ma , o-pe-ro , du-wo-u-pi , te-re-ja-e , e-me-de , te[-re-]ja [ to-so-de , pe-mo , ___________ GRA 10 _____ T 1 ______________________________________ [ ___________ mu-to-wo-ti ______________________________________________________ [ __ ] $vac.
4871	PY Eb 496	PY Eb 496, pi-ke-re-u , e-ke-qe , k°e°[-ke-me-na ko-to-]na , ko-to-no-o-ko , __________ [ to-so-]de , pe-mo GRA T ⸤4[
4873	PY Eb 498	PY Eb 498, i-do-me-ne-ja , te-o°[-jo] , d°o°-e°-r°a°[ e-ke-]qe , o-na-to , ke-ke-me-na , ko-to-na _ [ GRA ___ T 1° ___ V 3 ______________________________________________________________ [ _______ pa[ ___________________________________ ] $vacat __________________________ [
4874	PY Eb 499	PY Eb 499, ]o°-na-to , [[ke-ke-m°e°]][ ] ] _________ to-so-de , pe-mo _ GRA T 1°[
4875	PY Eb 501	PY Eb 501, ke-ra-u-jo , e-ke-qe , ke-ke-m°e°[-na ko-to-na ko-to-no-o-ko _________________ [ _______ to-so-de pe-mo _ GRA T 4
4876	PY Eb 502	PY Eb 502, ___________ do-]e°-ra , e-ke-qe , o-na-to ke-ke-me-na ko-]t°o°-na , pa-ro , da-mo _ , to-so-de , pe-m°o°[ GRA
4877	PY Eb 534	PY Eb 534, _________ ] to-so-de ]pe-mo GRA T 4
4878	PY Eb 566	PY Eb 566, ra-ku-ro , e-ke-qe , ke-ke-me-na , ko-to-na , [ ko-to-no-o-ko __________________________ to-so[-de pe-mo _ GRA
4879	PY Eb 636	PY Eb 636, _____ ]te-o-jo , do-e[ ke-ke-]me-na , ko-to-na[ _ GRA
488	KN Se 7449	KN Se 7449, ]CUR 1
4880	PY Eb 747	PY Eb 747, a-da-ma-o , e-ke-qe , o-na-to , ke-me-na , ko-to-na _ pa-ro , da-mo , ko-to-no-o-ko , ___ to-so-de , pe-mo , _ GRA T ⸤4[
4881	PY Eb 818	PY Eb 818, ke-ke-me-na , ko-to-na , a-no-no , to-so-de pe-mo GRA 1 T 1 _ [
4882	PY Eb 835	PY Eb 835, ka-ra-u-du-ro , te-o°[-jo ]d°o°-e-ro , e-ke-q°e°[ o-na-to ke-ke-me-na ko-to-na pa-ro , da-mo _____ [ ______ ] __ $vacat __ [ __ to-so-de pe-mo _ GRA T 2
4883	PY Eb 839	PY Eb 839, ko-tu-]r°o°₂ , ka-ma-e-u , mi-ka-ta , pa-da-je-u , e-ke-qe[ _ ]wo-ze-qe , _________________________ to-so-de , pe-mo[ GRA T 5
4884	PY Eb 842	PY Eb 842, sa-sa-wo , e-ke-qe , o-na-to , ka-ma-e-u e-pi-qe , to-e , te-ra-pi-ke _____ to-so-de , pe-mo GRA 1 T [5
4885	PY Eb 846	PY Eb 846, _ a₃-ti-jo-qo , e-ke-qe , o-na-to , ke-ke-me-na , ko-to-na pa-ro , da-mo , ko-to-no-o-ko ____________ to-so-de pe-mo _ GRA 1 T 4 V 3
4886	PY Eb 858	PY Eb 858, mu-ti , te-o-jo , do-e-ra , e°[-ke-qe o-na-to ke-ke-me-na ko-to-na pa-ro , d°a°-mo ______ GRA ___ [T 1
4887	PY Eb 859	PY Eb 859, te-o-jo do-e-]r°a° , e-ke-qe , o-na-t°o°[ ________ GRA ] T 2 ________________ [
4888	PY Eb 861	PY Eb 861, ___ ke-]k°e°-me-na , ko[-to-na ] __ $vacat _________ [ GRA
4889	PY Eb 862	PY Eb 862, ko-i-r°o° , e-ke-qe , o-na-to , k°e°-ke-me-na , ko-to-na ka-ma-e-u , wo-zo , __________________________ to-so-de pe-mo GRA T 3
489	KN Se 7920	KN Se 7920, pte-re-[
4890	PY Eb 866	PY Eb 866, ___________ ke-ke-me-n°a° , ko-to-na , pa-ro , da-mo ma-ra₃-wa , te-o-jo , do-e-ra , e-ke-qe , o-na-to _ GRA [T 2
4891	PY Eb 871	PY Eb 871, *34-ke-ja , e-ke-qe , o-na-to , ke-ke-me-na , ko-to-na GRA [ pa-ro , da-mo ____________________________________________ [
4892	PY Eb 872	PY Eb 872, _____ $sup. $mut. _ ]d°o°-e°-ro , e-k°e°[-qe ] _ $vacat ___________ [ _ GRA
4893	PY Eb 874	PY Eb 874, ta-ta-ro e-ke-qe o-na-to ]ke-ke-me-na , ko-to-na[ ] ___ pa-ro da-mo ko-to-no-]o-ko _ to-so-de , pe-mo[ ] GRA V 3
4894	PY Eb 877	PY Eb 877, e-ke-]qe , o-na-to , pa-ro ]da-mo , __ to-so-de , pe-mo GRA T 3
4895	PY Eb 884	PY Eb 884, ]wo , te-o°-jo , do-e-ro , e-ke-qe , o-na[-to _____ pa-ro ]da-mo _______ [ __________ GRA
4896	PY Eb 885	PY Eb 885, ]i°-na , te-o-jo , do-e-r°o°⸤ ⸥e-ke-qe , o-n°a°-t°o° ]ke-ke-me-na , ko-to-na , pa-ro , da-mo , [to-so-]d°e° , pe-mo GRA[
4897	PY Eb 886	PY Eb 886, re-ka , te-o-jo , [do-e-ra pa-ro , da-mo [ __________ GRA
4898	PY Eb 890	PY Eb 890, ka-ta-no[ te-o-jo do-e-]r°o° , e-ke-qe , o-na-to[ ke-]ke-me-na , ko-t°o°[-na _ pa-ro[ da-mo _______ ] GRA _ T 2 __________ [ ________ ] ____ $vacat
4899	PY Eb 892	PY Eb 892, ko-tu-ro₂ , pa-da-je-u , e-k°e°[-qe ke-ke-me-na⸤ ⸥ko-to-na , [ko-to-no-o-ko to-so-de pe-mo GRA T 1
49	KN Nc 8456	KN Nc 8456, ]1 _ [
490	KN Se 8477	KN Se 8477, ]CUR 1 _ [ _ $inf. $mut.
4900	PY Eb 893	PY Eb 893, ku-so , e-k°e°[-qe ke-]ke-me-na , ko-to-na ko-to-no-o°[-ko ____ ] _______ to-so-de , pe-mo GRA _ V 3
4901	PY Eb 895	PY Eb 895, a-i-qe-u , e-ke-qe , ke-ke-me-na , ko-to-na [ ] ko-to-no-o-ko , _____________________ to-so[-]d°e° , pe-mo GRA T° 6°[
4902	PY Eb 900	PY Eb 900, qe-ri-ta , te[-o-jo do-e-ra e-ke-qe o-na-to ke-ke-me-na ko-to-na _ ]p°a°-r°o° , da-mo[ to-so-de pe-mo _ GRA T 2 ____ $inf._$mut.
4903	PY Eb 903	PY Eb 903, ______________________ wa-na-]ka-te-ro , e-ke-qe , o-na-to ke-]k°e°-me-na , k°o°[-to-na pa-ro] , da-mo _________________ to-so-de , pe-mo GRA 2 [
4904	PY Eb 905	PY Eb 905, mi-ra , te-o°[-jo do-e-ra e-ke-qe o-na-to ke-ke-me-na ]k°o°-to-na _ [ _ pa-ro da-mo[ to-so-de pe-mo _ GRA T 1 ____________ ] $vacat ___ [
4905	PY Eb 913	PY Eb 913, ___________________________________ $sup._$mut. ]e-ko-to , te-o-jo , do-e-r°o°[ e-ke-]qe , o°-n°a°-t°o°[ _ pa-ro , da-mo ___________ [ ____ ]GRA T 1 V°[ 3 ___________________________________ $inf._$mut.
4906	PY Eb 915	PY Eb 915, ko-sa-]ma-to , te-o-jo , do[-e-]r°o° , e-ke-qe , o-na-to , k°e°-ke-me[-na ko-to-na pa-]r°o° , da-mo ___________ [ ______ ] _ $vacat _________ [ to-so-de pe-mo GRA T 1
4907	PY Eb 916	PY Eb 916, r°e°-ka , te-o[-jo do-e-]ra , e-ke-qe , [ _ ]p°a°-ro , da-mo[ ___ ]GRA __ T 6 ___ [
4908	PY Eb 934	PY Eb 934, GRA ] T 2 [ ___ ] $vacat
4909	PY Eb 954	PY Eb 954, GRA ]T° 3° V 2[
491	KN Se 9307	KN Se 9307, ]°pte-re[-wa
4910	PY Eb 957	PY Eb 957, e-ke-qe o-]na-to ____ $deest __ $inf._$mut.
4911	PY Eb 964	PY Eb 964, ___ ]ke-ke-me-na[ ko-]to-na GRA ] $vacat
4912	PY Eb 976	PY Eb 976, _____ $sup._$mut. ka-]w°a°-do-ro , te-o°[-jo do-e-ro e-ke-qe o-na-to ke-ke-me-na ko-to-na pa-ro] d°a°-mo[ ___________ to-so-de pe-mo GRA V 3 _____ $inf._$mut.
4913	PY Eb 985	PY Eb 985, ]$vacat[ ]to-so-d°e°[ pe-mo GRA
4914	PY Eb 993	PY Eb 993, ___ ]k°e°-k°e°-me-na , ko-to-na GRA ] $vacat
4915	PY Eb 1082	PY Eb 1082, GRA ]6⸥
4916	PY Eb 1174	PY Eb 1174, ra-su-ro , te-o-jo , do-e-ro , e-ke-q°e°[ o-na-to ke-ke-me-na , ko-to-na , pa-ro , da[-mo to-so-de pe-mo GRA T 2
4917	PY Eb 1176	PY Eb 1176, te-te-re-u , i-je-re-ja , pa-ki-ja-na ,° , do-e-ro , _ e-ke-qe , o-na-to , ke-ke-me-na , ko-to-na , pa-ro , da-mo , to-so-d°e°[ pe-mo GRA V 3
4918	PY Eb 1186	PY Eb 1186, wi-dwo-i-jo a-pi-me-de-o ]do-e-ro , e-ke-qe o-na-to ke-ke-me-]na , ko-to-na , pa-ro , da-mo , to-so-de pe-mo GRA T 2
4919	PY Eb 1187	PY Eb 1187, e-ni-to-wo , a-pi-me-de-o , do-e-ro , e-ke-qe , o-na-to ke-ke-me-na , ko-to-na , ______________________ to-so-de , pe-mo GRA T 1
492	KN Se 9308	KN Se 9308, ]C°U°R°[ _ $inf. $mut.
4920	PY Eb 1188	PY Eb 1188, t°o°-wa-te-u , a-pi-me-de-o , do-e-ro , e-ke-qe , o-na-to , pa-r°o°[ da-mo _ ke-ke-me-na , ko-to-na , ______________________ to-so-de[ pe-mo GRA T 8
4921	PY Eb 1345	PY Eb 1345, i-pa-sa-na-ti[ te-o-jo do-e-ra e-ke-qe o-na-to ke-ke-me-na ko-to-na pa-ro , da-mo[ ______________________________________ to-so-de pe-mo] GRA T 2°[
4922	PY Eb 1347	PY Eb 1347, do-e-]r°o° , e-ke-qe , o-na-to , pa-ro , ko-t°u°-ro₂-ne , pa-da-je-we ____ ]GRA T 2
4923	PY Eb 1352	PY Eb 1352, e-ke-qe ]o-na-to , k°e°[-ke-]m°e°-na , ko-to-na ___ GRA ] _ $vacat
4924	PY Eb 1425	PY Eb 1425, ] , ke-ke-me-n°a°[ ko-to-na ] $vacat _______ [ GRA
4925	PY Eb 1440	PY Eb 1440, ]e°-ri-qi[-ja te-o-jo do-e-ra e-ke-qe o-na-to ke-ke[-me-na ko-to-na ____________ GRA
4926	PY Ed 236	PY Ed 236, ka-ma-e-we , o-na-ta , e-ko-te , ke-ke-me-na-o , ko-to-na-o , wo-zo-te , to-so , pe-mo _ GRA 30 T 2 V 3
4927	PY Ed 317	PY Ed 317, o°-d°a°-a₂ , i-je-re-ja , ka-ra-wi-po-ro-qe , e-qe-ta-qe [[ ___ ]] we-te-re-u-qe , o-na-ta , to-so-de , pe-mo , ___ GRA 21 T 6
4928	PY Ed 411	PY Ed 411, ku-su-to-ro-qa , pa-to[ _ ]te-re-ta GRA 44 [[ ___ ]][ _____ ka-ma-e-we __________ GRA 59° T 2° __________ [ ____________________________ te-o-jo , do-e-ra[
4929	PY Ed 847	PY Ed 847, o-da-a₂ , e-qe-si-jo , do-e-ro , e-ko-si , o-na-ta [[ku-su-q°a°]] , to-so-de pe-mo _____ GRA 1 T 3 V 4
493	KN Se 9309	KN Se 9309, po-ni-ki-]ja , CUR[
4930	PY Ed 901	PY Ed 901, o-da-a₂ , ke-k°e°-me-na-o°⸤ ⸥k°o°-to-na-o , o-na-ta , e-ko-si , ko-to-ne-ta ___ t°o°-so , pe-mo ___ G°R°A° ⸤6⸥ T°[ $qs _________ ] ______ $vacat
4931	PY En 74	PY En 74, ___ ru-*83-o , ko-to-na⸤ ⸥ki-ti-me , to-so-de , pe-mo ____________________ GRA 1 T°[ 5 __ o-da-a₂ o-na-te-re , ru-*83-o , ko-to-na , e-ko-si _ pe-ki-ta , ka-na-pe-u , wa-na-ka-te-ro , [o-]na-to , e-ke , to-so-de , pe-mo GRA T 1 mi-ra , te-o-jo , do-e-ra⸤ ⸥e-ke , to-so-de⸤ ⸥pe-mo ____________________________ GRA T 1 te-se-u , te-o-jo , do-e-ro , o-na-to , e-ke , to-so-de , pe-mo ______________ GRA T 4 ma-re-ku-na , te-o-jo , do-e-ro , o-n°a°[-to e-ke to-so-de ]p°e°-mo ______________ GRA T 1 e-ko-to , te-o°-jo , do-e-ro , o-na-to , e-ke ,° to-so-de , pe-mo ______________ GRA V° 3° ma-*79 , te-o°-j°o° , d°o°-e-ra , o-na-to , e-ke , to-so-de , pe-mo _______________ GRA V 3° e-*65-to , te-o-jo , do-e[-ro] , o-na-to , e-ke , to-so-de , pe-mo ___________ GRA V 1 ____ $angustum a₃-ti-jo-qo , ko-to-n°a° , ki-ti-me-na , to-so-de , p°e°-m°o° ______________________ GRA 1 T 5 V 4 o-da-a₂ o-na-te-re , e-ko-si , a₃-ti-jo-q°o° , ko-to-na e-pa-sa-na-ti , te-o-jo , do-e-ra o-na-to , e-ke , to-so-de pe-mo ____________ GRA T 2 ku-*63-so⸤ ⸥t°e°-o-jo , do-e-ro , o-na-to , e-ke , to-so-de , pe-mo _____________ GRA T 1 ta-ra₂-to , te-o-jo , do-e-ro , o°-n°a°-to , e-ke , t°o°-so-de , pe-mo ____________ GRA T 1 we-te-re-u , i-e-re-u , o-na-to , e-ke , to-so-de , pe-mo ____________________ GRA T 5 e-ko-to , te-o-jo , do-e-ro , o-na-to , e-ke , to-so-de , pe-mo ______________ GRA T 1 ko-ri-si-ja , te-o-jo , do-e-ra , o-na-to , e-ke , to-so-de , pe-mo __________ GRA T 5 ____ $angustum pi-ke-re-wo , ko-to-na , ki-ti-me-na , to-so-de , pe-mo ______________________ GRA 2 T 6 o-da-a₂ , o-na-te-re , e-ke-si , pi-ke-re-wo , ko-to-na a₃-wa-ja , te-o-jo , do-e-ra , o-na-to , e-ke , to-so-de , pe-mo _____________ GRA T 1 pe-ki-ta , ka-na-pe-u , wa-na-ka-te-ro , o-na-to , e-ke , to-so-de , pe-mo ___ GRA T 2 ko-ri-si-ja , te-o-jo , do-e-ra , o-na-to , e-ke , to-so-de , pe-mo __________ GRA T 5
4932	PY En 467	PY En 467, _ ti-qa-jo-jo , ko-to-na , ki-ti-me-na , to-so-de , pe-m°o° GRA 8 T 3 ____ $angustum po-te-wo , ko-to-na , ki-ti-me , to-so-d°e°⸤ ⸥pe-mo GRA 2 T 4 ____ $angustum pi-ri-ta-wo-no , ko-to-na , ki-ti-me-na , ke-ra-me-wo⸤ ⸥t°o°-s°o°-de , pe-mo GRA 1 T 1 _____ $margo ________________________ [ ______________________ ] __ $margo
4933	PY En 609	PY En 609, _____ pa-ki-ja-ni-ja , to-sa , da-ma-te , $DA 40 ___ to-so-de , te-re-ta , e-ne-e-si _____ VIR 14 _ wa-na-ta-jo-jo , ko-to-na , ki-ti-me-na , to-so-de⸤ ⸥p°e°-mo _ GRA 2 V 1 o-da-a₂ , o-na-te-r°e° , e-ko-si , w°a°-na-t°a°-jo-jo , ko-to-na , _________________________________________________________________ GRA V 1 a-tu-ko , e-te-do-mo , wa-na-ka-te-ro , o-na-to , e-ke , de , pe-mo i-ni-ja , te-o-jo , do-e-ra , o-na-t°o° , e-ke , to-so-de , pe-mo _ GRA T 2 V 4 e-*65-to , te-o-jo , do-e-ro , o-na-to⸤ ⸥e-ke , to-so-de , pe-mo _ GRA T 2 si-ma , te-o-jo , do-e-ra , o-na-to , e-ke , to-so-de , pe-mo ___ GRA T 1 ______ $angustum a-ma-ru-ta-o , ko-to-na , ki-ti-me-na , t°o°-so-de , pe-mo ________ GRA 2 T 3 o-da-a₂ e-ko-si a-]ma-ru-ta-o , ko-to-na , o-na-te-re so-u-ro te-o-jo do-]e-ro , o-na-to , e-ke , to-so-de , pe-mo _____ GRA V 3 e-do-mo-ne-u te-o-]jo , do-e-ro , o-na-to , e-ke , to-so-de , pe-mo _ G°R°A° T° 1° e-sa-ro te-o-jo do-]e-ro , o°[-na-]t°o°⸤ ⸥e°-k°e°⸤ ⸥t°o°[-so-de ]p°e°-m°o° _____ GRA V 3 wa-na-ta-jo te-re-ta o-]n°a°-t°o° , e-ke , to-so-de , pe-mo __________ GRA T 1 e-ra-ta-ra i-je-re-ja do-e-ra ]pa-ki-ja-na , o-na-to , e-ke , to-so-de , pe-mo _ GRA T 1 po-so-re-ja te-o-jo do-e-ra ]o°-na-to , e-ke , to-so-de , pe-mo ___ GRA T 1 V 3 i-je-re-ja pa-ki-ja-na o-na-]to , e-ke , to-so-de , pe-mo ________ GRA T 3 _____________________________ ] _____________ $margo _________________ [
4934	PY En 659	PY En 659, ___ qe-re-qo-ta-o , ki-ti-me-na , to-so-de , pe-mo _ GRA 2 T 3 _ o-da-a₂ ,° o-na-te-re , e-ko-si , qe-re-qo-ta-o , ko-to-na ra-su-ro , te-o-jo , do-e-ro , o-na-to , e-ke , to-so-de , pe-mo __ GRA T 1 we-te-re-u , i-e-re-u , o-na-t°o° , e-ke , to-so-de , pe-mo _________ GRA T 1 tu-ri-ja-ti , te-o-jo , do-e-ra , e-ke , p°a°-r°o° , pe-re-qo-ta , pe-qo-ta , to-so , pe-mo GRA T 9 ta-ra₂-to , te-o-jo , do-e-ro , o°-n°a°-to , e-ke , to-so-de , pe-mo _ GRA V 3 ______ $angustum a-da-ma-o-jo , ko-to-na , ki-t°i°-me-n°a°⸤ ⸥to-so-de , pe-mo ___________ GRA 1 T 8 o-da-a₂ , o-to-te-re , e-ko-si , a-da-ma-o-jo , ko-to-na ta-ra₂-to , te-o-na , do-e-ro⸤ ⸥o-na-to , e-ke , to-so-de , p°e°-mo __ GRA T 2 V 4 ______ $angustum a-i°-qe-wo , ko-to-na , ki-ti-me-na , to-so-de , pe-mo _______ GRA 1° T 2 o-da-a₂ , ta-ra₂-t°o° , te-o-jo , do-e-ro , o-na-to⸤ ⸥e-ke , to-so-de , pe-mo GRA T 1 V 3 ______ $angustum ra-ku-ro-jo , ko-to-na , ki-ti-me[-na ]to-so-de , pe-mo ____ GRA 1 T 1 V 3 o-da-a₂ , i-ra-ta , te-o-jo , do-e[-ro o-]na-to , e-ke , to-so-de , pe-mo GRA V 3 ______ $angustum a-ka-ta[-jo-]jo , ko-to-na , ki-ti-me-na , to-so-de , pe-mo _ GRA 3 T 2 _ o-da-a₂⸤ ⸥ka-ra-*5°6°[-so te-]o-jo[ do-]e°-ro , o-na-to , e-ke , to-so-de pe-mo GRA T 2
4935	PY Eo 160	PY Eo 160, pi-ke-re-wo , ko-to-na , ki-ti-me-na _______________ to-so-de , pe-mo ______ G°R°A° 2 T 6 a₃-wa-ja , te-o-jo , do-e-ra , e-ke-qe , o-na-to , pa-ro , pi-ke-re-we _____ GRA T 1 ____________________________________________________ pi-ke-r°e°-we pe-ki-ta , ka-na-pe-u , wa-na-ka-te-ro e-ke-qe , o-na-to , pa-r°o° ___________ GRA T 2 ko-ri-]s°i°-ja , te-o-jo , do-e-ra , e-ke-qe , o-na-to , pa-ro , pi-ke-re-we _ GRA T° 5
4936	PY Eo 211	PY Eo 211, wa-na-ta-jo-jo , ko-to-na , ki-ti-me-na ___________________________________ GRA 2[ V 1 a-tu-ko , e-te-do-mo , e-ke-qe , o-na-to , pa-ro , wa-na-ta[-jo] __________ GRA [V 1 i-ni-ja , te-o-jo , do-e-r°a° , e-ke-qe , o-na-to pa-ro , wa-na-ta[-jo] _____ GRA [T 2 V 4 e-*65-to , te-o-jo , do-e-ro , e-ke-qe , o-na-to , pa-ro , wa-ta-j°o° _______ GRA [T 2 ] $vac. [ si-ma , te-o-jo , do-e-ra , e-ke-qe , o-na-to , pa-ro , wa-na-ta-jo _______ GRA T 1 _________ [ ______ $margo ____________________________________________________________ [ ____ ]  __ $margo ___ [
4937	PY Eo 224	PY Eo 224, ___ a-ma-r°u°-ta-o , ko-to-na , ki-t°i°-me-na ________________________________________ GRA 2 T ⸤3[ _ so-u-ro⸤ ⸥te-o-jo , do-e-ro , e-ke-q°e° , o-n°a°-t°o° p°a°-r°o° , pa-ra-ko ________________ GRA V 3[ e-do-mo-ne-u , te-o-jo do-e-ro , e-ke-qe , o[-na-]t°o° , pa-ro , pa-ra-ko , ________ GRA T 1 [ e-sa-ro , te-o-jo , do-e-ro , e-ke-qe , o-n°a°[-to ], pa-ro , a-ma-ru-ta ___________ GRA V 3 wa-na-ta-jo , te-re-ta , e-ke-qe , o-na-to , ______ pa-ro , a-ma-ru-ta ___________ GRA T 1 e-ra-ta-ra , i-je-re-ja , do-e-ra , pa-ki-ja-na , e-ke-qe _ , pa-ro , a-ma-ru-ta _ GRA T 1 po-so-re-ja , te-o-jo , do-e-ra , e-ke-qe , o-na-to , pa-ro , ta-ta-ro ___________ GRA T 1 V 3 _ i-je-re-ja , pa-ki-ja-na , e-ke-qe , o-na-to , pa-ro⸤ ⸥a-ma-ru-ta _______________ GRA T 3 _______ $margo __________________________________ [ __________ ] ______ $margo
4938	PY Eo 247	PY Eo 247, ___ ]a₃-ti-jo-qo , ki-ti-me-na , ko-to-na _____________________________ to-so-de pe-mo _ , ___ GRA 1°[ T 5 V 4 _ ]e-ko-to , te-o-jo , do-e-ro , e-ke-qe , o-na-to , pa-ro , a₃-ti-jo-qe , ko-to-no-o-ko , ___ GRA T[ 1 ko-ri-si-ja , te-o-jo , do-e-ra , e-ke-qe , o-na-to , ki-ti-me-na , ko-to-na , _ a₃-ti-jo-qe , GRA T 5 i-pa-sa-na-ti , te-o-jo , do-e-ra , e-ke-qe , o-na-to , pa-ro , a₃-ti-jo-qe , ________________ GRA T 2 ku-*63-so , te-o-jo , do-e-ro , e-ke-qe , o-na-to pa-ro , a₃-ti-jo-qe , ______________________ GRA T 1 ta-ra-to , te-o-jo , do-e-ro , e-ke-qe , o-na-to , pa-ro , a₃-ti-jo-qe _______________________ GRA T 1 we-te-re-u , i-je-re-u , e-ke-qe , o-na-to , pa-ro , a₃-ti-jo-qe , ___________________________ GRA T 5 _____ $margo
4939	PY Eo 268	PY Eo 268, po-te-wo , ko-to-na , ________ GRA 2 T 4
494	KN Se 9423	KN Se 9423, ]C°U°R° _ 1°[ _ $inf. $mut.
4940	PY Eo 269	PY Eo 269, ________________ ko-to-na , ki-ti-me-na a-ka-ta-jo-jo , ka-na-pe-wo , to-so-de , pe-mo , _ GRA 3 T 2 ka-ra-*56-so , te-o-jo , do-e-ro , e-ke-qe , o-na-to , pa-ro , a-ka-ta-jo to-so-de pe-mo GRA T 2
4941	PY Eo 276	PY Eo 276, _____________ ] , te-u-ta-ra-ko-ro , ki-ti-me[-na ko-]to-na ____________________ GRA 1 T 5 ]p°e°-k°i°-ta , ka-na-pe-u , wa-na-ka-te-ro , e-ke-qe , o°-na-to _ , ru-*83-e , _____ GRA T 1 mi-ra , te-o-jo , do-e-ra , e-ke-qe , o-na-to , [[pa-r°o° , ]]p°a°-ro ru-*83-e _______ GRA T 1 te-se-u , te-o-jo , do-e-ro , e-ke-qe , o-na-t°o°⸤ ⸥p°a°-r°o° , ru-*83-e ______________ GRA T 4 ]ma-re-ku-na , te-o-jo , do-e-ra , e-ke-qe , o-na-t°o° , p°a°-r°o°⸤ ⸥ru-*83-e _________ GRA T 1 e-ko-to , te-o-jo , do-e-ro , e-ke-qe , o-na-t°o° , pa-ro , ru-*83-e _____________ GRA V 3 ma-*79 , te-o , do-e-ra , e-ke-qe , o-na-t°o° , pa-ro ru-*83-e ___________________ GRA V 3 e-*65-to , te-o-jo , do-e-ro e-ke-qe , o-na-to , pa-ro , ru-*83-e ______________ GRA V 1 _____ $margo
4942	PY Eo 278	PY Eo 278, ti-qa-jo , po-me , e-ke-qe , dwo , ko-to-no __ GRA [8 T 3
4943	PY Eo 281	PY Eo 281, ra-ku-ro-jo ]ki-ti-me-na , ko[-to-]n°a° _________________________ GRA 1 T 1 V 3 ___ i-ra-ta ]te-o-jo do-e-ro , e-ke-qe , o-na-to , pa-ro , ra-ku-ro , GRA V 3
4944	PY Eo 351	PY Eo 351, a-da-ma-jo , k°o°-t°o°-na , ki-t°i°[-me-na GRA 1 T 8 ta-ra₂-to , te-o°-j°o° , do-e[-ro e-ke-qe o-na-to pa-ro a-da-ma-o GRA T 2 V 4
4945	PY Eo 371	PY Eo 371, ________________ ke-ra-me-wo , wa-na-ka-te-ro pi-r°i°[-]ta-wo ,° ko-to-na⸤ ⸥ki-ti-me-na _______ GRA [1 T 1
4946	PY Eo 444	PY Eo 444, pe-re-qo-ta-o pa-da-je-wo ko-]to-na , ki-ti-me-na _______________________ GRA 2° T°[ 3 ra-su-ro te-o-jo do-e-]r°o° , e-ke-qe , o-na-to , pa-ro , pa-da-je-we ___ [ GRA T 1 we-te-re-u i-je-]re-u , e-ke-qe , o-na-to , pa-ro , pa-da-je-we _________ GRA T°[ 1 tu-ri-ja-ti te-o-jo do-e-ra ]e-ke-qe , pa-ro , pa-da-je-we , pe-qo-ta ___ GRA T°[ ta-ra₂-to te-o-jo do-e-]ro , e-ke-qe , p°a°-ro , pa-da-je-we ______________ GRA V°[ 3 ________________________ ]e°-ke-qe , pa[-ro pa-]da-je-we , pe-qo-ta ______ GRA T ⸤4[ ________________________ ] _ $margo _ [ ____ ] _ $margo ____________________________ [
4947	PY Eo 471	PY Eo 471, a-]i°[-qe-wo ko-]to-na , k°i°[-ti-]me-na ______________________ GRA 1 T° 2 ta-ra₂-t°o°[ te-o-]jo , do-e-ro , e-ke-qe⸤ ⸥o-na-to , pa-ro , a-i-q°e°-we GRA T 1 V 3
4948	PY Ep 212	PY Ep 212, _ re-ka , te-o-jo , do-e-ra , o-na-to , e-ke , ke-ke-me-na , ko-to-na , pa-ro , da-m°o° ,° t°o°-so pe-mo _______ GRA T 6 e-ri-ko-wo , te-o-jo , do-e-ro , o-na-t°o° , e-ke , ke-ke-me-na , ko-to-na , pa-ro , da-mo , to-so pe-mo ____ GRA V 3 e-ko-to , te-o-jo , do-e-ro , o-na-to ,° e-ke , ke-ke-me-na , ko-to-na , ko-na , pa-ro , da-mo , to-so pe-mo GRA T 1 V 3 ko-ri-si-ja⸤ ⸥te-o-jo , do-e-ra , o-na-to , e-ke , ke-ke-me-na , ko-to-na , pa-ro , da-mo , to-so pe-mo ____ GRA 1 e-pa-sa-na-ti , te-o-jo , do-e-ra , o-na-to , e-ke , ke-ke-me-na , ko-to-na , pa-ro , da-mo to-so pe-mo ___ GRA T 3 mu-ti-ri , te-o-jo , do-e-ra , o-na-to , e-ke , ke-ke-me-na , ko-to-na , pa-ro , da-mo to-so pe-mo ________ GRA T 1 ka-wa-do-ro , te-o-jo , do-e-ro , o-na-to , e-ke , ke-ke-me-na , ko-to-na , pa-ro , da-mo , to-so , pe-mo _ GRA V 3 ko-sa-ma-to , te-o-jo , do-e-ro , o-na-to , e-ke , ke-ke-me-na , ko-to-na , pa-ro , da-mo , to pe-mo ______ GRA T 1 _ i-do-me-ne-ja , te-o-jo , do-e-ra , o-na-to , e-ke , ke-ke-me-na , ko-to-na , pa-ro , da-mo to-so pe-mo _ GRA T 1 V 3 __ ra-su-ro , te-o-jo , do-e-ro , o-na-to ,° e-k°e°⸤ ⸥ke-ke-me-na , ko-to-na[ pa-ro ]da-mo , to-so pe-mo ______ GRA T 2
4949	PY Ep 301	PY Ep 301, __ ke-ke-me-na , ko-to-na , a-no-no , to-so-de , pe-mo [ _ GRA 1 T 1 ______________________________ ko-to-no-_______-o-ko _ a₃-ti-jo-qo , o-na-to , e-ke , pa-ro , da-mo , ke-ke-me-na , ko-to-na , to-so , [pe-mo ] __ G°R°A° 1 T° 4 V 3 wa-na-ta-jo , o-na-to , e-ke , pa-ro , da-mo , ke-ke-me-na , ko-to-na , to-so-de⸤ ⸥pe-mo _____ GRA T 5 a-da-ma-o , o-na-to , e-ke , pa-ro da-mo , ke-ke-me-na , ko-to-na , to-so⸤ ⸥p°e°-m°o° ____________ GRA T 4 a-tu-ko , e-te-do-mo , o-na-to , e-ke , pa-ro , da-mo , ke-ke-me-na , ko[-to-na to-so pe-mo _ GRA  ta-ta-ro , o-na-to , e-ke , pa-ro , da-mo , ke-ke-me-na , ko-to-na , to-so pe-m°o°[ ___________ GRA V 3 _____ $angustum p°i°-ke-re-u , e-ke-qe , ke-ke-me-na , ko-to-na , ko-to-no-o-ko , to-so , pe-mo[ ______________ GRA  ra-ku-ro , e-ke-qe , ke-ke-me-na , ko-to-na , ko-to-no-o-ko , to-so , pe-mo _________________ GRA[ $qs ku-so , e-ke-qe , ke-ke-me-na , ko-to-na , ko-to-no-o-ko , to-so pe-mo ______________________ GRA V ⸤3[ ke-ra-u-jo , e-ke-qe , ke-ke-me-na , ko-to-na , ko-to-no-o-ko , to-so pe-mo _________________ GRA T 4 pa-ra-ko , e-ke-qe , ke-ke-me-na , ko-to-na , ko-to-no-o-ko , to-so pe-mo ___________________ GRA T 7 ko-tu[-ro₂] , e-ke-qe , ke-ke-me-na , ko-to-na , ko-to-no-o-ko , to-so , pe-mo ______________ GRA T 1 a-i-qe-u , e-ke-qe , ke-ke-me-na , ko-to-na , ko-to-no-o-ko , to-so , pe-mo _________________ GRA T 6 ______ $margo
495	KN Se 9520	KN Se 9520, ]C°U°R° 2°[ _ $l°a°t°. $i°n°f°.
4950	PY Ep 539	PY Ep 539, ________ pi-ro-na , te-o-jo , do-e-ra , o-na-to , e-ke , k°e°[-ke-me-na ko-to-na ____ e-ri-qi-ja , te-o-jo , do-e-ra , o-na-to , e-ke , ke-ke-m°e°[-na ko-to-na ___ i-na , te-o-jo ,° do-e-ro , o-na-to e-ke , ke-ke-me-na ko-to[-na pa-ro da-mo __ po-so-re-ja⸤ ⸥t°e°-o-j°o° , d°o°-e-ra , o[-na-]t°o° , e-ke ,° k°e°-ke[-me-na ko-to-na _ po-so-re-ja , te[-o-jo ]do-e-ra , o-na-to , e-ke , pa-r°o°[ _______ ], ka-m°a°-e-we , wo-zo-te , to-so , pe-m°o°[ _______ GRA _ te-qa-ja , te-o°-jo , d°o°-e-ra , o-na-to , e-ke , ke-ke-me-na , ko-to-na , p°a°-r°o°⸤ ⸥da-mo to-so pe-mo _________________ GRA T 2 _ me-re-u , i-je-re-ja , do-e-ro , o-na-to , e-ke , pa-ro , [ __ ]re-ma-ta , ka-ma-e-w°e°⸤ ⸥o-u-qe , wo-ze , to-so pe-mo GRA[ ] V 2 _ te-te-re-u , i-je-re-ja , do-e-ro , o-n°a°-to , e-ke , ke-k°e°-me-na , ko-to-na , pa-ro , da-mo , to-so⸤ ⸥pe-mo ________ GRA V 3 pu-r°u°-da-ka , ka-pa-ti-ja , do-e-ro , o-na-to , e-ke⸤ ⸥k°e°-ke-me-na , ko-to-na , pa-ro , da-mo , to-so pe-mo __________ GRA T 3° V 3° e-ni-to-wo⸤ ⸥a°-pi-me-de-o , do-e-ro , o-na-to , e-ke , ke-ke-me-na , ko-to-na , pa-ro , da-mo to-so pe-mo ____________ GRA T 1 to-wa-te[-u ]a-pi-me-de-o°⸤ ⸥do-e-ro , o-na-to , e-ke , ke-ke-me-na⸤ ⸥ko-to-na , pa-ro , da-mo to-so pe-mo _____________ GRA T 8 wi-dwo-i-jo , a-pi-me-de-o , do-e°[-ro] , o-na-to , e-ke , ke-ke-me-na , ko-to-na , pa-r°o°⸤ ⸥da-mo , to-so pe-mo _______ GRA T 2° _ we-te-re-u , i-j°e°-re-u , o-na-to , e-ke , ke-ke-me-na , ko-to-na , pa-ro , da-m°o°[ ]$vacat[ __ ]to-so , pe-mo _______ GRA 2 T 3 ____ a-pi[-me-]d°e° , e-ke , e-to-ni-jo , ke-ke-me[-na-o ko-]to-na[-o ]to-so , pe-mo ________________________________ GRA 4 T 6
4951	PY Ep 613	PY Ep 613, _________________ ne-qe-wo e-da-e-wo ka-ma ]o°-pe-ro[ du-]wo-u-pi , te-re-ja-e , ____________________ e-me-de te-re-ja to-so-]de , [pe-mo] GRA 10 T 1 _____ ] _ $vestigia _ [ ______________ ke-ke-]me-na , ko-to-na , ka-ma-e-u , wo-ze-qe , to-so pe-mo[ GRA ]T 3° te-re-]ta , su-ko , po-r°o°-du[ _ o-pe-ro-qe ]du-wo-u-pi , te-re-ja-e⸤ ⸥o-u-qe , wo-ze[ __________________ ] $vac. to-]s°o°-de , p°e°-mo _ GRA 10[ ] ____________________ $vacat •]-w°o°-re-u , a°-si-to-po-qo , ka-ma , e-ke-qe , wo-ze-qe , to-so pe-mo _________________________ GRA 1 T 1 _ •]-ke-re-u , i-je-ro-wo-ko , ka-ma-e-u , o-na-to e-ke ,° wo-ze-qe to-so pe-mo _______________________ GRA 1 sa-sa-]w°o° , o-na-to , e-ke , ka-ma-e-u , e-pi-qe , to-me , te-ra-pi[-ke ]to-so , pe-mo _____________ GRA 1 T 5 e-u-]ru-wo-ta , te-o-jo , [do-e-]ro , e-ke-q°e°[ ka-]ma , o-na-to , w°o°-ze-qe , t°o°-s°o° , pe-m°o° ____ GRA 1 T 3 pe-]r°e°-qo-ta , pa-de-we-u°[ e-]ke-qe , ka-ma , o-na-to , si-ri-jo , ra-ke , to-so , pe-mo ______ GRA 1 pa-]r°a°-ko , e-k°e°-qe⸤ ⸥ka-ma , ko-to-no-o-ko , e-o _ to-so , pe-mo ______________________________ GRA 1 po-]s°o°-re[-ja te-]o°-jo , do-e-ra , e-ke , o-na-to , pa-ro , pa-ra-ko , to-so , pe-mo __________ GRA T 1 V 3 k°o°[-tu-ro₂ mi-]ka-ta , pa-de-we-u , ka-ma-e-u , e-ke-qe , wo-ze-qe , to-so , pe-mo ____________ GRA T 5 we-ra-j°o°[ po-]ti-ni-ja-we-jo , o-na-to , e-ke , ke-ke-me-na , ko-to-na , to-so , pe-mo ________ GRA T 2 ____________________________________________________________________________________ pe-mo ko-pi-na , te-o-jo , do-e-ra , o-na-to , e-ke , ke-ke-me-na , ko-to-na , pa-ro da-mo to-so ________ GRA T 2 mi-ra , te-o-jo , do-e-ra , o-na-to , e-ke , ke-ke-me-na , ko-to-na , pa-ro , da-mo , to-so pe-mo GRA T 1 qe-ri-t°a° , te-o-jo , do-e-ra , o-na-to , e-ke , ke-ke-me-na , ko-to-na , pa-ro da-mo , _ pe-mo __ GRA T 2 ]$vest.[ __ te-o-]jo , do-e-ra , o-na-to , e-ke , ke-ke-me-na , ko-to-na , pa-ro , da-mo , to-so , pe-mo GRA V 3 ___________ te-o-jo] , do-e-r°o° , o°-na-to , e-ke , ke-ke-me-na , ko-to-na , pa-ro , da-mo to-so pe-mo ___ GRA V 4 ___ ]ra-so , te-o-j°o° , [do-e-ro o-]na-to , e-ke , ke-ke-me-na , ko-to-na , pa-ro da-mo , to-s°o°[ pe-mo GRA  ___________ ] $margo [ _______________ ] _ $margo _ [ ___________ ] _________ $margo _________ [
4953	PY Ep 704	PY Ep 704, ___ o-pe-to-re-u , qe-ja-me-no , e-ke , ke-ke-me-na , ko-to-na , to-so , pe-mo[ _ ]G°R°A° 2 T 5 _ u-wa-mi-ja , te-o-jo , do-e-ra , o-na-to , e-ke-qe , i-je-re-ja , k°e°-ra , to-so pe-mo ___________ GRA T 1 V 3 e-ri-ta , i-je-re-ja , o-na-to , e-ke , ke-ke-me-na , ko-to-na , , pa-ro , da-mo , to-so , pe-mo __ GRA T 4 ki-ri-te-wi-ja , o-na-to , e-ko-si , ke-ke-me-na , ko-to-na⸤ ⸥pa-ro , da-mo , t°o°-so , pe-mo ________ GRA 1 T 9 e-ri-ta , i-je-re-ja , e-ke , e-u-ke-to-qe , e-to-ni-jo , e-ke-e , te-o ,° da-mo-de-mi , pa-si , ko-to-na-o , _ ke-ke-me-na-o , o-na-to , e-ke-e , _ to-so pe-mo _ GRA 3 T 9° __ ka-pa-ti-ja , ka-ra-wi-po-ro , e-ke , ke-ke-me-no , o-pe-ro-sa , du-wo-u-pi , wo-ze-e , o-u-wo-ze , [[ __ ]] ________ to-s°o°[ pe-mo _____ GRA ]4
4954	PY Ep 705	PY Ep 705, ma-ra₃-wa , te-o-jo , do-e-ra , o-na-to , e-ke , ke-k°e°[-me-na ko-to-na pa-ro da-mo to-so pe-mo GRA ]T° 2 ka-ta-no , te-o-jo , do-e-ro , o-na-to , e-ke[ ke-ke-me-na ko-to-na pa-ro da-mo to-so pe-]mo _ GRA T 2 du-ni-jo , te-o-jo , do-e-ro , o-na-to , e[-ke ke-ke-me-na ko-to-na pa-ro da-mo to-]s°o° pe-mo _ GRA T 1 e-sa-ro , te-o-jo , do-e-ro , o-na-to[ e-ke ke-ke-me-na ko-to-na pa-]r°o° , d°a°-mo , to-so pe-mo _ GRA V 2 ka-ra-u-du-ro , te-o-jo , do-e-r°o° , o-na-to , e-k°e° , [ke-ke-me-na ko-]t°o°-na , pa-ro , da-mo to-so pe-mo GRA T 2 to-ro-ja , te-o-jo , do-e-ra o-na-to , e-ke , ke-ke-me-n°a° , ko-to-na , pa-ro , da-mo to-so pe-mo ______ GRA T 1 o-re-a₂ , te-o-jo , do-e-ro , o°-na-to , e-ke⸤ ⸥ke-ke-me-na , ko-t°o°-n°a° , pa-ro , da-mo , to-so pe-mo ____ GRA V 2 e-ko-to , te-o-jo , do-e-ro , o-n°a°-to , e-ke⸤ ⸥ke-ke-me-na , ko-to-na , pa-ro , da-mo , to-so , pe-mo GRA T 2 pu-ko-wo , te-o-jo , do-e-ro⸤ ⸥o-na-to , e-ke , ke-ke-me-na[ ko-to-na pa-ro da-]m°o°⸤ ⸥to-so pe-mo _____ GRA T 2 ta-ra-mi-ka , te-o-jo⸤ ⸥do-e-ra , o-na-to , e-ke , ke-k°e°[-me-na ko-to-na pa-ro da-]mo , to-so pe-mo ___ GRA T 1 V°[ $qs
4955	PY Eq 36	PY Eq 36, ______________________ ]-we-jo , wa-tu , ____________________ ] , a-de-te _______________ to-]so-de , pe-mo GRA 2 o-da-a₂ ______________ ]a°-de-te , [[e°-k°e° ]] ________________ to-so-]d°e°⸤ ⸥pe-mo GRA 2 o-da-a₂ ______________________ ]n°i°-j°a°-de , __________$deest __________$deest __________$deest to-so-de pe-mo ]GRA 1 o-d°a°-a°₂[ ________________ ]k°e°-me , to-so-de , pe-mo GRA ___ o-]da-a₂ , a-ta-wo-ne-jo , _________ ]p°a°-ra-jo , po-n°e°-to-qe-mi , ___ •-•] ,° to-so-de , pe-mo , GRA 4 o-da-]a₂ , po-se-da-o-no⸤ ⸥do-e-ro , p°a°-[ to-]so-de⸤ ⸥p°e°-m°o°[ ________ GRA ]T ⸤4[
4956	PY Eq 146	PY Eq 146, _ o-da-a₂⸤ ⸥te-re-ta , e-[ ko-ro , to-so-de , pe-mo [[GRA _ ]] _ GRA [ o-da-a₂ , po-ro-te-u , e-ke , to-so-de , pe-mo GRA 1 o-da-a₂ , re-pi-ri-jo , e-ke , to-so-de , pe-mo GRA 1 o-da-a₂ , a-de-me-we , e-ke , to-so-de pe-mo GRA 1 V 3 ____ $vacat ____ $vacat ____ $vacat _____________________________________ [ o-da-]a₂ , [ __ ]-me-no , i-ja-te , o-na-to , e-]k°e° , t°o°-so-de⸤ ⸥pe-mo GRA 1 o-da-a₂ , a-si-wi-jo , r°e°-q°o°-na-to-mo , o-n°a°-t°o° , e°-k°e°[ to-]so-de pe-mo GRA T 7 ____ $vacat ____ $vacat ____ $vacat ___________________________ to-so-de pe-]mo GRA T° 3°
4957	PY Eq 213	PY Eq 213, _ o-wi-de , a-ko-so-ta , to-ro-qe-jo-me-no , a-ro-u-ra , a₂-ri-sa , a-ke-re-wa , o-ro-jo , to-so-de , pe-mo GRA 8 o-da-a₂ , e-ri-no-wo-to , o-ro-jo , to-so-de , pe-mo GRA 2°0° o-da-a₂ , ko-tu-w°o° , o-ro-jo , to-so-de , pe-mo GRA 20 o-da-a₂ , po-ti-ni-ja-we-jo-jo , o-te-pe-o-jo , o-ro-jo , to-so-de , pe-mo GRA 6 o-da-a₂ , ko-no , o-ro-jo , to-so , pe-mo GRA 40 ____ $margo
4958	PY Eq 1452	PY Eq 1452, ____ $sup._$mut. ]s°i° , o°[ _ ]$vacat[ ____ $inf._$mut.
4959	PY Er 312	PY Er 312, _ ] __ $margo ______________ [ wa-na-ka-te-ro , te-me-no ____ [ to-so-jo ______ pe-ma __ GRA 30 ra-wa-ke-si-jo , te-me-no GRA 10 ______ $vacat te-re-ta-o⸤ ⸥t°o°-s°o° p°e°-ma _ GRA 30 to-so-de , te-re-ta __ VIR 3 wo-ro-ki-jo-ne-jo , e-re-mo [ __ to-so-jo , pe-ma _ GRA ⸤6[ ______ $vacat $margo [ ___ ] _ $margo
496	KN Sf(2) 4418	KN Sf(2) 4418, i-qi-ja⸤_⸥ / e-ka-te-jo _ CAPS[
4960	PY Er 880	PY Er 880, _ ]$margo[ ____ ] __ $margo ____ [ _ ]ke-ra₂[ ___ ]ti-me-no , e-ke sa-ra-pe-do[ _ ]pu₂-te-me-no to-so ____ [ ____ ]GRA 30[ _ ] $vacat to-so-de , [ ____ ]to , pe-ma GRA ⸤42[ to-sa , we-je[ _______ ]1100[ to-sa-de , su-z°a°[ ____ ]1°0°0°0°[ _ ] $vac. ______ $vacat ku-su-to-ro-qa , to-s°o° , pe-ma 94 ______ $vacat ______ $margo _________ [ ___ ] $margo
4961	PY Es 644	PY Es 644, _ ko-pe-re-wo , do-so-mo , we-te-i-we-te-i _______ GRA T 7 a-re-ku-tu-ru-wo-no , we-te-i-we-te-i ____________ GRA T 9 V 3 s°e°-no , do-so-mo , we-te-i-we-te-i _______________ GRA T 2 o-po-ro-me-no , do-so-mo , we-te-i-we-te-i _______ GRA T° 1°[ a₃-ki-wa-ro , do-so-mo , we-te-i-we-te-i _________ GRA T°[ we-da-ne-wo , do-e-ro , do-so-mo , we-te-i-we-te-i GRA T° 1 V 2 w°o°[-ro-ti-ja-o ]d°o°-s°o°-m°o° , we-te-i-we-te-i _______ GRA T 3 V 2 ka-ra-i] , do-so[-mo] , we-te-i-we-te-i __________ GRA V 3 a-]ne-o , do-so-mo , we-te-i-we-te-i _____________ GRA T 2 V 3 ru-ko-u-ro do-so-]mo , we-te-i°[-we-]t°e°-i[ ________ GRA __ ]V°[ $qs o-ka] , do-so-mo , we-te-i-we-te-i _______________ GRA T 2 V 1° pi-ro-ta-wo , do-so-mo , we-te-i[-we-]te-i _______ GRA T 2 V[ $qs ku-da-ma-ro , do-so-mo , we-te-i-we-te-i _________ GRA T 2 [ _____ $margo ____________________________________________ [
4962	PY Es 645	PY Es 645, _ se-no __ po-se-da-o-ne do-so-mo _ GRA T 5 *34-ke-te-si , do-so-mo ___________ GRA ___ V 2 we-da-ne-wo , do-so-mo ____________ GRA ___ V 2 _ [ di-wi-je-we , do-so-mo ____________ GRA ___ V 2 [ _______ $margo __________________________________ [
4963	PY Es 646	PY Es 646, ____ ko-pe-re-u , po-se-da-o-ne , do-s°o°-mo , GRA 1 T 5 *34-ke-te-si , do-so-mo ____________________ GRA _ T 1 V 4 we-da-ne-we , do-so-mo _____________________ GRA _ T 1 V 4 di-wi-je-we , do-so-mo _____________________ GRA _ T 1 V 4 ______ $margo
4964	PY Es 647	PY Es 647, _ o-po-ro-me-no , po-se-da-o-ne do-so-mo _ GRA 1 T 7 *34-ke-te-si , do-so-mo __________________ GRA _ T 1 V 2 we-da-ne-we do-so-mo _____________________ GRA _ T 1 V 2 di-wi-je-we , do-so-mo ___________________ GRA _ T 1 V 2 ______ $margo
4965	PY Es 648	PY Es 648, _ a-ne-o , do-so-mo po-se-da-o-ne _ GRA T 5 *34-ke-te-si , do-so-mo ___________ GRA V 1 we-da-ne-wo , do-so-mo ____________ GRA V 1 di-wi-je-we , do-so-mo ____________ GRA V 1 ______ $margo
4966	PY Es 649	PY Es 649, __ a-re-ku-tu-ru-n°o°-ne po-se-da-o-no do-so-mo _ GRA 2 T 3 *34-ke-te-si , do-so-m°o° _______________________ GRA _ T 2 V 4 we-da-ne-we , do-so-mo ________________________ GRA _ T 2 V 4 di-wi-je-we , do-so-mo ________________________ GRA _ T 2 V 4 ______ $margo
4967	PY Es 650	PY Es 650, _ ki-ri-ti-jo-jo , ko-pe-re-u e-ke , to-so-de pe-mo _____ GRA 6 a-re-ku-tu-ru-wo ,° __________ e-ke ,° to-so-de pe-mo _____ GRA 7 se-no _______________________ e-ke to-so-de , pe-mo ,° ___ GRA 1 o-po-ro-me-no _______________ e-ke to-so-de ,° pe-mo _____ GRA 4 a₃-ki-wa-ro , a-te-mi-to , do-e-ro e-ke to-so-de pe-mo __ GRA 1 we-da-ne-wo , do-e-ro ____________ e-ke to-so-de pe-mo __ GRA T 4 wo-ro-ti-ja-o ____________________ e-ke to-so-de pe-mo __ GRA 2 ka-ra-i _ e-ke , to-so-de pe-mo _________________________ GRA T 3 __________ a-ne-o e-ke to-so-de _ pe-mo _________________ GRA 1 T 5 → ru-ko-wo-ro ____ e-ke to-so-de pe-mo __ GRA 1 T 4 o-ka ___________ e-ke to-so-de pe-mo __ GRA 1 T 2 pi-ro-ta-wo ____ e-ke to-so-de pe-mo __ GRA 1 T 2 ku-da-ma-ro ____ e-ke to-so-de pe-mo __ GRA 1 T 2 pi-ro , te-ko-to e-ke to-so-de pe-mo __ GRA [[ _ ]] ________ $vacat ________ $vacat ________ $margo
4968	PY Es 651	PY Es 651, _ pi-ro-ta-wo , do-so-mo , po-se-da-o-ne _ GRA T 7 *34-ke-te-si , do-so-mo __________________ GRA V 3 we-da-ne-wo , do-so-mo ___________________ GRA V 3 di-wi-je-we , do-so-mo ___________________ GRA V 3 ______ $margo
4969	PY Es 652	PY Es 652, _ ku-da-ma-ro do-so-mo] , po-se-da-o-ne _ GRA T 7 *3°4°[-ke-te-si do-so-mo ] ________________ GRA V 3 we-da-ne-wo[ do-so-mo ] _________________ GRA V 3 di-w°i°[-]j°e°-w°e°[ do-so-mo ] _______________ GRA V 3 $vacat [ __________ ] $vacat ______ $margo
497	KN Sf(2) 4419	KN Sf(2) 4419, ]i-qi-ja / a-na-i-ta _ CAPS 80
4970	PY Es 653	PY Es 653, _ a₃-ki-wa-ro , po-se-da-o ,° do-so-mo _ GRA T 6 *34-ke-te-si , do-so-mo _______________ GRA _ V 2 we-da-ne-wo , do-so-mo ________________ GRA _ V 2 di-wi-je-we , do-so-mo ________________ GRA _ V 2 ______ $margo
4971	PY Es 703	PY Es 703, _ we-da-ne-wo , do-e-ro , po-se-da-o-ne _ GRA T 3 *34-ke-te-si , do-so-mo _________________ GRA _ V 1 we-da-ne-wo do-so-mo ____________________ GRA _ V 1 _ di-wi-je-we , do-so-mo ________________ GRA _ V 1 ______ $margo
4972	PY Es 726	PY Es 726, _ ka-ra-i , do-so-mo , po-se-da-o°[ ___ GRA T ]2°[ *34-ke-te-si , do-so-mo ______________ GRA V 1 we-da-ne-wo , do-s°o°-mo _______________ GRA V 1 di-wi-je-we , do-s°o°-mo _______________ GRA V 1 _____ $margo
4973	PY Es 727	PY Es 727, o-ka , do-so-mo , po-se-da-o-ne __ GRA T 7 *34-ke-te-si , do-so-mo __________ GRA V 3 we-da-ne-wo do-so-mo _____________ GRA V 3 di-wi-je-we , do-so-mo ___________ GRA V 3 _____ $margo
4974	PY Es 728	PY Es 728, _ wo-ro-ti-ja , do-so-mo , po-se-da-o-ne _ GRA T 8 *34-ke-te-si , do-so-mo __________________ GRA _ V 4 we-da-ne-wo , do-so-mo ___________________ GRA _ V 4 di-wi-je-we , do-so-mo ___________________ GRA _ V 4 _____ $margo
4975	PY Es 729	PY Es 729, ___ ru-ko-u-ro , do-so-mo , po-se-da-o-ne _ GRA T 7 *34-ke-te-si , do-so-mo ___________________ GRA V 3 we-da-ne-wo , do-so-mo ____________________ GRA V 3 di-wi-je-we , do-so-mo ____________________ GRA V 3 _____ $margo
4976	PY Fa 16	PY Fa 16, i-qo _ CYP+$O 8 T 2 V 1°[[ _ ]]
4977	PY Fa 1195	PY Fa 1195, HORD 13[ ]T° 3
4978	PY Fg 253	PY Fg 253, ]t°o°-so-ro GRA 192 T 7 [ ________ ] $NI 192 T 7 [
4979	PY Fg 368	PY Fg 368, ke-sa-da-ra GRA 5° $NI 5
498	KN Sf(2) 4420	KN Sf(2) 4420, _________ a-re-ki-si-to-jo , o-pa i-qi-ja / a-na-ta , a-na-mo-to , ___ CAPS 80 → [[_______________________]$vest.[____________]] [[a°-m°o°-t°a°[ ______________ ]a°[ ______________]]
4980	PY Fg 374	PY Fg 374, a-re-po-zo-o , ko-ka-ro ______ GRA 1 $NI 1
4981	PY Fg 828	PY Fg 828, ke-sa-da-ra _ GRA 5
4982	PY Fn 7	PY Fn 7, _______________________ ]2 OLIV T 2 _______________________ ] _ OLIV T 1°[ to-]k°o°-d°o°-mo H°O°R°D° [] Z 3 ___ VIR 2°0[ pi-ri-e-te-re HORD []Z 3 ___ VIR 5 pa-te-ko-to[ ]H°O°R°D°[ ]V° 2 [ ___ ] $vac. [[ ___________ $vestigia ______________ ]] qa-ra₂-te , o[-pi-me-]n°e°[ ____ ]OLIV 6° pa-ka , o-pi-m°e°-n°e° , [ pa-te-ko-to , o-pi-me-ne [ pi-ri-e-te-si , o-p°i°-m°e°-ne[ ]H°O°R°D° 1° T 7°[ to-ko-do-mo , o-p°i°-me-ne[ ]H°O°R°D° 7°[ _ ]5 _____ $margo
4983	PY Fn 41	PY Fn 41, ___________________________ ]$margo[ ______________________ HORD ]2 V 4 ______________________ HORD ] V 3 ______________________________ ] $vacat ______________________ HORD ___ _ ]O°L°I°V° T° 3° ____ $deest ____ $deest ____ $deest ____ $deest ____ $deest ____ $deest ____ $deest $vest.[ ta-re-wa _____________ HORD T 6 V 4 OLIV 1 o-pi-te-u-ke-e-we ____ HORD T 5 V 3 tu-wa-si ____ $margo
4984	PY Fn 50	PY Fn 50, a-ki-to-jo , qa-si-re-wi-ja ______ HORD[ $qs ke-ko-jo , qa-si-re-wi-ja ________ HORD [ $qs a-ta-no-ro , qa-si-re-wi-ja ______ HORD T[ $qs me-za-ne __________ HORD V 2 _ a₃-ki-a₂-ri-jo _ V 2[ me-ri-du-te _______ HORD V 3 _ mi-ka-ta __ HORD V 3 di-pte-ra-po-ro ___ HORD V 2 _ e-to-wo-ko _____ V 2 a-to-po-qo ________ HORD V 2 _ po-ro-du-ma-te _ HORD V 2 o-pi-te-u-ke-e-we _ HORD V 2 _ i-za-a-to-mo-i _ HORD V 3 ze-u-ke-u-si ______ HORD V 4 $vac. [ _ ] $vacat au[-ke-i-]ja-te-wo , do-e-ro-i _ HORD T 1 mi-jo[-qa ] do-e-ro-i __________ HORD V 3 a-pi-e°-r°a°⸤ ⸥do-e-ro-i ___________ HORD V 3 [•]-w°o°[-•-]ne[ do-e-ro-]i ________ HORD T 3 _ [ ________ $vacat ____________________________ [ ________ $vacat ________ $vacat ________ $vacat _ ] ____ $margo
4985	PY Fn 79	PY Fn 79, _______ $margo _ a₃-pu-ke-ne-ja _____________ HORD T 6 V 4 OLIV 1[ a-ki-re-we ___________________ HORD T 5 du-ni-jo , ti-ni-ja-ta _______ HORD V 5 to-sa-no _____________________ HORD T 6 V 4 OLIV 1 ne-e-ra-wo ___________________ HORD T 6 V 4 OLIV 1 a-e-se-wa ____________________ HORD T 6 V 4 OLIV 1 ka-ra-so-mo __________________ HORD V 5 _ [[OLIV _ ]] wa-di-re-we __________________ HORD T 2 V 3 OLIV T 7 pe-qe-we _____________________ HORD T 1 V 4 ze-u-ke-u-si , i-po-po-qo-i-qe HORD 1 T 7 V 3 te-ra-wo-ne __________________ HORD V 5 to-wa-no-re __________________ HORD T 6 V 4 OLIV 1°[ e-to-wo-ko-i _________________ HORD T 5 V 1 a-ki-to ______________________ HORD T 2 V 3 OLIV 1 ____ a₃-ki-a₂-ri-jo __________ HORD T 1 V 4
4986	PY Fn 187	PY Fn 187, _ a-pi-te-ja ___________ H°O°R°D°[ $qs __ ] _ $NI 2 po-si-da-i-jo-de _______ HORD[ $qs _ ] __ $NI T 1 ka-ru-ke _______________ HORD [ $qs ] ___ F°A°R°[ p°a°-ki-ja-na-de _________ HORD T 1[ ] ___ $NI T 1 ka-ru-ke _______________ HORD T 1 V 3 __ $N°I° T 1 V 3 de-do-wa-re-we _________ HORD T 1 ku-ri-na-ze-ja _________ HORD T 2 ______ $NI T 2 u-po-jo-po-ti-ni-ja ____ HORD T 5° ______ $NI T 4 o-pi-tu-ra-jo __________ HORD T 3 au-to-*34-ta-ra ________ HORD T 1 a-ma-tu-na _____________ HORD T 1 te-qi-ri-jo-ne _________ HORD V 3 u-do-no-o-i ____________ HORD V° 3 po-te-re-we ____________ HORD T° 4 ______ $NI T 4 a-ke-ti-ri-ja-i ________ HORD T 1 V 3 ka-ru-ke _______________ HORD T 1 V 3 i-so-e-ko ______________ HORD T 2 [[V° 3]] po-si-da-i-je-u-si _____ HORD T 1 V 3 *34-ke-ja ______________ HORD T 1 V 3 __ $NI [ a-ro-ja _______________ [HORD ]V 3 ka-ru-ke _______________ H°O°R°D° T° 1° V° 3 _____ $vacat ___________ [ __ ] _ $vacat _____ $margo ___________ [ __ ] _ $margo
4987	PY Fn 324	PY Fn 324, __ e-ti-me-de-i , _ HORD T 2 V 3 __ te-wa-jo , ______ HORD T 2 [ _ ]mo-ke-re-we-i __ HORD T 1 ______ qo-re-po-u-ti , _ HORD T 2 V° 4° [•]-re-j°o°-de , ____ HORD T 1 V 2 __ a-*64-jo , ______ HORD T 1 V 2 se-we-ri-wo-wa-zo , HORD T 1 V 2 __ a-ka-ma-jo , ____ HORD T 1 V 2 o°[-•-]ke-we , _____ HORD T 3 ______ o[-•-]k°e°-te-i ___ HORD T 1 V 2 __ ]de-ra-wo , ____ HORD T 1 V 2[ ] ne-qa-sa-ta , ___ HORD T 1 V 2 __ ]-me-ni-jo , ___ HORD T°[ ]V 2 __ i-ja-me-i , _____ HORD T 1 V 2 __ ]ru-[ ______ ] _ HORD T° 1 V 2 __ o-pe-ro , _______ HORD T 1 V 2 ____________ ] _____________ $vacat ____ ]we , [ ____ ] HORD T 1 ______ pa-ra-ke-se-we , _____ HORD V 3 ____ ]$v.[ ] , [[$v.]] [HORD ___] ______ pi-ja-ma-so , ________ HORD T 1 _________ ]wo-ni , _ H°O°R°D°[ $qs] ____ a-ta-o⸤ ⸥ti-nwa-si-jo , HORD T 1 V 2 ___________________ ]HORD[ ]T 1 ___ re-wa-o , ____________ HORD T 1 V 2 _________ ]$vac. [ ] $v. [ ] _______________ $vacat __________ ]HORD[ $qs] a°[ ___________ ], HORD V 1 po-no-qa-ta , HORD V 1 _ ]-re-k°a°[ HORD ] V 2 Z 2 ke-ro-u-te[ ] HORD V 2 o-qa-wo-ni , HORD V 1 _ ]-ta-ki-jo , HORD V 2 __ pi-re-t°a° , _ HORD V 1 __________ $vacat __________ $vacat __________ $vacat __________ $vacat __________ $vacat $vac.[ _ ]te-pi-ja-qe , HORD [ ]2 to-qi-da-so , HORD V 2 $vac.[ __ ] $vacat $vac.[ __ ] $vacat _____ e°-u°-ru-po-to-re-mo-jo , do-e-ro-i HORD T 1 _ [ _ ] ____________ V 2 ______________________ [ k°o°-pa-wi-jo HORD T 1 [ __________ $margo _____ [ → ke-sa-me-no , ke-me-ri-jo _ HORD T 2 ___ $reliqua_pars_sine_regulis
4988	PY Fn 837	PY Fn 837, $margo [ pi-ri[ _____________________ HORD i-na-[ _____________________ HORD e-ri-[ _____________________ HORD a-k°o°-[•]-ta _ [ ____________ HORD i-je-re-u , a-ti[ __________ HORD pu-ko-ro _______ [ _________ HORD a[-•-•-]na _____ [ _________ HORD ________ $inf._$mut. → ____ $deest ____ $deest _______________________ ] 1 _____ ] $vacat [ ____ ] $vacat ____ $vacat ____ $vacat ____ $vacat $reliqua_pars_sine_regulis ________ $inf._$mut.
4989	PY Fn 867	PY Fn 867, __ $sup._$mut. $v.[ i-qe[ ________________________ HORD pa-na-re-jo _ [ ______________ HORD a-ki-to-jo , qa[-si-re-wi-ja _ HORD mi-jo-qa , do-e-r°o° [ _________ HORD do-ri-je-we ______________ [ _ HORD me-ri-du-ma-si ___________ [ _ HORD ____ $margo ___________________ [ → __ $sup._$mut. ___ $deest ___ $deest ___ $deest ___ $deest __ ]$vacat[ _ ] $vacat [ ] _ $margo _ [
499	KN Sf(1) 4421	KN Sf(1) 4421, i-qi-ja , a-na-mo-to , a-ja-me-na _ CAPS 24°
4990	PY Fn 918	PY Fn 918, ______ ] $margo HORD T ]6 V 4 OLIV 1 HORD ]T° 2 V 3 OLIV T 5° HORD __ ] V 3 [ HORD T ]4⸥ V 4 OLIV 1°[ HORD __ ] V 4 ______ $inf._$mut.
4991	PY Fn 965	PY Fn 965, __ $sup._$mut. HORD T ]4 V 4 OLIV 1 HORD T ]5° [ HORD ]T° 6 V 4[ HORD ]1 T 1 V[ $qs HORD ]1 T°[ $qs __ $inf._$mut.
4992	PY Fn 966	PY Fn 966, _ $sup._$mut. _______ ] $vacat HORD T ]1 V 3 _ $inf._$mut.
4993	PY Fn 970	PY Fn 970, _ $sup._$mut. __ ]s°o°-[ _ HORD ]mi-ka[ __ HORD _ $inf._$mut.
4994	PY Fn 972	PY Fn 972, $sup._$mut. ] _ HORD[ $inf._$mut.
4995	PY Fn 973	PY Fn 973, $sup._$mut. ]$vest.[ ]a°₃[ _ HORD $inf._$mut.
4996	PY Fn 974	PY Fn 974, ] $margo [ ] HORD 1°[ $inf._$mut.
4997	PY Fn 975	PY Fn 975, ______ ] $margo HORD T ]4 V 1 HORD T ]1 V 2[ ] $v.[ HORD ___ ]V° 4 OLIV[ _______ ]$vac.[ _____ $inf._$mut.
4998	PY Fn 979	PY Fn 979, $sup._$mut. ]te-j°e°[ _ HORD $inf._$mut.
4999	PY Fn 989	PY Fn 989, _ $sup._$mut. pa-u-ta[ HORD $vacat[ _ $inf._$mut.
5	KN Nc 4479	KN Nc 4479, ]da-so _ $SA _ M 1
50	KN Nc 8542	KN Nc 8542, _ $sup. $mut. ]k°a° [ _ $inf. $mut.
500	KN Sf(1) 4423	KN Sf(1) 4423, ]i-qi-ja , a-na-mo-to , a-na-to _ CAPS 56°[
5000	PY Fr 343	PY Fr 343, ________________________________ e-ti-we , pa-ki-ja[ ____ po-]se-da-o-ne re-ke-to-ro-te-ri-jo _ OLE+$P°O°[ $qs
5001	PY Fr 1184	PY Fr 1184, ko-ka-ro , a-pe-do-ke , e-ra₃-wo , to-so e-u-me-de-i __________ OLE+$WE 18 pa-ro , i-pe-se-wa , ka-ra-re-we 38 _________ $margo
5002	PY Fr 1194	PY Fr 1194, ]de OLE+$A° V 1 O°L°E°[
5003	PY Fr 1198	PY Fr 1198, ]$A°+$R°E°+$P°A° 2 S 1 V 5
5004	PY Fr 1200	PY Fr 1200, pa-ko-we , a-e-ti-to[ __ OLE
5005	PY Fr 1201	PY Fr 1201, ku-su-p°a° ,° t°o°-so OLE+$PO 1°4 V 2[ ]$vacat
5007	PY Fr 1202	PY Fr 1202, ______________________________________________ V 4 _________________ , pa-ko-we me-tu-wo ,° ne-wo , ma-te-re , te-i-ja OLE+$PA 5 S 1
5008	PY Fr 1203	PY Fr 1203, ku-pa-ro-we , wo-do-we OLE+$PO 1 S 1 V 2
5009	PY Fr 1204	PY Fr 1204, ti-ri-se-r°o°-e , wo-do-we OLE Z 1
501	KN Sf(2) 4424	KN Sf(2) 4424, i-qi-ja / a-ja-me-na _ CAPS 8°
5010	PY Fr 1205	PY Fr 1205, a-pi-qo-ro-i , we-ja-re-pe OLE+$PA S 2 V 4 ________ [
5011	PY Fr 1206	PY Fr 1206, po-ti-ni-ja , a-si-wi-ja , to-so , qe-te-jo O°L°E°+$PA 5 V 4
5012	PY Fr 1207	PY Fr 1207, ]so-de OLE+$A V 3 wo-do-we V 1[ ]V° 1 ______________________ [
5013	PY Fr 1208	PY Fr 1208, wo-]d°o°-we OLE+$PO 3 S 2 V 4
5014	PY Fr 1211	PY Fr 1211, ]-na-de e-ti-we OLE V[ $qs
5015	PY Fr 1212	PY Fr 1212, ] _ OLE S 1
5016	PY Fr 1215	PY Fr 1215, wa-na-ke-te , wa-na-se-wi-jo , we-a-re-pe _ sa-pe-ra[[ __ ]]ra[[ _ ]]
5017	PY Fr 1216	PY Fr 1216, pa-ki-ja-ni-jo-i , pa-ko ___ OLE+$PA 1 V 2 _______ $vacat
5018	PY Fr 1217	PY Fr 1217, _ e-ra₃-wo , pa-ko-we , we-ja-r°e°-p°e°[ re-ke-e-to-ro-te-ri-jo _ pa-ki-ja-na-de _ OLE+$A V 1
5019	PY Fr 1218	PY Fr 1218, _ e-ra₃-w°o°⸤ ⸥we-ja-re-pe , po-r°o°[-wi-to di-pi-si-je-wi-jo ____ OLE+$A S 1 ____ $vacat ____ $vacat ____ $vacat ____ $margo
502	KN Sf(2) 4425	KN Sf(2) 4425, i-qi-]ja / a-na-to _ CAPS[
5020	PY Fr 1219	PY Fr 1219, _____ $vacat wa-no-so-i , po-se-da-o-ne _ OLE+$A V 2
5021	PY Fr 1220	PY Fr 1220, ro-u-si-jo , a-ko-ro , pa-ko-we _ OLE+$PA V 3° di-pi-si-jo-i , wa-na-ka-te _______ OLE+$PA S 1
5022	PY Fr 1221	PY Fr 1221, po-ro-wi-to , wa-na-se-wi-ja ___ OLE+$A S 1
5023	PY Fr 1222	PY Fr 1222, _______________ OLE+$PA V 1 wa-na-so-i , to-no-e-ke-te-ri-jo
5024	PY Fr 1223	PY Fr 1223, ]ti-no-de , e-ra-wo pa-ko-we , we-a-re-pe _ OLE+$A S 2 _ ]wo-do-we-qe we-a-re-pe _ OLE+$A S° 2
5025	PY Fr 1224	PY Fr 1224, ______________ pa-ko-we , e-ti-we pa-ki-ja-ni-jo-jo ,° me-no⸤ ⸥po-se-da-o-ne OLE+$PA Z 2
5026	PY Fr 1225	PY Fr 1225, e-ra₃-wo , u-po-jo , po-ti-ni-ja we-a₂-no-i , a-ro-pa __ OLE+$A S 1
5027	PY Fr 1226	PY Fr 1226, ro-u-si-jo , a-ko-ro , te-o-i , pa-ko-we OLE+$PA V 3 _______ $vacat
5028	PY Fr 1227	PY Fr 1227, wa-na-ka-te , wa-na-so-i , [ ] S 1 V 1
5029	PY Fr 1228	PY Fr 1228, wa-na-so-i , e-re-de __ O°L°E°+$PA V 1
503	KN Sf(2) 4426	KN Sf(2) 4426, ]i-qi-ja / a-ja-me-na _ CAPS 24
5030	PY Fr 1229	PY Fr 1229, ]r°o° __ OLE+$PA V 1
5031	PY Fr 1230	PY Fr 1230, di-wi-jo-de __ OLE+$A V 1
5032	PY Fr 1231	PY Fr 1231, _ po-ti-ni-ja , di-p°i°[-si-]jo-i , t°e°[ ke-se-ni-wi-jo[ ____________ ]OLE S 1[ __ $margo __ [ _______________ ] $margo [
5033	PY Fr 1232	PY Fr 1232, di-pi-si-jo-i , po-ro-wi-to , pa-ko-we _ OLE+$RO S 1 ______ $vacat
5034	PY Fr 1233	PY Fr 1233, ]so pa-ki-ja-na-de OLE+$PA V 1
5035	PY Fr 1234	PY Fr 1234, wa-na[
5036	PY Fr 1235	PY Fr 1235, wa-]na-so-i , wa-na-ka-te , pa-k°o°[-we ]OLE+$PA 1 ]w°a°-na-so-i , po-ti-ni-ja , pa-ko-we OLE+$PA V 3
5037	PY Fr 1236	PY Fr 1236, pa-ki-ja-ni-jo , a-ko-ro , u-po-jo , po-ti-ni-ja , OLE+$PA S 1 V 1 _____ $vacat
5038	PY Fr 1237	PY Fr 1237, _ $sup._$mut. ]t°o°-no ___ [ ___ ] OLE+$A V 1
5039	PY Fr 1238	PY Fr 1238, ]so-de wo-do-we _ OLE S 1
504	KN Sf(1) 4427	KN Sf(1) 4427, ]i°-qi-ja , / a-na-mo-to , a-ja-me-na _ CAPS 3°7[
5040	PY Fr 1240	PY Fr 1240, _ e-ra₃-wo , pa-k°o°[-we di-pi-si-jo , _ e-qo-[ __ OLE+$A _ V 1 ______ [ ____ $margo __________ [
5041	PY Fr 1241	PY Fr 1241, ]qe-te-jo , jo[ OLE ]1° S[ $qs
5042	PY Fr 1242	PY Fr 1242, _ a-ro-pa e-ra₃-wo , e-p°i°[ _ OLE
5043	PY Fr 1243	PY Fr 1243, OLE] V 1
5044	PY Fr 1244	PY Fr 1244, me-ki-to-de[ _ OLE
5045	PY Fr 1245	PY Fr 1245, ______ pa[ ]jo-i _ e°[ _ OLE
5046	PY Fr 1246	PY Fr 1246, ]-we OLE+$PA S[
5047	PY Fr 1251	PY Fr 1251, wa-na-so-i°[ _ OLE
5048	PY Fr 1255	PY Fr 1255, ___ ]z°o°-t°o° ]nu-wi-jo V 1 × [
5049	PY Fr 1338	PY Fr 1338, e-qo-me-ne-[ di-pi-si-jo-i[ _ OLE
505	KN Sf(1) 4428	KN Sf(1) 4428, _ ] wi-ri-ne-o , o-po-qo , ke-ra-ja-pi , o-pi-i-ja-pi i-]qi-ja , / po-ni-ki-ja , me-ta-ke-ku-me-na , _ CAPS 1
5050	PY Fr 1355	PY Fr 1355, te-o-i , a-ro-pa , pu-[ _ OLE
5052	PY Fr 1479	PY Fr 1479, ]O°L°E°+$P°O° 2 S°[ _ ]V°[
5053	PY Gn 428	PY Gn 428, __ ]$vest. , _ [ ] [[$vest.]] [ _ ]$vest.[ ]m°e°-jo , _______ [ ka-ra-te-mi-de _ VIN 1 S 2 [ tu-ra-te-u-si __ VIN S 1 o-ro-ke-we _ VIN S 1 i-d°o°-me-ni-jo ,° _ S 1 _ ki-jo-ne-u-si __ S 1 ___ $vacat ___ $vacat ___ $margo
5054	PY Gn 720	PY Gn 720, _ da-ka-ja-pi , pi-ke-te-i VIN 10 i-ka-sa-ja , ru-ki-jo ____ VIN 9 ___ $vacat ___ $vacat ___ $vacat ___ $vacat ___ $vacat ___ $margo
5055	PY Ja 749	PY Ja 749, to-so-pa _ L 34 M 26
5056	PY Ja 1288	PY Ja 1288, ___ $vac. __ [[ __________________ ]] ka-ra-wi-so _ AES M 4 N 1 P 6
5057	PY Jn 310	PY Jn 310, __ ]a-ke-re-wa , ka-ke-we , ta-ra-si-ja , e-ko-te , ti-qa-jo _ AES M 1 N 2 ___ qe-ta-wo _ AES M 1 N 2 a₃-so-ni-jo AES M 1 N 2 __ ta-mi-je-u __ AES M 1 N 2 e-u-ru-wo-ta AES M 1 N 2 _ e-u-do-no _____ AES M 1 N 2 po-ro-u-te-u _ AES M 1 N 2 wi-du-wa-ko _ AES M 1 N 2 _______ $vacat _ to-so-de , a-ta-ra-si-jo , ka-ke-we[ ] $vacat pa-qo-si-jo 1 __ ke-we-to 1 _ wa[-•-•-]re-u[ 1] $vacat pe-ta-ro 1 _______ $vacat _ to-so-de , do-e-ro , ke-we-to-jo 1 i-wa-ka-o 1 pa-qo-si-jo-jo 1 ____ po-ro-u-te-wo 1 [[a-[ ______ ]] $vacat po-ti-ni-ja-we-jo , ka-ke-we , ta-ra-si-ja , e-ko-te , ]i-ma-di-jo __ AES M 3 _ tu-ke-ne-u ___ AES M 3 _ ] AES M 3 _____ i-wa-ka ____ AES M 3 a-]ta-ra-si-jo , pu₂-s°i°-ja-ko 1
5058	PY Jn 320	PY Jn 320, _ o-re-mo-a-ke-re-u° , ka-ke-we , ta-ra-si-ja , e-ko-te a-mo-ta-jo ___ AES M 5 ____ e-ki-wo _ AES M 4 ka-ka-po _____ AES M 4 ____ k°u°-pi-ri-jo __ AES M 4 ki-ri-*82-jo _ AES M 5 ____ d°e°-we-ro _____ AES M 3 ka-sa-to _____ AES M 3°[ ] __p°e°[-•-]qo-ta _ AES M 5 a-ti-p°a°-mo ___ AES M 1[ _____________ ]u _ AES M 3 wi-tu-ta _____ AES M [ $qs ____________ ] _ AES M 4 _______________________________________ ] $vacat ___ ] $vacat [ _____ ] $vacat [ _________ ] $vacat _ ] ________ $vacat ________ [ _______ ] _ $vacat to-so-de , ka-ko _ AES ___ L[ _______ ]1 _ M 26 ___________ $vacat ___________________________ ] , ka-ke-we _________________________ ]t°a° 1 do-r°o°-jo 1 ________________________ ]-re-u 1 _________________________ ] $margo
5059	PY Jn 389	PY Jn 389, ___ a°-ka-si-jo-ne , ka-ke-we , ta-ra-si-ja , e-ko-te _ pi-ra-me-no AES M 3 ___ ma-u-ti-jo ____ AES M 3 e-do-mo-ne-u AES M 3 ka-ra-wi-ko AES M 1 N 2 _ pi-we-ri-ja-ta _ AES M 1 N 2 sa-mu-ta-jo AES M 1 N 2 _ wa-u-do-no _____ AES M 1 N 2 [[k°a°-r°a°-p°a°-s°o° A°E°S° M°[ ]] ka-ra-pa-so AES M 1 N 2 _ pi-ta-ke-u _______ AES M 1 N 2 mo-re-u ___ AES M 1 N 2 _ ti-ta-[•-]wo _____ AES M 3 to-so-de , _ e-pi-da-to , ka-ko , pa-s°i° _______ AES M 6 [[to-so-de ,° _ ka-ko ___ AES M 27 ]] to-so-de ____ ka-ko ___ AES M 27 ___ $vacat _ to-so-de , a-ta-ra-si-jo , ka-ke-we , te-te-re-u 1 _ pa-pa-jo 1 pi-ro-we-ko 1 a₂-nu-me-no 1 _ ko-so-u-to 1
506	KN Sf(2) 4465	KN Sf(2) 4465, ]  , a-na-mo-ta _ *$245 22 ____ [
5060	PY Jn 410	PY Jn 410, ___________________ ]ta-ra-si[-ja e-ko-te _______ $deest _______ $deest w°e°-[ u-de-wi-ni-j°o°[ __________ AES ]M° 6[ _______ $vacat [ ____________ ]$vac.[ to-so-de , ka-ko , AES [ L ]1° M[ $qs ______ $vacat [ ___ ] ___ $vacat to-so-de , a-ta-ra-si-jo[ ka-ke-we ] [[ _ ]] ke-ro 1 de-ko-to-jo , do[-e-ro __ ] $vacat ______ $margo
5061	PY Jn 415	PY Jn 415, ru-ko-a₂-k°e°-re-u-te , ka-ke-we , ta-ra-si-ja , e-ko-te re-u-ko-ro-o-pu₂-ru AES M 5 a₃-ta-ro AES M 5 wi-du-wo-i-jo AES M 5 ___ ke-ti-ro _ AES M 5 a-me-no _____ AES M 5 ___ pa-pu-so _ AES M 5 a-ka-s°a°-no __ AES M 4 _______ $vacat ]t°o°-so-de [ ] ka-ko[ ] ___ AES [[M]] _ L 1 M 4 ] _____ $vacat to-so-]de , a-ta-ra-si-jo , ka-ke-we _____ [ ] $v. ____ ]me-no 1 na-wa-to 1 e°-te-re-ro 1 [ ] $v. [ ru-ki-jo 1 a-na-te-u 1 ___ [ __ ] $vac. [ _ ] $v. [ _______ $vacat _______ $vacat _______ $margo
5062	PY Jn 431	PY Jn 431, __ a-pe-ke-i-jo , ka-ke-we , ta-ra-si[-ja e-ko-te wi-ja-ni-jo AES M 5 ka-ra-*82[ ______ ]AES M ⸤5[ ] ko-tu-ro₂ _ AES M 5 ma-na-si-we-ko AES M 5 da-m°a°-so ______ AES M 5 __ qe-ta-ko _ AES M 4 a-ko-to-wo ___ AES M 7 u°[-•-]i-jo ____ AES M 6 [[ ___________ ]] ma-wa-si-jo __ AES M 5 qe-t°o°-ro-no ___ AES M 7 qa-si-re-u , a-pi-qo-ta 1 [ ]i°-*65-qe 1 _ to-so-de , ka-ko , _ AES [ ___ L 1 _____ ] M 24 ______ $vacat ______________ [ ______________ ] ____ $vacat to-so-de , a-ta-ra-si-jo , ka-ke[-we _______ ] ____ $vacat a-ta-tu-ro 1 i-ta-ra-jo 1 sa[ _________ 1 __ ] ____ $vacat wi-ja-te-wo 1 no-e-u 1 tu-ri-ja-[•] 1 qe-t°a°-k°o°-jo , do-e-ro 1 a-ka-ma-wo 1 _ e-pe-ke-u 1 _ *82-de 1 _ pu-te-u 1 ko-ne-wa-ta 1 _ qe-to-ro-no 1 _ mo-re-u 1 _ a-e-ri-qo 1 ______ $vacat ______ $vacat _ a-pe-ke-e , ka-ke-we , po-ti-ni-ja-we-jo , ta-ra-si-ja , e-ko-te ko-za-ro AES M 6 __ a-ke-wa-ta AES M 3 __ sa-ke-re-u AES M 6 we-we-si-jo AES M 3 _ ko-ta-wo AES M 3 _ da-u-ta-ro AES M 6 ______ $vacat to-so-de , ka-ko _________ AES M 27 _________________________ [ ________ $vacat [ ________ ] _____ $vacat ____________________ [ to[-so-de ]a[-ta-]ra-si-jo , ka-ke-we , ka-ri-se-u 1 du-ko-so[ 1 ko[ ____________ ]1 e-u-wa-ko-ro 1 ke-we-no 1 a-ta-o 1 _____ [ ________________ ]wa-ti-ro 1 me-ri-wa-[•] 1 ________________ [ ____________ ] i-je-re[-wo ]V°I°R° 10 to-sa-no-jo VIR 5 ______________________ VIR ]1 a-mu-ta-wo-no VIR 31
5063	PY Jn 478	PY Jn 478, wi-j°a°-we-ra₂ , ka-ke-we , ta-ra-si-ja , e-ko-te ko-ro-tu-no _ AES M 4° _ pu-ko-ro[ _ ] _ AES M 3 [ ra-wo-ke-ta _ AES M 4 _ a[-•]-a₂-ro ___ AES M 4 [ di[ _________ AES M ]4[ ]wa-ni-ko _____ A°E°S°[ M ]4 ma-[ ________ AES M ]2[ ] $vacat _____ [ ______ ] $vac. $v.[ _____________ ] __ $vacat ____ [ ___________ ] $vac. to-s°o°[-de ___________ ]ka-ko _ AES M° 2°6° $v.[ ________________ ] ___ $vacat ________________ [ to-so-de , a-ta-ra-si-jo , ka-ke-we e-u-r°o°-t°o°-qo 1 _____ $vacat _____ $margo
5064	PY Jn 601	PY Jn 601, po-wi-te-ja , ka-ke-we , ta-ra-si-ja , e-ko-te wo-di-jo , AES M 6 to-ro-wi AES M 8 _ e-u-po-ro-wo AES M 8 o-qa ___ AES M 4 te-u-to __ AES M 5 pu₂-ti-ja AES M 6 po-to-re-ma-ta AES M 8 [ ]wa-pa-no _ AES M 8 po-so-ro AES M 8 __ mo-da __ AES M 8 _ pe-po-ro AES M 4 o-na-se-u _ AES M 12[ ] $vest.[ _ ]AES M 8°[ ] $vacat ko-to-wa-[ ]AES M 8 ____ t°o°[-so-]d°e° , e-p°i°-da-to AES M 7 qa-si-re-u , pa-qo-s°i°[-jo ]1 to-so-pa , ka-ko _____ [ ]AES __ L 3 M 1⸤4[ ___ $vacat [ ____________ ] $vacat [ _ ] _ $vacat to-so-de , a[-ta-ra-]s°i°-jo[ ka-ke-we _ ]ti-na-jo 1 po-so-ri-j°o° 1°[ _______________ ]ne-wo 1 i-pe-ra-ta 1 sa-nu-[ ___ 1 ________________________ ] $vacat _______ $vacat [ _________________________ ] $vacat _______ $vacat _______ [ _____ ] _ $vacat _ [ _______ $vacat _______ $margo
5065	PY Jn 605	PY Jn 605, __ a-pi-no-e-wi[-jo] ,° ka-ke-we , ta-ra-si-ja , e-ko-te _ to-ri-jo ___ AES M 1 N 2 e-do-mo-ne-u ________ AES M 1 N 2[ mi-ka-ri-j°o°[ ] AES M 1 N 2 pu-ra-ta ______ AES M 1 N 2 u-wa-ta ______ AES M 1 N 2 ka-ta-wa ______ AES M 1 N 2 _______ $vacat a-ta-ra-si-jo , ka-ke-we wi-ti-mi-jo 1 ma-no-u-ro 1 a-we-ke-se-u 1 _______ $vacat to-so-de , do-e-ro pe-re-qo-no-jo 2 a₃-ki-e-wo 2 mi-ka-ri-jo-jo 1 pu-ra-ta-o 1 ________ ] _ $margo _______________________________ [
5066	PY Jn 658	PY Jn 658, _ ka-ke-we , ta-ra-si-j°a° , e°-ko-si e-ni-pa-te-we , we-we-si-jo 1 ______ AES M 5 ma-ka-wo 1 ____ AES M 5 pi-ro-ne-ta 1 _ AES M 5 pa-q°o°-ta 1 ____ AES M 5 au-ta-mo 1 ____ AES M 5 po-ro-u-jo 1 __ AES M 5 o-na-se-u 1 ___ AES M 5 po-]r°o°-ko 1 ___ AES M 5 re-u-ka-ta 1 __ AES M 5 wa-ka-ta 1 ____ AES M 5 o-tu-wo-we 1 __ AES M 5 wo-wi-ja-ta 1 _ AES M 5 pe-re-ta 1 ____ AES M 5 po-ru-e-ro 1 __ AES M° 5 o-pe-ra-no 1 __ AES M 5 a°-tu-k°o° 1 _____ AES M° 5 [[ko-ma-d°o°-r°o° __ AES M° 5° ]] to-so-de , ka-ko _ L 2° M 20 [[5]] to-so-de , a-ta-ra-si-jo ____ $vacat ____ $margo _____________________________ [
5067	PY Jn 692	PY Jn 692, _________________________________ e-ko-te _ na-i-se-wi-jo , ka-ke-we , ta-ra-si-ja ri-ja-ko AES M 6 _ a-pe-te-u AES M 6 _______ $vacat to-so-de , a-ta-ra-si-jo , ka-ke-we ra-ma-jo 1 ma-no-u-ro 1 re-u-si-wo 1 ke-ki 1 r°i°-k°u°-we 1 po-ti-na-jo 1 ______ $margo
5068	PY Jn 693	PY Jn 693, ______ $margo a[-ke-]re-wa , ka-ke-we , ta-ra-si-ja , e-ko-te •[_______]-ro _ AES M 4 _ e-u-wa-re __ AES M 4 _____________ ] AES M 8 ______ $vacat _ a-pu₂-we , ka-ke-we , ta-ra-si-ja , e-ko-te te-u-to ___ AES M 4 ___ o-ke-te-u ____ AES M 4 pe-ri-qo-ta AES M 4 ___ a-me-to ______ AES M 4 _ ta-re-u _ AES M 3 ___ e-u-po-ro-wo AES M 4 tu-ri-jo AES M 3 _____ $angustum ___ a-ta-ra-si-jo , ta-na-wo 1 pe-qe-u 1 ______ $vacat ______ $vacat ______ $margo
5069	PY Jn 706	PY Jn 706, _ ka-ke-we , ta-ra-si-ja , e-ko-si , pa-to-wo-te ke-ta _______ AES M 5 pe-ri-no ____ AES M 3° ku-ri-sa-to _ AES M°[ $qs a-no-me-de __ AES [ $qs qi-si-ja-ko _ AES[ $qs mu-to-na ____ A°E°S°[ $qs ka-ra-u-ko __ A°E°S°[ $qs ma-ra-si-jo [ AES ___ ka-pa-ra₂ ___ AES M 5 a₃-so-ni-jo _ AES M 3° ______ $vacat to-so-de , ka-ko , e-ko-si AES L 1[ __________ ] $vacat _____________ [ _ $vac. [ __________ ] $vacat ____________ [ to-so-de , a-ta-r°a°-si-jo , ka-ri-si-jo 1[ _ ko-a₂-ta _______ 1 ___ ko-do-ro ___ 1°[ ____________ a-ka-ma-wo ____________ 1[ ______ $margo ______________________ [ → ______ $margo to-so-de , do-e-ro _____________ ] _________ 1 _______________ ] _______ 1 ________________ ] ______ 1 _________________ ] _____ 1 __________________ ] ____ 1 ______ $vacat ______ $vacat ______ $vacat ] ____ $vacat _ ] __ $vacat __ ] _ $margo
507	KN Sf(2) 4491	KN Sf(2) 4491, i-qi-ja[
5070	PY Jn 725	PY Jn 725, _ e-ni-pa-te-w°e°⸤ ⸥ka-ke-we , ta-ra-si-ja , e-ko-te te-pe 1 pa-qo-ta[ 1 ]e-ka-no 1 au-ta-mo 1 we-we-si-jo 1 pe-re-qo-no 1 ti-ri-[•] 1°[ ]k°o°-no 1 ma-ka-ta 1 o-na-se-u 1 wi-jo-ro-jo 1 wa-tu-ta 1 o-tu-wo-we 1 po-ro-ko 1 po-ro-u-jo 1 pe-re-ta 1 o-wo-ta 1 o-pe-ra-no 1 o-ru-we-ro 1 a-tu-ko 1 re-u-ka-ta 1 o-wa-ko 1 wo-wi-j°a°-ta 1 ko-ma-do-ro 1 po-so-ra-ko 1° wa-ti-ko-ro 1 i-*65-qe 1 _______ $vacat to-so-]d°e° , ka-ko _ AES __ L 2 M 18 ______ ]$vacat _______ $vacat _______ $vacat _ ]-nu-we-jo , a°-p°i°-jo 1 AES M 5 ne-qe-u AES M 3 _ ]ne-u AES M 1[ ]e-u-me-ne AES M 3 ]e-ru-ta-jo AES M 4 _______ $vacat [[na-i-se-wi-jo , ka-ke-u , ta-ra-si-ja , e-ko-te ]] [[ra-ma-jo 1 ri-ja-ko 1 ma-no-u-ro 1 re-u-si-wo 1 ]] [[ke-ki 1 a-pe-te-u 1 ri-k°u°-we 1 po-ti-n°a°-jo 1 __ ]] [[ ______________ to-so-de , ka-ko AES M 12 _____ ]] [[t°o°-s°o°-d°e° ,° k°a°-k°o° A°E°S° M° 3°0° ________ ]][ _ ] $vacat a-ke-re-wa , ka-ke-we , e-u-ko-me-no 1[ ___ ] $vac. di-nu-wa-ta 1 wa-du-ri-jo 1 o-wi-da 1 [ to-so-de , ka-ko __ A°E°S° M 12 _______________ [ _______ $vacat ____________________ [ _______ $margo ____________________________ [
5071	PY Jn 750	PY Jn 750, ___ a-si-ja-ti-ja , ka-ke-we , ta-ra-si-ja , e-ko-te _ pa-ra-ke-te-e-we , po-so-ro _ AES M 1 N 2 ____ ro-wo _ AES M 1 N 2 a-ti-pa-mo _ AES M 1 N 2 __ e-u-ka-ro _ AES M 1 N 2 ma-ra-ta ___ AES M 1 N 2 __ a-no-ta ___ AES M 1 N 2 na-e-si-jo _ AES M 1 N 2 __ si-ra-ta __ AES M 1 N 2 ka-ra-u-ro _ AES M 1 N 2 __ ra-wo-qo-ta AES M 1 N 2 pa-ku-ro₂ __ AES M 1 N 2 __ ka-ke-u ___ AES M 1 N 2 ko-ma-we ___ AES M 1 N 2 __ e-u-we-to _ AES M 1 N 2[ e-ke-i-ja-ta A°E°S° M 1 N 2 __ mo-re-u [ _ AES ___ wo-wa-ro ___ AES M 1 N 2 [ to-so-de , a-ta-ra-si-jo , du-wo-jo 1 di-ra-wo-no[ 1 e-u-we-to-ro , do-e-ro 1 e[ ______ $margo _________ [
5072	PY Jn 829	PY Jn 829, _ jo-do-so-si , ko-re-te-re , du-ma-te-qe , po-ro-ko-re-te-re-qe , ka-ra-wi-po-ro-qe , o-pi-su-ko-qe , o-pi-ka-pe'-e-we-qe' ka-ko , na-wi-jo , pa-ta-jo-i-qe , e-ke-si-qe , a₃-ka-sa-ma pi-*82 , ko-re-te , _____ AES M 2 _ po-ro-ko-re-te ___ AES N 3 me-ta-pa , ko-re-te ______ AES M 2 _ po-ro-ko-re-te __ AES N 3[ ] $vacat pe-to-no , ko-re-te _______ AES M 2 __ po-ro-ko-re-te ____ AES N 3 pa-ki-ja-pi , ko-re-te ______ AES M 2 _ po-ro-ko-re-te ___ AES N 3 a-pu₂-we , ko-re-te _________ AES M 2 _ po-ro-ko-re-te ___ AES N 3 a°-ke-re-wa , ko-re-te _______ AES M 2 _ po-ro-ko-re-te ___ AES N 3 r°o°-u°-so , ko-re-te __________ AES M 2 _ po-ro-ko-re-te ___ AES N 3 k°a°-ra-do-ro , ko-re-te ______ AES M 2 _ po-ro-ko-re-te ___ AES N 3° ri-]j°o° , ko-re-te ___________ AES M 2 _ po-ro-ko-re-te ___ AES N 3 t°i°-mi-to-a-ke-e , ko-re-te __ AES M 2 _ po-ro-ko-re-te ___ AES N 3 ra-]wa-ra-ta₂ , ko-re-te ____ AES M 2 N 3 po-ro-ko-re-te _ AES N 3 sa-]ma-ra , ko-re-te ________ AES M 3 N 3 po-ro-ko-re-te _____ N 3 a-si-ja-ti-ja⸤ ⸥k°o°-re-te _____ AES M 2 ___ po-ro-ko-re-te _____ N 3 e-ra-te-re-wa-pi , ko-re-te _ AES M 2 ___ po-ro-ko-re-te _____ N 3 za-ma-e-wi-ja , k°o°-re-te ____ AES M 3 N 3° _ po-ro-ko-re-te ___ N 3 e-re-i , ko-re-te ___________ AES M 3 N 3° _ po-ro-ko-re-te ___ N 3 _________ $vacat _________ $vacat _________ $vacat _________ $margo
5073	PY Jn 832	PY Jn 832, _ ro-u-so , ka-ke-we , a-ke-te-re e-ke-ro 1 si-mu-ta 1 ra-u-ta 1 ______ $vacat a-ta-ra-si-jo , ka-ke-we _ ]-ka-no 1 ma-ri-ta 1 ka-ra-u-ko 1 wo-ti-jo 1 $vest. [ wa-na-ta-jo 1 ka-u-s°o°[ 1 [[k°a°-k°o°[ __ ] ___ ]] $vacat [ a-to-mo , ka-ke-we , a-k°e°-te [ pa-qo-si-jo 1 pi-ro-ka-te 1 e-wi-t°e°[-u 1 me-ra-to 1 a-*64-jo 1 a-e-ri'-qe' 1° pa-r°a°-k°e°-te-e-u AES M 3° _____ $vacat a°-t°a°-ra-si-jo , ka-ke-we a-ri-qa 1 o-na-jo 1 si-pa-ta-no 1 a-da-ma-o 1 a-no-ra-ta 1 pu-wa-ne 1 _____ $margo
5074	PY Jn 845	PY Jn 845, __________________ ] $margo ________ ]k°a°-k°e°-we , ta-ra-si-ja , e-ko-te p°o°-ru-qo-ta ___ AES M 1 N 2 sa-ri-qo-ro _ AES M 1 N 2 pu-ke-se-ro ___ AES M 1 N 2 re-qo-we ____ AES M 1 N 2 qe-ta-ra-je-u __ AES M 1 N 2 du-re-u ____ AES M 1 N 2 a-pa-je-u _____ AES M 1 N 2 pa-pa-ra-ko _ AES M 1 N 2 [[ _________________________________________________ ]] _ e-ri-ko-wo , qa-si-re-u 1 _ to-so-de , ka-ko _ AES M 12 ______ $vacat _ to-so-de , a-ta-ra-si-jo po-so-ro 1 na-pu-ti-jo 1 ma-ta-ko 1 ku-ke-re-u 1 a-ti-ja-wo 1 wa-ra-ko-no 1 qe-re-me-ne-u 1 ______ $margo
5075	PY Jn 881	PY Jn 881, _ e-re-e-we , o-pi-ko-wo ___ AES M 1 o-pi-su-ko _________________ AES M 4 N 2 ______ $vacat ]qa-te[ __ ] , ke-ro-te ____ AES M 2 ________ ]ja , k°e°-r°o° ______ [ ______ ]$v. ______________ ]jo , a-to-mo[ ______ $deest ______ $deest __________________________ ] AES N 3 __________________________ ] AES M 1 $vacat [ ____________________ ] $vacat $vacat [ _____________________ ] $vacat $margo [ _______________________ ] $margo
5076	PY Jn 927	PY Jn 927, ________ ]m°e°-no , ka-ke-we , ta-ra-si-ja , [e-]k°o°-te _____________ AES ]N 2 _____ we-ke-i-jo[ ____ ]A°E°S° M 1 N°[ ]2 _____________ AES ]N 2 _____ ke-da-si[ ______ ]AES M 1[ _____________ AES ]M° 1 N 2 _ o-wa-[ _________ ]AES M 1 N°[ $qs ____________ ]A°E°S° M 1 N 2 __ a-pa-sa-[ ______ ]AES M 1[ ____________ ]A°E°S° M 1 N 2 __ e-pa-ta[ ________ AES _____________ AES M] 1 N 2 _ pa-[ ____________ AES ______________________ ] $vac. [ ________ $vacat [ ______ ]$v.[ _ to-so-de , a-ta-ra-si-j°o°[ ]k°a°-ke-we _________ [ a-tu-ko 1 _ o-pi-si-jo 1[ ____ ]ta-jo 1 _ e-ri-ko-w°o°[ 1 e-pi-ta-jo 1 _ i-mo-ro-ne[-u 1 ___________________ $deest ______________ ] __ $margo __ [
5077	PY Jo 438	PY Jo 438, ___________________________________ ] $margo _________________________________ ]ko-re-te t°e°-k°o°[ _____________________________ ]AUR M 1 e-re-t°a°[ ___________________________ ]A°U°R° N 1 po-ro-ko-re[-te ____________________ ]A°U°R° N 2° do-ri-ka-o , mo-r°o°[-qa ______________ AUR ]N 1 ru-ro , mo-ro-qa ____________________ AUR [_] 1 ne-da-wa-ta _________________________ AUR [ $qs ]$v. e-ke-me-de __________________________ AUR N[ $qs ]$v. ro-]u°-so , ko-re-te _________________ AUR P ⸤4[ _ ]$v. pa-ki-ja-ni-j°a°[ ko-]r°e°-t°e°[ _________ ]AUR P 4[ __ ]$v. _ ×° a-pu₂-ja , ko-r°e°-t°e°[ _______________ ]AUR P 5° ka-ra-do-ro , ko-re-t°e°[ ___________ ] AUR P 5 _________ × __ ]$vest.[ ]k°o°-re-t°e°[ __ ] __________ AUR P 5 _________ × ___ ]ki[ ___________________ ] ______ AUR N 1 ____________________ ]ma ____________ AUR P° 6 _________ × wo-no[ _________ ]ma ________________ AUR N 1 qo-wo[ _________ ]mo-r°o°[-qa ] _______ AUR N 1 a-ka-wo _____________________________ AUR P 3 _________ × e-re-e , po-ro-ko-re-te _____________ AUR P 3 _________ × a-ke-ro , qa-si-re-u ________________ AUR P 3 _________ × te-po-se-u , ti-nwa-si-jo ko-re-te __ AUR N 1 po-ki-ro-qo _________________________ AUR N 1 au-ke-wa ____________________________ AUR N 1 ti-mi-ti-ja , ko-re-te ______________ AUR P 6 i-te-re-wa __________________________ AUR P 6 _________ × pi-*82 ______________________________ AUR P 6 _________ × _ e-ra-te-re-wa-o , ko-re-te ________ AUR P 6 __ a-ke-re-wa , ko-re-te ____________ AUR P° 5[ _ ]$v. __ ×° ____ $margo po-so-ri-jo p°o°[-ro-]d°a°-ma AUR P [ ] ×[ ___ ]-jo a-to-mo AUR P 3 ×
5078	PY La 622	PY La 622, _ ]-k°o° ,° a-ro-te 5 e-d°e°[ a°-ka[-]i-jo 2 ki-wi-r°i°[ ↓ pe-[ __ ]wa-na-ka-to 8 [ _ ]141 M 1°[ _ ]$vest. _ [
5079	PY La 623	PY La 623, po-to-ro-wa-pi , [ _ ]pte-we 34°[ ↓ ko-u-ra ^2°TELA^2°+$PA[ $qs ] $vacat
508	KN Sf(2) 5106	KN Sf(2) 5106, i-]q°i°-ja / a-ja-me-[
5080	PY La 624	PY La 624, pa-ko-wa TELA+$TE[
5081	PY La 626	PY La 626, ____ $sup._$mut. ]*$1°6°6° 2 a-*3°4°-t°o° 3°[ ]a-ro-ta ^3TELA^2°+$PA 1 ↓ ]$K°U° 1 $O 1 ____ $inf._$mut.
5082	PY La 627	PY La 627, ] , te-ro-a , a-ro[
5083	PY La 628	PY La 628, ]t°i° *$160 10[
5084	PY La 630	PY La 630, ko-]u-ra ]a°-ro-ta ^3TELA^3+$PA 1[ ↓ ]do P 7 $PE 4°[
5085	PY La 631	PY La 631, ]pi-ku-e-wi[ ↓ ]8° M[
5086	PY La 632	PY La 632, pa-wo-ko LANA[
5087	PY La 633	PY La 633, ti-nwa-ti[
5088	PY La 635	PY La 635, mo-ro-ko-wo-wo-pi LANA[
5089	PY La 640	PY La 640, ]*$1°6°6°+$W°E° 62 *$160 13
509	KN Sf(1) 7450	KN Sf(1) 7450, _ $sup. $mut. ] , a-na-mo-to[
5090	PY La 994	PY La 994, $sup._$mut. ]L°A°N°A° [
5091	PY La 1393	PY La 1393, ]s°a°-to , a-ri-wo , ta-ra-[ ]TELA+$T°E° 40 ____________ [
5092	PY La 1394	PY La 1394, ]TELA^2+$P°U° 104[
5093	PY Ma 90	PY Ma 90, me-ta-pa ______ *$146 28 ______ $RI M 28[ ] _______ $KE M 8 ________ *$152 12 ___________ $O M 6 ________ $ME 600 ____________________________________________ *$152[ ]1 o-da-a₂ , ka-ke-we , o-u-di-do-si *$146 1 $RI M 1[ ] ku-re-we , o-u-di-do-si *$146 4 $RI M 4 *$152 2 $KE M° 1 N 2 $ME 100
5094	PY Ma 120	PY Ma 120, pe-to-no ____ *$146 63 _____ $RI M 63 ________ *$152 27 _____ $KE M 17 __ [$O M 1]4° _____ $ME 135°0 $o°[ $qs __ o-da-a₂ , ka-ke-we , o-u-di-do-si _ *$146 2 $RI M 2 _ *$152[ $qs ___________ ] $O[ M $qs ] _ $ME
5095	PY Ma 123	PY Ma 123, _ ti-mi-to-a-ke-e ___ *$146 24 ___ $RI M 24 ___ $KE M 7 __ *$152 10 ___ $O M 5 ___ $ME 500 a-pu-do-si _ *$146 21 $o 2 _____ $RI M ________ $KE M _____ *$152 ______ $O M _____ $ME o-da-a₂ , ka-ke-we , o-u-di-do-si _ *$1°4°6° 1 $RI M 1 [[ _________ ]] $ME 10
5096	PY Ma 124	PY Ma 124, a-pu₂-we ____ *$146 23 _____ $RI M 23 ___ $KE M 7 ___ *$152 10 __ $O M 5 __ $ME 500 o-da-a₂ , ka-ke-we , o-u-di-do-si _ *$146 1 $RI M 1 _ *$152 1 _ $ME 20
5097	PY Ma 126	PY Ma 126, _______________ i-na-ma-ta pe-ru-si-nu-wa , si-re-wa , o-pe-ro , do-si-mi-ja *$146 3 ________ $RI M 1° ____ $KE M 1 _
5098	PY Ma 193	PY Ma 193, ri-jo _ *$146 17 ______ $RI M 17 _ $KE M 5 _ *$152 7 __ $O M 4 _ $ME 362 pe-ru-si-nu , o-pe-ro *$146 2 __ $O M 4 ______ $ME 362 __ o-da-a₂ , ka-ke-we , o-u-d°i°-do-si *$146 4 $RI M 4° $ME 40 o-da-a₂ , pe-ra₃-qo *$146 1 *$152 1[ ]$M°E° 1°0°[
5099	PY Ma 216	PY Ma 216, ra-wa-ra-ta₂ ______ *$146 70 ______ $RI M 70 _ $K°E° M° 20 ___ *$152 30 ____ $O M 20 ______ $ME 15°00[ __ $vacat pe-ru-si-nu-wo , o-pe-ro _ *$146[ __________ ] $KE M 1° _ [[M]] *$152 $o 3 _ O-pe-ro M 2
51	KN Nc 8555	KN Nc 8555, k°u°-[
510	KN Sf 7451	KN Sf 7451, _ $sup. $mut. ]a°-na-i-ta[
5100	PY Ma 221	PY Ma 221, pa-ki-ja-pi ___ *$146 22 _____ $RI M 22 ______ $KE M 7 ______ *$152 10 _________ $O M 4[ ] _ $ME 400[ _ o-da-a₂ , ka-ke-we , o-u-di-do-si , _ *$146 1 __ $RI M 1 _ *$152 1 __ $O M 1 _ $ME 20 _____________ [
5101	PY Ma 222	PY Ma 222, _ a-ke-re-wa _ *$146 23 __ $RI M 23 _ $KE M 7 __ *$152 10 ___ $O M 5 __ $ME 500 a-pu-do-si ___ *$146 10 $o 13 $RI M 22 $o M 1 $KE M 7 *$152 8 $o 2 _ $O M 5 $ME 500 [ _ $vacat _________________________________________________________________ [
5102	PY Ma 225	PY Ma 225, pi-*82 ____ *$146 28 ______ $RI M 27°[ _________ ] $KE M 8 ____ *$152 22 ___ $O°[ M 6 __ ]$ME 600 ________ re-u-ko-to-ro _____________ za-we-t°e° pe-ru-si-nu-wa , o-pe-ro ,° $RI M 2 _ o-da-a₂ , ka-ke-we , o-u-di-do-si , $o *$146 1 $RI M 1 $ME 16
5103	PY Ma 244	PY Ma 244, a-te-re-wi-ja _ *$146 23 _ $RI M 23 _ $KE M 4[ ] __ *$152 10 ____ $O[ M ]3⸥ _ $ME 400[ _________ $vacat __________________________________ [ _________________ ] $vac. [
5104	PY Ma 330	PY Ma 330, e-sa-re-wi-ja _____ *$146 42 _ $RI M 42 _ $KE M 12 _ *$152 18 _ $O M 8 _ $ME 900 [ pe-ru-si-nu-wo _ o-pe-ro _ *$152 6 __________________________________________ [ ____ $vacat ________________________________________________________________ [
5105	PY Ma 333	PY Ma 333, e-ra-te-re-we _ *$146 46 _ $RI M 46 _ $KE M[ 13 ]*$1°5°2°[ 20 _ ]$O° M 10 _ $ME 1000[ ______ $vacat __________________________ [ _____________ ] ___ $vacat _____ [
5106	PY Ma 346	PY Ma 346, ka-ra-do-ro _ *$146 18 _____ $RI M 18 ____ $KE M 4 ___ *$152[ 8 ____ $O M 4 _ ]$ME 400 __ a-pu-do-si _ *$146 14 $o *$146 4 $RI M 16 $o 2 _ $KE M 4 _ *$152 8 _ $O M 4 __ $ME 440[ ____ $vacat ______________________________________________________________________ [
5107	PY Ma 365	PY Ma 365, ro-u-so _____ *$146 17 ___________ $RI M 14[ ] ______ $KE M 5 ____ *$152 8 _____ $O M 4 _ $ME o-da-a₂ , ka-ke-we , a₂-te-ro , we-to , di-do-si _ *$146 1 ___ $RI N 2 __ $ME 10
5108	PY Ma 378	PY Ma 378, sa-ma-ra ____ *$146 24 ____ $RI M 24 ___ $KE M 7 ____ *$152 10 ____ $O M 5 _________ $ME 500 __________________________________ *$152 2° _______________ $ME 60 _ o-da-a₂ , ka-k°e°-we , o-u-di-do-si _ *$146 3 $RI M 3 $KE M 1 ____ pe-ru-s°i°-nu-wo , o-pe-ro *$146 1 *$152 2 $ME 100
5109	PY Ma 393	PY Ma 393, _ ]z°a°-ma-e-wi-ja _____________ *$146 28 __ $RI M 2°8 _ $KE M 8 _ *$152 12 _ $O M 5 _ $ME 600 ]a°-pu-do-si *$146 20 a-ne-ta-de *$146 1 _ $RI M 21 _ $KE M 5 $o° M 1 _ *$152 8 _ $O M 6 _ $ME 450 _______ o-da-a₂ , ma-ra-ne-ni-jo , o-u-di-do-si *$146 7 _ $RI M 7 _ $KE M 2 _ *$152 3 _ $O M 2 _ $ME 150
511	KN Sf 7723	KN Sf 7723, a-]ja-me-na __ [ ]a°-na-mo-ta __ [
5110	PY Ma 397	PY Ma 397, _ a-[•]-ta₂ ______ *$146 24 ___ $RI M 24 ____ $K°E° M 2[ _ *$152 10 _ $O M 5 ] $ME 500 [ pe-ru-si-n°u°-wo , o°-pe-ro ___ *$152 1 _____ $O M 1 ___ [ ________________ ] $vacat _ [ o-da-]a°₂[ ]k°a°-ke-we , o-u-di-do-s°i° , *$146 2 _ $RI _ 2 _ *$152[ 1 _____ $ME ]2°5 __ [
5111	PY Mb 1336	PY Mb 1336, ]jo *$146 1°1°[
5112	PY Mb 1363	PY Mb 1363, ]a°-ki-ri *$146[
5114	PY Mb 1365	PY Mb 1365, ]ke-do-jo-no[ ]i-jo *$146 4 [
5115	PY Mb 1366	PY Mb 1366, di-wi-jo *$146 2
5116	PY Mb 1376	PY Mb 1376, a₃-me-wa[ ______ ]*$1°4°6° 5
5117	PY Mb 1377	PY Mb 1377, wa-a₂-te-pi , ne[ __ *$146
5118	PY Mb 1378	PY Mb 1378, a-ke-o[ __ *$146
5119	PY Mb 1379	PY Mb 1379, pa-ro na-me[ __ *$146
512	KN Sf 8520	KN Sf 8520, i[-qi-ja?
5120	PY Mb 1380	PY Mb 1380, ke-sa-da-ra , [ __ *$146
5121	PY Mb 1381	PY Mb 1381, ]ne-ja , ne-wa [ _ *$146
5122	PY Mb 1383	PY Mb 1383, ]-no-wi-jo [ __ *$146
5123	PY Mb 1387	PY Mb 1387, ]a°-ki-ri-jo [ __ *$146
5124	PY Mb 1396	PY Mb 1396, a-pi-no-e-wi-jo _ *$146 2
5125	PY Mb 1397	PY Mb 1397, a₃-ki-po-de *$1°4°6°[
5126	PY Mb 1398	PY Mb 1398, ro-u-so __ *$146[
5127	PY Mb 1399	PY Mb 1399, ]de *$146 11 [
5128	PY Mb 1400	PY Mb 1400, ]*$146 2 [
5129	PY Mb 1401	PY Mb 1401, pa-ro , ka-wa-ti-r°o°[ _ *$146
513	KN Sg 884	KN Sg 884, ]e-na-ri-po-to _ CAPS[
5130	PY Mb 1402	PY Mb 1402, ]-ka-te *$146 5
5131	PY Mb 1404	PY Mb 1404, *$146 ]2°
5132	PY Mb 1405	PY Mb 1405, u-ma[ _ *$146
5133	PY Mb 1429	PY Mb 1429, ]*$146 4
5134	PY Mb 1430	PY Mb 1430, ]w°o° *$146 3
5135	PY Mb 1431	PY Mb 1431, ]*$1°4°6° 4
5136	PY Mb 1432	PY Mb 1432, ]k°a°-a-ki-ri[ __ *$146
5137	PY Mb 1433	PY Mb 1433, ]-se-we o[ __ *$146
5138	PY Mb 1364	PY Mb 1364, ] ___ *$146 1
5139	PY Mb 1434	PY Mb 1434, ______ ti[ a-ke-o , u[ __ *$146
514	KN Sg 885	KN Sg 885, ] CAPS 1
5140	PY Mb 1435	PY Mb 1435, ]e°-na-po-r°o°[ __ *$146
5141	PY Mb 1436	PY Mb 1436, ]wi-jo *$1°4°6°[
5142	PY Mn 11	PY Mn 11, si-[•]-i-ja ________ [ _ ] *$2°4°9° 2 ja-ke-te-re $RI M° 1°0°0°[ __ ]$M°E° 8°[ me-wi-te-jo [ _____ ]te-re $ME[ de-so-m°o°[ ________ ] 66[ ra-p°a°-i-p°i°-j°o°-i ____ $RI M 2 $O[ *$152 103°1°[ __ ] $vacat ______ ]i[ __ ]*$249 4 _____ ]$vest. [ ]$ME 600 ____ ]te ___ [ ]$M°E° 600 *$1°5°2° 55 ______ $margo
5143	PY Mn 162	PY Mn 162, ______ $sup._$mut. _______________________ ] $vac. _________________ *$146 ]4 ________________ *$146 ] 4 _ [ _______ $deest _______ ]$vest. ___ *$146 4 ___ ]ka-sa-t°a° ____ *$146 4 pa-ro , ke-ku-r°o° _ *$146 4 _ a-sa-ti-ja _____ *$146 4 _______ $vacat _ ] $vacat [ ___ $margo [
5144	PY Mn 456	PY Mn 456, _ $vac.[ ____ ]$vestigia re[ _________ ]r°o° _ *$146 5 ko-ro-jo-wo-wi-ja _ *$146 2 si-re-wa __________ *$146 2 me-te-to __________ *$146 1 e-wi-te-wi-jo _____ *$146 1 ro-u-so ___________ *$146 1 e-ri-no-wo-te _____ *$146 1 sa-ri-nu-wo-te ____ *$146 1 e-pi-qo-ra₂ ______ *$146 1 [ _____ $margo ____________ [
5145	PY Mn 1367	PY Mn 1367, ____ $sup. $mut ] _ *$146 26° ] ___ $vacat
5146	PY Mn 1368	PY Mn 1368, ____ $sup._$mut. k°i°-[_]-t°o°[ _________ *$146 ke-sa-da-ra , e-[ __ *$146 ke-sa-da-ra⸤ ⸥i-no[ _ *$146 ____ $inf._$mut.
5147	PY Mn 1369	PY Mn 1369, ___ $sup._$mut. _ ] _ *$1°4°6°[ ] ___ *$146[ _ ] _ *$146[ ___ $inf._$mut.
5148	PY Mn 1370	PY Mn 1370, ___ $sup._$mut. ro-u-s°o°[ __ *$146 ro-o-wa[ __ *$146 ___ $inf._$mut.
5149	PY Mn 1371	PY Mn 1371, ]a₂-te-we[ _ *$146 ]-te[ ______ *$146 _ $inf._$mut.
515	KN Sg 886	KN Sg 886, ]CAPS 1
5150	PY Mn 1407	PY Mn 1407, ]ma-ne *$146 19 ___ [ _ ]-jo *$146 27° __ [ ____ ] *$146 4 _ [ __ $inf._$mut.
5151	PY Mn 1408	PY Mn 1408, _ $sup._$mut. ro-o-wa _____ *$146[ po-ra-pi ____ *$146 4 na-i-se-wi-jo *$146 2[ e-n°a°[-po-ro _ *$146 _ $inf._$mut.
5152	PY Mn 1409	PY Mn 1409, _ $sup._$mut. _ ]$vest.[ qe-re-me[ __ *$146 _ $margo [
5153	PY Mn 1410	PY Mn 1410, _ $sup._$mut. wi-ja-w°e°[ __ *$146 ma-ra-ne[ __ *$146 [•]-ma-ne[ _ *$146 __ ]$vest.[ _ $inf._$mut.
5154	PY Mn 1411	PY Mn 1411, ___ $sup._$mut. _ $vestigia [ e-re-de , w°a°[ _______ *$146 ma-se-de , ro-u-si[ _ *$146 ___ $inf._$mut.
5155	PY Mn 1412	PY Mn 1412, ____ $margo pa-ro , ka-ra-[ p°a°-qo-si-jo[ ____ *$146 o-no-ka-ra[ _____ *$146 ma-to-pu-ro [ ___ *$146 da-nu-wa-a-ri[ __ *$146 po-r°o°[ __________ *$146 __ $inf._$mut.
5156	PY Na 58	PY Na 58, a-pi-no-e-wi-j°o°[ $SA
5157	PY Na 66	PY Na 66, e-re-u-te-]ra _ $SA 16 e-re-u-]t°e°-ra , $SA 6
5158	PY Na 69	PY Na 69, ]o-u-di-do-si _ $SA 2 ]o-u-di-do-si , $SA 2
5159	PY Na 103	PY Na 103, ke-]ki-de , $SA 25
516	KN Sg 887	KN Sg 887, ]n°a° _ CAPS[
5160	PY Na 104	PY Na 104, _____ to-sa-]d°e° , e-we-da-si[ $SA $qs to-sa-]d°e°⸤ ⸥ka-ke-u-si[
5161	PY Na 105	PY Na 105, u-po-di-jo-no wo-wo $SA 10
5162	PY Na 106	PY Na 106, ___________________ e-re-u-te-ra $SA 6 e-ri-no-wo $SA 24 _ to-sa-de , ka-ke-we
5163	PY Na 185	PY Na 185, ]o-u-di-do-si _ $SA 2 ]e-re-u-te-ro _ $SA 2
5164	PY Na 195	PY Na 195, _____________________________________________________ [ ]$SA 10 sa-ma-ri-wa , ke-u-po-da , e-sa-re-u , e-re-u°-t°e°[-ro-se ] $vacat
5165	PY Na 197	PY Na 197, ] e-re-u-te-ro , pa-ra-jo ]k°o°-ki-te-j°o° ____________ $SA 30
5166	PY Na 198	PY Na 198, e-u-ta-re-wo wo-wo , $S°A°[ ]6⸥
5167	PY Na 245	PY Na 245, ____________________________ o-u-di-do-si , $SA 10 e-wi-te-wi-jo , $SA 20 _ to-sa-de , ma-ra-te-we , ra-wa-ke-si-jo
5168	PY Na 246	PY Na 246, a-pa-ri-ka-na-we-ja , $SA 15
5169	PY Na 248	PY Na 248, ____________, e-re-u-te-ro ta-mi-ta-na , ku-na-ke-ta-i $SA 30
517	KN Sg 888	KN Sg 888, po-ro-su-re / a-na-to , _ $o CAPS[
5170	PY Na 252	PY Na 252, ________________ e-re-u-te-ra , $SA 6 ri-jo , $SA 24 _ to-sa-de , ka-ke-we ,
5171	PY Na 262	PY Na 262, po-to-ro-wa-pi , $SA 30[
5172	PY Na 284	PY Na 284, e-re-]u-te-ra _ $SA 10 to-]sa-de , e-re-e-wo
5173	PY Na 296	PY Na 296, ku-te-re-u-pi , $SA 100
5174	PY Na 322	PY Na 322, pi-*82 , $SA 30
5175	PY Na 329	PY Na 329, qo-pi-ja , $SA 5
5176	PY Na 334	PY Na 334, _ wa-]na-ka , e-ke e-re-]u-te-ra ____ $SA 20
5177	PY Na 337	PY Na 337, me-te-to , $SA 60
5178	PY Na 342	PY Na 342, ]$SA 10
5179	PY Na 345	PY Na 345, ________ e-]r°e°-u-te-ra[ ]wa , k°e°-k°o°-si-ja ___ [ $SA
518	KN Sg 889	KN Sg 889, ] CAPS 1
5180	PY Na 361	PY Na 361, ti-mi-to-a-ke-e , $SA 50
5181	PY Na 384	PY Na 384, do-ro-qo ,° so-wo-te , $SA 30
5182	PY Na 394	PY Na 394, ]$SA 20
5183	PY Na 395	PY Na 395, ] e-re-u-te-ro-se _ $SA 15 ] to-sa-de , pe-i , ke-u-po-d°a°⸤ ⸥e°-sa-re-u ] ke-ke-me-no-jo ,° wa-te-u
5184	PY Na 396	PY Na 396, _______________ e°-ko-si wo-no-qe-wa , ko-ro-ku-ra-i-jo $SA 3°0
5185	PY Na 405	PY Na 405, ________________ e-ko-si to-ro-wa-so ,° ko-ro-ku-ra-i[-jo ]$S°A° 10
5186	PY Na 406	PY Na 406, _______________ o-qe-[•-•-]si , $SA 20 e-ko-me-no , di-wi-ja-w°o° , e-ke , a-ki-ti-to
5187	PY Na 419	PY Na 419, re-u-ko-to-ro , $SA 10
5188	PY Na 425	PY Na 425, _____________________________ re-u-te-ra $SA 3 pu₂-ra₂-a-ki-ri-jo $SA 27 _ to-sa-de ka-ke-we
5189	PY Na 466	PY Na 466, u°-ra-*86 , $SA 10
519	KN Sf 1811	KN Sf 1811, _ ] ______ CAPS _____________ 1°2 _ [ ____ ] ___ CAPS _____________ 21°4 ______ ]t°e°-mi-we-te _______ ROTA $ZE _ 21 _______ ] _________________ ROTA $ZE _ 8 o-da-]k°e°-we-ta ____________ ROTA $ZE _ 7 _ a-mo 1°[ ]o-da-ke-we-ta ____________ ROTA $ZE 172° _______ ] _ $vacat → __ R°O°T°A° 5°8°[ __ R°O°T°A° 6°4°[ __ R°O°T°A° 176°[ __$vest.?
5190	PY Na 504	PY Na 504, ] $SA 26
5191	PY Na 507	PY Na 507, ] e-ko-so-no , $SA ⸤4[
5193	PY Na 512	PY Na 512, po-ru-ko-ro-te-wi-jo $SA 7
5194	PY Na 513	PY Na 513, pe-re-wo-te $SA 3°0
5195	PY Na 514	PY Na 514, ]pa-ri-so , ke-ki-de , e-ko-si $SA 30
5196	PY Na 516	PY Na 516, ]e-ko-si ]ko-ro-ku-ra-i-jo $SA 10
5197	PY Na 520	PY Na 520, __ to-i°-qe , e-re-u-te-ra ] pu₂-te-re , ki-ti-je-si $SA 30
5198	PY Na 522	PY Na 522, qo-ta-wo , $SA 7
5199	PY Na 523	PY Na 523, a-sa-pi , $SA[ $qs
52	KN Nc 8586	KN Nc 8586, ]-ra-r°o°[
520	KN Sg 7939	KN Sg 7939, a-]na-to _ CAPS[
5200	PY Na 529	PY Na 529, ____________ to-sa-de , a₃-ki-de-ja , e-re-u-te-ra $SA 5 ]pi , $SA 18 to-sa-de , ka-ke[-we ]e-re-u-te-ra , $SA 17
5201	PY Na 530	PY Na 530, ra-i-pi , $SA 14
5202	PY Na 531	PY Na 531, te-se-e $SA 18
5203	PY Na 532	PY Na 532, qo-ta $SA 7
5204	PY Na 533	PY Na 533, a₃-wi-jo , $SA 7
5205	PY Na 537	PY Na 537, ]ki-ti-to $SA 3
5206	PY Na 540	PY Na 540, qe-re-me-e , $SA 30
5207	PY Na 542	PY Na 542, e-]r°e°-u[ _ ]$S°A° 4 __________ ]j°o°
5208	PY Na 543	PY Na 543, ___________ , e-ko-si ka-ra-do-ro , k°o°-r°o°-k°u°-ra-i-jo⸤ ⸥$SA 30
5209	PY Na 544	PY Na 544, sa-ri-nu[-wo-]te , $S°A° 40
521	KN Sg 7991	KN Sg 7991, ]-ja _ CAPS[
5210	PY Na 547	PY Na 547, ke-re-ti-wo , $SA 30
5211	PY Na 549	PY Na 549, ]a , $SA 17
5213	PY Na 561	PY Na 561, pa-ki-ja-na , $SA 26°[
5216	PY Na 571	PY Na 571, me-ka-o wo-wo , $SA 30
5217	PY Na 576	PY Na 576, wa-re-u-ka-ra-[
5218	PY Na 577	PY Na 577, ke-i-jo , $SA 14
5219	PY Na 588	PY Na 588, e-ro₂-ne , a-o-ze-jo , $S°A°[ $qs
522	KN Sg 8484	KN Sg 8484, ]CAPS[
5220	PY Na 604	PY Na 604, e-wi-ku-wo-te , $SA 10
5222	PY Na 841	PY Na 841, qo-ro-mu-ro $SA 10
5223	PY Na 848	PY Na 848, e-re-u-te-]ra , $SA 21 ______ ]k°e°-ki-do _ [
5224	PY Na 850	PY Na 850, ]e , $SA 7
5225	PY Na 856	PY Na 856, ________________ ke a₂-ki-ra , we-da-ne-wo $SA 10
5227	PY Na 908	PY Na 908, ko-tu-we , $SA 60 [
524	KN Sd 4407	KN Sd 4407, do-]we-jo , i-qo-e-qe , wi-ri-ni-jo , o-po-qo , ke-ra-ja-pi , 'o-pi-i-ja-pi' _ CUR 3°[ __ ]$vest. / se-to-i-ja , mi-to-we-sa , a-ra-ro-mo-te-me-na _______________________ [
53	KN Nc 8630	KN Nc 8630, $sup. $mut. ] M° [
54	KN Nc 8728	KN Nc 8728, _ $sup. $mut. j°a°-[
546	KN Sk 5670	KN Sk 5670, __ ]q°e°-ro₂ _ 2 _ [ ko-]ru _ GAL 1 _ o-pa-wo-ta[
549	KN Sk 8149	KN Sk 8149, qe-ro₂ ]2 ________ e-po-mi-jo _ 2°[ ___]______________ o-pa-wo-ta _ 2 [ ko-]r°u° _ GAL 1 ___ o-pi-ko-ru-s°i°-j°a°[
55	KN Nc 8758	KN Nc 8758, ]-d°e°[ _ $inf. $mut.
550	KN Sk 8254	KN Sk 8254, $sup. $mut. ] _ k°o°-r°u° _ GAL 1 [
551	KN Sk 789	KN Sk 789, __ ] ___ qe-ro₂ _ 2 _ e-po-m°i°[-jo to-]ra / e-pi-ko-ru-si-jo _ 2 _ pa-ra-wa-jo[
553	KN Sk 8100	KN Sk 8100, ________ qe-ro₂ _ 2 _ e-po-mi-jo _ 2 / o-pa-wo[-ta ____________________ o-pa-wo-ta _ 2 ___________ [ to-ra / ko-ru GAL 1 _ o-pi-ko-ru-si-ja _ 2 _ pa-ra-wa[-jo _ 2
554	KN Sk 7751	KN Sk 7751, ] qe-ro₂ _ 1 [ ____ ]$vest.[ ]2° _ o-p°a°[-wo-ta
555	KN So 894	KN So 894, a-te-re-te-a , / pe-te-re-wa 'te-mi-dwe' _ ROTA $ZE [ ka-ki-jo _ ROTA $ZE 1 _ ka-ko-de-ta _ ROTA $ZE [ ki-da-pa , / te-mi-dwe-ta _ ROTA $ZE 41 _ $M°O°[ o-da-tu-we-ta / e-ri-ka , _ ROTA $ZE 40[
556	KN So 1053	KN So 1053, __ ]a , a-re-ki-si-to-jo ___ [ te-]m°i°-d°w°e°-ta __________ ROTA[ _ $inf. $mut.
557	KN So 4435	KN So 4435, _________________________________________ pte-re-e°[ a-mo-ta / o-da-ku-we-ta _ ROTA _ $ZE 40 ___ e-ri-k°o°[
558	KN So(1) 4436	KN So(1) 4436, e-ri-ka , o-da-twe-ta ROTA $ZE 73 ___ [[$MO ROTA ]] [ __________ $vacat _______________________________ [
559	KN So(1) 4437	KN So(1) 4437, a-mo-ta , / pte-re-wa , a-ro₂-jo , te-mi-dwe-te _ ROTA $ZE 5
56	KN Nc 8803	KN Nc 8803, ] _ M°[ _ $inf. $mut.
560	KN So(1) 4429	KN So(1) 4429, ] _______________ de-do-me-na _____________________________ [ ]a°-mo-ta , / pte-re-wa , te-mi-dwe-ta _ ROTA $ZE 23° _ R°O°T°A° 1 [
561	KN Od 9675	KN Od 9675, ]LANA 4 _ [ ]LANA 2[ _ $inf. $mut.
562	KN So(1) 4430	KN So(1) 4430, __________ ko-k°i°-da , o-pa _ ne-wa e-ri-ka , / o-da-twe-ta , a-ro₂-a _ ROTA $ZE 22 _ $MO ROTA 1
563	KN So(2) 4431	KN So(2) 4431, ]a°-mo-t°a° , / te-mi-dwe-ta , pte-re-wa _ ROTA $ZE 22 _ ROTA 1[
564	KN So(1) 4432	KN So(1) 4432, ]e°-ri-ka o-da-twe-ta _ ROTA $ZE 35 $MO ROTA 1°
565	KN So(2) 4433	KN So(2) 4433, ] _____________ te-mi-dwe-te , _________________ [ ] , a-re-ki-si-to , wo-zo-me-no , _ ROTA $ZE 1 _ [
566	KN So(2) 4434	KN So(2) 4434, e-ri-ka , / te-mi-dwe-ta _ ROTA $ZE 2 / $MO ROTA[ 1
567	KN So(2) 4438	KN So(2) 4438, ]e-ri-ka , wo-zo-me-na _ ROTA _ $ZE 15
568	KN So(2) 4439	KN So(2) 4439, a-mo-ta ,° / e-ri-ka , te-mi-dwe-ta _ ROTA _ $ZE 3 _ $MO _ ROTA 1
569	KN So(1) 4440	KN So(1) 4440, ________________ de-do-me-na a-mo-ta , / pte-re-wa , o-da-twe-ta _ ROTA _ $ZE 6 _ [°
57	KN Nc 8804	KN Nc 8804, ] _ M°[ _ $inf. $mut.
570	KN So(1) 4441	KN So(1) 4441, e-ri-ka , / o-da-twe-ta , de-do-me-na _ ROTA _ $ZE 4°6°[ → ]k°a°
571	KN So(2) 4442	KN So(2) 4442, _____[__] ____________ o-pe-ro , se-to[-i]-ja , / a-mo-te , pe-ru-si-nwa , / ta-ra-si-ja _ ROTA _ [[$Z°E°]] 1
572	KN So(2) 4443	KN So(2) 4443, ] __ wa-ra-wi-ta _____ [ ]-ta ________ ROTA _ $Z°E°[
573	KN So(2) 4445	KN So(2) 4445, pte-re-wa / te-mi-dwe-ta _ ROTA _ $ZE 5 ____ [
574	KN So(2) 4446	KN So(2) 4446, a-mo-t°a°[ / e-]ri-ka , o-da-ke-we-ta _ ROTA $ZE 6°2°[ ] $MO ROTA[ 1 [[ __ to[ _ ] _____ ]] o-pe-ro _ ROTA $ZE_ 16 _________________ [ ↓ e-ko __ ROTA ________ [ _ ] _ $vac. _________________________ [ _______ ROTA ________________________________________________[
575	KN So 4447	KN So 4447, o-pe-te-we / e-ri-ka _ ROTA _ $ZE 3 __ [°
576	KN So(1) 4448	KN So(1) 4448, pa-i-to , a-mo-ta , pte-re-wa , te-mi-dwe-ta _ ROTA _ $ZE 3
577	KN So(1) 4449	KN So(1) 4449, pte-re-wa , / te-mi-dwe-ta , ne-wa _ ROTA _ $ZE 3
578	KN So 5789	KN So 5789, ]ROTA $ZE 3 _ [
579	KN So 8182	KN So 8182, e-ri-[
58	KN Nc 8805	KN Nc 8805, _ $sup. $mut. ]°q°a°-[
580	KN So 8251	KN So 8251, ]t°w°e°-te ________ [ ]-ri-ko , _ ROTA [
581	KN So 8561	KN So 8561, o-]d°a°-twe-t°a°[ _ $inf. $mut.
582	KN Sp 4451	KN Sp 4451, _____________________ $vest. _____________ [ wo-ra-e / _ pa-ra-[•]-we-jo ___ *$253 2 _ [
583	KN Sp 4452	KN Sp 4452, [wo-]ra / ka-za ___ *$253 1 ______ [
584	KN Np(1) 49	KN Np(1) 49, ri-*65-no / a-pe-re _ $QO 1
585	KN U(1) 95	KN U(1) 95, *$178 3
586	KN U(1) 96	KN U(1) 96, ]r°o° _ *$179 2[
587	KN Ud 109	KN Ud 109, a-ku-wo / ____ pa-ra-ja _ *$256[
588	KN Ud 124	KN Ud 124, ] ____ pa-ra-ja _ *$256 1
589	KN U(1) 172	KN U(1) 172, ke-ti-ro _ *$180 1[
59	KN Np(1) 85	KN Np(1) 85, ka-ta-ra _ CROC _ $QI 6
590	KN Gg 436	KN Gg 436, ]1°0° _ *$172+$KE[
591	KN U 437	KN U 437, ]ko-so-ni-ja _ *$246 6
592	KN U 736	KN U 736, ]na-u-do-mo ]93 _ e-to-ro-qa-ta _ *$181 10 ↓ ]3°6°
593	KN Gg 746	KN Gg 746, ]20 _ *$172+$KE+$R°O°₂ 10
594	KN U 797	KN U 797, ]s°o°  *$258 1
595	KN U 876	KN U 876, ] _ *$182 8 _ a-pi-te[
596	KN U 1812	KN U 1812, ]w°i°-ja _ *$183 10 _ [
598	KN U 4478	KN U 4478, si-ja-ma-to ___________ $e *$177 2 me-wo-ni-jo ___________ $e *$177 2 $ma *$177 2 a₃-ki-si-jo ___________ $e *$177 2° ta-u-po-no ___________ $ma *$177 1° pu-re-wa ___________[ ]$m°a° *$177 1° pa-na-r°e°-jo / ka-u-ja[ ____________ ] $vac. de-u-ke-ro _________ [ _____________ ] $vac. d°o°-ri-ka-no _______[ _______________ ] $vac. a₃-ki-po _________[ __________________ ] $vac. ke-[ a-nu[ e-ke-[ e-da-[ _____ ]n°u°-wo _ [ ______]-ni-ja[ ] _____ $e° *$177[ ka-pa-ri-jo[ _______ ] $e *$177[ we-ka-di-jo _____ [ ] $ma *$177[ pi-ri-sa-ta _________ $m°a°[ ku-r°o°₂ ______________ $ma[ e-ke-me-de __________ $ma *$177[ pa-na-re-jo __________ $e *$177[ se-ri-na-ta __________ $e *$177[ pa-ke-ta ____________ $ma *$177[ a-wi-to-do-to _______ $ma *$177[ $vest.[ _____ ] ______________ $ma [ ______ ]-n°o° ____________________ [ fr._separatum (B) _ $sup. $mut. _______ ]$ma *$177 [ _ ]wo __ $ma *$177[ _ $inf. $mut.
599	KN U 5186	KN U 5186, ____ ] *$246 1 _ [ ]1° _________ [ _ ] _ $vac. _ [
6	KN Nc 4480	KN Nc 4480, a-na-ka ______ M°[
60	KN Np(1) 267	KN Np(1) 267, sa-ma-da _ CROC _ $RO[
600	KN C 5592	KN C 5592, ]3 _ *$190 100[
601	KN L 5653	KN L 5653, ]1° _ $KI 5°[ _ $inf. $mut.
602	KN C 5717	KN C 5717, ]^f° 90 _ $E 40
603	KN C 7063	KN C 7063,  ] _ $vac. ]$s°a° OVIS^m 2 _ OVIS^f 1 _ *$190 6 _ VIN [ ]OVIS^f 1 _ $pa OVIS^f 1 _ *$190 4 ]OVIS^x 2[ ]O°V°I°S°^x[ _ $inf. $mut. →
604	KN Gg 7501	KN Gg 7501, ]*$2°0°9°^VAS 22 [
605	KN U 7505	KN U 7505, ] _ $vac. ________ [ ]m°e°-r°i°-te-o _____ [ ] __ *$168 3°0[ _ ]a°-[
606	KN Ud 7507	KN Ud 7507, ]de-do-me-na _ *$256[
607	KN U 7700	KN U 7700, ][_• • ]e°-re-ta ______ *$259 1°[
608	KN U 8210	KN U 8210, ]re-u-ka , si-ki-ro _ [ ] _ , $DI+$PTE 11 ___ [
609	KN U 9425	KN U 9425, ]$WA 5 _ [
61	KN Np(1) 268	KN Np(1) 268, ]to _ CROC _ $RO 1
610	KN Uc 160	KN Uc 160, _$sup. $mut.[ ________ ]$vest.[ me-ri[ ____] _ Z 3 ____ [[ Z° ]] qi[ ______ ]V 1 _ Z 1 _ VINb _ S 1 _ V 3 _ Z 2 ___________] V 5 _ Z 3 _ de-r°e°-u°-k°o° _ VIN _ S 4° ___________]V° 5 _ Z 2 _ CYP 1[ ______________ $inf. $mut. → _ $sup. $mut. ______________________________]_$vacat ______________________________]6° a-pi-po-re-we _ *$209^VAS 6°[ ___]$vest. i-po-no _______ *$213^VAS 14 [ ___ ]-r°o° ______ *$212^VAS 17 [ _ $inf. $mut.
611	KN Uc 161	KN Uc 161, ]OVIS 197 _____________ SUS 1 [ ] 3 _ OLIV 30 _ $NI 10 _ VIN 60[ ↓
613	KN Uf(1) 79	KN Uf(1) 79, ]ka-wi-ja , _ $DA 5
616	KN Uf(1) 120	KN Uf(1) 120, ___________________ ti-ri-to _ $DA 1 _ ri[ i-wa-ka , ra-mo , / ___________________ [
617	KN Uf(1) 121	KN Uf(1) 121, ]ja / qe-da-do-ro , pa-na-so , _ $DA 1
618	KN Uf(1) 198	KN Uf(1) 198, pa-to-ro _ $DA 1
619	KN Uf(1) ‹311›	KN Uf(1) ‹311›, _ $sup. $mut. ]ta-na-ti , $DA 1°[ _ $inf. $mut.
62	KN Np(1) 269	KN Np(1) 269, ]ni-ja _ CROC _ [
620	KN Uf 432	KN Uf 432, _ $sup. $mut. ________________ ]$D°A° 1°[ [•]-r°o°-[•]-pu __ $DA 1 _ $PA[ pu₂-ru-da-ro ___ $DA 1 _ $PA 1 di-ra __________ $DA 1 _ $PA 2 __ $vacat ________________ [ e-te-do-mo , ki-te[ d°a°-ru-*56 _____ $DA[ ]°q°a°-ra-jo _____ [ _ $inf. $mut.
621	KN Uf(3) 835	KN Uf(3) 835, ] ____ ke-ke-me-na ]-do / e-ke , ti-ri-to , pu-te _ $DA 1 _ $PA 1
622	KN Uf(2) 836	KN Uf(2) 836, ________________ wo-we-u ku-ka-da-ro / qa-ra , pi-di-jo _ $DA 1 _ $PA 3
623	KN Uf(2) 837	KN Uf(2) 837, ]te-wa-te-u ____________ [ ]ta-ko-ro _ $DA 1 _ $PA 1 [
624	KN Uf(2) 838	KN Uf(2) 838, ]ta / _ a-ke-re-mo _ $DA 1
625	KN Uf(2) 839	KN Uf(2) 839, ____________ te-re-ta , ke-ma-qe-me ,° me-ra ,° ___ [ ko-do , / da-*22-to , _ ke-nu-wa-so ____________ 1°[
626	KN Uf(3) 970	KN Uf(3) 970, ] _____ te-re-ta _____ [ ]ra / ti-ri-to , wo-ne-[
627	KN Uf(2) 980	KN Uf(2) 980, ] ____________ $vest.[ ]d°a°-jo / qa-ra , te-re-t°a°[
628	KN Uf(3) 981	KN Uf(3) 981, ______________________ ko-t°o°-i-na [ e-ri-ke-re-we / e-ke-pu-te-ri-ja [
629	KN Uf(3) 983	KN Uf(3) 983, ] ________ o-pi , po-to-ri-ka-ta _ [ ]do-wo / e-ko-so , ke-ke-me-na ___ [
63	KN Np(1) 270	KN Np(1) 270, ]ja _ CROC _ P 2 _ $QI 4
630	KN Uf(3) 987	KN Uf(3) 987, a₃-ki-wa-to / ti-ri-to⸤ ⸥pu-te[
631	KN Uf(2) 990	KN Uf(2) 990, a-ri-ja-wo / qa-ra , te-re-t°a°[
632	KN Uf(3) 991	KN Uf(3) 991, ]-si-jo / ti-ri-to , pu[
633	KN Uf(3) 1011	KN Uf(3) 1011, i-ra-ta / ti-ri-to , pu[
634	KN Uf(3) 1022	KN Uf(3) 1022, _______________ ko-to-i°[-na pe-ri-qo-ta / e-ke-pu-te[-ri-ja
635	KN Uf(2) 1023	KN Uf(2) 1023, ] _____________ wo[ ]nwa-jo / qa-ra , [
636	KN Uf(3) 1031	KN Uf(3) 1031, ___________________ k°o°-to-i-na pe-ri-je-ja / e-ke , pu-te-ri-ja _ $DA 1 _ ti-ri-to
637	KN Uf(3) 1038	KN Uf(3) 1038, te-wa-jo[
638	KN Uf 1522	KN Uf 1522, te-ro-ri-jo _ $DA 1 pu₂-to ______ $DA 1 me-ta-no-re _ $DA 1 mi-ni-so ____ $DA 1 e-ke-da-mo __ $DA 1 __ ]$vest.[ ____ ]1° ____________ ]$DA 1 _ $vacat _ $vacat _ $vacat _ $vacat _ $vacat _ $vacat _ $vacat _ $vacat _ $vacat
639	KN Uf 5726	KN Uf 5726, _ $sup. $mut. ka-da-i-to , / pu-te , [
64	KN Np(1) 271	KN Np(1) 271, ]°r°e°[ _]$vest.[_ ]CROC _ $RO 1 _ $QI 1
640	KN Uf 5763	KN Uf 5763, _______ ]t°e°-wa-te-u ___ [ ] qa-ra , *83-re-te _ $D°A°[
641	KN Uf(2) 5973	KN Uf(2) 5973, ]2° _ $PA 1[
642	KN Uf(3) 7486	KN Uf(3) 7486, ]me-na _ $DA 1
643	KN Uf(2) 7487	KN Uf(2) 7487, ] $DA 1
644	KN Uf(1) 7488	KN Uf(1) 7488, ]*6°5°-no _ $DA 7 _ [°
645	KN Uf(1) 7489	KN Uf(1) 7489, te-nu _ $DA 1
646	KN Uf(1) 7490	KN Uf(1) 7490, ] , $DA 1
647	KN Uf(1) 7491	KN Uf(1) 7491, ]2 ]ku-no _ $DA 1
648	KN Uf(1) 7492	KN Uf(1) 7492, ]no _ $DA 5 ___ [
649	KN Uf(1) 7493	KN Uf(1) 7493, ]r°i° _ $DA 1
65	KN Np(1) 272	KN Np(1) 272, da-wo _ CROC _ 'Q 1'
650	KN Uf(1) 7494	KN Uf(1) 7494, ]p°a°-na-so _ $DA 1
651	KN Uf(1) 7495	KN Uf(1) 7495, ]r°a° _ $DA 1 ]ru-po __ $DA 1
652	KN Uf(1) 8141	KN Uf(1) 8141, ]s°o° , $DA 1
653	KN Uf 8485	KN Uf 8485, ]$vest.[ ]pu-te[
654	KN Uf(1) 8486	KN Uf(1) 8486, ]$DA 1
655	KN Uf 9183	KN Uf 9183, _ $sup. $mut. ]$DA [ ] $DA 10[ _ ]$D°A° 1°[ _ $inf. $mut.
656	KN Uf(3) 9684	KN Uf(3) 9684, ]$D°A° 1°1° _ $PA 2
657	KN Uf 9923	KN Uf 9923, _ $sup. $mut. ]$D°A° 1° _ $P°A°[ _ $inf. $mut.
658	KN V 52	KN V 52, a-ta-na-po-ti-ni-ja _ 1 __ u°[ _____________ ]$vest.[ ___ e-nu-wa-ri-jo _ 1 _ pa-ja-wo-ne _ 1 _ po-se-da[-o-ne _________ [[e-ri-nu-we ,° pe-r°o° ___ ]] _ [
659	KN V(1) 56	KN V(1) 56, ko-no-si-jo e-qe-a-o , a-to-mo 16
66	KN Np(1) 273	KN Np(1) 273, ]ti-ja-no _ CROC _ P 5°[
660	KN V(1) 57	KN V(1) 57, e-u-da-mo , e-we-wa-ta
661	KN V(2) 60	KN V(2) 60, ______ wo-di-jo 1 qo-ta[ ________ ] 1 _ [ __________ a-ni-o°-ko ___ [ ______ ] $vac. __ i-wa-ka 1 _ ka-pa-ri-jo[ ____ ]ti-jo 1 _ ki-si-wi-j°o°[ me-nu-wa 1 wi-da-jo 1°[ _________ ]1 _ di-we-so 1 o-ku-na-wo 1 _ i-to-ma[ ________ ]-ta 1 _ a-ke-u 1 pe-ri-ta 1 _ a-ka[ _____________ ] $vacat __ $vacat _______ [ ____________ ] _ $vacat
662	KN V(1) 77	KN V(1) 77, ]te-wa _ 1 _ ka-pa-ri-jo _ 1 ] _ $vacat
663	KN V(1) 114	KN V(1) 114, ___________ a-mi-ni-so pa-ze , / pe-d°a° , wa-tu , → pa-ze , a-mi-ni-so , / pe-da , wa-tu __ $vacat
664	KN V(2) 117	KN V(2) 117, ________ ]ne-jo[ _ ]-te 3 __ u-o[ ]wo-ne , a-pe-o[ _ $inf. $mut.
665	KN V(1) 118	KN V(1) 118, po-ru-da-si-jo , / a₂-ke-te-re _ 2[
666	KN V(2) 145	KN V(2) 145, _ $sup. $mut. ta-mo-[ u-wo-qe-ne / u-du-ru-wo _ '4 $o 6' we-re-we / ku-pa-sa _ 4 $o 6 we-re-we , / k°a°-ta-ra-pi _ 4 $o 6 a-ke-to-ro / to-ni  2° $o 10 [[ _ ]] [[ _____ 40 ________ $o 3°3 _____ ]]
667	KN V(2) 147	KN V(2) 147, _ we-we-ro __ 1 e-u-ru-qo-ta _ 1 na-e-si-jo ___ 1 da-te-wa _____ 1 te-ra-pe-te __ 1 _ $inf. $mut.
668	KN V(1) 150	KN V(1) 150, to-ko-so-ta ,° a-te-u-ke _ 1
669	KN V(2) 159	KN V(2) 159, _ $sup. $mut. ]t°e°-[•]-ta _ 6°[ _ ]$vest. ]83 _ ru-ki-to _ 15°7° ]55 _ ti-ri-to _ 45 ]s°o° _ 34 _ pu₂-te-re / wa-si-ro _ 18 ____ ] 10 _ ra-pte-re _ 20[ ↓
67	KN Np(1) 274	KN Np(1) 274, ]CROC _ N 1 _ P 1
670	KN Vc(7) 210	KN Vc(7) 210, ]-su-pa-ta _ 1 ↓ ]-no
671	KN V(2) 280	KN V(2) 280, _ wo-de-wi-jo __ $vacat __ $vacat __ $vacat to-pe-za , o-u-ki-te-mi _ × __ $vacat __ $vacat __ $vacat __ $vacat __ $vacat a-pe-ti-ra₂ / o-u-te-mi _ × _____________ o-u-te-mi _ × _____________ o-u-te-mi _ × _____________ o-u-te-mi _ × e-pi , i-ku-wo-i-pi $reliqua $pars $sine $regulis
672	KN V(2) 337	KN V(2) 337, _ $sup. $mut. a-pi-re-we _ 6°[ da-mi-ni-jo[ _ ]p°o°-mi-jo [ _ ]t°o°-so _ 3°[ _ $inf. $mut. → _ $sup. $mut. ]jo / mo-ni-k°o°  3 _ ] _ 3 __________ [ _ ]wi-to _ 10 _ o[ _______ ]$vest.[ _ $inf. $mut.
673	KN V(3) 429	KN V(3) 429, ]°qa-ra-jo _ 1[ ku-ka-so __ 1°[ ]°ja-pa-ra-r°o°[ ]°$vac.[
674	KN V(3) 431	KN V(3) 431, _ ]°e-ra-jo , [ _ ]° pu-da-so[ __ $vacat __ $vacat
675	KN V(3) 466	KN V(3) 466, ]1° _ qa-ra-i-so 1 _ si-ra-no 1 ]1° _ i-ra-ko-to 1 _ wa-na-ta-jo 1 _____________ ] 1 _______________ ] _ $vacat
676	KN V(3) 479	KN V(3) 479, du-pu₂-ra-zo 1 __ qe-ro 1 _ su-ko 1 _ di-zo 1 pu-ri _____ 1 wi-da-ma-r°o° 1 _ o-ro-qa 1 _ wa-je 1 [ da-i-ra ___ 1 ___ e-[•-•] 1 ___________________ [ __ $vacat _____ [ ___________________ ] $vac. [ ↓ pe-ri-ro-qo _ [_____________________]_$vac._[ da-*83-jo 1 _ e-r°i°[ ___ ]$vest.[ ___ ]1 _ d°a°[ o-du ____ 1 _ te-ja-r°o° 1 ___________________ [ __ $vacat ______________________________________ [
677	KN V(3) 482	KN V(3) 482, _____ e-u-ko-ro 1 _ [ qe-ra-jo 1 _ a-mi-nwa[ nu-to 1 _ mi-ru-ro 1  [ ___ ] _ $vacat ____ [ ___ ]-me-to / k°o°-wo 2 // wo[
678	KN Ve 488	KN Ve 488, ]na-ko-to _ 1 ]-de-so _ 1
679	KN V(3) 492	KN V(3) 492, ]dwo-jo 1 _ pa-ki[ ]na-po 1 __ ru-ki[ ] _ $vac. ______ [ ] _ $vac. ______ [
68	KN Np(1) 276	KN Np(1) 276, ]so _ CROC[
680	KN V(3) 503	KN V(3) 503, _ a-nu-mo 1 _ ta-za-ro 1 _ wa-[ *47-ti-jo 1 _ ja-ma-ra 1 _ pa-ja[ po-mi-ni-jo 1 _ wa-du-na 1 ____ [ __ $vacat ______________________ [
681	KN Vs(1) 652	KN Vs(1) 652, ]no-mo _ 1 _ tu-ti _ 1°[ ]ki-ti-jo _ 1 _______ [ _____ ]  ja-pa-ra-ro 1 [
682	KN Vs(1) 653	KN Vs(1) 653, do-ti-jo , 'a-[' *49-sa-ro _ 1 / po-ti[ ra-ku _ 1 _ ku-ka-ro[ ra-te-me _ 1 __ *56-[
683	KN V(3) 655	KN V(3) 655, _ e-r°e°-dwo-e[ ]$vac.[ __________ / ]i-[ // ]sa-ma-ru[ pe-ri-to-wo / da-wo 1° // ne-o[ _ ]$vest.[ ] 1 _ ja-ma-ta-ro[ ta-de-so / ja-p°o° _ 1 ___ [ ______ _____ ]p°o° _ 1 _ pe-to-me[ ___ ]-ko-to / pa-r°o° a-[ ____ ____ ]1°[ ] _____ to-so[ ________ ] _ $vacat ______________________________ [
684	KN V 684	KN V 684, e-re-pa-to / ka-ra-ma-to _ 46 ka-so , ke-ma-ta __________ 8
685	KN Vf 756	KN Vf 756, _____________ '[po-]t°i°-ro' , wa-wi _ 1 _ a-mu-ta-wo-q°e°[ da-*22-ti-ja / ________________________________________ [
686	KN V(4) 831	KN V(4) 831, ]ra-t°o° _ 1 _ e-ke-a _ 1 _ e-mi-ja-ta _ 1 ]ka-mu-ko-to _ 1 _ ke-ra-ja _ 1 ]-pu _ 1 _ we-ka-di-jo _ 1 _ ma-ke-ra _ 1 ]de-ro _ 1 _ ma-ti-ko _ 1 _ a-ti-ka _ 1 ]-we-u _ 1 _ qa-da-ro _ 1 _ ka-sa-no _ 1 _ ]wo _ 1 _ to-ro-ki-no _ 1 _ [[t°o°[ _ ]] ___ ]no-re _ 1 _ wi-ri-ki-no _ 1 __ [ ___ ]k°o°-no-si-jo _ 1 _ do-ti-jo-no[ ______ ] _ $vac. _______________ [
687	KN V(4) 832	KN V(4) 832, ___ $vest.[ ___ ]$vest.[ _ ]w°e° si-ra-pe-te-s°o° _ 1 _ ka-pu-ro _ 1 ka-na-po-to ___ 1 _ pi-ma[ ru-ro _________ 1 _ a°[ ta-u-ro _______ 1 [ u-ta-jo , _____ 1 [ ja-sa-ro ______ 1 _ $reliqua $pars $sine $regulis
688	KN V(4) 865	KN V(4) 865, _ $sup. $mut. _______________________________ ] 1 × r°u°-k°i°-t°o° , / a-ke-re-mo-no ______ 1 × qa-ra / ko-re-te _________ *$258 _ 1 × qa-ra / a-ke-re-mo-no ___________ 1 × qa-ra / po-ro-ko-re-te __________ 1 × __ $vacat __ $vac. [
689	KN V(4) 958	KN V(4) 958, ____ ]n°i°-ja / wa[ ___ ] // ____ ma-na-je-u[ ___ ] _________ te-r°a°[ ] _________ e-da-e°[ ___ ]1 _ te-te-u ______ 1 _ do-ri-ka-o _ [ ]a-ka _______________ ka-ke-u _______ [ ]ka-ta 1 _ wi-pi-no-o _______ 1 _ se-[ ]pu-ra 1 ____________[[___$vest.___]] [ ] _ $vac. _________________________ [ ] _ $vacat ________________________ [
69	KN Np(1) 277	KN Np(1) 277, ]CROC _ $QI 4
690	KN V(4) 960	KN V(4) 960, ]wo / wo-ka-re _ 4[ ] _ $vacat ___ [ ] _ $vacat ___ [ ] _ $vacat ___ [
691	KN Vf 1002	KN Vf 1002, _____________ 'po-ti-ro' , pi-ra-ki-jo 1 _ pe-ri-jo-ta-qe 1 da-*22-ti-ja /
692	KN Vf 1003	KN Vf 1003, ] ___________ 'po-ti-ro' , [ ]ka-di-ti-ja / __________ [
693	KN Vf 1004	KN Vf 1004, _______ ']po-ti-ro' , pa-na-re-jo 1 _ ku-da-jo-qe 1 [ ]$vest. / __________________________________________ [
694	KN Vf 1005	KN Vf 1005, ____________ 'po-ti-ro' , e-wa-ko-ro 1 _ pi-ra-k°a°-wo-qe 1 ki-ra-di-ja /
695	KN Vf 1043	KN Vf 1043, ] ___________ 'po-ti-ro' da-i-wo-wo 1 _ to-no-qe 1 ]-p°a°-si-ja /
696	KN Vs(2) 1521	KN Vs(2) 1521, _ $sup. $mut. _ ]$vest.[ ] , ta-ra-nu , a-nu[ __ ]ta-ra-nu ,° a-nu[ ___ ta-]ra-nu _ qe-[ ___ ta-ra-]nu __ [ _ $inf. $mut.
697	KN Vs(2) 1523	KN Vs(2) 1523, ____________________ $sup. $mut. _____________________________________ ] ____ i°[-jo _______________ ]w°o° , a[ ____________ ] wa-du-na , [•-•-•-•] ______________ ]-to , e[ __________________ ] $vacat o-pi / _ ]sa-ka-ri-jo , [ _______]$vest.[__________ ] $vacat ______________________________ i-jo ______________ i-jo [o-]pi / di-zo , pi-ma-n°a°-ro , zo-wi-jo 1 _ a-tu-qo-te-ra-to 1°[ ____________________________ i-jo o-pi / ri-zo , pi-ma-na-ro ____ pi-ro-i-ta 1 o°-pi / pa-ka , di-wa-jo 1 ____________________ [ _________ ]p°i° / o-na-se-u 1 _ ri-[ _______________ ]w°i°-du 1 _ ke-[ _____________________ ]za[ ____________________ $inf. $mut.
698	KN Vs(2) 1524	KN Vs(2) 1524, _ $sup. $mut. ___ ]qe ________ [ __ ]ma-no-ne ____ [ _ ] 1 _ po-da 1 _ se[ ] _ po-da 1 _ do-m°a°[ ]ki-si-wo _ po-d°a°[
700	KN Vf 1583	KN Vf 1583, _______ ']po-ti-ro' , s°i°-mi-te-u _ 1 _ a-ra-ko-qe _ 1° ]ti-ja /
701	KN V ‹1631›	KN V ‹1631›, ___ ]-to-i-j°e°[ ]-ru-ko________ 1 [ ]no-du ________ 1 [ ]d°a°-na-j°o° __ 1 _ [ _ ] _ $vac. ________ [
702	KN V 5113	KN V 5113, ]me ____ 3°00[ ]z°o° ,° do-wa _ 10[
703	KN Vs(1) 5536	KN Vs(1) 5536, _ $sup. $mut. ___ ]-k°i°-si[ ]ka-na-po _ 1 _ j°o°[ ]s°o° _ 1 _ te-[
704	KN Ve 5538	KN Ve 5538, qa-na[ ka-sa-[
705	KN V 5575	KN V 5575, ]we-to-ro _ 35°[ ]3 _________ [
706	KN Vs(1) 5872	KN Vs(1) 5872, $sup. $mut. ]ja-ro _ 2[ ]ro-we _ 2[ ]se-me-ni[
707	KN Vs(1) 5913	KN Vs(1) 5913, ]° mi-ru-ro , _ 1°[ o-da-ra-o _ 1° __ w°a°[ _ nu-to _ 1° _____ [ __ $vac. _________ [
708	KN Vs(1) 5946	KN Vs(1) 5946, ]-ri-jo _ 1° _ qe-ro[ ____ ]1° _ ku-ke-m°o°[
709	KN V(1) 7049	KN V(1) 7049, ]ke-ti-ra-wo , wo-d°o° _ 1
71	KN Np(1) 278	KN Np(1) 278, ] _ CROC _ P 2
710	KN V(3) 7512	KN V(3) 7512, ] 3° _ u-su _ 4 _ a-mi-ni-s°i°-jo [ ] ta-qa-ra-ti _ 1 _ ku-ma-t°o°[ ↓
711	KN V(3) 7513	KN V(3) 7513, ]ma-ro _ 1 _ o-ru-[ ]1 _ qe-re-ma-o _ 1°[ ]1° _________________ [
712	KN V(3) 7519	KN V(3) 7519, ___ $sup. $mut. __ ] _ 1 _ a[ ]-jo _ 1 __ [ ] _ $vac. __ [
713	KN V(2) 7523	KN V(2) 7523, _ $sup. $mut. ] _ $vac. [ ]me-ja _____ 1 ]-ja _______ 1 _ ] $vac. _ $inf. $mut.
714	KN V(3) 7524	KN V(3) 7524, ]-r°o° _ 1 ]1° _ ri-zo _ 1 _____________ ] $vac.
715	KN V(1) 7527	KN V(1) 7527, ]ko _ 4 ] $vac.
716	KN V(3) 7539	KN V(3) 7539, ]to _ 1 ] $vacat ] $vacat
717	KN Vf 7577	KN Vf 7577, __________ po-t°i°[-ro di-pi-ja / _ $vac.[
718	KN V(3) 7620	KN V(3) 7620, ]° _ a-qi-ta[ ]°ki-ma-to ______ 1°[ ]°e°-u-po-ro-wo __ 1°[ __ $vac. _________ [
719	KN Vf 7670	KN Vf 7670, _______________ $vest.[ a-pa-ta-wa-ja / _ $vest.[
72	KN Np(1) 286	KN Np(1) 286, a-u-ta-na / d°a°[-]na-pi _ CROC _ N[
720	KN Vf 7797	KN Vf 7797, ]ra-tu[ _ $inf. $mut.
721	KN V 7940	KN V 7940, ]te-we _ 1
722	KN Vf 7964	KN Vf 7964, ]po-ti-r°o°[ _ $inf. $mut.
723	KN V(1) 8487	KN V(1) 8487, ]ko _ 2 ]2°
724	KN Vf 9006	KN Vf 9006, ]pe-re-ta 1 _ k°a°[ ] _ $vac. _ [
725	KN Vf 9318	KN Vf 9318, ]-je-u-q°e°[ ] _ $vac. [
726	KN Vf 9320	KN Vf 9320, ka-di-ti-ja[
727	KN Vf 9355	KN Vf 9355, ]ti 1 _ a-[ _____ ]$vac.[
728	KN Vf 9715	KN Vf 9715, ?a-]mu-ta-w°o°[ _ $inf. $mut.
729	KN Uf(1) 111	KN Uf(1) 111, ] ________ a-p°u°₂-ka ]p°a°-ja / za-mi-so , ku-ta-to , $DA 1
73	KN Np(2) 855	KN Np(2) 855, ]jo-zo _ CROC _ P 3° _ $o P 6[
730	KN Wb 1576	KN Wb 1576, ]o-pe-r°e°-r°a°[ ]me-na-qe[ _ $inf. $mut.
731	KN Wb 2001	KN Wb 2001, ]p°a°-i-t°o°[
732	KN Wb 2133	KN Wb 2133, _ $sup. $mut. w°a°-[ me-no[ _ $inf. $mut.
733	KN Wb 5131	KN Wb 5131, ]e°-ke-p°i°[ ] _ a-ra[
734	KN Wb(1) 5282	KN Wb(1) 5282, da-w°o°[
735	KN Wb(1) 5283	KN Wb(1) 5283, _ $sup. $mut. ]-t°i°-[ ] __ OVIS^m[
736	KN Wb 5527	KN Wb 5527, _ $sup. $mut. ]O°V°I°S°^f _ LANA[ _______ ]$vac.[ _ $inf. $mut.
737	KN Wb(1) 5662	KN Wb(1) 5662, ku-ta-ti-j°o°[ _ $inf. $mut.
739	KN Wb(1) 5665	KN Wb(1) 5665, da-]*22-t°i°[ _ $inf. $mut.
74	KN Np(2) 856	KN Np(2) 856, ]n°u°-po , / a-nu-ko _ CROC _ N 1
740	KN Wb(1) 5697	KN Wb(1) 5697, _ $sup. $mut. ?OVIS]^m _ [
741	KN Wb(1) 5830	KN Wb(1) 5830, da-mi[
742	KN Wb(1) 5831	KN Wb(1) 5831, ] _ OVIS^m [
743	KN Wb(1) 5835	KN Wb(1) 5835, _ $sup. $mut. qa-[
744	KN Wb(1) 5836	KN Wb(1) 5836, _ $sup. $mut. ]-ja[
745	KN Wb(1) 5837	KN Wb(1) 5837, _ $sup. $mut. ]-q°a°[
746	KN Wb(1) 5857	KN Wb(1) 5857, _ $sup. $mut. ]-jo-jo[
747	KN Wb(1) 5858	KN Wb(1) 5858, ]r°a°-to[
748	KN Wb(1) 6058	KN Wb(1) 6058, ]s°i°-we _ OVIS^m [ ]ra-ze[
749	KN Wb 7139	KN Wb 7139, ]ka-s°o° _ OVIS^m
75	KN Np(2) 857	KN Np(2) 857, ]jo ⸤_⸥/ sa-ma-ri-jo _ CROC [
750	KN Wb 7713	KN Wb 7713, ku-do-ni-ja , t°a°[ ] __ $vest. ____ [ $vac.[ __ ]$vac.[
751	KN Wb 7907	KN Wb 7907, ]°a°-mo-ta[
752	KN Wb(1) 8488	KN Wb(1) 8488, _ $sup. $mut. ]  ra[
753	KN Wb 8489	KN Wb 8489, _ ]k°e° , n°e°-[•]-p°o°[ ] _ $vac. _______ [
754	KN Wb(1) 8491	KN Wb(1) 8491, _ $sup. $mut. ] , O°V°I°S°^m°[
755	KN Wb(1) 8492	KN Wb(1) 8492, ] $vest. [
756	KN Wb 8711	KN Wb 8711, _ $sup. $mut. ]°o-a-pu-[ _ tu-na-no [ _ $inf. $mut.
757	KN Wb(1) 9607	KN Wb(1) 9607, _ $sup. $mut. _ ]ki-ri-j°o°[-te e-]k°o°-so[ _ $inf. $mut.
758	KN Wb(1) 9608	KN Wb(1) 9608, _ $s°u°p°. $m°u°t°. ] _ d°a°-w°o°[
759	KN Wb(1) 9609	KN Wb(1) 9609, _ $sup. $mut. ]-jo ,° _ [
76	KN Np(2) 858	KN Np(2) 858, ]ma-ki-nu-wo _ CROC [
760	KN Wb(1) 9610	KN Wb(1) 9610, _ $sup. $mut. ]*5°6°[ _ $inf. $mut.
761	KN Wb(1) 9611	KN Wb(1) 9611, _ $sup. $mut. ]$vest.[ _ $inf. $mut.
762	KN Wb(1) 9612	KN Wb(1) 9612, _ $sup. $mut. ]e°[ _ $inf. $mut.
763	KN Wb(1) 9613	KN Wb(1) 9613, ]j°o°[ _ $inf. $mut.
764	KN Wb 9844	KN Wb 9844, _ $sup. $mut. ] _ k°i°[ _ $inf. $mut.
765	KN Ws(1) 1707	KN Ws(1) 1707, ]a°₃-wo-re-u- -si do-ke [•]-ja-wo-n°e°
766	KN Wm 1714	KN Wm 1714, me-sa-t°o° ]*$146 30
767	KN Wm 1816	KN Wm 1816, me-sa-to *$1°4°6°[ _ $inf. $mut.
768	KN Wm 1817	KN Wm 1817, _ $sup. $mut. ]$vest.[ *$146 30
769	KN Wm 5822	KN Wm 5822, me-sa-to _ $inf. $mut.
77	KN Np(2) 859	KN Np(2) 859, ]-wo , _ CROC _ P 9 _ $o [
770	KN Wm 5824	KN Wm 5824, ]me-sa-to _ $inf. $mut.
771	KN Wm 5860	KN Wm 5860, _ $sup. $mut. $vac.[ __ *$146[
772	KN Wm 8207	KN Wm 8207, _ $sup. $mut. s°a°-m°a°-ja-s°o°
773	KN Wm 8490	KN Wm 8490, _ $sup. $mut. *$146[
774	KN Ws(1) 8493	KN Ws(1) 8493, se-t°o°-i°-j°a° ___________ ki-ri-ta-de $te _ LANA _ do-ke
775	KN Ws(1) 8499	KN Ws(1) 8499, pi-mo-no na-ki-zo pa-wo
776	KN Wn 8713	KN Wn 8713, V°I°R° _ $supra $sigillum ($CMS II.8, Nr. 513) [2] $vacat $vacat
777	KN Wn 8752	KN Wn 8752, MUL _ $supra $sigillum ($CMS II.8, Nr. 513) [2] $vacat $vacat
779	KN Ws 1703	KN Ws 1703, P _ $supra $sigillum ($CMS II.8, Nr. 229) [1] ta-to-mo o-nu-ke
78	KN Np(2) 860	KN Np(2) 860, ] CROC _ P 4 _ $o P 8
782	KN Ws ‹1708›	KN Ws ‹1708›, VIR _ $supra $sigillum
783	KN Ws 8152	KN Ws 8152, LANA _ $supra $sigillum ($CMS II.8, Nr. 357) [1] ne-ki- -ri-de
784	KN Ws 1704	KN Ws 1704, JAC _ $supra $sigillum ($CMS II.8, Nr. 305) [3] o-pa pa-ta-ja
785	KN Ws 8153	KN Ws 8153, TELA^3+$TE _ $supra $sigillum ($CMS II.8, Nr. 419) [2] te-pa $vacat
787	KN Ws 8495	KN Ws 8495, JAC _ $supra $sigillum ($CMS II.8, Nr. 305) [3] pa-ta-ja _ $vacat o-pa
788	KN Ws 8496	KN Ws 8496, *$190 _ $supra $sigillum ($CMS II.8, Nr. 483) [1] $vacat $vacat
79	KN Np(2) 861	KN Np(2) 861, ]r°o° _ CROC _ N 1
790	KN Ws 8498	KN Ws 8498, _ $sigillum ($CMS II.8, Nr. 327) [1] o-pa ko-we
791	KN Ws 8500	KN Ws 8500, GRA _ $supra $sigillum ($CMS II.8, Nr. 507) [1] $vacat $vacat
792	KN Ws 8712	KN Ws 8712, e-po _ $supra $sigillum ($CMS II.8, Nr. 467) [1] $vacat $vacat
793	KN Ws 8753	KN Ws 8753, $sigillum ($CMS II.8, Nr. 308) [1] $vest. $vest.
795	KN Ws ‹8754›	KN Ws ‹8754›, $sigillum ($CMS II.8, Nr. 287) [1] ku-wa-ta o-pi a-nu-wi-'ko'
796	KN Vc(5) 53	KN Vc(5) 53, ko-ro-sa-no _ 1
797	KN Vc 54	KN Vc 54, po-ro-tu-qo-no
798	KN Vc(5) 55	KN Vc(5) 55, i-mo-ro-ne-u _ 1
80	KN Np(2) 1000	KN Np(2) 1000, ]-si-du-wo _ CROC _ N[
800	KN Vc(6) 64	KN Vc(6) 64, mi-ka-ta _ 1
802	KN Vc(5) 66	KN Vc(5) 66, pe-ka-wo
803	KN Vc(6) 67	KN Vc(6) 67, mi-ka-to
805	KN Vc(5) 72	KN Vc(5) 72, ka-pa-ri-jo
806	KN Vc(5) 73	KN Vc(5) 73, wa-na-ka ,°  [
807	KN Vc(6) 74	KN Vc(6) 74, po-ru-ka-to
808	KN Vc(6) 81	KN Vc(6) 81, a-ka-to-wa
809	KN Vc 83	KN Vc 83, ]ka-no
81	KN Np(2) 5002	KN Np(2) 5002, ]CROC _ N 1
810	KN Vc(5) 102	KN Vc(5) 102, e-wi-ta-jo
811	KN Vc(5) 106	KN Vc(5) 106, ] _ a-ki-re-u
812	KN Vc(5) 108	KN Vc(5) 108, za-ki-ri-jo
813	KN Vc(5) 123	KN Vc(5) 123, ]-qe-wa
814	KN Vc(5) 125	KN Vc(5) 125, da-o-ta _ 1
815	KN Vc(5) 126	KN Vc(5) 126, o-ko-te
816	KN Vc(5) 127	KN Vc(5) 127, e-u-o-mo[
817	KN Vc(6) 129	KN Vc(6) 129, e-pi-da-o _ 1
819	KN Vc(6) 171	KN Vc(6) 171, ]ri-to-wo _ 1
82	KN Np(2) 5008	KN Np(2) 5008, ]o° P _ 1°0°[
820	KN Vc(5) 68	KN Vc(5) 68, a-ka-i-jo _ 1
821	KN Vc(6) 170	KN Vc(6) 170, wo-ra-ke-re[
822	KN Vc(7) 173	KN Vc(7) 173, a-no-qo-ta , a°₃[ ↓ ____________ je[
823	KN Vc(5) 174	KN Vc(5) 174, pe-ri-to
824	KN Vc(5) 175	KN Vc(5) 175, a-pi-da-ta _ 1
825	KN Vc(5) 176	KN Vc(5) 176, po-ru-te-we _ 1
826	KN Vc(5) 177	KN Vc(5) 177, wa-ke-i-jo[ ↓ ______[[di]][
827	KN Vc(5) 179	KN Vc(5) 179, sa-u-ko
828	KN Vc(5) 181	KN Vc(5) 181, pi-ra-qo
829	KN Vc(5) 183	KN Vc(5) 183, pe-re-wa-ta
83	KN Np(1) 5013	KN Np(1) 5013, qa-sa-ro-we _ [ ]CROC _ P 1[
830	KN Vc(5) 184	KN Vc(5) 184, a-ro-wo-ta _ 1
831	KN Vc(5) 185	KN Vc(5) 185, a-ne-te-wa _ 1
832	KN Vc 188	KN Vc 188, te-re-ja-wo _ 1
833	KN Vc(5) 191	KN Vc(5) 191, wa-ke-i-jo
834	KN Vc(6) 195	KN Vc(6) 195, pe-ri-to-wo
835	KN Vc(6) 199	KN Vc(6) 199, a-pi-re-jo _ 1
836	KN Vc(6) 200	KN Vc(6) 200, pu-mo-ne-[
837	KN Vc(7) 201	KN Vc(7) 201, ta-ra-sa-ta  1 ___ [ ↓ ________________du[
839	KN Vc(6) 205	KN Vc(6) 205, a-ke-ra-no _ 1
84	KN Np(2) 5721	KN Np(2) 5721, ]-jo , / tu-qa-ni-ja-so _ CROC _ N 1°[
840	KN Vc(6) 206	KN Vc(6) 206, pa-pa-ro
841	KN Vc(5) 208	KN Vc(5) 208, ]a-re-jo _ 1
842	KN Vc(6) 211	KN Vc(6) 211, pa-sa-ko-me-no
843	KN Vc(5) 212	KN Vc(5) 212, e-re-pa-i-ro
844	KN Vc(6) 215	KN Vc(6) 215, a-ne-u-da _ 1 [
845	KN Vc(5) 216	KN Vc(5) 216, 1° _ di-wo-a-ne[
846	KN Vc(7) 285	KN Vc(7) 285, ]re-ka-se-ra-wo ↓? ] __$vac.
847	KN Vc(5) 287	KN Vc(5) 287, [[jo]] du-pi-jo
848	KN Vc 289	KN Vc 289, a-mi-ni-si-jo
849	KN Vc(5) 290	KN Vc(5) 290, wo-ro-to-qo _ 1°[
85	KN Np(2) 5725	KN Np(2) 5725, ] e-u-na-wo _ CROC _ N 1
850	KN Vc(5) 291	KN Vc(5) 291, me-ta-ri-ko-wo
851	KN Vc(2) 293	KN Vc(2) 293, di-wi-ja-wo _ 1
853	KN Vc 303	KN Vc 303, ]t°i°-ri-jo-qa ↓ ]w°i°
854	KN Vc(5) 312	KN Vc(5) 312, e-we-de-u
855	KN Vc ‹316›	KN Vc ‹316›, a-ke-ra-wo _ 1[
857	KN Ve 569	KN Ve 569, a-ta-no _ 1
858	KN Ve 5510	KN Ve 5510, ku-ru-ka _ 1
86	KN Np(2) 5980	KN Np(2) 5980, ]P 7 _ [
860	KN Ve 7517	KN Ve 7517, da-*83-jo _ 1
861	KN Ve 7518	KN Ve 7518, ka-na-a-po _ 1
862	KN Ve 7520	KN Ve 7520, ]ne-to _ 1
863	KN Vc(5) 7529	KN Vc(5) 7529, ]-wa-si-jo _ 1 __ [°
864	KN Vc(6) 7531	KN Vc(6) 7531, ]-di-so _ 1 ______ [°
865	KN Vc(5) 7532	KN Vc(5) 7532, ]ra-wo _ 1
867	KN Vc(5) 7534	KN Vc(5) 7534, ]ma-ra _ 1
868	KN Ve 7537	KN Ve 7537, ka-sa-to _ 1
87	KN Np(2) 5982	KN Np(2) 5982, _ $sup. $mut. ]CROC _ N 1
870	KN Vc(5) 7612	KN Vc(5) 7612, a₃-wa-ta
871	KN Vc(5) 7615	KN Vc(5) 7615, a-re-i[
872	KN Vc(5) 7616	KN Vc(5) 7616, pa-ra-ne _ 1[[ ]]
873	KN Vc(5) 7646	KN Vc(5) 7646, a-pi-[
874	KN Vc(5) 7837	KN Vc(5) 7837, ]-ra-ko _ 1 _ [
875	KN Vc(5) 7838	KN Vc(5) 7838, ]te-ta
876	KN Vc(5) 7840	KN Vc(5) 7840, ]nwa-re
877	KN Vc(5) 7842	KN Vc(5) 7842, ]ne-u
878	KN Vc(5) 7933	KN Vc(5) 7933, ]we-wa-ta
879	KN Vc 7941	KN Vc 7941, ]-re-wa
88	KN Np(2) 7417	KN Np(2) 7417, ] _ CROC[
880	KN Vc(6) 7943	KN Vc(6) 7943, i-ta[
881	KN Vc(1) 7974	KN Vc(1) 7974, ]no _ 1
882	KN Vc(5) 7982	KN Vc(5) 7982, ]-ro
883	KN Vc(5) 7983	KN Vc(5) 7983, i-[
884	KN Vc(5) 8127	KN Vc(5) 8127, qe-na-[
885	KN Vc(6) 9128	KN Vc(6) 9128, ka-di-ja[
886	KN Vc(5) 9133	KN Vc(5) 9133, qe-r°e°[
887	KN Vd 62	KN Vd 62, ]w°e°-ro : a-ka-i-jo :[
888	KN Vd 136	KN Vd 136, ] : wa-na-ka[
889	KN Vd 138	KN Vd 138, ]-me-no : da-te-[
89	KN Np(2) 7418	KN Np(2) 7418, ]CROC _ N 1
890	KN Vd 7545	KN Vd 7545, o-[ _____]$vest. : ko-to : pe-qe-u : o-ko-te : $vacat
891	KN Vc 7575	KN Vc 7575, ke-pu₂-j°e°-u _ 1 _ [
892	KN Vd 137	KN Vd 137, a-ta-ti-n°u° : si-w°a°-[
894	KN Vc(6) 8643	KN Vc(6) 8643, ]t°i° _ 1
895	KN Vc(6) 65	KN Vc(6) 65, ka-ra-na-ta _ 1
896	KN Vc(5) 203	KN Vc(5) 203, ra-wo-ti-jo _ 1[
897	KN Vc ‹295›	KN Vc ‹295›, ]ma-ti-ko _ 1
898	KN Vc ‹317›	KN Vc ‹317›, ti-ma _ 1 [ ↓? a[
899	KN Ve 5523	KN Ve 5523, qe-ra-jo _ [
9	KN Nc 4484	KN Nc 4484, to-so , a-pu-do-so[-mo __ a-]mi-ni-so _ M 20
90	KN Np(2) 7420	KN Np(2) 7420, ] _ CROC _ P°[
900	KN Ve 7533	KN Ve 7533, ]-to _ 1° _ [ _ $inf. $mut.
901	KN Vc(6) 7540	KN Vc(6) 7540, ]pa-ta _ 1
902	KN Wb(1) 5664	KN Wb(1) 5664, _ $sup. $mut. ] OVIS^m _ $inf. $mut.
903	KN Ws 1701	KN Ws 1701, *$185 _ $supra $sigillum ($CMS II.8, Nr. 222) [1] _ $vacat ma-se , wi-r°a°₂-[•]
904	KN Ws 1705	KN Ws 1705, $sigillum ($CMS II.8, Nr. 305) [3] pa-t°a°-ja $vacat
905	KN Ws 8494	KN Ws 8494, $sigillum ($CMS II.8, Nr. 510) [1] $vacat *$257
906	KN Ws 8497	KN Ws 8497, AES _ *$246 _ $supra $sigillum ($CMS II.8, Nr. 419) [2] ke-ni-qa a-sa-mi-to
908	KN U 7768	KN U 7768, ]e-sa-re-w°i°-j°a°[ __ ]$vest. '$w°a°' *$260  1[
909	KN Nc 4473	KN Nc 4473, zo-wa __ 'tu-ri-jo' _ [ __ ] $vacat
91	KN Np(2) 7421	KN Np(2) 7421, ] _ CROC[
911	KN Nc 4486	KN Nc 4486, *22-ja-ro ___ [
912	KN So 4487	KN So 4487, ] __ e-ri-ko[ ]qa-ka-na-pi[
913	KN Nc 4492	KN Nc 4492, si-ja-pu₂-[
914	KN Xg 4495	KN Xg 4495, pa-pu[
915	KN Sp 5102	KN Sp 5102, ]k°o° / _ pa-ra-ku[
916	KN Xf 5104	KN Xf 5104, ]°pa-i-to , e[
918	KN Xf 5115	KN Xf 5115, o-pi[ / ]-w°a°-ta _ ,° / p°i°[
919	KN Xf 5125	KN Xf 5125, ] _ o-pe-r°e°[ _ $inf. $mut.
92	KN Np(1) 7422	KN Np(1) 7422, ]r°a° _ CROC[
920	KN Xf 5573	KN Xf 5573, ]-ra-i-ja _ [ _ $inf. $mut.
921	KN Xf 6004	KN Xf 6004, ]°na-pu-[ _ $inf. $mut.
922	KN Xg 8101	KN Xg 8101, ]su-ra , ka-ta-ro , ku-ri-sa-to , ra-wi[ ]r°o° , ______________________________ [ ] _ $vacat ______________________ [
923	KN Xf 8107	KN Xf 8107, ] e-re-pa-te-o[
924	KN Xf 8298	KN Xf 8298, ]-qe[ _ $inf. $mut.
925	KN Xf 8322	KN Xf 8322, ]1°4 _ $inf. $mut.
926	KN Xf 8719	KN Xf 8719, _ $sup. $mut. ]k°a°-[ _ $inf. $mut.
927	KN Xf 8731	KN Xf 8731, _ $sup. $mut. ]k°i°-[
928	KN Xf 8764	KN Xf 8764, i°[ _ $inf. $mut.
929	KN Xf 8827	KN Xf 8827, ]1° ] $vac. _ $inf. $mut.
93	KN Np(1) 7423	KN Np(1) 7423, wa-to _ CROC[ ___ ]N 2 [ ↓ ri-no ___ M [ ___ ] P 2[
930	KN Xf 8835	KN Xf 8835, ]*22-je-m°i°[ _ $inf. $mut.
931	KN Xf 9944	KN Xf 9944, ]$vest.[ _ $inf. $mut.
932	KN Xf 9945	KN Xf 9945, ]1° _ [ ] $vac. [
933	KN Xf 9946	KN Xf 9946, _ $sup. $mut. ] $vac. [ ] $vacat
934	KN Xf 9947	KN Xf 9947, _ $sup. $mut. ]3°4°[
935	KN Xd 58	KN Xd 58, ra-to / pa-ta-re[
936	KN Sc(6) 70	KN Sc(6) 70, ]o-ka[
937	KN Xd 75	KN Xd 75, di-ka[
938	KN Sc(6) 78	KN Sc(6) 78, ku-ka-ra-re[
939	KN Np(1) 80	KN Np(1) 80, ]p°e°-ka-wo , // ku-ta-to[
94	KN Np(1) 7424	KN Np(1) 7424, ]CROC[ _ $inf. $mut.
940	KN Sc(6) 82	KN Sc(6) 82, a-ka-me-ne[
941	KN Xd 84	KN Xd 84, a-ka-to[
942	KN Xd 86	KN Xd 86, ka-wi[
943	KN Xd(5) 92	KN Xd(5) 92, ]ru-po-to[
944	KN Vc(7) 94	KN Vc(7) 94, ki-je-u , / a-pi-ja-re  ↓ ______ tu ___________
945	KN Xd 97	KN Xd 97, di-wi-je-ja / di-wi-ja __ [
946	KN Xd 98	KN Xd 98, ki-si-wi-je-ja / pe-ra₂-w°o°[
947	KN Sc(6) 99	KN Sc(6) 99, ]-wi-jo
948	KN Xd 100	KN Xd 100, ]*47-da , / mi-ko[
949	KN Xd 105	KN Xd 105, ]no , / i-ja • // di / i-*65-ke-o , [
95	KN Np(2) 7439	KN Np(2) 7439, ]C°R°O°C° _ N 1
950	KN Xd 107	KN Xd 107, ________ o[ ma-ki / pa[
951	KN Vc 110	KN Vc 110, a-ku-di-ri-jo _ [
952	KN Sc(6) 112	KN Sc(6) 112, a-ku-di-ri[
953	KN Xd 116	KN Xd 116, ]°o-ke-te , a-e[ ]° e-ro-e-o __ [
954	KN Xd 119	KN Xd 119, ]-ne-ri-jo , e-[
955	KN Xd 122	KN Xd 122, ]ja / qe-re-wa , __ [°
956	KN Xd 131	KN Xd 131, da-*22-to , wo-no-da[
957	KN Xd 140	KN Xd 140, da-pu-ri-t°o°[ pa-ze-qe , ke-wo[ *47-ta-qo[ *47-[ _ $inf. $mut.
958	KN Sc(6) 141	KN Sc(6) 141, pu-ra-ko[
959	KN Sc(6) 142	KN Sc(6) 142, pu-ko-r°o°[
96	KN Np(1) 7441	KN Np(1) 7441, ]2° _ P 1
960	KN Vc(2) 143	KN Vc(2) 143, i-ke-se _ [
961	KN Xd 146	KN Xd 146, _ $sup. $mut. ________ ] _ $vac. ______ [ k°u°-t°a°-i-to / a-pi-do-ro[ ma-u-do[ i-ja-wo-ne[ _ $inf. $mut.
962	KN F(1) 148	KN F(1) 148, ro-a , ku[ ________ ]O°L°E° 121 S 2 qa-mo[ ____________ ]O°L°E° 16°7 ____[ $vac.[ ______________] $vacat
963	KN Xd 149	KN Xd 149, _ $sup. $mut. $vac.[ e-ra [ tu-ni-ja ___ [ ri-u-no ____ [ __ ]to ____ [ _ $inf. $mut. → _ $sup. $mut. ]o _ 70 _ [ _ $inf. $mut.
964	KN Xd 154	KN Xd 154, ra-wa-ke-s°i°[ ma-ke-ra-mo[ qa-ra-su-ti-jo[ i-da-ra-ta __ [ [•]-to-ko-ro _ [ ___ ]$vest.[ _ $inf. $mut. → _ $sup. $mut. ] _ $vacat ] _ $vacat ] _ $vacat _ ]1 _ $inf. $mut.
965	KN Ce 166	KN Ce 166, _ [•-•] , a-qi-ra [ e-u-ru-da-mo ____ [ ]s°o°-tu-wo-no ____ [ __ ] _ $vac. _____ [
966	KN Xd 167	KN Xd 167, ] , do-ri-wo [°
967	KN Xd 168	KN Xd 168, ko-no-si-jo _ [ ru-ki-ti-jo _ [
968	KN Xd 169	KN Xd 169, ]k°u°-do-ni-jo[
969	KN Xd 182	KN Xd 182, a-re-u-ke[
97	KN Np(2) 7442	KN Np(2) 7442, ]CROC _ P [
970	KN Xd(5) 186	KN Xd(5) 186, ko-ma-ra[
971	KN Sc(6) 189	KN Sc(6) 189, a-re-se-[
972	KN Sc(6) 197	KN Sc(6) 197, wo-no-qi-[
973	KN Xd 202	KN Xd 202, ]ja , u-ta-no , [ ] _ $vac. ______ [
974	KN Ag 204	KN Ag 204, du-ni-jo[
975	KN Sc(4) 207	KN Sc(4) 207, _____$vest.[ pa-pa-ro / r°a°[
976	KN Xd(5) 209	KN Xd(5) 209, ma-ti-ri[
977	KN Xd 214	KN Xd 214, ]j°a° , / na-u-si-ke-re[
978	KN V(1) 282	KN V(1) 282, ke-re-wa , wo-do _ [
979	KN Xd ‹292›	KN Xd ‹292›, te-u-to-ri-*6°5°[
98	KN Np(2) 7447	KN Np(2) 7447, ]$o P 1°[
980	KN Np(1) 294	KN Np(1) 294, ti-ri-jo-qa[
981	KN Xd ‹296›	KN Xd ‹296›, qe-re-wa[
982	KN Vc(1) 297	KN Vc(1) 297, e-ru-ti-ri-j°o°[
983	KN Sc(5) 298	KN Sc(5) 298, ta-ra-i B°I°G°[
984	KN Xd ‹299›	KN Xd ‹299›, e-ko-so-wo-ko[
985	KN Xd ‹300›	KN Xd ‹300›, a-qi-ra[
986	KN Xd ‹301›	KN Xd ‹301›, ma-se[
987	KN Xd ‹302›	KN Xd ‹302›, e-na-i-jo[
988	KN Xd ‹304›	KN Xd ‹304›, ]e-ri-ta-ri-jo[
989	KN Xd ‹305›	KN Xd ‹305›, ]ra-ke-re-we[
99	KN Np(1) 7508	KN Np(1) 7508, ]$RO 1 _ Q 1
990	KN Xd ‹306›	KN Xd ‹306›, ]-ta , a-ke[
991	KN Xd ‹307›	KN Xd ‹307›, do-qi[
992	KN Xd ‹308›	KN Xd ‹308›, po-ki[
993	KN Xd ‹309›	KN Xd ‹309›, ]pa-no , qa[
994	KN Xd ‹310›	KN Xd ‹310›, ]s°e°-ke-ru-pa-ko-[
995	KN Xd ‹313›	KN Xd ‹313›, e-we-wa[ ↓? a[
996	KN Xd ‹314›	KN Xd ‹314›, ru-ki-ti-ja[
997	KN Xd ‹318›	KN Xd ‹318›, ]e-pi-ta
998	KN Xd ‹319›	KN Xd ‹319›, te-me-u[
999	KN Xd ‹320›	KN Xd ‹320›, ]a-pa-te[
