text	value	surface	kind	subject	context
duran_v1_scanA	1000	mil	words	other	 varias, y en alguna parte ofrecia dar una coleccion completa de ellas. no la formo, o corrio la mala suerte que otros mil monumentos de su genero. algunas de aquellas nos hacen mas sensible y lamentable la perdida de ese deposito de la orato
duran_v1_scanA	1000000	millones	words-millon	person	ros, que serian 109 de la mar, ejercitada en aquel menester mas que en ardides de guerra se atreviesen a acometer a millones de indios que en la tierra auia, encaminada todo por la mano del supremo senor, que fue' su divina voluntad se cumplies
duran_v1_scanA	1000000	millones	words-millon	person	ntad se cumpliese lo a estas gentes prometido en la sagrada escriptura, y que trescientos hombres acometiesen a tantos millones de gentes, y que todos aquellos millones de gentes tuviesen un coraron tan asombrado y cobarde, que huyesen de los tre
duran_v1_scanA	1000000	millones	words-millon	person	tido en la sagrada escriptura, y que trescientos hombres acometiesen a tantos millones de gentes, y que todos aquellos millones de gentes tuviesen un coraron tan asombrado y cobarde, que huyesen de los trescientos, el qual hoy en el dia le tienen
duran_v1_scanA	1000	mil	words	other	, langostas que los afligian, granitos que les destruian sus simenteras que por los caminos renian sembrando, con odas mil maneras de trabajos y angustias que alio en sus historias: tambien es de creer que traian caudillos y sacerdotes que lo
duran_v1_scanA	820	ochocientos y veinte	words	other	a. salieron estas naciones indianas de aquellas siete cuevas, donde auian auitado mucho tiempo, el ano del senor de ochocientos y veinte: tardaron en llegar a esta tierra mas de ochenta anos, por las grandes pausas y demoras que venian haciendo ; conviene
duran_v1_scanA	602	seiscientos y dos	words	other	manera que los mexicanos poseyeron esta tierra trescientos y un anos despues que a ella llegaron, y las demas naciones seiscientos y dos. el de xuchimilco, como primero en su llegada, despues de auer rodeado todo el circuito de la laguna grande, pareciend
duran_v1_scanA	1000	mil	words	other	es de muchas diferencias, asi de la tierra como de espana, de donde se proveen todas las ciudades comarcanas; llena de mil diferencia de flores odoriferas, unas mejores que otras. riquisima de algodon, donde acude el trato de toda la tierra 
duran_v1_scanA	1000	mil	words	other	te en celada s, y otros que con mucho secreto les hurtasen las armas de rodelas y porras y espadas de palo, con otros mil generos de armas que para ofender tenian, y auiendoles fingido la paz y dado de comer, auiendoles hurtado las armas, es
duran_v1_scanA	1000	mil	words	other	" sitio donde puedan hacer una ciudad; mirad que lugar os parece que se les de.""' auido entre todos su consejo, lleno de mil contradiciones, demandas y respuestas, mostrandose •1 refierese probablemente al arma mexicana, llamada atlatl, espec"
duran_v1_scanA	420	y quatrocientos y veinte y	words	other	y itzcoatl, y los vecinos de la ciudad muy alegres y consolados con la election, la qual election fue el ano de r.ull y quatrocientos y veinte y qualro, luego einpeco a entablar las cosas de la guerra y a prouer en las cosas necesarias para ella. viendo y conocie
duran_v1_scanA	400	quatrocientas	words	person	y despues de dexar contentos a todos los principales y senores hermanos mios y tuyos, y que despues de auellos dado a quatrocientas baras 2 a cada uno, pues no uvo saco ni robo de que los soldados se suelen hacer pago de su trauajo, 1 vease la lamin
duran_v1_scanA	1000	mili	words	person	a un- lugar que llaman tecuitlatenco, hicieron alto y esperaron la armada de mexico que venian por la laguna, que eran mili canoas, muy bien ademadas de gente y paueses con gran numero de fisgas y varas arrojadicas, flechas y rodelas y de hombr
duran_v1_scanA	500	quinientos	words	person	iaron ser trescientos soldados valerosos, sin otra gente comun, que eran hasta ducientos, de manera que por todos eran quinientos chalcas, los quales los llenaron a mexico, y luego otro dia que llegaron, con parecer de tlacaeu i y del rey, sin mas 
duran_v1_scanA	500	quinientos	words	person	 sacrificados a su dios vitzilopochtli, cumpliendo el voto que auia hecho, y ensangrentaron el templo con la sangre de quinientos hombres, y haciendo un sacrificio de fuego, el mas terrible y orrendo que se pudo pensar, quel que uviere leido la rela
duran_v1_scanA	22000	diez y doce mili	words	person	 contender con ellos por tener las mas principales prouincias a su mandado y en su favor, pues a su voz salian dellas diez y doce mili hombres de guerra, todos muy bien aderezados, y si pedian veinte mili se los danan, y si quarenta mil lo mesmo, conform
duran_v1_scanA	20000	veinte mili	words	person	y en su favor, pues a su voz salian dellas diez y doce mili hombres de guerra, todos muy bien aderezados, y si pedian veinte mili se los danan, y si quarenta mil lo mesmo, conforme a lo que en sus contrarios sentian de valor y gente; y fueron tan po
duran_v1_scanA	40000	quarenta mil	words	other	alian dellas diez y doce mili hombres de guerra, todos muy bien aderezados, y si pedian veinte mili se los danan, y si quarenta mil lo mesmo, conforme a lo que en sus contrarios sentian de valor y gente; y fueron tan poderosos, que cien mil hombres qu
duran_v1_scanA	100000	cien mil	words	person	 y si quarenta mil lo mesmo, conforme a lo que en sus contrarios sentian de valor y gente; y fueron tan poderosos, que cien mil hombres que quixesen poner en campo. los ponian con mucha facilidad con solo mandallo. oyda esta nueva de la rebelio
duran_v1_scanA	1000	mil	words	person	ias y escuadrones para la guasteca. luego que la gente empego a salir, los viejos superticiosos y amigos de inventar mil cirimonias, auian ensenado a las mugeres de los que iban a la guerra a hacer algunas superaciones, las quales hacian y 
duran_v1_scanA	2000	dos mili	words	person	icieron echar en tierra, tendidos todos en el suelo con sus rodelas y espadas en las manos, como en celada, que serian dos mili hombres de todas las prouincias, j mandaron que los cubriesen con paja a todos, que no pareciese que alliauia hombre. lu
duran_v1_scanA	1000	mil	words	other	uel pueblo topauan, aporreauanlos y quitabanles quanto tenian, deshonrraudolos, destruianlos las sementeras, hacianlos mil injurias y danos. temblaba la tierra dellos. quaudo lo nacian de bien, (piando se auian bien con ellos, tanto lo hacian
duran_v1_scanA	1000	mili	words	other	dela, cargauanle a cuestas, en una carguilla, pedacos de almagra y pedaeos de tizne y plumas de aguila y papel y otras mili burlerias, y enviauanlo con un mensaje al sol que se pusiese,2 que sus caualleros quedauan a su seruicio y que le daua
duran_v1_scanA	20000	veinte mil	words	other	e apercibiesen los exercitos, y asi fue puesto luego por obra; y era tan facil, que en echando el bando, luego salian veinte mil combatientes con sus armas, espadas y rodelas, que era cosa de ver el 1 ramilletes, el ceremonial mexicano exigia so p
duran_v1_scanA	1000	mili	words	other	ueros de tigres y leones manchados, que desde en adelante los diesen blancos, y que tributasen culebras vivas y otras mili sauandijas, que solo por dalles molestia y pesadumbre y onerallos4 mas se las impusieron y inventaron; y asi montecuma 
duran_v1_scanA	1000	mili	words	person	yas, gran cantidad de piedras verdes de hijada y de piedras de cristal y cornerinas y de sangre, piedras de ambar y de mili generos de piedras a que aquesta gente es aficionada en gran manera: y asi su principal ydolatria siempre se fundo en a
duran_v1_scanA	1000	mili	words	other	himecas tributaban, delicadisimamente labradas y pintadas de colores, en ellas escudos con aguilas doradas y con otras mili armas, y deuisas en ellas, y destas muchas y gran cantidad; pajaros vivos tributaban estas naciones a los mexicanos de 
duran_v1_scanA	1000	mili	words	other	e, tributauan de todos cuantos generos de fruta ay en aquellas prouincias, pifias, platanos, anonas, mameis, de otros mili generos de capotes y golosinas que en aquellas pro212 vincias se crian de guayauas, peruetanos, capotes amarillos y ne
duran_v1_scanA	1000	mili	words	other	 y tres generos: tributauan tifias prouincias indos los dias desta vida grandes cargas di' rosas ne:has y aderezadas de mili diferencias de rosas, porque las ay en esta tierra caliente muchas y muy olorosas, unas mejores que otras de delicado 
duran_v1_scanA	1000	mil	words	other	equentemente la comian, y lo que mas camino trac, es el ser persuadido y alumbrado o cegado del demonio para inventar mil generos de crueldades y muertes, como dexo ordenadas antes que muriese, y era tan seguido y creido su consejo, que no s
duran_v1_scanA	600	seiscientos	words	person	n, y yo acudire con el numero que mi sola ciudad pudiere dar y sere el primero, y el numero que quiero que vayan, sean seiscientos vecinos casados, con sus mugeres y hijos, y les doy y hago donacion de aquella tierra, que la repartan entre si, y hago
duran_v1_scanA	2000	dos mili,	words	other	r con ella, la qual pusieron a un canto de la placa, contra la qual salieron gran multitud de mancebos, que pasauan de dos mili, deseosos de ganar el premio que su nuevo rey les prometia, los quales todos eran hijos y parientes muy cercanos de seno
duran_v1_scanA	1000	mili	words	person	latzincas pensaron la mesma malicia que los mexicanos, y fue que mandaron a un valeroso capitan de su exercito que con mili hombres se quedase en una emboscada y que harian que se retirauan hasta metellos en la emboscada y que saliese de refr
duran_v1_scanA	24000	veinte y cuatro mili	words	other	ntados los unos y los otros, porque queria sauer que numero de gen288 te lleuaua; y hecho su mandado aliaron que auia veinte y cuatro mili combatientes, y creyendo era suficiente exercito para sujetar u bfechnacan y a otra mayor prouincia, mando partiese el 
duran_v1_scanA	40000	quarenta mili	words	person	ponian por alli el oydo y escuchauan todo lo que en el exercito se trataua; y alcanzaron a sauer como el tarasco traia quarenta mili hombres de guerra y que las armasen que mas estribaua eran las hondas y varas tostadas arrojadizas, arcos y flechas y m
duran_v1_scanA	1000	mili	words	person	 trae quarenta 1 tiendas de campana. - ln - t , o tunel, como hoy se le denomina, olvidando el castellano. 289 mili hombres, todos gente robusta, alta y valiente: ya veis que nos sobrepuja en diez y seis mili hombres; ¿que os parece qu
duran_v1_scanA	16000	diez y seis mili	words	person	na, olvidando el castellano. 289 mili hombres, todos gente robusta, alta y valiente: ya veis que nos sobrepuja en diez y seis mili hombres; ¿que os parece que deuemos hacer? los grandes, viendo la flaqueca que el rey mostraua, lo animaron y esforzaro
duran_v1_scanA	1000	mili	words	other	o vino ante el rey, mostrando pesar del mal suceso del dia pasado, le hico una platica consolatoria y alcauo le ofrecio mili cargas de flechas y de rodelas y espadas y hondas y otros generos de armas que ellos usauan, ofreciendole gente de guer
duran_v1_scanA	400	quatrocientos, y	words	other	liaron que de los mexicanos auian escapado solo ducientos, y de los tezcucanos quatrocientos, y de los tepanecas otros quatrocientos, y de los chalcas otros quatrocientos, y de los xuchimilcas y de toda la chinampa otros quatrocientos; de los otomites, qu
duran_v1_scanA	400	quatrocientos, y	words	other	pado solo ducientos, y de los tezcucanos quatrocientos, y de los tepanecas otros quatrocientos, y de los chalcas otros quatrocientos, y de los xuchimilcas y de toda la chinampa otros quatrocientos; de los otomites, que es la cuauhtlalpan, do auian escapa
duran_v1_scanA	400	quatrocientos	words	other	 tepanecas otros quatrocientos, y de los chalcas otros quatrocientos, y de los xuchimilcas y de toda la chinampa otros quatrocientos; de los otomites, que es la cuauhtlalpan, do auian escapado sino trescientos, pocos mas, y de toda la tierra caliente
duran_v1_scanA	20000	veinte mili	words	person	trescientos, pocos mas, y de toda la tierra caliente, muy pocos; de suerte que se hallo que auian muerto en la guerra veinte mili hombres, antes mas que menos. hecha la cuenta y visto el numero de los que faltauan, enviaron luego sus mensajeros a tla
duran_v1_scanA	420	quatrocientos y veinte	words	person	mpecaron a maniatar tantos presos, que pensando auer licuado lo mexor de la batalla, venidos a la quenta aliaron menos quatrocientos y veinte soldados que de aquel rencuentro les auian lleuado, y contados los que en su poder auia, aliaron setecientos, y aunque 
duran_v1_scanA	700	setecientos, y	words	other	uatrocientos y veinte soldados que de aquel rencuentro les auian lleuado, y contados los que en su poder auia, aliaron setecientos, y aunque les peso y tuvieron gran dolor de sus hijos y hermanos, pero consolose el rey con decir a la gente del exercito
duran_v1_scanA	420	quatrocientos y veinte	words	person	 la otra mitad llevauan todas las cauelleras sueltas y tendidas en senal de luto y tristeca, por auer perdido aquellos quatrocientos y veinte hombres; y haciendo todas las cerimonias que solian, haciendo pasar a los presos por junto al ydolo y comer de la tier
duran_v1_scanA	700	setecientos	words	person	el hasta que se cansaua., y luego aquellos que representauan los dioses sucesivamente, hasta que se acauaron aquellos setecientos hombres presos que de la guerra de tliliuhquitepec auian traido; los quales acauados, quedando todos tendidos junto al 
duran_v1_scanA	2000	dos mil	words	other	on del qual salian todos aquellos senores y reyes y hacian un solene bayle y muy pausado y graue. al qual saldrian sus dos mil 319 senores y caualleros y principales, todos vestidos y aderezados muy curiosamente a costa del rey y de sus tesoros
duran_v1_scanA	1000	mili	words	person	a, y entre los unos y los otros se trabo una brava escaramuza; pero los mexicanos que siempre eran manosos y usauan de mili enganos y ardides de guerra, hicieron de la gente tezcucana y de la tepaneca, xuchimilca y chalca el cuerpo y rostro de
duran_v1_scanA	1000	mili	words	other	 la piedra del sol los sacrificaron a todos, y por no me alargar, pues la ystoria asi lo quenta. entiendo fueron casi mili los (pie alli murieron en la coronacion del rey auuzotl; lo (pial concluido, otro dia se despidieron los reyes y senore
duran_v1_scanA	1000	mili y	words	other	"ego que dio fin u esta guerra el rey. auitzotl, de que eraos venido tratando, el ano segundo de su reinado, que fue de mili y quatrocicntns y ochenta y siete, que ellos eontauan ocho canas,"" determino de dar fin al edificio del templo y aeauallo "
duran_v1_scanA	80400	ochenta mili y quatrocientos	words	person	y tliliuhquitepecas y cholultecas y tecoacas y cacatecas, capotecas y guastecas, tzincoacas y tu^apanecas y tlapanecas, ochenta mili y quatrocientos ' hombres que sacrificar en la estrena del templo de mexico y solenidad del, de 16 quat satisfecho el rey, sentandose e
duran_v1_scanA	80000	ochenta mili y	words	person	 turo este sacrificio quatro dias arreo, desde la manana hasta puesta del sol, y que murieron en el, como dexo dicho, ochenta mili y quatrocicntos hombres de diversas provincias y ciudades, lo qual se me higo tan increible, que si la historia no me fo
duran_v1_scanA	80000	ochenta mili	words	other	 lugar de las calauernas, y que las que asta entonces auian estado, fuesen quemadas; y asi fue hecho, que trayendo las ochenta mili calauernas y quatrocientas mas, fueron puestas en la recien hecha palicada, todas espetadas por las sienes, y todas la
duran_v1_scanA	400	y quatrocientas	words	other	s, y que las que asta entonces auian estado, fuesen quemadas; y asi fue hecho, que trayendo las ochenta mili calauernas y quatrocientas mas, fueron puestas en la recien hecha palicada, todas espetadas por las sienes, y todas las que quitaron quemaron y hi
duran_v1_scanA	400	quatrocientas	words	other	uy ecesivos tributos en castigo de su reuelion, a los quales, segun la ystoria, mando le tributasen cada ochenta dias quatrocientas cargas de cacao y diez cargas de mantas y otras tantas de ropas mugeriles, con otras cosas de frutas y comidas y de tod
duran_v1_scanA	400	quatrocientos	words	person	por tanto, yo e pensado en ello, y considerando ser aquellas ciudades populosas y grandes, quiero enviar de mi ciudad quatrocientos vecinos casados, que de mi parte vayan, y que cada uno de vosotros envie de su prouincia otros quatrocientos, que sean
duran_v1_scanA	400	quatrocientos,	words	other	i ciudad quatrocientos vecinos casados, que de mi parte vayan, y que cada uno de vosotros envie de su prouincia otros quatrocientos, que sean por todos mili doscientos, y que de todas las demas prouincias vayan cada veinte vecinos que se juntaran, otr
duran_v1_scanA	1200	mili doscientos, y	words	person	ados, que de mi parte vayan, y que cada uno de vosotros envie de su prouincia otros quatrocientos, que sean por todos mili doscientos, y que de todas las demas prouincias vayan cada veinte vecinos que se juntaran, otros ochocientos, de suerte que vayan dos
duran_v1_scanA	800	ochocientos,	words	person	 sean por todos mili doscientos, y que de todas las demas prouincias vayan cada veinte vecinos que se juntaran, otros ochocientos, de suerte que vayan dos mili vecinos, mili para cada ciudad. el rey de tezcuco replico, que le parecia bien su determina
duran_v1_scanA	2000	dos mili	words	person	 y que de todas las demas prouincias vayan cada veinte vecinos que se juntaran, otros ochocientos, de suerte que vayan dos mili vecinos, mili para cada ciudad. el rey de tezcuco replico, que le parecia bien su determinacion y que aquello no era cos
duran_v1_scanA	1000	mili	words	person	s demas prouincias vayan cada veinte vecinos que se juntaran, otros ochocientos, de suerte que vayan dos mili vecinos, mili para cada ciudad. el rey de tezcuco replico, que le parecia bien su determinacion y que aquello no era cosa nueva en en
duran_v1_scanA	400	quatrocientos	words	person	 que aquello no era cosa nueva en enviar a poblar tierras desiertas, que ya otras veces se auia hecho; pero que sacar quatrocientos vecinos de la ciudad de mexico, que le parecia inconviniente y mucha quiebra para la republica mexicana; que no era su 
duran_v1_scanA	1000000	un millon	words-millon	person	ible de escriuir, pues de cada prouincia y ciudad venian, de ochenta en ochenta dias, a traer el tercio de su tributo un millon de indios cargados, con quantos generos de cosas y savandijas la tierra produce; y no sera encarecimiento, pues se lee 
duran_v1_scanA	200000	docientos mili	words	person	o, de lo qual fue* dada noticia al rey auitzotl, como todas las gentes estaban muy a punto y que hallaban auria juntos docientos mili soldados, sin otra mucha gente de carga que iba, y muchachos que se holgaban de ir con el exercito, toda gente muy luc
duran_v1_scanA	300000	trecientos mil	words	person	on sus riqueeas y atavios be senalauan entre toda la demas gente. luego partio todo el exercito, que entre todos yrian trecientos mil hombres, con los que de aquellas prouincias se les auia juntado, todos los quales fueron ti hacer alto en terminos de u
duran_v1_scanA	60000	sesenta mil	words	person	er las albarradas, y subio tan de improuiso tanta gente sobre ella, que dexandose descolgar dentro de la ciudad mas de sesenta mil soldados, con las espadas y las rodelas atadas a los cuellos, empegaron a hazer lo que solian, que era matar y robar, ta
duran_v1_scanA	5100	cinco mil y ciento,	words	person	los, les dexo un gouernador y partio para mexico con todo su exercito, llevando los presos por delante, los quales eran cinco mil y ciento, los que entre todas las companias auian captivado, repartiendo todos los despojos a los soldados y a los senores, con m
duran_v1_scanA	1000	mil	words	person	na, y no solo en esto, pero en la abundancia de la comida, ile la qual, quenta la historia, que enfrailan cada dia, de mil indios para arriba cargados, en mexico, de venados que era principal carne que coniian y de conejos, liebres y codornice
duran_v1_scanA	8000	ocho mil, y	words	other	a carneros o uacas, y no lo encaresco muncho, pues auia dias de dos mil, tres mil hom431 bres sacrificados, y dia de ocho mil, y otros de a cinco mil, la qual carne se confian y hacian fiesta con ella despues de auer ofrecido el coracon al demonio
duran_v1_scanA	5000	cinco mil,	words	other	no lo encaresco muncho, pues auia dias de dos mil, tres mil hom431 bres sacrificados, y dia de ocho mil, y otros de a cinco mil, la qual carne se confian y hacian fiesta con ella despues de auer ofrecido el coracon al demonio. ' acabado el sacri
duran_v1_scanA	8000	ocho mil	words	other	ceme que el p. duran no quiso decir en este periodo lo que el suena; esto es, que en cada fiesta sacrificaban de dos a ocho mil victimas: tal especie seria aun absurda, pues conocemos el ritual y sabemos cual era el numero ordinario, segun la fest
duran_v1_scanA	1000	mil	words	other	de buen coracon y blandas entranas, como ellos dicen, hacen muy poco caso del, y en lugar de agradalle le hacen beber mil hieles; y asi queriendo estas prouincias ver y experimentar el brio con que monteguma entraua a reynar, manda1 ministros
duran_v1_scanA	10000	diez mil	words	person	era racion tener; la qual despues, andando el tiempo, libro a toda su ciudad y a su marido, avisandole do una celada de diez mil mexicanos que estauan encubiertos dentro de tequantepec, enviados por montegujna para destruylla, a causa de que despue
duran_v1_scanA	10000	diez mil	words	person	 forasteros y guespedes tuviese en su casa, sin que quedase nenguno a vida, lo qual se executo y mataron aquella noche diez mil soldados muy valerososy valientes, todos mexicanos que auian llegado, los quales iban entrando poco a poco. pero tornan
duran_v1_scanA	400000	quatrocientos mili	words	person	xico tan solo que casi no parecia gente en la ciudad, porque fue a esta guerra gente que cubria el sol, que pasauan de quatrocientos mili combatientes, todos gente muy lucida y bien aderecada, en lo qual se esmero monteguma, mas que ninguno de sus anteceso
duran_v1_scanA	100000	cien mili	words	person	batalla. monteguma mando que saliese al campo la gente tezcucana sola, con toda su prouincia, que por lo menos serian cien mili combatientes, y salidos al eampo empegaron una renida batalla, la qual buro iodo el dia. sin poderse conocer ventaja en
duran_v1_scanA	100000	cien mili	words	person	enalado, que fue a una aldea que se dice atzitziuacan, subjeta de papayocan. recogido alli todo el exercito, que eran cien mili soldados y gente muy illustre y principal de todos tres reynos, muy galanos, costosos y vistosos, donde salieron los v
duran_v1_scanA	200000	doscientos mili	words	person	"se el rey en mexico; y dado auiso de que todos fuesen a hacer alto a ^apotitlan, dentro de quinto dias se hallaron alli doscientos mili hombrea"" de guerra de todas las prouincias, gente muy lucida, los quales muy en orden vinieron a los terminos de yancui"
duran_v1_scanA	1000	mil,	words	person	 llegada la fiesta de los desollados, fueron sacrificados los indios presos que truxeron de yancuitlan, que pasaron de mil, con la muerte de los quales se acabo la fiesta, k la qual fueron convidados los de la otra parte de la sierra nevada, 
duran_v1_scanA	4000	quatro mili	words	person	, que por lo menos serian 1 o tecutepec, segun so lee en la coleccion de mendoza. 2 teuctepecas. 59 458 como quatro mili soldados de todos tres exercitos, y empegaron a uauar refriega y escaramuce con los de la ciudad, y salio tanta gente d
duran_v1_scanA	2300	dos mili y trescientos,	words	person	rque tenia quatro cercas altisimas y la gente muncha y muy belicosa y valiente, poniendo todos los presos, que fueron dos mili y trescientos, en sus colleras y sogas los echaron por delante, con toda la guarda que pudieron, y no osando detenerse partieron para l
duran_v1_scanA	2300	dos mil y trescientos	words	person	selo primero al sol. empegose este sacrificio desde medio «lia, el qual se acallo ya noche cerrada, en el qual mataron dos mil y trescientos hombres, de cuya sangre estaba todo el templo y las gradas del banado, porque en sacando que les sacaban el coragon, l
duran_v1_scanA	8200	ocho mili y docientos	words	person	s la noche hallaron los mexicanos en su exercito muy gran perdida de gente de todas tres prouincias porque le faltaron ocho mili y docientos soldados muy valientes y gente muy ¡ilustre, entre los quales faltauan tres capitanes valerosisimos, parientes muy cerca
duran_v1_scanA	2000	dos mili	words	person	ia a monte^uma, y en particular de como los tlatilulcas se auian senalado en lo mas principal y que entre todos traian dos mili soldados presos auidos y captiuados en aquella guerra, sin las mugeres y ninos esclavos que traian, y que gran numero d
duran_v1_scanA	500	quinientos	words	other	ictimas de becerros y corderos que sacrificaban en el templo. llegados todos a mexico, entraron los de tlatilulco con quinientos captivos a presentarse a monteguma, el qual, con parecer de los grandes, los recibio a su gracia y recibio el presente 
duran_v1_scanA	2000	dos mili	words	other	 en aquel cerro gran numero de hombres, ofreciendolos en vitimas al dios del fuego; y asi sacrificaron a este dios los dos mili cativos que truxeron de la destruicion y guerra deteuctepec, que poco a contamos; el qual sacrificio turo desde media n
duran_v1_scanA	1000	mil	words	person	o dedicados, que eran dos vestidos en figuras de aguilas y dos en figura de tigres. a este sacrificio sacaron este dia mil indios mistecas y los sacrificaron con el modo que en los capitulos pasados e contado mas a la larga, y como en el libr
duran_v1_scanA	610	seiscientas y diez	words	other	 pariente muy cercano, el gran tezumpantecutli, senor de cuitlauac, que tambien tenia sus prophecias y sabia en el caso seiscientas y diez ciencias, las quales declaraba con grandisima facilidad? tambien veo que se murio: ¿ pues que sera de mi. que soy ignor
duran_v1_scanA	20000	20,000	digit-group	person	servada en el codice telleriano remenso, designa con los caracteres numericos que usaban loa mexicanos, la cantidad de 20,000, que todavia parece excesiva. — el codice del vaticano designa con los mismos caracteres 400 tnenos; tal vez por desc
duran_v1_scanB	1000000	millones	words-millon	person	e serian 100 4 de la mar, ejercitada en aquel menester mas que en ardides de guerra, se atreviesen a acometer a millones de indios que en la tier¬ ra auia, encaminado todo por la mano del supremo sefior, que fuo su divina voluntad se cumpl
duran_v1_scanB	1000000	millones	words-millon	person	d se cumpliese lo a estas gentes prometido en la sagrada escriptura, y que trescientos hombres acometiesen a tan¬ tos millones de gentes, y que todos aquellos millones de gentes tuviesen un coraron tan asombrado y cobarde, que huyesen de los tre
duran_v1_scanB	1000000	millones	words-millon	person	o en la sagrada escriptura, y que trescientos hombres acometiesen a tan¬ tos millones de gentes, y que todos aquellos millones de gentes tuviesen un coraron tan asombrado y cobarde, que huyesen de los trescientos, el qual hoy en el dia le tienen
duran_v1_scanB	902	novecientos y dos	words	other	rme a su flema y natural inclinacion, espa¬ ciosa y tardia; y asi llegaron a este lugar de la nueva espada el afio de novecientos y dos. los que salieron de aquellas cuevas fueron los 1 2 * * seis generos de gentes; conviene a saber: los xuchimilcae, l
duran_v1_scanB	602	seiscientos y dos	words	other	ra que los mexicanos poseyeron esta tierra trescientos y un altos despues que a ella llegaron, y las de¬ mas naciones seiscientos y dos. el de xuchimilco, como primero en su llegada, despues de auer rodeado todo el circuito de la lagu¬ na grande, pareci
duran_v1_scanB	1000	mil	words	other	de muchas diferencias, asi de la tierra como de espana, de donde se proveen todas las ciudades comar¬ canas; llena de mil diferencia de flores odoriferas, unas mejores que otras. riquisima de algodon, donde acude el trato de toda la tierra 
duran_v1_scanB	1000	mil	words	other	 en celada *, 7 otros que con mucho secreto les hurtasen las armas de rodelas 7 porras 7 espadas de palo,-; con otros mil generos de ar¬ mas que para ofender tenian, 7 uniendoles fingido la paz 7 dado de comer, auiendoles hurtado las armas,
duran_v1_scanB	1000	mil	words	other	o donde puedan hacer una ciudad; mi¬ rad que lugar os parece que se les de.” auido entre todos su conse¬ je, lleno de mil contradiciones, demandas y respuestas, mostrandose 1 refierese probablemente al arma mexicana, llamada atlatl, especie
duran_v1_scanB	1318	mili y trescientos y diez y ocho,	words	other	 capitulo vi. 1 del primer rey de mexico, llamado acamapich, y de lo sucedido en el tiempo que reine. el afio de mili y trescientos y diez y ocho, despues del nacimien¬ to de nuestro redentor jhu. x?, empegaron los mexicanos a edi¬ ficar la giudad de mexico y hager
duran_v1_scanB	1404	mili y quatrocientos y quatro	words	other	s dellos fueron reyes y muy valerosos, y dellos capitanes y de gran¬ des ditados como adelante dire. murio el afio de mili y quatrocientos y quatro. tres afios antes que muriese auia nacido el gran sefior y rey que fue despues de tezcuco, negaualcoyotzin, que fue el
duran_v1_scanB	1000	mili y	words	other	os antes que muriese auia nacido el gran sefior y rey que fue despues de tezcuco, negaualcoyotzin, que fue el afio de mili y quatrodentos dos , el qual, de mas de ser pariente muy cercano de los reyes de mexico, fue muy favorable a los de la n
duran_v1_scanB	1404	mili y cuatrocientos y cuatro ,	words	other	ixidad no los refiero aqui. acauadas estas platicas y puesto el rey en su trono, el qual en¬ tro a reinar el afio de mili y cuatrocientos y cuatro , luego que su pa¬ dre murio, eleto como emos visto, por votos y consentimiento de todos, lo qual desde su origen y prin
duran_v1_scanB	1424	mili y quatrocientos y veinte y quatro ,	words	other	l rey itzcoatl , y los vecinos de la ciudad muy alegres y consolados con la election, la qual election fua el afio de mili y quatrocientos y veinte y quatro , luego empego ¿ entablarlas cosas de la guerra y a prouer en las cosas necesarias para ella. viendo y conociendo la pri
duran_v1_scanB	400	quatrocientas	words	person	 despues de dexar contentos a todob los principales y sefiores hermanos mios y tuyos, y que despues de auellos dado & quatrocientas baras 8 & cada uno, pues no uvo saco ni robo de que los soldados se suelen hacer pago de su trauajo, 1 vease la lamin
duran_v1_scanB	1000	mili	words	person	un lugar que llaman tecuitlatenco, hicieron alto y es¬ peraron la armada de mexico que venian por la laguna, que eran mili canoas, muy bien aderegadas de gente y paueses con gran nu¬ mero de fisgas y varas arrojadlas, flechas y rodelas y de h
duran_v1_scanB	500	quinientos	words	person	iaron ser trescientos soldados valerosos, sin otra gente comun, que eran hasta ducientos, de manera que por todos eran quinientos chalcas, los quales los llenaron a mexico, y luego otro dia que llegaron, con parecer de tlacadel y del rey, sin mas d
duran_v1_scanB	500	quinientos	words	person	crificados a su dios vitzilopochtli, cumpliendo el voto que auia hecho, y ensan¬ grentaron el templo con la sangre de quinientos hombres, y hacien¬ do un sacrificio de fuego, el mas terrible y orreqdo que se pudo pensar, quel que uviere leido la r
duran_v1_scanB	22000	diez y doce mili	words	person	 contender con ellos por tener las mas principales prouincias a su mandado y en su favor, pues a su voz salian dellas diez y doce mili hombres de guerra, todos muy bien aderezados, y si pedian veinte mili se los dauan, y si quarenta mil lo mesmo, conform
duran_v1_scanB	20000	veinte mili	words	person	y en su favor, pues a su voz salian dellas diez y doce mili hombres de guerra, todos muy bien aderezados, y si pedian veinte mili se los dauan, y si quarenta mil lo mesmo, conforme a lo que en sus contrarios sentian de valor y gente; y fueron tan po
duran_v1_scanB	40000	quarenta mil	words	other	alian dellas diez y doce mili hombres de guerra, todos muy bien aderezados, y si pedian veinte mili se los dauan, y si quarenta mil lo mesmo, conforme a lo que en sus contrarios sentian de valor y gente; y fueron tan poderosos, que <¿ien mil hombres q
duran_v1_scanB	1000	mil	words	person	quarenta mil lo mesmo, conforme a lo que en sus contrarios sentian de valor y gente; y fueron tan poderosos, que <¿ien mil hombres que quixesen poner en campo, los ponian con mucha facilidad con solo mandallo. oyda esta nueva de la rebelio
duran_v1_scanB	1000	mil	words	person	as y escuadrones para la gruasteca. luego que la gente empego a salir, los viejos superticiosos y amigos de inventar mil cirimonias, auian ensenado a las mugeres de los que iban a la guerra a hacer algunas superaciones, las qua¬ les hacian
duran_v1_scanB	2000	dos mili	words	other	e¬ ron echar en tierra, tendidos todos en el suelo con sus rodelas y espadas en las manos, como en celada, que serian dos mili hom¬ bres de todas las prouincias, y mandaron que los cubriesen con pa¬ ja a todos, que no pareciese que alli auia' ho
duran_v1_scanB	1000	mil	words	other	 pueblo topauan, aporreauanlos y quitauanles quanto tenian, deshonrrandolos, destruianlos las sementeras, ha¬ cianlos mil injurias y danos. temblaba la tierra dellos. quando lo hacian de bien, quando se auian bien con ellos, tanto lo hacian 
duran_v1_scanB	1000	mili	words	other	dela, cargauanle a cuestas, en una carguilla, pedapos de almagra y pedapos de tizne y plumas de aguila y papel y otras mili burlerias, y enviauanlo con un mensaje al sol que se pusiese, 4 que sus caualleros quedauan a su seruicio y que le dau
duran_v1_scanB	20000	veinte mil	words	other	 apercibiesen los. exercitos, y asi fue puesto luego por obra; y era tan facil, que.en echando el bando, luego salian veinte mil comba¬ tientes con sus armas, espadas y rodelas, que era cosa de ver el 1 ramilletes. el ceremonial mexicano exigia s
duran_v1_scanB	1000	mili	words	other	ueros de tigres y leones manchados, que desde en adelante los diesen blancos, y que tributasen culebras vivas y otras mili sauandijas, que solo por dalles molestia y pesadumbre y onerallos* mas se las impusieron y inventaron; y asi monteguma 
duran_v1_scanB	1000	mili	words	person	 gran' cantidad de piedras verdes de hijada y de piedras de cristal y cornerinas y de sangre, piedras de am¬ bar y de mili generos de piedras a que aquesta gente es aficiona¬ da en gran manera; y asi su principal ydolatria siempre se fundo e
duran_v1_scanB	1000	mili	words	other	ecas tributaban, delicadisimamente labradas y pintadas de colores, en ellas escudos con aguilas dora¬ das y con otras mili armas, y deuisas en ellas, y destas muchas y gran cantidad; pajaros vivos tributaban estas naciones a los mexi¬ canos 
duran_v1_scanB	1000	mili	words	other	e, tributauan de todos cuantos generos de fruta ay en aquellas prouincias, pifias, platanos, anonas, mameis, de otros mili generos de zapotes y golosinas que en aquellas pro212 ▼incias se crian de goayauas, peruetanos, «japotes amarillos y 
duran_v1_scanB	1000	mili	words	other	es generos: tributauan des¬ tas prouincias todos los dias desta vida grandes cargas de rosas he¬ chas y aderezadas de mili diferencias de rosas, porque las ay en esta tierra caliente muchas y muy olorosas, unas mejores que otras de delicado 
duran_v1_scanB	1000	mil	words	other	equentemente la comian, y lo que mas camino trae, es el ser persuadido y alambrado o cegado del demonio para inventar mil generos de crueldades y muertes, como dexo ordenadas antes que muriese, y era tan seguido y creido su consejo, que no s
duran_v1_scanB	1454	mili e quatrocientos y cinquenta y quatro ,	words	person	 que hipo a los de la ciudad de mexico para que no perecie¬ sen los pobres y se despoblase la ciudad. en el afio de mili e quatrocientos y cinquenta y quatro , quando los yndios por la quenta de sus afios contauan cetochtli , 8 que quie¬ re decir un conejo, y los dos afios sigu
duran_v1_scanB	1000	mili y	words	other	ada dia mas, de la qual vino a mo¬ rir, desando de si loable memoria de justisimo y piadosisimo rey. murio el afio de mili y quattocienios y sesenta y nueve, asiendo rei¬ nado treinta anos loablemente, el qual dicen questaado en la enfer¬ meda
duran_v1_scanB	2000	dos mili,	words	other	con ella, la qual pusieron a un canto de la pla 9 a, contra la qual salieron gran multitud de mancebos, que pasauan de dos mili, deseosos de ganar el premio que su nuevo rey les prometia, los quales todos eran hijos y parientes muy cercanos de sefi
duran_v1_scanB	1000	mili	words	person	zincas pensaron la mesma malicia que los me¬ xicanos, y fue que mandaron a un valeroso capitan de su exercito que con mili hombres se quedase en una emboscada y que harian que se retiranan basta metellos en la emboscada y que saliese de refr
duran_v1_scanB	24000	veinte y cuatro mili	words	person	 con¬ tados los unos y los otros, porque queria sauer que numero de gente lleuaua; y hecho su mandado aliaron que auia veinte y cuatro mili combatientes, y creyendo era suficiente exercito para sujetar a mechuacan y a otra mayor prouincia, mando partiese el e
duran_v1_scanB	40000	quarenta mili	words	person	ian por alli el oydo y escuchauan to¬ do lo que en el exercito se trataua; y alcanzaron a sauer como el tarasco traia quarenta mili 'hombres de guerra y que las armas en que mas estribaua eran las hondas y varas tostadas arrojadizas, ar¬ cos y flecha
duran_v1_scanB	1000	mili	words	person	quarenta 1 tiendas de campana. 2 un socaven, 6 tuntl, como hoy se le denomina, olvidando el castellano. 289 mili hombres; todos gente robaste, alta y valiente: ya veis qne nos sobrepuja en diez y seis mili hombres; ¿que os parece qu
duran_v1_scanB	16000	diez y seis mili	words	person	 olvidando el castellano. 289 mili hombres; todos gente robaste, alta y valiente: ya veis qne nos sobrepuja en diez y seis mili hombres; ¿que os parece que done¬ mos hacer! los grandes, viendo la flaquera que el rey mostraua, lo animaron y esforz
duran_v1_scanB	400	quatrocientos, y	words	other	aliaron que de los mexicanos auian escapado solo ducientof» y de los tezcucanos quatrocientos, y delos tepanecas otros quatrocientos, y de los chalcas otros quatrocientos, y de los xuchimilead y de toda la chinampa otros quatrocientos; de losotomites, que
duran_v1_scanB	400	quatrocientos, y	words	other	apado solo ducientof» y de los tezcucanos quatrocientos, y delos tepanecas otros quatrocientos, y de los chalcas otros quatrocientos, y de los xuchimilead y de toda la chinampa otros quatrocientos; de losotomites, que es la cuauhtlalpan, no auian escapad
duran_v1_scanB	400	quatrocientos	words	other	 tepanecas otros quatrocientos, y de los chalcas otros quatrocientos, y de los xuchimilead y de toda la chinampa otros quatrocientos; de losotomites, que es la cuauhtlalpan, no auian escapado sino trescientos, pocos mas, y de toda la tierra caliente,
duran_v1_scanB	20000	veinte mili	words	person	trescientos, pocos mas, y de toda la tierra caliente, muy pocos; de suerte que se hallo que auian muerto en la guerra veinte mili hombres, antes mas que mer nos. hecha la cuenta y visto el numero de los que faltauan, erw viaron luego sus mensajeros
duran_v1_scanB	420	quatrocientos y veinte	words	other	mpegaron a maniatar tantos presos, que pensando auer lleuado lo mexor de la batalla, venidos a la quenta aliaron menos quatrocientos y veinte soldadbs que de aquel ren¬ cuentro les auian lleuado, y contados los que en su poder auia, aliaron setecientos, y aunq
duran_v1_scanB	700	setecientos, y	words	other	rocientos y veinte soldadbs que de aquel ren¬ cuentro les auian lleuado, y contados los que en su poder auia, aliaron setecientos, y aunque les peso y tuvieron gran dolor de sus hijos y hermanos, pero consolose el rey con decir a la gente del exercito
duran_v1_scanB	420	quatrocientos y veinte	words	other	 la otra mitad llevauad todas las cauelleras sueltas y tendidas en senal de luto y tristeza, por auer perdido aquellos quatrocientos y veinte hojnbres; y haciendo todas las cerimonias que solian, haciendo pasar e los presos por junto al ydolo y comer de la tie
duran_v1_scanB	700	setecientos	words	person	lel hasta que se cansaua, y luego aquellos que representauan los dioses sucesivamente, hasta que se acauaron aquellos setecientos hombres presos que de la guerra de tliliuhquitepec auian traido; los quales acauados, quedando todos tendidos junto al 
duran_v1_scanB	2000	dos mil	words	other	n del qual salian todos aquellos sefiores y reyes y hacian un solene bayle y muy pausado y graue, al qual saldrian sus dos mil 319 «¿flores yeaualleros y principales, todos vestidos y aderezados muy curiosamente a costa del rey y de sus tesoro
duran_v1_scanB	1000	mili y	words	other	 mexicana, que creen que le ayuda¬ ron con algun bocado, 1 de lo qual murio muy mogo y de poca edad. murio el afio de mili y quatrodentos y ochenta y seis, la qual muerte luego fuo divulgada por todas las prouincias y le fueron hechas las oseq
duran_v1_scanB	1000	mili	words	other	 la piedra del sol los sacrificaron a todos, y por no me alargar, pues la ystqria asi lo quenta, entiendo fueron casi mili los que alli murieron en la coronacion del rey auuzotl; lo qual concluido, otro dia se despidieron los reyes y sefiores
duran_v1_scanB	1487	mili y quatrocientos y ochenta y siete,	words	other	uego qae dio fin a esta guerra el rey auitzotl, de qae emos ▼enido tratando, el afio segando de su reinado, que iue de mili y quatrocientos y ochenta y siete, que ellos contauan ocho caltas ,* de¬ termino de dar fin al edificio del templo y acauallo de perficionar y hacer en s
duran_v1_scanB	80400	ochenta mili y quatrocientos	words	person	iliuhquitepecas 7 cholultecas 7 te1 coscas 7 qacatecas, «¿apotecas 7 guastecas, tzincoacas y- tuqapanecas 7 tlapanecas, ochenta mili y quatrocientos 1 2 hombres que sacrifi¬ car en la estrena del templo de mexico 7 solenidad del, de lo qual satisfecho el rey, sentand
duran_v1_scanB	80400	ochenta mili y quatrocientos	words	person	 turo este sacrificio quatro dias arreo, desde la manana hasta puesta del sol, y que murieron en el, como dexo dicho, ochenta mili y quatrocientos hombres de diversas provincias y ciudades, lo qual se me higo tan increible, que si la historia no me forgara y el aue
duran_v1_scanB	80000	ochenta mili	words	other	gar de las calauernas, y que las que asta entonces auian estado, fuesen quema¬ das; y asi fue hecho, que trayendo las ochenta mili calauernas y quatrocientas mas, fueron puestas en la recien hgcha paligada, todas espetadas por las sienes, y todas la
duran_v1_scanB	400	y quatrocientas	words	other	y que las que asta entonces auian estado, fuesen quema¬ das; y asi fue hecho, que trayendo las ochenta mili calauernas y quatrocientas mas, fueron puestas en la recien hgcha paligada, todas espetadas por las sienes, y todas las que quitaron quemaron y hi
duran_v1_scanB	400	quatrocientas	words	other	uy ecesivos tributos en castigo de su reuelion, a los quales, segun la ystoria, mando le tributasen cada ochenta dias quatrocientas cargas de ca¬ cao y diez cargas de mantas y otras tantas de ropas mugeriles, con otras cosas de frutas y comidas y de 
duran_v1_scanB	40200	quarenta mili y docientos	words	other	ad, ecepto los mogos y mogas, nifios y ninas, questos fueron guardados para lic¬ uar a mexico, de los quales lleuaron quarenta mili y docientos mogos y inoras y nifios y ninas, los quales se repartieron por todas las prouincias y ciudades de la comarca de mexico.
duran_v1_scanB	400	quatrocientos	words	person	por tanto, yo e pensado en ello, y considerando ser aquellas ciudades populosas y grandes, quiero enviar de mi ciudad quatrocientos vecinos casados, que de mi parte vayan, y que cada uno de vosotros envie de su prouincia otros quatrocientos, que sean
duran_v1_scanB	400	quatrocientos,	words	other	i ciudad quatrocientos vecinos casados, que de mi parte vayan, y que cada uno de vosotros envie de su prouincia otros quatrocientos, que sean por todos mili doscientos, y que de todas las demas prouincias vayan cada veinte vecinos que se juntaran, otr
duran_v1_scanB	1200	mili doscientos, y	words	person	ados, que de mi parte vayan, y que cada uno de vosotros envie de su prouincia otros quatrocientos, que sean por todos mili doscientos, y que de todas las demas prouincias vayan cada veinte vecinos que se juntaran, otros ochocientos, de suerte que vayan dos
duran_v1_scanB	800	ochocientos,	words	person	 sean por todos mili doscientos, y que de todas las demas prouincias vayan cada veinte vecinos que se juntaran, otros ochocientos, de suerte que vayan dos mili veci¬ nos, mili para oada ciudad. el rey de tezcuco replico, que le pa¬ recia bien su det
duran_v1_scanB	2000	dos mili	words	person	 y que de todas las demas prouincias vayan cada veinte vecinos que se juntaran, otros ochocientos, de suerte que vayan dos mili veci¬ nos, mili para oada ciudad. el rey de tezcuco replico, que le pa¬ recia bien su determinacion y que aquello no e
duran_v1_scanB	1000	mili	words	other	emas prouincias vayan cada veinte vecinos que se juntaran, otros ochocientos, de suerte que vayan dos mili veci¬ nos, mili para oada ciudad. el rey de tezcuco replico, que le pa¬ recia bien su determinacion y que aquello no era cosa nueva en 
duran_v1_scanB	400	quatrocientos	words	person	e aquello no era cosa nueva en , enviar a poblar tierras desiertas, que ya otras veces se auia hecho; pero que sacar quatrocientos vecinos de la ciudad de mexico, que • le parecia inconviniente y mucha quiebra para la republica mexi¬ cana; que no e
duran_v1_scanB	1000000	un millon	words-millon	person	ible de escriair, pues de cada prouincia y ciudad venian, de ochenta en ochenta dias, a traer el tercio de su tributo un millon de indios cargados, con quantos generos de co¬ sas y savandijas la tierra produce; y no sera encarecimiento, pues se l
duran_v1_scanB	200000	docientos mili	words	person	, de lo qual fue dada noti* cia al rey auitzotl, como todas las gentes estaban muy a punto y que hallaban auna juntos docientos mili soldados, sin otra mucha gente de carga que iba, y muchachos que se holgaban de ir cpn el exercito, toda gente muy luc
duran_v1_scanB	300000	trecientos mil	words	person	n sus riquezas y atavios se sefialauan entre toda la demas gente. luego partio todo el exercito, que entre todos yrian trecientos mil hombres, con los que de aquellas prouincias se les auia juntado, todos los quales fueron a hacer alto en terminos de un
duran_v1_scanB	1503	mili y quinientos y tres,	words	other	a, casa de dios, y el castigo que daua era muerte, por aquella irreuerencia. empego 4 reynar este gransenor,el afio de mili y quinientos y tres, el qual afio entraron los espafioles en la isla de cuba y la conquistaron. este mismo afio fua coronado el gran turco 
duran_v1_scanB	1000	mil	words	person	albarradas, y subio tan de improuiso tanta gente sobre ella, que dezandose descolgar dentro de la ciudad mas desesenta mil soldados, con las espadas y las rodelas atadas a los cuellos, empe¬ garon a hazer lo que solian, que era matar y robar,
duran_v1_scanB	1100	mil y ciento,	words	person	 un goufernador y par¬ tio para mexico con todo su exercito, llevando los presos por de¬ lante, los quaies eran orneo mil y ciento, los que entre todas las companias auian oaptivado, repartiendo todos los despojos a los sol¬ dados y a los senores, co
duran_v1_scanB	1000	mil	words	person	ona, y no solo en esto, pero en la abundancia de la comida, de la qiial, quenta la historia, que entrauan cada dia, de mil indios para arriba cargados, en mexico, de venados que era prin¬ cipal carne que comian y.de conejos, liebres y codorni
duran_v1_scanB	8000	ocho mil, y	words	other	s o uacas, y no lo encaresco muncho, pues auia dias de dos mil, tres mil homi 431 / bres sacrificados, y dia.de ocho mil, y otros de a cinco mil, la qual carne se comian y hacian fiesta con ella despues de auer ofrecido el coraron al demonio.
duran_v1_scanB	5000	cinco mil,	words	other	aresco muncho, pues auia dias de dos mil, tres mil homi 431 / bres sacrificados, y dia.de ocho mil, y otros de a cinco mil, la qual carne se comian y hacian fiesta con ella despues de auer ofrecido el coraron al demonio. 1 acabado el sacrif
duran_v1_scanB	1000	mil	words	other	e baen conujon y blanda» entfafias, como ellos dicen, hacen muy poco caso del, y en lugar de agradalle le hacen beber mil hieles; y asi queriendo estas prouincias ver y ex¬ perimentar el brio con que moriteguma entraua & reynar, manda1 minis
duran_v1_scanB	10000	diez mil	words	person	<jon tener; la qual des¬ pues, andando el tiempo, libro a toda su ciudad y a su marido»-avi¬ sandole de una celada de diez mil mexicanos que estauan encu¬ biertos dentro de tequantepec, enviados por monteguma para destruylla, a causa de que desp
duran_v1_scanB	10000	diez mil	words	person	foras¬ teros y guespedes tuviese en su casa sin que quedase nenguno a vida lo qual se executo y mataron aquella noche diez mil solda¬ dos muy valerosos y valientes, todos mexicanos que auian llegadp, los quales iban entrando poco a poco. pero to
duran_v1_scanB	400000	quatrocientos mili	words	person	o tan solo que casi no pare¬ cia gente en la ciudad, porque fue a esta guerra gente que cubria el sol, que pasauan de quatrocientos mili combatientes, todos gente mny lucida y bien aderezada, en lo qual se esmero jjionteguma , mas que ninguno de sus antec
duran_v1_scanB	100000	cien mili	words	person	batalla. monteguma mando que saliese al campo la gente tezcucana sola, con toda su prouincia, que por lo menos serian cien mili comba¬ tientes, y salidos al campo empegaron una refiida batalla, la qual turo todo el dia, sin poderse conocer ventaj
duran_v1_scanB	100000	cien mili	words	person	enalado, que fue a una aldea que se dice atzitziuacan, subjeta de papayocan. recogido alli todo el exercito, que eran cien mili soldados y gente muy illustre y principal de todos tres reynos, muy galanos, costosos y vistosos, donde salieron los v
duran_v1_scanB	200000	doscientos mili	words	person	ey en mexico; y dado auiso de que to¬ dos fuesen a hacer alto a. qapotitlan, dentro de quinto dias se ha¬ llaron alli doscientos mili hombres de guerra de todas las prouincias, gente muy lucida, los quales muy en orden vinieron a los terminos de yancuit
duran_v1_scanB	1000	mil,	words	person	egada la fiesta de los desollados, fue¬ ron sacrificados los indios presos que truxeron de yancuitlan, que pasaron de mil, con la muerte de los quales se acabo la fiesta, a la qual fueron convidados los de la otra parte de la sierra nevada, 
duran_v1_scanB	4000	quatro mili	words	person	e por lo menos serian 1 6 tecutepec, segun se lee en la coleocion de mendoza. 2 teuctepecas. 58 458 como quatro mili soldados de todos tres exercitos, y empegaron ¿ trauar refriega y escaramuza con los de la ciudad, y salio tanta gen¬ 
duran_v1_scanB	2300	dos mili y trescientos,	words	person	ique tenia quatro cercas altisimas y la gente muncha y muy belicosa y valiente, poniendo todos los presos, que fueron dos mili y trescientos, en sus colleras y sogas los echaron por de¬ lante, con toda la guarda que pudieron, y no osando detenerse par¬ tieron 
duran_v1_scanB	2300	dos mil y trescientos	words	person	elo primero al sol. em¬ pegose este sacrificio desde medio dia, el qnal se acauo ya noche cerrada, en el qual mataron dos mil y trescientos hombres, de cuya sangre estaba todo el templo y las gradas del bafiado, porque en sacando qne les sacaban el coragon, 
duran_v1_scanB	8200	ocho mili y docientos	words	person	a noche ba¬ ilaron los mexicanos en su exercito muy gran perdida de gente de todas tres prouincias porque le faltaron ocho mili y docientos sol¬ dados muy valientes y gente muy illustre, entre los quales fal- * tauan tres capitanes valerosisimos, parientes m
duran_v1_scanB	2000	dos mili	words	person	a a monteguma, y en particular de como los tlatilulcas se auian sefialado en lo mas principal y que entre todos traian dos mili soldados presos auidos y captiuados en aquella guerra, sin las mugeres y ninos esclavos que traian, y que gran numero d
duran_v1_scanB	2000	dos mili	words	other	 aquel cerro gran numero de hombres, ofre¬ ciendolos en vitimas al dios del fuego; y asi sacrificaron x este dios los dos mili cativos que truxeron de la destruicion y guerra de teuctepec, que poco a contamos; elqual sacrificio turo desde media '
duran_v1_scanB	1000	mil	words	other	o dedicados, que eran dos vestidos en figuras de aguilas y dos en figura de tigres. a este sacrificio sacaron este dia mil in¬ dios mistecas y los sacrificaron con el modo que en los capitulos pasados e contado mas a la larga, y como en el l
duran_v1_scanB	72844	72.844	digit-group	other	, luego los de coaixtlauacan, que eran los mistecas, a quien toda aque1 pareo© muy exagerado este guarismo y ano el de 72.844 a que lo reduce torquemada. la pintura historica conservada en el codice telleriano remenee, designa con los caractere
duran_v1_scanB	20000	20,000	digit-group	person	servada en el codice telleriano remenee, designa con los caracteres numericos que usaban los mexicanos, la cantidad de 20,000, que todavia * parece excesiva.—£1 codice del vaticano designa con los mismos caracteres 400 menos; tal vez por descu
duran_v2_scanA	1000	mil	words	person	barcar y volver a santiago de cuba donde abia vellido. ido narvaez, el marques recojio su gente y volvio a mexico, con mil hombres mas de los que tenia, a los cuales si les ubiesemos de alavar el lecho \ lo que con su capitan usaron, los pod
duran_v2_scanA	10000	diez mil	words	person	encomendado, con todas las mas y mejores riquezas y aderezos que tenian, donde se juntaron en su rueda y baile ocho o diez mil var ¡s ilustres, todos gente de sangre y hombradia; donde oslando con todo el contento del mundo bailando, el .marque
duran_v2_scanA	10000	diez mil	words	person	 2 ya se ha dicho que no tuvo participio en esta escena do sangre. vease la nota de la piig. 4). 43 viendo ocho o diez mil senores en quien consistia la nobleza de mexico, muertos y hechos pedazos en el patio del templo, sin aber hecho ni com
duran_v2_scanA	700	setecientos	words	person	 fuertes en los aposentos, los mataron a todos, sin quedar ninguno de ellos a vida, donde perdio el marques del valle setecientos hombres, a quienes los indios hicieron pedazos, sin ninguna piedad, quedando aquellas acequias llenas de hombres muerto
duran_v2_scanA	600	seiscientos	words	person	ue aquellos mal aventurados abian cargado, y de mantas plumas y de todo genero de riquezas. el marques del valle con seiscientos hombres, puesto ya en salvo, y abiendo ya pasado las puentes todos con la priesa que se dio, ordeno su gente asi de in
duran_v2_scanA	10000	diez mil	words	person	evaron de camino toda la madera que fue menester para los bergantines, con la cual madera y hato dicen que iban mas de diez mil indios cargados. vino pues el marques a salir a la venta que agora dicen de tezmeluca, por el monte, a los terminos de
duran_v2_scanA	1000000	millones	words-millon	person	s antepasados, (pie siendo tan poca gente la (pie en esta tierra aporto se atreviese a acometer y a entrar entre muchos millones de gentes y sujeto con su poderoso brazo todo este nuevo mundo y todas las m naciones, no desando costas ni provin
duran_v2_scanA	1000000	un millon	words-millon	person	vieron sobre ellos, los cuales queriendo volver a huir por la puente hallaronla en el agua y sobre los que abian caido un millon ' de indios, que a ninguno perdonaban la vida, todos en canoas, y no pudiendo huir hallandose atajados con la acequia, n
duran_v2_scanA	40000	cuarenta mil	words	person	la gente que antes tenia, aunque los muertos de aquel dia fueron por todos, asi de los unos como de los otros, mas de cuarenta mil hombres y mugeres, que huyendo de la refriega y de la muerte cruel que los espanoles y indios amigos les daban, se echab
duran_v2_scanA	1000000	millones	words-millon	person	fee verdadera de un solo dios, pidiendo el bautismo con grandisimo coguato y ferbor, (pie era cosa de espanto ver los millones de indios que se venian a bautizar y a desechar sus errores y ceguedad en que estaban, a cuyo ministerio, no con menos
duran_v2_scanA	1000	mil	words	other	el trabajo que se passa con ellos, quanto experimentara el quo tomare la mesma impresa que yo y al oabo descubrira de mil partos la media. adviertan pues los ministros que travajan en su doctrina quan gran yerro es no tener quenta con sabo
duran_v2_scanA	1000	mil	words	other	stros que travajan en su doctrina quan gran yerro es no tener quenta con sabor esto, poique dolante de sus ojos liaran mil escarnios a la fe, sin que lo entienda: esto se a bien experimentado estos dias, descubriendo muchas solapas deque no ha
duran_v2_scanA	10000	diez mil	words	person	para los sacerdotes y papas que al ydolo servian. era este patio tan grande que en un areyto se juntavau en el ocho o diez mil hombres y por (pie no se nos haga ympossible quiero contar una cossa ques berdadera contada de quien con sus mauos mato 
duran_v2_scanA	600	y seiscientos	words	other	mexico asi de grandes como de 84 valientes y bnlerossos hombrea que en una pintura conte eran por todos oeliomill y seiscientos honbrea todos de linage y capitanes de macho balor no solo de niexieo pero llamados de las ciudades y villas comarcanas 
duran_v2_scanA	8600	ocho mili y seiscientos	words	other	c. he traido toda esta historia para decir la grandeca del patio (leste tenplo que tal devia de ser pues gavian en el ocho mili y seiscientos honhres en una rueda bailando, este patio tenia quatro puertas o entradas una hacia oriente otra hacia poniente y otra
duran_v2_scanA	1000	mil	words	other	 templo con un ydolo de massa de una massa que llaman tzvally la qual se hace de semilla de bledos y maiz amassado con mil; desta massa traya este sacerdote hecho un ydolo con los ojos de unas euenteeelas lienles y los dientes de granos de m
duran_v2_scanA	1000	mil	words	other	la tierra, no querria poner cossa que pussiese duda pero entiendo que me certificaron que en toda la tierra passauan de mil los que aquel dia morian y se llenaba el demonio. y porque biene aqui a coyuntura quiero decir a que fin se ordenaban 
duran_v2_scanA	1000	mili	words	other	leies y ordenanzas tenian a este jalolo en un tenplo, ya no de la manera (pie atras contamos en pie y bestido lleno de mili ensignias sino sentado en un asentadero de palo a su modo bestido de una manta colorada toda labrada de calaberas de mue
duran_v2_scanA	1000	mili	words	other	nencia y ninelios de ellos por no benir a caer en alguna flaqneca se endian por medio tos mienbros biriles y se hacian mili cosas para boluerse impotentes por no ofender a sus dioses. no bebian bino: dormian muy poco por que los mas de sus exe
duran_v2_scanA	500	quinientos	words	person	 los lugares de la tierra especialmente en obollolan en cuyo patio mando el marques del baile don hernando cortes matar quinientos yndios porque pidiendoles de comer en lugar de traer comida trayan lena lo qual hicieron tres dias arreo y al tercero 
duran_v2_scanA	1000	mil	words	other	tidos al natural destos animales el vuo hagiendo gunbido como moxca llegandose a la carne y otro ojeandola y dicieudole mil gracias y el otro hecho escarabajo metiendose en la basura todos los quales entremeses entre ellos eran de mucha rissa 
duran_v2_scanA	1000	mili	words	other	 los montes lo qual no se ha entre ellos olbidado porque cierto puedo afirmar (pie oy en (lia vssan de ello y de otros mili conjuros (pie tienen para conjurar nubes agua cerro,, graniros tenpestades todo fundado en ydolatria y ritos antiguos lo
duran_v2_scanA	1000	mili	words	other	odo el sesenta personas y discurra por todas las prouincias ciudades y royaos bera que solo este dia saerilicauan sus mili lumbres y mas y esto siu meter las demas liestas en las «piales nenguna pasaba sin matar bonbrcs o mugeres. la ymagen y
duran_v2_scanA	700	setecientos	words	other	ue no fuese bisto y sentido y tocando las centinelas al arma salieronles al passo y aleandoles las puentes perecieron setecientos espanoles escapando el capitan con quinientos honbres tan fatigados y destrocados (pie rundios dcllos quixeron en llegan
duran_v2_scanA	500	quinientos	words	other	inelas al arma salieronles al passo y aleandoles las puentes perecieron setecientos espanoles escapando el capitan con quinientos honbres tan fatigados y destrocados (pie rundios dcllos quixeron en llegando a nuestra senora de los remedios echarse a 
duran_v2_scanA	1000	mil	words	other	suadia y ensenaba hurtando y contrahaciendo el divino culto para ser honrado como a dios por que todo iba mezclado con mil supersticiones y enganos y todo imperfecto llenas de sangre humana hediondas y abominables conforme al que las persuadi
duran_v2_scanA	1000	mil	words	other	 gachas y que le ofrecian agora por devocion agora por voto agora por salud agora por prosperidad agora por hijos o por mil agueros que sobre el estallido del fuego tenian y sobre el rechinar de los tizones y sobre el centellear sobre el humea
duran_v2_scanA	1000	mil	words	other	lir sus votos y promesas y romerias como nosotros cumplimos los de santiago y de guadalupe jerusaleu &c. habia otras mil ninerias que pudiera poner sobre los agueros (pie liugian del agua y si pusiera si no pensara que ya todo estaria ido de
duran_v2_scanA	1000	mil	words	person	encia por que aunque sea verdad y es asi que ya los indios conocen a dios y son cristianos quien podra negar que entre mil buenos no haya ciento malos que todavia tengan sus resavios como potros mal domados y aunque no se haya de hacer tanto 
duran_v2_scanA	400	cuatrocientos	words	other	 hoy hay alli el niesmo trato donde fui uu dia de tianquiz por solo ser testigo de vista y satisfacerme y halle mas de cuatrocientos perros chicos y grandes liados en cargas de ellos ya comprados y de ellos que todavia andaban en venta y era tanta la c
duran_v2_scanA	1000	mil	words	other	uarda de tantas casas, en otras partes los llaman calpuleque que quiere decir senores o guardas de barrios y de otras mil maneras que no hace a nuestro proposito, basta saber que en mexico hoy en dia los llaman a los que tenian aquel cargo m
duran_v2_scanA	1000	mil	words	other	ones otras como soldados otras como huaxteca otras como casadores otras veces como salvajes y como monos perros y otros mil disfreces. el baile de que ellos mas gustaban era el que con aderezos de rosas se hacia cou las cuales se coronaban y 
duran_v2_scanA	1000	mil	words	other	manos cantaridos y tazas como que iban bebiendo todo fingido para dar placer y solaz a las ciudades regocijandolas con mil generos de juegos que los de los recojimientos inventaban de danzas y farzas y entremeses y cantares de mucho contento. 
duran_v2_scanA	1000	mil	words	other	rzas y entremeses y cantares de mucho contento. todo lo que hemos contado ha sido decir de los mozos como deprendian mil generos de bailes y regocijos. agora digamos el ordinario baile que los caballeros y soldados hacian cada dia en esta m
duran_v2_scanA	1000	mil	words	other	 buena suerte y si no le entro despues de habef adorado los naypos si asi se puede decir (con las manos puestas) decir mil blasfemias contra dios y sus santos asi estos naturales hablaban a los frijolitos y al petate v decian mil palabras de
duran_v2_scanA	1000	mil	words	other	tas) decir mil blasfemias contra dios y sus santos asi estos naturales hablaban a los frijolitos y al petate v decian mil palabras de amor y mil requiebros y mil supersticiones y despues de habelles hablado ponian la petaquilla en el lugar de
duran_v2_scanA	1000	mil	words	other	encia en lo cual puesto en la ocasion mas facilmente se reprime en la lujuria y la resiste que no en beber aunque haya mil infiernos. el maldito demonio les dejo este lazo para ser senor de ellos pues por la fe perdia el dominio y senorio qu
duran_v2_scanA	1000	mil	words	other	"i. ""1 242 aquel palo sd tanto campo romo palmo y medio que apenas le caben los bies y despues de haber heeho alli mil pruebas y gentilezas viajarse, con tan buen semblante oomosf no hubiera hecho nada. que"" mayor recreacion pin de haber "
duran_v2_scanA	1000	mil	words	other	la se halla uno medrado ni que les luzca cosa y asi movidos y persuadidos del interes y de la codicia de ganar hacian mil ceremonias y supersticiones y inventaban agueros e idolatrias las cuales aqui referire. cuanto a lo primero es de sabe
duran_v2_scanA	1000	mil	words	other	concedanme que nuestro dios y bus santos sea bien y que se sirvan de ser honrados con borracheras y glotonerias j ion mil hechos definidos y abominales que de las tales tiestas resultan (pie yo pedire perdon y me conocere por de malas entran
duran_v2_scanA	500	quinientas	words	person	 en ello no reciben servicio ninguno por (pie aquel dia no oyen misa ninguno de los del barrio por que. porque si hay quinientas personas todas quinientas estan ocupadas. ellas en moler y hacer pan otras en hacer el cacao &c. ellos en traer agua len
duran_v2_scanA	500	quinientas	words	person	io ninguno por (pie aquel dia no oyen misa ninguno de los del barrio por que. porque si hay quinientas personas todas quinientas estan ocupadas. ellas en moler y hacer pan otras en hacer el cacao &c. ellos en traer agua lena soplar atizar el fuego a
duran_v2_scanA	3000	tres mil	words	other	 de tau larga esperada responden que no habia ramada que no estaba encalado el altar que repararon la cerca &c. traen tres mil achaques y mentiras y mirado su calendario hallaran que aquel dia cae la fiesta del idolo que aquel barrio festejaba y 
duran_v2_scanA	1000	mil	words	other	ponian rosas para recrearse este dia con ellas comian y bebian y bailaban con ellas todo este dia festivo y inventaban mil generos de regocijos la cual cerimonia era ofrecer a los dioses las primicias de las rosas ya veran en la figura un in
duran_v2_scanA	1000	mil	words	other	an las enfermedades de ellos y no les empeceria ningun mal y hoy en dia hay de estos agoreros tras cada canton que con mil enganos hacen en creinte dos mil agueros y enganos persuadiendo a tener fe y esperauza en las tresquilas de los cabell
duran_v2_scanA	2000	dos mil	words	other	y no les empeceria ningun mal y hoy en dia hay de estos agoreros tras cada canton que con mil enganos hacen en creinte dos mil agueros y enganos persuadiendo a tener fe y esperauza en las tresquilas de los cabellos: que sea asi o asi de este modo
duran_v2_scanA	1000	mil	words	other	estos en habiendo capulli que asi se llama la cereza aunque padece necesidad de maiz inche el estomago de cerezas y de mil yerbezuelaa comestibles que ellos comen y con aquello se sustentan hasta que hay mazo: pareceme que me digeron que er
duran_v2_scanA	1000	mil	words	other	da y bebida de vino y di' esta comida que arriba digimos que se comia este dia ofrecian eucieuzo ante ellos y hacianles mil zalemas saludabanlos \ hablabanles. llamaban a esta cerimonia descanso de instrument * -civiles. o bestialidad estrana d
duran_v2_scanA	1000	mil	words	person	os con los ninos dando a entender a las madres que ofreciendo tal y tal cosa no moririan sus ninos aquel ano usando do mil invenciones satanicas con ellos de tresquilas sacrificios hunciones banos embijamientos betunes empluraamientos tiznes 
duran_v2_scanA	1000	mil	words	other	poique despues do puestas aquellas banderetas en los arbolea habia ofrendas de pan y de vino y de eneienzos y de otras mil cosas que para estar advertido hasta lo dicho. el mes diez y seis1 que lofi naturales celebraban era de veinte
duran_v2_scanA	1000	mil	words	person	 comer sembraban los montes y los llanos laderas y quebradas sin dejar cosa por sembrar pero ¡una ya los indios tienen mil grangerias y ocupanse eu ellas y no quieren sembrar haciendose cuenta que con el dinero que gana con las grangerias co
duran_v2_scanA	2000	dos mil	words	other	lde la pretendida clave. el sr. eamirez hizo copiar en tarjetas, que hoy estan en poder del sr. orozco y berra, mas de dos mil figuras con su significado, y de su comparacion encontro el modo de leerlas, que yo he resumido en la siguiente regla c
duran_v2_scanA	5000	cinco mil	words	other	 que torquemada cuenta que en el templo mayor de mexico, entre sacerdotes y sirvientes de los dioses, no habia menos de cinco mil. entonces debio llegar a su apogeo la organizacion del sacerdocio. habia un sumo sacerdote con poder superior sobre t
duran_v2_scanA	400	cuatrocientos	words	other	n on el sacerdocio: talos oran, el ometochui, gran sacerdote de tezcatzoncatl, dios de la bebida, que presidia a otros cuatrocientos sacerdotes llamados centzontotochin; los sacerdotes de centeou, la diosa del maiz, (pie vivian en ayunos y penitencias 
duran_v2_scanA	1000	mili	words	other	tenimiento. ya hemos visto que en toda ceremonia se le hacian ofrendas; pero estas no bastaban. los mozos del telpuchr mili llevabanles madera y lena de los montes, les construian sus edificios, salian a pedir limosna do comestibles, y aun hay
duran_v2_scanA	600	seiscientos	words	other	 principio no se supo jamas. estos dioses tuvieron cuatro hijos, entre ellos a tezcatlipoca y a quetzakoatl; y durante seiscientos anos no hicieron mas. pasado este tiempo, convinieron los cuatro hijos de tonacatecuhtli, en que quetzakoatl y huitzilo
duran_v2_scanA	1000	mil	words	other	a el relato del popol-vuh en que los dioses tienen nombres de animales, los dibujos del palacio de cliiebcn itza, los mil idolillos de figuras de animales que en las cavernas de aquellas regi s se encuentran, nos bastaria para comprenderlo l
duran_v2_scanA	1000	mili	words	other	o de los meca que de el traia su nombre, y cuando el viejo dios tlaloc derivaba el suyo precisamente del de ese licor, mili.' ¿como pudo ensenarles el arte de la plateria, superior entre los nahoas a la del viejo mundo? ¿como a tejer el algod
duran_v2_scanA	1000	mil	words	other	o de tollan se debilitaba dia a dia: el fiambre, la peste, las numerosas y continuas emigraciones, todo acababa con el. mil funestos pre92 sagios anunciaban su ruina. por fin el ano 13 dcatl, 1115, los antiguos aliados, los barbaros, viendo 
duran_v2_scanA	1000	mil	words	other	echicera y mala, (pie era muy perjudicial su compania, haziendose temer con muchos agravios y pesadumbres que daba con mil malas manas que usaba para despues hacerse adorar por dios. sufrianla todos en su congregacion por ser hermana de su id
duran_v2_scanA	1000	mili,	words	other	d de peregrinaciones se observa en los diversos geroglifieos. asi en el codice de mr. aubiu, se ponen ocho simbolos de mili, casa, para significar que fueron ocho las tribus emigrantes, cuyos nombres, segun el interprete mexicano del geroglifico
duran_v2_scanA	18000	18,000	digit-group	other	i hubieramos de creer los anales geroglificos de sus soles o cataclismos, ellos solos abrazarian un periodo de mas de 18,000 anos; pero ni sabemos como en el principio coutarou esos pueblos sus anos, y debe desconfiarse siempre de la cronologi
duran_v2_scanA	20000	20,000	digit-group	other	e mi propiedad. el visionario o ver en estos auales no se (pie misterios de la antiguedad, y 51 uua cronologia de 20,000 anos. desgraciadamente no hay en ellos nada de eso. son unos anales escritos en cuauhtitlan, y que tienen por principa
duran_v2_scanA	1200	1,200	digit-group	other	ac y su maesl rotunapa. tnapac les dejo la cruz de carabuco. dicen que la labro en el brasil, y (pie la llevo car-ando 1,200 leguas. estetuapac, ticiviracocha y viracocha son tic- personajes misteriosos, sin duda tres reformadores. adoraban ¡
duran_v2_scanA	1030	1,030	digit-group	other	ceso no puede ser anterior al ano 999. la desaparicion de bjcern no puede ser antes de 998. el viaje de gudhleif fue en 1,030. ninguno de estos hechos puede referirse a quetzalcoatl que es auterior. parece que no hay duda de que la hvitramaan
duran_v2_scanB	1000	mil	words	person	barcar y volver a santiago de cuba donde alna venido. ido xarvaez, el marques recoja! su gente y volvio a mexico, con mil hombres mas de los (pie tenia, a los cuales si les nbiesemos de alavar el hecho y lo (pie con su capitan usaron, los po
duran_v2_scanB	10000	diez mil	words	person	¬ comendado, eon todas las mas y mejores riquezas y aderezos que tenian, donde se juntaron en su rueda y baile ocho o diez mil varones ilustres, todos gente de sangre y nombradla; donde estando con todo el contento del mundo bailando, el marques
duran_v2_scanB	700	setecientos	words	person	n fuertes en los aposentos, los mataron a todos, sin quedar ninguno de ellos avida, donde perdio el marques del valle setecientos hombres, ;i quienes los indios hicieron pedazos, sin ninguna piedad, quedando aquellas ace¬ quias llenas de hombres mu
duran_v2_scanB	600	seiscientos	words	person	ue aquellos mal aventurados abian cargado, y de mantas plumas y de todo genero de riquezas. el marques del valle con seiscientos hombres, puesto ya en salvo, y abiendo ya pasado las puentes todos con la priesa que se dio, ordeno su gente asi de in
duran_v2_scanB	10000	diez mil	words	person	ron de camino toda la madera que fue me¬ nester para los bergantines, con la cual madera y hato dicen que iban mas de diez mil indios cargados. vino pues el marques a salir ;i la venta que agora dicen de teznieluca, por el monte, a los terminos 
duran_v2_scanB	1000000	millones	words-millon	person	 antepasados, que siendo tan poca gente la que en esta tier¬ ra aporto se atreviese a acometer y a entrar entre muchos millones de gentes y sujeto con su poderoso brazo todo este nuevo mundo y todas las naciones, no dexaiulo costas ni provincia
duran_v2_scanB	1000000	un millon	words-millon	person	ron sobre ellos, los cuales que¬ riendo volver a huir por la puente hallaronla en el agua y sobre los que abian eaido un millon 1 de indios, que a ninguno perdonaban la vida, to¬ dos en canoas, y no pudiendo huir hallandose atajados con la acequia
duran_v2_scanB	40000	cuarenta mil	words	person	a gente que antes tenia, aunque los muertos de aquel dia fueron por todos, asi de los irnos como de los otros, mas de cuarenta mil hombres y mugeres, (pie huyendo de la refriega y de la muer¬ te cruel que los espanoles y indios amigos les daban, se e
duran_v2_scanB	1000000	millones	words-millon	person	 fee verdadera de un solo dios, pidiendo el bautismo con grandisimo enguato y ferbor, que era cosa de espanto ver los millones de indios que se venian a bautizar y a desechar sus errores y ceguedad en que estaban, a cuyo ministerio, no con menos
duran_v2_scanB	1000	mil	words	other	l trabajo que se passa con ellos, quanto experimcntara el que tomare la mesma impresa (pie yo y al cabo descubrira de mil partes la media. adviertan pues los ministros que travaja» en su doctrina quan gran yerro es no tener qnenta con sabe
duran_v2_scanB	1000	mil	words	other	os que travaja» en su doctrina quan gran yerro es no tener qnenta con saber esto, porque delante de sus ojos lia¬ ran mil escarnios a la fe, sin que lo entienda: esto se a bien experimen¬ tado esto* dias, descubriendo muchas solapas de que n
duran_v2_scanB	10000	diez mil	words	person	para los sacerdotes y papas que al ydolo servian. era este patio tan grande que en un areyto se juutavau eu el ocho o diez mil hombres y por (pie no se nos haga ympossible quiero con¬ tar una cossa ques berdadera contada de quien con sus manos ma
duran_v2_scanB	8600	ocho mili y seiscientos	words	other	flor de mexico asi de grandes como de 84 valientes y balerossos liombres que en una pintura eontc eran por todos ocho mili y seiscientos houbres todos de linagc y capitanes de mucho balor no solo de inexieo pero llamados de las ciudades y villas comarcanas 
duran_v2_scanB	8600	ocho mili y seiscientos	words	other	c. lie traido toda esta historia para decir la grandeva del patio deste teuplo que tal devia de ser pues cavian cu el ocho mili y seiscientos lumbres en una rueda bailando, este patio tenia quatro puertas o entradas una hacia oriente otra hacia poniente y otra
duran_v2_scanB	1000	mil	words	other	rra, no querria po¬ ner eossa que pussiese duda pero entiendo que me certificaron que en to¬ da la tierra passauan de mil los que aquel (lia moi ian y se llenaba el de¬ monio. y porque bicne aqui ii coyuntura epiiero decir ¡i que fin se or
duran_v2_scanB	1000	mili	words	other	 lcies y ordenanzas tenian a este ydolo en un tenplo, ya no de la manera- que atras contamos en pie y bestido lleno de mili ensignias si¬ no sentado en un asentadero de palo a su modo bestido de una manta co¬ lorada toda labrada de ealaberas 
duran_v2_scanB	1000	mili	words	other	servir a los senores para cauer entre ellos y sauelles ser agradables, alli los imsenauan a cantar a danzar y a otras mili sotilcras. tambienlos yndustriaban (sic) exereicios de guerra a tirar una flecha apunteria a tirar una fisga o ha ras t
duran_v2_scanB	1000	mili	words	other	tinencia y muchos de ellos por no henir a caer en alguna ilaqucea se endian por medio los mienbros biriles y se hacian mili cosas para boluerse impotentes por no ofen¬ der a sus dioses. xo bebian bino: dormian muy poco por que los mas de sus 
duran_v2_scanB	500	quinientos	words	person	s lugares de la tierra especialmente en cbollolan en cuyo patio man¬ do el marques del baile don hernando cortes matar quinientos yndios porque pidiendoles de comer en lugar de traer comida trayan lena lo qnal hicieron tres dias arreo y al tercero 
duran_v2_scanB	1000	mil	words	other	s al natural tiestos animales el vno habiendo gunbido como moxca lle¬ gandose a la carne y otro ojeandola y diciendole mil gracias y el otro he¬ cho escarabajo metiendose en la basura todos los quales entremeses entre ellos eran de mucha ris
duran_v2_scanB	1000	mili	words	other	en los montes lo qnal no se ha entre ellos olbidado porque cierto puedo afirmar que oy en dia vssan de ello y de otros mili conjuros que tienen para conjurar nubes agua cerros granitos tcnjicstades todo fundado en ydolatria y ritos antiguos lo 
duran_v2_scanB	1000	mili	words	other	odo el sesenta personas y discurra por todas las pronincias ciudades y reynos bera que solo este dia saerificanan sus mili honbrcs y mas y esto sin meter las de¬ mas fiestas en las qualcs nenguna pasaba sin matar lionbres o mngeres. la ymag
duran_v2_scanB	700	setecientos	words	other	ue no fuese bisio y sentido y tocando las centinelas al arma salieronles al passo y aljamioles las puentes perecieron setecientos espanoles escapan¬ do el capitan con quinientos honbrcs tan fatigados y destrocados que mu¬ chos dellos quixeron en ll
duran_v2_scanB	500	quinientos	words	other	las al arma salieronles al passo y aljamioles las puentes perecieron setecientos espanoles escapan¬ do el capitan con quinientos honbrcs tan fatigados y destrocados que mu¬ chos dellos quixeron en llegando a nuestra senora de los liemedios echar¬ 
duran_v2_scanB	1000	mil	words	other	ia y ensenaba hurtando y contrahaciendo el divino culto para ser honrado como a dios por (pie to¬ do iba mezclado con mil supersticiones y enganos y todo imperfecto llenas de sangre humana hediondas y abominables conforme al (pie las persuad
duran_v2_scanB	1000	mil	words	other	has y «pie le ofrecian agora por devocion agora por voto agora por sa¬ lud agora por prosperidad agora por hijos o por mil agueros que sobre el estallido del fuego tenian y sobre el rechinar de los tizones y sobre el cen¬ tellear sobre el hu
duran_v2_scanB	1000	mil	words	other	lir sus votos y promesas y romerias como nosotros cumplimos los de santiago y de guadalupe jerusaleu &e. habia otras mil ninerias que pudiera poner sobre los agueros que fin¬ gian del agua y si pusiera si no pensara que ya todo estaria ido 
duran_v2_scanB	1000	mil	words	person	 cia por que aunque sea verdad y es asi que ya los indios conocen a dios y son cristianos quien podra negar (pie entre mil buenos no haya ciento malos que todavia tengan sus resavios como potros mal domados y aun¬ que no se haya de hacer tan
duran_v2_scanB	400	cuatrocientos	words	other	a hoy hay alli el mesmo trato donde fui un dia de tianquiz por solo ser testigo de vista y satisfacerme y halle mas de cuatrocientos perros chicos y grandes liados en cargas de ellos ya comprados y de ellos que to¬ davia andaban en venta y era tanta l
duran_v2_scanB	1000	mil	words	other	uarda de tantas casas, en otras partes los llaman calpuleque que quiere decir senores o guardas de barrios y de otras mil maneras que no hace a nuestro propo¬ sito, basta saber que en mexico hoy eu dia los llaman a los que tenian aquel carg
duran_v2_scanB	1000	mil	words	other	ones otras como soldados otras como huaxtcca otras como casadores otras veces como salvajes y como monos perros y otros mil disfreces. el baile de que ellos mas gustaban era el que con aderezos de rosas se hacia con las cuales se coronaban y
duran_v2_scanB	1000	mil	words	other	os cantaridos y tazas como que iban bebiendo todo fingido para dar placer y solaz a las ciudades regoci¬ jandolas con mil generos de juegos que los de los reeojimientos inventa¬ ban de danzas y farzas y entremeses y cautares de mucho content
duran_v2_scanB	1000	mil	words	other	rzas y entremeses y cautares de mucho contento. todo lo que hemos contado ha sido decir de los mozos como deprendian mil generos de bailes y regocijos. agora digamos el ordiuario baile que los caballeros y soldados hacian cada dia en esta m
duran_v2_scanB	1000	mil	words	other	 buena suerte y si no le entro despues de haber adorado los naypes si asi se puede decir (con las manos puestas) decir mil blasfemias contra dios y sus santos asi estos naturales hablaban ti los frijolitos y al petate y decian mil palabras d
duran_v2_scanB	1000	mil	words	other	as) decir mil blasfemias contra dios y sus santos asi estos naturales hablaban ti los frijolitos y al petate y decian mil palabras de amor y mil requiebros y mil supersticiones y des¬ pues de habellcs hablado ponian la petaquilla cu el lugar
duran_v2_scanB	1000	mil	words	other	encia en lo cual puesto en la ocasion mas facilmente se reprime en la lujuria y la resiste que no en beber aunque haya mil infiernos. el maldito demonio les dejo este lazo para ser senor de ellos pues por la fe perdia el dominio y senorio qu
duran_v2_scanB	1000	mil	words	other	:u - 4*2 aquel palo en tanto campo como palmo y medio que apenas le caben los pies y despues de haber hecho alli mil pruebas y gentilezas bajarse con tan buen semblante como si no hubiera hecho nada. quo mayor recrea¬ cion puede haber 
duran_v2_scanB	1000	mil	words	other	a se halla uno medrado ni que les luzca cosa y asi movidos y persuadidos del interes y de la codicia de ganar liaeiau mil ceremonias y supersticio¬ nes y inventaban agueros e idolatrias las cuales aqui referire. cuanto a lo primero es de s
duran_v2_scanB	1000	mil	words	other	oncedanme que nuestro dios y sus santos sea bien y (pie se sirvan de ser honrados cou bonaelicras y glotonerias y con mil hechos nefandos y abominales que de las tales fiestas resultan (pie yo pedire perdon y me conocere por de malas entrana
duran_v2_scanB	500	quinientas	words	person	en ello no reciben servicio ninguno por (liie aquel dia no oyen misa ninguno de los del barrio por que. porque si hay quinientas personas todas quinientas estan ocupadas. ellas en mo¬ ler y hacer pan otras en hacer el cacao <ss;e. ellos en traer ag
duran_v2_scanB	500	quinientas	words	person	o ninguno por (liie aquel dia no oyen misa ninguno de los del barrio por que. porque si hay quinientas personas todas quinientas estan ocupadas. ellas en mo¬ ler y hacer pan otras en hacer el cacao <ss;e. ellos en traer agua lefia so¬ plar atizar 
duran_v2_scanB	3000	tres mil	words	other	 de tan larga esperada responden que no habia ramada que no estaba encalado el altar que repararon la cerca &c. traen tres mil achaques y mentiras y mirado su calendario hallaran que aquel dia cae la fiesta del idolo que aquel barrio festejaba y 
duran_v2_scanB	1000	mil	words	other	ponian rosas para recrearse este dia con ellas comian y bebian y bailaban con ellas todo este dia festivo y inventaban mil generos de regocijos la cual ccrimonia era ofrecer a los dioses las primicias de las rosas ya veran en la figura un in
duran_v2_scanB	1000	mil	words	other	las enfermeda¬ des de ellos y no les empeceria niuguu mal y hoy en dia hay de estos agoreros tras cada canton que con mil enganos hacen en creinte dos mil agueros y enganos persuadiendo a tener fe y esperanza en las tresquilas de los cabell
duran_v2_scanB	2000	dos mil	words	other	y no les empeceria niuguu mal y hoy en dia hay de estos agoreros tras cada canton que con mil enganos hacen en creinte dos mil agueros y enganos persuadiendo a tener fe y esperanza en las tresquilas de los cabellos: que sea asi o asi de este modo
duran_v2_scanB	1000	mil	words	other	s en habiendo eaptilli que asi se llama la cereza aunque padece necesidad de maiz inche el estoma¬ go de cerezas y de mil ycrbezttelas comestibles que ellos comen y eon aquello se sustentan hasta que hay mazorca. pareecme que me digeron qu
duran_v2_scanB	1000	mil	words	other	 y bebida de vino y de esta comida que arriba digimos que se co¬ mia este dia ofrecian eucienzo ante ellos y hacianles mil zalemas saluda¬ banlos y hablabanles. llamaban a esta ecrimonia descanso de instrumen¬ tos serviles. o bestialidad est
duran_v2_scanB	1000	mil	words	person	n los ninos dando a entender ¿i las madres (pie ofreciendo tal y tal cosa uo mo¬ ririan sus ninos aquel ano usando de mil invenciones satanicas con ellos de tresquilas sacrificios hondones banos embijainientos betunes emplnmamientos tiznes g
duran_v2_scanB	1000	mil	words	other	que despues do puestas aquellas banderetas en los arboles habia ofrendas de pan y de vi¬ no y de eneienzos y de otras mil cosas que para estar advertido basta lo dicho. el mes diez y seis 1 que ios naturales celebraban era do veinte d
duran_v2_scanB	1000	mil	words	person	er sembra¬ ban los montes y los llanos laderas y quebradas sin dejar cosa por sembrar pero agora ya los indios tienen mil grangerias y ocupansc cu ellas y no quieren sembrar haciendose cuenta que con el dinero que gana con las grangerias co
duran_v2_scanB	2000	dos mil	words	other	lde la pretendida clave. el sr. ramirez hizo copiar eu tarjetas, que hoy estan eu poder del sr. orozco y berra, mas de dos mil figuras con su significado, y de su comparacion encontro el modo de leerlas, que yo he resumido en la siguiente regla c
duran_v2_scanB	5000	cinco mil	words	other	e torqnemada cuenta que en el templo mayor de mexico, en¬ tre sacerdotes y sirvientes de los dioses, no habia menos de cinco mil. en¬ tonces debio llegar a su apogeo la organizacion del sacerdocio. habia un sumo sacerdote con poder superior sobr
duran_v2_scanB	400	cuatrocientos	words	other	n el sacerdocio: tales eran, el omvtoehtli, gran sacerdote de tccatzoncatl, dios de la bebida, que pre¬ sidia a otros cuatrocientos sacerdotes llamados ccntzontotochin; los sacer¬ dotes de cent coti, la diosa del maiz, que vivian en ayunos y penitenci
duran_v2_scanB	600	seiscientos	words	other	incipio no se supo jamas. estos dioses tuvieron cuatro hijos, entre ellos a tezcatlipoca y a quctzalcoau; y du¬ rante seiscientos anos no hicieron mas. pasado este tiempo, convinieron los cuatro hijos de tonacatccuhtli , en que quctzalcoau y huitzil
duran_v2_scanB	1000	mil	words	other	a el relato clel popol-yuh en que los dioses tienen nombres de animales, los dibujos del palacio de chichea ltza, los mil idolillos de figuras de animales que en las cavernas de aquellas regiones se encuentran, nos bastaria para com¬ prende
duran_v2_scanB	1000	mil	words	other	de tollau se debilitaba dia a dia: el hambre, la peste, las nu¬ merosas y continuas emigraciones, todo acababa con el. mil fuuestos presagios anunciaban su mina. por fin el ano 13 (teati, 1115, los antiguos aliados, los barbaros, viendo que e
duran_v2_scanB	1000	mil	words	other	hicera y mala, que era muy perjudi¬ cial su compania, haziendose temer con muchos agravios y pesadumbres que daba con mil malas manas que usaba para despues hacerse adorar por dios. sufrianla todos en su congregacion por ser hermaua de su id
duran_v2_scanB	1000	mili	words	other	n, y de dos pinturas como el codice vaticano y el mapa de tepeehpan. sin embargo, el codice mendocino lija el ano orne mili 1325; pero no ol¬ videmos que esc codice es una historia muy convencional, que fue man¬ dado pintar por el virrey mend
duran_v2_scanB	18000	18,000	digit-group	other	i hubieramos de creer los anales geroglificos de sus soles o cataclismos, ellos solos abrazarian un periodo de mas de 18,000 anos; pero ni sabemos como en el principio contaron osos pueblos sus anos, y debe desconfiarse siem¬ pre de la cronol
duran_v2_scanB	20000	20,000	digit-group	other	edad. el visionario abate creyo ver en estos anales no se que misterios de la antiguedad, y 51 una cronologia de 20,000 anos. desgraciadamente no hay en ellos nada de eso. son unos anales escritos en onauhtitlan, y que tienen por prin¬ c
duran_v2_scanB	1200	1,200	digit-group	other	c y su maestro tunapa. tuapac les dejo la cruz de carabuco. l)iceu que la labro en el brasil, y (pie la llevo cargando 1,200 leguas. este tuapac, ticiviracocha y viracocha son tres personajes misteriosos, sin duda tres reformadores. adoraban 
duran_v2_scanB	1030	1,030	digit-group	other	o no puede ser anterior al ano 999. la desaparicion de bjcern no pue¬ de ser antes de 998. el viaje de gudhleif fue en 1,030. ninguno de estos hechos puede referirse a quetzalcoatl que es anterior. parece que no hay duda de que la bvitramaan
duran_v2_scanB	5413	5,413	digit-group	other	sentando todos los caracteres de una antiguedad an¬ terior a la conquista. esta escrito en papel de maguey, y tiene nr 5,413 de largo y 0,1% de ancho, formando una sola faja o tira.” veamos ahora la opinion del sr. ramirez, sobre el cuadro q
duran_v2_scanB	1507	1.507	digit-group	other	"aetear a los hombres atados en cruz, que como liemos visto era propio de los tlaxealteca. al otro ano, el o»i"" (teati 1.507, en que encendieron el fuego nuevo y acabaron el templo de iluixaelditlau, volvio a temblar mucho la tierra, se ahoga"
ixtl_A1	1792	mil setecientos noventa y dos	words	other	sta historia se ha copiado literalmente de un ejemplar que fue de d. mariano veytia. mexico, veintidos de noviembre de mil setecientos noventa y dos. — fr. francisco garda figueroa. 1 por la* rasones expuestas en las notas del primer tomo, puede dudarse de que la hi
ixtl_A1	1000000	un millon, y	words-millon	other	historias haber tenido ningun principe de los mas poderosos que hubo antes ni despues en este nuevo mundo: era mas de un millon, y las tierras que poblo este gran ejercito en su primer asiento fueron todas las que caen de la parte de adentro de las 
ixtl_A1	1064	mil y sesenta y cuatro	words	other	 armas los matasen. todo lo cual puso por obra tochintecuhtli, y se puso en el puesto de huexutla el ano siguiente de mil y sesenta y cuatro que llaman ce tecpatl. r el principe quinatzin paso su corte, y morada a oztocticpac, que es en tetzcuco y dio princip
ixtl_A1	1000	mil	words	other	, salian a ciertos campos en donde tenian acorraladas cantidad de fieras de todo genero, con quienes peleaban y hacian mil gentilezas, y despues de haber matado y despedazado, corrido, saltado, y flechadose unos a otros, y hecho otras cosas de
ixtl_A1	550	doscientos y cincuenta y trescientos	words	other	espues de haber reinado muchos anos; porque segun por la historia parece, estos senores chichimecas y aculhuas vivian doscientos y cincuenta y trescientos anos, a lo cual vino a faltar en sus descendientes, despues que se dieron a los regalos de las comidas, y a los deleit
ixtl_A1	1414	mil cuatrocientos y catorce	words	other	, en donde te determinaron la» guerra» que hubo entre jxuuxoehiu y tezotomoo tobre el imperio. el ano siguiente de mil cuatrocientos y catorce de la encarnacion de cristo nuestro senor que llaman matlactliomey tochtli, hizo cortes y junta ixtlilxochitl de los sen
ixtl_A1	1420	mil cuatrocientos y veinte	words	other	te* al patrimonio del imperio de los chichimecas, y otra* cotas que hito y del sueno que sono. el ano siguiente de mil cuatrocientos y veinte de la encarnacion de cristo nuestro senor llamado chicuacen tecpatl, dos despues de la muerte del infeliz ixtlilxochitl
ixtl_A1	1400	mil cuatrocientos y	words	other	que es a los cinco dias de su octavo mes llamado micailhuitzintli, a once dias del mes de agosto del ano del senor de mil cuatrocientos y veintisiete. 1 este pasaje confirma la nota puesta al fin de la 11? relacion de los senores chichimecas, tomo 1? pagin
ixtl_A1	400000	cuatrocientas mil,	words	other	educidos a fanegas montan treinta y una fanegas y tres almudes; otros tres tlacopintlis de frijoles, y tortillas hechas cuatrocientas mil, de cacao cuatro xiquipiles que montan treinta y dos mil cacaos, cien gallos, veinte panes de sal, veinte cestones de c
ixtl_A1	32000	treinta y dos mil	words	other	udes; otros tres tlacopintlis de frijoles, y tortillas hechas cuatrocientas mil, de cacao cuatro xiquipiles que montan treinta y dos mil cacaos, cien gallos, veinte panes de sal, veinte cestones de chile ancho y otros veinte de chile menudo, diez de tomate
ixtl_A1	400	cuatrocientas	words	other	 pimcntel descendiente de nezahualcoyotzin. (nota do ternaux). 170 obras historicas de y pueblos, que contenian cuatrocientas medidas de largo y de ancho ni mas ni menos, que se llamaba por una parte tlatocatlali o tlatocamili, que quiere decir 
ixtl_A1	200000	doscientas mil	words	person	stas. 2 debe ser saque. 174 obras historicas de con todos sus llamamientos, en donde andaban ocupadas mas de doscientas mil personas cada dia. los obreros mayores, que eran de estas casas, fueron xilomantzin senor de culhuacan, y moquihuitzin
ixtl_A1	411	cuatrocientas y once	words	other	ella asistia el rey nezahuulcoyotzin personalmente. * tenian las casas de longitud que corrian de oriente a poniente, cuatrocientas y once medidas y media, que reducidas a nuestra medida, hacen mil doscientas treinta y cuatro varas y media, y de latitud que 
ixtl_A1	1234	mil doscientas treinta y cuatro	words	other	ongitud que corrian de oriente a poniente, cuatrocientas y once medidas y media, que reducidas a nuestra medida, hacen mil doscientas treinta y cuatro varas y media, y de latitud que es de norte a sur, trescientas veintiseis medidas que hacen novecientas y setenta y och
ixtl_A1	978	novecientas y setenta y ocho	words	other	oscientas treinta y cuatro varas y media, y de latitud que es de norte a sur, trescientas veintiseis medidas que hacen novecientas y setenta y ocho varas: 2 por la cuadra que caia hacia la parte del sur y oriente era la cerca de una pared muy 1 £1 mapa quinatzin no
ixtl_A1	2000	dos mil	words	other	 muchas fuentes de agua, estanques y acequias con mucho pescado, y aves de volateria, lo cual estaba cercado de mas de dos mil sabinos, que hoy esta la mayor parte de ellos en pie; y asimismo habia en estos jardines otros muchos laberintos, que 
ixtl_A1	500	quinientos	words	person	 185 te del poniente; y por delante de este templo habia un patio prolongado de norte a sur en donde cabian muy bien quinientos hombres, y en medio de las puertas de las dos capillas estaba una piedra tumbada que llamaban techcatl, en donde sacri
ixtl_A1	400	cuatrocientas	words	other	 todos eran a este talle; unos tenian dos, tres y mas capillas, y algunos que no tenian mas de solo una: habia mas de cuatrocientas salas y aposentos en donde estaban estos templos, para las viviendas de los sacerdotes y ministros del templo, y en don
ixtl_A1	400	cuatrocientas	words	person	ros que asistian en su corte, cada uno conforme a la calidad y meritos de su persona, las cuales llegaron a ser mas de cuatrocientas casas de senores y caballeros de solar conocido. y para el buen gobierno, asi de su reino como para todo el imperio, es
ixtl_A1	4300	cuatro mil y trescientos	words	other	yotzin con la cabecera de quauhnahuac nueve pueblos. al que puso por mayordomo de la cobranza de los tributos, sacaba cuatro mil y trescientos fardos de mantas ricas, panetes y huepiles que montan por todo ochenta y seis mil mantas, huepiles, enaguas y panetes; '
ixtl_A1	86000	ochenta y seis mil	words	other	branza de los tributos, sacaba cuatro mil y trescientos fardos de mantas ricas, panetes y huepiles que montan por todo ochenta y seis mil mantas, huepiles, enaguas y panetes; ' y cierta cantidad de preseas de oro, pedreria y plumeria en cada un ano, sin las 
ixtl_A1	1800	mil y ochocientos	words	other	" panete 6 itmltli %f »t»v>»i id ointutn, y i"" don fernando de alva ixtlilxochitl. 197 en cada un ano de tributos mil y ochocientos fardos de mantas asi de las ricas betadas l de todos colores, que servian para en tapizar las 'salas y cuartos del rey"
ixtl_A1	40000	cuarenta mil	words	other	o brazas, y otros cien fardos de las mas delicadas y primas de a cuatro brazas, que las unas y las otras venian a ser cuarenta mil piezas, sin mas cuatrocientas petacas y cuatrocientos pellejos de venado, cien venados vivos, cien cargas de chile y ci
ixtl_A1	400	cuatrocientas	words	other	 de las mas delicadas y primas de a cuatro brazas, que las unas y las otras venian a ser cuarenta mil piezas, sin mas cuatrocientas petacas y cuatrocientos pellejos de venado, cien venados vivos, cien cargas de chile y cien cargas de pepitas, cien pap
ixtl_A1	400	y cuatrocientos	words	other	y primas de a cuatro brazas, que las unas y las otras venian a ser cuarenta mil piezas, sin mas cuatrocientas petacas y cuatrocientos pellejos de venado, cien venados vivos, cien cargas de chile y cien cargas de pepitas, cien papagayos grandes, cuarenta
ixtl_A1	4000	cuatro mil,	words	other	s cuarenta costales de plumeria de aves de diferentes colores, sin mas doscientos fardos de panetes, que venian a ser cuatro mil, con las amas y criadas necesarias para el servicio de palacio. en la gran provincia de tochpan puso por su mayordomo a
ixtl_A1	1580	mil quinientos y ochenta	words	other	ncia de tochpan puso por su mayordomo a huehutli,' que cobraba en cada un ano de las mantas del genero atras referido, mil quinientos y ochenta fardos, y mas veinticinco mantas y huepiles, sin mas cuatrocientos fardos, y mas diez mantas del ilacatziuhqui 2 de a o
ixtl_A1	400	cuatrocientos	words	other	de las mantas del genero atras referido, mil quinientos y ochenta fardos, y mas veinticinco mantas y huepiles, sin mas cuatrocientos fardos, y mas diez mantas del ilacatziuhqui 2 de a ocho brazas, y otros tantos fardos de mantas del ilacatziuhqui delg
ixtl_A1	47645	cuarenta y siete mil seiscientas cuarenta y cinco	words	other	 ocho brazas, y otros tantos fardos de mantas del ilacatziuhqui delgado de a cuatro brazas, que por todo venian a ser cuarenta y siete mil seiscientas cuarenta y cinco mantas, enaguas y huepiles, piezas de ilacatziuhqui y panetes, sin mas las amas de palacio y criadas que eran necesaria
ixtl_A1	400	cuatrocientas	words	other	nto y veinte piezas: igualmente le sembraban y cultivaban en cada un ano una sementera de cacao, que tenia de longitud cuatrocientas medidas y de latitud doscientas, sin mas treinta y tres cargas de cacao que se cobraban de tributo, dos mil pelotas de 
ixtl_A1	2000	dos mil	words	other	itud cuatrocientas medidas y de latitud doscientas, sin mas treinta y tres cargas de cacao que se cobraban de tributo, dos mil pelotas de hule y cuatrocientos panos de grana, sin mas muchas piezas de plumeria, como eran rodelas, penachos y otras 
ixtl_A1	400	y cuatrocientos	words	other	as y de latitud doscientas, sin mas treinta y tres cargas de cacao que se cobraban de tributo, dos mil pelotas de hule y cuatrocientos panos de grana, sin mas muchas piezas de plumeria, como eran rodelas, penachos y otras divisas que loa reyes usaban cuan
ixtl_A1	400	y cuatrocientas	words	other	 uno de los catorce grandes del reino, todavia quedo obligado a dar en cada un ano de tributo sesenta fardos de mantas y cuatrocientas medidas de frijol, que son quinientas fanegas; y asimismo estuvo a su cargo el tener cuenta de plantar arboledas en los
ixtl_A1	500	quinientas	words	other	ia quedo obligado a dar en cada un ano de tributo sesenta fardos de mantas y cuatrocientas medidas de frijol, que son quinientas fanegas; y asimismo estuvo a su cargo el tener cuenta de plantar arboledas en los jardines y bosques; y nombro por mayo
ixtl_A1	1000	mil	words	other	y hay en la nueva espana, segun parece por los padrones reales de aquellos tiempos), como las cosas de esta vida tienen mil mudanzas y nunca faltan calamidades (como las que en esta sazon contienen y fueron las primeras), en el ano de mil cua
ixtl_A1	1454	mil cuatrocientos cincuenta y cuatro	words	person	te los eclipses de sol. vease el codice telleriano remense. 206 obras historicas de gente, y en el siguiente de mil cuatrocientos cincuenta y cuatro a los principios de el hubo un eclipse muy grande de sol, y luego se aumento mas la enfermedad, y moria tanta gente qu
ixtl_A1	1469	mil cuatrocientos sesenta y nueve,	words	other	sto mitigaban la hambre que tenian; habiendose ocupado los chalcas casi en esto cuatro anos sucesivos. el siguiente de mil cuatrocientos sesenta y nueve, casi a los ultimos del que llaman yei calli, murio el gran motecuhzomatzin ilhuicamina en su ciudad de mexico, y llegada
ixtl_A1	12000	doce mil	words	person	; y fue preso y cautivo tlilcuezpali con otros muchos capitanes de su valia. fueron de los contrarios cautivos mas de doce mil personas, y de los del imperio no llegaron a mil los que en estas batallas murieron. el rey axayacatzin quedo lisiado d
ixtl_A1	1000	mil	words	person	capitanes de su valia. fueron de los contrarios cautivos mas de doce mil personas, y de los del imperio no llegaron a mil los que en estas batallas murieron. el rey axayacatzin quedo lisiado de la pierna, aunque sano de las heridas; y habiend
ixtl_A1	25607	veinte y cinco mil seiscientas y siete	words	other	fas de lo propio, y cuarenta fardos y mas siete mantas de pluma que servian de sobrecamas, que por todas venian a ser veinte y cinco mil seiscientas y siete mantas, sin las preseas de joyas de oro, aderezos y divisas de plumeria fina, y en cada un ano y en cada lugar una sem
ixtl_A1	1000	mil	words	other	otlan, oztotiepae y otras provincias de la costa del mar del norte, al rey nezahualpiltzintli cada dia se le hacian mil anos por salir a batalla y probar su ventura, y como su tierna edad no le ayudaba, se afligia mucho; y asi demas de cu
ixtl_A1	31600	treinta y un mil y seiscientas	words	other	ros caballeros y allegados. de ordinario en palacio se gastaban en cada un ano (segun parece por los padrones reales), treinta y un mil y seiscientas fanegas de maiz, doscientas cuarenta y tres cargas de cacao, ocho mil gallos, cinco mil fanegas de chile ancho y delgad
ixtl_A1	8000	ocho mil	words	other	 por los padrones reales), treinta y un mil y seiscientas fanegas de maiz, doscientas cuarenta y tres cargas de cacao, ocho mil gallos, cinco mil fanegas de chile ancho y delgado y pepitas, y dos mil medidas de sal; y para el vestuario, asi para 
ixtl_A1	5000	cinco mil	words	other	 reales), treinta y un mil y seiscientas fanegas de maiz, doscientas cuarenta y tres cargas de cacao, ocho mil gallos, cinco mil fanegas de chile ancho y delgado y pepitas, y dos mil medidas de sal; y para el vestuario, asi para el rey como todos 
ixtl_A1	2000	y dos mil	words	other	iz, doscientas cuarenta y tres cargas de cacao, ocho mil gallos, cinco mil fanegas de chile ancho y delgado y pepitas, y dos mil medidas de sal; y para el vestuario, asi para el rey como todos los demas caballeros que asistian en su casa y corte y 
ixtl_A1	574010	quinientas setenta y cuatro mil y diez	words	person	tuario, asi para el rey como todos los demas caballeros que asistian en su casa y corte y para la demas gente referida, quinientas setenta y cuatro mil y diez mantas, que todas las mas eran finisimas y de precio. esto era de las rentas que el rey tenia en las provincias de su p
ixtl_A1	5000	cinco mil	words	other	ran cantidad de maiz y otras semillas que se guardaban para los anos esteriles, y en cada una de ellas cabian cuatro o cinco mil fanegas, y estaban con tanto orden y concierto, que por todas partes el aire las cogia, con que las semillas duraban muc
ixtl_A1	2000	dos mil	words	other	y los hijos que tuvo en ella y en las demas. por las historias parece haber tenido el rey nezahualpiltzintli mas de dos mil concubinas, aunque con las que el trato familiarmente y tuvo hijos en ellas, fueron cuarenta con la reina, de las cuales
ixtl_A1	100000	cien mil	words	person	s de don fernando de alva ixtlilxochilt. muy grandes y ricos despojos, y de muy gran suma de cautivos que fueron casi cien mil hombres, y de la parte del imperio no pasaron de siete mil los que en estas conquistas murieron. antes de venirse dejaro
ixtl_A1	7000	siete mil	words	person	icos despojos, y de muy gran suma de cautivos que fueron casi cien mil hombres, y de la parte del imperio no pasaron de siete mil los que en estas conquistas murieron. antes de venirse dejaron gente de guarnicion en las mas fuertes ciudades y cabece
ixtl_A1	1000	mil	words	other	os rebeldes dejando bien proveidos de gente los presidios y fortalezas, trajo demas de los despojos mas de veinticinco mil cautivos. igualmente el rey nezahualpiltzintli casi por estos tiempos hizo una entrada contra los de atlixco, una de la
ixtl_A1	80400	ochenta mil y cuatrocientos	words	person	taron con los que el rey de mexico tenia de solas cuatro naciones que fueron cautivas en las guerras atras referidas, ochenta mil y cuatrocientos hombres en este modo: de la nacion tzapoteca diez y seis mil, de los tlapanecas veinticuatro mil, de los huexotzincas y
ixtl_A1	16000	diez y seis mil,	words	person	ron cautivas en las guerras atras referidas, ochenta mil y cuatrocientos hombres en este modo: de la nacion tzapoteca diez y seis mil, de los tlapanecas veinticuatro mil, de los huexotzincas y atlixcas otros diez y seis mil,, de los de tizauhcoac veintic
ixtl_A1	1000	mil,	words	other	henta mil y cuatrocientos hombres en este modo: de la nacion tzapoteca diez y seis mil, de los tlapanecas veinticuatro mil, de los huexotzincas y atlixcas otros diez y seis mil,, de los de tizauhcoac veinticuatro mil y cuatrocientos, que viene
ixtl_A1	16000	diez y seis mil,,	words	other	modo: de la nacion tzapoteca diez y seis mil, de los tlapanecas veinticuatro mil, de los huexotzincas y atlixcas otros diez y seis mil,, de los de tizauhcoac veinticuatro mil y cuatrocientos, que vienen a montar el numero referido; todos los cuales fueron s
ixtl_A1	1400	mil y cuatrocientos,	words	other	 tlapanecas veinticuatro mil, de los huexotzincas y atlixcas otros diez y seis mil,, de los de tizauhcoac veinticuatro mil y cuatrocientos, que vienen a montar el numero referido; todos los cuales fueron sacrificados ante este estatuario del demonio, y las cab
ixtl_A1	100000	cien mil	words	person	xltilxochitl. rras de menos cuantia que despues en el discurso del ano fueron sacrificados, que vinieron a ser mas de cien mil hombres; y asi los autores que exceden en el numero, se entiende con los que despues se sacrificaron. fue tan grande l
ixtl_A1	1000	mil	words	person	lances hubieron a las manos al desdichado capitan que llevaba las armas y divisas del rey, y en un instante lo hicieron mil pedazos, no teniendose por dichoso y bien aventurado el soldado y capitan que no llevaba un pedazo de su cuerpo o de su
ixtl_A1	2000	dos mil	words	person	cios con grande aparato y servicio de gente como hija de tan gran senor como lo era el rey su padre, y asi pasaban de dos mil personas las que trajo consigo para su servicio, de amas, criadas, pajes y otros sirvientes y criados; y aunque nina er
ixtl_A1	1000	mil	words	person	e viendose sola en sus cuartos y que sus gentes la tenian y respetaban por la gravedad de su persona, comenzo a dar en mil flaquezas y fue a dar que qualqui, x mancebo galan y gentil hombre acomodado a su gusto y aficion, daba orden en secre
ixtl_A1	2000	dos mil	words	person	anes, y por ser gente de calidad, sus cuerpos fueron quemados con las estatuas referidas; y a los demas que pasaron de dos mil personas les fueron dando garrote, y en una barranca cerca de un templo del ^dolo de los adulterios, los fueron echando
ixtl_A1	17400	diez y siete mil y cuatrocientas	words	person	iendola la sujetaron y saquearon, en donde en su defensa murieron muchos millares de tequantepecas, y trajeron cautivos diez y siete mil y cuatrocientas personas; con cuya hazana quedaron los de esta provincia muy destrozados, habiendo siempre defendido su partido muy bi
ixtl_A1	1500	mil quinientos,	words	other	aron los de esta provincia muy destrozados, habiendo siempre defendido su partido muy bien. luego el ano siguiente de mil quinientos, que llamaron chicuey tecpatl, por haberse tornado a rebelar los de la provincia de xaltepec fueron sobre ellos, y total
ixtl_A1	1505	mil quinientos y cinco	words	other	 quinientos cuatro, murio tehuehuetzin senor de la provincia de quauhnahuac, y sucediole itzcoatzin: en el siguiente de mil quinientos y cinco fue la hambre, y sucesivamente el de mil quinientos y seis, l que llamaron matlactliomey calli y cetoxtli, de tal maner
ixtl_A1	1506	mil quinientos y seis,	words	other	de quauhnahuac, y sucediole itzcoatzin: en el siguiente de mil quinientos y cinco fue la hambre, y sucesivamente el de mil quinientos y seis, l que llamaron matlactliomey calli y cetoxtli, de tal manera que en toda la tierra no se cogio ningun frutc^ si no fue 
ixtl_A1	500	y mil quinientos	words	person	 opinion, por concierto y pacto secreto que el rey motecuhzoma su hermano tuvo con los de atlixco, por 1 aqui falta: y mil quinientos ¿iete. 310 obras historicas de excusar alteraciones y persona que se le anteponia, hizo que* fuese muerto y ven
ixtl_A1	2800	y dos mil ochocientos	words	person	e* fuese muerto y vencido en esta batalla, en donde murio con el otro de los senores mexicanos llamado tzicquaquatzin y dos mil ochocientos soldados que iban en su defensa; lo cual sintio en infinito el rey nezahualpiltzintli,y compuso aquel canto que llaman 
ixtl_A1	400	cuatrocientas	words	person	nes que quedaron de todo punto rendidas, y todas debajo del imperio de las tres cabezas, que tenia de longitud mas de cuatrocientas leguas, y de latitud des* don fernando de al va 1xtl1lxoch1tl. 319 <le el mar del norte hasta el del sur. * y porq
ixtl_A1	1000	mil	words	other	n descuidados de la traicion y trato doble que contra ellos estaba hecho; aunque aquella tarde y aquella noche tuvieron mil presagios que les representaban su total destruccion y ruina, entre los cuales, el uno fue que vieron por el aire que 
ixtl_A1	2000	dos mil	words	person	37 sonas de juntar gente para hacer este viaje, y no persona que con el se acomodase, sino fernando cortes que tenia dos mil ducados en el cambio de andres de duero, mercader que era discreto y de estomago para saber gobernar. cortes acepto aq
ixtl_A1	4000	cuatro mil	words	other	viaje, de que hubo entre los dos grandes pasiones; mas cortes a pesar del otro, dio principio a su viaje y tomo fiados cuatro mil ducados con que compro navios y todo lo necesario, y luego se le agregaron sus amigos que sustento a su costa y dio di
ixtl_A1	550	quinientos cincuenta	words	person	se puso en salvo en la isla de guaniganiga, y habiendo saltado en tierra hizo resena de la gente que llevaba, y hallo quinientos cincuenta espanoles de pelea, 4 y mas algunos indios de servicio; de los cuales hizo once companias de cincuenta hombres, y tomo 
ixtl_A1	673	seiscientos setenta y tres	words	person	arta del ayuntamiento de veracruz al .emperador se dice que 400 soldados. (nota de ternaux). — el verdadero numero fue seiscientos setenta y tres castellanos utiles para la guerra. tomo jl-23 338 obras de don fernando de alta ixtlilxochitl. deras con sus arm
ixtl_A1	500	quinientos	words	person	nos de los naturales de cuba, y les sucediera muy mal, si cortes no fuera luego a socorrerlos. otro dia siguiente puso quinientos hombres en el campo con trece caballos y algunas piezas de artilleria, y yendo marchando su ejercito por unas labranza
ixtl_A1	40000	cuarenta mil	words	person	rece caballos y algunas piezas de artilleria, y yendo marchando su ejercito por unas labranzas, salieron al encuentro cuarenta mil hombres con los cuales peleo, y aunque con dificultad y gran trabajo los vencio, en donde segun lo que les parecio a lo
ixtl_A1	4000	cuatro mil	words	person	 que ellos no iban a otra cosa. de alli a dos dias que fue el lunes de pascua de resurreccion, vino el gobernador con cuatro mil hombres que le acompanaban, cargados de bastimentos que dio a cortes, con algunas preseas y joyas de oro bien ricas, el
ixtl_A1	2000	dos mil	words	person	go alla. teotlili se volvio a cuetlachtlan donde residia, y dejo con los nuestros a cuitlalpitoc y otros capitanes con dos mil personas para el servicio y regalo de los espanoles. 1 aguilar era clerigo subdiacono, y asi no caso ni pudo casar co
ixtl_A1	1000	mil	words	other	abian tenido perpetua paz, hasta que ultimamente motecuhzoma los habia tiranizado, y el y los suyos cada dia le hacian mil agravios, y que por salir de poder de tiranos, se holgarian el y otros muchos de los senores de las provincias «comarc
ixtl_A1	100000	cien mil	words	person	 pagasen tributos a mexico: todos se alzaron y rogaron a cortes que fuese su caudillo, que ellos pondrian en el campo cien mil hombres de guerra. fue muy grande el gusto que de esto recibio cortes, porque vido que ya tenia revuelta toda la tierr
ixtl_A1	500	quinientos	words	person	abia de sacar honra y fama inmortal: muchos rehusaban esta entrada porque les parecia temeridad, mas que esfuerzo, ir quinientos hombres entre millones de 1 en blanco en el original. 2 esta primera relacion de cortes, o se ha perdido o no l>i es
ixtl_A1	1000000	millones	words-millon	person	a inmortal: muchos rehusaban esta entrada porque les parecia temeridad, mas que esfuerzo, ir quinientos hombres entre millones de 1 en blanco en el original. 2 esta primera relacion de cortes, o se ha perdido o no l>i escribio. yo m» inclino 
ixtl_A1	1000	mil	words	person	ontra motecuhzoma, que eran entre ciudades y pueblos mas de cincuenta, en donde se podrian sacar en campo otros tantos mil hombres en su favor; y dejando siempre cincuenta hombres en la villa, con los demas se salio por la via de mexico, hab
ixtl_A1	1000	mil	words	person	 los templos imagenes y cruz: partio de allien diez y seis de agosto del mismo ano de mil quinientos diez y nueve, con mil indios de carga y mil trescientos de guerra, llevando consigo ciertos rehenes, y en su compania cuatrocientos espanoles
ixtl_A1	400	cuatrocientos	words	other	s diez y nueve, con mil indios de carga y mil trescientos de guerra, llevando consigo ciertos rehenes, y en su compania cuatrocientos espanoles, quince caballos, y siete tirulos: tres dias camino por tierras de los amigos, muy servido y festejado, y el 
ixtl_A1	5000	cinco mil	words	person	un el uno de estos espias de una cuchillada corto a un caballo la cabeza a cercen con riendas y todo, aunque salieron cinco mil tlaxcaltecas a defenderlos; mas luego la senoria envio sus mensajeros a cortes, disculpandose de lo hecho y cargando la 
ixtl_A1	1000	mil	words	other	on su ciudad, con intencion de cojerlos y matarlos dentro de ella. otro dia siguiente les salieron al encuentro hasta mil tlaxcaltecas, que pelearon con muy buen orden y animo, y se fueron retirando con intento de meter a cortes y a los suy
ixtl_A1	80000	ochenta mil	words	person	 muy buen orden y animo, y se fueron retirando con intento de meter a cortes y a los suyos en una emboscada de mas de ochenta mil personas, en donde se vieron en grandisimo peligro y salieron heridos muchos, aunque no murio ninguno; y haciendose fu
ixtl_A1	150000	ciento cincuenta mil	words	person	o murio ninguno; y haciendose fuertes en una aldea aquella noche, otro dia de manana tuvieron aviso que venian mas de ciento cincuenta mil hombres sobre ellos, con que obro dios grandes milagros en su defensa: cuando estos tlaxcaltecas llegaron a vista de l
ixtl_A1	20000	veinte mil,	words	other	y de los nuestros, que los tlaxcaltecas nunca los acometieron todos juntos, sino por cuadrillas, saliendo de veinte en veinte mil, que vencidos aquellos, entraban otros tantos; y en dos dias que duro la batalla mataron infinitos tlaxcaltecas, y viendo
ixtl_A1	20000	veinte mil	words	other	u amistad, pues velan el dano que de no admitirla se les habia seguido; mas con todo esto, otro dia le salieron otros veinte mil de ellos a pelear con el; y el siguiente que se contaba seis de septiembre, vinieron al real de cortes cincuenta hombre
ixtl_A1	400	cuatrocientos	words	person	, estando una noche alojados en el campo, vieron desde lejos unos fuegos, f y salio cortes a ver lo que era con hasta cuatrocientos companeros, y fue a dar en tzimpantzinco ciudad de mas de veinte mil fuegos, 1 que como los cogio desapercibidos, no se
ixtl_A1	20000	veinte mil	words	person	s, f y salio cortes a ver lo que era con hasta cuatrocientos companeros, y fue a dar en tzimpantzinco ciudad de mas de veinte mil fuegos, 1 que como los cogio desapercibidos, no se resistieron, antes recibieron muy bien y regalaron a cortes y a los 
ixtl_A1	1000	mil	words	other	uhquecholan, itzoncan, quauhtinchan, tecamachalco, tepeyacac y cuextlan hasta llegar a la costa de cempoalan, haciendo mil agravios y vejaciones, y desde el un mar al otro, sin que nadie os lo de en cara ni estorbe; y que por vuestra causa, p
ixtl_A1	1000	mil	words	other	 hacia, y no se fiase de los traidores de tlaxcalan, pues ya veia lo que habia pasado con los tlaxcaltecas, que decian mil males de motecuhzoma y de sus tiranias, y por otra parte deseaban mucho llevarle a su ciudad para despues confederarse 
ixtl_A1	6000	seis mil	words	other	calan se lo impedian por los inconvenientes que ellos le ponian, pero al fin se determino a ir a ella llevando consigo seis mil tlaxcaltecas de guerra, aunque le querian dar mucho mas, y por caudillos de ellos a hepapalotzin, tlacatecuhtli, quana
ixtl_A1	10000	diez mil	words	person	in, imiztli, matzin y axayacatzin; aunque se volvio. 1 por el camino salieron a recibir a cortes y a los suyos mas de diez mil hombres de chololan, con grande regocijo; y habiendolos entrado en la ciudad y dadoles muy buena posada, regalando esple
ixtl_A1	1000	mil	words	other	aquella noche los embajadores de motecuhzoma tornaron otra vez a porfiar con cortes que no pasase a mexico, poniendole mil dificultades, de tal manera que se recelo de ellos y de los cholultecas, y asi mando a los tlaxcaltecas sus amigos se 
ixtl_A1	5000	cinco mil,	words	other	los espanoles para que saliesen a los del patio y los matasen) se ejecuto asi, y en menos de dos horas mataron mas de cinco mil, saquearon y quemaron las casas mas principales de la ciudad y los templos de ella; y el templo mayor donde se habian ac
ixtl_A1	4000	cuatro mil	words	person	te que estaba en la entrada de la ciudad, en donde se juntaba la albarrada con la calzada, salieron a recibirle mas de cuatro mil hombres principales, todos ricamente aderezados, y conforme iban pasando se humillaban a cortes, poniendo la mano en el
ixtl_A1	3000	tres mil	words	other	apatos de oro con muchas piedras y ricas perlas; y por donde iban les echaban mantas para que pisasen, y tras de ellos tres mil caballejos, todos muy ricamente vestidos que eran todos de los de su guardia y criados. cuando cortes llego, se apeo de
ixtl_A1	6000	y seis mil	words	person	ue muy servido, y visitado de todos los grandes senores del imperio, y muy abastecidamente proveido el, sus companeros y seis mil tlaxcaltecas que consigo tenia: al cabo de los cuales, despues de haber considerado muy bien en el estado y trance en qu
ixtl_A1	500000	quinientos mil	words	person	decir, que se presumiese que alguna vez los habia de tratar mal. 378 obras historicas de te, en medio de mas de quinientos mil vasallos \ y con tan pocos companeros, cosa que atemoriza tan solamente pensarla, cuanto mas hacerla y salir con ella),
ixtl_A1	40000	cuarenta mil	words	other	o quiso dilatar mas la prision de mote1 dificil es que por su extension, tuviera la ciudad de mexico mucho mas de unos cuarenta mil habitantes. 2 es decir, porque no fuese conocido o descubierto. don fernando de alva ixtlilxoch1tl. 379 cuhzoma,
ixtl_A1	3000	y tres mil	words	other	ria, y salir ordinariamente a orar y ofrecer sacrificio a sus falsos dioses. las guardas que tenia eran ocho espanoles y tres mil tlaxcaltecas. por tentarle cortes, dijole un dia que los suyos habian tomado cierta cantidad de joyas de oro que habia
ixtl_A1	100000	cien mil	words	person	rminacion, que estaban en el cercado y palacios de oztoticpac, que se fuesen por tierra a tepetzinco, (que eran mas de cien mil personas), que el rey con el y con coanacochtzin su hermano se fuesen en una canoa grande. gacama (que estaba muy segur
ixtl_A1	900	y novecientos	words	other	 prosperidad, y cuando sus cosas iban en tanto aumento, llego al puerto de veracruz panfilo de narvaez con diez navios y novecientos espanoles, con muchos caballos, artilleria y todo recaudo, con intento de prender o matar a cortes; y venia en nombre d
ixtl_A1	1000	mil	words	person	sus reyes gustaban de ello, y se los mandaban. cortes volviendo victorioso y muy bien acompanado, porque traia consigo mil hombres de guerra y cien caballos, supo en el camino como los de mexico se habian alzado contra los que alli dejo, y qu
ixtl_A1	1520	mil quinientos veinte, y	words	other	o tanteado el modo como habia de entrar, se partio de tetzcuco, y llego a mexico dia de san juan en 24 de de junio de mil quinientos veinte, y hallo la ciudad sosegada, aunque los moradores de ella no lo salieron a recibir ni le hicieron fiestas. motecuhzoma se 
ixtl_A1	1520	mil quinientos veinte,	words	person	on de los suyos, fue por ocuparse alguna parte de las riquezas que tenian juntas. saliose cortes a diez de julio l de mil quinientos veinte, de noche, por entender ser acomodado; mas los mexicanos le sintieron y salieron en su alcance, y le mataron cuatrocient
ixtl_A1	450	cuatrocientos cincuenta	words	person	os veinte, de noche, por entender ser acomodado; mas los mexicanos le sintieron y salieron en su alcance, y le mataron cuatrocientos cincuenta espanoles, 2 cuatro mil indios amigos y cuarenta y seis caballos, en la parte que hoy llaman el salto de alvarado, y lo
ixtl_A1	4000	cuatro mil	words	person	 acomodado; mas los mexicanos le sintieron y salieron en su alcance, y le mataron cuatrocientos cincuenta espanoles, 2 cuatro mil indios amigos y cuarenta y seis caballos, en la parte que hoy llaman el salto de alvarado, y los mexicanos toltecaacalo
ixtl_A1	200000	doscientos mil	words	person	lo. otro dia llegaron a aquellos llanos de la provincia de otumpan con grandisimo trabajo; y alli les salieron mas de doscientos mil hombres que iban en su seguimiento, en donde tuvieron una muy cruel batalla, tomando enmedio a cortes y a los suyos, de
ixtl_A1	200000	doscientos mil	words	person	allo de ella menos, todos los mas y los amigos estaban afligidos, heridos, muertos de hambre y maltratados, enmedio de doscientos mil hombres que como tigres rabiosos los iban despedazando; mas fue tanto el valor y fe viva de cortes, que asi como invoco 
ixtl_A1	50000	cincuenta mil	words	person	uetxauzin. habiendo descansado cortes y los suyos en hueyotlipan, maxixcatzin con otros muchos senores y mas de cincuenta mil hombres de los amigos, le apresuraron la ida a tlaxcalan, en donde los cuatro senores principales con toda la senoria l
ixtl_A1	4000	cuatro mil	words	other	 acordo cortes de ir sobre los de tepeyacac, segun xicotencatl se lo tenia aconsejado; y asi habiendose juntado mas de cuatro mil tlaxcaltecas, huexotzincas y cholultecas, y por caudillo principal de los tlaxcaltecas tianquiztlatoatzin y los hijos 
ixtl_A1	550	y quinientos cincuenta	words	other	y el segundo dia de pascua de natividad del dicho ano de mil quinientos veinte, hizo alarde, y hallo cuarenta caballos y quinientos cincuenta peones: repartio a los de a caballo en cuatro cuadrillas, y de los peones hizo cuatro capitanias de sesenta peones cad
ixtl_A1	20000	veinte mil	words	person	dose en tlaxcalan. salio de ella en nombre de dios, dia senalado de los inocentes del ano de mil quinientos veinte, con veinte mil hombres de guerra de los amigos; y siguiendo la relacion de tlaxcalan que tengo citada, fue por el camino de tetzmeloca
ixtl_A1	8000	ocho mil	words	person	lo, hasta dentro de la laguna; y para esta obra mando, que en cincuenta dias que duro, trabajasen un xiquipil, que son ocho mil hombres cada dia, y que estos fuesen hombres suficientes para la milicia, que fue un tanteo solo por ver que cantidad 
ixtl_A1	200000	doscientos mil	words	person	 ver que cantidad de gente podia poner en campana de solo la provincia de tetzcuco, la que se llama aculhuacan; y hallo doscientos mil hombres por copia, de que se holgo mucho, para las ocasiones que se habian de ofrecer en favor de los cristianos; y di
ixtl_A1	200000	doscientos mil	words	person	lgo de ver el gran poder que el reino de tetzcuco tenia, pues de solo lo que era de la nacion aculhua se podian poner doscientos mil hombres en campana. asimismo hizo juntar todos los bastimentos que fueron necesarios para sustentar el ejercito y guarn
ixtl_A1	200000	doscientos mil	words	person	hermana resucitada hasta la vision que le dijo, y asi dejo las armas y no quiso socorrer a los mexicanos, despidiendo doscientos mil hombres que habia juntado en campana para irlos a socorrer, que los cien mil eran michoaques que llaman tarascos, y los
ixtl_A1	100000	cien mil	words	person	orrer a los mexicanos, despidiendo doscientos mil hombres que habia juntado en campana para irlos a socorrer, que los cien mil eran michoaques que llaman tarascos, y los otros cien mil eran los teochichimecas, gente la mas belicosa que ha habido e
ixtl_A1	100000	cien mil	words	person	 que habia juntado en campana para irlos a socorrer, que los cien mil eran michoaques que llaman tarascos, y los otros cien mil eran los teochichimecas, gente la mas belicosa que ha habido en esta nueva espana. todo esto que aqui se ha escrito fue 
ixtl_A1	4000	cuatro mil	words	other	ra su defensa y ofensa de los enemigos, y al cabo de ellos salio cortes de la ciudad con doscientos espanoles y mas de cuatro mil naturales de la ciudad de tetzcuco, algunos de tlaxcalan y otras partes que estaban con cortes, y con ellos ixtlilxoch
ixtl_A1	6000	seis mil	words	person	tiendolos por el agua, y les saquearon la mayor parte de las casas que tenian en la laguna, y murieron de ellos mas de seis mil personas; y como sobrevino la noche, recogio cortes su 420 obras historicas de gente y puso fuego a algunas de l
ixtl_A1	8000	ocho mil,	words	other	. llegados que fueron los tlaxcaltecas con la tablazon y ligazon de los bergantines, (en donde venian de carga mas de ocho mil, de guerra mas de veinte mil, y con ellos el alguacil mayor y capitan gonzalo de san do val, doscientos espanoles de a p
ixtl_A1	20000	veinte mil, y	words	other	tlaxcaltecas con la tablazon y ligazon de los bergantines, (en donde venian de carga mas de ocho mil, de guerra mas de veinte mil, y con ellos el alguacil mayor y capitan gonzalo de san do val, doscientos espanoles de a pie y diez y seis de a caballo),
ixtl_A1	32000	y treinta y dos mil	words	other	lxochitl y de todos), salio con veinticinco de a caballo, trescientos cincuenta de a pie, seis tiros pequenos de campo y treinta y dos mil amigos de los tlaxcaltecas y tetzcucanos: iban por caudillos principales, chichimecatltecuhtli de los tlaxcaltecas y ixt
ixtl_A1	1000	mil	words	person	s peones, y por capitan al alguacil mayor del campo gonzalo de sandoval, y en su favor ixtlilxochitl con veinticuatro mil hombres de los acuilmas sus vasallos, con dos intentos, el uno asegurar la provincia de chalco y echar de sus terminos a
ixtl_A1	4000	cuatro mil	words	person	 recibidos de los dos senores de ella; y habiendo dado orden de lo que se debia hacer, y habiendose juntado alli otros cuatro mil hombres de guerra de los de esta provincia, y otros amigos de tlaxcalan, huexotzinco, quauhquecholan y otras partes, to
ixtl_A1	1500	mil quinientos	words	person	ermano tecocoltzin dieron bastantisimo recaudo), fueron echados en la zanja los bergantines, y a veintiocho de abril de mil quinientos veintiuno cortes hizo alarde de toda la gente, y hallo ochenta y seis a caballo, entre ballesteros y escopeteros ciento 
ixtl_A1	700	setecientos	words	other	larde de toda la gente, y hallo ochenta y seis a caballo, entre ballesteros y escopeteros ciento diez y ocho, y mas de setecientos peones de espada y rodela, tres tiros gruesos de fierro, quince de bronce pequenos y diez quintales de polvora; y habien
ixtl_A1	5000	cinco mil	words	person	s de huexotzinco y chololan en chalco, en donde fueron muy bien recibidos los unos y los otros. los tlaxcaltecas eran cinco mil hombres de guerra, y iban por sus caudillos quauhxayacatzin, meztliymatzin, tenamazcuicuitzin, tecuanitzin, acxotecatl, 
ixtl_A1	10000	diez mil,	words	other	stento y regalo, y los pocos dias que alli estuvieron fueron muy bien festejados. de los huexotzincas que eran mas de diez mil, venian por sus caudillos nelpilonitzin, tozquencoyotzin, xicotencatl, mecacalcatl, quauhxayacatzin, huitzilihuitzin, yec
ixtl_A1	10000	diez mil	words	person	imismo traian las divisas en sus armas como los de tlaxcalan; y de la misma manera venian los cholul tecas, casi otros diez mil hombres, siendo muy bien recibidos todos de los senores de la provincia de chalco. el segundo dia de pascua de espiritu
ixtl_A1	1000	mil	words	person	 treinta de a caballo, diez y ocho ballesteros y escopeteros, ciento cincuenta peones de espada y rodela y veinticinco mil hombres de guerra de los tlaxcaltecas, y estos habian de sentar su real en la ciudad de tlacopan, y por capitanes de s
ixtl_A1	2000	dos mil	words	person	 baeza, al que dio treinta y tres de a caballo, diez y ocho ballesteros y escopeteros, ciento sesenta peones y mas de dos mil hombres de guerra asimismo de la nacion tlaxcalteca, que se habian de poner y asentar su real en la ciudad de cuyohuac
ixtl_A1	40000	y cuarenta mil	words	person	o escopeteros y trece ballesteros y ciento y cincuenta peones, gente escogida que cortes los habia traido «consigo, y cuarenta mil hombres de tetzcuco, huexotzinco, chololan y chalco, que estos habian de entrar por la ciudad de iztapalapan, para de 
ixtl_A1	1000	mil	words	person	; y antes de embarcarse despacho a gonzalo de sandoval con su guarnicion de gente para iztapalapan, que fueron de los mil hombres de los aculhuas la parte que llaman aztahuacan a encontrar con los de chalco que venian juntos ellos, los huex
ixtl_A1	30000	treinta mil	words	person	e que llaman aztahuacan a encontrar con los de chalco que venian juntos ellos, los huexotzincas y cholultecas y todos treinta mil hombres de guerra. los chalcas traian por sus caudillos a don fernando de alva ixtlilxochitl. 439 quelzalcoatzin
ixtl_A1	40000	cuarenta mil	words	person	 pelear con la gente de ella; y viendo el gran poder de gente que la guarnicion de sandoval llevaba, de amigos mas de cuarenta mil hombres, se acogieron en las canoas los enemigos y no pudieron resistirles mas; y asi sin contradiccion ninguna se apo
ixtl_A1	20000	veinte mil	words	person	o ordinariamente por agua y por tierra la comida y los bastimentos necesarios, en que andaban yendo y viniendo mas de veinte mil personas de carga, y por la laguna mas de mil canoas, y en su guarda y defensa treinta y dos mil hombres de guerra, po
ixtl_A1	1000	mil	words	person	s bastimentos necesarios, en que andaban yendo y viniendo mas de veinte mil personas de carga, y por la laguna mas de mil canoas, y en su guarda y defensa treinta y dos mil hombres de guerra, porque los enemigos no los asaltasen y quitasen p
ixtl_A1	32000	treinta y dos mil	words	person	ban yendo y viniendo mas de veinte mil personas de carga, y por la laguna mas de mil canoas, y en su guarda y defensa treinta y dos mil hombres de guerra, porque los enemigos no los asaltasen y quitasen por el camino lo que alli llevaban: que no fue lo m
ixtl_A1	500	quinientas	words	person	ntido, debia decir: con los bergantines de cortes 442 obras historicas de laguna, salieron a encontrarle mas de quinientas canoas a su modo bien fortalecidas de gente, y cortes de intento estuvo reacio por la costa del penol hasta ver lo que
ixtl_A1	16000	diez y seis mil	words	other	 eran enemigos y del bando mexicano), que no diesen por las espaldas a los nuestros; y que otros se quedasen con otros diez y seis mil huexotzincas, chalcas y tlaxcaltecas en cuyohuacan 1 creo que debe ser nonoalco. 2 debe ser tlahuac. don fernand
ixtl_A1	8000	ocho mil	words	person	os enemigos comenzaron a huir y desamparar la albarrada; y pasando cortes con los suyos por los bergantines, y mas de ocho mil hombres 1 de los amigos, que eran diez mil tlaxcaltecas y de los aculhuas otros diez mil (que ya a esta sazon habian l
ixtl_A1	10000	diez mil	words	person	la albarrada; y pasando cortes con los suyos por los bergantines, y mas de ocho mil hombres 1 de los amigos, que eran diez mil tlaxcaltecas y de los aculhuas otros diez mil (que ya a esta sazon habian llegado a este numero, porque cada dia ixtlil
ixtl_A1	10000	diez mil	words	other	or los bergantines, y mas de ocho mil hombres 1 de los amigos, que eran diez mil tlaxcaltecas y de los aculhuas otros diez mil (que ya a esta sazon habian llegado a este numero, porque cada dia ixtlilxochitl y tecocoltzin iban despachando gente de
ixtl_A1	10000	diez mil y	words	person	 habian llegado a este numero, porque cada dia ixtlilxochitl y tecocoltzin iban despachando gente de refresco), chalcas diez mil y huexotzincas diez mil, que en breve espacio de tiempo cegaron y allanaron con adobes y piedra este ojo de agua o puent
ixtl_A1	10000	diez mil,	words	person	umero, porque cada dia ixtlilxochitl y tecocoltzin iban despachando gente de refresco), chalcas diez mil y huexotzincas diez mil, que en breve espacio de tiempo cegaron y allanaron con adobes y piedra este ojo de agua o puente, y en el inter ya los 
ixtl_A1	40000	cuarenta mil	words	person	ate, y que por las azoteas tiraban '. 2 1 esta cifra esta equivocada, pues los hombres que se citan despues, suman cuarenta mil. 2 aqui concluye el original; y como se ve, apenas llega al primer ataque dado por cortes, el cual tuvo lugar el 9 d
ixtl_A2	1792	mil setecientos noventa y dos	words	other	sta historia se ha copiado literalmente de un ejemplar que fue de d. mariano veytia. mexico, veintidos de noviembre de mil setecientos noventa y dos. — fr. francisco garcia figueroa. 1 por las razones expuestas en las notas del primer tomo, puede dudarse do que la h
ixtl_A2	1000000	un millon, y	words-millon	other	historias haber tenido ningun principe de los mas poderosos que hubo antes ni despues en este nuevo mundo: era mas de un millon, y las tierras que poblo este gran -ejercito en su primer asiento fueron todas las que caen de la parte de adentro de las
ixtl_A2	1064	mil y sesenta y cuatro	words	other	 armas los matasen. todo lo cual puso por obra tochintecuhtli, y se puso en el puesto de huexutla el ano siguiente de mil y sesenta y cuatro que llaman ce tecpatl. x el principe quinatzin paso su corte, y morada a oztocticpac, que es en tetzcuco y dio princip
ixtl_A2	1000	mil	words	other	, salian a ciertos campos en donde tenian acorraladas cantidad de fieras de todo genero, con quienes peleaban y hacian mil gentilezas, y despues de haber matado y despedazado, corrido, saltado, y flechadose unos a otros, y hecho otras cosas de
ixtl_A2	550	doscientos y cincuenta y trescientos	words	other	espues de haber reinado muchos anos; porque segun por la historia parece, estos senores chichimecas y aculhuas vivian doscientos y cincuenta y trescientos anos, 2 lo cual vino a faltar en sus descendientes, despues que se dieron a los regalos de las comidas, y a los deleit
ixtl_A2	1414	mil cuatrocientos y catorce	words	other	en donde te determinaron las guerras que hubo entre lzuuxochitt y. tezozomoc sobre el imperio. el ano siguiente de mil cuatrocientos y catorce de fer encarnacion de cristo nuestro senor que llaman matlactliomey tochtli, hizo cortes y junta ixtlilxochitl de los se
ixtl_A2	1420	mil cuatrocientos y veinte	words	other	te* al patrimonio del imperio de loe chichimecas, y otras cosas que hizo y del sueno que sono. el ano siguiente de mil cuatrocientos y veinte de la encarnacion de cristo nuestro senor llamado chicuacen tecpatl, dos despues de la muerte del infeliz ixtlilxochiu 
ixtl_A2	1400	mil cuatrocientos y	words	other	que es a los cinco dias de su octavo mes llamado micailhuitzintli, a once dias del mes de agosto del ano del senor de mil cuatrocientos y veintisiete. 1 este pasaje confirma la nota puesta al fin de la 11* relacion de los senores chichimecas, tomo 1? pagin
ixtl_A2	400000	cuatrocientas mil,	words	other	educidos a fanegas montan treinta y una fanegas y tres almudes; otros tres tlacapintlis de frijoles, y tortillas hechas cuatrocientas mil, de cacao cuatro xiquipiles que montan treinta y dos mil cacaos, cien gallos, veinte panes de sal, veinte cestones de c
ixtl_A2	32000	treinta y dos mil	words	other	udes; otros tres tlacapintlis de frijoles, y tortillas hechas cuatrocientas mil, de cacao cuatro xiquipiles que montan treinta y dos mil cacaos, cien gallos, veinte panes de sal, veinte cestones de chile ancho y otros veinte de chile menudo, diez de tomate
ixtl_A2	400	cuatrocientas	words	other	 pimentel descendiente de nezahualcoyotzin. (nota de ternaux). 170 obras historicas de y pueblos, que contenian cuatrocientas medidas de largo y de ancho ni mas ni menos, que se llamaba por una parte tlatocatlali o tlatocamili, que quiere decir 
ixtl_A2	200000	doscientas mil	words	person	tas. 2 debe ser saque. 174 obras historicas de •con todos sus llamamientos, en donde andaban ocupadas mas de doscientas mil personas cada dia. los obreros mayores, que eran de estas casas, fueron xilomantzin senor de gulhuacan, y moquihuitzin
ixtl_A2	411	cuatrocientas y once	words	other	ella asistia el rey nezahuulcoyotzin personalmente. l tenian las casas de longitud que corrian de oriente a poniente, cuatrocientas y once medidas y media, que reducidas a nuestra medida, hacen mil doscientas treinta y cuatro varas y media, y de latitud que 
ixtl_A2	1234	mil doscientas treinta y cuatro	words	other	ongitud que corrian de oriente a poniente, cuatrocientas y once medidas y media, que reducidas a nuestra medida, hacen mil doscientas treinta y cuatro varas y media, y de latitud que es de norte a sur, trescientas veintiseis medidas que hacen novecientas y setenta y och
ixtl_A2	978	novecientas y setenta y ocho	words	other	oscientas treinta y cuatro varas y media, y de latitud que es de norte a sur, trescientas veintiseis medidas que hacen novecientas y setenta y ocho varas: 2 por la cuadra que caia hacia la parte del sur y oriente era la cerca de una pared muy 1 el mapa quinatzin no
ixtl_A2	2000	dos mil	words	other	 muchas fuentes de agua, estanques y acequias con mucho pescado, y aves de volateria, lo cual estaba cercado de mas de dos mil sabinos, que hoy esta la mayor parte de ellos en pie; y asimismo habia en estos jardines otros muchos laberintos, que 
ixtl_A2	500	quinientos	words	person	 185 te del poniente; y por delante de este templo habla un patio prolongado de norte a sur en donde cabian muy bien quinientos hombres, y en medio de las puertas de las dos capillas estaba una piedra tumbada que llamaban techcatl, en donde sacri
ixtl_A2	400	cuatrocientas	words	other	 todos eran a este talle; unos tenian dos, tres y mas capillas, y algunos que no tenian mas de solo una: habia mas de cuatrocientas salas y aposentos en donde estaban estos templos, para las viviendas de los sacerdotes y ministros del templo, y en don
ixtl_A2	400	cuatrocientas	words	person	ros que asistian en su corte, cada uno conforme a la calidad y meritos de su persona, las cuales llegaron a ser mas de cuatrocientas casas de senores y caballeros de solar conocido. y para el buen gobierno, asi de su reino como para todo el imperio, es
ixtl_A2	4300	cuatro mil y trescientos	words	other	yotzin con la cabecera de quauhnahuac nueve pueblos. al que puso por mayordomo de la cobranza de los tributos, sacaba cuatro mil y trescientos fardos de mantas ricas, panetes y huepiles que montan por todo ochenta y seis mil mantas, huepiles, enaguas y panetes; *
ixtl_A2	86000	ochenta y seis mil	words	other	branza de los tributos, sacaba cuatro mil y trescientos fardos de mantas ricas, panetes y huepiles que montan por todo ochenta y seis mil mantas, huepiles, enaguas y panetes; * y cierta cantidad de preseas de oro, pedreria y plumeria en cada un ano, sin las 
ixtl_A2	1800	mil y ochocientos	words	other	taba a la cintura; y la «nagua era el cueitl. don fernando de alva ixtlilxoch1tl. 197 en cada un ano de tributos mil y ochocientos fardos de mantas asi de las ricas betadas * de todos colores, que servian para en tapizar las salas y cuartos del rey,
ixtl_A2	40000	cuarenta mil	words	other	chobrazas, y otros cien fardos de las mas delicadas y primas de a cuatro brazas, que las unas y las otras venian a ser cuarenta mil piezas, sin mas cuatrocientas petacas y cuatrocientos pellejos de venado, cien venados vivos, cien cargas de chile y ci
ixtl_A2	400	cuatrocientas	words	other	 de las mas delicadas y primas de a cuatro brazas, que las unas y las otras venian a ser cuarenta mil piezas, sin mas cuatrocientas petacas y cuatrocientos pellejos de venado, cien venados vivos, cien cargas de chile y cien cargas de pepitas, cien pap
ixtl_A2	400	y cuatrocientos	words	other	y primas de a cuatro brazas, que las unas y las otras venian a ser cuarenta mil piezas, sin mas cuatrocientas petacas y cuatrocientos pellejos de venado, cien venados vivos, cien cargas de chile y cien cargas de pepitas, cien papagayos grandes, cuarenta
ixtl_A2	4000	cuatro mil,	words	other	s cuarenta costales de plumeria de aves de diferentes colores, sin mas doscientos fardos de panetes, que venian a ser cuatro mil, con las amas y criadas necesarias para el servicio de palacio. en la gran provincia de tochpan puso por su mayordomo a
ixtl_A2	1580	mil quinientos y ochenta	words	other	incia de tochpan puso por su mayordomo a huehutli, que cobraba en cada un ano de las mantas del genero atras referido, mil quinientos y ochenta fardos, y mas veinticinco mantas y huepiles, sin mas cuatrocientos fardos, y mas diez mantas del ilacatziuhqui 2 de a o
ixtl_A2	400	cuatrocientos	words	other	de las mantas del genero atras referido, mil quinientos y ochenta fardos, y mas veinticinco mantas y huepiles, sin mas cuatrocientos fardos, y mas diez mantas del ilacatziuhqui 2 de a ocho brazas, y otros tantos fardos de mantas del ilacatziuhqui delg
ixtl_A2	47645	cuarenta y siete mil seiscientas cuarenta y cinco	words	other	 ocho brazas, y otros tantos fardos de mantas del ilacatziuhqui delgado de a cuatro brazas, que por todo venian a ser cuarenta y siete mil seiscientas cuarenta y cinco mantas, enaguas y huepiles, piezas de ilacatziuhqui y panetes, sin mas las amas de palacio y criadas que eran necesaria
ixtl_A2	400	cuatrocientas	words	other	nto y veinte piezas: igualmente le sembraban y cultivaban en cada un ano una sementera de cacao, que tenia de longitud cuatrocientas medidas y de latitud doscientas, sin mas treinta y tres cargas de cacao que se cobraban de tributo, dos mil pelotas de 
ixtl_A2	2000	dos mil	words	other	itud cuatrocientas medidas y de latitud doscientas, sin mas treinta y tres cargas de cacao que se cobraban de tributo, dos mil pelotas de hule y cuatrocientos panos de grana, sin mas muchas piezas de plumeria, como eran rodelas, penachos y otras 
ixtl_A2	400	y cuatrocientos	words	other	as y de latitud doscientas, sin mas treinta y tres cargas de cacao que se cobraban de tributo, dos mil pelotas de hule y cuatrocientos panos de grana, sin mas muchas piezas de plumeria, como eran rodelas, penachos y otras divisas que los reyes usaban cuan
ixtl_A2	400	y cuatrocientas	words	other	 uno de los catorce grandes del reino, todavia quedo obligado a dar en cada un ano de tributo sesenta fardos de mantas y cuatrocientas medidas de frijol, que son quinientas fanegas; y asimismo estuvo a su cargo el tener cuenta de plantar arboledas en los
ixtl_A2	500	quinientas	words	other	ia quedo obligado a dar en cada un ano de tributo sesenta fardos de mantas y cuatrocientas medidas de frijol, que son quinientas fanegas; y asimismo estuvo a su cargo el tener cuenta de plantar arboledas en los jardines y bosques; y nombro por mayo
ixtl_A2	1000	mil	words	other	y hay en la nueva espana, segun parece por los padrones reales de aquellos tiempos), como las cosas de esta vida tienen mil mudanzas y nunca faltan calamidades (como las que en esta sazon contienen y fueron las primeras), en el ano de mil cua
ixtl_A2	1454	mil cuatrocientos cincuenta y cuatro	words	person	te los eclipses de sol. vease el codice telleriano remense. 206 obras historicas de gente, y en el siguiente de mil cuatrocientos cincuenta y cuatro a los principios de el hubo un eclipse muy grande de sol, y luego se aumento mas la enfermedad, y moria tanta gente qu
ixtl_A2	1469	mil cuatrocientos sesenta y nueve,	words	other	sto mitigaban la hambre que tenian; habiendose ocupado los chalcas casi en esto cuatro anos sucesivos. el siguiente de mil cuatrocientos sesenta y nueve, casi a los ultimos del que llaman yei calli, murio el gran motecuhzomatzin ilhuicamina en su ciudad de mexico, y llegada
ixtl_A2	12000	doce mil	words	person	; y fue preso y cautivo tlilcuezpali con otros muchos capitanes de su valia. fueron de los contrarios cautivos mas de doce mil personas, y de los del imperio no llegaron a mil los que en estas batallas murieron. el rey axayacatzin quedo lisiado d
ixtl_A2	1000	mil	words	person	capitanes de su valia. fueron de los contrarios cautivos mas de doce mil personas, y de los del imperio no llegaron a mil los que en estas batallas murieron. el rey axayacatzin quedo lisiado de la pierna, aunque sano de las heridas; y habiend
ixtl_A2	25607	veinte y cinco mil seiscientas y siete	words	other	fas de lo propio, y cuarenta fardos y mas siete mantas de pluma que servian de sobrecamas, que por todas venian a ser veinte y cinco mil seiscientas y siete mantas, sin las preseas de joyas de oro, aderezos y divisas de plumeria fina, y en cada un ano y en cada lugar una sem
ixtl_A2	1000	mil	words	other	otlan, oztoticpac y otras provincias de la costa del mar del norte. al rey nezahualpiltzintli cada dia se le hacian mil anos por salir a batalla y probar su tentara, y como su tierna edad no le ayudaba, se afligia mucho; y asi demas de cu
ixtl_A2	31600	treinta y un mil y seiscientas	words	other	ros caballeros y allegados. de ordinario en palacio se gastaban en cada un ano (segun parece por los padrones reales), treinta y un mil y seiscientas fanegas de maiz, doscientas cuarenta y tres cargas de cacao, ocho mil gallos, cinco mil fanegas de chile ancho y delgad
ixtl_A2	8000	ocho mil	words	other	 por los padrones reales), treinta y un mil y seiscientas fanegas de maiz, doscientas cuarenta y tres cargas de cacao, ocho mil gallos, cinco mil fanegas de chile ancho y delgado y pepitas, y dos mil medidas de sal; y para el vestuario, asi para 
ixtl_A2	5000	cinco mil	words	other	 reales), treinta y un mil y seiscientas fanegas de maiz, doscientas cuarenta y tres cargas de cacao, ocho mil gallos, cinco mil fanegas de chile ancho y delgado y pepitas, y dos mil medidas de sal; y para el vestuario, asi para el rey como todos 
ixtl_A2	2000	y dos mil	words	other	iz, doscientas cuarenta y tres cargas de cacao, ocho mil gallos, cinco mil fanegas de chile ancho y delgado y pepitas, y dos mil medidas de sal; y para el vestuario, asi para el rey como todos los demas caballeros que asistian en su casa y corte y 
ixtl_A2	574010	quinientas setenta y cuatro mil y diez	words	person	tuario, asi para el rey como todos los demas caballeros que asistian en su casa y corte y para la demas gente referida, quinientas setenta y cuatro mil y diez mantas, que todas las mas eran finisimas y de precio. esto era de las rentas que el rey tenia en las provincias de su p
ixtl_A2	5000	cinco mil	words	other	ran cantidad de maiz y otras semillas que se guardaban para los anos esteriles, y en cada una de ellas cabian cuatro o cinco mil fanegas, y estaban con tanto orden y concierto, que por todas partes el aire las cogia, con que las semillas duraban muc
ixtl_A2	2000	dos mil	words	other	y los hijos que tuvo en ella y en las demas. por las historias parece haber tenido el rey nezahualpiltzintli mas de dos mil concubinas, aunque con las que el trato familiarmente y tuvo hijos en ellas, fueron cuarenta con la reina, de las cuales
ixtl_A2	100000	cien mil	words	person	 de don fernando de al va ixtlilxochilt. muy grandes y ricos despojos, y de muy gran suma de cautivos que fueron casi cien mil hombres, y de la parte del imperio no pasaron de siete mil los que en estas conquistas murieron. antes de venirse dejaro
ixtl_A2	7000	siete mil	words	person	icos despojos, y de muy gran suma de cautivos que fueron casi cien mil hombres, y de la parte del imperio no pasaron de siete mil los que en estas conquistas murieron. antes de venirse dejaron gente de guarnicion en las mas fuertes ciudades y cabece
ixtl_A2	1000	mil	words	other	os rebeldes dejando bien proveidos de gente los presidios y fortalezas, trajo demas de los despojos mas de veinticinco mil cautivos. igualmente el rey nezahualpiltzintli casi por estos tiempos hizo una entrada contra los de atlixco, una de la
ixtl_A2	80400	ochenta mil y cuatrocientos	words	person	taron con los que el rey de mexico tenia de solas cuatro naciones que fueron cautivas en las guerras atras referidas, ochenta mil y cuatrocientos hombres en este modo: de la nacion tzapoteca diez y seis mil, de los tlapanecas veinticuatro mil, de los huexotzincas y
ixtl_A2	16000	diez y seis mil,	words	person	ron cautivas en las guerras atras referidas, ochenta mil y cuatrocientos hombres en este modo: de la nacion tzapoteca diez y seis mil, de los tlapanecas veinticuatro mil, de los huexotzincas y atlixcas otros diez y seis mil, de los de tizauhcoac veinticu
ixtl_A2	1000	mil,	words	other	henta mil y cuatrocientos hombres en este modo: de la nacion tzapoteca diez y seis mil, de los tlapanecas veinticuatro mil, de los huexotzincas y atlixcas otros diez y seis mil, de los de tizauhcoac veinticuatro mil y cuatrocientos, que vienen
ixtl_A2	16000	diez y seis mil,	words	other	modo: de la nacion tzapoteca diez y seis mil, de los tlapanecas veinticuatro mil, de los huexotzincas y atlixcas otros diez y seis mil, de los de tizauhcoac veinticuatro mil y cuatrocientos, que vienen a montar el numero referido; todos los cuales fueron s
ixtl_A2	1400	mil y cuatrocientos,	words	other	s tlapanecas veinticuatro mil, de los huexotzincas y atlixcas otros diez y seis mil, de los de tizauhcoac veinticuatro mil y cuatrocientos, que vienen a montar el numero referido; todos los cuales fueron sacrificados ante este estatuario del demonio, y las cab
ixtl_A2	100000	cien mil	words	person	xltilxochitl. rras de menos cuantia que despues en el discurso del ano fueron sacrificados, que vinieron a ser mas de cien mil hombres; y asi los autores que exceden en el numero, se entiende con los que despues se sacrificaron. fue tan grande l
ixtl_A2	1000	mil	words	person	lances hubieron a las manos al desdichado capitan que llevaba las armas y divisas del rey, y en un instante lo hicieron mil pedazos, no teniendose por dichoso y bien aventurado el soldado y capitan que no llevaba un pedazo de su cuerpo o de su
ixtl_A2	2000	dos mil	words	person	cios con grande aparato y servicio de gente como hija de tan gran senor como lo era el rey su padre, y asi pasaban de dos mil personas las que trajo consigo para su servicio, de amas, criadas, pajes y otros sirvientes y criados; y aunque nina er
ixtl_A2	1000	mil	words	person	e viendose sola en sus cuartos y que sus gentes la tenian y respetaban por la gravedad de su persona, comenzo a dar en mil flaquezas y fue a dar que qualqui, l mancebo galan y gentil hombre acomodado a su gusto y aficion, daba orden en secre
ixtl_A2	2000	dos mil	words	person	anes, y por ser gente de calidad, sus cuerpos fueron quemados con las estatuas referidas; y a los demas que pasaron de dos mil personas les fueron dando garrote, y en una barranca cerca de un templo del *dolo de los adulterios, los fueron echando
ixtl_A2	17400	diez y siete mil y cuatrocientas	words	person	iendola la sujetaron y saquearon, en donde en su defensa murieron muchos millares de tequantepecas, y trajeron cautivos diez y siete mil y cuatrocientas personas; con cuya hazana quedaron los de esta provincia muy destrozados, habiendo siempre defendido su partido muy bi
ixtl_A2	1500	mil quinientos,	words	other	aron los de esta provincia muy destrozados, habiendo siempre defendido su partido muy bien. luego el ano siguiente de mil quinientos, que llamaron chicuey tecpatl, por haberse tornado a rebelar los de la provincia de xaltepec fueron sobre ellos, y total
ixtl_A2	1505	mil quinientos y cinco	words	other	 quinientos cuatro, murio tehuehuetzin senor de la provincia de quauhnahuac, y sucediole itzcoatzin: en el siguiente de mil quinientos y cinco fue la hambee, y sucesivamente el de mil quinientos y seis, l que llamaron matlactliomey calli y cetoxtli, de tal maner
ixtl_A2	1506	mil quinientos y seis,	words	other	de quauhnahuac, y sucediole itzcoatzin: en el siguiente de mil quinientos y cinco fue la hambee, y sucesivamente el de mil quinientos y seis, l que llamaron matlactliomey calli y cetoxtli, de tal manera que en toda la tierra no se cogio ningun fruto, si no fue 
ixtl_A2	507	y mil quinientos siete	words	person	 opinion, por concierto y pacto secreto que el rey motecuhzoma su hermano tuvo con los de atlixco, por 1 aqui falta: y mil quinientos siete. 310 obras historicas de excusar alteraciones y persona que se le anteponia, hizo que fuese muerto y vencido e
ixtl_A2	2800	y dos mil ochocientos	words	person	ue fuese muerto y vencido en esta batalla, en donde murio con el otro de los senores mexicanos llamado tzicquaquatzin y dos mil ochocientos soldados que iban en su defensa; lo cual sintio en infinito el rey nezahualpiltzintli, y compuso aquel canta que llaman
ixtl_A2	400	cuatrocientas	words	person	es que quedaron de todo punto rendidas, y todas debajo del imperio de las tres cabezas, que •tenia de longitud mas de cuatrocientas leguas, y de latitud desdon fernando de alva ixtlilxochitl. 319 -de el mar del norte hasta el del sur. x y porque los 
ixtl_A2	1000	mil	words	other	n descuidados de la traicion y trato doble que contra ellos estaba hecho; aunque aquella tarde y aquella noche tuvieron mil presagios que les representaban su total destruccion y ruina, entre los cuales, el uno fue que vieron por el aire que 
ixtl_A2	2000	dos mil	words	person	37 sonas de juntar gente para hacer este viaje, y no persona que con el se acomodase, sino fernando cortes que tenia dos mil ducados en el cambio de andres de duero, mercader que era discreto y de estomago para saber gobernar. cortes acepto aq
ixtl_A2	4000	cuatro mil	words	other	viaje, de que hubo entre los dos grandes pasiones; mas cortes a pesar del otro, dio principio a su viaje y tomo fiados cuatro mil ducados con que compro navios y todo lo necesario, y luego se le agregaron sus amigos que sustento a su costa y dio di
ixtl_A2	550	quinientos cincuenta	words	person	se puso en salvo en la isla de guaniganiga, y habiendo saltado en tierra hizo resena de la gente que llevaba, y hallo quinientos cincuenta espanoles de pelea, 4 y mas algunos indios de servicio; de los cuales hizo once companias de cincuenta hombres, y tomo 
ixtl_A2	673	seiscientos setenta y tres	words	person	carta del ayuntamiento de veracruz al emperador se dice que 400 soldados. (nota de ternaux). — el verdadero numero fue seiscientos setenta y tres castellanos utiles para la guerra. tomo 11-23 338 obras de don fernando de alva ixtlilxoghitl. i deras con sus
ixtl_A2	500	quinientos	words	person	nos de los naturales de cuba, y les sucediera muy mal, si cortes no fuera luego a socorrerlos. otro dia siguiente puso quinientos hombres en el campo con trece caballos y algunas piezas de artilleria, y yendo marchando su ejercito por unas labranza
ixtl_A2	40000	cuarenta mil	words	person	rece caballos y algunas piezas de artilleria, y yendo marchando su ejercito por unas labranzas, salieron al encuentro cuarenta mil hombres con los cuales peleo, y aunque con dificultad y gran trabajo los vencio, en donde segun lo que les parecio a lo
ixtl_A2	4000	cuatro mil	words	person	 que ellos no iban a otra cosa. de alli a dos dias que fue el lunes de pascua de resurreccion, vino el gobernador con cuatro mil hombres que le acompanaban, cargados de bastimentos que dio a cortes, con algunas preseas y joyas de oro bien ricas, el
ixtl_A2	2000	dos mil	words	person	go alla. teotlili se volvio a cuetlachtlan donde residia, y dejo con los nuestros a cuitlalpitoc y otros capitanes con dos mil personas para el servicio y regalo de los espanoles. 1 aguilar era clerigo subdiacono, y asi no caso ni pudo casar co
ixtl_A2	1000	mil	words	other	abian tenido perpetua paz, hasta que ultimamente motecuhzoma los habia tiranizado, y el y los suyos cada dia le hacian mil agravios, y que por salir de poder de tiranos, se holgarian el y otros muchos de los senores de las provincias comarca
ixtl_A2	100000	cien mil	words	person	 pagasen tributos a mexico: todos se alzaron y rogaron a cortes que fuese su caudillo, que ellos pondrian en el campo cien mil hombres de guerra. fue muy grande el gusto que de esto recibio cortes, porque vido que ya tenia revuelta toda la tierr
ixtl_A2	500	quinientos	words	person	abia de sacar honra y fama inmortal: muchos rehusaban esta entrada porque les parecia temeridad, mas que esfuerzo, ir quinientos hombres entre millones de 1 en blanco en el original. 2 esta primera relacion de cortes, o se ha perdido o no la esc
ixtl_A2	1000000	millones	words-millon	person	a inmortal: muchos rehusaban esta entrada porque les parecia temeridad, mas que esfuerzo, ir quinientos hombres entre millones de 1 en blanco en el original. 2 esta primera relacion de cortes, o se ha perdido o no la escribid. yo me inclino a
ixtl_A2	1000	mil	words	person	ontra motecuhzoma, que eran entre ciudades y pueblos mas de cincuenta, en donde se podrian sacar en campo otros tantos mil hombres en su favor; y dejando siempre cincuenta hombres en la villa, con los demas se salio por la via de mexico, hab
ixtl_A2	1000	mil	words	person	 los templos imagenes y cruz: partio de allien diez y seis de agosto del mismo ano de mil quinientos diez y nueve, con mil indios de carga y mil trescientos de guerra, llevando consigo ciertos rehenes, y en su compania cuatrocientos espanoles
ixtl_A2	400	cuatrocientos	words	other	s diez y nueve, con mil indios de carga y mil trescientos de guerra, llevando consigo ciertos rehenes, y en su compania cuatrocientos espanoles, quince caballos, y siete tirulos: tres dias camino por tierras de los amigos, muy servido y festejado, y el 
ixtl_A2	5000	cinco mil	words	person	un el uno de estos espias de una cuchillada corto a un caballo la cabeza a cercen con riendas y todo, aunque salieron cinco mil tlaxcaltecas a defenderlos; mas luego la senoria envio sus mensajeros a cortes, disculpandose de lo hecho y cargando la 
ixtl_A2	1000	mil	words	other	on su ciudad, con intencion de cojerlos y matarlos dentro de ella. otro dia siguiente les salieron al encuentro hasta mil tlaxcaltecas, que pelearon con muy buen orden y animo, y se fueron retirando con intento de meter a cortes y a los suy
ixtl_A2	80000	ochenta mil	words	person	 muy buen orden y animo, y se fueron retirando con intento de meter a cortes y a los suyos en una emboscada de mas de ochenta mil personas, en donde se vieron en grandisimo peligro y salieron heridos muchos, aunque no murio ninguno; y haciendose fu
ixtl_A2	150000	ciento cincuenta mil	words	person	o murio ninguno; y haciendose fuertes en una aldea aquella noche, otro dia de manana tuvieron aviso que venian mas de ciento cincuenta mil hombres sobre ellos, con que obro dios grandes milagros en su defensa: cuando estos tlaxcaltecas llegaron a vista de l
ixtl_A2	20000	veinte mil,	words	other	y de los nuestros, que los tlaxcaltecas nunca los acometieron todos juntos, sino por cuadrillas, saliendo de veinte en veinte mil, que vencidos aquellos, entraban otros tantos; y en dos dias que duro la batalla mataron infinitos tlaxcaltecas, y viendo
ixtl_A2	20000	veinte mil	words	other	u amistad, pues veian el dano que de no admitirla se les habia seguido; mas con todo esto, otro dia le salieron otros veinte mil de ellos a pelear con el; y el siguiente que se contaba seis de septiembre, vinieron al real de cortes cincuenta hombre
ixtl_A2	400	cuatrocientos	words	person	to, estando una noche alojados en el campo, vieron desde lejos unos fuegos, y salio cortes a ver lo que era con hasta cuatrocientos companeros, y fue a dar en tzimpantzinco ciudad de mas de veinte mil fuegos, * que como los cogio desapercibidos, no se
ixtl_A2	20000	veinte mil	words	person	gos, y salio cortes a ver lo que era con hasta cuatrocientos companeros, y fue a dar en tzimpantzinco ciudad de mas de veinte mil fuegos, * que como los cogio desapercibidos, no se resistieron, antes recibieron muy bien y regalaron a cortes y a los 
ixtl_A2	1000	mil	words	other	quecholan, itzoncan, quauht iridian, tecamachalco, tepeyacac y cuextlan hasta llegar a la costa de gempoalan, haciendo mil agravios y vejaciones, y desde el un mar al otro, sin que nadie os lo de en cara.ni estorbe; y que por vuestra causa, p
ixtl_A2	1000	mil	words	other	 hacia, y no se fiase de los traidores de tlaxcalan, pues ya veia lo que habia pasado con los tlaxcaltecas, que decian mil males de motecuhzoma y de sus tiranias, y por otra parte deseaban mucho llevarle a su ciudad para despues confederarse 
ixtl_A2	6000	seis mil	words	other	calan se lo impedian por los inconvenientes que ellos le ponian, pero al fin se determino a ir a ella llevando consigo seis mil tlaxcaltecas de guerra, aunque le querian dar mucho mas, y por caudillos de ellos a hepapalotzin, tlacatecuhtli, quana
ixtl_A2	10000	diez mil	words	person	in, imiztli, matzin y axayacatzin; aunque se volvio. l por el camino salieron a recibir a cortes y a los suyos mas de diez mil hombres de chololan, con grande regocijo; y habiendolos entrado en la ciudad y dadoles muy buena posada, regalando esple
ixtl_A2	1000	mil	words	other	aquella noche los embajadores de motecuhzoma tornaron otra vez a porfiar con cortes que no pasase a mexico, poniendole mil dificultades, de tal manera que se recelo de ellos y de los cholultecas, y asi mando a los tlaxcaltecas sus amigos se 
ixtl_A2	5000	cinco mil,	words	other	los espanoles para que saliesen a los del patio y los matasen) se ejecuto asi, y en menos de dos horas mataron mas de cinco mil, saquearon y quemaron las casas mas principales de la ciudad y los templos de ella; y el templo mayor donde se habian ac
ixtl_A2	4000	cuatro mil	words	person	te que estaba en la entrada de la ciudad, en donde se juntaba la albarrada con la calzada, salieron a recibirle mas de cuatro mil hombres principales, todos ricamente aderezados, y conforme iban pasando se humillaban a cortes, poniendo la mano en el
ixtl_A2	3000	tres mil	words	other	apatos de oro con muchas piedras y ricas perlas; y por donde iban les echaban mantas para que pisasen, y tras de ellos tres mil caballeros, todos muy ricamente vestidos que eran todos de los de su guardia y criados. cuando cortes llego, se apeo de
ixtl_A2	6000	y seis mil	words	person	ue muy servido, y visitado de todos los grandes senores del imperio, y muy abastecidamente proveido el, sus companeros y seis mil tlaxcaltecas que consigo tenia: al cabo de los cuales, despues de haber considerado muy bien en el estado y trance en qu
ixtl_A2	500000	quinientos mil	words	person	decir, que se presumiese que alguna vez los habia de tratar mal. 378 obras historicas de te, en medio de mas de quinientos mil vasallos l , y con tan pocos companeros, cosa que atemoriza tan solamente pensarla, cuanto mas hacerla y salir con ella
ixtl_A2	40000	cuarenta mil	words	other	o quiso dilatar mas la prision de mote1 dificil es que por su extension, tuviera la ciudad de mexico mucho mas de unos cuarenta mil habitantes. 2 es decir, porque no fuese conocido 6 descubierto. don fernando de alva ixtlilxochitl. 379 cuhzoma,
ixtl_A2	3000	y tres mil	words	other	ria, y salir ordinariamente a orar y ofrecer sacrificio a sus falsos dioses. las guardas que tenia eran ocho espanoles y tres mil tlaxcaltecas. por tentarle cortes, dijole un dia que los suyos habian tomado cierta cantidad de joyas de oro que habia
ixtl_A2	100000	cien mil	words	person	rminacion, que estaban en el cercado y palacios de oztoticpac, que se fuesen por tierra a tepetzinco, (que eran mas de cien mil personas), que el rey con el y con coanacochtzin su hermano se fuesen en una canoa grande. gacama (que estaba muy segur
ixtl_A2	900	y novecientos	words	other	 prosperidad, y cuando sus cosas iban en tanto aumento, llego al puerto de veracruz panfilo de narvaez con diez navios y novecientos espanoles, con muchos caballos, artilleria y todo recaudo, con intento de prender o matar a cortes; y venia en nombre d
ixtl_A2	1000	mil	words	person	sus reyes gustaban de ello, y se los mandaban. cortes volviendo victorioso y muy bien acompanado, porque traia consigo mil hombres de guerra y cien caballos, supo en el camino como los de mexico se habian alzado contra los que alli dejo, y qu
ixtl_A2	1520	mil quinientos veinte, y	words	other	o tanteado el modo como habia de entrar, se partio de tetzcuco, y llego a mexico dia de san juan en 24 de de junio de mil quinientos veinte, y hallo la ciudad sosegada, aunque los moradores de ella no lo salieron a recibir ni le hicieron fiestas. motecuhzoma se 
ixtl_A2	1520	mil quinientos veinte,	words	person	on de los suyos, fue por ocuparse alguna parte de las riquezas que tenian juntas. saliose cortes a diez de julio l de mil quinientos veinte, de noche, por entender ser acomodado; mas los mexicanos le sintieron y salieron en su alcance, y le mataron cuatrocient
ixtl_A2	450	cuatrocientos cincuenta	words	person	os veinte, de noche, por entender ser acomodado; mas los mexicanos le sintieron y salieron en su alcance, y le mataron cuatrocientos cincuenta espanoles, 2 cuatro mil indios amigos y cuarenta y seis caballos, en la parte que hoy llaman el salto de alvarado, y lo
ixtl_A2	4000	cuatro mil	words	person	 acomodado; mas los mexicanos le sintieron y salieron en su alcance, y le mataron cuatrocientos cincuenta espanoles, 2 cuatro mil indios amigos y cuarenta y seis caballos, en la parte que hoy llaman el salto de alvarado, y los mexicanos toltecaacalo
ixtl_A2	200000	doscientos mil	words	person	lo. otro dia llegaron a aquellos llanos de la provincia de otumpan con grandisimo trabajo; y alli les salieron mas de doscientos mil hombres que iban en su seguimiento, en donde tuvieron una muy cruel batalla, tomando enmedio a cortes y a los suyos, de
ixtl_A2	200000	doscientos mil	words	person	allo de ella menos, todos los mas y los amigos estaban afligidos, heridos, muertos de hambre y maltratados, enmedio de doscientos mil hombres que como tigres rabiosos los iban despedazando; mas fue tanto el valor y fe viva de cortes, que asi como invoco 
ixtl_A2	50000	cincuenta mil	words	person	nquetzalttin. habiendo descansado cortes y los suyos en hueyotlipan, maxixcatzin con otros muchos senores y mas de cincuenta mil hombres de los amigos, le apresuraron la ida a tlaxcalan, en donde los cuatro senores principales con toda la senoria l
ixtl_A2	4000	cuatro mil	words	other	 acordo cortes de ir sobre los de tepeyacac, segun xicotencatl se lo tenia aconsejado; y asi habiendose juntado mas de cuatro mil tlaxcaltecas, huexotzincas y cholultecas, y por caudillo principal de los tlaxcaltecas tianquiztlatoatzin y los hijos 
ixtl_A2	550	y quinientos cincuenta	words	other	y el segundo dia de pascua de natividad del dicho ano de mil quinientos veinte, hizo alarde, y hallo cuarenta caballos y quinientos cincuenta peones: repartio a los de a caballo en cuatro cuadrillas, y de los peones hizo cuatro capitanias de sesenta peones cad
ixtl_A2	20000	veinte mil	words	person	se en ti ax calan. salio de ella en nombre de dios, dia senalado de los inocentes del ano de mil quinientos veinte, con veinte mil hombres de guerra de los amigos; y siguiendo la relacion de tlaxcalan que tengo citada, fue por el camino de tetzmeloca
ixtl_A2	8000	ocho mil	words	person	lo, hasta dentro de la laguna; y para esta obra mando, que en cincuenta dias que duro, trabajasen un xiquipil, que son ocho mil hombres cada dia, y que estos fuesen hombres suficientes para la milicia, que fue un tanteo solo por ver que cantidad 
ixtl_A2	200000	doscientos mil	words	person	 ver que cantidad de gente podia poner en campana de solo la provincia de tetzcuco, la que se llama aculhuacan; y hallo doscientos mil hombres por copia, de que se holgo mucho, para las ocasiones que se habian de ofrecer en favor de los cristianos; y di
ixtl_A2	200000	doscientos mil	words	person	lgo de ver el gran poder que el reino de tetzcuco tenia, pues de solo lo que era de la nacion aculhua so podian poner doscientos mil hombres en campana. asimismo hizo juntar todos los bastimentos que fueron necesarios para sustentar el ejercito y guarn
ixtl_A2	200000	doscientos mil	words	person	hermana resucitada hasta la vision que le dijo, y asi dejo las armas y no quiso socorrer a los mexicanos, despidiendo doscientos mil hombres que habia juntado en campana para irlos a socorrer, que los cien mil eran michoaques que llaman tarascos, y los
ixtl_A2	100000	cien mil	words	person	orrer a los mexicanos, despidiendo doscientos mil hombres que habia juntado en campana para irlos a socorrer, que los cien mil eran michoaques que llaman tarascos, y los otros cien mil eran los teochiohimecas, gente la mas belicosa que ha habido e
ixtl_A2	100000	cien mil	words	person	 que habia juntado en campana para irlos a socorrer, que los cien mil eran michoaques que llaman tarascos, y los otros cien mil eran los teochiohimecas, gente la mas belicosa que ha habido en esta nueva espana. todo esto que aqui se ha escrito fue 
ixtl_A2	4000	cuatro mil	words	other	ra su defensa y ofensa de los enemigos, y al cabo de ellos salio cortes de la ciudad con doscientos espanoles y mas de cuatro mil naturales de la ciudad de tetzcuco, algunos de tlaxcalan y otras partes que estaban con cortes, y con ellos ixtlilxoch
ixtl_A2	6000	seis mil	words	person	tiendolos por el agua, y les saquearon la mayor parte de las casas que tenian en la laguna, y murieron de ellos mas de seis mil personas; y como sobrevino la noche, recogio cortes su 420 obras historicas de gente y puso fuego a algunas de l
ixtl_A2	8000	ocho mil,	words	other	. llegados que fueron los tlaxcaltecas con la tablazon y ligazon de los bergantines, (en donde venian de carga mas de ocho mil, de guerra mas de veinte mil, y con ellos el alguacil mayor y capitan gonzalo de sandoval, doscientos espanoles de a pie
ixtl_A2	20000	veinte mil, y	words	other	tlaxcaltecas con la tablazon y ligazon de los bergantines, (en donde venian de carga mas de ocho mil, de guerra mas de veinte mil, y con ellos el alguacil mayor y capitan gonzalo de sandoval, doscientos espanoles de a pie y diez y seis de a caballo), m
ixtl_A2	32000	y treinta y dos mil	words	other	lxochitl y de todos), salio con veinticinco do a caballo, trescientos cincuenta de a pie, seis tiros pequenos de campo y treinta y dos mil amigos de los tlaxcaltecas y tetzcucanos: iban por caudillos principales, chiehimecatltecuhtli de los tlaxcaltecas y ixt
ixtl_A2	1000	mil	words	person	s peones, y por capitan al alguacil mayor del campo gonzalo de sandoval, y en su favor ixtlilxochitl con veinticuatro mil hombres de los acuilmas sus vasallos, con dos intentos, el uno asegurar la provincia de chalco y echar de sus terminos a
ixtl_A2	4000	cuatro mil	words	person	 recibidos de los dos senores de ella; y habiendo dado orden de lo que se debia hacer, y habiendose juntado alli otros cuatro mil hombres de guerra de los de esta provincia, y otros amigos de tlaxcalan, huexotzinco, quauhquecholan y otras partes, to
ixtl_A2	500	quinientos	words	person	uchos de ellos, se vinieron a recoger al pie al cerro referido, en donde tuvieron muy gran contienda y mataron mas de quinientos de los enemigos; y otro dia siguiente desbarataron otro escuadron de los enemigos, que era el segundo socorro que venia 
ixtl_A2	1500	mil quinientos	words	person	ermano tecocoltzin dieron bastantisimo recaudo), fueron echados en la zanja los bergantines, y a veintiocho de abril de mil quinientos veintiuno cortes hizo alarde de toda la gente, y hallo ochenta y seis a caballo, entre ballesteros y escopeteros ciento 
ixtl_A2	700	setecientos	words	other	larde de toda la gente, y hallo ochenta y seis a caballo, entre ballesteros y escopeteros ciento diez y ocho, y mas de setecientos peones de espada y rodela, tres tiros gruesos de nerro, quince de bronce pequenos y diez quintales de polvora; y habiend
ixtl_A2	5000	cinco mil	words	person	s de huexotzinco y chololan en chalco, en donde fueron muy bien recibidos los unos y los otros. los tlaxcaltecas eran cinco mil hombres de guerra, y iban por sus caudillos quauhxayacatzih, meztliymatzin, tenamazcuicuitzin, tecuanitzin, acxotecatl, 
ixtl_A2	10000	diez mil,	words	other	stento y regalo, y los pocos dias que alli estuvieron fueron muy bien festejados. de los huexotzincas que eran mas de diez mil, venian por sus caudillos nelpilonitzin, tozquencoyotzin, xicotencatl, mecacalcatl, quauhxayacatzin, huitzilihuitzin, yec
ixtl_A2	10000	diez mil	words	person	simismo traian las divisas en sus armas como los de tlaxcalan; y de la misma manera venian los cholultecas, casi otros diez mil hombres, siendo muy bien recibidos todos de los senores de la provincia de chalco. el segundo dia de pascua de espiritu
ixtl_A2	1000	mil	words	person	 treinta de a caballo, diez y ocho ballesteros y escopeteros, ciento cincuenta peones de espada y rodela y veinticinco mil hombres de guerra de los tlaxcaltecas, y estos habian de sentar su real en la ciudad de tlacopan, y por capitanes de s
ixtl_A2	2000	dos mil	words	person	 baeza, al que dio treinta y tres de a caballo, diez y ocho ballesteros y escopeteros, ciento sesenta peones y mas de dos mil hombres de guerra asimismo de la nacion tlaxcalteca, que se habian de poner y asentar su real en la ciudad de cuyohuac
ixtl_A2	40000	y cuarenta mil	words	person	lo escopeteros y trece ballesteros y ciento y cincuenta peones, gente escogida que cortes los habia traido consigo, y cuarenta mil hombres de tetzcuco, huexotzinco, chololan y chalco, que eslos habian de entrar por la ciudad de iztapalapan, para de 
ixtl_A2	1000	mil	words	person	antes de embarcarse ;.. despacho a gonzalo de sandoval con su guarnicion de gente para iztapalapan, que fueron de los mil hombres de los aculhuas la parte que llaman aztahuacan a encontrar .con los de chalco que venian juntos ellos, los hue
ixtl_A2	30000	treinta mil	words	person	 que llaman aztahuacan a encontrar .con los de chalco que venian juntos ellos, los huexotzincas y cholultecas y todos treinta mil hombres de guerra. los chalcas traian por sus caudillos a don fernando de alva ixtlilxochitl. 439 quetzalcoatzin, 
ixtl_A2	40000	cuarenta mil	words	person	 pelear con la gente de ella; y viendo el gran poder de gente que la guarnicion de sandoval llevaba, de amigos mas de cuarenta mil hombres, se acogieron en las canoas los enemigos y no pudieron resistirles mas; y asi sin contradiccion ninguna se apo
ixtl_A2	20000	veinte mil	words	person	 ordinariamente por agua y por tierra la comida y los bastimentos necesarios, en que andaban yendo y viniendo mas -de veinte mil personas de carga, y por la laguna mas de mil canoas, y en su guarda y defensa treinta y dos mil hombres de guerra, po
ixtl_A2	1000	mil	words	person	 bastimentos necesarios, en que andaban yendo y viniendo mas -de veinte mil personas de carga, y por la laguna mas de mil canoas, y en su guarda y defensa treinta y dos mil hombres de guerra, porque los enemigos no los asaltasen y quitasen p
ixtl_A2	32000	treinta y dos mil	words	person	an yendo y viniendo mas -de veinte mil personas de carga, y por la laguna mas de mil canoas, y en su guarda y defensa treinta y dos mil hombres de guerra, porque los enemigos no los asaltasen y quitasen por el camino lo que alli llevaban: que no fue lo m
ixtl_A2	500	quinientas	words	person	ntido, debia decir: con los bergantines de cortes 442 obras historicas de laguna, salieron a encontrarle mas de quinientas canoas a su modo bien fortalecidas de gente, y cortes de intento estuvo reacio por la costa del penol hasta ver' lo qu
ixtl_A2	16000	diez y seis mil	words	other	 eran enemigos y del bando mexicano), que no diesen por las espaldas a los nuestros; y que otros se quedasen con otros diez y seis mil huexotzincas, chalcas y tlaxcaltecas en cuyohuacan 1 creo que debe ser nonoalco. 2 debe ser tlahuac. don fernand
ixtl_A2	8000	ocho mil	words	person	os enemigos comenzaron a huir y desamparar la albarrada; y pasando cortes con los suyos por los bergantines, y mas de ocho mil hombres l de los amigos, que eran diez mil tlaxcaltecas y de los aculhuas otros diez mil (que ya a esta sazon habian l
ixtl_A2	10000	diez mil	words	person	la albarrada; y pasando cortes con los suyos por los bergantines, y mas de ocho mil hombres l de los amigos, que eran diez mil tlaxcaltecas y de los aculhuas otros diez mil (que ya a esta sazon habian llegado a este numero, porque cada dia ixtlil
ixtl_A2	10000	diez mil	words	other	or los bergantines, y mas de ocho mil hombres l de los amigos, que eran diez mil tlaxcaltecas y de los aculhuas otros diez mil (que ya a esta sazon habian llegado a este numero, porque cada dia ixtlilxochitl y tecocoltzin iban despachando gente de
ixtl_A2	10000	diez mil y	words	person	 habian llegado a este numero, porque cada dia ixtlilxochitl y tecocoltzin iban despachando gente de refresco), chalcas diez mil y huexotzincas diez mil, que en breve espacio de tiempo cegaron y allanaron con adobes y piedra este ojo de agua o puent
ixtl_A2	10000	diez mil,	words	person	umero, porque cada dia ixtlilxochitl y tecocoltzin iban despachando gente de refresco), chalcas diez mil y huexotzincas diez mil, que en breve espacio de tiempo cegaron y allanaron con adobes y piedra este ojo de agua o puente, y en el inter ya los 
ixtl_A2	40000	cuarenta mil	words	person	ombate, y que por las azoteas tiraban 2 1 esta cifra esta equivocada, pues los hombres que se citan despues, suman cuarenta mil. 2 aqui concluye el original; y como se ve, apenas llega al primer ataque dado por cortes, el cual tuvo lugar el 9 d
ixtl_A3	512	quinientos doce	words	person	i del mismo modo, principalmente en lo de las persecuciones y trabajos de los hombres: asimismo declaro que cumplidos quinientos doce anos que ellos salieron de su patria, habia de heredar el reino un senor con la voluntad de los unos y a la contra de 
ixtl_A3	770	setecientos setenta	words	other	affos, y al ultimo de ellos fenecio, heredandole su hijo nacaaoc en el ano de cinco calli, que a la nuestra fue en el setecientos setenta anos ^ de la encamacion, gobernando el pontifice este/ano iii^ en el segundo ano de su pontificado, y siendo emperador 
ixtl_A3	503	quinientos tres	words	other	 tierra fue touan^ capital del imperio y la comenzaron a edificar en el ano ge calu, que es tma casa^ y en el nuestro quinientos tres casi cuatro anos despues entraron en consejo los siete, caudillos para tratar sobre los negocios de la tierra, y entre
ixtl_A3	556	quinientos cincuenta y seis	words	other	belacion sucinta. chalchiytlanetsdn^ primer monarca tulteca, comenzo a gobernar el ano chicome acatl, y en el nuestro quinientos cincuenta y seis. ^ murio el ano chicome acatl, correspondiente al nuestro de seiscientos ocho. a este sucedieron lomucuechahiiacj huet
ixtl_A3	608	seiscientos ocho	words	other	hicome acatl, y en el nuestro quinientos cincuenta y seis. ^ murio el ano chicome acatl, correspondiente al nuestro de seiscientos ocho. a este sucedieron lomucuechahiiacj huetdrdoiepeuhy nacaxoc miu^ que fue quien hizo el templo de la rana. ^ histor
ixtl_A3	562	quinientos sesenta y dos,	words	other	utamente necesario formar tablas para entender la cronologia. — k. don fernando de alya ixtulxochitl. 35 fue el de quinientos sesenta y dos, el cual reino otros tantos, y murio el de seiscientos trece de la encamacion, que llaman chiquacen toghtu. heredole
ixtl_A3	613	seiscientos trece	words	other	 don fernando de alya ixtulxochitl. 35 fue el de quinientos sesenta y dos, el cual reino otros tantos, y murio el de seiscientos trece de la encamacion, que llaman chiquacen toghtu. heredole huebsin^ que reino otros cincuenta y dos anos, segun la cost
ixtl_A3	830	ochocientos treinta	words	other	li once agatl. sucediole la reina xmhquenidn, ^ que reino cuatro aflos, y fallecio en el de ome agatl, que fue el de ochocientos treinta: a la cual sucedio en el imperio iztacealbdn, ^ padre de topilbdn^ en cuyo tiempo se destruyo esta nacion. 1 el mis
ixtl_A3	880	ochocientos ochenta	words	other	ella. casi a lo ultimo de los cincuenta y nueve anos murio este senor, que fue en el ano de once acatl, y a la nuestra ochocientos ochenta^ siendo pontifice joanes viii, al octavo ano de su 1 llama la atencion este periodo de cincuenta y dos anos, que prec
ixtl_A3	1000	mil	words	other	ar adelante, quiero hacer relacion del estado en que estaban las naciones tultecas. y es, que ya en este tiempo en casi mil leguas ^ habian poblado y edificado pueblos y ciudades, villas y lugares: entre las mas senaladas fue teotihuacan^ que 
ixtl_A3	1000	mil	words	other	almente habian tenido, y otras que les aplicaran personajes o ciudades pertenecientes a razas claramente distintas. no mil leguas, ni mucho menos abrazo la nacionalidad tolteca. en mi «apendice al p. duran» senalo sus limites, por cierto no d
ixtl_A3	2000	dos mil	words	other	o grandes cosas, y por eso lo colocaron por dios. estos falsos dioses fueron los mas principales y antiguos, de mas de dos mil anos de los tultecas y texcaupuua y huuzilopuduli^ y otros dioses que fueron aca ciertos caballeros muy valerosos, que 
ixtl_A3	1000	mil	words	other	as llanas, y otras pardas, con aljofar y otras piedras preciosas labradas, y hechas unas labores, y la zenefa toda de mil colores labrados; ponianse sus camisones xicole^ siempre, que les llegaban hasta las rodillas, y de la misma manera de 
ixtl_A3	1000	mil	words	other	porque todos los que se llegaban morian luego; y con este mal olor causo una gran peste por toda la tierra, que de las mil partes de los tultecas se murieron las novecientas. todas estas cosas les sucedieron, y otras muchas que por escasear v
ixtl_A3	900	novecientas	words	other	go; y con este mal olor causo una gran peste por toda la tierra, que de las mil partes de los tultecas se murieron las novecientas. todas estas cosas les sucedieron, y otras muchas que por escasear volumen no se ponen aqui; y los tres senores sus c
ixtl_A3	18000	diez y ocho mil	words	person	var, con ciertos artificios que hicieron, pesaba tanto, <iue se contaron onxi quipui uacatl ^ de los tultecas, que son diez y ocho mil hombres que dentro de detito cuarenta dids habian de estar alla adelante de xalisco en quiyahuitzuanxcumolan.^ llegado
ixtl_A3	998	novecientos noventa y ocho,	words	other	s en su tierra se los tenian muy prosperos y libres de calamidades del cielo. en el ano ge acatl, y en el nuestro de novecientos noventa y ocho, segundo del pontificado de silvestre ii, decimo cuarto del imperio de oton iv y vigesimo primero del reinado de alfonso
ixtl_A3	8000	ocho mil	words	other	rmas se entenderian. toputzin, viendose tan oprimido y que no tenia remedio, pidio tiempo para ello, que era 1 diez j ocho mil se dice orne xiquipilli maeuilli tzontli. 2 supongo que la terminacion debe ser moloyan. 52 obras historicas de 
ixtl_A3	1000	mil	words	other	ron a multiplicar. cuando los tultecas peleaban, se ponian unas a manera de tunicas largas hasta los carcanales, de mil colores, labradas y muy tupidas y gruesas, que por recio que se daban con las lanzas, que esto era lo mas que usaban, 
ixtl_A3	3000000	tres millones y doscientos mil	words-millon	person	es afios^ un rnes y diez duis; murieron, digo, asi hombres como mujeres, zenjtzon xiquilpiuzonui oquixuiuhued^ que son tres millones y doscientos mil hombres y mujeres; y de las gentes de los tres reyes competidores, fueron caxtojpohual tzontiquipilzo' uiuacatly que f
ixtl_A3	2000000	dos millones	words-millon	person	s y mujeres; y de las gentes de los tres reyes competidores, fueron caxtojpohual tzontiquipilzo' uiuacatly que fueron dos millones cucurocientos mil hombres; de 1 pasando revista. — b. 2 tablado.—r. ^8 obras historicas de suerte que de una 
ixtl_A3	1000	mil	words	person	s de los tres reyes competidores, fueron caxtojpohual tzontiquipilzo' uiuacatly que fueron dos millones cucurocientos mil hombres; de 1 pasando revista. — b. 2 tablado.—r. ^8 obras historicas de suerte que de una y otra parte fuero
ixtl_A3	600	seiscientas	words	person	 de suerte que de una y otra parte fueron zenlzon xiquipiuzonui ihuarusaatolpohiializoiiui, qtie son cinco millonea seiscientas mu personas^ cosa increible y que causa admiracion. y no es de espantar, que como tengo dicho, no fue persona alguna a l
ixtl_A3	800	y ochocientas	words	other	dados; y era tanta la gente en esta tierra, principalmente del senorio de topiuzin, que corria casi mu leguas de largo y ochocientas de ancho, que hasta los muy altos montes estaban cubiertos de casas y sementeras, pues no habia palmo de tierra que es
ixtl_A3	400	cuatrocientas y	words	person	laron en las costas como de la mar e islas. esto tengo declarado ya otras veces; y la quinta parte, que fueron hasta cuatrocientas y tantas personas, con los nobles, fueron los que se quedaron en estas partes, repartiendose cada caballero con lo que le
ixtl_A3	1000	mil	words	other	osas curiosas y dignas de traer a la memoria, siendo cosas verdaderas y ciertas; y no pongo de lo que ello fue de las mil partes las novecientas, por lo que tengo dicho, por excusar volumen, y porque son tan extranas las cosas, y tan peregri
ixtl_A3	900	novecientas,	words	other	 dignas de traer a la memoria, siendo cosas verdaderas y ciertas; y no pongo de lo que ello fue de las mil partes las novecientas, por lo que tengo dicho, por excusar volumen, y porque son tan extranas las cosas, y tan peregrinas y nunca oidas, sepul
ixtl_A3	509	quinientos nueve,	words	other	 jura y casamiento con mucha solemnidad, el cual entro a gobernar en el ano chicome agatl, sicte canas, y a la nuestra quinientos nueve, el octavo del pontincado de simaco, en el decimosexto del imperio de anastasioj y el primero del reinado de oeoadario e
ixtl_A3	572	quinientos setenta y dos	words	other	e escaparon. este fue el fin de un grande imperio que tuvo este nuevo mundo, de los tultecas, el cual no duro mas de quinientos setenta y dos anos; y los reyes que lo destruyeron, viendolo tan 1 como se ve, es imposible conciliar la cronologia del autor, pues 
ixtl_A3	572	quinientos setenta y dos	words	other	hotl, salvo a este en los desiertos de nonoalco adonde lo criaba. este fin tuvo el imperio de los tultecas, que duro quinientos setenta y dos anos^ y su ultima destruccion fue en el afio de ce tecpatl, 959, bajo el pontificado de joannes xii^ en el imperio de
ixtl_A3	450	cuatrocientos cincuenta y	words	other	tf notft simiente: — ''segun iba epocas anteriores y la que pone al fin de este capitulo, solo duro el imperio tulteca cuatrocientos cincuenta y aeia anoa, aunque se cuente desde la fundacion de tula hecha siete anos antes de la eleccion del primer rey; que si se 
ixtl_A3	2000	dos mil	words	person	li xolotl. . los senores chiehimecas tenian sus reinos y senorios hacia la banda del septentrion, que corrian mas de dos mil leguas de largo, y de ancho casi mil leguas: gente barbara y feroz y la mas fuerte nacion que hubo y tiene hoy dia est
ixtl_A3	1000	mil	words	person	ian sus reinos y senorios hacia la banda del septentrion, que corrian mas de dos mil leguas de largo, y de ancho casi mil leguas: gente barbara y feroz y la mas fuerte nacion que hubo y tiene hoy dia este nuevo-mundo, exceptuando a nuestros
ixtl_A3	1000000	millones	words-millon	person	ixtluxuchitl y con la gran multitud de gente ilustre y hombres valerosos de lo mejor de la nacion aculhua, ^ sin muchos millones de la gente comun, que como se ha visto, duraron las guerras cincmnta aflos seguidos. en las partes remotas de todo pun
ixtl_A3	1000	mil	words	person	 dieron orden de aderezar y componer los ejercitos, repartiendolos en tres partes, y los mexicanoa aie^ ron otros den mil soldados de guerra y todo lo necesario. tomo (el principe) para si doscientos mil soldados de la nacion chichimem^ y le
ixtl_A3	200000	doscientos mil	words	person	tres partes, y los mexicanoa aie^ ron otros den mil soldados de guerra y todo lo necesario. tomo (el principe) para si doscientos mil soldados de la nacion chichimem^ y les mando que todos llevasen armas blancas y llanas sin plumeria. otros dosderdos m
ixtl_A3	1000	mil	words	other	 soldados de la nacion chichimem^ y les mando que todos llevasen armas blancas y llanas sin plumeria. otros dosderdos mil (dio) a su tio el rey izcohiiatzin; otros dento y tantos mu a su primo mouczwma^ y dioles orden de lo que habian de ha
ixtl_A3	10000	diez mil	words	person	 el infante y capitanes, y los contrarios hicieron muy gran matanza en los del infante, de cuya parte murieron mas de diez mil hombres, sin los que se cautivaron, y el infante y los suyos se retiraron a su real con gran pesar y enojo, y el caziqu
ixtl_A3	1000	mil	words	other	le daban el de semanahuac ^ tlatohuan% que quiere decir sefuyr del mundo^ y senor de mar a mar^ por haber poblado casi mil leguas de un mar a otro. el lugar de donde salio se llamaba oyome y llego a tvla en el ano 5 tecpatl, que fue el de 1
ixtl_A3	2000	dos mil	words	person	que eran tvuecas y eran de isimixtecay y traian por caudillo a tempantnn y asimismo por idolo a fbcauipuca, con mas de dos mil hombres, sin las mugeres, los cuales vinierchi deredio a texeuoo para darle la obediencia a quinaedn^ y que les diese 
ixtl_A3	100000	cien mil	words	person	 y luego fueron sobre chumba^ que ya los de esta provincia, con los tepanecas, estaban muy bien apercibidos con mas de cien mil hombres de guerra, en donde tuvieron una cruel batalla, mas luego los sujetaron, y luego pasaron por aaxipuxooy azquemec
ixtl_A3	1000	mil	words	other	ho que los hijos del sol quisieran venir a mexico a verle; y asi les envio a decir que era trabajoso el camino y otros mil inconvenientes, lo cual no fue bastante, sino que antes animo mas a los espanoles para ver a moteczuma^ especialmente 
ixtl_A3	1000	mil	words	other	, como lo tenian de costumbre, y el dia de la fiesta hicieron su baile que llaman maaehualizul en todo salieron mas de mil caballeros en el patio del templo mayor, y sobre si traia cada uno de ellos las mejores joyas y preseas que tenian, si
ixtl_A3	540	y quinientos y cuarenta	words	other	 parte, acordo de venir sobre mexico, y salio de tlaxcalan dia de los inocentes, y trajo consigo cuarenta de a caballo, y quinientos y cuarenta de a pie, y veinticincp mil tlaxcaltecas, huexotzincas, chololtecas, tepeacanenses, quauthquechololtecas, chalcas y de
ixtl_A3	1000	mil	words	other	tlaxcalan dia de los inocentes, y trajo consigo cuarenta de a caballo, y quinientos y cuarenta de a pie, y veinticincp mil tlaxcaltecas, huexotzincas, chololtecas, tepeacanenses, quauthquechololtecas, chalcas y de otras partes, que fueron lo
ixtl_A3	6000	y seis mil	words	other	era de mucha consideracion para lo que el pretendia, y asi salio con hasta quince de a caballo y doscientos espanoles, y seis mil aculhuas, tlaxcaltecas y otras naciones de amigos. llegados que fueron a izuipalapan^ que ya los mexicanos estabanlaperc
ixtl_A3	20000	veinte mil	words	person	con sus vasallos, y ayudo para acabar de hacer los bergantines que se trajeron parte de ellos de tlaxcalan, con hasta veinte mil hombres de guerra. de alli a cuatro dias, despues que vino el ejercito de los veinte mil hombres de los tlaxcaltecas, hu
ixtl_A3	20000	veinte mil	words	person	 ellos de tlaxcalan, con hasta veinte mil hombres de guerra. de alli a cuatro dias, despues que vino el ejercito de los veinte mil hombres de los tlaxcaltecas, huexotzincas y chololtecas, en compania de la madera que se twgo a texcuco para los berga
ixtl_A3	60000	sesenta mil	words	person	vista a mexico, y ver si ouauktemoe y cohilanacochtzin y los demas se querian dar de paz, y asi latiihuchiu tomo hasta sesenta mil hombres de sus vasallos, y cortes hasta trescientos espanoles y los veinte mil tlaxcaltecas, y fueron por -xizztocan, l
ixtl_A3	20000	veinte mil	words	person	r de paz, y asi latiihuchiu tomo hasta sesenta mil hombres de sus vasallos, y cortes hasta trescientos espanoles y los veinte mil tlaxcaltecas, y fueron por -xizztocan, lugar sujeto a la ciudad de texcuco, que estaba rebelado y era de la parte de co
ixtl_A3	20000	veinte mil	words	person	, y con esto pasaron adelante hasta acidmaj en donde durmieron esa noche, y otro dia llegaron a texcuco, en donde los veinte mil hombres de llaxocuan y otras partes pidieron licencia a cortes y se volvieron a sus tierras, muy ricos de despojos, que
ixtl_A3	8000	ocho mil	words	person	 aviso luego a cortes de esto, y envio luego con gonzalo de sandoval trescientos espanoles y quince de a caballo, con ocho mil aculhuas sus vasallos, y por general de ellos a chichirickicuatzin^ gran capitan. llegados a choleo^ que ya los de esta
ixtl_A3	60000	sesenta mil	words	person	izquic, coyohuacan^ oulhuacan, iztapalapan, mexical-tzinco y los demas que eran de la parte de mexico, juntaron mas de sesenta mil hombres de guerra y fueron otra vez sobre choleo para ver si podian acabarle de destruir. los de esta provincia, como 
ixtl_A3	20000	veinte mil	words	person	si fue necesario ir personalmente cortes con trescientos companeros y treinta de a caballo, e ixililxxicmtl con mas de veinte mil hombres de sus vasallos y algunos tlaxcaltecas que alli se hallaron a mano, y fueron a dor1 hoy ayacapixtla. en kingsbor
ixtl_A3	50000	cincuenta mil	words	person	lilxochitl. 349 mir a italmanalco^ frontero en donde estaba el ejercito de los chalcas: otro dia llegaron otros casi cincuenta mil hombres que ixttuxuchiu habia enviado a llamar de las provincias mas cercanas sujetas al reino de texcuco, y el dia si
ixtl_A3	15000	quince mil	words	person	 desi \ don fernando de alva ixtulxochitl. 351 mandado en robar. owavhtemoc^ sabiendo esto, envio luego mas de quince mil hombres de guerra, por agua y tierra. pelearon con ellos fuertemente, y los vencieron, y quemaron las casas y templos d
ixtl_A3	400000	cuatrocientos mil	words	person	 de profundidad, por las orillas estacado, y su albarrada por ambos lados. tardaron en hacerla cincuenta dias, mas de cuatrocientos mil hombres de los reinos de texcuco, que tenia puestos alli ixuuxudiiu para solo este efecto, trabajando ocho o diez mil 
ixtl_A3	10000	diez mil	words	other	ntos mil hombres de los reinos de texcuco, que tenia puestos alli ixuuxudiiu para solo este efecto, trabajando ocho o diez mil cada dia. asimismo hallo a muchos senores de diversas provincias sujetas a su senorio que venian a darle obediencia y h
ixtl_A3	200000	doscientos mil	words	person	rcito junto en texcuco, hizo alarde cortes con sus espanoles, y lo mismo hizo iixuilxudiiu^ y «ran en todo el ejercito doscientos mil hombres de guerra, y cincuenta mil labradores para aderezar puentes y otras cosas necesarias. cincuenta mil hombres de c
ixtl_A3	50000	y cincuenta mil	words	person	e cortes con sus espanoles, y lo mismo hizo iixuilxudiiu^ y «ran en todo el ejercito doscientos mil hombres de guerra, y cincuenta mil labradores para aderezar puentes y otras cosas necesarias. cincuenta mil hombres de chcuco^ itzocan^ ouauhnahuac^ tepeya
ixtl_A3	50000	cincuenta mil	words	person	l ejercito doscientos mil hombres de guerra, y cincuenta mil labradores para aderezar puentes y otras cosas necesarias. cincuenta mil hombres de chcuco^ itzocan^ ouauhnahuac^ tepeyaxxiai y otras partes sqjetas al reino de texcuco, que caen hacia la part
ixtl_A3	50000	cincuenta mil	words	person	an^ ouauhnahuac^ tepeyaxxiai y otras partes sqjetas al reino de texcuco, que caen hacia la parte del mediodia, y otros cincuenta mil hombres de la ciudad y su provincia, sin ocho mil capitanes que eran vecinos y naturales de la ciudad de texcuco; otros
ixtl_A3	8000	ocho mil	words	person	reino de texcuco, que caen hacia la parte del mediodia, y otros cincuenta mil hombres de la ciudad y su provincia, sin ocho mil capitanes que eran vecinos y naturales de la ciudad de texcuco; otros cincuenta de las provincias de otumha, tokiruzinco
ixtl_A3	200000	doscientos mil	words	person	provincias que caen hacia la parte del norte y son sujetas al reino de texcuco, que como tengo declarado son por todos doscientos mil hombres de guerra. asimismo mando juntar ixtluxuchiu todas las canoas ^ que acompanaron parte de ellas los bergantines, 
ixtl_A3	300000	trescientos mil	words	person	cieron alarde los tlaxcaltecas, huexotzincas y chololtecas, cada senor con sus vasallos, y hallaronse por todos mas de trescientos mil hombres de guerra. vista por cortes la multitud de gente que estaba de su parte, con acuerdo de ixuilxuchiu y de todos 
ixtl_A3	50000	y cincuenta mil	words	other	n en este modo, que mando cortes a pedro de alvarado fuese a tlacopan con treinta de a caballo, ciento setenta peones y cincuenta mil de otumba, tolantzinco y otras partes, que mando ixuuxuchiu fuesen con ellos, y por generales su hermano quauhtliztadzi
ixtl_A3	16000	diez y seis mil	words	other	tlaxcaltecas. 1 aqui faltan las siguientes palabras que hay en kidgsborough: que habia en todo texcuco, y hallaronse diez y seis mil. don fernando de alva ixtulxochitu 353 a cristobal de olid, que era el otro capitan, le dio treinta y tres espano
ixtl_A3	50000	cincuenta mil	words	person	e dio treinta y tres espanoles de a caballo, ciento ochenta peones, y dos tiros ^ como a los demas referidos, y otros cincuenta mil hombres de tziuhcohuac y las demas provincias de la parte del norte, y por general de ellos a tetlahtlehuexquititzin^h
ixtl_A3	50000	cincuenta mil	words	other	y la destruyesen, y pusiesen su real en donde mas a gusto les estuviese. asimismo se repartieron entre ellos todos los cincuenta mil labradores para aderezar puentes y desbaratar otras cosas necesarias para el orden de los demas. y cortes tomo para 
ixtl_A3	16000	diez y seis mil	words	person	de los demas. y cortes tomo para si los bergantines y fue por general de la flota, y en su compania ixuilxuchiu con diez y seis mil canoas, en donde iban cincuenta mil texcucanos sus vasallos y los ocho mil capitanes muy valerosos para destruir los la
ixtl_A3	50000	cincuenta mil	words	person	 los bergantines y fue por general de la flota, y en su compania ixuilxuchiu con diez y seis mil canoas, en donde iban cincuenta mil texcucanos sus vasallos y los ocho mil capitanes muy valerosos para destruir los laguneros y los del penol. en mexico
ixtl_A3	8000	ocho mil	words	person	ta, y en su compania ixuilxuchiu con diez y seis mil canoas, en donde iban cincuenta mil texcucanos sus vasallos y los ocho mil capitanes muy valerosos para destruir los laguneros y los del penol. en mexico no se dormia, que lo mismo hacian los r
ixtl_A3	300000	trescientos mil	words	person	moc^ gohuanacochtzin y teuepanquezcuzin^ apercibiendo de todo lo necesario y fortaleciendo la ciudad, y juntaron casi trescientos mil hombres en su favor, y enviaron a reprender mucho a ixtlilxuchul de estas y otras cosas, porque favorecia a los hijos 
ixtl_A3	16000	diez y seis mil	words	other	 templos para que los enemigos no tuvieran en donde tornar a meterse. cortes e ixtiilxuchul^ con los bergantines y las diez y seis mil canoas en donde iba su ejercito, fueron sobre mexico, y en la primera parte donde tuvieron guerra fue sobre el penol gr
ixtl_A3	500	quinientas	words	other	os bergantines y canoas, les salieron al encuentro, que aun no habian salido del penol hasta entonces, y adelantaronse quinientas canoas mexicanas, las mejores que habia para pelear, y reconocer a los enemigos, los cuales como estuviesen cerca de l
ixtl_A3	5000	y cinco mil	words	other	abradores que para este efecto traia ixiluxuchiu, un pedazo de la calzada para que por alli pasasen cuatro bergantines y cinco mil canoas, para ganar la laguna dulce; y pasados a esta banda en pocas horas acabaron cuantas canoas hallaron en ella, ma
ixtl_A3	15000	y quince mil	words	other	envio la mitad de los espanoles, y algunos caballos que le quedaron de la otra vez, le mandaron que con los que tenia y quince mil amigos, guardase la calzada de oulhuacan^ porque por alli no les ^on fernando de alva ixtlilxoghrfl. 359 entrase al
ixtl_A3	8000	ocho mil	words	person	rdar las espaldas de los nuestros, salieron muy de madrugada cortes con mas de doscientos espanoles y ixtluxuchitl con ocho mil hombres de guerra, que ya los enemigos los estaban aguardando muy bien armados y con mucha defensa, porque tenian queb
ixtl_A3	20000	veinte mil	words	person	ada un pedazo de ella, y ahondada de tal manera que ninguno pudiese pasar por la misma. losuilcuchiu que traia consigo veinte mil hombres para aderezar los caminos y malos pasos, les mando que la hinchieran de piedras y cespedes, y en un momento ad
ixtl_A3	50000	cincuenta mil	words	person	 muy bien este dia y ganaron algunas puentes y albarradas de los enemigos. el dia siguiente llegaronle a ixtiilxudiiu cincuenta mil hom- y bres de socorro, todos aculhuas sus vasallos que se los enviaba su hermano ahuexpietzoctzin} el cual tomo para s
ixtl_A3	30000	treinta mil y	words	other	m- y bres de socorro, todos aculhuas sus vasallos que se los enviaba su hermano ahuexpietzoctzin} el cual tomo para si treinta mil y envio diez mil a alvarado con los demas que en su favor estaban, cuyo caudillo era quauhuiztadzin y otros diez mil a g
ixtl_A3	10000	diez mil	words	other	, todos aculhuas sus vasallos que se los enviaba su hermano ahuexpietzoctzin} el cual tomo para si treinta mil y envio diez mil a alvarado con los demas que en su favor estaban, cuyo caudillo era quauhuiztadzin y otros diez mil a gonzalo de sando
ixtl_A3	10000	diez mil	words	other	einta mil y envio diez mil a alvarado con los demas que en su favor estaban, cuyo caudillo era quauhuiztadzin y otros diez mil a gonzalo de sandoval, que todos estaban con harta necesidad; y asimismo mando a todos los que estaban impedidos o her
ixtl_A3	1000	mil	words	other	ue estaban impedidos o heridos de las guerras que se volvieran a texcuco para curarse, y fueron por todos hasta cinco* mil de ellos. algunos historiadores, especialmente espanoles, escriben que con este ejercito de y cincuenta mil hombres vin
ixtl_A3	50000	y cincuenta mil	words	person	 por todos hasta cinco* mil de ellos. algunos historiadores, especialmente espanoles, escriben que con este ejercito de y cincuenta mil hombres vino ixuilxuchiu por mandado de su hermano tecocoizin^ lo cual es muy al reves; porque segun d, alonso axayaca
ixtl_A3	50000	cincuenta mil	words	person	los unos con los otros, que fuera grande estorbo. ^ 364 obras historicas de dos dias despues que llegaron los cincuenta mil hombres de texcuco, vinieron los de xochimilco y otras tierras de nacion otomi a darse a cortes, ofreciendo gente de so
ixtl_A3	20000	veinte mil	words	other	 nuestros, aunque con harto trabajo, se la ganaron, y los siguieron de puente en puente hasta llegar a la plaza, y los veinte mil gastadores que traia ixuilxuchulpsivb, este efecto, les mando cegaran estas puentes y aderezaran los malos don fernan
ixtl_A3	20000	y veinte mil	words	other	e pudiesen ir por tres calles que iban hacia la plaza. la una entro el tesorero con setenta espanoles y ocho caballos, y veinte mil de los de ixuilxuchiu con muchos gastadores para cegar las acequias y puentes, y derribar casas; y por la otra fue jor
ixtl_A3	12000	doce mil	words	other	uias y puentes, y derribar casas; y por la otra fue jorge de alvarado y andres de tapia con ochenta espanoles y mas de doce mil amigos que les dio ixuilxuchiu^ dejando a la boca de esta calle dos tiros y ocho de a caballo con algunos amigos; y por
ixtl_A3	8000	y ocho mil	words	person	calle dos tiros y ocho de a caballo con algunos amigos; y por la otra fueron cortes y ixuilxuchitl con cien espanoles y ocho mil amigos; y puestos todos a punto embistieron con los enemigos todos a un tiempo, e hicieron grandes cosas. ixuilxuchitl a
ixtl_A3	500	quinientos	words	other	con ellos, pudiesen poner en cobro sus personas, pues eran pocos, y morir uno de ellos hacia falta, mas que si fueran quinientos de los suyos; el cual al tiempo que saco a cortes del agua, le dieron una pedrada sobre la oreja izquierda, que le des
ixtl_A3	1000	mil	words	other	 que iba muy arropado por amor de las heridas, entendio que no le haria ningun mal, le comenzo a deshonrar y a ponerle mil nombres. ixuilxuchul callo cuanto pudo y mando a los suyos que lo dejasen para ver lo que hacia, hasta que no le pudo 
ixtl_A3	2000	dos mil	words	person	harto trabajo, porque los enemigos habian cargado sobre el; y como pudieron, llegaron a su real con perdida de mas de dos mil amigos y los cuarenta espanoles que fueron presos, y luego este dia los sacrlncaron en el templo mayor de tlatelulco, s
ixtl_A3	40000	cuarenta mil	words	person	"u envio a rogar a los pueblos cincunvecinos que les ayudasen, y asi con los de owauh"" nahuofi juntos, que serian hasta cuarenta mil hombres, fueron con andres de tapia sobre mcdinalco; y antes de llegar encontro con el ejercito de los enemigos: pelear"
ixtl_A3	60000	sesenta mil	words	person	llos, cien peones y muchos amigos que ixuuxuchul mando fuesen en su favor, que con los que habia en toluca llegaron a sesenta mil hombres. estuvo tres dias sandoval por el camino, al cabo de los cuales los alcanzo a la otra banda del rio chicuhnaukt
ixtl_A3	2000	dos mil	words	person	ato hasta que les hicieron huir y retirarse a su ciudad que estaba mas de dos leguas, y en la retirada mataron mas de dos mil. llegados a malincueo^ la cercaron, y los vecinos se defendieron en el interin que sus mujeres se iban a un cerro alto
ixtl_A3	100000	cien mil	words	other	sus coaa para este efecto con toda brevedad; y asi cuatro dias despues que sandoval estaba en mexico, llegaron mas de cien mil de ellos, y teniendolos a todos juntos, y despues de haber apercibido a los mexicanos que se diesen de paz, los cuales 
ixtl_A3	600	seiscientos	words	person	a parte de ixuilxuchiu, despues de todo lo referido, acordo cortes de hacer una emboscada, en la cual mataron mas de seiscientos mexicanos y prendieron mas de dos mil, con que de todo punto los mexicanos cobraron grandisimo temor a los nuestros; y 
ixtl_A3	2000	dos mil,	words	person	lo referido, acordo cortes de hacer una emboscada, en la cual mataron mas de seiscientos mexicanos y prendieron mas de dos mil, con que de todo punto los mexicanos cobraron grandisimo temor a los nuestros; y les ganaron otras muchas casas y un temp
ixtl_A3	40000	cuarenta mil	words	person	que avisasen a la hora que ellos salian; y cortes tomo hasta cien espanoles y quince de a caballo, y ixdxbmchiu hasta cuarenta mil hombres; y avisados de las espias una madrugada, dieron sobre los desventurados mexicanos; y como estaban desarmados, ma
ixtl_A3	1000	mil	words	person	avisados de las espias una madrugada, dieron sobre los desventurados mexicanos; y como estaban desarmados, mataron casi mil de ellos, y otros muchos prendieron; y lo mismo hicieron los bergantines y canoas. los guardas de la ciudad, aunque hic
ixtl_A3	1000	mil	words	other	cortes y ixuuamohill^ enviaron a decir a alvarado y tmouhuekaezquitzin^ que combatiesen un barrio muy fuerte de mas de mil casas que estaba por ganar, y que ellos les ayudarian; y asi dieron sobre este barrio, y los vecinos pelearon muy bien 
ixtl_A3	13000	trece mil	words	person	disimo rato; y no pudiendo sufrir la furia de los nuestros, huyeron y desampararon sus casas, y mataron mas de doce o trece mil hombres. este dia casi no pelearon los espanoles si no fue al principio; mas luego se retiraron a un cabo, y estuvieron
ixtl_A3	50000	cincuenta mil	words	person	n poca resistencia entraron hasta lo mas fuerte que tenian los mexicanos para su defensa, que fueron muertos y presos cincuenta mil hombres. hicieronse este dia unas de las mayores crueldades sobre los desventurados mexicanos que se han hecho en esta 
ixtl_A3	60000	sesenta mil	words	person	lta, y les dijo a voces que se rindieran, pues ya estaba en poder de los enemigos. la gente de guerra, que seria hasta sesenta mil de ellos, los que habian quedado de los trescientos mil que eran de la parte de mexico, viendo a su rey dejaron las arm
ixtl_A3	300000	trescientos mil	words	other	taba en poder de los enemigos. la gente de guerra, que seria hasta sesenta mil de ellos, los que habian quedado de los trescientos mil que eran de la parte de mexico, viendo a su rey dejaron las armas, y la gente mas ilustre llego a consolar a su rey.^ 
ixtl_A3	300000	trescientos mil	words	person	sea un fondeadero por donde tambien se embarco el rey nezahualcoyotl y el rey ixcoatl de mexico, cuando a la cabeza de trescientos mil texcocanos y mexicanos, marcharon a destruir el imperio de los tecpanecas, y con el al tirano maxtla, todavia existen mu
ixtl_A3	30000	treinta mil	words	other	mente la de d. alonso axayaca^ ochenta dias cabalmente. murieron de la parte de iruuxuehiu y reino de texcuco, mas de treinta mil hambres, demas de doscientos mil que fueron de la parte de los espanoles, como ya se ha visto: de los mexicanos murier
ixtl_A3	200000	doscientos mil	words	other	 ochenta dias cabalmente. murieron de la parte de iruuxuehiu y reino de texcuco, mas de treinta mil hambres, demas de doscientos mil que fueron de la parte de los espanoles, como ya se ha visto: de los mexicanos murieron mas de doscientos cuarenta mil
ixtl_A3	240000	doscientos cuarenta mil, y	words	person	emas de doscientos mil que fueron de la parte de los espanoles, como ya se ha visto: de los mexicanos murieron mas de doscientos cuarenta mil, y entre ellos casi toda la nobleza mexicana, pues que apenas quedaron algunos senores y caballeros, y los mas ninos y de
ixtl_A3	2000	dos mil	words	other	 imas casas y palacios muy grandes con los mexicanos que trajo de mexico y el prendio personalmente, que eran obra de dos mil de ellos, en el sitio que llaman teepilpac^^ que su padre le dio siendo nino, en donde se crio; y mando a todos sus vas
ixtl_A3	400	cuatrocientas	words	other	d, los cuales juntaron todas las joyas y piezas de oro que cada uno tenia, y junto todo el oro y plata que se saco de cuatrocientas casas de senores que habia dentro de la ciudad, se lo enviaron a ixuilxuchitl^ el cual se lo dio a cortes, y rescato a 
ixtl_A3	1000	mil	words	person	exicanos y los de su parte el pesame de sus trabajos y persecucion. vino a esta embajada el hermano del rey con mas de mil hombres en su compania. todos se holgaron de esta embajada y paces con michuaxxm^ como que fue de mucha consideracion, y
ixtl_A3	5000	cinco mil	words	person	 belicosa. envio cortes a cristobal de olid con cien espanoles de a pie y cuarenta de a caballo, y ixtluxuchul mas de cinco mil hombres para su servicio y ayuda. llegados a miokitaoan^ en la ciudad de ohiuzizilan} que era la corte y cabecera de es
ixtl_A3	30000	treinta mil	words	person	 huatoxooj y otras partes con doscientos espanoles a pie y treinta y cinco de a caballo; ixuilxu<jiiu envio con ellos treinta mil hombres de guerra, y por capitanes a ciertos hermanos suyos, y algunos senores y soldados viejos, deudos y vasallos; y 
ixtl_A3	2000	y dos mil	words	person	avor del senor de tecuantepec y los demas que eran de nuestra parte con doscientos espanoles y cuarenta de a caballo, y dos mil hombres de guerra que envio ixuuxucmu con ellos. fueron en el ano de 1522, y tardaron un mes en el camino por huaxacac
ixtl_A3	25000	veinte y cinco mil	words	person	a un hijo suyo, los cuales viendo que estaban casi presos, y que les entendieron la traicion, se rescataron en mas de veinte y cinco mil castellanos de oro poblaron esta ciudad y provincia, y enviaron a requerirle con don fernando de alva ixtulxochitl. 
ixtl_A3	16000	diez y seis mil	words	person	io luego a gonzalo de sandoval con sesenta peones y veinte y cinco de a caballo, e ixuilxuchill monao fuesen con ellos diez y seis mil hombres de guerra, y que vengase y castigase a los de coliman^ y tambien a los de impuizinco^ que hacian guerras a sus
ixtl_A3	400000	cuatrocientos mil	words	person	 ixtlilxuchitl en el interin que sucedian las cosas referidas, andaba ocupado en la reedificacion de mexico con mas de cuatrocientos mil hombres, asi oficiales, como carpinteros, y albajiiles y peones, y vivia en tlatelulco, en donde despachaba sus capitan
ixtl_A3	100000	cien mil	words	other	s suyos, para memoria en los tiempos venideros de esta insigne victoria que tuvieron contra mexico. labraronse mas de cien mil casas, mejores que las que solia haber, y mas de cuarenta mil casas mas de las que antes habia. y asimismo ixtlilxudii
ixtl_A3	40000	cuarenta mil	words	other	igne victoria que tuvieron contra mexico. labraronse mas de cien mil casas, mejores que las que solia haber, y mas de cuarenta mil casas mas de las que antes habia. y asimismo ixtlilxudiitl labro ciertas casas, y cupole en la reparticion a tlatelulco
ixtl_A3	40000	cuarenta mil	words	person	vios a los nuestros. tomo cortes trescientos espanoles de a pie y ciento cincuenta de a caballo, y ixtlilxuchiu mas de cuarenta mil aculhuas y algunos mexicanos. llegaron a aynlochtitlan, donde le salieron al encuentro los enemigos, y en un campo ras
ixtl_A3	5000	cinco mil	words	person	 en un campo raso y llano tuvieron una cruel batalla, y murieron de los de ixtlilxuchiu, como eran los primeros, mas de cinco mil de ellos, y de los enemigos tres tantos mas; fueron heridos cincuenta espanoles, y estuvieron aqui cuatro dias descansa
ixtl_A3	20000	veinte mil	words	person	asaron con ellas a la otra parte del rio. cortes con cien personas y cuarenta de a caballo, y jxtlilxuchitl con hasta veinte mil hombres; y como fuese amaneciendo fueron vistos por los enemigos, y cargaron tanto sobre ellos que por poco fueran ven
ixtl_A3	10000	diez mil	words	other	ieron a los enemigos, y seguidos mas de una legua, en donde mxirieron grandisima suma de ellos, aunque fueron heridos diez mil de los de ixuilxuchiu. durmieron aquella noche los nuestros en un pueblo despoblado sin gente, y en los templos se hall
ixtl_A3	30000	treinta mil	words	person	tantos pueblos sujetos a la ciudad de texcuco, y asi les fue forzoso ir sobre ellos a cortes y ixtulxuchitl con mas de treinta mil hombres de guerra. pelearon con ellos, y ixuuxuchiu prendio por sus propias manos al general y al senor de totoiepec, 
ixtl_A3	400	cuatrocientos	words	other	 insolencias a los de panuco, que les fue forzoso rebelarse, no pudiendo sufrir a los espanoles, y asi mataron mas de cuatrocientos de ellos; y como tuviese cortes aviso do esto, pidio a txtlilxuchiti socorro de gente y al rey ouauhtemoc^ el cual y s
ixtl_A3	15000	quince mil	words	person	chiti socorro de gente y al rey ouauhtemoc^ el cual y sus vasallos habian convalecido, y cada uno de ellos dio mas de quince mil hombres de guerra con gonzalo de sandoval, y cincuenta de a caballo y cien de a pie, y los enviaron a panuco, yendo por
ixtl_A3	400	y cuatrocientos	words	person	 dias lo saquearon todo y mataron una infinidad de indios. fueron presos por los nuestros sesenta senores de pueblos, y cuatrocientos caballeros y capitanes, sin otra mucha gente comun; los cuales fueron condenados a muerte y quemados, salvo la gente m
ixtl_A3	20000	veinte mil	words	person	ara que niesen con alvarado a sujetarlos. ouauktemoc y ixuucuchiuj que ya tenian apercibidos a sus vasallos, juntaron veinte mil hombres de guerra, y muy expertos en la malicia y tierras de la costa, enviando cada uno de ellos su general con diez m
ixtl_A3	10000	diez mil	words	person	e mil hombres de guerra, y muy expertos en la malicia y tierras de la costa, enviando cada uno de ellos su general con diez mil hombres de guerra^ los cuales ftieron con alvarado, y llevaba mas de trescientos espanoles. salieron de mexico a 6 de 
ixtl_A3	4000	cuatro mil	words	person	ajo; el segundo una cuesta muy alta y aspera, que tenia mas de cinco leguas; y en un reventon de esta hallaron mas de cuatro mil enemigos y pelearon con ellos hasta desbaratarlos; y mas adelante, en un llano, hallo mas de treinta mil de ellos, y p
ixtl_A3	30000	treinta mil	words	other	llaron mas de cuatro mil enemigos y pelearon con ellos hasta desbaratarlos; y mas adelante, en un llano, hallo mas de treinta mil de ellos, y pelearon y los desbarataron; y mas adelante fueron a ciertas fuentes y tornaron a pelear con los mismos; ma
ixtl_A3	4000	cuatro mil	words	person	 los generales de texcuco y mexico enviaron a qaavimemalan a pedir socorro al senor de alli, el cual les envio mas de cuatro mil hombres de guerra, con los cuales pelearon con sus enemigos; y dieronles tanta prisa, que los sujetaron, y los ciudadan
ixtl_A3	7000	siete mil	words	person	 entrada de este lugar. visto por los nuestros que era mucha la ventaja de los enemigos, y que no habia mas que hasta siete mil mexicanos yjtexcucanos, porque los demas, unos eran muertos, y otros quedaban en cuauhtemalan indispuestos de los trab
ixtl_A3	1000	mil	words	other	abajos pasados, y alvarado no llevaba mas de doscientos cincuenta espanoles de a pie y cien de a caballo, y otros pocos mil mas de oaauhiemalan^ ^ pasaron por un lado del ejercito de los eneniigos; y como los vieron a la otra parte, embistiero
ixtl_A3	400	cuatrocientas	words	other	oro y riquezas hallaron en este viaje, aunque se ganaron y sujetaron otras provincias. anduvieron, segun dicen, mas de cuatrocientas leguas, y desde cuauktemalan se vinieron el ejercito de los aculhuas y mexicanos, y dejaron alla a alvarado con los dema
ixtl_A3	10000	diez mil	words	person	"nerales deudos de ixuu"" xuchiu y cuauhtemoc^ uno de los aculhuas y otro de los mexicanos y tcpanecas; cada general con diez mil hombres de guerra. fueron derechos a la villa del espiritu santo, y all juntaronse mas espanoles. hicieron ciertas ent"
ixtl_A3	20000	veinte mil	words	person	si envio cortes a rodrigo rangel que es el mismo que fue la primera vez con ciento cincuenta espanoles, y ixtluxuchitl veinte mil hombres de guerra en su compania, y un hermano suyo por general; y de camino se juntaron con los de tlaxcalan^ que env
ixtl_A3	6000	seis mil	words	person	 su compania, y un hermano suyo por general; y de camino se juntaron con los de tlaxcalan^ que enviaron otros cinco o seis mil hombres en su favor. llegados a estas provincias les requirieron con la paz una y muchas veces, y viendo que no se que
ixtl_A3	400	cuatrocientas	words	other	 y con esto quedo todo el imperio de las tres cabeceras texcuco, mexico y tlacopan sujeto, que corria lo mas de ellas cuatrocientas leguas a la redonda de esta laguna grande de texcuco, hasta las costas de la mar del sur y norte, como se ha visto. ot
ixtl_A3	20000	veinte mil	words	person	antidad de soldados que tenia en su ejercito, en la plaza de ohi/mpan^ donde el residia; y entre toda sn gente escogio veinte mil hombres de guerra, los mas ralerosos que los conocia mnj bien en las guerras pasadas, y todos los capitanes sos amigos 
ixtl_A3	1000	mil	words	other	amino ciertas provincias que estaban rebeladas por causa de los espanoles, que les rotaban sus haciendas y les hacian mil molestias. salido que fue de mexico cortes, de alli a pocos dias los gobernadores espanoles que dejo en su lugar, llam
ixtl_A3	1000	mil	words	other	 gobierno, de tal manera que todos los espanoles estaban encontrados los unos con los otros, y los naturales les hacian mil molestias, de tal manera que se alzaran y mataran a cuantos espanoles habia dentro de la ciudad, si no fuera por amor 
ixtl_A3	1000	mil	words	other	ra perderse, porque si de antes hacian mal a los naturales, ahora fue peor con estas revueltas, pues que les inferian mil agravios y se tragaban «as haciendas. los naturales de huaxacac, zihuauan y otras parles, recibian hartas pesadumbres
ixtl_A3	1000	mil	words	other	 otro muy grande que fue necesario hacer una puente de madera que tu1 xicalanco. 408 obras historicas de vo casi mil varas ^ de ancho que estaba muy cerca de la mar. trabajaron aqui muy bien los naturales que fueron los que hicieron est
ixtl_A3	500	quinientos	words	other	, mas lo querian para los caballos que no para el ejercito. al cabo de los tres dias, dieron sobre un estero de mas de quinientos pasos de ancho y de hondo algunas seis brazas; y como no tenian canoas para pasar a la otra banda, tuvieron grandisimo 
ixtl_A3	1000	mil	words	other	a nos entregaron a manos de estos extranjeros, para padecer los largos y asperos caminos, las hambres y frios y otras mil cala* midades que padecemos, desposeidos de nuestros reinos y seiiorios, y olvidados de nuestra regalada patria, como s
ixtl_A3	1000	mil	words	person	 donde hallarian harto bastimento y todo lo necesario; pero que estaba a la otra banda de el. ixtluxuchiu envio mas de mil aculhuas sus vasallos con algunos espanoles, para que de alla trajesen bastimento, los cuales fueron y proveyeron al ej
ixtl_A3	1000	mil	words	person	ortes, y para que los llamaban. decianles que les perdonase que no osaban venir porque los espanoles les habian hecho mil insolencias, y venian a robar hombres que los llevaban forzadamente en sus navios. ixtlilxuchitl por lengua de marina 
ixtl_A3	500	quinientas	words	other	ico donde fue muy bien recibido. este fin tuvo la larga jomada que hizo jlxtlilxuchiu a ibueraa el cual andubo mas de quinientas leguas, segun dicen los autores espanoles, especialmente gtymara^ que se conforma en lo que es de tiempo y lugares que 
ixtl_A3	562	quinientos sesenta y dos	words	other	o ser de mi historia. don fernando de alva ixtlilxochitl. 433 porque en el se acabo la monarquia tulteca que duro quinientos sesenta y dos anos, y lo mismo ha sucedido en ixtlilxuchiu que se acabo en su muerte el imperio chichimeca meridional, que duro otro 
ixtl_A3	5000	cinco mil	words	person	 lo que tengo en historias. dicen que el mejor ejercito que se saco de texcuco para las partes referidas era de mas de cinco mil soldados, los cuales ixuiixuchiu siempre proveia de todo lo necesario, asi de sustento como de vestuario, de armas y de
ixtl_A3	1000	mil	words	other	uchiu y de los demas sus deudos, y gastado todos los tributos de todo el tiempo que se ocupo en las ibueras^ causando mil vejaciones a los naturales, haciendo casas a los espanoles dentro de la ciudad de mexico, dandoles solares de los que 
ixtl_A3	1000	mil	words	person	y bien lo sabian, hasta ver en que paraban estas cosas. los caballeros y gente ilustre todos los dias venian a el con mil quejas, diciendole que les hacian tributar, y los enviaban a servir a los espanoles, especialmente izquinquani, que er
ixtl_A3	4000	cuatro mil	words	person	 de xcdisco a xochipuan, fue con el d. antonio, que al presente era senor de la provincia de texcuco, y llevo conmigo cuatro mil hombres de guerra en favor de los espanoles y servicio de s. m., donde murieron mucho* de ellos, de manera que desde q
ixtl_A3	600	seiscientos y	words	other	es en tula, muerto su primero y antiguo senor hudzalin^ eligieron para su sucesor a acaionak^ y dicen que aquel vivio seiscientos y tantos anos, cosa increible,|y;que los trajo guiando hasta llegar a tala, (el orden de sucesion de sus senores fue como 
ixtl_A3	2000	dos mil	words	other	esta relacion he sacado excelentisimo senor de los nueve libros que estoy escribiendo de cosas de la tierra, de mas de dos mil anos a esta parte, segun esta en la original historia de los senores de esta tierra conforme lo he interpretado y los v
ixtl_A3	1000	mil	words	person	s, hgas y mujeres, ^ y muchas de nuestras tierras nos las quitan y se van alzando con ellas algunas personas, sin otros mil agravios que se nos hacen, como se vera especincadamente en la dicha historia. * y para que nnalmente conste en esta 
ixtl_A3	3002	3.002	digit-group	person	" principales caudillos de su ejercito."" — (cap. iv. citado). don fernando de alya ixtulxochitl. 83 tzordl% que son 3.002,200 ^ hombres y mujeres, segun aparece de la historia y se halla en los lugares adonde los conto, que fueron en mas d"
ixtl_A3	30000	30,000	digit-group	person	otras que despues sucedieron, (la poblacion) en el mas pequeno pueblo, que hoy no tiene ya ninguna persona, pasaban de 30,000 t^einos, porque como se echa de ver en las ruinas, hasta en los mas altos montes y sierras, tenian sus sementeras y c
ixtl_A3	1600	1.600	digit-group	person	lla; primeramente en la que cupieron sus vasallos que trajo consigo, que fueron por todos, segun parece en la historia, 1.600,000 hombres; y a los otros seis senores que vinieron despues que el estaba en esta tierra, repartio los pueblos y luga
ixtl_A3	500000	500,000	digit-group	person	o que en los demas lugares hasta ouauhtiuan^ en donde ya a esta ocasion estaba el ejercito del gran tirano con mas de 500,000 hombres de diversas y remotas partes, como eran de juiehhucuxin y otros reinos y provincias de la banda del mediodia.
ixtl_A3	200000	200,000	digit-group	person	, como eran de juiehhucuxin y otros reinos y provincias de la banda del mediodia. el rey lanuxmhiu no tenia mas qrte 200,000 hombres, porque en toda la gente que pudo juntar. 1 citlnltepoc. j don fernando de alva ixtlilxochitl. 305 
ixtl_A3	300000	300,000	digit-group	other	 fernando de alva ixtlilxochitl. 305 asi suyos como de los senores referidos, que le enviaron socorro, no llegaron a 300,000, porque los demas estaban en las fronteras y solo los 200,000 traia consigo; pero segun las historias traia los mas v
ixtl_A3	200000	200,000	digit-group	other	enores referidos, que le enviaron socorro, no llegaron a 300,000, porque los demas estaban en las fronteras y solo los 200,000 traia consigo; pero segun las historias traia los mas valerosos capitanes y ardilosos que habia en esta tierra en aque
ixtl_A3	400000	400,000	digit-group	person	legado que fue a mexico, hallo a los mexicanos en grande aprieto, porque el rey maxtla los tenia! cercados con mas de 400,000 hombres de diversas partes y habia tenido algunas escaramuzas muy renidas, en donde habia muerto cantidad de gente por
ixtl_A3	100000	100,000	digit-group	person	 y habia tenido algunas escaramuzas muy renidas, en donde habia muerto cantidad de gente por ambas partes. tenia hasta 100,000 hombres su tio el rey izicohuaizin y el otro su primo 3ioteczuma y comenzaron la batalla, la cual duro ciento y tantos
ixtl_A3	50000	50,000	digit-group	person	ra la guerra y fortalecio su ciudad muy bien. nezahualcoyotl junto sus soldados y hizo un razonable ejercito de hasta 50,000 hombres y fue sobre mexico y entro por tepeyacac que es donde ahora es nuestra sefhora de guadalupe^ y el fue el prime
ixtl_A3	200000	200,000	digit-group	person	ios, gano la nueva espana, siendo senor y capitan general de los aculhuas texcucanos, conduciendo un ejercito de mas de 200,000 hombres, 1 los antiguos historiadores hablan generalmente de conquistas muy lejanas hechas por los ejercitos del anuh
ixtl_B0	500	quinientos	words	other	eron con grandes regocijos por todo el camino, hasta llegar a tula, que ya era el ano de chicome acatl, y a la nuestra quinientos sesenla y dos: y en este mismo ano le juraron por su rey y le casaron con una senora hija de los principales tultecas, 
ixtl_B0	666	seiscientos sesenta y seis	words	other	eino su hijo, legitimo sucesor^ llamado jsuetnn^ el mismo ano que murio su padre, que file seis toghtu, y a la nuestra seiscientos sesenta y seis de la encamacion, siendo sumo pontifice vitaliano campano, a los siete anos de su pontificado, a los veinticinco anos d
ixtl_B0	512	quinientos doce	words	person	i del mismo modo, principalmente en lo de las persecuciones y trabajos de los hombres: asimismo declaro que cmnplidos quinientos doce anos que ellos salieron de su patria, habia de heredar el reino un senor con la voluntad de los unos y a la contra de 
ixtl_B0	778	setecientos setenta y ocho	words	other	o, goberno los cincuenta y dos (oos^ y el ultimo de ellos murio, que fue en el ano de seis toghtu, y a nuestra cuenta setecientos setenta y ocho^ al cuarto del pontificado de constantino sirio, simio pontifice, y emperador romano leon iii de este nombre, y en esp
ixtl_B0	770	setecientos setenta	words	other	s anos, y al ultimo de ellos fenecio, heredandole su hijo nacaxoc en el ano de cinco calu, que a la nuestra fue en el setecientos setenta afios ^ de la encamacion, gobemando el pontifice estefano iii^ en el segando ano de su pontificado, y siendo emperador 
ixtl_B0	503	quinientos tres	words	other	 tierra fue touan^ capital del imperio y la comenzaron a edificar en el ano ce calli, que es una cam, y en el nuestro quinientos tres casi cuatro afioa despues entraron en consejo los siete, caudillos para tratar sobre los negocios de la tierra, y entr
ixtl_B0	556	quinientos cincuenta y seis	words	other	 relacion suanta. chalchiutlanetzin^ primer monarca tulteca, comenzo a gobernar el ano chicome acatl, y en el nuestro quinientos cincuenta y seis. ^ murio el ano chicome acatl, correspondiente al nuestro de seiscientos ocho. a este sucedieron lobuilcuediahuae^ jsu
ixtl_B0	608	seiscientos ocho	words	other	hicome acatl, y en el nuestro quinientos cincuenta y seis. ^ murio el ano chicome acatl, correspondiente al nuestro de seiscientos ocho. a este sucedieron lobuilcuediahuae^ jsuetzinlotepeuhj nacaxoc miu^ que fue quien hizo el templo de la rana. ^ mst
ixtl_B0	562	quinientos sesenta y dos,	words	other	tamente necesario formar tablas para entender la cronologia. — r. don fernando de alva ixtlilxochitl. 35 fue el de quinientos sesenta y dos, el cual reino otros tantos, y murio el de seiscientos trece de la encarnacion, que llaman ghiquagen tochtli. heredo
ixtl_B0	613	seiscientos trece	words	other	don fernando de alva ixtlilxochitl. 35 fue el de quinientos sesenta y dos, el cual reino otros tantos, y murio el de seiscientos trece de la encarnacion, que llaman ghiquagen tochtli. heredole jsudzin, que reino otros cincuenta y dos anos, segun la co
ixtl_B0	830	ochocientos treinta	words	other	i once agatl. sucediole la reina xiuhqaerdzin^ ^ que reino cuatro anos, y fallecio en el de ome agatl, que fue el de ochocientos treinta: a la cual sucedio en el imperio tziaccauzin^ ^ padre de topiuan^ en cuyo tiempo se destruyo esta nacion. 1 £1 mism
ixtl_B0	880	ochocientos ochenta	words	other	 ella. casi a lo ultimo de los cincuenta y nueve anos murio este senor, que fue en el ano de once acatl, y ala nuestra ochocientos ochenta^ siendo pontifice joanes viii^ al octavo ano de su 1 llama la atencion este periodo de cincuenta y dos anos, que prec
ixtl_B0	1000	mil	words	other	ar adelante, quiero hacer relacion del estado en que estaban las naciones tultecas. y es, que ya en este tiempo en casi mil leguas ^ habian poblado y edificado pueblos y ciudades, villas y lugares: entre las mas senaladas fue teotijmacany que 
ixtl_B0	1000	mil	words	other	almente habian tenido, y otras que les aplicaran personajes o ciudades pertenecientes a razas claramente distintas. no mil leguas, ni mucho monos abrazo la nacionalidad tolteca. sn mi «apendice al p. duran» senalo sus limites, por cierto no d
ixtl_B0	2000	dos mil	words	other	o grandes cosas, y por eso lo colocaron por dios. estos falsos dioses fueron los mas principales y antiguos, de mas de dos mil anos de los tultecas y texed&pmol y huibnlopucihui^ y otros dioses que fueron aca ciertos caballeros muy valerosos, que
ixtl_B0	1000	mil	words	other	as llanas, y otras pardas, con aljofar y otras piedras preciosas labradas, y hechas unas labores, y la zenefa toda de mil colores labrados; ponianse sus camisones adcole^ siempre, que les llegaban hasta las rodillas, y de la misma manera de 
ixtl_B0	1000	mil	words	other	porque todos los que se llegaban morian luego; y con este mal olor causo una gran peste por toda la tierra, que de las mil partes de los tultecas se murieron las novecientas. todas estas cosas les sucedieron, y otras muchas que por escasear v
ixtl_B0	900	novecientas	words	other	go; y con este mal olor causo una gran peste por toda la tierra, que de las mil partes de los tultecas se murieron las novecientas. todas estas cosas les sucedieron, y otras muchas que por escasear volumen no se ponen aqui; y los tres senores sus c
ixtl_B0	1000	mil	words	person	rtos artificios que hicieron, pesaba tanto» que se contaron onod quipili uacail ^ de los tultecas, que son dkz y odio mil hombres que dentro de ciento cicarenta dias habian de estar alla adelante de xalisco en quiyahuiizuanxalmolan. ^ llega
ixtl_B0	990	novecientos noventa y	words	other	s en su tierra se los tenian muy prosperos y libres de calamidades del cielo. en el ano ce agatl, y en el nuestro de novecientos noventa y ochoj segundo del pontificado de silvestre 11^ decimo cuarto del imperio de oton jf y vigesimo primero del reinado de a
ixtl_B0	18000	diez y ocho mil	words	other	 las armas se entenderian. topiltzin, viendose tan oprimido y que no tenia remedio, pidio tiempo para ello, que era 1 diez y ocho mil se dice orne xiguipilli maeuilli tzonili. 2 supongo que la terminacion debe ser moloyan. 62 obras historicas de 
ixtl_B0	512	quinientos doce	words	other	, como el se iba hacia donde el sol sale, a unos reinos y senorios de sus pasados muy prosperos y ricos, que de alli a quinientos doce anos volveria de nuevo a esta tierra en el ano de ce acatl, y castigaria a los descendientes de los reyes sus com^ pet
ixtl_B0	1000	mil	words	other	ron a multiplicar. cuando los tultecas peleaban, se ponian unas a manera de tunicas largas hasta los carcanales, de mil colores, labradas y muy tupidas y gruesas, que por recio que se daban con las lanzas, que esto era lo mas que usaban, 
ixtl_B0	200000	y doscientos mil	words	person	y diez dias; murieron, digo, asi hombres como mujeres, zentzon cciquilpiuzonui oquixtlizihuetl, que son tres millanes y doscientos mil hombres y mujeres; y de las gentes de los tres reyes competidores, fueron caxtolpohual tzontiquipuzotiulacatl, que fuer
ixtl_B0	2000000	dos millones cuatrocientos mil	words-millon	person	bres y mujeres; y de las gentes de los tres reyes competidores, fueron caxtolpohual tzontiquipuzotiulacatl, que fueron dos millones cuatrocientos mil hombres; de 1 famndo revista. — b. 2 tablado.— b. 58 obras historicas de suerte que de una y otra parte fuero
ixtl_B0	5000000	cinco millones	words-millon	other	8 obras historicas de suerte que de una y otra parte fueron zeruzon anquipiuzonui ihuancasiolpohiialtzonui^ que son cinco millones seiacieruaa milper^ sonasj cosa increible y que causa admiracion. y no es de espantar, que como tengo dicho, no fue per
ixtl_B0	1000	mil	words	other	 de socorro los soldados; y era tanta la gente en esta tierra, principalmente del senorio de topiuzin, que corria casi mil kgwaa de largo y ochodenias de ancho, que hasta los muy altos montes estaban cubiertos de casas y sementeras^ pues no 
ixtl_B0	1612	mil seiscientas doce	words	person	aguna, sin los que se fueron huyendo navjuzonui ihuauj nauh pohuaui on mxxuacui ikuan orne oquiaue cihuau, que fueron mil seiscientas doce personas, asi hombres como miyeres, de los cuales eran veintuaruos caballeros y gente ilustre^ los cuales despues de ha
ixtl_B0	400	cuatrocientas y	words	person	laron en las costas como de la mar e islas. esto tengo declarado ya otras veces; y la quinta parte, que fueron hasta cuatrocientas y tantas personas, con los nobles, fueron los que se quedaron en estas partes, repartiendose cada caballero con lo que le
ixtl_B0	1000	mil	words	other	osas curiosas y dignas de traer a la memoria, siendo cosas verdaderas y ciertas; y no pongo de lo que ello fue de las mil partes las novecientas, por lo que tengo dicho, por excusar volumen, y porque son tan extranas las cosas, y tan peregri
ixtl_B0	900	novecientas,	words	other	 dignas de traer a la memoria, siendo cosas verdaderas y ciertas; y no pongo de lo que ello fue de las mil partes las novecientas, por lo que tengo dicho, por excusar volumen, y porque son tan extranas las cosas, y tan peregrinas y nunca oidas, sepul
ixtl_B0	509	quinientos nueve,	words	other	 jura y casamiento con mucha solemnidad, el cual entro a gobernar en el ano chicome acatl, sicte canas, y a la nuestra quinientos nueve, el octavo del pontificado de simaco^ en el decimosexto del imperio de anastasio j y el primero del reinado de oeosdario
ixtl_B0	572	quinientos setenta y dos	words	other	 escaparon. este fue el fin de un grande imperio que tuvo este nuevo ifundo, de los tultecas, el cual no duro mas de quinientos setenta y dos anos; y los reyes que lo destruyeron, viendolo tan 1 como se te, es imposible conciliar la cronologia del autor, pues 
ixtl_B0	572	quinientos setenta y dos	words	other	hotl, salvo a este en los desiertos de nonoalco adonde lo criaba. este fin tuvo el imperio de los tultecas, que duro quinientos setenta y dos anos^ y su ultima destruccion fue en el ano de ce tecpatl, 969, bajo el pontificado de joarmes xii^ en el imperio de 
ixtl_B0	2000	dos mil	words	person	li xolotl. los senores chichiraecats tenian sus reinos y senorios hacia la banda del septentrion, que corrian mas de dos mil leguas de largo, y de ancho casi mil leguas: gente barbara y feroz y la mas fuerte nacion que hubo y tiene hoy dia est
ixtl_B0	1000	mil	words	person	ian sus reinos y senorios hacia la banda del septentrion, que corrian mas de dos mil leguas de largo, y de ancho casi mil leguas: gente barbara y feroz y la mas fuerte nacion que hubo y tiene hoy dia este nuevo-mundo, exceptuando a nuestros
ixtl_B0	1000000	un millon	words-millon	person	"la poblasen, se fue a muquiohiujua y de mizguiajiualla a tucpan, ^ y de aqui a 1 ""sin las mujeres y ninos era mas de un millon."" — (cap. vi citado.) 2 desde aqui comienza en el cap iv, es decir, desde la llegada a tula, la historia de la pereg"
ixtl_B0	1000000	millones	words-millon	person	rey ixtluxum y con la gran multitud de gente ilustre y hombres valerosos de lo mejor de la nacion aculhua, ^ sin muchos millones de la gente comun, que como se ha visto, duraron las guerras dncuenta anos seguidos. en las partes remotas de todo punt
ixtl_B0	7000	siete mil	words	person	dieron siete anos con el mayor trabajo que se puede decir, hasta que su legitimo senor los liberto, que les parecieron siete mil anos de penas; pues con sus bienes, hijos y mujeres acudieron a todo lo referido poniendo en los pueblos y ciudades su
ixtl_B0	400	cuatrocientos	words	other	 mas que una traduccion en escritura vulgar, de los anales tezcacanos escritos en caracteres jeroglificos, hace mas de cuatrocientos anos. duodecima relacion. dt ku vietoricu y prosperos sucesos de nezahualcoyoll hcuta la resiauracitm de la monar
ixtl_B0	400	cuatrocientas	words	person	lugar para castigarlo dejandolo para despues para mas espacio; y con tanto se partieron con todo el ejercito de mas de cuatrocientas rnil^ personas por la laguna en canoas y otros por el camino de iiapalapan; de suerte que otro dia de manana vieron ven
ixtl_B0	1000	mil	words	person	dia dieron orden de aderezar y componer los ejercitos, repartiendolos en tres partes, y los mexicanos dieron otros den mil soldados de guerra y todo lo necesario. tomo (el principe) para si doadeiuos mil soldados de la nacion ctimmecay y les 
ixtl_B0	1000	mil	words	person	rtes, y los mexicanos dieron otros den mil soldados de guerra y todo lo necesario. tomo (el principe) para si doadeiuos mil soldados de la nacion ctimmecay y les mando que todos llevasen armas blancas y llanas sin plumeria. otros doacierdoa m
ixtl_B0	1000	mil	words	other	asen armas blancas y llanas sin plumeria. otros doacierdoa mu (dio) a su tio el rey jxohualzin; otros cienio y tantos mil a su primo jioteczumxi, y dioles orden de lo que habian de hacer, porque otro dia de manana, antes del alba, habian de 
ixtl_B0	10000	diez mil	words	person	 el luiante y capitanes, y los contrarios hicieron muy gran matanza en los del infante, de cuya parte murieron mas de diez mil hombres, sin los que se cautivaron, y el infante y los suyos se retiraron a su real con gran pesar y enojo, y el caziqu
ixtl_B0	1000	mil	words	other	e daban el de semanahuac ^ tlatohuam^ que quiere decir i^cflcr del mundo^ y senor de mar a mar^ por haber poblado casi mil leguas de un mar a otro. el lugar de donde salio se llamaba oyome y llego a tvla en el ano 5 tecpatl, que fue el de 1
ixtl_B0	1000	mili	words	other	 muerto achuomdl y por su mandado beredo en el i su hijo lyxzuchiuawjx. 1 en el mumo'—attneoizin. — r. 2 hs eittof mili d'>t nombres, lof hijos no ermn tree; j e¡ ef ano iolo est fectuotamc'dte etcrito. — b. relacion sexta. del rey n
ixtl_B0	2000	dos mil	words	person	an tiiltecas y eran de la ifucteca, y traian por caudillo a temparuzin y asimismo por idolo a tezcatlipuca^ con mas de dos mil hombres, sin las mugeres, los cuales vinieron derecho a texeuco para darle la obediencia a qainaizin^ y que les diese 
ixtl_B0	100000	cien mil	words	person	y luego fueron sobre otuniba, que ya los de esta provincia, con los tepanecas, estaban muy bien apercibidos con mas de cien mil hombres de guerra, en donde tuvieron una cruel batalla, mas luego los sujctstron, y luego pasaron por axapuxco, azquedie
ixtl_B0	2000	dos mil	words	person	"os demas estaban ya alzados y rebelados contra ol por las amistades que habia hecho con los de"" mexico. llegaron hasta dos mil soldados ^ y luego se fue a mexico con toda su gente, unos por agua y otros por tierra. llegado que fue a mexico, hall"
ixtl_B0	1000	mil	words	other	ho que los hijos del sol quisieran venir a mexico a verle; y asi les envio a decir que era trabajoso el camino y otros mil inconvenientes, lo cual no fue bastante, sino que antes animo mas a los espanoles para ver a moteczuma^ especialmente 
ixtl_B0	1000	mil	words	other	 como lo tenian de costumbre, y el dia de la fiesta hicieron su baile que llaman mazehucuizui. en todo salieron mas de mil caballeros en el patio del templo mayor, y sobre si traia cada uno de ellos las mejores joyas y preseas que tenfan, si
ixtl_B0	1000	mil	words	other	 tlaxcalan dia de los inocentes, y trajo consigo cuarenta de a caballo, y qumientos 3 cuarenta de a pie, y veinticinco mil tlaxcaltecas, huexotzinca^^ chololtecas, tepeacanenses, quauthquechololtecas, qialcas ^^ de otras partes, que fueron l
ixtl_B0	6000	y seis mil	words	other	era de mucha consideracion para lo que el pretendia, y asi salio con hasta quince de a caballo y doscientos espanoles, y seis mil aculhuas, tlaxcaltecas y otras naciones de amigos. llegados que fueron a idapor lapan^ que ya los mexicanos estaban;apo
ixtl_B0	20000	veinte mil	words	person	con sus vasallos, y ayudo para acabar de hacer los bergantines que se trajeron parte de ellos de tlaxcalan^ con hasta veinte mil hombres de guerra. de alli a cuatro dias, despues que vino el ejercito de los veinte mil hombres de los tlaxcaltecas, hu
ixtl_B0	20000	veinte mil	words	person	 ellos de tlaxcalan^ con hasta veinte mil hombres de guerra. de alli a cuatro dias, despues que vino el ejercito de los veinte mil hombres de los tlaxcaltecas, huexotzincas y chololtecas, en compania de la madera que se tngo a texcucc para los berga
ixtl_B0	1000	mil	words	person	xico, y ver si cuauhtemoc y cohuanacochtxin y loi demas se querian dar de paz, y asi ixtiilxuchul tomo basta se senta mil hombres de sus vasallos, y cortes hasta trescientoi espanoles y los veinte mil tlaxcaltecas, y fueron por xal tocan, l
ixtl_B0	20000	veinte mil	words	person	e paz, y asi ixtiilxuchul tomo basta se senta mil hombres de sus vasallos, y cortes hasta trescientoi espanoles y los veinte mil tlaxcaltecas, y fueron por xal tocan, lugar sujeto a la ciudad de tcxcuco, que estaba rebelada y era de la parte de co
ixtl_B0	20000	veinte mil	words	other	, y con esto pasaron adelante hasta acidum^ en donde durmieron esa boche, y otro dia llegaron a texcuco, en donde los veinte mil ¿ombres de llaxcalan y otras partes pidieron licencia a cortes y se volvieron a sus tierras, muy ricos de despojos, que
ixtl_B0	8000	ocho mil	words	person	"so l.xiego a cortes de esto, y envio luego con gonzalo de sandoval ""txrescientos espanoles y quince de a caballo, con ocho mil aculi^uassus vasallos, y por general de ellos a chichinchicucuzin^ gran cijfpitan. llegados a choleo^ que ya los de est"
ixtl_B0	60000	sesenta mil	words	person	"ui(\ coyoluiucan^ culhuacan^ iziapalapan^ mexical"" fzuico y los demas que eran de la parle de mexico, juntaron mas de sesenta mil hombres de guerra y fueron otra vez sobre chuleo para ver si podian acabarle de destruir. los de esta provincia, como "
ixtl_B0	20000	veinte mil	words	person	si fue necesario ir personalmente cortes con trescientos companeros y treinta de a caballo, e zcfuixucjiitl con mas de veinte mil hombres de sus vasallos y algunos tlaxcaltecas que alli se hallaron a mano, y fueron a dor1 hoy ayacapixtla. en kingsbor
ixtl_B0	50000	cincuenta mil	words	person	tulxochitl. 349 mir a italmanalco^ frontero en donde estaba el ejercito de los gbalcas: otro dia llegaron otros casi cincuenta mil hombres que ixuuxuchitl habia enviado a llamar de las provincias mas cercanas sujetas al reino de texcuco, y el dia si
ixtl_B0	15000	quince mil	words	person	e habian desdon fernando de alva ixtlilxochitl. 351 mandado en robar. cuuvjitemoc^ sabiendo esto, envio luego mis de quince mil hombres de guerra, por agua y tierra. pelearon con ellos fuertemente, y los vencieron, y quemaron las casas y templos d
ixtl_B0	400000	cuatrocientos mil	words	person	 de profundidad, por las orillas estacado, y su albarrada por ambos lados. tardaron en hacerla cincuenta dias, mas de cuatrocientos mil hombres de los reinos de texcuco, que tenia puestos alli bmxumu para solo este efecto, trabajando ocho o diez mil cada
ixtl_B0	10000	diez mil	words	other	ocientos mil hombres de los reinos de texcuco, que tenia puestos alli bmxumu para solo este efecto, trabajando ocho o diez mil cada dia. asimismo hallo a muchos senores de diversas promdas sujetas a su senorio que venian a darle obediencia y hace
ixtl_B0	200000	doscientos mil	words	person	rcito junto en texcuco, hizo alarde cortes con si espanoles, y lo mismo hizo ixtulxuchul^ y eran en todo el ejei cito doscientos mil hombres de guerra, y cincuenta mil labra dores para aderezar puentes y otras cosas necesarias. cincuen ta mil hombres 
ixtl_B0	50000	y cincuenta mil	words	person	e cortes con si espanoles, y lo mismo hizo ixtulxuchul^ y eran en todo el ejei cito doscientos mil hombres de guerra, y cincuenta mil labra dores para aderezar puentes y otras cosas necesarias. cincuen ta mil hombres de choleo^ itzocan^ cuauhncjiiuio^ 
ixtl_B0	1000	mil	words	person	cientos mil hombres de guerra, y cincuenta mil labra dores para aderezar puentes y otras cosas necesarias. cincuen ta mil hombres de choleo^ itzocan^ cuauhncjiiuio^ tepeyaoao \ otras partes styetas al reino de texcuco, que caen hacia la par 
ixtl_B0	50000	cincuenta mil	words	person	^ cuauhncjiiuio^ tepeyaoao \ otras partes styetas al reino de texcuco, que caen hacia la par te del mediodia, y otros cincuenta mil hombres de la ciudad ; su provincia, sin ocho mil capitanes que eran vecinos y natu rales de la ciudad de texcuco; otr
ixtl_B0	8000	ocho mil	words	person	ino de texcuco, que caen hacia la par te del mediodia, y otros cincuenta mil hombres de la ciudad ; su provincia, sin ocho mil capitanes que eran vecinos y natu rales de la ciudad de texcuco; otros cincuenta de las proviii cias de otumba, iblant
ixtl_B0	1000	mil	words	person	e caen hacia la parte del norte y son sigetas al rein( de texcuco, que como tengo declarado son por todos doscien tos mil hombres de guerra. asimismo mando juntar ixuilxu chitl todas las canoas ^ que acompanaron parte do ellas los ber ganti
ixtl_B0	1000	mil	words	person	los tlaxcaltecas, huexolzincas y chololtecas, cada se nor con sus vasallos, y hallaronse por todos mas de tresciento, mil hombres de guerra. vista por cortes la multitud de gent< que estaba de su parte, con acuerdo de ldulxuchifl y de todo: 
ixtl_B0	50000	y cincuenta mil	words	other	n en este modo, que mandi cortes a pedro de alvarado fuese a tlacopan con treinta de i caballo, ciento setenta peones y cincuenta mil do otumba^ ta hmtzlnco y otras partos, que mando ixtliivnchitl fuesen cor ellos, y por generales su hermano quauhtuzia
ixtl_B0	16000	diez y seis mil	words	other	axcaltecas. 1 ai\\u ful tan los siguientes palabras que hay en kingsborough: que habia en todo texcuco, y hallaronso diez y seis mil. don fernando de alva ixtulxochitl. 353 a cristobal de olid, que era el otro capitan, le dio treinta y tres espan
ixtl_B0	50000	cincuenta mil	words	person	e dio treinta y tres espanoles de a caballo, ciento ochenta peones, y dos tiros ^ como a los demas referidos, y otros cincuenta mil hombres de tmhcohuac y las demas provincias de la parte del norte, y por general de ellos a tetlahuehucxquititzin^hevm
ixtl_B0	50000	cincuenta mil	words	other	 y la destruyesen, y pusiesen su realen donde mas a gusto les estuviese. asimismo se repartieron entre ellos todos los cincuenta mil labradores para aderezar puentes y desbaratar otras cosas necesarias para el orden de los demas. y cortes tomo para 
ixtl_B0	16000	diez y seis mil	words	person	 los demas. y cortes tomo para si los bergantines y fue por general de la flota, y en su compania ixtlilxicchitl con diez y seis mil canoas, en donde iban cincuenta mil tcxcucanos sus vasallos y los ocho mil capitanes muy valerosos para destruir los la
ixtl_B0	50000	cincuenta mil	words	person	s bergantines y fue por general de la flota, y en su compania ixtlilxicchitl con diez y seis mil canoas, en donde iban cincuenta mil tcxcucanos sus vasallos y los ocho mil capitanes muy valerosos para destruir los laguneros y los del penol. en mexico
ixtl_B0	8000	ocho mil	words	person	 y en su compania ixtlilxicchitl con diez y seis mil canoas, en donde iban cincuenta mil tcxcucanos sus vasallos y los ocho mil capitanes muy valerosos para destruir los laguneros y los del penol. en mexico no se dormia, que lo mismo hacian los r
ixtl_B0	300000	trescientos mil	words	person	ocj cohuanacochtz'in y tdlvpanquczcuzin^ apercibiendo de todo lo necesario y fortaleciendo la ciudad, y juntaron casi trescientos mil hombres en su favor, y enviaron a reprender mucho a ixtlilxuchitl de oslas y otras cosas, porque favorecia a los hijos
ixtl_B0	16000	diez y seis mil	words	other	templos para que los enemigos no ti vieran en donde tornar a meterse. cortos e ixuilxucjiiuy con 1( bergantines y las diez y seis mil canoas en donde iba su eje cito, fueron sobre mexico, y en la primera parle donde tuviere guerra fue sobre el pefiol g
ixtl_B0	500	quinientas	words	other	os bergantines y canoas, les salieron al ei cuentro, que aun no habian salido del penol hasta entonces, adelantaronse quinientas canoas mexicanas, las mejores qu habia para pelear, y reconocer a los enemigos, los cuales com estuviesen cerca de los
ixtl_B0	5000	y cinco mil	words	other	bradores que para este efecto traia ixtlilxuchitl, un pedazo de la calzada para que por alli pasasen cuatro berganunes y cinco mil canoas, para ganar la laguna dulce; y pasados aesta banda en pocas horas acabaron cuantas canoas hallaron en ella, mat
ixtl_B0	8000	ocho mil	words	person	ardar las espaldas de los nuestros, salieron muy de madrugada cortes con mas de doscientos espanoles y ixuuxnchitl con ocho mil hombres de guerra, que ya los enemigos los estaban aguardando muy bien armados y con mucha defensa, porque tenian queb
ixtl_B0	20000	veinte mil	words	person	ada un pedazo de ella, y ahondada de tal manera que ninguno pudiese pasar por la misma. ixuilxuchitl que traia consigo veinte mil hombres para aderezar los caminos y malos pasos, les mando que la hinchieran de piedras y cespedes, y en un momento ad
ixtl_B0	50000	cincuenta mil	words	person	on muy bien este dia y ganaron algunas puentes y albarradas de los enemigos. hiia siguiente llegaronle a ltililvuchui cincuenta mil hombres de socorro, todos acuihuas sus vasallos que se los enviaba su hermano alivcrpicizoctzln} el cual tomo p?ra si tr
ixtl_B0	30000	treinta mil y	words	other	l hombres de socorro, todos acuihuas sus vasallos que se los enviaba su hermano alivcrpicizoctzln} el cual tomo p?ra si treinta mil y envio diez mil a alvarado con los demas que en su favor estaban, cuyo caudillo era quauhtudadzln y otros diez mil a go
ixtl_B0	10000	diez mil	words	other	 todos acuihuas sus vasallos que se los enviaba su hermano alivcrpicizoctzln} el cual tomo p?ra si treinta mil y envio diez mil a alvarado con los demas que en su favor estaban, cuyo caudillo era quauhtudadzln y otros diez mil a gonzalo de sandov
ixtl_B0	10000	diez mil	words	other	reinta mil y envio diez mil a alvarado con los demas que en su favor estaban, cuyo caudillo era quauhtudadzln y otros diez mil a gonzalo de sandoval, que todos estaban con harta necesidad; y asimismo mando a todos los que estaban impedidos o her
ixtl_B0	5000	cinco mil	words	other	s los que estaban impedidos o heridos de las guerras que se volvieran a texcuco para curarse, y fueron por todos hasta cinco mil de ellos. algunos historiadores, especialmente espanoles, escriben que con este ejercito de cincuenta mil hombres vino 
ixtl_B0	50000	cincuenta mil	words	person	 por todos hasta cinco mil de ellos. algunos historiadores, especialmente espanoles, escriben que con este ejercito de cincuenta mil hombres vino ixuuxucmtl por mandado de su hermano tecocotzin, lo cual es muy al reves; porque segun d. alomo axayaea y
ixtl_B0	50000	cincuenta mil	words	person	arse los unos con los otros, que fuera grande estorbo. 364 obras historicas de dos dias despues que llegaron los cincuenta mil hombres d texcuco, vinieron los de xochimiko y otras tierras de nacio otomi a darse a cortes, ofreciendo gente de soco
ixtl_B0	20000	veinte mil	words	other	nuestros, aun(|ue con harto trabajo; se lagana ron, y los siguieron de puente en puente hasta llegar a la plazo y los veinte mil gastadores que traia ixtulxuchitl para este efec to, les mando cegaran estas puentes y aderezaran los malo don ferna
ixtl_B0	20000	y veinte mil	words	other	e pudiesen ir por tres calles que iban hacia la plaza. la una entro el tesorero con setenta espanoles y ocho caballos, y veinte mil de los de ixiluxucmu con muchos gastadores para cegar las acequias y puentes, y derribar casas; y por la otra fue jorg
ixtl_B0	12000	doce mil	words	other	uias y puentes, y derribar casas; y por la otra fue jorge de alvarado y andres de tapia con ochenta espanoles y mas de doce mil amigos que les dio ixtlilxucmu^ dejando a la boca de esta calle dos tiros y ocho de a caballo con algunos amigos; y por
ixtl_B0	8000	y ocho mil	words	person	 calle dos tiros y ocho de a caballo con algunos amigos; y por la otra fueron cortes y ixtluxuchiu con cien espanoles y ocho mil amigos; y puestos todos a punto embistieron con los enemigos todos a un tiempo, e hicieron grandes cosas. ixtulxuchitl a
ixtl_B0	500	quinientos	words	other	nian con ellos, pudiesen poner en cobro sus persona pues eran pocos, y morir uno do ellos hacia falta, mas que fueran quinientos de los suyos; el cual al tiempo que sac( cortes del agua, le dieron una pedrada sobre la oreja izqulen que le descalab
ixtl_B0	1000	mil	words	other	 que iba muy arropado por amor de las heridas, entendio que no le haria ningun mal, le comenzo a deshonrar y a ponerle mil nombres. ixuilxuchitl callo cuanto pudo y mando a ios suyos que lo dejasen para ver lo que hacia, hasta que no le pudo
ixtl_B0	1000	mil	words	person	rto trabajo, porque los enemigos habian cargado sobre 57 como pudieron, llegaron a su real con perdida de mas de ^€ds mil amigos y los cuarenta espanoles que fueron presos, y lvi.ego este dia los sacrificaron en el templo mayor de tlate1 y^c
ixtl_B0	40000	cuarenta mil	words	person	iu envio a rogar a los pu* blos cincunvecinos que les ayudasen, y asi con los de guau nahtmc juntos, que serian hasta cuarenta mil hombres, fuen con andres de tapia sobre mcdinalco; y antes de llegar enco tro con el ejercito de los enemigos: pelearo
ixtl_B0	60000	sesenta mil	words	person	os, cien peones y much( amigos que i.rtlilxuclihl mando fuesen en su favor, que con 1( que habia en tuluca llegaron a sesenta mil hombres. estu> tres dias sandoval por el camino, al cabo de los cuales los 8 canzo a la otra banda del rio cln<'i(iut<
ixtl_B0	2000	dos mil	words	person	un rato hasta qi les hicieron huir y retirarse a su ciudad que estaba mas ded leguas, y en la retirada mataron mas de dos mil. llegados mctlinaico, la cercaron, y los vecinos se defendieron en el ii terin que sus mujeres se iban a un cerro alt
ixtl_B0	100000	cien mil	words	other	sus coas para este efecto con toda brevedad; y asi cuatro dias despues que sandoval estaba en mexico, llegaron mas de cien mil de ellos, y teniendolos a todos juntos, y despues de haber apercibido a los mexicanos que se diesen de paz, los cuales 
ixtl_B0	2000	dos mil,	words	other	odo lo roforido, acordcj cortes do hacer uni boscada, en la cual mataron mas do soisciontos mexicai prendieron mis de dos mil, con quo do todo punto los i canos cobraron grandisinio toinor a los nuostros; y les { ron otras muchas casas y un tomp
ixtl_B0	40000	cuarenta mil	words	person	a que avisasen a la hora que ellos salian; y cortes tomo hasta cien espanoles y quince de a caballo, y mumdiitl hasta cuarenta mil hombres; y avisados de las espfas una madrugada, dieron sobre los desventurados mexicanos; y como estaban desarmados, ma
ixtl_B0	1000	mil	words	person	avisados de las espfas una madrugada, dieron sobre los desventurados mexicanos; y como estaban desarmados, mataron casi mil de ellos, j otros muchos prendieron; y lo mismo hicieron los bergantines y canoas. los guardas de la ciudad, aunque hic
ixtl_B0	1000	mil	words	other	v to por cortes y ixuilxuchul, enviaron a decir a alvarado huehuezquitzin^ que combatiesen un barrio muy fuerte < de mil casas que estaba por ganar, y que ellos les ayude asi dieron sobre este barrio, y los vecinos pelearon muy 1 grandisim
ixtl_B0	13000	trece mil	words	person	on muy 1 grandisimo rato; y no pudiendo sufrir la furia de los ni huyeron y desampararon sus casas, y mataron mas de trece mil hombres. este dia casi no pelearon los espai no fue al principio; mas luego se retiraron a un cabo, vieron mirando a l
ixtl_B0	50000	cincuenta mil	words	person	n poca resistencia entraron hasta lo mas fuerte que tenian los mexicanos para su defensa, que fueron muertos y presos cincuenta mil hombres. hicieronse este dia unas de las mayores crueldades sobre los desventurados mexicanos que se han hecho en esta 
ixtl_B0	60000	sesenta mil	words	person	rre alta, y les dijo a voces que se rindieran, pues ya taba en poder de los enemigos. la gente de guerra, que s hasta sesenta mil de ellos, los que habian quedado de los t cientos mil que eran de la parte de mexico, viendo a su dejaron las armas, y
ixtl_B0	1000	mil	words	other	 poder de los enemigos. la gente de guerra, que s hasta sesenta mil de ellos, los que habian quedado de los t cientos mil que eran de la parte de mexico, viendo a su dejaron las armas, y la gente mas ilustre llego a consolar rey.^ ixtluxucl
ixtl_B0	300000	trescientos mil	words	person	alco, o sea un fondeadero por donde tai 80 embarco el rey neztihunlcoyau y el rey ixcoatl de mexico, cuando a beza de trescientos mil toxcocanos y mexicanos, marcharon a destruir el rio de los tecpanecas, y con el al tirano mnxtla. todavia existen mucho
ixtl_B0	30000	treinta mil	words	person	nte la de d, alonso axayaca, o^^enta dias cabalmente. murieron de la parte de lamilxuchiu y^ reino de texcuco, mas de treinta mil hombres, demas de c3.406cientos mil que fueron de la parte de los espanoles, como se ha visto: de los mexicanos murier
ixtl_B0	1000	mil	words	person	"balmente. murieron de la parte de lamilxuchiu y^ reino de texcuco, mas de treinta mil hombres, demas de c3.406cientos mil que fueron de la parte de los espanoles, como se ha visto: de los mexicanos murieron mas de doscientos ""carenta mil, y"
ixtl_B0	1000	mil, y	words	person	"s mil que fueron de la parte de los espanoles, como se ha visto: de los mexicanos murieron mas de doscientos ""carenta mil, y entre ellos casi toda la nobleza mexicana, pues apenas quedaron algunos senores y caballeros, y los mas y de poca edad"
ixtl_B0	2000	dos mil	words	other	 unas casas y palacios muy grandes con los mexicanos que tn jo de mexico y el prendio personalmente, que eran obra d dos mil de ellos, en el sitio que llaman tvrpupac^^ que su padr le dio siendo nino, en donde se crio; y mando a todos sus va s
ixtl_B0	1000	mil	words	person	 xicanos y los de su parte el pesame de sus trabajos y pers cucion. vino a esta embajada el hermano del rey con mas i mil hombres en su compania. todos se holgaron de esta en bajada y paces con ifichuacanj como que fue de mucha cons deracio
ixtl_B0	5000	cinco mil	words	other	e muy belices envio cortes a cristobal de olid con cien espanoles de a p y cuarenta de a caballo, y ixuilxucmu mas de cinco mil hou bres para su servicio y ayuda. llegados a iridniacan^ en ciudad de chiuzizilan,^ que era la corte y cabecera de es
ixtl_B0	30000	treinta mil	words	person	 huahxco^ y otras partes con doscientos elspanoles a pie y treinta y cinco de a caballo; ixuuxuchitl envio con ellos treinta mil hombres de guerra, y por capitanes a ciertos hermanos suyos, y alpinos senores y soldados viejos, deudos y vasallos; y 
ixtl_B0	2000	y dos mil	words	other	vor del senor de teniuntrjx'/* y los demas qx eran do nuestra parte con doscientos espanoles y cuarenta < a ciihallo, y dos mil honibn's <lo gut^rra (|uc envio jxfulxuch con olios. fuoron (mi oi ano do 1522, y tardaron un mes en camino j)or ¡innx
ixtl_B0	5000	cinco mil	words	other	hijo suyo, los cuales viene que estaban casi presos, y quo les ontondioron la traicion, rescataron en mas de veinte v cinco mil castellanos de o: poblaron esta ciudad y provincia, y. enviaron a requerirle a don fernando de alya ixtlilxochitl. 3
ixtl_B0	16000	diez y seis mil	words	person	vio luego a gonzalo de sandoval con sesenta peones y veinte y cinco de a caballo, e ixtluxuchiu mando fuesen con ellos diez y seis mil hombres de guerra, y que vengase y castigase a los de coliman, y tambien a los de impiltzincoy qoe hacian guerras a su
ixtl_B0	1000	mil	words	person	 el interin que sucedian las cosas referidas, ar daba ocupado en la reedificacion de mexico con mas de cui trocientos mil hombres, asi oficiales, como carpinteros, y alb£ niles y peones, y vivia en tlatelulco, en donde despachaba si capitan
ixtl_B0	100000	cien mil	words	other	 los suyos, para memoria en k tiempos venideros de esta insigne victoria que tuvieron conli mexico. labraronse mas de cien mil casas, mejores que 1¡ que solia haber, y mas de cuarenta mil casas mas do las qi antes habia. y asimismo ixiluxacinu l
ixtl_B0	40000	cuarenta mil	words	other	nsigne victoria que tuvieron conli mexico. labraronse mas de cien mil casas, mejores que 1¡ que solia haber, y mas de cuarenta mil casas mas do las qi antes habia. y asimismo ixiluxacinu labro ciertas casas, y c pole en la reparticion a tlatelulco, 
ixtl_B0	40000	cuarenta mil	words	person	gravios a los nuestros. tomo cortes trescientos espa les de a pie y ciento cincuenta de a caballo, y ixttuxu mas de cuarenta mil aculhuas y algunos mexicanos. llego a aipuochtiilan^ donde le salieron al encuentro los enemigo en un campo raso y l
ixtl_B0	1000	mil	words	person	campo raso y llano tuvieron una cruel batalla, y mu ron de los de ixtlilxuchiu^ como eran los primeros, mas de t co mil de ellos, y de los enemigos tres tantos mas; fue; heridos cincuenta espanoles, y estuvieron aqui cuatro dias d cansa
ixtl_B0	20000	veinte mil	words	person	saron con ellas a la otra parte del rio, cortes con.cien personas y cuarenta de a caballo, y ixtlilxuchitl con luista veinte mil hombres; y como fuese amaneciendo fueron tiste por los enemigos, y cargaron tanto sobre ellos que por poco fueran venc
ixtl_B0	10000	diez mil	words	other	cieron a los enemigos, y seguidos mas de una legua, en donde murieron grandisima suma de ellos, aunque fueron heridos diez mil de los de ixflilxuchiti. durmieron aquella noche los nuestros en un pueblo despoblado sin gente, y en los templos se ha
ixtl_B0	30000	treinta mil	words	person	ntos pueblos sujetos a la ciudad de texcuco, y asi les fue forzoso ir sobre ellos a cortes y iartfha?»chltl con mas de treinta mil hombres de guerra. pelearon con ellos, y ixtulxuohlu prendio por sus propias manos al general y al senor de tototcpco^
ixtl_B0	15000	quince mil	words	person	iu socorro de gonle y al rey ciuinhtcniocy el cual y sus vasallos ha])ian convalecido, y cada uno de ellos dio mas de quince mil hombres de guerra con gonzalo de sandoval, y cincuenta de a caballo y cien de a pie, y los enviaron a panuco^ yendo por
ixtl_B0	20000	veinte mil	words	person	 que fuesen con alfarado a sujetarlos. cuauhtanoc y ixtlilxuchitl, que ya tenian apercibidos a sus vasallos, juntaron veinte mil hombres de guerra, y inuy expertos en la malicia y tierras de la costa, enviando ^^^ uno de ellos su general con diez m
ixtl_B0	10000	diez mil	words	person	e mil hombres de guerra, y inuy expertos en la malicia y tierras de la costa, enviando ^^^ uno de ellos su general con diez mil hombres de guerra, ios cuales fueron con alvarado, y llevaba mas de trescientos espafioles. salieron de mexico a 6 de 
ixtl_B0	4000	cuatro mil	words	other	rabego; el segunc una cuesta muy alta y aspera, que tenia mas de cinco legoas; en un reventon de esta hallaron mas de cuatro mil enemip y pelearon con ellos hasta desbaratarlos; y mas adelante, € un llano, hallo mas de treinta mil de ellos, y pele
ixtl_B0	30000	treinta mil	words	other	 hallaron mas de cuatro mil enemip y pelearon con ellos hasta desbaratarlos; y mas adelante, € un llano, hallo mas de treinta mil de ellos, y pelearon y k desbarataron; y mas adelante fueron a ciertas fuentes y tonw ron a pelear con los mismos; mas
ixtl_B0	4000	cuatro mil	words	person	y los generales de texcuco y mexico enviaron ¿ cmuhiemalan a pedir socorro al senor de alli, el cual les envio mas de cuatro mil hombres de guerra, con los cuales pelearon con sus enemigos; y dieronles tanta prisa, que los sujetaron, y los ciudadan
ixtl_B0	7000	siete mil	words	person	 entrada de este osar. visto por los nuestros que era mucha la ventaja de los »0einigos, y que no habia mas que hasta siete mil mexicanos f ^texcucanos, porque los demas, unos eran muertos, y otros i^yiedaban en cicauhtemalan indispuestos de los 
ixtl_B0	1000	mil	words	person	abajos pasa3.^ y alvarado no llevaba mas de doscientos cincuenta es•panoles de a pie y cien de a caballo, y otros pocos mil mas de ckauumalany ^ pasaron por un lado del ejercito de los enemigos; y como los vieron a la otra parte, embistieron c
ixtl_B0	10000	diez mil	words	person	s generales deudos de xiu'hifi y cnauhtnnoe^ uno do los acuilmas y otro de los ] ciuios y tepanecas; ciuhi general con diez mil hombre guerra. fueron derechos a la villa del espiritu santo, juntaronse mas espanoles. hicieron ciertas entradas, ent
ixtl_B0	20000	veinte mil	words	person	si envio cortes a rodrigo ruigel que es el mismo que fue la primera vez con ciento cineoenta espanoles, y ixtluxuchitl veinte mil hombres de guerra en su compania, y un hermano suyo por general; y de camino se juntaron con los de tlaxcalan^ que env
ixtl_B0	6000	seis mil	words	person	 su compania, y un hermano suyo por general; y de camino se juntaron con los de tlaxcalan^ que enviaron otros cinco o seis mil hombres en su favor. llegados a estas provincias les requirieron con la paz una y muchas veces, y viendo que no se que
ixtl_B0	400	cuatrocientas	words	other	 y con esto quedo todo el imperio de las tres cabeceras tezcuco, mexico y tlacopan sujeto, que corria lo mas de ellas cuatrocientas leguas a la redonda de esta laguna grande de texcuco, hasta las costas de la mar del sur y norte, como se ha visto. ot
ixtl_B0	1000	mil	words	other	camino ciertas provincias que estaban rebeladas po: causa de los espanoles, que les robaban sus haciendas y le hacian mil molestias. salido que fue de mexico cortes, de alli a pocos dias los ga bernadores espanoles que dejo en su lugar, ll
ixtl_B0	1000	mil	words	other	ierno, de tal manera que todos los espa noles estaban encontrados los unos con los otros, y los natu rales les hacian mil molestias, de tal manera que se alzaran mataran a cuantos espanoles habia dentro de la ciudad, si n fuera por amor de 
ixtl_B0	1000	mil	words	other	a perderse, porque si de antes iiacian mal a los naturales, ahora fue peor con estas revueltas, pues que les inferian mil agravios y se tragaban sus hanaturales de huaxacac, zihuauan y otras partes, recibian hartas pesadumbres de los espanol
ixtl_B0	1000	mil	words	other	 pasaron otro muy ^^^de que fue necesario hacer una puente de madera que tuanco. 408 obras historicas de yo casi mil varas ^ de ancho que estaba muy cerca de la ma. trabajaron aqui muy bien los naturales que fueron los que b cieron est
ixtl_B0	500	quinientos	words	other	as lo querian para los caba lios que no para el ejercito. al rabo de los tres dias, dieroi sobre un eslero d(^ mas de quinientos pasos de ancho y d hondo al^'unas seis brazas; y romo no tenian canoas para pa sar a la otra banda, tuvieron grandisim
ixtl_B0	1000	mil	words	other	ia nos entregaron a manos de estos extranjeros, para padecerlos largos y asperos caminos, las hambres y frios y otras mil cahr midades que padecemos, desposeidos de nuestros reinos y senorios, y olvidados de nuestra regalada patria, como si 
ixtl_B0	1000	mil	words	person	utcan, en donde hallarian harto bastimento y todo lo sario; pero que estaba a la otra banda de el. ixtluxuchiu mas de mil aculhuas sus vasallos con algunos espanolea que de alla trajesen bastimento, los cuales fueron y pro ron al ejercito m
ixtl_B0	1000	mil	words	person	ortes, y para que los llamaban. decianles que les perdonase que no osaban venir porque los espanoles les habian hecho mil insolencias, y venian a robar hombres que los llevaban forzadamente en sus navios. ixililxhchitl por lengua do marina 
ixtl_B0	562	quinientos sesenta y dos	words	other	 ser de mi hiitorin. don fernando de alva ixtlilxochitl. 433 porque en el se acabo la monarquia tulteca que duro quinientos sesenta y dos anos, y lo mismo ha sucedido en ixuilmdutl que se acabo en su muerte el imperio chichimeca meridional, que duro otro ta
ixtl_B0	5000	cinco mil	words	person	 lo que tengo en historias. dicen que el mejor ejercito que se saco de texcuco para las partes referidas era de mas de cinco mil soldados, los cuales ixtulxuchiti siempre proveia de todo lo necesario, asi de sustento como de vestuario, de armas y d
ixtl_B0	1000	mil	words	other	chitl y de los d(imas sus deudos, gastado todos los tributos de todo ol tiempo que se ocupo ei las ibuems^ causando mil vejaciones a los naturales, haciende casas a los espanoles dentro do la ciudad do mexico, dandoles solaros do los qu
ixtl_B0	1000	mil	words	person	y bien lo sabian, hasta ver en que paraban estas cosas. los caballeros y gente ilustre todos los dias venian a el con mil quejas, diciendole que les hacian tributar, y los enviaban a servir a los espanoles, especialmente jue^r^qmni^ que era
ixtl_B0	1000	mil	words	person	lisco a xochipilan^ fue con el i antonio, que al presente era senor de la provincia de texcuci y llevo conmigo cmitro mil hombres de guerra en favor de k espanoles y servicio de s. m., donde murieron muchos d ellos, de manera que desde que 
ixtl_B0	1000	mil y	words	other	rcero, los de mamalihuazco, ue iztacmul^ el cuarto,^ los de tcpecica^ ifiztecapan^ itapote^^^^jmin y otros. de iztac mil y teepa, quinto y sexto de los mismos, todos *^s matzahuas^ matlauzincas, maunalcas y otras muchas provinde los otros sei
ixtl_B0	600	seiscientos	words	other	n tula. muerto su primero y antiguo senor huctzalin, eligieron pai'st su sucesor a accuonale^ y dicen que aquel vivio seiscientos 2f tantas anos, cosa increible,' y ^que los trajo guiando hasta llea tula. (el orden de sucesion de sus senores fue como
ixtl_B0	1000	mil	words	other	 esta relacion he sacado excelentisimo senor de los libros que estoy escribiendo de cosas de la tierra, de mas de d— mil anos a esta parte, segun esta en la orir/inal hidoria de w senores de esta tierra conforme lo he interpretado y los v¡ 
ixtl_B0	1000	mil	words	other	sabio. (jiiiimi le sucederia en el reyno, y luego se (lesnpareciu la vision, y entrando con recalo a ver al ri^y i)or (mil(mni;'r([u«m\star!a durmiendo, le hallo estaba 1 c^uo una cautiva natural dt» tfxcuc) u:ui inxln' ins <;>capo y trajo
ixtl_B0	1700	mil setecientos	words	other	e esta historia se ha copiado literalmente de un ejemplar que fue d. mariano veytia. mexico, veintidos de noviembre de mil setecientos nonta y dos. — fr. francisco garcia figueroa, por \mm rmiodm ezpaetu* en lu noitn del primer tomo, puede dadarm de qae
ixtl_B0	1000000	un millon, y	words-millon	other	historias haber tenido ningun principe ^e los mas poderosos que hubo antes ni despues en este nue^o mundo: era mas de un millon, y las tierras que poblo este gri^aaii ejercito en su primor asiento fueron todas las que caen d^ la parte do adentro de 
ixtl_B0	1064	mil y sesenta y cuatro	words	other	 armas los matasen. todo lo cual puso por obra tochintecuhtli, y se puso en el puesto de huexutla el ano siguiente de mil y sesenta y cuatro que llaman ce tecpatl. ^ el principe quinatzin paso su corte, y morada a oztocticpac, que es en tetzcuco y dio princip
ixtl_B0	1000	mil	words	other	io), s^f^ a ciertos campos en donde tenian acorraladas cantidad de acras de todo gonero, con quienes peleaban y hacian mil genial lezas, y despues de haber matado y despedazado, corrido, s^^ tado, y flechadose unos a otros, y hecho otras cos
ixtl_B0	550	doscientos y cincuenta y trescientos	words	other	 llamado ten despues de haber reinado muchos anos; porque segur historia parece, estos senores chichimecas y acuihua doscientos y cincuenta y trescientos anos, ^ lo cual vino en sus descendientes, despues que se dieron a los re| las comidas, y a los deleites y comunicacio
ixtl_B0	1414	mil cuatrocientos y catorce	words	other	a, en donde se determinaron uu guerrcu que htuto entre jxuuzochiu y tezotomoo sobre el imperio. el ano siguiente de mil cuatrocientos y catorce de la encarnacion de cristo nuestro senor que llaman matlactliomey tochtli, hizo cortes y junta ixtlilxochitl de los sen
ixtl_B0	1420	mil cuatrocientos y veinte	words	other	entes alpcurimonio del imperio de los chichimeecu, y otras cosas que hizo y del sueno que sono. el ano siguiente de mil cuatrocientos y veinte de la encarnacion de cristo nuestro senor llamado chicuacen tecpatl, dos despues de la muerte del infeliz ixtlilxochitl
ixtl_B0	427	cuatrocientos y veinte y siete	words	other	tl, y otros tantos de su primero mes llamado tlazacipenaliztli, ^ y en dia de cycozca quauhtli,^ que es el ano de tbil cuatrocientos y veinte y siete de la encarnacion de cristo nuestro senor, a los veinte y cuatro de marzo, fallecio tezozomoc en la ciudad de azcaputza
ixtl_B0	1400	mil cuatrocientos y	words	other	^ que es a los cinco dia de su octavo mes llamado micailhuitzintli, a once dias an mes de agosto del ano del senor de mil cuatrocientos y yeii tisiete. 1 esto pasaje confirma la nota puesta ul fin do la 11? uclaoion de lo« seft roii chichiinoiras, tomo i
ixtl_B0	431	cuatrocientos treinta y uno	words	other	s que habia saqueado y castigado su reino de -a.oolhuacan, y hecho las demas cosas referidas, cuando en el lo de rail cuatrocientos treinta y uno de la encarnacion de nuestro senor que llaman nahui acatl, le parecio ser tiempo que fuese jurado y recibido con la so
ixtl_B0	400000	cuatrocientas mil,	words	other	educidos a fanegas montan treinta y una fanegas y tros almudes; otros tros tlacopintlis de frijoles, y tortillas hechas cuatrocientas mil, do cacao cuatro xiquipiles que montan treinta y dos mil cacaos, cien gallos, veinte panes de sal, veinte costones do c
ixtl_B0	32000	treinta y dos mil	words	other	udes; otros tros tlacopintlis de frijoles, y tortillas hechas cuatrocientas mil, do cacao cuatro xiquipiles que montan treinta y dos mil cacaos, cien gallos, veinte panes de sal, veinte costones do chile ancho y otros veinte de chile menudo, diez do tomate
ixtl_B0	400	cuatrocientas	words	other	"nio pimentel descendiente de nezahualcoyotzin. (nota de tcrnaux). 170 obras historicas de y pueblos, que contenian cuatrocientas medidas de largo y (ie ancho ni mas ni menos, que se llamaba por una parte tlatc?"" catlali o tlatocamili, que quiere d"
ixtl_B0	200000	doscientas mil	words	person	 estas. 2 debe ser saque. 174 obras historicas de con todos sus llamamientos, en donde andaban ocupadas tnafi de doscientas mil personas cada dia. los obreros mayores, qa^ eran de estas casas, fueron xilomantzin senor de culhuacan ^ y moquihuitzi
ixtl_B0	411	cuatrocientas y once	words	other	la asisli^^ el rey nezahuulcoyotzin personalmente. ^ tenian las casas d^^ longitud que corrian de oriente a poniente, cuatrocientas y once medidas y media, que reducidas a nuestra medida, hacen mil doscientas treinta y cuatro varas y media, y de latitud que 
ixtl_B0	1234	mil doscientas treinta y cuatro	words	other	ongitud que corrian de oriente a poniente, cuatrocientas y once medidas y media, que reducidas a nuestra medida, hacen mil doscientas treinta y cuatro varas y media, y de latitud que es de norte a sur, trescientas veintiseis medidas que hacen novecientas y setenta y och
ixtl_B0	978	novecientas y setenta y ocho	words	other	oscientas treinta y cuatro varas y media, y de latitud que es de norte a sur, trescientas veintiseis medidas que hacen novecientas y setenta y ocho varas: ^ por la cuadra que caia hacia la parte del sur y oriente era la cerca de una pared muy 1 £1 mapa quinatzin no
ixtl_B0	2000	dos mil	words	other	 muchas fuentes de agua, estanques y acequias con mucho pescado, y aves de volateria, lo cual estaba cercado de mas de dos mil sabinos, que hoy esta la mayor parte de ellos en pie; y asimismo habia en estos jardines otros muchos laberintos, que 
ixtl_B0	500	quinientos	words	person	185 le del poniente; y por delante de este templo habia un patio prolongado de norte a sur en donde cabian muy bien quinientos hombres, y en medio de las puertas de las dos cnpillas estaba una piedra tumbada que llamaban techcatl, en donde rific
ixtl_B0	400	cuatrocientas	words	other	 todos eran a este talle; unos tenian dos, tres y mas capillas, y sugunos que no tenian mas de solo una: habia mas de cuatrocientas salas y aposentos en donde estaban estos templos, para las viviendas de los sacerdotes y ministros del templo, y en don
ixtl_B0	4300	cuatro mil y trescientos	words	other	otzin con la cabecera de quauhnahuac nueve pueblos. ai c^ue puso por mayordomo de la cobranza de los tributos, sac^s^ cuatro mil y trescientos fardos de mantas ricas, pafietes y ikr^iepiles que montan por todo ochenta y seis mil mantas, hu^sf»les, enaguas y pafie
ixtl_B0	86000	ochenta y seis mil	words	other	za de los tributos, sac^s^ cuatro mil y trescientos fardos de mantas ricas, pafietes y ikr^iepiles que montan por todo ochenta y seis mil mantas, hu^sf»les, enaguas y pafietes; ^ y cierta cantidad de preseas de oro» pe^ dreria y plumeria en cada un afio, si
ixtl_B0	1800	mil y ochocientos	words	other	 se ataba a la cintura; y lu enagua era el cueitl. don fernando de alva ixtulxochitl. 197 cada un ano de tributos mil y ochocientos fardos de mantas de las ricas betadas ^ de todos colores, que servian para en lizar las salas y cuartos del rey, como 
ixtl_B0	400	cuatrocientas	words	other	fardos de las mas delicadas y primas de a itro brazas, que las unas y las otras venian a ser cuarenta piezas, sin mas cuatrocientas petacas y cuatrocientos peos de venado, cien venados vivos, cien cargas de chile y 1 cargas de pepitas, cien papagayos 
ixtl_B0	400	y cuatrocientos	words	other	cadas y primas de a itro brazas, que las unas y las otras venian a ser cuarenta piezas, sin mas cuatrocientas petacas y cuatrocientos peos de venado, cien venados vivos, cien cargas de chile y 1 cargas de pepitas, cien papagayos grandes, cuarenta coss d
ixtl_B0	4000	cuatro mil,	words	other	 y otros cuarenta ales de plumeria de aves de diferentes colores, sin mas cientos fardos de panetes, que venian a ser cuatro mil, con amas y criadas necesarias para el servicio de palacio. en ran provincia de tochpan puso por su mayordomo a huei, q
ixtl_B0	1580	mil quinientos y ochenta	words	other	ran provincia de tochpan puso por su mayordomo a huei, que cobraba en cada un ano de las mantas del genero s referido, mil quinientos y ochenta fardos, y mas veinti;o mantas y huepiles, sin mas cuatrocientos fardos, y mas ; mantas del ilacatziuhqui ^ de a ocho br
ixtl_B0	400	cuatrocientos	words	other	un ano de las mantas del genero s referido, mil quinientos y ochenta fardos, y mas veinti;o mantas y huepiles, sin mas cuatrocientos fardos, y mas ; mantas del ilacatziuhqui ^ de a ocho brazas, y otros tantos los de mantas del ilacatziuhqui delgado de
ixtl_B0	47600	cuarenta y siete mil seiscientas	words	other	 ^ de a ocho brazas, y otros tantos los de mantas del ilacatziuhqui delgado de a cuatro brazas, por todo venian a ser cuarenta y siete mil seiscientas cuata y cinco mantas, enaguas y huepiles, piezas de ilacatziuhy panetes, sin mas las amas de palacio y criadas que eran 
ixtl_B0	400	cuatrocientas	words	other	ento y veinte piezas: igualmente le sembraban y cultivaban en cada un ano unasementera de cacao, que tenia de longitud cuatrocientas medidas y de latitud doscientas, sin mas treinta y tres cargas de cacao que se cobraban de tributo, dos mil pelotas de 
ixtl_B0	2000	dos mil	words	other	itud cuatrocientas medidas y de latitud doscientas, sin mas treinta y tres cargas de cacao que se cobraban de tributo, dos mil pelotas de hule y cuatrocientos panos de grana, sin mas muchas piezas de plumeria, como eran rodelas, penachos y otras 
ixtl_B0	400	y cuatrocientos	words	other	as y de latitud doscientas, sin mas treinta y tres cargas de cacao que se cobraban de tributo, dos mil pelotas de hule y cuatrocientos panos de grana, sin mas muchas piezas de plumeria, como eran rodelas, penachos y otras divisas que los reyes usaban cuan
ixtl_B0	400	y cuatrocientas	words	other	 uno de los catorce grandes del reino, todavia quedo obligado a dar en cada un ano de tributo sesenta fardos de mantas y cuatrocientas medidas de frijol, que son quinientas fanegas; y asimismo estuvo a su cargo el tener cuenta de plantar arboledas en los
ixtl_B0	500	quinientas	words	other	ia quedo obligado a dar en cada un ano de tributo sesenta fardos de mantas y cuatrocientas medidas de frijol, que son quinientas fanegas; y asimismo estuvo a su cargo el tener cuenta de plantar arboledas en los jardines y bosques; y nombro por mayo
ixtl_B0	1000	mil	words	other	y hay en la nueva espana, segun parece por los padrones reales de aquellos tiempos), como las cosas de esta vida tienen mil mudanzas y nunca faltan calamidades (como las que en esta sazon contienen y fueron las primeras), en el ano de mil cua
ixtl_B0	1454	mil cuatrocientos cincuenta y cuatro	words	person	amidades, e igualmente los eclipses de sol. vease el codice telleriano remensc. t t gente, y en el siguiente de mil cuatrocientos cincuenta y cuatro a los principios de el hubo un ecupse muy grande de sol, y tueg'u se aumento mas la enfermedad, y moria tanta gente qu
ixtl_B0	1465	mil cuatrocientos sesenta y cinco	words	other	mes ido atemoztli y en su ano llamado matlactlionce tecpatl, conforme a nuestra cuenta fue a primero de enero del le mil cuatrocientos sesenta y cinco ^ de la encarnacion de o nuestro senor, y este mismo ano (que fue el siguiente s naturales que llaman matlactliomome c
ixtl_B0	1469	mil cuatrocientos sesenta y nueve,	words	other	aban la hambre que tenia:^^^ habiendose ocupado los chalcas casi en esto cuatro anos ^^^-j,, cgsivos, el siguiente de mil cuatrocientos sesenta y nueve, ^^ si alos ultimos del que llaman yeicalli, murio el gran motec-^^^jj_ zomatzin ilhuieamina en su ciudad de mexico, y 
ixtl_B0	1000	mil	words	person	tiva ^-^'o tlilcuezpali con otros muchos capitanes de su valia. fueror ^zzjon de los contrarios cautivos mas de doci* mil personas, y de lo^n^ ,os del imperio no llegaron a mil los que en estas batallas muriciz^ ilcron. el rey axayacatzin qu
ixtl_B0	1000	mil	words	person	u valia. fueror ^zzjon de los contrarios cautivos mas de doci* mil personas, y de lo^n^ ,os del imperio no llegaron a mil los que en estas batallas muriciz^ ilcron. el rey axayacatzin quedo lisiado de la pierna, aunque saru i==iano de las her
ixtl_B0	5607	e y cinco mil seiscientas y siete	words	other	ustas de lo propio, y cuarenta fardos y mas siete mantas de la que servian de sobrecamas, que por todas venian a ser ;e y cinco mil seiscientas y siete mantas, sin las preseas de s de oro, aderezos y divisas de plumeria fina^ y en cada so y en cada lugar una sementera d
ixtl_B0	1000	mil	words	other	otiarit oxioiicpac y otras provincias de la costa del mar del norte, al rey nezahualpiltzintli cada dia se le hacian mil anos por lir a batalla y probar su ventura, y como su tierna edad no ie ayudaba, se afligia mucho; y asi demas de curs
ixtl_B0	31600	treinta y un mil y seiscientas	words	other	s y allegados. de ordinario en palacio se gasta- ^ han en cada un afio (scgiin. parece por los padrones reales), ^^^ treinta y un mil y seiscientas fanegas de niidz, doscientas cua- — ^ renta y tres cargas de cacao, ocho mil giillos, cinco mil fan^as ^^ de chile anc
ixtl_B0	8000	ocho mil	words	other	rones reales), ^^^ treinta y un mil y seiscientas fanegas de niidz, doscientas cua- — ^ renta y tres cargas de cacao, ocho mil giillos, cinco mil fan^as ^^ de chile ancho y delgado y pepitas, y dos mil medidas de sa!; ; j-^| y para el vestuario,
ixtl_B0	5000	cinco mil	words	other	 treinta y un mil y seiscientas fanegas de niidz, doscientas cua- — ^ renta y tres cargas de cacao, ocho mil giillos, cinco mil fan^as ^^ de chile ancho y delgado y pepitas, y dos mil medidas de sa!; ; j-^| y para el vestuario, asi para el rey co
ixtl_B0	2000	y dos mil	words	other	ntas cua- — ^ renta y tres cargas de cacao, ocho mil giillos, cinco mil fan^as ^^ de chile ancho y delgado y pepitas, y dos mil medidas de sa!; ; j-^| y para el vestuario, asi para el rey como todos los dt'mas caba — .r^¿. ileros que asistian en 
ixtl_B0	574010	quinientas setenta y cuatro mil y diez	words	person	ey como todos los dt'mas caba — .r^¿. ileros que asistian en su casa y corte y para la demas gente re — -^^g. ferida, quinientas setenta y cuatro mil y diez mantas, quo io — wr-^y. das las mas eran flnisimas y de precio. esto era de las renta^,^^^ que el rey tenia en las pro
ixtl_B0	5000	cinco mil	words	other	idad de maiz y otras semillas que se gufc ^¡j. daban para los anos esteriles, y en cada una de ellas cat>^ ^ cuatro o cinco mil fanegas, y estaban con tanto orden y c^^^q. cierto, que por todas partes el aire las cogia, con que las secr^uj. iks d
ixtl_B0	2000	dos mil	words	other	i y los hifos que tuvo en ella y en las demas. por las historias parece haber tenido el rey nezahualpiltzinui mas de dos mil concubinas, aunque con las que el trato familiarmente y tuvo hijos en ellas, fueron cuarenta con la reina, de las cuales
ixtl_B0	100000	cien mil	words	person	s de don fernando de alva ixtlilxochilt. muy grandes y ricos despojos, y de muy gran suma de cautivos que fueron casi cien mil hombres, y de la parte del imperio no pasaron de siete mil los que en estas conquistas murieron. antes de venirse dejaro
ixtl_B0	7000	siete mil	words	person	icos despojos, y de muy gran suma de cautivos que fueron casi cien mil hombres, y de la parte del imperio no pasaron de siete mil los que en estas conquistas murieron. antes de venirse dejaron gente de guarnicion en las mas fuertes ciudades y cabece
ixtl_B0	1000	mil	words	other	ldes dejando bien proveidos de gente los presidios y fortale- — ., zas, trajo demas de los despojos mas de veinticinco mil cautivos. _ ^. igualmente el rey nezahualpiltzintli casi por estos tiempos hi — sjlzo una entrada contra los de atlixco
ixtl_B0	487	cuatrocientos ochenta y siete	words	other	ucuzinf segundo de este nombre, y de otros jencres. al tercero ano del reinado de ahuitzotzin (que fue en el de xm\ cuatrocientos ochenta y siete que llaman chiquey acatl) :se acabo el templo mayor de huitzilopochtli idolo principal de ta nacion mexicana, que fue 
ixtl_B0	80400	ochenta mil y cuatrocientos	words	person	taron con los que el rey de mexico tenia de solas cuatro naciones que fueron cautivas en las guerras atras referidas, ochenta mil y cuatrocientos hombres en este modo: de la nacion tzapoteca diez y seis mil, de los tlapanecas veinticuatro mil, de los huexotzincas y
ixtl_B0	16000	diez y seis mil,	words	person	ron cautivas en las guerras atras referidas, ochenta mil y cuatrocientos hombres en este modo: de la nacion tzapoteca diez y seis mil, de los tlapanecas veinticuatro mil, de los huexotzincas y allixcas otros diez y seis mil, de los de tizauhcoac veintiir
ixtl_B0	1000	mil,	words	other	henta mil y cuatrocientos hombres en este modo: de la nacion tzapoteca diez y seis mil, de los tlapanecas veinticuatro mil, de los huexotzincas y allixcas otros diez y seis mil, de los de tizauhcoac veintiiruatro mil y cuatrocientos, que viene
ixtl_B0	16000	diez y seis mil,	words	other	modo: de la nacion tzapoteca diez y seis mil, de los tlapanecas veinticuatro mil, de los huexotzincas y allixcas otros diez y seis mil, de los de tizauhcoac veintiiruatro mil y cuatrocientos, que vienen a montar el numero referido; todos los cuales fueron 
ixtl_B0	1400	mil y cuatrocientos,	words	other	 tlapanecas veinticuatro mil, de los huexotzincas y allixcas otros diez y seis mil, de los de tizauhcoac veintiiruatro mil y cuatrocientos, que vienen a montar el numero referido; todos los cuales fueron sacrificados ante este estatuario del demonio, y las cab
ixtl_B0	100000	cien mil	words	person	.xochitl. iras de menos cuantia que despufe en el discurso del ano fue ron sacrifirados, que vinieron a ser mas de cien mil hombres y asi los autores que exceden en el numero, se entiende coic:-^;:^ los que despues se sacrificaron. fuo ttn gra
ixtl_B0	2000	dos mil	words	person	cios con grande aparato y servicio de gente como hija de tan gran senor como lo era el rey su padre, y asi pasaban de dos mil personas las que trajo consigo para su servicio, de amas, criadas, pajes y otros sirvientes y criados; y aunque nina er
ixtl_B0	1000	mil	words	person	endose sola en sus cuartos y que sus gentes la tenian y respetaban por la gravedad de su per-. sona, comenzo a dar en mil flaquezas y fue a dar que qualqui, ^ mancebo galan y gentil hombre acomodado a su gusto y aficion, daba orden en secre
ixtl_B0	2000	dos mil	words	person	enores sus galanes, y por ser gente dad, sus cuerpos fueron quemados con las estatuas re; y a los demas que pasaron de dos mil personas les fuendo garrote, y en una barranca cerca de un templo del le los adulterios, los fueron echando en el centr
ixtl_B0	17400	diez y siete mil y cuatrocientas	words	person	endola la sujetaron y saquearon, en donde en ^u defensa murieron muchos millares de tecjuantepecas, y trajeron cautivos diez y siete mil y cuatrocientas personas; con cuya hazana quedaron los de esta provincia muy destrozados, habiendo siempre defendido su partido muy bi
ixtl_B0	1500	mil quinientos,	words	other	aron los de esta provincia muy destrozados, habiendo siempre defendido su partido muy bien. luego el ano siguiente de mil quinientos, que llamaron chicuey tecpatl, por haberse tornado a rebelar los de la provincia de xaltepec fueron sobre ellos, y total
ixtl_B0	1505	mil quinientos y cinco	words	other	il quinientos cuatro, murio tehuehuezin senor de la provincia de quauhnahuac, y sucediole itzcoazin: en el siguiente de mil quinientos y cinco fue la. hambre, r sucesivamente el de mil quinientos y seis, ^ que llamaron malactliomey calli y ce toxtli, de tal mane
ixtl_B0	1506	mil quinientos y seis,	words	other	de quauhnahuac, y sucediole itzcoazin: en el siguiente de mil quinientos y cinco fue la. hambre, r sucesivamente el de mil quinientos y seis, ^ que llamaron malactliomey calli y ce toxtli, de tal manera que en toda la tierra 10 se cogio ningun frutq^ si no fue 
ixtl_B0	1000	mil	words	other	s remitieron los tributos. en este ano de mil quinientos seis fue la conquista de la provincia de zocolan, y en el de* mil quinien:os y siete fue la guerra de la provincia de totepec, donde murieron ixtlilcuechahuac y huitzilihuitzin senores m
ixtl_B0	1508	mil quinientos y ocho,	words	person	 la guerra de la provincia de totepec, donde murieron ixtlilcuechahuac y huitzilihuitzin senores mexicanos. y 3n el de mil quinientos y ocho, fue la batalla que tuvo el principe macuilmalinatzin, heredero de mexico, contra los de atlixco; y segun comun opinion, 
ixtl_B0	500	y mil quinientos	words	person	 opinion, por concierto y pacto secreto que el rey motecuhzoma su hermano tuvo con los de atlixco, por 1 aqui falta: y mil quinientos ¿iete. 310 obras histohicas de excusar alteraciones y persona que se le anteponia, hizo que fuese muerto y ven
ixtl_B0	2800	y dos mil ochocientos	words	person	ue fuese muerto y vencido en esta batalla, en donde murio con el otro de los senores mexicanos llamado tzicquaquatzin y dos mil ochocientos soldados que iban en su defensa; lo cual sintio en infinito el rey nezaliualpiltzintli, y compuso aquel canlo que llama
ixtl_B0	400	cuatrocientas	words	person	es que quedaron de todo punio rendidas, y todas debido del imperio de las tres cabezas, quk: tenia de longitud mas de cuatrocientas leguas, y de latitud desdon fernando de alva ixtulxochrtl. 319 de el mar del norte hasta el del sur. ^ y porque los au
ixtl_B0	1000	mil	words	other	vian descuidados de la traicion y trato dole que contra ellos estaba hecho; aunque aquella tarde y aquei noche tuvieron mil presagios que les representaban su total istruccion y ruina, entre los cuales, el uno fue que vieron )r el aire que an
ixtl_B0	500	quinientas	words	person	" indios, francisco hernandes diij cordoba hizo una jornada y descubrio la tierra firme de yn^s calan, en el ano de mu quinientas diek y siete, "" y porque loi indios defendieron su tierra hiriendo a muchos de los espanoles, se volvio sin hater otra "
ixtl_B0	2000	dos mil	words	person	37 senas de juntar gente para hacer este viaje, y no persona que con el se acomodase, sino fernando cortes que tenia dos mil ducados en el cambio de andres de duero, mercader que era discreto y de estomago para saber gobernar. cortes acepto aq
ixtl_B0	4000	cuatro mil	words	other	viaje, de que hubo entre los dos grandes pasiones; mas cortes a pesar del otro, dio principio a su viaje y tomo fiados cuatro mil ducados con que compro navios y todo lo necesario, y luego se le agregaron sus amigos que sustento a su costa y dio di
ixtl_B0	550	quinientos cincuenta	words	person	se puso en salvo en la isla de guaniganiga, y habiendo saltado en tierra hizo resena de la gente que llevaba, y hallo quinientos cincuenta espanoles de pelea, ^ y mas algunos indios de servicio; de los cuales hizo once companias de cincuenta hombres, y tomo 
ixtl_B0	673	seiscientos setenta y tres	words	person	carta del ayuntamiento de veracruz al emperador se dice que 400 soldados. (nota de ternaux). — el verdadero numero fue seiscientos setenta y tres castellanos utiles para la guerra. tomo 1 i -23 (leras con sus armas, quo fueron unos fuegos blancos y azujes, y e
ixtl_B0	500	quinientos	words	person	nos de los naturales de cuba, y les sucediera muy mal, si cortes no fuera luego a socorrerlos. otro dia siguiente puso quinientos hombres en el campo con trece caballos y algunas piezas de artilleria, y yendo marchando su ejercito por unas labranza
ixtl_B0	40000	cuarenta mil	words	person	rece caballos y algunas piezas de artilleria, y yendo marchando su ejercito por unas labranzas, salieron al encuentro cuarenta mil hombres con los cuales peleo, y aunque con dificultad y gran trabajo los vencio, en donde segun lo que les parecio a lo
ixtl_B0	4000	cuatro mil	words	person	esen que ellos no m a otra cosa. de alli a dos dias que fue el lunes de pascua ! resurreccion, vino el gobernador con cuatro mil hombres le le acompanaban, cargados de bastimentos que dio a cor3, con algunas preseas y joyas de oro bien ricas, el cu
ixtl_B0	2000	dos mil	words	person	go alla. teotlili se volvio a cuotiachtlan donde residia, y dejo con los nuestros a cuitlalpitoc y otros capitanes con dos mil personas para el servicio y regalo de los espanoles, 1 aguilar ero clerigo eubdiucono, y asi no ciuo ni pudo cmar con
ixtl_B0	100000	cien mil	words	person	 pagasen tributos a mexico: todos se alzaron y rogaron a cortes que fuese su caudillo, que ellos pondrian en el campo cien mil hombres de guerra. fue muy grande el gusto que de esto recibio cortes, porque vido que ya tenia revuelta toda la tierr
ixtl_B0	500	quinientos	words	person	abia de sacar honra y fama inmortal: muchos rehusaban esta entrada porque les parecia temeridad, mas que esfuerzo, ir quinientos hombres entre millones de 1 en llanco en el originol. 2 esta primera relacion da cohii, o se hn perdido 6 no la escr
ixtl_B0	1000000	millones	words-millon	person	a inmortal: muchos rehusaban esta entrada porque les parecia temeridad, mas que esfuerzo, ir quinientos hombres entre millones de 1 en llanco en el originol. 2 esta primera relacion da cohii, o se hn perdido 6 no la escribid. yo me inclino li
ixtl_B0	1000	mil	words	person	 los templos imagenes y cruz: partio de alllen diez y seis de agosto del mismo ano de mil quinientos diez y nueve, con mil indios de carga y mil trescientos de guerra, llevando consigo ciertos rehenes, y en su compania cuatrocientos espanoles
ixtl_B0	400	cuatrocientos	words	other	s diez y nueve, con mil indios de carga y mil trescientos de guerra, llevando consigo ciertos rehenes, y en su compania cuatrocientos espanoles, quince caballos, y siete tirillos: tres dias camino por tierras de los amigos, muy servido y festejado, y el
ixtl_B0	5000	cinco mil	words	person	un el uno de estos espias de una cuchillada corto a un caballo la cabeza a cercen con riendas y todo, aunque salieron cinco mil tlaxcaltecas a defenderlos-, mas luego la se* fl noria envia sus monsigoros li corti's, disculpandose de lo hecho y car
ixtl_B0	1000	mil	words	other	on su ciudad, con intencion de cojerlos y matarlos dentro de ella. otro dsa siguiente les salieron al encucdlro hasta mil tlaxcaltecas, que pelearon con muy buen orden y animo, y se fueron retirando con intento de meter a cortes y a los suy
ixtl_B0	80000	ochenta mil	words	person	 muy buen orden y animo, y se fueron retirando con intento de meter a cortes y a los suyos en una emboscada de mas de ochenta mil personas, en donde se vieron en grandisimo peligro y salieron heridos muchos, aunque no murio ninguno; y haciendose fu
ixtl_B0	150000	ciento cincuenta mil	words	person	o murio ninguno; y haciendose fuertes en una aldoa aquella noche, otro dia de manana tuvieron aviso que venian mas de ciento cincuenta mil hombres sobre ellos, con que obro dios grandes milagros en su defensa: cuando estos tlaxcaltecas llegaron a vista de l
ixtl_B0	20000	veinte mil,	words	other	de los nuestros, que los ttaxcaltefils nutica los acometieron todos juntos, sino por cuadrillas, saliendo do veinte en veinte mil, que vencidos aquellos, entraban otros tantos; y en dos dias que duro la batalla mataron infinitos tlaxcaltecas, y viendo
ixtl_B0	400	cuatrocientos	words	person	to, estando una noche alojados en el campo, vieron desde lejos unos fuegos,'y salio cortes a ver lo que era con hasta cuatrocientos companeros, y fue a dar en tzimpantzinco ciudad de mas de veinte mil fuegos, ^ que como los cogio desapercibidos, no se
ixtl_B0	20000	veinte mil	words	person	gos,'y salio cortes a ver lo que era con hasta cuatrocientos companeros, y fue a dar en tzimpantzinco ciudad de mas de veinte mil fuegos, ^ que como los cogio desapercibidos, no se resistieron, antes recibieron muy bien y regalaron a cortes y a los 
ixtl_B0	1000	mil	words	other	uhquecholan, itzoncan, quauhtinchan, tecamachalco, tepeyacac y cuextlan hasta llegar a la costa de cempoalan, haciendo mil agravios y vejaciones, y desde el un mar al otro, sin que nadie os lo de en cara ni estorbe; y que por vuestra causa, p
ixtl_B0	1000	mil	words	other	hacia, y no se fiase de los traidores de tlascalati, pues ya veia lo que habia pasado con los tlaxcaltecas, que decian mil males de motecuhkoma y de sus tiranias, y por otra parte deseaban mucho llevarle li su dudad para despuas conlederai'su
ixtl_B0	6000	seis mil	words	other	calan se lo impedian por los inconvenientes que ellos le ponian, pero al fin se determino a ir a ella llevando consigo seis mil tlaxcaltecas de guerra, aunque le querian dar mucho mas, y por caudillos de ellos a hepapalotzin, tlacatecuhtli, quana
ixtl_B0	10000	diez mil	words	person	n, imiztli, matzin y axayacatzin; aunque se volvio. ^ por el camino salieron a recibir a cortes y a los suyos nias de diez mil hombres de ghololan, con grande regocijo; y habiendolos entrado en la ciudad y dadoles muy buena posada, regalando esple
ixtl_B0	1000	mil	words	other	 aquella noche los embajadores de motecuhzoma tomaron otra vez a porfiar con cortes que no pasase a mexico, poniendole mil dificultades, de tal manera que se recelo de ellos y de los cholultecas, y asi mando a los tlaxcaltecas sus amigos se 
ixtl_B0	5000	cinco mil,	words	other	 los espanoles para que saliesen a los del patio y los matasen) se ejecuto asi, y en menos de dos horas matara mas de cinco mil, saquearon y quemaron las casas mas pntf cipales de la ciudad y los templos de ella; y el templo mayor donde se habian 
ixtl_B0	3000	tres mil	words	other	apatos do oro con muchas piedras y ricas perlas; y por donde iban les echaban mantas para que pisasen, y tras de ellos tres mil caballeros, todos muy ricamente vestidos que eran (odoi de ios de sn guardia y criados. cuando cortes llego, se apeo de
ixtl_B0	6000	y seis mil	words	person	ue muy servido, y visitado de todos los grandes senores del imperio, y muy abastecidamente proveido el, sus companeros y seis mil tlaxcaltecas que consigo tenia: al cabo de los cuales, despues de haber considerado muy bien en el estado y trance en qu
ixtl_B0	500	quinientos	words	person	e el 7 de noviembre. 2 es decir, que se presumiese que alguna vez los habia de tratar mal. te, en medio de miu de (quinientos mi! vasallos ', y con tan pocos companeros, cosa que atemoriza (an solamente penstirla, cnanto mas hacerla y salir con 
ixtl_B0	1000	mil	words	other	do hacer, no quiso dilatar mas la prision de mote1 dificil es quo por su exten.iiisn, tuviera la ciudad do mexico mucho mil do unos cuarenta mit habitantci. 2 ea decir, porque no fucm conocido 6 descubierto. don fernando de alva ixtlilxoch
ixtl_B0	3000	y tres mil	words	other	ria, y salir ordinariamente a orar y ofrecer sacrificio a sus falsos dioses. las guardas que tenia eran ocho espanoles y tres mil tlaxcaltecas. por tentarle cortes, dijole un dia que los suyos habian lomado cierta cantidad de joyas de oro que habia
ixtl_B0	100000	cien mil	words	person	rminacion, que estaban en el cercado y palacios de oztoticpac, que se fuesen por tierra a tepetzinco, (que eran mas de cien mil personas), que el rey con el y con coanacochtzin su hermano se fuesen en una canoa grande. cacama (que estaba muy segur
ixtl_B0	900	y novecientos	words	other	 prosperidad, y cuando sus cosas iban en tanto aumento, llego al puerto de veracruz panfilo de narvaez con diez navios y novecientos espanoles, con muchos caballos, artilleria y todo recaudo, con intento deprender o matar a cortes; y venia en nombre de
ixtl_B0	1000	mil	words	person	sus reyes gustaban de ello, y se los mandaban. cortes volviendo victorioso y muy bien acompanado, porque traia consigo mil hombres de guerra y cien caballos, supo en el camino como los de mexico se habian alzado contra los que alli dejo, y qu
ixtl_B0	1520	mil quinientos veinte, y	words	other	o tanteado el modo como habia de entrar, se partio de tetzcuco, y llego a mexico dia de san juan en 24 de de junio de mil quinientos veinte, y hallo la ciudad sosegada, aunque los moradores de ella no lo salieron a recibir ni le hicieron fiestas. motecuhzoma se 
ixtl_B0	1520	mil quinientos veinte,	words	person	on de los suyos, fue por ocuparse alguna parte de las riquezas que tenian juntas. saliose cortes a diez de julio ^ de mil quinientos veinte, de noche, por entender ser acomodado; mas los mexicanos le sintieron y salieron en su alcance, y le mataron cuatrocient
ixtl_B0	450	cuatrocientos cincuenta	words	person	os veinte, de noche, por entender ser acomodado; mas los mexicanos le sintieron y salieron en su alcance, y le mataron cuatrocientos cincuenta espanoles, ^ cuatro mil indios amigos y cuarenta y seis caballos, en la parte que hoy llaman el salto de alvarado, y lo
ixtl_B0	4000	cuatro mil	words	person	 acomodado; mas los mexicanos le sintieron y salieron en su alcance, y le mataron cuatrocientos cincuenta espanoles, ^ cuatro mil indios amigos y cuarenta y seis caballos, en la parte que hoy llaman el salto de alvarado, y los mexicanos toltecaacalo
ixtl_B0	1000	mil	words	person	a llegaron a aquellos llanos de la provincia de otumpan con grandisimo trabajo; y alli les salieron mas de dascientos mil hombres que iban en su seguimiento, en donde tuvieron una muy cruel batalla, tomando enmedio a cortes y a los suyos, de
ixtl_B0	200000	doscientos mil	words	person	allo de ella menos, todos los mas y los amigos estaban afligidos, heridos, muertos de hambre y maltratados, enmedio de doscientos mil hombres que como tigres rabiosos los iban despedazando; mas fue tanto el valor y fe viva de cortes, que asi como invoco 
ixtl_B0	50000	cincuenta mil	words	person	anquetzaltxin, habiendo descansado cortes y los suyos en hueyotlipan, maxixcatzin con otros muchos senores y mas de cincuenta mil hombres de los amigos, le apresuraron la ida a tlaxcalan, en donde los cuatro senores principales con toda la senoria l
ixtl_B0	4000	cuatro mil	words	other	 acordo corles de ir sobre los de tepeyacac, segun xicotoncatl se lo tenia aconsejado; y asi habiendose juntado mas de cuatro mil tlaxcaltecas, huexotzincas y cholultecas, y por caudillo principal de los tlaxcaltecas tianquiztlatoatzin y loa hijos 
ixtl_B0	550	y quinientos cincuenta	words	other	y el segundo dia de pascua de natividad del dicho ano de mil quinientos veinte, hizo alarde, y hallo cuarenta caballos y quinientos cincuenta peones: repartio a los de a caballo en cuatro cuadrillas, y de los peones hizo cuatro capitanias de sesenta peones cad
ixtl_B0	20000	veinte mil	words	other	dose en tlaxcalan. salio de ella en nombre de dios, dia senalado de los inocentes del ano de mil quinientos veinte, con veinte mil hombros de guerra de los amigos; y siguiendo la relacion de tlaxcalan que tengo citada, fue por el camino de tetzmeloca
ixtl_B0	8000	ocho mil	words	person	o. iihbu dentro de la laguna; y pura esta obra mando, que en cincuenta dias que duro, trabajasen un xiquipil, que i^on ocho mil hombres cada dfa, y que estos fuesen hombres buficienles para la milicia, que fue un tanteo solo por ver que cantidad 
ixtl_B0	1000	mil	words	person	ntidad de gente podia poner cii campana de solo la provincia do tetzcuco, la que se uama aculhuacun; y hallo doecienlos mil hombres por copia, de que se holgo mucho, para las ocasiones que se habbn de ofrecer en favor do los cristianos: y dio
ixtl_B0	200000	doscientos mil	words	person	go di' ver el gran poder que ol reino do telzcucu tenia, pues de solo lo que era do la nacion acuihua se podian poner doscientos mil hombres en campana. asimismo hizo juntar todos los bastimentos que fueron necesarios para sustentar el ejercito y guarn
ixtl_B0	200000	doscientos mil	words	person	erniima resucitada hasta la vision que le dijo, y asi dejo las armas y no quiso socorrer a los mexicanos, despidiendo doscientos mil hombres que habia juntado en campana para irlos a socorrer, que los cien mil eran michoaques que llaman tarascos, y los
ixtl_B0	100000	cien mil	words	person	orrer a los mexicanos, despidiendo doscientos mil hombres que habia juntado en campana para irlos a socorrer, que los cien mil eran michoaques que llaman tarascos, y los otros cien mil eran los teochichimecas, gente la mas belicosa que ha habido e
ixtl_B0	100000	cien mil	words	person	 que habia juntado en campana para irlos a socorrer, que los cien mil eran michoaques que llaman tarascos, y los otros cien mil eran los teochichimecas, gente la mas belicosa que ha habido en esta nueva espana. todo esto que aqui se ha escrito fue 
ixtl_B0	4000	cuatro mil	words	other	ra su defensa y ofensa de los enemigos, y al cabo de ellos salio cortes de la ciudad con doscientos espanoles y mas de cuatro mil naturales de la ciudad de tetzcuco, algunos de tlaxcalan y otras partes que estaban con cortes, y con ellos ixtlilxoch
ixtl_B0	6000	seis mil	words	person	tiendolos por el agua, y les saquearon la mayor parte de las casas que tenian en la laguna, y murieron de ellos mas de seis mil personas; y como sobrevino la noche, recogio cortes su gente y puso fuego a algunas de lus casas de aquella ciudad, 
ixtl_B0	8000	ocho mil,	words	other	. llegados que fueron los tlaxcaltecas con la tablazon y ligazon de los bergantines, (en donde venian de carga mas de ocho mil, de guerra mas de veinte mil, y con ellos el alguacil mayor y capitan gonzalo de sindoval, doscientos espanoles de a pie
ixtl_B0	20000	veinte mil, y	words	other	tlaxcaltecas con la tablazon y ligazon de los bergantines, (en donde venian de carga mas de ocho mil, de guerra mas de veinte mil, y con ellos el alguacil mayor y capitan gonzalo de sindoval, doscientos espanoles de a pie y diez y seis de a caballo), m
ixtl_B0	32000	y treinta y dos mil	words	other	lxochitl y de todos), salio con veinticinco de a caballo, trescientos cincuenta de a pie, seis tiros pequenos de campo y treinta y dos mil amigos de los tlaxcaltecas y letzcucanos: iban por caudillos principales, chichimecatltecuhtli de los tlaxcaltecas y ixt
ixtl_B0	1000	mil	words	person	s peones, y por capitan al alguacil mayor del campo gonzalo de sandoval, y en su favor ixtlilxochitl con veinticuatro mil hombres de los aculhuas sus vasallos, con dos intentos, el uno asegurar la provincia de chalco y echar de sus terminos a
ixtl_B0	4000	cuatro mil	words	person	ecibidos de los dos senores de ella; y habiendo dado drden do lo que se debia liacer, y habiendose j untado alli otros cuatro mil hombres de ^erra de los de esta provincia, y otros amigos de tiaxcalan, huexotzinco, quauhquecholan y otras partes, tom
ixtl_B0	500	quinientos	words	person	uchos de ellos, se vinieron a recoger al pie al cerro referido, en donde tuvieron muy gran contienda y mataron mas de quinientos de los enemigos; y otro dia siguiente desbarataron otro escuadron de los enemigos, que era el segundo socorro que venia 
ixtl_B0	1500	mil quinientos	words	person	ermano tecocoltzin dieron bastantisimo recaudo), fueron echados en la zanja los bergantines, y a veintiocho de abril de mil quinientos veintiuno cortes hizo alarde de toda la gente, y hallo ochenta y seis a caballo, entre ballesteros y escopeteros ciento 
ixtl_B0	700	setecientos	words	other	larde de toda la gente, y hallo ochenta y seis a caballo, entre ballesteros y escopeteros ciento diez y ocho, y mas de setecientos peones de espada y rodela, tres tiros gruesos de fierro, quince de bronce pequenos y diez quintales de polvora; y habien
ixtl_B0	5000	cinco mil	words	person	s de huexotzinco y chololan en chalco, en donde fueron muy bien recibidos los unos y los otros. los tlaxcaltecas eran cinco mil hombres de guerra, y iban por sus caudillos quauhxayacatzin, meztliymatzin, tenamazcuicuitzin, tecuanitzin, acxotecatl,a
ixtl_B0	10000	diez mil,	words	other	stento y regalo, y los pocos dias que alli estuvieron fueron muy bien festejados. de los huexotzincas que eran mas de diez mil, venian por sus caudillos nelpilonitzin, tozquencoyotzin, xicotencatl, mecacalcatl, quauhxayacatzin, huitzilihuitzin, yec
ixtl_B0	10000	diez mil	words	person	mismo traian las divisas en sus armas como los de tlaxcalan; y de la misma manera venian los cholul tecas, casi otros, diez mil hombres, siendo muy bien recibidos todos de los senores de la provincia de chalco. el segundo dia de pascua de espiritu
ixtl_B0	1000	mil	words	person	io treinta dea caballo, diez y ocho ballesteros y escopeteros, ciento cincuenta peones de espada y rodela y veinticinco mil hombres de* guerra de los tlaxcaltecas, y estos habian de sentar su real enla ciudad de tlacopan, y por capitanes de su
ixtl_B0	2000	dos mil	words	person	 baeza, al que dio treinta y tres de a caballo, diez y ocho ballesteros y escopeteros, ciento sesenta peones y mas de dos mil hombres de guerra asimismo de la nacion tlaxcalteca, que se habian de poner y asentar su real en la ciudad de cuyohuac
ixtl_B0	40000	y cuarenta mil	words	person	o escopeteros y trece ballesteros y ciento y cincuenta peones, gente escogida que cortf^s los habla traido consigo, y cuarenta mil hombros de telzcuco, huexotzinco. chololan y cha!co, que estos habian do entrar por la ciudad de iztapalapan, para de 
ixtl_B0	1000	mil	words	person	; y antes do embarcarse despacho a gonzalo de sandoval con su guarnicion de gente para iztapalapan, que fueron de los mil hombres de los acuihuas la parte que llaman aztabuacan a encontrar con los de chalco que venian juntos ellos, los huex
ixtl_B0	30000	treinta mil	words	person	e que llaman aztabuacan a encontrar con los de chalco que venian juntos ellos, los huexotzincas y cholultecas y todos treinta mil hombres de guerra. los chalcas traian por sus caudillos a /tx don fernando de alva ixtlilxochitl. 439 quetzalco
ixtl_B0	40000	cuarenta mil	words	person	 pelear con la gente de ella; y viendo el gran poder de gente que la guarnicion de sandoval llevaba, de amigos mas de cuarenta mil hombres, se acogieron en las canoas los enemigos y no pudieron resistirles mas; y asi sin contradiccion ninguna se apo
ixtl_B0	20000	veinte mil	words	person	o ordinariamente por agua y por tierra la comida y los bastimentos necesarios, en que andaban yendo y viniendo mas de veinte mil personas de carga, y por la laguna mas de mil canoas, y en su guarda y defensa treinta y dos mil hombres de guerra, po
ixtl_B0	1000	mil	words	person	s bastimentos necesarios, en que andaban yendo y viniendo mas de veinte mil personas de carga, y por la laguna mas de mil canoas, y en su guarda y defensa treinta y dos mil hombres de guerra, porque los enemigos no los asaltasen y quitasen p
ixtl_B0	32000	treinta y dos mil	words	person	ban yendo y viniendo mas de veinte mil personas de carga, y por la laguna mas de mil canoas, y en su guarda y defensa treinta y dos mil hombres de guerra, porque los enemigos no los asaltasen y quitasen por el camino lo que alli llevaban: que no fue lo m
ixtl_B0	500	quinientas	words	person	ra que esto tuviera sentido, debia decir: con los bergantines de cortes 442 laguna, salieron a encontrarle mas de quinientas canoas a su modo bien fortalecidas de gente, y cortos de intento estuvo reacio por !u costa del pcnol hasta vyr lo que
ixtl_B0	16000	diez y seis mil	words	other	 eran enemigos y del bando mexicano), que no diesen por las espaldas a los nuestros; y que otros se quedasen con otros diez y seis mil huexotzincas, chaleos y tlaxcaltecas en cuyohuacan /r\ don fernando de alva ixtlilxochitl. 445 en el puesto refe
ixtl_B0	8000	ocho mil	words	person	os enemigos comenzaron a huir y desamparar la albarrada; y pasando cortes con los suyos por los bergantines, y mas de ocho mil hombres ^ de los amigos, que eran diez mil tlaxcaltecas y de los aculhuas otros diez mil (que ya a esta sazon habian l
ixtl_B0	10000	diez mil	words	person	la albarrada; y pasando cortes con los suyos por los bergantines, y mas de ocho mil hombres ^ de los amigos, que eran diez mil tlaxcaltecas y de los aculhuas otros diez mil (que ya a esta sazon habian llegado a este numero, porque cada dia ixtlil
ixtl_B0	10000	diez mil	words	other	or los bergantines, y mas de ocho mil hombres ^ de los amigos, que eran diez mil tlaxcaltecas y de los aculhuas otros diez mil (que ya a esta sazon habian llegado a este numero, porque cada dia ixtlilxochitl y tecocoltzin iban despachando gente de
ixtl_B0	10000	diez mil y	words	person	 habian llegado a este numero, porque cada dia ixtlilxochitl y tecocoltzin iban despachando gente de refresco), chalcas diez mil y huexotzincas diez mil, que en breve espacio de tiempo cegaron y allanaron con adobes y piedra este ojo de agua o puent
ixtl_B0	10000	diez mil,	words	person	umero, porque cada dia ixtlilxochitl y tecocoltzin iban despachando gente de refresco), chalcas diez mil y huexotzincas diez mil, que en breve espacio de tiempo cegaron y allanaron con adobes y piedra este ojo de agua o puente, y en el inter ya los 
ixtl_B0	40000	cuarenta mil	words	person	e, y que por las azoteas tiraban a.... ^ 1 esta cifra esta equivocada, pues los hombres que se citan despues, suman cuarenta mil. 2 aqui concluye el original; y como se ve, apenas llega al primer ataque dado por cortes, el cual tuvo lugar el 9 d
ixtl_B0	3002	3.002	digit-group	person	"principales caudillos de su ejercito."" — (cap. iv. citado). don fernando de alya ixtlilxochitl. 83 i2onui^ que son 3.002,200 ^ hombres y mujeres, segun aparece de la historia y se halla en los lugares adonde los conto, que fueron en mas d"
ixtl_B0	1500	1,500	digit-group	person	llo al tiempo que vino cortes y los demas espanoles, porque yo hallo en los padrones reales, que el menor pueblo tenia 1,500 vecinos; y de alli para arriba y aho1 parece que en este pasaje comprendido, no solamente hay omisiones, sino que aun 
ixtl_B0	1600	1.600	digit-group	person	lla; primeramente en la que cupieron sus vasallos que trajo consigo, que fueron por todos, segun parece en la historia, 1.600,000 hombres; y a los otros seis senores que vinieron despues que el 'estaba en esta tierra, repartio los pueblos y lug
ixtl_B0	500000	500,000	digit-group	other	 que en los demas lugares hasta cuauhtitian^ en donde ya a esta ocasion estaba el ejercito del gran tirano con mas de 500,000 homl)rcs de diversas y remotas partes, como eran de arwhhuacan y otros reinos y provincias de la banda del mediodia. 
ixtl_B0	200000	200,000	digit-group	person	, como eran de arwhhuacan y otros reinos y provincias de la banda del mediodia. el roy ixtlilxuchiu no tenia mas que 200,000 hombres, porque en toda la gente que pudo juntar, 1 citlaltepcc. don fernando de alva ixtlilxochitl. 305 asi s
ixtl_B0	300000	300,000	digit-group	other	 fernando de alva ixtlilxochitl. 305 asi suyos como de los senores referidos, que le enviaron socorro, no llegaron a 300,000, porque los demas estaban en las fronteras y solo los 200,000 traia consigo; pero segun las historias traia los mas v
ixtl_B0	200000	200,000	digit-group	other	enores referidos, que le enviaron socorro, no llegaron a 300,000, porque los demas estaban en las fronteras y solo los 200,000 traia consigo; pero segun las historias traia los mas valerosos capitanes y ardilosos que habia en esta tierra en aque
ixtl_B0	400000	400,000	digit-group	person	legado que fue a mexico, hallo a los mexicanos en grande aprieto, porque el rey maxtla los tenia! cercados con mas de 400,000 hombres de diversas partes y habia tenido algunas escaramuzas muy renidas, en donde habia muerto cantidad de gente por
ixtl_B0	100000	100,000	digit-group	person	 y habia tenido algunas escaramuzas muy renidas, en donde habia muerto cantidad de gente por ambas partes. tenia hasta 100,000 hombres su tio el rey iztcohuatzin y el otro su primo moiccznma y comenzaron la batalla, la cual duro ciento y tantos 
ixtl_B0	50000	50,000	digit-group	person	la guerra y fortalecio su ciudad muy ])ien. aizalniulvoi/otl junto sus soldados y hizo un razonable ejercito de hasla 50,000 hombres y fue sobre mexico y enlro por trjtrt/acac que es donde ahora es nucdra hcrtora. de (iiuulahtpc^ y el fue el p
ixtl_B0	200000	200,000	digit-group	person	os, gano la nueva espufia, siendo senor y capitan general de los aculhuas texcucanos, conduciendo un ejercito de mas de 200,000 hombres, 1 los antiguos historiadores hablan generalmente de conquistas muy lejanas hechas por los ejercitos del anah
ixtl_C0	562	quinientos sesenta y dos	words	other	eron con grandes regocijos por todo el camino, hasta llegar a tula, que ya era el ano de chicome acatl, y a la nuestra quinientos sesenta y dos: y en esto mismo ano le juraron por su rey y le casaron con una senora hija de jos principales tultecas, que era acapi
ixtl_C0	666	seiscientos sesenta y seis	words	other	ino su hijo, legitimo sucesor, llamado huetssin^ el misma ano que murio su padre, que file seis tochtu, y a la nuestra seiscientos sesenta y seis de la encamacion, siendo sumo pontifice vucuiaru) campano, a los siete anos de su pontificado, a los veinticinco anos d
ixtl_C0	512	quinientos doce	words	person	i del mismo modo, principalmente en lo de las persecuciones y trabajos de los hombres: asimismo declaro que cumplidos quinientos doce anos que ellos salieron de su patria, habia de heredar el reino un senor con la volimtad de los unos y a la contra de 
ixtl_C0	770	setecientos setenta	words	other	dos anos, y al ultimo de ellos fenecio, heredandole su hqo naoaxoc en el ano de cmco caiu, que a la nuestra fue en el setecientos setenta afios ^ de la encamacion, gobemando el pontifice este/ano iii, en el segundo ano de su pontificado, y siendo emperador 
ixtl_C0	503	quinientos tres	words	other	 tierra fue touan^ capital del imperio y la comenzaron a edificar en el ano ce calu, que es una cam^ y en el nuestro quinientos tres casi cuatro anos despues entraron en consejo los siete, caudillos para tratar sobre los negocios de la tierra, y entre
ixtl_C0	556	quinientos cincuenta y seis,	words	other	belaciox suqnta. 'y ch/uohiuuandsdn, primer monarca tulteca, comenzo a gobernar el ano chicome acatl, y en el nuestro quinientos cincuenta y seis, ^ murio el ano chicome acatl, correspondiente al nuestro de seiscientos ocho. a este sucedieron iweliimechahitaoj jbpue
ixtl_C0	608	seiscientos ocho	words	other	hicome acatl, y en el nuestro quinientos cincuenta y seis, ^ murio el ano chicome acatl, correspondiente al nuestro de seiscientos ocho. a este sucedieron iweliimechahitaoj jbpuetdniotepeuh^ nacaaoc mul^ que fue quien hizo el templo de la rana. ^ n 
ixtl_C0	562	quinientos sesenta y dos,	words	other	amente necesario formar tablas para entender la cronologia. — b. don fernando de alva ixtlilxochitl. 36 file el de quinientos sesenta y dos, el cual reino otros tantos, y murio el de seiscientos trece de la encarnacion, que llaman chiquacen tochtu. heredol
ixtl_C0	613	seiscientos trece	words	other	on fernando de alva ixtlilxochitl. 36 file el de quinientos sesenta y dos, el cual reino otros tantos, y murio el de seiscientos trece de la encarnacion, que llaman chiquacen tochtu. heredole euetzin^ que reino otros cincuenta y dos anos, segun la cos
ixtl_C0	830	ochocientos treinta	words	other	u once agatl. sucediole la reina xiuhquentzinj ^ que reino cuatro anoa^ y fallecio en el de ome acatl, que fue el de ochocientos treinta: a la cual sucedio en el imperio iztdccausdn^ ^ padre de topiudn^ en cuyo tiempo se destruyo esta nacion. 1 si mism
ixtl_C0	1000	mil	words	other	ar adelante, quiero hacer relacion del estado en que estaban las naciones tultecas. y es, que ya en este tiempo en casi mil leguas ^ habian poblado y edificado pueblos y ciudades, villas y lugares: entre las mas senaladas fue teotihuacan^ que 
ixtl_C0	1000	mil	words	other	mente ha^ man tenido, y otras que les aplicaran personajes o ciudades pertenecientes a razas claramente distintas. no mil leguas, ni mucho monos abrazo la nacionalidad tolteca. en mi <fapendice al p. duran» senalo sus limites, por cierto no 
ixtl_C0	1000	mil	words	other	as llanas, y otras pardas, con aljofar y otras piedras preciosas labradas, y hechas unas labores, y la zenefa toda de mil colores labrados; ponianse sus camisones xicole, siempre, que les llegaban hasta las rodillas, y de la misma manera de 
ixtl_C0	1000	mil	words	other	porque todos los que se llegaban morian luego; y con este mal olor causo una gran peste por toda la tierra, que de las mil partes de los tultecas se murieron las novecientas. todas estas cosas les sucedieron, y otras muchas que por escasear v
ixtl_C0	900	novecientas	words	other	go; y con este mal olor causo una gran peste por toda la tierra, que de las mil partes de los tultecas se murieron las novecientas. todas estas cosas les sucedieron, y otras muchas que por escasear volumen no se ponen aqui; y los tres senotes sus c
ixtl_C0	1000	mil	words	person	rtos artificios que hicieron, pesaba tanto, que se contaron onad quipui uacatl ^ de los tultecas, que son diez y ocao mil hombres que dentro de ciento cuarenta dias habian de estar alla adelante de xolisco en quiyahuitztlanxalmolan. ^ llega
ixtl_C0	18000	diez y ocho mil	words	other	 las armas se entenderian. topittzin, viendose tan oprimido y que no tenia remedio, pidio tiempo para ello, que era 1 diez y ocho mil se dice orne xiquipilli maeuilli izontli. 2 supongo que la tenninacion debe ser molayan. 52 obras historicas de l
ixtl_C0	1000	mil	words	other	ron a multiplicar. cuando los tultecas peleaban, se ponian unas a manera de tunicas largas hasta los carcanales, de mil colores, labradas y muy tupidas y gruesas, que por recio que se daban con las lanzas, que esto era lo mas que usaban, 
ixtl_C0	3000000	tres millones y doscientos mil	words-millon	person	res anos^ un mes y diez dias; murieron, digo, asi hombres como mujeres, zentzon (ciguupitizonui oqaixuizihueuy que son tres millones y doscientos mil hombres y mujeres; y de las gentes de los tres reyes competidores, fueron caxtolpohual tzontiquipiho' uulacati, que fu
ixtl_C0	2000000	dos millones cuatrocientos mil	words-millon	person	es y mujeres; y de las gentes de los tres reyes competidores, fueron caxtolpohual tzontiquipiho' uulacati, que fueron dos millones cuatrocientos mil hombres; de 1 pasando revista. — k. 2 tablado.— r. 58 obras historic:^s de suerte que de una y otra parte fuer
ixtl_C0	5000000	cinco millones	words-millon	other	8 obras historic:^s de suerte que de una y otra parte fueron zentzon xiquiputzontli ihtutmxuchlpohvauzotiui^ que son cinco millones aeiscieruas milper^ sonas^ cosa increible y que causa admiracion, y no es de espantar, que como tengo dicho, no fue per
ixtl_C0	800	y ochocientas	words	other	dos; y era tanta la gente en esta tierra, principalmente del senorio de ibpizfcsin, que corria casi mu leguas de largo y ochocientas de ancho, que hasta los muy altos montes estaban cubiertos de casas y sementeras, pues no habia palmo de tierra que es
ixtl_C0	1000	mil	words	other	osas curiosas y dignas de traer a la memoria, siendo cosas verdaderas y ciertas; y no pongo de lo que ello fue de las mil partes las novecientas, por lo que tengo dicho, por excusar volumen, y porque son tan extranas las cosas, y tan peregri
ixtl_C0	900	novecientas,	words	other	 dignas de traer a la memoria, siendo cosas verdaderas y ciertas; y no pongo de lo que ello fue de las mil partes las novecientas, por lo que tengo dicho, por excusar volumen, y porque son tan extranas las cosas, y tan peregrinas y nunca oidas, sepul
ixtl_C0	500	quinientos	words	other	jura y casamieu'to con mucha solemnidad, el cual entro i gobernar en el ano chicome acatl, siete canas, y a la nuestra quinientos aueve, el octavo del pontincado jde simaoo^ en el decimosexto del imperio de anaetasio, y el primero del reinado de oeo
ixtl_C0	500	quinientos	words	other	e escaparon. este fue el fin de un grande imperio que tuvo este nuevo mundo, de los tultecas, el cual no duro mas de quinientos «etenta y dos anos; y los reyes que lo destruyeron, viendolo tan 1 como se te, es imposible conciliar la cronologia de
ixtl_C0	608	seiscientos ocho	words	other	as les pidieron senor, y asi les dieron a este chaichiuhuanextdnj que murio el ano de chicome acatl, que es el nuestro seiscientos ocho^ habiendo gobernado cincuenta y dos anos: y luego sucedio ixuilcuechahuac en el mismo ano, quien goberno otros tantos
ixtl_C0	572	quinientos setenta y dos	words	other	ochou^ salvo a este en los desiertos de nonoalco adonde lo criaba. este fin tuvo el imperio de los tuuecas, que duro quinientos setenta y dos anos^ y su ultima destruccion fue en el ano de ce tecpatl, 959, bajo el pontificado de joannes xii^ en el imperio de 
ixtl_C0	2000	dos mil	words	person	cuhili xolou, los senores chichlmecas tenian sus reinos y senorios hada la banda del septentrion, que cotrian mas de dos mil leguas de largo, y de ancho casi mil leguas: gente barbara y feroz y la mas fuerte nacion que hubo y tiene hoy dia est
ixtl_C0	1000	mil	words	person	nian sus reinos y senorios hada la banda del septentrion, que cotrian mas de dos mil leguas de largo, y de ancho casi mil leguas: gente barbara y feroz y la mas fuerte nacion que hubo y tiene hoy dia este nuevo-mundo, exceptuando a nuestros
ixtl_C0	1000000	un millon	words-millon	person	"la poblasen, se fue a jmkquiahiutma y de mizqaiahualla a ihu^an^ ^ y de aqui a 1 ""sin las mujeres y ninos era mas de un millon."" — (cap. vi citado.) 2 desde aqui comienza en el cap iv, es decir, desde la llegada a tula, la historia de la pereg"
ixtl_C0	1000000	millones	words-millon	person	 ixauxuchiil y con la gran multitud de gente ilustre y hombres valerosos de lo mejor de la nacion aculhua, ^ sin muchos millones de la gente comun, que como se ha visto, duraron las guerras eirumenta anos seguidos. en las partes remotas de todo pun
ixtl_C0	100000	cien mil	words	person	ste dia dieron orden de aderezar y componer los ejercitos, repartiendolos en tres partes, y los meodcanos dieron otros cien mil soldados de guerra y todo lo necesario. tomo (el principe) para si doscientos mil soldados de la nacion chichimeca^ y l
ixtl_C0	200000	doscientos mil	words	person	n tres partes, y los meodcanos dieron otros cien mil soldados de guerra y todo lo necesario. tomo (el principe) para si doscientos mil soldados de la nacion chichimeca^ y les mando que todos llevasen armas blancas y llanas sin plumeria. otros doscientos
ixtl_C0	200000	doscientos mil	words	other	entos mil soldados de la nacion chichimeca^ y les mando que todos llevasen armas blancas y llanas sin plumeria. otros doscientos mil (dio) a su tio el rey izcohuaizin; otros ciento y tantos mil a su primo moteczuma^ y dioles orden de lo que habian de 
ixtl_C0	1000	mil	words	other	en armas blancas y llanas sin plumeria. otros doscientos mil (dio) a su tio el rey izcohuaizin; otros ciento y tantos mil a su primo moteczuma^ y dioles orden de lo que habian de hacer, porque otro dia de manana, antes del alba, habian de ir
ixtl_C0	10000	diez mil	words	person	 el infante y capitanes, y los contrarios hicieron muy gran matanza en los del infante, de cuya parte murieron mas de diez mil hombres, sin los que se cautivaron, y el infante y los suyos se retiraron a su real con gran pesar y enojo, y el caziqu
ixtl_C0	1000	mil	words	other	 daban el de semanahttcic ^ tlatohuani^ que quiere decir senor del mundo, y senor de mar a mar, por haber poblado casi mil leguas de un mar a otro. el lugar de donde salio se llamaba oyome y llego a tula en el ano 5 tecpatl, que fue el de 1
ixtl_C0	2000	dos mil	words	person	eran iw^eccw y eran de laifiicteca, y traian por caudillo a tempantzin y asimismo por idolo a tezcatlipuca, con mas de dos mil hombres, sin las mugeres, los cuales vinieron derecho a texcuco para darle ja obediencia a quinatdn, y que les diese t
ixtl_C0	400	cuatrocientos	words	other	 cual los recibio y se holgo de verlos, porque todos eran artifices, especialmente en el arte de la pintura; y asi, a cuatrocientos de ellos, los mas diestros, con su caudillo tempantzin, les mando que poblaran adelante del bosque de tetzcutzinco, dond
ixtl_C0	100000	cien mil	words	person	 y luego fueron sobre otumba, que ya los de esta provincia, con los tepanecas, estaban muy bien apercibidos con mas de cien mil hombres de guerra, en donde tuvieron una cruei batalla, mas luego los sigetaron, y luego pasaron por axapuxco^ azquemeca
ixtl_C0	2000	dos mil	words	person	los demas estaban ya alzados y rebelados contra el por las amistades que habia hecho con los de mexico. llegaron hasta dos mil soldados ^ y luego se fue a mexico con toda su gente, unos por agua y otros por tierra. llegado que fue a mexico, hall
ixtl_C0	1000	mil	words	other	ho que los hijos del sol quisieran venir a mexico a verle; y asi les envio a decir que era trabajoso el camino y otros mil inconvenientes, lo cual no fue bastante, sino que antes animo mas a los espanoles para ver a moteczuma^ especialmente 
ixtl_C0	1000	mil	words	other	, como lo tenian de costumbre, y el dia de la fiesta hicieron su baile que llaman mazehualizul en todo salieron mas de mil caballeros en el patio del templo mayor, y sobre st traia cada uno de ellos las mejores joyas y preseas que tenian, si
ixtl_C0	540	y quinientos y cuarenta	words	other	u parte, acordo de venir sobre mexico, y salio de uaxcalan dia de los inocentes, y trajo consigo cuarenta de a caballo, y quinientos y cuarenta de a pie, y veinticinco mil tlaxcaltecas, huexotzincas, c3iololtecas, tepeacanenses, quauthquechololtecas, chalcas y d
ixtl_C0	1000	mil	words	other	 uaxcalan dia de los inocentes, y trajo consigo cuarenta de a caballo, y quinientos y cuarenta de a pie, y veinticinco mil tlaxcaltecas, huexotzincas, c3iololtecas, tepeacanenses, quauthquechololtecas, chalcas y de otras partes, que fueron l
ixtl_C0	6000	y seis mil	words	other	era de mucha consideracion para lo que el pretendia, y asi salio con hasta quince de a caballo y doscientos espanoles, y seis mil aculhuas, tlaxcaltecas y otras naciones de amigos. llegados que fueron a lsulparlapariy que ya los mexicanos estabanlape
ixtl_C0	20000	veinte mil	words	person	con sus vasallos, y ayudo para acabar de hacer los bergantines que se trajeron parte de ellos de tlaxcajan^ con hasta veinte mil hombres de guerra- de alli a cuatro dias, despues que vino el ejercito de los veinte mil hombres de los tlaxcaltecas, hu
ixtl_C0	20000	veinte mil	words	person	 ellos de tlaxcajan^ con hasta veinte mil hombres de guerra- de alli a cuatro dias, despues que vino el ejercito de los veinte mil hombres de los tlaxcaltecas, huexotzincas y chololtecas, en compania de la madera que se trajo a texcuco para los berg
ixtl_C0	60000	sesenta mil	words	person	ista a mexico, y ver si ouavjuemoc y cohiianacochtzin y los demas se querian dar de paz, y asi locuilcuchiu tomo hasta sesenta mil hombres de sus vasallos, y cortes hasta trescientos espanoles y los veinte mil tlaxcaltecas, y fueron por -xirftocan, l
ixtl_C0	20000	veinte mil	words	person	 de paz, y asi locuilcuchiu tomo hasta sesenta mil hombres de sus vasallos, y cortes hasta trescientos espanoles y los veinte mil tlaxcaltecas, y fueron por -xirftocan, lugar sujeto a la ciudad de texcuco, que estaba rebelado y era de la parte de co
ixtl_C0	20000	veinte mil	words	person	, y con esto pasaron adelante hasta aculma, en donde durmieron esa noche, y otro dia llegaron a texcuco, en donde los veinte mil hombres de llaxcalan y otras partes pidieron licencia a cortes y se volvieron a sus tierras, muy ricos de despojos, que
ixtl_C0	8000	ocho mil	words	person	 aviso luego a cortes de esto, y envio luego con gonzalo de sandoval trescientos espanoles y quince de a caballo, con ocho mil aculhuas sus vasallos, y por general de ellos a giichinchicuaizin ^ gran capitan. llegados a choleo^ que ya los de esta
ixtl_C0	60000	sesenta mil	words	person	mizquicy coyohuacan^ oulhuacan^ iziapalapan^ mexicaltzinco y los demas que eran de la parte de mexico, juntaron mas de sesenta mil hombres de guerra y fueron otra vez sobre chalco para ver si podian acabarle de destruir. los de esta provincia, como 
ixtl_C0	20000	veinte mil	words	person	 asi fue necesario ir personalmente cortes con trescientos companeros y treinta de a caballo, e ixuilxuchiu con mas de veinte mil hombres de sus vasallos y algunos tlaxcaltecas que alli se hallaron a mano, y fueron a dor1 hoy ayacapixtla. £n eingsbor
ixtl_C0	50000	cincuenta mil	words	person	chitl. 349 • mir a italmarialco^ frontero en donde estaba el ejercito de los chaleas: otro dia llegaron otros casi cincuenta mil hombres que ixuuxuchul habia enviado a llamar de las provincias mas cercanas sujetas al reino de texcuco, y el dia sig
ixtl_C0	15000	quince mil	words	person	se habian desdon fernando de alva ixtlilxochitl. 351 mandado en robar. ouauhtemoo^ sabiendo esto, envio luego mas de quince mil hombres de guerra, por agua y tierra. pe-: learon con ellos fuertemente, y los vencieron, y quemaron las casas y templ
ixtl_C0	400000	cuatrocientos mil	words	person	 de profundidad, por las orillas estacado, y su albarrada por ambos lados. tardaron en hacerla cincuenta dias, mas de cuatrocientos mil hombres de los reinos de texcuco, que tenia puestos alli ixuibmchitl para solo este efecto, trabajando ocho o diez mil 
ixtl_C0	10000	diez mil	words	other	tos mil hombres de los reinos de texcuco, que tenia puestos alli ixuibmchitl para solo este efecto, trabajando ocho o diez mil cada dia. asimismo hallo a muchos senores de diversas provincias sujetas a su senorio que venian a darle obediencia y h
ixtl_C0	200000	doscientos mil	words	person	rcito junto en texcuco, hizo alarde cortes con sus espanoles, y lo mismo hizo ixtluxuchiti^ y eran en todo el ejercito doscientos mil hombres de guerra, y cincuenta mil labradores para aderezar puentes y otras cosas necesarias. cincuenta mil hombres de c
ixtl_C0	50000	y cincuenta mil	words	person	e cortes con sus espanoles, y lo mismo hizo ixtluxuchiti^ y eran en todo el ejercito doscientos mil hombres de guerra, y cincuenta mil labradores para aderezar puentes y otras cosas necesarias. cincuenta mil hombres de chdlooy itzocan, ouauhnahuacj tepeya
ixtl_C0	50000	cincuenta mil	words	person	l ejercito doscientos mil hombres de guerra, y cincuenta mil labradores para aderezar puentes y otras cosas necesarias. cincuenta mil hombres de chdlooy itzocan, ouauhnahuacj tepeyacae y otras partes svgetas al reino de texcuco, que caen hacia la parte 
ixtl_C0	50000	cincuenta mil	words	person	ocan, ouauhnahuacj tepeyacae y otras partes svgetas al reino de texcuco, que caen hacia la parte del mediodia, y otros cincuenta mil hombres de la ciudad y su provincia, sin ocho mil capitanes que eran vecinos y naturales de la ciudad de texcuco; otros
ixtl_C0	8000	ocho mil	words	person	reino de texcuco, que caen hacia la parte del mediodia, y otros cincuenta mil hombres de la ciudad y su provincia, sin ocho mil capitanes que eran vecinos y naturales de la ciudad de texcuco; otros cincuenta de las provincias de otwmbay touinbdnoo^
ixtl_C0	200000	doscientos mil	words	person	provincias que caen hacia la parte del norte y son sujetas al reino de texcuco, que como tengo declarado son por todos doscientos mil hombres de guerra. asimismo mando juntar losuuxur' chiu todas las canoas^ que acompanaron parte de ellas los bergantine
ixtl_C0	300000	trescientos mil	words	person	cieron alarde los tlaxcaltecas, huexotzincas y chololtecas, cada senor con sus vasallos, y hallaronse por todos mas de trescientos mil hombres de guerra. vista por cortes la multitud de gente que estaba de su parte, con acuerdo de ixuuucuchiti y de todos
ixtl_C0	50000	y cincuenta mil	words	other	n en este modo, que mando cortes a pedro de alvarado fuese a tlacopan con treinta de a caballo, ciento setenta peones y cincuenta mil de otumba, tolantzinco y otras partes, que mando ixuuxuchiu fuesen con ellos, y por generales su hermano qiiauhuiztadzi
ixtl_C0	16000	diez y seis mil	words	other	tlaxcaltecas. 1 aqui faltan las siguientes palabras que hay en kingsborough: que habia en todo texcuco, y hallaronse diez y seis mil. don fernando de alva ixtlilxochitl. 353 a cristobal de olid, que era el otro capitan, le dio treinta y tres espa
ixtl_C0	50000	cincuenta mil	words	person	e dio treinta y tres espanoles de a caballo, ciento ochenta peones, y dos tiros ^ como a los demas referidos, y otros cincuenta mil hombres de tziuhcohuac y las demas provincias de la parte del norte, y por general de ellos a tetlahtiehuexquititzinjh
ixtl_C0	50000	cincuenta mil	words	other	 la destruyesen, y pusiesen su real en donde mas a gusto les estuviese. asimismo se repartieron entlre ellos todos los cincuenta mil labradores para aderezar puentes y desbaratar otras cosas necesarias para el orden de los demas. y cortes tomo para 
ixtl_C0	16000	diez y seis mil	words	person	e los demas. y cortes tomo para si los bergantines y fue por general de la flota, y en su compania ixuilxicchiu con diez y seis mil canoas, en donde iban cincuenta mil texcucanos sus vasallos y los ocho mil capitanes muy valerosos para destruir los la
ixtl_C0	50000	cincuenta mil	words	person	los bergantines y fue por general de la flota, y en su compania ixuilxicchiu con diez y seis mil canoas, en donde iban cincuenta mil texcucanos sus vasallos y los ocho mil capitanes muy valerosos para destruir los laguneros y los del penol. en mexico
ixtl_C0	8000	ocho mil	words	person	a, y en su compania ixuilxicchiu con diez y seis mil canoas, en donde iban cincuenta mil texcucanos sus vasallos y los ocho mil capitanes muy valerosos para destruir los laguneros y los del penol. en mexico no se dormia, que lo mismo hacian los r
ixtl_C0	300000	trescientos mil	words	person	moc^ cohuanacochtzin y teuepanquezatzin^ apercibiendo de todo lo necesario y fortaleciendo la ciudad, y juntaron casi trescientos mil hombres en su favor, y enviaron a reprender mucho a ixtiilxuchul de estas y otras cosas, porque favorecia a los hijos 
ixtl_C0	16000	diez y seis mil	words	other	 y templos para que los enemigos no tuvieran en donde tornar a meterse. cortes e ixuuxuchiu^ con los bergantines y las diez y seis mil canoas en donde iba su ejercito, fueron sobre mexico, y en la primera parte donde tuvieron guerra fue sobre el penol gr
ixtl_C0	500	quinientas	words	other	os bergantines y canoas, les salieron al encuentro, que aun no habian salido del penol hasta entonces, y adelantaronse quinientas canoas mexicanas, las mejores que habia para pelear, y reconocer a los enemigos, los cuales como estuviesen cerca de l
ixtl_C0	5000	y cinco mil	words	other	bradores que para este efecto traia ixtluxuchitl^ un pedazo de la calzada para que por alli pasasen cuatro bergantines y cinco mil canoas, para ganar la laguna dulce; y pasados a esta banda en pocas horas acabaron cuantas canoas hallaron en jella^ m
ixtl_C0	15000	y quince mil	words	other	envio la mitad de los espanoles, y algunos caballos que le quedaron de la otra vez, le mandaron que con los que tenia y quince mil amigos, guardase la calzada de (julhnacan^ porque por alli no les don fernando de alva ixtlilxochitl. 359 entrase a
ixtl_C0	8000	ocho mil	words	person	uardar las espaldas de los nuestros, salieron muy de madrugada cortes con mas de doscientos espanoles y ixuuxmhitl con ocho mil hombres de guerra, que ya los enemigos los estaban aguardando muy bien armados y con mucha defensa, porque tenian queb
ixtl_C0	20000	veinte mil	words	person	ada un pedazo de ella, y ahondada de tal manera que ninguno pudiese pasar por la misma. ixtlilxuchiu que traia consigo veinte mil hombres para aderezar los caminos y malos pasos, les mando que la hinchieran de piedras y cespedes, y en un momento ad
ixtl_C0	50000	cincuenta mil	words	person	 muy bien este dia y ganaron algunas puentes y albarradas de los enemigos. el dia siguiente llegaronle a ixtulvuchitl cincuenta mil hombres de socorro, todos aculhuas sus vasallos que se los enviaba su hermano ahuexpidzodzin,^ el cual tomo para si trei
ixtl_C0	30000	treinta mil y	words	other	mil hombres de socorro, todos aculhuas sus vasallos que se los enviaba su hermano ahuexpidzodzin,^ el cual tomo para si treinta mil y envio diez mil a alvarado con los demas que en su favor estaban, cuyo caudillo era quauhtiiuadzin y otros diez mil a g
ixtl_C0	10000	diez mil	words	other	o, todos aculhuas sus vasallos que se los enviaba su hermano ahuexpidzodzin,^ el cual tomo para si treinta mil y envio diez mil a alvarado con los demas que en su favor estaban, cuyo caudillo era quauhtiiuadzin y otros diez mil a gonzalo de sando
ixtl_C0	10000	diez mil	words	other	einta mil y envio diez mil a alvarado con los demas que en su favor estaban, cuyo caudillo era quauhtiiuadzin y otros diez mil a gonzalo de sandoval, que todos estaban con harta necesidad; y asimismo mando a todos los que estaban impedidos o her
ixtl_C0	5000	cinco mil	words	other	s los que estaban impedidos o heridos de las guerras que se volvieran a texcuco para curarse, y fueron por todos hasta cinco mil de ellos. algunos historiadores, especialmente espanoles, escriben que con este ejercito de cincuenta mil hombres vino 
ixtl_C0	50000	cincuenta mil	words	person	 por todos hasta cinco mil de ellos. algunos historiadores, especialmente espanoles, escriben que con este ejercito de cincuenta mil hombres vino ixtubmchiu por mandado de su hermano tecocoizin^ lo cual es muy al reves; porque segun j>. alonso axayaca
ixtl_C0	50000	cincuenta mil	words	person	narse los unos con los otros, que fuera grande estorbo. 364 obras historicas de dos dias despues que llegaron los cincuenta mil hombres de texcuco, vinieron los de xochimilco y otras tierras de nacion otomi a darse a cortes, ofreciendo gente de s
ixtl_C0	20000	veinte mil	words	other	 nuestros, aunque con harto trabajo, se la ganaron, y los siguieron de puente en puente hasta llegar a la plaza, y los veinte mil gastadores que traia ixtiilxucjiitl j^ava. este efecto, les mando cegaran estas puentes y aderezaran los malos don fe
ixtl_C0	20000	y veinte mil	words	other	e pudiesen ir por tres calles que iban hacia la plaza. la una entro el tesorero con setenta espanoles y ocho caballos, y veinte mil de los de ixuilxuchul con muchos gastadores para cegar las acequias y puentes, y derribar casas; y por la otra fue jor
ixtl_C0	12000	doce mil	words	other	uias y puentes, y derribar casas; y por la otra fue jorge de alvarado y andres de tapia cpn ochenta espanoles y mas de doce mil amigos que les dio ixtluxuchiu^ dejando a la boca de esta calle dos tiros y ocho de a caballo con algunos amigos; y por
ixtl_C0	8000	y ocho mil	words	person	 calle dos tiros y ocho de a caballo con algunos amigos; y por la otra fueron cortes y ixuilxuchul con cien espanoles y ocho mil amigos; y puestos todos a punto embistieron con los enemigos todos a un tiempo, e hicieron grandes cosas. iztlilxuchul a
ixtl_C0	500	quinientos	words	other	con ellos, pudiesen poner en cobro sus personas, pues eran pocos, y morir uno de ellos hacia falta, mas que s¡ fueran quinientos de los suyos; el cual al tiempo que saco a cortes del agua, le dieron una pedrada sobre la oreja izquierda, que le des
ixtl_C0	1000	mil	words	other	 que iba muy arropado por amor de las heridas, entendio que no le haria ningun mal, le comenzo a deshonrar y a ponerle mil nombres. ixuilxuchul callo cuanto pudo y mando a los suyos que lo dejasen para ver lo que hacia, hasta que no le pudo 
ixtl_C0	2000	dos mil	words	person	harto trabajo, porque los enemigos habian cargado sobre el; y como pudieron, llegaron a su real con perdida de mas de dos mil amigos y los cuarenta espanoles que fueron presos, y luego este dia los sacrificaron en el templo mayor de tlatelulco, 
ixtl_C0	40000	cuarenta mil	words	other	chiu envio a rogar a los pueblos cincunvecinos que les ayudasen, y asi con los de ouqvh-nahuac juntos, que serian hasta cuarenta mil hambres, fueron con andres de tapia sobre malinalco; y antes de llegar encontro con el ejercito de los enemigos: pelear
ixtl_C0	60000	sesenta mil	words	person	os, cien peones y muchos amigos que ixuilxuchitl mando fuesen en su favor, que con los que habia en toluca llegaron a sesenta mil hombres. estuvo tres dias sandoval por el camino, al cabo de los cuales los alcanzo a la otra banda del rio chicuhnauht
ixtl_C0	2000	dos mil	words	person	ato hasta que les hicieron huir y retirarse a su ciudad que estaba mas de dos leguas, y en la retirada mataron mas de dos mil. llegados a malinalcoj la cercaron, y los vecinos se defendieron en el interin que sus mujeres se iban a un cerro alto
ixtl_C0	100000	cien mil	words	other	sus coas para este efecto con toda brevedad; y asi cuatro dias despues que sandoval estaba en mexico, llegaron mas de cien mil de ellos, y teniendolos a todos juntos, y despues de haber apercibido a los mexicanos que se diesen de paz, los cuales 
ixtl_C0	600	seiscientos	words	person	 parte de ixuilxuchiil. despues de todo lo referido, acordo cortes de hacer una emboscada, en la cual mataron mas de seiscientos mexicanos y prendieron mas de dos mil, con que de todo punto los mexicanos cobraron grandisimo temor a los nuestros; y 
ixtl_C0	2000	dos mil,	words	person	lo referido, acordo cortes de hacer una emboscada, en la cual mataron mas de seiscientos mexicanos y prendieron mas de dos mil, con que de todo punto los mexicanos cobraron grandisimo temor a los nuestros; y les ganaron otras muchas casas y un temp
ixtl_C0	40000	cuarenta mil	words	person	ue avisasen a la hora que ellos salian; y cortes tomo hasta cien espanoles y quince de a caballo, y lasuuxuehiu hasta cuarenta mil hombres; y avisados de las espias una madrugada, dieron sobre los desventurados mexicanos; y como estaban desarmados, ma
ixtl_C0	1000	mil	words	person	avisados de las espias una madrugada, dieron sobre los desventurados mexicanos; y como estaban desarmados, mataron casi mil de ellos, y otros muchos prendieron; y lo mismo hicieron los bergantines y canoas. los guardas de la ciudad, aunque hic
ixtl_C0	1000	mil	words	other	tes y locuilxuchis^ enviaron a decir a alvarado y teua^ huehuezquitdn^ que combatiesen un barrio muy fuerte de mas de mil casas que estaba por ganar, y que ellos les ayudarian; y asi dieron sobre este barrio, y los vecinos pelearon muy bien 
ixtl_C0	13000	trece mil	words	person	isimo rato; y no pudiendo sufirir la furia de los nuestros, huyeron y desampararon sus casas, y mataron mas de doce o trece mil hombres. este dia casi no pelearon los espanoles si no fue al principio; mas luego se retiraron a un cabo, y estuvieron
ixtl_C0	50000	cincuenta mil	words	person	n poca resistencia entraron hasta lo mas fuerte que tenian los mexicanos para su defensa, que fueron muertos y presos cincuenta mil hombres. hicieronse este dia unas de las mayores crueldades sobre los desventurados mexicanos que se han hecho en esta 
ixtl_C0	60000	sesenta mil	words	person	lta, y les dijo a voces que se rindieran, pues ya estaba en poder de los enemigos. la gente de guerra, que seria hasta sesenta mil de ellos, los que habian quedado de los trescientos mil que eran de la parte de mexico, viendo a su rey dejaron las arm
ixtl_C0	300000	trescientos mil	words	other	taba en poder de los enemigos. la gente de guerra, que seria hasta sesenta mil de ellos, los que habian quedado de los trescientos mil que eran de la parte de mexico, viendo a su rey dejaron las armas, y la gente mas ilustre llego a consolar a su rey.^ 
ixtl_C0	300000	trescientos mil	words	person	 sea un fondeadero por donde tambien ge embarco el rey nezahmalcoyotl y el rey ixcoau de mexico, cuando a la cabeza de trescientos mil texcocanos y mexicanos, marcharon a destruir el imperio de los tecpanecas, y con el al tirano maxua, todavia existen muc
ixtl_C0	30000	treinta mil	words	person	ente la de d. alonso axayaoa, ochenta dias cabalmente. murieron de la parte de ixuxlaniolm y reino de texcuco, mas de treinta mil hombres, demas de doscientos mil que fueron de la parte de los espanoles, como ya se ha visto: de los mexicanos murier
ixtl_C0	200000	doscientos mil	words	person	ochenta dias cabalmente. murieron de la parte de ixuxlaniolm y reino de texcuco, mas de treinta mil hombres, demas de doscientos mil que fueron de la parte de los espanoles, como ya se ha visto: de los mexicanos murieron mas de doscientos cuarenta mil
ixtl_C0	240000	doscientos cuarenta mil, y	words	person	emas de doscientos mil que fueron de la parte de los espanoles, como ya se ha visto: de los mexicanos murieron mas de doscientos cuarenta mil, y entre ellos casi toda la nobleza mexicana, pues que apenas quedaron algunos senores y caballeros, y los mas ninos y de
ixtl_C0	2000	dos mil	words	other	 unas casas y palacios muy grandes con los mexicanos que trajo de mexico y el prendio personalmente, que eran obra de dos mil de ellos, en el sitio que llaman teepupac} que su padre le dio siendo nino, en donde se crio; y mando a todos sus vasal
ixtl_C0	400	cuatrocientas	words	other	d, los cuales juntaron todas las joyas y piezas de oro que cada uno tenia, y junto todo el oro y plata que se saco de cuatrocientas casas de senores que habia dentro de la ciudad, se lo enviaron a ixuilxuchitl^ el cual se lo dio a cortes, y rescato a 
ixtl_C0	1000	mil	words	person	e3dcanos y los de su parte el pesame de sus trabajos y persecucion. vino a esta embajada el hermano del rey con mas de mil hombres en su compania. todos se holgaron de esta embajada y paces con michuacanj como que fue de mucha consideracion, y
ixtl_C0	5000	cinco mil	words	person	 belicosa. envio cortes a cristobal de olid con cien espanoles de a pie y cuarenta de a caballo, y ixtluxuchul mas de cinco mil hombres para su servicio y ayuda. llegados a inchiacan, en la ciudad de chiuuuum^ que era la corte y cabecera de este r
ixtl_C0	30000	treinta mil	words	person	8s hiuuoxco^ y otras partes con doscientos espanoles a pie y treinta y cinco de a caballo; ixuilmcluu envio con ellos treinta mil hombres de guerra, y por capitanes a ciertos hermanos suyos, y algunos senores y soldados viejos, deudos y vasallos; y 
ixtl_C0	2000	y dos mil	words	person	avor del senor de tecuantepe^ y los demas que eran de nuestra parte con doscientos espanoles y cuarenta de a caballo, y dos mil hombres de guerra que envio ixtluxuchiu con ellos. fueron en el ano de 1522, y tardaron un mes en el camino por huaxac
ixtl_C0	25000	veinte y cinco mil	words	person	a un hijo suyo, los cuales viendo que estaban casi presos, y que les entendieron la traicion, se rescataron en mas de veinte y cinco mil castellanos de oro poblaron esta ciudad y provincia, y enviaron a requerirle con don fernando de alva ixtlilxochitl.
ixtl_C0	16000	diez y seis mil	words	person	vio luego a gonzalo de sandoval con sesenta peones y veinte y cinco de a caballo, e ixtluxuchiu mando fuesen con ellos diez y seis mil hombres de guerra, y que vengase y castigase a los de coliman^ y tambien a los de impiuzinco^ que hacian guerras a sus
ixtl_C0	400000	cuatrocientos mil	words	person	 ixtlihuchiti en el interin que sucedian las cosas referidas, andaba ocupado en la reedificacion de mexico con mas de cuatrocientos mil hombres, asi oficiales, como carpinteros, y albaniles y peones, y vivia en tlatelulco, en donde despachaba sus capitane
ixtl_C0	100000	cien mil	words	other	s suyos, para memoria en los tiempos venideros de esta insigne victoria que tuvieron contra mexico. labraronse mas de cien mil casas, mejores que las que solia haber, y mas de cuarenta mil casas mas de las que antes habia. y asimismo ixtluxuchit
ixtl_C0	40000	cuarenta mil	words	other	igne victoria que tuvieron contra mexico. labraronse mas de cien mil casas, mejores que las que solia haber, y mas de cuarenta mil casas mas de las que antes habia. y asimismo ixtluxuchitl labro ciertas casas, y cupole en la reparticion a tlatelulco,
ixtl_C0	40000	cuarenta mil	words	person	ravios a los nuestros. tomo cortes trescientos espanoles de a pie y ciento cincuenta de a caballo, y ixuuxuchiu mas de cuarenta mil aculhuas y algunos mexicanos. llegaron a ayntochtulan^ donde le salieron al encuentro los enemigos, y en un campo raso
ixtl_C0	5000	cinco mil	words	person	 en un campo raso y llano tuvieron una cruel batalla, y murieron de los de ixtluxuchiu^ como eran los primeros, mas de cinco mil de ellos, y de los enemigos tres tantos mas; fueron heridos cincuenta espanoles, y estuvieron aqui cuatro dias descansa
ixtl_C0	20000	veinte mil	words	person	asaron con ellas a la otra parte del rio. cortes con ci^n personas y cuarenta de a caballo, y ixtlilxuchitl con hasta veinte mil hombres; y como fuese amaneciendo fueron vistos por los enemigos, y cargaron tanto sobre ellos que por poco fueran ven
ixtl_C0	10000	diez mil	words	other	cieron a los enemigos, y seguidos mas de una legua, en donde murieron grandisima suma de ellos, aunque fueron heridos diez mil de los de ixuihuchiu. durmieron aquella noche los nuestros en un pueblo despoblado sin ^ente, y en los templos se halla
ixtl_C0	30000	treinta mil	words	person	y tantos pueblos sujetos a la ciudad detexcuco, y asi les fue forzoso ir sobre ellos a cortes y ixuilxucjiul con mas de treinta mil hombres de guerra. pelearon con ellos, y ixtlilxuchitl prendio por sus propias manos al general y al senor de tototepe
ixtl_C0	400	cuatrocientos	words	other	 insolencias a los de panuco, que les fue forzoso rebelarse, no pudiendo sufrir a los espanoles, y asi mataron mas de cuatrocientos de ellos; y como tuviese cortes aviso de esto, pidio a ixtlilxuchitl socorro de gente y al rey ouauhtemocy el cual y s
ixtl_C0	15000	quince mil	words	person	xuchitl socorro de gente y al rey ouauhtemocy el cual y sus vasallos habian convalecido, y cada uno de ellosdio mas de quince mil hombres de guerra con gonzalo de sandoval, y cincuenta de a caballo y cien de a pie, y los enviarona panuco, yendo por g
ixtl_C0	400	y cuatrocientos	words	person	dias lo saquearon todo y mataron una infinidad de indioa. fueron presos por los nuestros [sesenta senores de pueblos, y cuatrocientos caballeros y capitanes, sin otra mucha gente comun; los cuales fueron condenados a muerte y quemados, salvo la gente m
ixtl_C0	20000	veinte mil	words	person	ra que fuesen con alvarado a sujetarlos. cuauhtemoc y ixtluxuchiu^ que ya tenian apercibidos a sus vasallos, juntaron veinte mil hombres de guerra, y muy expertos en la malicia y tierras de la costa, enviando cada uno de ellos su general con diez m
ixtl_C0	10000	diez mil	words	person	e mil hombres de guerra, y muy expertos en la malicia y tierras de la costa, enviando cada uno de ellos su general con diez mil hombres de guerra, los cuales fueron con alvarado, y llevaba mas de trescientos espanoles. salieron de mexico a 6 de d
ixtl_C0	4000	cuatro mil	words	person	ajo; el segundo una cuesta muy alta y aspera, que tenia mas de cinco leguas; y en un reventon de esta hallaron mas de cuatro mil enemigos y pelearoh con ellos hasta desbaratarlos; y mas adelante, en un llano, hallo mas de treinta mil de ellos, y p
ixtl_C0	30000	treinta mil	words	other	llaron mas de cuatro mil enemigos y pelearoh con ellos hasta desbaratarlos; y mas adelante, en un llano, hallo mas de treinta mil de ellos, y pelearon y los desbarataron; y mas adelante fueron a ciertas fuentes y tomaron a pelear con los mismos; mas
ixtl_C0	4000	cuatro mil	words	person	 los generales de texcuco y mexico enviaron a cuauhtemalan a pedir socorro al senor de alli, el cual les envio mas de cuatro mil hombres de guerra, con los cuales pelearon con sus enemigos; y dieronles tanta prisa, que los sujetaron, y los ciudadan
ixtl_C0	7000	siete mil	words	person	 entrada de este lugar. visto por los nuestros que era mucha la ventaja de los enemigos, y que no habia mas que hasta siete mil mexicanos yitexcucanos, porque los demas, unos eran muertos,. y otros quedaban en cuauhtemalan indispuestos de los tra
ixtl_C0	1000	mil	words	other	abajos pasados, y alvarado no llevaba mas de doscientos cincuenta espanoles de a pie y cien de a caballo, y otros pocos mil mas de ouaukiemalan^ ^ pasaron por un lado del ejercito de los enemigos; y como los vieron a la otra parte, embistieron
ixtl_C0	400	cuatrocientas	words	other	oro y riquezas hallaron en este viaje, aunque se ganaron y sujetaron otras provincias. anduvieron, segun dicen, mas de cuatrocientas leguas, y desde cuaumenudan se vinieron el ejercito de los aculhuas y mexicanos, y dejaron alla a alvarado con los demas
ixtl_C0	10000	diez mil	words	person	enerales deudos de ixtlilxuchiu y ouauhtemoc^ uno de los aculhuas y otro de los mexicanos y tepanecas; cada general con diez mil hombres de guerra. fueron derechos a la villa del espiritu santo, y all juntaronse mas espanoles. hicieron ciertas ent
ixtl_C0	20000	veinte mil	words	person	i envio cortes a rodrigo rangel que es el mismo que fue la primera vez con ciento cincuenta espanoles, y ixtlilxuchitl veinte mil hombres de guerra en su compania, y un hermano suyo por general; y de camino se juntaron con los de tlaxcalan, que env
ixtl_C0	6000	seis mil	words	person	 su compania, y un hermano suyo por general; y de camino se juntaron con los de tlaxcalan, que enviaron otros cinco o seis mil hombres en su favor. llegados a estas provincias les requirieron con la paz una y muchas veces, y viendo que na se que
ixtl_C0	400	cuatrocientas	words	other	 y con esto quedo todo el imperio de las tres cabeceras texcuco, mexico y tlacopan sujeto, que corria lo mas de ellas cuatrocientas leguas a la redonda de esta laguna grande de texcuco, hasta las costas de la mar del sur y norte, como se ha visto. ot
ixtl_C0	20000	veinte mil	words	person	cantidad de soldados que tenia en su ejercito, qn la plaza de otumpan^ donde el residia; y entre toda su gente escogio veinte mil hombres de gueorra, los mas valerosos que los conocia muy bien en las guerras pasadas, y todos los capitanes sus: amigo
ixtl_C0	1000	mil	words	other	amino ciertas provincias que estaban rebeladas por causa de los espanoles, que les robaban sus haciendas y les hacian mil molestias. salido que fue de mexico cortes, de alli a pocos dias los gobernadores espanoles que dejo en su lugar, llam
ixtl_C0	1000	mil	words	other	 gobierno, de tal manera que todos los espanoles estaban encontrados los unos con los otros, y los naturales les hacian mil molestias, de tal manera que se alzaran y mataran a cuantos espanoles habia dentro de la ciudad, si no fuera por amor 
ixtl_C0	1000	mil	words	other	ra perderse, porque si de antes hacian mal a los naturales, ahora fue peor con estas revueltas, pues que les inferian mil agravios y se tragaban sus haciendas. los naturales de huaxacac, zihuauan y otras partes, recibian hartas pesadumbres
ixtl_C0	1000	mil	words	other	n otro muy grande que fue necesario hacer una puente de madera que tu1 xicalanco. 408 obras historicas de vo casi mil varas ^ de ancho que estaba muy cerca de la mar. trabajaron aqui muy bien los naturales que fueron los que hicieron est
ixtl_C0	500	quinientos	words	other	, mas lo querian para los caballos que no para el ejercito. al cabo de los tres dias, dieron sobre un estero de mas de quinientos pasos de ancho y de hondo algunas seis brazas; y como no tenian canoas para pasar a la otra banda, tuvieron grandisimo 
ixtl_C0	1000	mil	words	other	a nos entregaron a manos de estos extranjeros, para padecer los largos y asperos caminos, las hambres y frios y otras mil calamidades que padecemos, desposeidos de nuestros reinos y senorios, y olvidados de nuestra regalada patria, como si fu
ixtl_C0	1000	mil	words	person	 donde hallarian harto bastimento y todo lo necesario; pero que estaba a la otra banda de el. ixthlxuchiu envio mas de mil aculhuas sus vasallos con algimos espanoles, para que de alla trajesen bastimento, los cuales fueron y proveyeron al ej
ixtl_C0	1000	mil	words	person	ortes, y para que los llamaban. decianles que les perdonase que no osaban venir porque los espanoles les habian hecho mil insolencias, y venian a robar hombres que los llevaban forzadamente en sus navios. ixtluxuchitl por lengua de marina d
ixtl_C0	500	quinientas	words	other	xico donde fue muy bien recibido. este fin tuvo la larga jomada que hizo ixtluxuchiu i, ibueras el cual andubo mas de quinientas leguas, segun dicen los autores espanoles, especialmente gomara, que se conforma en lo que es de tiempo y lugares que 
ixtl_C0	562	quinientos sesenta y dos	words	other	o ser de mi historia. don fernando de alva ixtlilxochitl. 433 porque en el se acabo la monarquia tulteca que duro quinientos sesenta y dos anos, y lo mismo ha sucedido en ixtluxuchitl que se acabo en su muerte el imperio chichimeca meridional, que duro otro 
ixtl_C0	5000	cinco mil	words	person	 lo que tengo en historias. dicen que el mejor ejercito que se saco de texcuco para las partes referidas era de mas de cinco mil soldados, los cuales ixuuxvaikiu siempre proveia de todo lo necesario, asi de sustento como de vestuario, de armas y de
ixtl_C0	1000	mil	words	other	chitl y de los demas sus deudos, y gastado todos los tributos de todo el tiempo que se ocupo en las ibueraa, causando mil vejaciones a los naturales, haciendo casas a los espanoles dentro de la ciudad de mexico, dandoles solares de los que 
ixtl_C0	1000	mil	words	person	y bien lo sabian, hasta ver en que paraban estas cosas. los caballeros y gente ilustre todos los dias venian a el con mil quejas, diciendole que les hacian tributar, y los enviaban a servir a los espanoles, especialmente izjuinquani, que er
ixtl_C0	4000	cuatro mil	words	person	de xoliaco a xociiipuan, fue con el d. antonio, que al presente era senor de la provincia de texcuco, y llevo conmigo cuatro mil hombres de guerra en favor de los espanoles y servicio de s. m., donde murieron muchos de ellos, de manera que desde q
ixtl_C0	600	seiscientos y	words	other	s en tula. muerto su primero y antiguo senor huctmlin, eligieron para su sucesor a acatonale, y dicen que aquel vivio seiscientos y tantos anos, cosa increible, y que los trajo guiando hasta llegar a tula. (el orden de sucesion de sus senores fue como 
ixtl_C0	2000	dos mil	words	other	esta relacion he sacado excelentisimo senor de los nueve libros que estoy escribiendo de cosas de la tierra, de mas de dos mil anos a esta parte, segun esta en la original historia de los senores de esta tierra conforme lo he interpretado y los v
ixtl_C0	1792	mil setecientos noventa y dos	words	other	sta historia se ha copiado literalmente de un ejemplar que fue de d. mariano veytia. mexico, veintidos de noviembre de mil setecientos noventa y dos. — fr. franciaeo garcia figtteroa, 1 por im raiodm ttzpamtu en las notas del primer tomo, poode dadane de que u histo
ixtl_C0	1000000	un millon, y	words-millon	other	historias haber tenido ningun principe de los mas poderosos que hubo antes ni despues en este nuevo mundo: era mas de un millon, y las tierras que poblo este gran ejercito en su primer asiento fueron todas las que caen de la parte de adentro de las 
ixtl_C0	1064	mil y sesenta y cuatro	words	other	 armas los matasen. todo lo cual puso por obra tochintecuhtli, y se puso en el puesto de huexutla el ano siguiente de mil y sesenta y cuatro que llaman ce tecpatl. ^ el principe quinatzin paso su corte, y morada a oztocticpac, que es en tetzcuco y dio princip
ixtl_C0	1000	mil	words	other	, salian a ciertos campos en donde tenian acorraladas cantidad de fieras de todo genero, con quienes peleaban y hacian mil gentilezas, y despues de haber matado y despedazado, corrido, saltado, y flechadose unos a otros, y hecho otras cosas de
ixtl_C0	550	doscientos y cincuenta y trescientos	words	other	espues de haber reinado muchos anos; porque segun por la historia parece, estos senores chichimecas y aculhuas vivian doscientos y cincuenta y trescientos anos, ^ lo cual vino a faltar en sus descendientes, despues que se dieron a los regalos de las comidas, y a los deleit
ixtl_C0	1414	mil cuatrocientos y catorce	words	other	^ en donde te determinaron las ffu^rraa que hubo entre ixuuxochiu y texozomoe sobre el imperio. el ano siguiente de mil cuatrocientos y catorce de la encarnacion de cristo nuestro senor que llaman matlactliomey tochtli, hizo cortes y junta ixtlilxochitl de los sen
ixtl_C0	1420	mil cuatrocientos y veinte	words	other	entea al patrimonio del imperio de loa ohiehimecat, y otras coeaa que hito y del nteoo que eom, el ano siguiente de mil cuatrocientos y veinte de la encarnacion de cristo nuestro senor llamado chicuacen tecpatl, hios despues de la muerte del infeliz ixtlilxochit
ixtl_C0	1400	mil cuatrocientos y	words	other	que es a los cinco dias de su octavo mes llamado micailhuitzintli, a once dias del mes de agosto del ano del senor de mil cuatrocientos y veintisiete. 1 este pasaje confirma la nota puesta al fin de la llf relacion de los senores chichimecas, tomo 1? pagin
ixtl_C0	400000	cuatrocientas mil,	words	other	educidos a fanegas montan treinta y una fanegas y tres almudes; otros tres tlacopintlis de frijoles, y tortillas hechas cuatrocientas mil, de cacao cuatro xiquipiles que montan treinta y dos mil cacaos, cien gallos, veinte panes de sal, veinte cestones de c
ixtl_C0	32000	treinta y dos mil	words	other	udes; otros tres tlacopintlis de frijoles, y tortillas hechas cuatrocientas mil, de cacao cuatro xiquipiles que montan treinta y dos mil cacaos, cien gallos, veinte panes de sal, veinte cestones de chile ancho y otros veinte de chile menudo, diez de tomate
ixtl_C0	400	cuatrocientas	words	other	nio pimentel descendiente de nezahualcoyotzin. (nota de ternaux). 170 obras historicas de y pueblos, que contenian cuatrocientas medidas de largo y de ancho ni mas ni menos, que se llamaba por una parte tlatocatlali o tlatocamili, que quiere decir 
ixtl_C0	200000	doscientas mil	words	person	e estas. 2 debe ser saque. 174 obras historicas de con todos sus llamamientos, en donde andaban ocupadas mas de doscientas mil personas cada dia. los obreros mayores, que eran de estas casas, fueron xilomantzin senor de culhuacan, y moquihuitzin
ixtl_C0	411	cuatrocientas y once	words	other	ella asistia el rey nezahuulcoyotzin personalmente. ^ tenian las casas de longitud que corrian de oriente a poniente, cuatrocientas y once medidas y media, que reducidas a nuestra medida, hacen mil doscientas treinta y cuatro varas y media, y de latitud que 
ixtl_C0	1234	mil doscientas treinta y cuatro	words	other	ongitud que corrian de oriente a poniente, cuatrocientas y once medidas y media, que reducidas a nuestra medida, hacen mil doscientas treinta y cuatro varas y media, y de latitud que es de norte a sur, trescientas veintiseis medidas que hacen novecientas y setenta y och
ixtl_C0	978	novecientas y setenta y ocho	words	other	oscientas treinta y cuatro varas y media, y de latitud que es de norte a sur, trescientas veintiseis medidas que hacen novecientas y setenta y ocho varas: ^ por la cuadra que caia hacia la parte del sur y oriente era la cerca de una pared muy 1 el mapa quinatzin no
ixtl_C0	2000	dos mil	words	other	 muchas fuentes de agua, estanques y acequias con mucho pescado, y aves de volateria, lo cual estaba cercado de mas de dos mil sabinos, que hoy esta la mayor parte de ellos en pie; y asimismo habia en estos jardines otros muchos laberintos, que 
ixtl_C0	400	cuatrocientas	words	other	 todos eran a este talle; unos tenian dos, tres y mas capillas, y algunos que no tenian mas de solo una: habia mas de cuatrocientas salas y aposentos en donde estaban estos templos, para las viviendas de los sacerdotes y ministros del templo, y en don
ixtl_C0	400	cuatrocientas	words	person	ros que asistian en su corte, cada uno conforme a la calidad y meritos de su persona, las cuales llegaron a ser mas de cuatrocientas casas de senores y caballeros de solar conocido. y para el buen gobierno, asi de su reino como para todo el imperio, es
ixtl_C0	4300	cuatro mil y trescientos	words	other	yotzin con la cabecera de quauhnahuac nueve pueblos. al que puso por mayordomo de la cobranza de los tributos, sacaba cuatro mil y trescientos fardos de mantas ricas, panetes y huepiles que montan por todo ochenta y seis mil mantas, huepiles, enaguas y panetes; ^
ixtl_C0	86000	ochenta y seis mil	words	other	branza de los tributos, sacaba cuatro mil y trescientos fardos de mantas ricas, panetes y huepiles que montan por todo ochenta y seis mil mantas, huepiles, enaguas y panetes; ^ y cierta cantidad de preseas de oro, pedreria y plumeria en cada un ano, sin las 
ixtl_C0	1800	mil y ochocientos	words	other	ataba a la cintura; y la enagua era el cueitl. don fernando de alva ixtlilxochitl. 197 en cada un ano de tributos mil y ochocientos fardos de mantas asi de las ricas betadas ^ de todos colores, que servian para en tapizar las salas y cuartos del rey,
ixtl_C0	40000	cuarenta mil	words	other	o brazas, y otros cien fardos de las mas delicadas y primas de a cuatro brazas, que las unas y las otras venian a ser cuarenta mil piezas, sin mas cuatrocientas petacas y cuatrocientos pellejos de venado, cien venados vivos, cien cargas de chile y ci
ixtl_C0	400	cuatrocientas	words	other	 de las mas delicadas y primas de a cuatro brazas, que las unas y las otras venian a ser cuarenta mil piezas, sin mas cuatrocientas petacas y cuatrocientos pellejos de venado, cien venados vivos, cien cargas de chile y cien cargas de pepitas, cien pap
ixtl_C0	400	y cuatrocientos	words	other	y primas de a cuatro brazas, que las unas y las otras venian a ser cuarenta mil piezas, sin mas cuatrocientas petacas y cuatrocientos pellejos de venado, cien venados vivos, cien cargas de chile y cien cargas de pepitas, cien papagayos grandes, cuarenta
ixtl_C0	4000	cuatro mil,	words	other	s cuarenta costales de plumeria de aves de diferentes colores, sin mas doscientos fardos de panetes, que venian a ser cuatro mil, con las amas y criadas necesarias para el servicio de palacio. en la gran provincia de tochpan puso por su mayordomo a
ixtl_C0	1580	mil quinientos y ochenta	words	other	incia de tochpan puso por su mayordomo a huehutli, que cobraba en cada un ano de las mantas del genero atras referido, mil quinientos y ochenta fardos, y mas veinticinco mantas y huepiles, sin mas cuatrocientos fardos, y mas diez mantas del ilacatziuhqui ^ de a o
ixtl_C0	400	cuatrocientos	words	other	de las mantas del genero atras referido, mil quinientos y ochenta fardos, y mas veinticinco mantas y huepiles, sin mas cuatrocientos fardos, y mas diez mantas del ilacatziuhqui ^ de a ocho brazas, y otros tantos fardos de mantas del ilacatziuhqui delg
ixtl_C0	47645	cuarenta y siete mil seiscientas cuarenta y cinco	words	other	ocho brazas, y otros tantos fardos de mantas del ilacatziuhqui delgado de a cuatro bi-azas, que por todo venian a ser cuarenta y siete mil seiscientas cuarenta y cinco mantas, enaguas y huepiles, piezas de ilacatziuhqui y panetes, sin mas las amas de palacio y criadas que eran necesaria
ixtl_C0	400	cuatrocientas	words	other	nto y veinte piezas: igualmente le sembraban y cultivaban en cada un ano una sementera de cacao, que tenia de longitud cuatrocientas medidas y de latitud doscientas, sin mas treinta y tres cargas de cacao que se cobraban de tributo, dos mil pelotas de 
ixtl_C0	2000	dos mil	words	other	itud cuatrocientas medidas y de latitud doscientas, sin mas treinta y tres cargas de cacao que se cobraban de tributo, dos mil pelotas de hule y cuatrocientos panos de grana, sin mas muchas piezas de plumeria, como eran rodelas, penachos y otras 
ixtl_C0	400	y cuatrocientos	words	other	as y de latitud doscientas, sin mas treinta y tres cargas de cacao que se cobraban de tributo, dos mil pelotas de hule y cuatrocientos panos de grana, sin mas muchas piezas de plumeria, como eran rodelas, penachos y otras divisas que los reyes usaban cuan
ixtl_C0	400	y cuatrocientas	words	other	 uno de los catorce grandes del reino, todavia quedo obligado a dar en cada un ano de tributo sesenta fardos de mantas y cuatrocientas medidas de frijol, que son quinientas fanegas; y asimismo estuvo a su cargo el tener cuenta de plantar arboledas en los
ixtl_C0	500	quinientas	words	other	ia quedo obligado a dar en cada un ano de tributo sesenta fardos de mantas y cuatrocientas medidas de frijol, que son quinientas fanegas; y asimismo estuvo a su cargo el tener cuenta de plantar arboledas en los jardines y bosques; y nombro por mayo
ixtl_C0	1000	mil	words	other	y hay en la nueva espana, segun parece por los padrones reales de aquellos tiempos), como las cosas de esta vida tienen mil mudanzas y nunca faltan calamidades (como las que en esta sazon contienen y fueron las primeras), en el ano de mil cua
ixtl_C0	1454	mil cuatrocientos cincuenta y cuatro	words	person	mente los eclipses de sol. vease el codice telleriano remense. 206 obras historicas de gente, y en el siguiente de mil cuatrocientos cincuenta y cuatro a los principios de el hubo un eclipse muy grande de sol, y luego se aumento mas la enfermedad, y moria tanta gente qu
ixtl_C0	1469	mil cuatrocientos sesenta y nueve,	words	other	sto mitigaban la hambre que tenian; habiendose ocupado los chalcas casi en esto cuatro anos sucesivos. el siguiente de mil cuatrocientos sesenta y nueve, casi a los ultimos del que llaman yei calli, murio el gran motecuhzomatzin ilhuicamina en su ciudad de mexico, y llegada
ixtl_C0	12000	doce mil	words	person	; y fue preso y cautivo tlilcuezpali con otros muchos capitanes de su valia. fueron de los contrarios cautivos mas de doce mil personas, y de ios del imperio no llegaron a mil los que en estas batallas murieron. el rey axayacatzin quedo lisiado d
ixtl_C0	1000	mil	words	person	capitanes de su valia. fueron de los contrarios cautivos mas de doce mil personas, y de ios del imperio no llegaron a mil los que en estas batallas murieron. el rey axayacatzin quedo lisiado de la pierna, aunque sano de las heridas; y habiend
ixtl_C0	25607	veinte y cinco mil seiscientas y siete	words	other	fas de lo propio, y cuarenta fardos y mas siete mantas de pluma que servian de sobrecamas, que por todas venian a ser veinte y cinco mil seiscientas y siete mantas, sin las preseas de joyas de oro, aderezos y divisas de plumeria fina, y en cada un ano y en cada lugar una sem
ixtl_C0	1000	mil	words	other	totouan, oztohcpac y otrcu provincias de la costa del mar del norte. al rey nezahualpiltzintli cada dia se le hacian mil anos por salir a batalla y probar su ventura, y como su tierna edad no le ayudaba, se afligia mucho; y asi demas de cu
ixtl_C0	31600	treinta y un mil y seiscientas	words	other	ros caballeros y allegados. de ordinario en palacio se gastaban en cada un ano (segun parece por los padrones reales), treinta y un mil y seiscientas fanegas de maiz, doscientas cuarenta y tres cargas de cacao, ocho mil gallos, cinco mil fanegas de chile ancho y delgad
ixtl_C0	8000	ocho mil	words	other	 por los padrones reales), treinta y un mil y seiscientas fanegas de maiz, doscientas cuarenta y tres cargas de cacao, ocho mil gallos, cinco mil fanegas de chile ancho y delgado y pepitas, y dos mil medidas de sal; y para el vestuario, asi para 
ixtl_C0	5000	cinco mil	words	other	 reales), treinta y un mil y seiscientas fanegas de maiz, doscientas cuarenta y tres cargas de cacao, ocho mil gallos, cinco mil fanegas de chile ancho y delgado y pepitas, y dos mil medidas de sal; y para el vestuario, asi para el rey como todos 
ixtl_C0	2000	y dos mil	words	other	iz, doscientas cuarenta y tres cargas de cacao, ocho mil gallos, cinco mil fanegas de chile ancho y delgado y pepitas, y dos mil medidas de sal; y para el vestuario, asi para el rey como todos los demas caballeros que asistian en su casa y corte y 
ixtl_C0	574010	quinientas setenta y cuatro mil y diez	words	person	tuario, asi para el rey como todos los demas caballeros que asistian en su casa y corte y para la demas gente referida, quinientas setenta y cuatro mil y diez mantas, que todas las mas eran finisimas y de precio. esto era de las rentas que el rey tenia en las provincias de su p
ixtl_C0	5000	cinco mil	words	other	ran cantidad de maiz y otras semillas que se guardaban para los anos esteriles, y en cada una de ellas cabian cuatro o cinco mil fanegas, y estaban con tanto orden y concierto, que por todas partes el aire las cogia, con que las semillas duraban muc
ixtl_C0	2000	dos mil	words	other	 y loa hijo» que tuvo en ella y en la» demd». por las historias parece haber tenido el rey nezahualpiltzintli mas de dos mil concubinas, aunque con las que el trato familiarmente y tuvo hijos en ellas, fueron cuarenta con la reina, de las cuales
ixtl_C0	100000	cien mil	words	person	s de don fernando de alva ixtlilxochilt. muy grandes y ricos despojos, y de muy gran suma de cautivos que fueron casi cien mil hombres, y de la parte del imperio no pasaron de siete mil los que en estas conquistas murieron. antes de venirse dejaro
ixtl_C0	7000	siete mil	words	person	icos despojos, y de muy gran suma de cautivos que fueron casi cien mil hombres, y de la parte del imperio no pasaron de siete mil los que en estas conquistas murieron. antes de venirse dejaron gente de guarnicion en las mas fuertes ciudades y cabece
ixtl_C0	1000	mil	words	other	os rebeldes dejando bien proveidos de gente los presidios y fortalezas, trajo demas de los despojos mas de veinticinco mil cautivos. igualmente el rey nezahualpiltzintli casi por estos tiempos hizo una entrada contra los de atlixco, una de la
ixtl_C0	80400	ochenta mil y cuatrocientos	words	person	taron con los que el rey de mexico tenia de solas cuatro naciones que fueron cautivas en las guerras atras referidas, ochenta mil y cuatrocientos hombres en este modo: de la nacion tzapoteca diez y seis mil, de los tlapanecas veinticuatro mil, de los huexotzincas y
ixtl_C0	16000	diez y seis mil,	words	person	ron cautivas en las guerras atras referidas, ochenta mil y cuatrocientos hombres en este modo: de la nacion tzapoteca diez y seis mil, de los tlapanecas veinticuatro mil, de los huexotzincas y allixcas otros diez y seis mil, de los de tizauhcoac veinticu
ixtl_C0	1000	mil,	words	other	henta mil y cuatrocientos hombres en este modo: de la nacion tzapoteca diez y seis mil, de los tlapanecas veinticuatro mil, de los huexotzincas y allixcas otros diez y seis mil, de los de tizauhcoac veinticuatro mil y cuatrocientos, que vienen
ixtl_C0	16000	diez y seis mil,	words	other	modo: de la nacion tzapoteca diez y seis mil, de los tlapanecas veinticuatro mil, de los huexotzincas y allixcas otros diez y seis mil, de los de tizauhcoac veinticuatro mil y cuatrocientos, que vienen a montar el numero referido; todos los cuales fueron s
ixtl_C0	1400	mil y cuatrocientos,	words	other	s tlapanecas veinticuatro mil, de los huexotzincas y allixcas otros diez y seis mil, de los de tizauhcoac veinticuatro mil y cuatrocientos, que vienen a montar el numero referido; todos los cuales fueron sacrincados ante este estatuario del demonio, y las cabe
ixtl_C0	100000	cien mil	words	person	xltilxochitl. rras de menos cuantia que despues en el discurso del ano fueron sacrificados, que vinieron a ser mas de cien mil hombres; y asi los autores que exceden en el numero, se entiende con los que despues se sacrificaron. fue tan grande l
ixtl_C0	1000	mil	words	person	lances hubieron a las manos al desdichado capitan que llevaba las armas y divisas del rey, y en un instante lo hicieron mil pedazos, no teniendose por dichoso y bien aventurado el soldado y capitan que no llevaba un pedazo de su cuerpo o de su
ixtl_C0	2000	dos mil	words	person	cios con grande aparato y servicio de gente como hija de tan gran senor como lo era el rey su padre, y asi pasaban de dos mil personas las que trajo consigo para su servicio, de amas, criadas, pjges y otros sirvientes y criados; y aunque nina er
ixtl_C0	1000	mil	words	person	e viendose sola en sus cuartos y que sus gentes la tenian y respetaban por la gravedad de su persona, comenzo a dar en mil flaquezas y fue a dar que qualqui, ^ mancebo galan y gentil hombre acomodado a su gusto y aficion, daba orden en secre
ixtl_C0	2000	dos mil	words	person	anes, y por ser gente de calidad, sus cuerpos fueron quemados con las estatuas referidas; y a los demas que pasaron de dos mil personas les fueron dando garrote, y en una barranca cerca de un templo del idolo de los adulterios, los fueron echando
ixtl_C0	17400	diez y siete mil y cuatrocientas	words	person	iendola la sujetaron y saquearon, en donde en su defensa murieron muchos millares de tequantepecas, y trajeron cautivos diez y siete mil y cuatrocientas personas; con cuya hazana quedaron los de esta provincia muy destrozados, habiendo siempre defendido su partido muy bi
ixtl_C0	1500	mil quinientos,	words	other	aron los de esta provincia muy destrozados, habiendo siempre defendido su partido muy bien. luego el ano siguiente de mil quinientos, que llamaron chicuey tecpatl, por haberse tornado a rebelar los de la provincia de xaltepec fueron sobre ellos, y total
ixtl_C0	1505	mil quinientos y cinco	words	other	 quinientos cuatro, murio tehuehuetzin senor de la provincia de quauhnahuac, y sucediole itzcoatzin: en el siguiente de mil quinientos y cinco fue la hambre, y sucesivamente el de mil quinientos y seis, ^ que llamaron matlactliomey calli y ce toxtli, de tal mane
ixtl_C0	1506	mil quinientos y seis,	words	other	de quauhnahuac, y sucediole itzcoatzin: en el siguiente de mil quinientos y cinco fue la hambre, y sucesivamente el de mil quinientos y seis, ^ que llamaron matlactliomey calli y ce toxtli, de tal manera que en toda la tierra no se cogio ningun fruto, si no fue
ixtl_C0	507	y mil quinientos siete	words	person	n opinion, por concierto y pacto secreto que el rey motecuhzoma su hermano tuvo con los de auixco, por 1 aqui falta: y mil quinientos siete. 310 obras historicas de excusar alteraciones y persona que se le anteponia, hizo quefuese muerto y vencido en es
ixtl_C0	2800	y dos mil ochocientos	words	person	 quefuese muerto y vencido en esta batalla, en donde murio con el otro de los senores mexicanos llamado tzicquaquatzin y dos mil ochocientos soldados que iban en su defensa; lo cual sintio en infinito el rey nezahualpiltzintli, y compuso aquel canto que llaman
ixtl_C0	400	cuatrocientas	words	person	nes que quedaron de todo punto rendidas, y todas debajo del imperio de las tres cabezas, que tenia de longitud mas de cuatrocientas leguas, y de latitud desdon fernando de alva ixtlilxochitl. 319 de el mar del norte hasta el del sur. ^ y porque los a
ixtl_C0	1000	mil	words	other	n descuidados de la traicion y trato doble que contra ellos estaba hecho; aunque aquella tarde y aquella noche tuvieron mil presagios que les representaban su total destruccion y ruina, entre los cuales, el uno fue que vieron por el aire que 
ixtl_C0	2000	dos mil	words	person	37 sonas de juntar gente para hacer este viaje, y no persona que con el se acomodase, sino fernando cortes que tenia dos mil ducados en el cambio de andres de duero, mercader que era discreto y de estomago para saber gobernar. cortes acepto aq
ixtl_C0	4000	cuatro mil	words	other	viaje, de que hubo entre los dos grandes pasiones; mas cortes a pesar del otro, dio principio a su viaje y tomo fiados cuatro mil ducados con que compro navios y todo lo necesario, y luego se le agregaron sus amigos que sustento a su costa y dio di
ixtl_C0	550	quinientos cincuenta	words	person	se puso en salvo en la isla de guaniganiga, y habiendo saltado en tierra hizo resena de la gente que llevaba, y hallo quinientos cincuenta espanoles de pelea, ^ y mas algunos indios de servicio; de los cuales hizo once companias de cincuenta hombres, y tomo 
ixtl_C0	673	seiscientos setenta y tres	words	person	 carta del ayuntamiento de veracruz al emperador se dice que 400 soldados. (nota de temaux). — el verdadero numero fue seiscientos setenta y tres castellanos utiles para la guerra. tomo ji~23 338 obras de don fernando de alva ixtlilxochitl. deras con sus arma
ixtl_C0	500	quinientos	words	person	nos de los naturales de cuba, y les sucediera muy mal, si cortes no fuera luego a socorrerlos. otro dia siguiente puso quinientos hombres en el campo con trece caballos y algunas piezas de artilleria, y yendo marchando su ejercito por unas labranza
ixtl_C0	40000	cuarenta mil	words	person	rece caballos y algunas piezas de artilleria, y yendo marchando su ejercito por unas labranzas, salieron al encuentro cuarenta mil hombres con los cuales peleo, y aunque con dificultad y gran trabajo los vencio, en donde segun lo que les parecio a lo
ixtl_C0	4000	cuatro mil	words	person	 que ellos no iban a otra cosa. de alli a dos dias que fue el lunes de pascua de resurreccion, vino el gobernador con cuatro mil hombres que le acompanaban, cargados de bastimentos que dio a cortes, con algunas preseas y joyas de oro bien ricas, el
ixtl_C0	2000	dos mil	words	person	ego alla. teotlili se volvio a cuetlachtlan donde residia, y dejo con los nuestros acuillalpitoc y otros capitanes con dos mil personas para el servicio y regalo de los espanoles. 1 aguilar era clerigo subdiacono, y asi no caso ni pudo casar co
ixtl_C0	1000	mil	words	other	abian tenido perpetua paz, hasta que ultimamente motecuhzoma los habia tiranizado, y el y los suyos cada dia le hacian mil agravios, y que por salir de poder de tiranos, se holgarian el y otros muchos de los senores de las provincias comarca
ixtl_C0	100000	cien mil	words	person	 pagasen tributos a mexico: todos se alzaron y rogaron a cortes que fuese su caudillo, que ellos pondrian en el campo cien mil hombres de guerra. fue muy grande el gusto que de esto recibio ckirtes, porque vido que ya tenia revuelta toda la tier
ixtl_C0	500	quinientos	words	person	abia de sacar honra y fama inmortal: muchos rehusaban esta entrada porque les parecia temeridad, mas que esfuerzo, ir quinientos hombres entre millones de1 en blanco en el original. 2 esta primera relacion de cortes, 6 se ha perdido o no la escrib
ixtl_C0	1000000	millones	words-millon	person	a inmortal: muchos rehusaban esta entrada porque les parecia temeridad, mas que esfuerzo, ir quinientos hombres entre millones de1 en blanco en el original. 2 esta primera relacion de cortes, 6 se ha perdido o no la escribio. yo me inclino a es
ixtl_C0	1000	mil	words	person	ontra motecuhzoma, que eran entre ciudades y pueblos mas de cincuenta, en donde se podrian sacar en campo otros tantos mil hombres en su favor; y dejando siempre cincuenta hombres en la villa, con los demas se salio por la via de mexico, hab
ixtl_C0	519	quinientos diez y nueve,	words	person	rroco los idolos, y puso en los templos imagenes y cruz: partio de allien diez y seis de agosto del mismo ano de rail quinientos diez y nueve, con mil indios de carga y mil trescientos de guerra, llevando consigo ciertos rehenes, y en su compania cuatrocientos e
ixtl_C0	1000	mil	words	person	los templos imagenes y cruz: partio de allien diez y seis de agosto del mismo ano de rail quinientos diez y nueve, con mil indios de carga y mil trescientos de guerra, llevando consigo ciertos rehenes, y en su compania cuatrocientos espanoles
ixtl_C0	400	cuatrocientos	words	other	s diez y nueve, con mil indios de carga y mil trescientos de guerra, llevando consigo ciertos rehenes, y en su compania cuatrocientos espanoles, quince caballos, y siete tirulos: tres dias camino por tierras de los amigos, muy servido y festejado, y el 
ixtl_C0	5000	cinco mil	words	person	un el uno de estos espias de una cuchillada corto a un caballo la cabeza a cercen con riendas y todo, aunque salieron cinco mil tlaxcaltecas a defenderlos; mas luego la senoria envio sus mensajeros a ck)rtes, disculpandose de lo hecho y cargando la
ixtl_C0	1000	mil	words	other	on su ciudad, con intencion de cojerlos y matarlos dentro de ella. otro dia siguiente les salieron al encuentro hasta mil tlaxcaltecas, que pelearon con muy buen orden y animo, y se fueron retirando con intento de meter a cortes y a los suy
ixtl_C0	80000	ochenta mil	words	person	 muy buen orden y animo, y se fueron retirando con intento de meter a cortes y a los suyos en una emboscada de mas de ochenta mil personas, en donde se vieron en grandisimo peligro y salieron heridos muchos, aunque no murio ninguno; y haciendose fu
ixtl_C0	150000	ciento cincuenta mil	words	person	o murio ninguno; y haciendose fuertes en una aldea aquella noche, otro dia de manana tuvieron aviso que venian mas de ciento cincuenta mil hombres sobre ellos, con que obro dios grandes milagros en su defensa: cuando estos tlaxcaltecas llegaron a vista de l
ixtl_C0	20000	veinte mil,	words	other	y de los nuestros, que los tlaxcaltecas nunca los acometieron todos juntos, sino por cuadrillas, saliendo de veinte en veinte mil, que vencidos aquellos, entraban otros tantos; y en dos dias que duro la batalla mataron infinitos tlaxcaltecas, y viendo
ixtl_C0	20000	veinte mil	words	other	u amistad, pues veian el dano que de no admitirla se les habia seguido; mas con todo esto, otro dia le salieron otros veinte mil de ellos a pelear con el; y el siguiente que se contaba seis de septiembre, vinieron al real de cortes cincuenta hombre
ixtl_C0	400	cuatrocientos	words	person	o, estando una noche alojados en el campo, vieron desde lejos unos fuegos,''y salio cortes a ver lo que era con hasta cuatrocientos companeros, y fue a dar en tzimpantzinco ciudad de mas de veinte mil fuegos, ^ que como los cogio desapercibidos, no se
ixtl_C0	20000	veinte mil	words	person	os,''y salio cortes a ver lo que era con hasta cuatrocientos companeros, y fue a dar en tzimpantzinco ciudad de mas de veinte mil fuegos, ^ que como los cogio desapercibidos, no se resistieron, antes recibieron muy bien y regalaron a cortes y a los 
ixtl_C0	1000	mil	words	other	uhquecholan, itzoncan, quauhtlnchan, tecamachalco, tepeyacac y cuextlan hasta llegar a la costa de cempoalan, haciendo mil agravios y vejaciones, y desde el un mar al otro, sin que nadie os lo de en cara ni estorbe; y que por vuestra causa, p
ixtl_C0	1000	mil	words	other	 hacia, y no se fiase de los traidores de tlaxcalan, pues ya veia lo que habia pasado con los tlaxcaltecas, que decian mil males de motecuhzoma y de sus tiranias, y por otra parte deseaban mucho llevarle a su ciudad para despues confederarse 
ixtl_C0	6000	seis mil	words	other	calan se lo impedian por los inconvenientes que ellos le ponian, pero al fin se determino a ir a ella llevando consigo seis mil tlaxcaltecas de guerra, aunque le querian dar mucho mas, y por caudillos de ellos a hepapalotzin, tlacatecuhtli, quana
ixtl_C0	10000	diez mil	words	person	in, imiztli, matzin y axayacatzin; aunque se volvio. ^ por el camino salieron a recibir a cortes y a los suyos mas de diez mil hombres de chololan, con grande regocijo; y habiendolos entrado en la ciudad y dadoles muy buena posada, regalando esple
ixtl_C0	1000	mil	words	other	aquella noche los embajadores de motecuhzoma tornaron otra vez a porfiar con cortes que no pasase a mexico, poniendole mil dificultades, de tal manera que se recelo de ellos y de los cholultecas, y asi mando a los tlaxcaltecas sus amigos se 
ixtl_C0	5000	cinco mil,	words	other	los espanoles para que saliesen a los del patio y los matasen) se ejecuto asi, y en menos de dos horas mataron mas de cinco mil, saquearon y quemaron las casas mas principales de la ciudad y los templos de ella; y el templo mayor donde se habian ac
ixtl_C0	4000	cuatro mil	words	person	te que estaba en la entrada de la ciudad, en donde se juntaba la albarrada con la calzada, salieron a recibirle mas de cuatro mil hombres principales, todos ricamente aderezados, y conforme iban pasando se humillaban a cortes, poniendo la mano en el
ixtl_C0	3000	tres mil	words	other	apatos de oro con muchas piedras y ricas perlas; y por donde iban les echaban mantas para que pisasen, y tras de ellos tres mil caballeros, todos muy ricamente vestidos que eran todos de los de su guardia y criados. guando gortes llego, se apeo de
ixtl_C0	6000	y seis mil	words	person	ue muy servido, y visitado de todos los grandes senores del imperio, y muy abastecidamente proveido el, sus companeros y seis mil tlaxcaltecas que consigo tenia: al cabo de los cuales, despues de haber considerado muy bien en el estado y trance en qu
ixtl_C0	500000	quinientos mil	words	person	es decir, que se presumiese que alguna vez los habia de tratar mal. 378 obuas historicas de te, en medio de mas de quinientos mil vasallos ^, y con tan pocos companeros, cosa que atemoriza tan solamente pensarla, cuanto mas hacerla y salir con ella)
ixtl_C0	40000	cuarenta mil	words	other	o quiso dilatar mas la prision de mote1 dificil es que por su extension, tuviera la ciudad de mexico mucho mas de unos cuarenta mil habitantes. 2 es decir, porque no niese conocido o descubierto. don fernando de alva ixtlilxochitl. 379 cuhzoma, 
ixtl_C0	3000	y tres mil	words	other	ria, y salir ordinariamente a orar y ofrecer sacrificio a sus falsos dioses. las guardas que tenia eran ocho espanoles y tres mil tlaxcaltecas. por tentarle cortes, dijole un dia que los suyos habian tomado cierta cantidad de joyas de oro que habia
ixtl_C0	100000	cien mil	words	person	rminacion, que estaban en el cercado y palacios de oztoticpac, que se fuesen por tierra a tepetzinco, (que eran mas de cien mil personas), que el rey con el y con coanacochtzin su hermano se fuesen en una canoa grande. gacama (que estaba muy segur
ixtl_C0	900	y novecientos	words	other	 prosperidad, y cuando sus cosas iban en tanto aumento, llego al puerto de veracruz panfilo de narvaez con diez navios y novecientos espanoles, con muchos caballos, artilleria y todo recaudo, con intento deprender o matar a cortes; y venia en nombre de
ixtl_C0	1000	mil	words	person	sus reyes gustaban de ello, y se los mandaban. cortes volviendo victorioso y muy bien acompanado, porque traia consigo mil hombres de guerra y cien caballos, supo en el camino como los de mexico se habian alzado contra los que alli dejo, y qu
ixtl_C0	1520	mil quinientos veinte, y	words	other	o tanteado el modo como habla de entrar, se partio de tetzcuco, y llego a mexico dia de san juan en 24 de de junio de mil quinientos veinte, y hallo la ciudad sosegada, aunque los moradores de ella no lo salieron a recibir ni le hicieron fiestas. motecuhzoma se 
ixtl_C0	1520	mil quinientos veinte,	words	person	on de los suyos, fue por ocuparse alguna parte de las riquezas que tenian juntas. saliose cortes a diez de julio ^ de mil quinientos veinte, de noche, por entender ser. acomodado; mas los mexicanos le sintieron y salieron en su alcance, y le mataron cuatrocien
ixtl_C0	450	cuatrocientos cincuenta	words	person	s veinte, de noche, por entender ser. acomodado; mas los mexicanos le sintieron y salieron en su alcance, y le mataron cuatrocientos cincuenta espanoles, ^ cuatro mil indios amigos y cuarenta y seis caballos, en la parte que hoy llaman el salto de alvarado, y lo
ixtl_C0	4000	cuatro mil	words	person	 acomodado; mas los mexicanos le sintieron y salieron en su alcance, y le mataron cuatrocientos cincuenta espanoles, ^ cuatro mil indios amigos y cuarenta y seis caballos, en la parte que hoy llaman el salto de alvarado, y los mexicanos toltecaacalo
ixtl_C0	200000	doscientos mil	words	person	lo. otro dia llegaron a aquellos llanos de la provincia de otumpan con grandisimo trabajo; y alli les salieron mas de doscientos mil hombres que iban en su seguimiento, en donde tuvieron una muy cruel batalla, tomando en medio a cortes y a los suyos, d
ixtl_C0	200000	doscientos mil	words	person	allo de ella menos, todos los mas y los amigos estaban afligidos, heridos, muertos de hambre y maltratados, enmedio de doscientos mil hombres que como tigres rabiosos los iban despedazando; mas fue tanto el valor y fe viva de cortes, que asi como invoco 
ixtl_C0	50000	cincuenta mil	words	person	anquetxaltxin, habiendo descansado cortes y los suyos en hueyotlipan^ maxixcatzin con otros muchos senores y mas de cincuenta mil hombres de los amigos, le apresuraron la ida a tlaxcalan, en donde los cuatro senores principales con toda la senoria l
ixtl_C0	4000	cuatro mil	words	other	 acordo cortes de ir sobre los de tepeyacac, segun xicotencatl se lo tenia aconsejado; y asi habiendose juntado mas de cuatro mil tlaxcaltecas, huexotzincas y cholultecas, y por caudillo principal de los tlaxcaltecas tianquiztlatoatzin y los hijos 
ixtl_C0	550	y quinientos cincuenta	words	other	y el segundo dia de pascua de natividad del dicho ano de mil quinientos veinte, hizo alarde, y hallo cuarenta caballos y quinientos cincuenta peones: repartio a los de a caballo en cuatro cuadrillas, y de los peones hizo cuatro capitanias de sesenta peones cad
ixtl_C0	20000	veinte mil	words	person	dose en tlaxcalan. salio de ella en nombre de dios, dia senalado de los inocentes del ano de mil quinientos veinte, con veinte mil hombres de guerra de los amigos; y siguiendo la relacion de tlaxcalan que tengo citada, fue por el camino de tetzmeloca
ixtl_C0	8000	ocho mil	words	person	lo, hasta dentro de la laguna; y para esta obra mando, que en cincuenta dias que duro, trabajasen un xiquipil, que son ocho mil hombres cada dia, y que estos fuesen hombres suficientes para la milicia, que fue un tanteo solo por ver que cantidad 
ixtl_C0	200000	doscientos mil	words	person	 ver que cantidad de gente podia poner en campana de solo la provincia de tetzcuco, la que se llama aculhuacan; y hallo doscientos mil hombres por copia, de que se holgo mucho, para las ocasiones que se habian de ofrecer en favor de los cristianos; y di
ixtl_C0	200000	doscientos mil	words	person	lgo de ver el gran poder que el reino de tetzcuco tenia, pues de solo lo que era de la nacion aculhua se podian poner doscientos mil hombres en campana. asimismo hizo juntar todos los bastimentos que fueron necesarios para sustentar el ejercito y guarn
ixtl_C0	200000	doscientos mil	words	person	hermana resucitada hasta la vision que le dijo, y asi dejo las armas y no quiso socorrer a los mexicanos, despidiendo doscientos mil hombres que habia juntado en campana para irlos a socorrer, que los cien mil eran michoaques que llaman tarascos, y los
ixtl_C0	100000	cien mil	words	person	orrer a los mexicanos, despidiendo doscientos mil hombres que habia juntado en campana para irlos a socorrer, que los cien mil eran michoaques que llaman tarascos, y los otros cien mil eran los teochichimecas, gente la mas belicosa que ha habido e
ixtl_C0	100000	cien mil	words	person	 que habia juntado en campana para irlos a socorrer, que los cien mil eran michoaques que llaman tarascos, y los otros cien mil eran los teochichimecas, gente la mas belicosa que ha habido en esta nueva espana. todo esto que aqui se ha escrito fue 
ixtl_C0	4000	cuatro mil	words	other	ra su defensa y ofensa de los enemigos, y al cabo de ellos salio cortes de la ciudad con doscientos espanoles y mas de cuatro mil naturales de la ciudad de tetzcuco, algunos de tlaxcalan y otras partes que estaban con cortes, y con ellos ixtlilxoch
ixtl_C0	6000	seis mil	words	person	tiendolos por el agua, y les saquearon la mayor parte de las casas que tenian en la laguna, y murieron de ellos mas de seis mil personas; y como sobrevino la noche, recogio jcortes sa: 420 obras historicas de gente y puso fuego a algunas de la
ixtl_C0	8000	ocho mil,	words	other	. llegados que fueron los tlaxcaltecas con la tablazon y ligazon de los bergantines, (en donde venian de carga mas de ocho mil, de guerra mas de veinte mil, y con ellos el alguacil mayor y capitan gonzalo de sandoval, doscientos espanoles de a pie
ixtl_C0	20000	veinte mil, y	words	other	tlaxcaltecas con la tablazon y ligazon de los bergantines, (en donde venian de carga mas de ocho mil, de guerra mas de veinte mil, y con ellos el alguacil mayor y capitan gonzalo de sandoval, doscientos espanoles de a pie y diez y seis de a caballo), m
ixtl_C0	32000	y treinta y dos mil	words	other	lxochitl y de todos), salio con veinticinco de a caballo, trescientos cincuenta de a pie, seis tiros pequenos de campo y treinta y dos mil amigos de los tlaxcaltecas y tetzcucanos: iban por caudillos principales, chichimecatltecuhtli de los tlaxcaltecas y ixt
ixtl_C0	1000	mil	words	person	s peones, y por capitan al alguacil mayor del campo gonzalo de sandoval, y en su favor ixtlilxochitl con veinticuatro mil hombres de los aculhuas sus vasallos, con dos intentos, el uno asegurar la provincia de chalco y echar de sus terminos a
ixtl_C0	4000	cuatro mil	words	person	 recibidos de los dos senores de ella; y habiendo dado orden de lo que se debia hacer, y habiendose juntado alli otros cuatro mil hombres de guerra de los de esta provincia, y otros amigos de tlaxcalan, huexotzinco, quauhquecholan y otras partes, to
ixtl_C0	500	quinientos	words	person	uchos de ellos, se vinieron a recoger al pie al cerro referido, en donde tuvieron muy gran contienda y mataron mas de quinientos de los enemigos; y otro dia siguiente desbarataron otro escuadron de los enemigos, que era el segundo socorro que venia 
ixtl_C0	1500	mil quinientos	words	person	ermano tecocoltzin dieron bastantisimo recaudo), fueron echados en la zanja los bergantines, y a veintiocho de abril de mil quinientos veintiuno cortes hizo alarde de toda la gente, y hallo ochenta y seis a caballo, entre ballesteros y escopeteros ciento 
ixtl_C0	700	setecientos	words	other	larde de toda la gente, y hallo ochenta y seis a caballo, entre ballesteros y escopeteros ciento diez y ocho, y mas de setecientos peones de espada y rodela, tres tiros gruesos de fierro, quince de bronce pequenos y diez quintales de polvora; y habien
ixtl_C0	5000	cinco mil	words	person	s de huexotzinco y chololan en chalco, en donde fueron muy bien recibidos los unos y los otros. los tlaxcaltecas eran cinco mil hombres de guerra, y iban por sus caudillos quauhxayacatzin, meztliymatzin, tenamazcuicuitzin, tecuanitzin, acxotecatl, 
ixtl_C0	10000	diez mil,	words	other	stento y regalo, y los pocos dias que alli estuvieron fueron muy bien festejados. de los huexotzincas que eran mas de diez mil, venian por sus caudillos nelpilonitzin, tozquencoyotzin, xicotencatl, mecacalcatl, quauhxayacatzin, huitzilihuitzin, yec
ixtl_C0	10000	diez mil	words	person	imismo traian las divisas en sus armas como los de tlaxcalan; y de la misma manera venian los cholul tecas, casi otros diez mil hombres, siendo muy bien recibidos todos de los senores de la provincia de chalco. el segundo dia de pascua de espiritu
ixtl_C0	1000	mil	words	person	 treinta de a caballo, diez y ocho ballesteros y escopeteros, ciento cincuenta peones de espada y rodela y veinticinco mil hombres de guerra de los tlaxcaltecas, y estos habian de sentar su real en la ciudad de tlacopan, y por capitanes de s
ixtl_C0	2000	dos mil	words	person	 baeza, al que dio treinta y tres de a caballo, diez y ocho ballesteros y escopeteros, ciento sesenta peones y mas de dos mil hombres de guerra asimismo de la nacion tlaxcalteca, que se habian de poner y asentar su real en la ciudad de cuyohuac
ixtl_C0	40000	y cuarenta mil	words	person	lo escopeteros y trece ballesteros y ciento y cincuenta peones, gente escogida que cortes los habia traido consigo, y cuarenta mil hombres de tetzcuco, huexotzinco, chololan y chalco, que estos habian de entrar por la ciudad de iztapalapan, para de 
ixtl_C0	30000	treinta mil	words	person	 que llaman aztahua«can a encontrar con los de chalco que venian juntos ellos, los huexotzincas y cholultecas y todos treinta mil hombres de guerra. los chalcas traian por sus caudillos a don fernando de alva ixtlilxochitl. 439 quetzalcoatzin, t
ixtl_C0	40000	cuarenta mil	words	person	 pelear con la gente de ella; y viendo el gran poder de gente que la guarnicion de sandoval llevaba, de amigos mas de cuarenta mil hombres, se acogieron en las canoas los enemigos y no pudieron resistirles mas; y asi sin contradiccion ninguna se apo
ixtl_C0	20000	veinte mil	words	person	o ordinariamente por agua y por tierra la comida y los bastimentos necesarios, en que andaban yendo y viniendo mas de veinte mil personas de carga, y l)or la laguna mas de mil canoas, y en su guarda y defensa treinta y dos mil hombres de guerra, p
ixtl_C0	1000	mil	words	person	 bastimentos necesarios, en que andaban yendo y viniendo mas de veinte mil personas de carga, y l)or la laguna mas de mil canoas, y en su guarda y defensa treinta y dos mil hombres de guerra, porque los enemigos no los asaltasen y quitasen p
ixtl_C0	32000	treinta y dos mil	words	person	an yendo y viniendo mas de veinte mil personas de carga, y l)or la laguna mas de mil canoas, y en su guarda y defensa treinta y dos mil hombres de guerra, porque los enemigos no los asaltasen y quitasen por el camino lo que alli llevaban: que no fue lo m
ixtl_C0	500	quinientas	words	person	 sentido, debia decir; con los bergantines de cortes 442 obras historicas de laguna, salieron a encontrarle mas de quinientas canoas a su modo bien fortalecidas de gente, y cortes de intento estuvo reacio por la costa del penol hasta ver lo que
ixtl_C0	16000	diez y seis mil	words	other	 eran enemigos y del bando mexicano), que no diesen por las espaldas a los nuestros; y que otros se quedasen con otros diez y seis mil huexotzincas, chalcas y tlaxcaltecas en cuyohuacan 1 creo que debe ser nonoalco. 2 debe ser tlahuac. don fernando
ixtl_C0	8000	ocho mil	words	person	os enemigos comenzaron a huir y desamparar la albarrada; y pasando cortes con los suyos por los bergantines, y mas de ocho mil hombres ^ de los amigos, que eran diez mil tlaxcaltecas y de los aculhuas otros diez mil (que ya a esta sazon hablan l
ixtl_C0	10000	diez mil	words	person	la albarrada; y pasando cortes con los suyos por los bergantines, y mas de ocho mil hombres ^ de los amigos, que eran diez mil tlaxcaltecas y de los aculhuas otros diez mil (que ya a esta sazon hablan llegado a este numero, porque cada dia ixtlil
ixtl_C0	10000	diez mil	words	other	or los bergantines, y mas de ocho mil hombres ^ de los amigos, que eran diez mil tlaxcaltecas y de los aculhuas otros diez mil (que ya a esta sazon hablan llegado a este numero, porque cada dia ixtlilxochitl y tecocoltzin iban despachando gente de
ixtl_C0	10000	diez mil y	words	person	 hablan llegado a este numero, porque cada dia ixtlilxochitl y tecocoltzin iban despachando gente de refresco), chalcas diez mil y huexotzincas diez mil, que en breve espacio de tiempo cegaron y allanaron con adobes y piedra este ojo de agua o puent
ixtl_C0	10000	diez mil,	words	person	umero, porque cada dia ixtlilxochitl y tecocoltzin iban despachando gente de refresco), chalcas diez mil y huexotzincas diez mil, que en breve espacio de tiempo cegaron y allanaron con adobes y piedra este ojo de agua o puente, y en el inter ya los 
ixtl_C0	40000	cuarenta mil	words	person	combate, y que por las azoteas tiraban ^ 1 esta cifra esta equivocada, pues los hombres que se citan despues, suman cuarenta mil. 2 aqui concluye el original; y como se ve, apenas llega al primer ataque dado por cortes, el cual tuvo lugar el 9 d
ixtl_C0	8002	8.002	digit-group	person	principales caudillos de su ejercito.'' — (cap. iv. citado). don fernando de alva ixtulxochttl. 83 ¿ron¿k, que son 8.002,200 ^ hombres y mujeres, segun aparece de la historia y se halla en los lugares adonde los conto, que fueron en mas d
ixtl_C0	80000	80,000	digit-group	person	otras que despues sucedieron, (la poblacion) en el mas pequeno pueblo, que hoy no tiene ya ninguna persona, pasaban de 80,000 vecinos, porque como se echa de ver en las ruinas, hasta en los mas altos montes y sierras, tenian sus sementeras y c
ixtl_C0	1600	1.600	digit-group	person	lla; primeramente en la que cupieron sus vasallos que trajo consigo, que fueron por todos, segun parece en la historia, 1.600,000 hombres; y a los otros seis senores que vinieron despues que el estaba en esta tierra, repartio los pueblos y luga
ixtl_C0	500000	500,000	digit-group	person	o que en los demas lugares hasta ouauhiulan, en donde ya a esta ocasion estaba el ejercito del gran tirano con mas de 500,000 hombres de diversas y remotas partes, como eran de michhuacan y otros reinos y provincias de la banda del mediodia. e
ixtl_C0	200000	200,000	digit-group	person	s, como eran de michhuacan y otros reinos y provincias de la banda del mediodia. el rey ixuilxuchiu no tenia mas que 200,000 hombres, porque en toda la gente que pudo juntar, 1 citlaltepcc. don fernando de alva ixtulxochitl. 306 asi suyo
ixtl_C0	300000	300,000	digit-group	other	on fernando de alva ixtulxochitl. 306 asi suyos como de los senores referidos, que le enviaron socorro, no llegaron a 300,000, porque los demas estaban en las fronteras y solo los 200,000 traia consigo; pero segun las historias traia los mas v
ixtl_C0	200000	200,000	digit-group	other	enores referidos, que le enviaron socorro, no llegaron a 300,000, porque los demas estaban en las fronteras y solo los 200,000 traia consigo; pero segun las historias traia los mas valerosos capitanes y ardilosos que habia en esta tierra en aque
ixtl_C0	400000	400,000	digit-group	person	llegado que fue a mexico, hallo a los mexicanos en grande aprieto, porque el rey maxua los tenia! cercados con mas de 400,000 hombres de diversas partes y habia tenido algunas escaramuzas muy renidas, en donde habla muerto cantidad de gente por
ixtl_C0	100000	100,000	digit-group	person	 y habia tenido algunas escaramuzas muy renidas, en donde habla muerto cantidad de gente por ambas partes. tenia hasta 100,000 hombres su tio el rey iztcohuatzm y el otro su primo moteczuma y comenzaron la batalla, la cual duro ciento y tantos d
ixtl_C0	60000	60,000	digit-group	person	ra la guerra y fortalecio su ciudad muy bien. nezahualcoyotl junto sus soldados y hizo un razonable ejercito de hasta 60,000 hombres y fue sobre mexico y entro por tepeyacac que es donde ahora es nuestra senora de guadalupe^ y el fue el primer
ixtl_C0	200000	200,000	digit-group	person	ios, gano la nueva espana, siendo senor y capitan general de los aculhuas texcucanos, conduciendo un ejercito de mas de 200,000 hombres, 1 los antiguos historiadores hablan generalmente de conquistas muy lejanas hechas por los ejercitos del anah
ixtl_C1	562	quinientos sesenta y dos	words	other	eron con grandes regocijos por todo el camino, hasta llegar a tula, que ya era el ano de chicome acatl, y a la nuestra quinientos sesenta y dos: y en este mismo ano le juraron por su rey y le casaron con una senora hija de los principales tultecas, que era. acap
ixtl_C1	770	setecientos setenta	words	other	afloa^ y al ultimo de ellofl fenecio, heredandole su h\¡o nacaasoo en el ano de anco galu, que a la nuestra fue en el setecientos setenta anos ^ de la encamacion, gobernando el pontifice esufcmo iii^ en el segundo ano de su pontificado, y siendo emperador r
ixtl_C1	503	quinientos tres	words	other	 tierra fue touan^ capital del imperio y la comenzaron a edificar en el ano ce calu, que es tma casa^ y en el nuestro quinientos tres ..• casi cuatro anos despues entraron en consejo los siete, caudillos para tratar sobre los negocios de la tierra, y e
ixtl_C1	556	quinientos cincuenta y seis	words	other	relacion sucinta. chajchiutlanetzin, primer monarca tulteca, comenzo a gobernar el ano chicome acatl, y en el nuestro quinientos cincuenta y seis. ^ murio el ano chicome acatl, correspondiente al nuestro de seiscientos ocho. a este sucedieron ixuilouechahua4:, hue
ixtl_C1	608	seiscientos ocho	words	other	hicome acatl, y en el nuestro quinientos cincuenta y seis. ^ murio el ano chicome acatl, correspondiente al nuestro de seiscientos ocho. a este sucedieron ixuilouechahua4:, huetdrdoilepevh^ nacaxoc mhu^ que fue quien hizo el templo de la rana. ^ mstob
ixtl_C1	562	quinientos sesenta y dos,	words	other	utamente necesario formar tablas para entender la cronologia.— r. don fernando de alva ixtlilxochitl. 36 fue el de quinientos sesenta y dos, el cual reino otros tantos, y murio el de seiscientos trece de la encarnacion, que llaman chiquacen tochtli. heredo
ixtl_C1	613	seiscientos trece	words	other	don fernando de alva ixtlilxochitl. 36 fue el de quinientos sesenta y dos, el cual reino otros tantos, y murio el de seiscientos trece de la encarnacion, que llaman chiquacen tochtli. heredole hudsdn, que reino otros cincuenta y dos anos, segun la cos
ixtl_C1	830	ochocientos treinta	words	other	u once acatl. sucediole la reina xiuhguerddn^ ^ que reino cuatro afloa^ y fallecio en el de ome acatl, que fue el de ochocientos treinta: a la cual sucedio en el imperio izlaccausdn^ ^ padre de tapiudn^ en cuyo tiempo se destruyo esta nacion. 1 el mifi
ixtl_C1	1000	mil	words	other	ar adelante, quiero hacer relacion del estado en que estaban las naciones tultecas. y es, que ya en este tiempo en casi mil leguas ^ habian poblado y edificado pueblos y ciudades, villas y lugares: entre las mas senaladas fue teotihuaoan, que 
ixtl_C1	1000	mil	words	other	almente habian tenido, y otras que les aplicaran personajes 6 ciudades pertenecientes a razas claramente distintas. no mil leguas, ni mucho menos abrazo la nacionalidad tolteca. en mi «apendice al p. duran» senalo sus limites, por cierto no d
ixtl_C1	2000	dos mil	words	other	o grandes cosas, y por eso lo colocaron por dios. estos falsos dioses fueron los mas principales y antiguos, de mas de dos mil anos de los tultecas y jteo;catipuua y htwtzilopuohtli^ y otros dioses que fueron aca ciertos caballeros muy valerosos,
ixtl_C1	1000	mil	words	other	as llanas, y otras pardas, con aljofar y otras piedras preciosas labradas, y hechas unas labores, y la zenefa toda de mil colores labrados; ponianse sus camisones xicok^ siempre, que les llegaban hasta las rodillas, y de la misma manera de l
ixtl_C1	1000	mil	words	other	porque todos los que se llegaban morian luego; y con este mal olor causo una gran peste por toda la tierra, que de las mil partes de los tultecas se murieron las novecientas. todas estas cosas les sucedieron, y otras muchas que por escasear v
ixtl_C1	900	novecientas	words	other	go; y con este mal olor causo una gran peste por toda la tierra, que de las mil partes de los tultecas se murieron las novecientas. todas estas cosas les sucedieron, y otras muchas que por escasear volumen no se ponen aqui; y los tres senores sus c
ixtl_C1	18000	diez y ocho mil	words	person	levar, con ciertos artificios que hicieron, pesaba tanto, ^ue se contaron omd quipui tiacau ^ de los tultecas, que son diez y ocho mil hombres que dentro de ciento cuarenta dias habian de estar alla adelante de xalisco en quiyahuimlanxalmolan. ^ llegado
ixtl_C1	18000	diez y ocho mil	words	other	n las armas se entenderian. topiuzin, viendose tan oprimido y que no tenia remedio, pidio tiempo para ello, que era 1 diez y ocho mil se dice orne xiquipilli maeuilli tzontli. 2 supongo que la terminacion debe ser moloyan. 52 obras historicas de l
ixtl_C1	512	quinientos doce	words	other	; como el se iba hacia donde el sol sale, a unos reinos y senorios de sus pasados muy prosperos y ricos, que de alli a quinientos doce anos volveria de nuevo a esta tierra en el ano de ce acatl, y castigaria a los descendientes de los reyes sus competido
ixtl_C1	1000	mil	words	other	ron a multiplicar. cuando los tultecas peleaban, se ponian unas a manera de tunicas largas hasta los carcanales, de mil colores, labradas y muy tupidas y gruesas, que por recio que se daban con las lanzas, que esto era lo mas que usaban, 
ixtl_C1	3000000	tres millones y doscientos mil	words-millon	person	es anosy un raes y diez dias; murieron, digo, asi hombres como mujeres, zentzon odquilpiuzonui oquixuizihuetl^ que son tres millones y doscientos mil hombres y mujeres; y de las gentes de los tres reyes competidores, fueron caodolpohual tzontiquipilzoimacau^ que fueron
ixtl_C1	2000000	dos millones cuatrocientos mil	words-millon	person	ombres y mujeres; y de las gentes de los tres reyes competidores, fueron caodolpohual tzontiquipilzoimacau^ que fueron dos millones cuatrocientos mil hombres; de 1 pasando revista. — r. 2 tablado.—r. 58 obras historicas de suerte que de una y otra parte fueron
ixtl_C1	600	seiscientas	words	person	ricas de suerte que de una y otra parte fueron zenizon onquipuizonui ihilancaxtolpohuausxmui, que son cinco millonea seiscientas mu personas, cosa increible y que causa admiracion, y no es de espantar, que como tengo dicho, no fue persona alguna a l
ixtl_C1	1000	mil	words	other	 de socorro los soldados; y era tanta la gente en esta tierra, principalmente del senorio de jbpi&rfn, que corria casi mil leguas de largo y ochocientas de ancho, que hasta los muy altos montes estaban cubiertos de casas y sementeras, pues n
ixtl_C1	800	y ochocientas	words	other	ados; y era tanta la gente en esta tierra, principalmente del senorio de jbpi&rfn, que corria casi mil leguas de largo y ochocientas de ancho, que hasta los muy altos montes estaban cubiertos de casas y sementeras, pues no habia palmo de tierra que es
ixtl_C1	612	seiscientas doce	words	person	a, sin los que se fueron huyendo nauhtzonui ihuan, navh pohuaui on matlactli ihuan orne oquixue cihuauj que fueron mu seiscientas doce personas, asi hombres como mujeres, de los cuales eran veintitantos caballeros y gente ilustre, los cuales despues de h
ixtl_C1	400	cuatrocientas y	words	person	laron en las costas como de la mar e islas. esto tengo declarado ya otras veces; y la quinta parte, que fueron hasta cuatrocientas y tantas personas, con los nobles, fueron los que se quedaron en estas partes, repartiendose ca^ da caballero con lo que
ixtl_C1	1000	mil	words	other	cosas curiosas y dignas de baer a la memoria, siendo cosas verdaderas y ciertas; y no pongo de lo que ello fue de las mil partes las novecientas, por lo que tengo dicho, por excusar volumen, y porque son tan extranas las cosas, y tan peregri
ixtl_C1	900	novecientas,	words	other	y dignas de baer a la memoria, siendo cosas verdaderas y ciertas; y no pongo de lo que ello fue de las mil partes las novecientas, por lo que tengo dicho, por excusar volumen, y porque son tan extranas las cosas, y tan peregrinas y nunca oidas, sepul
ixtl_C1	509	quinientos nueve,	words	other	jura y casamiento con mucha solemnidad, el cual entro a gobernar en el ano chicome acatl, sietc cafias, y a la nuestra quinientos nueve, el octavo del pontificado de simaco, en el decimosexto del imperio de aruistasioy y el primero del reinado de oeo$elari
ixtl_C1	572	quinientos setenta y dos	words	other	e escaparon. este fue el fin de un grande imperio que tuvo este nuevo mundo, de los tultecas, el cual no duro mas de quinientos setenta y dos anos; y los reyes que lo destruyeron, viendolo tan 1 como 86 ve, es imposible conciliar la cronologia del autor, pues
ixtl_C1	572	quinientos setenta y dos	words	other	ou^ salvo a este en los desiertos de nonoalco adonde lo criaba. este fin tuvo el imp^rip de. iqs; tultecas, que duro quinientos setenta y dos anos^ y su ultima destruccion fue en el ano de ce tecpatl, 959, bajo el pontificado de joannes xii^ en el imperio de 
ixtl_C1	2000	dos mil	words	person	fuli xolotl, los senores chichimecas tenian sus reinos y senorios hacia la banda del septentrion, que corrian mas de dos mil leguas de largo, y de ancho casi mil l^^as: gente barbara y feroz y la mas fuerte nacion que hubo y tiene hoy dia este
ixtl_C1	1000	mil	words	person	ian sus reinos y senorios hacia la banda del septentrion, que corrian mas de dos mil leguas de largo, y de ancho casi mil l^^as: gente barbara y feroz y la mas fuerte nacion que hubo y tiene hoy dia este nuevo-mundo, exceptuando a nuestros 
ixtl_C1	1000000	un millon	words-millon	person	poblasen, se fue a mizquiajiuaua y de mizquiahucula a ihiopan, ^ y de aqui a 1 * 'idin las mujerosy ninos era mas de un millon.'' — (cap. vi citado.) 2 desde aqui comienza en el cap iv, es decir, desde la llegada a tula, la historia de la pere
ixtl_C1	1000000	millones	words-millon	person	ixuuxu-chiti y con la gran multitud de gente ilustre y hombres valerosos de lo mejor de la nacion aculhua, ^ sin muchos millones de la gente comun, que como se ha visto, duraron las guerras cincuenta anos seguidos. en las partes remotas de todo pun
ixtl_C1	7000	siete mil	words	other	dieron siete anos con el mayor trabajo que se puede decir, hasta que su legitimo senor los liberto, que les parecieron siete mil anos de penas; pues con sus bienes, hijos y miyeres acudieron a todo lo referido poniendo en los pueblos y ciudades su
ixtl_C1	400	cuatrocientos	words	other	 mas que una traduccion en escritura vulgar, de los anales texcucanos escritos en caracteres jeroglificos, hace mas de cuatrocientos anos. duodecima eelacion. de uu victorias y prosperos sucesos de nezahtwxcoyou tuuta la restauracion de la monarg
ixtl_C1	1000	mil	words	person	tigarlo dejandolo para despues para mas espacio; y con tanto se partieron con todo el ejercito de mas de cucurocientas mil^ personas por la laguna en canoas y otros por el camino de j2tapolapan; de suerte que otro dia de manana vieron venir 
ixtl_C1	100000	cien mil	words	person	este dia dieron orden de aderezar y componer los ejercitos, repartiendolos en tres partes, y los ifmcanos dieron otros cien mil soldados de guerra y todo lo necesario. tomo (el principe) para si doscientos mil soldados de la nacion chichimeca^ y l
ixtl_C1	200000	doscientos mil	words	person	en tres partes, y los ifmcanos dieron otros cien mil soldados de guerra y todo lo necesario. tomo (el principe) para si doscientos mil soldados de la nacion chichimeca^ y les mando que todos llevasen armas blancas y llanas sin plumeria. otros doscientos
ixtl_C1	200000	doscientos mil	words	other	entos mil soldados de la nacion chichimeca^ y les mando que todos llevasen armas blancas y llanas sin plumeria. otros doscientos mil (dio) a su tio el rey hcohucdzin; otros dento y tardos mil a su primo moteczuma^ y <iioles orden de lo que habian de h
ixtl_C1	1000	mil	words	other	asen armas blancas y llanas sin plumeria. otros doscientos mil (dio) a su tio el rey hcohucdzin; otros dento y tardos mil a su primo moteczuma^ y <iioles orden de lo que habian de hacer, porque otro dia de manana, antes del alba, habian de i
ixtl_C1	10000	diez mil	words	person	 el infante y capitanes, y los contrarios hicieron muy gran matanza ^n los del infante, de cuya parte murieron mas de diez mil hombres, sin los que se cautivaron, y el infante y los suyos se retiraron a su real con gran pesar y enojo, y el caziqu
ixtl_C1	1000	mil	words	other	e daban el de semanahiiac ^ tlatohuani, que quiere decir senor del mimdoy y senor de mar d mar, por hs^er poblado casi mil leguas de un mar a otro. . , < el lugar de donde salio se llamaba oyome y uega a tida en el ano 6 tegpatl, que fue el
ixtl_C1	2000	dos mil	words	person	e eran tuueoaa y eran de la mixteca^ y traian por caudillo a temparvbm y asimismo por idolo a tez-cauipuca, con mas de dos mil hombres, sin las mugeres, los cuales vinieron derecho a texouco para darle la obediencia a quinatzin^ y que les diese 
ixtl_C1	400	cuatrocientos	words	other	 cual los recibio y se holgo de verlos, porque todos eran artifices, especialmente en el arte de la pintura; y asi, a cuatrocientos de ellos, los mas diestros, con su caudillo tempantzin^ les mando que poblaran ade^ lante del bosque de tdtzmtzbico^ do
ixtl_C1	100000	cien mil	words	person	 y luego fueron sobre otvmba^ que ya los de esta provincia, con los tepanecas, estaban muy bien apercibidos con mas de cien mil hombres de guerra, en donde tuvieron una cruel batalla, mas luego los sujetaron, y luego pasaron por axapuxco^ azqiiemec
ixtl_C1	2000	dos mil	words	person	los demas estaban ya alzados y rebelados contra el por las amistades que habia hecho con los de mexico. llegaron hasta dos mil soldados ^ y luego se fue a mexico con toda su gente, unos por agua y otros por tierra. llegado que fue a mexico, hall
ixtl_C1	1000	mil	words	other	ho que los hijos del sol quisieran venir a mexico a verle; y asi les envio a decir que era trabajoso el camino y otros mil inconvenientes, lo cual no fue bastante, sino que antes animo mas a los espanoles para ver a moteczuma^ especialmente 
ixtl_C1	1000	mil	words	other	, como lo tenian de costumbre, y el dia de la fiesta hicieron su baile que llaman mazehualiar, en todo salieron mas de mil caballeros en el patio del templo mayor, y sobre si traia cada imo de ellos las mejores joyas y preseas que tenian, si
ixtl_C1	540	y quinientos y cuarenta	words	other	 parte, acordo de venir sobre mexico, y salio de tlaxcalan dia de los inocentes, y trajo consigo cuarenta de a caballo, y quinientos y cuarenta de a pie, y veinticinco mil tlaxcaltecas, huexotzincas, chololtecas, tepeacanenses, quauthquechololtecas, chalcas y de
ixtl_C1	1000	mil	words	other	tlaxcalan dia de los inocentes, y trajo consigo cuarenta de a caballo, y quinientos y cuarenta de a pie, y veinticinco mil tlaxcaltecas, huexotzincas, chololtecas, tepeacanenses, quauthquechololtecas, chalcas y de otras partes, que fueron lo
ixtl_C1	6000	y seis mil	words	other	era de mucha consideracion para lo que el pretendia, y asi salio con hasta quince de a caballo y doscientos espanoles, y seis mil aculhuas, tlaxcaltecas y otras naciones de amigos. llegados que fueron a izuipalapan^ que ya los mexicanos estabanjaperc
ixtl_C1	20000	veinte mil	words	person	con sus vasallos, y ayudo para acabar de hacer los bergantines que se trajeron parte de ellos de tlaxcalan, con hasta veinte mil hombres de guerra. de alli a cuatro dias, despues que vino el ejercito de los veinte mil hombres de los tlaxcaltecas, hu
ixtl_C1	20000	veinte mil	words	person	 ellos de tlaxcalan, con hasta veinte mil hombres de guerra. de alli a cuatro dias, despues que vino el ejercito de los veinte mil hombres de los tlaxcaltecas, huexotzincas y chololtecas, en compania de la madera que se trajo a texcuco para los berg
ixtl_C1	60000	sesenta mil	words	person	na vista a mexico, y ver si cuauktemoc y chhuanacocmun y los demas se querian dar de paz, y asi ixuuxuchitl tomo hasta sesenta mil hombres de sus vasallos, y cortes hasta trescientos espanoles y los veinte mil tlaxcaltecas, y fueron por xaltocan, lug
ixtl_C1	20000	veinte mil	words	person	r de paz, y asi ixuuxuchitl tomo hasta sesenta mil hombres de sus vasallos, y cortes hasta trescientos espanoles y los veinte mil tlaxcaltecas, y fueron por xaltocan, lugar sujeto a la ciudad de texcuco, que estaba rebelado y era de la parte de cohu
ixtl_C1	20000	veinte mil	words	person	 y con esto pasaron adelante hasta acultua^ en donde durmieron esa noche, y otro dia llegaron a texcuco, en donde los veinte mil hombres de llaxcalan y otras partes pidieron licencia a cortes y se volvieron a sus tierras, muy ricos de despojos, que
ixtl_C1	8000	ocho mil	words	person	 aviso luego a cortes de esto, y envio luego con gonzalo de sandoval trescientos espanoles y quince de a caballo, con ocho mil aculhuas sus vasallos, y por general de ellos a chichinchicuaizin^ gran capitan. llegados a chalco, que ya los de esta 
ixtl_C1	60000	sesenta mil	words	person	 mizquicj coyohuacan, oulhuacan, iztapajapan, meancaltunco y los demas que eran de la parte de mexico, juntaron mas de sesenta mil hombres de guerra y fueron otra vez sobre chaloo para ver si podian acabarle de destruir. los de esta provincia, como 
ixtl_C1	20000	veinte mil	words	person	y asi fue necesario ir personalmente cortes con trescientos companeros y treinta de a caballo, e jxuuxuchiu con mas de veinte mil hombres de sus vasallos y algunos tlaxcaltecas que alli se hallaron a mano, y fueron a dor1 hoy ayacapixtla. en kingsbor
ixtl_C1	50000	cincuenta mil	words	person	xtlilxochitl. 349 mir a tmmancdooj frontero en donde estaba el ejercito de los chalcas: otro dia llegaron otros casi cincuenta mil hombres que ixuilxuchiu habia enviado a llamar de las provincias mas cercanas styetas al reino de texcuco, y el dia si
ixtl_C1	15000	quince mil	words	person	se habian desdon fernando de alva ixtlilxochitl. 351 mandado en robar. cuauhtemoc^ sabiendo esto, envio luego mas de quince mil hombres de guerra, por agua y tierra. pelearon con ellos fuertemente, y los vencieron, y quemaron las casas y templos d
ixtl_C1	400000	cuatrocientos mil	words	person	 de profundidad, por las orillas estacado, y su albarrada por ambos lados. tardaron en hacerla cincuenta dias, mas de cuatrocientos mil hombres de los reinos de texcuco, que tenia puestos alli ixuuxuchul para solo este efecto, trabajando ocho o diez mil 
ixtl_C1	10000	diez mil	words	other	ntos mil hombres de los reinos de texcuco, que tenia puestos alli ixuuxuchul para solo este efecto, trabajando ocho o diez mil cada dia. asimismo hallo a muchos senores de diversas provincias sujetas a su senorio que venian a darle obediencia y h
ixtl_C1	200000	doscientos mil	words	person	ercito junto en texcuco, hizo alarde cortes con sus espanoles, y lo mismo hizo ijsuuxuchul, y eran en todo el ejercito doscientos mil hombres de guerra, y cincuenta mil labradores para aderezar puentes y otras cosas necesarias. cincuenta mil hombres de c
ixtl_C1	50000	y cincuenta mil	words	person	de cortes con sus espanoles, y lo mismo hizo ijsuuxuchul, y eran en todo el ejercito doscientos mil hombres de guerra, y cincuenta mil labradores para aderezar puentes y otras cosas necesarias. cincuenta mil hombres de choleo^ itzooan^ (havimahucuiy tq[>e
ixtl_C1	50000	cincuenta mil	words	person	l ejercito doscientos mil hombres de guerra, y cincuenta mil labradores para aderezar puentes y otras cosas necesarias. cincuenta mil hombres de choleo^ itzooan^ (havimahucuiy tq[>eycu¡ao y otras partes sigetas al reino de texcuco, que caen hacia la par
ixtl_C1	50000	cincuenta mil	words	person	n^ (havimahucuiy tq[>eycu¡ao y otras partes sigetas al reino de texcuco, que caen hacia la parte del mediodia, y otros cincuenta mil hombres de la ciudad y su provincia, sin ocho mil capitanes que eran vecinos y naturales de la ciudad de texcuco; otros
ixtl_C1	8000	ocho mil	words	person	reino de texcuco, que caen hacia la parte del mediodia, y otros cincuenta mil hombres de la ciudad y su provincia, sin ocho mil capitanes que eran vecinos y naturales de la ciudad de texcuco; otros cincuenta de las provincias de obwmba^ tolantzinoa
ixtl_C1	200000	doscientos mil	words	person	rovincias que caen hacia la parte del norte y son si:yetas al reino de texcuco, que como tengo declarado son por todos doscientos mil hombres de guerra. asimismo mando juntar jbiulxun ohiu todas las canoas ^ que acompanaron parte de ellas los bergantine
ixtl_C1	300000	trescientos mil	words	person	cieron alarde los tlaxcaltecas, huexotzincas y chololttcas, cada senor con sus vasallos, y hallaronse por todos mas de trescientos mil hombres de guerra. vista por cortes la multitud de gente que estaba de su parte, con acuerdo de idlilxuohiu y de todos 
ixtl_C1	50000	y cincuenta mil	words	other	n en este modo, que mando cortes a pedro de alvarado fuese a tlacopan con treinta de a caballo, ciento setenta peones y cincuenta mil de otumba, tolantzinco y otras partes, que mando joctulxuchul fuesen con ellos, y por generales su hermano quaumidaclzi
ixtl_C1	16000	diez y seis mil	words	other	laxcaltecas. 1 aqui faltan las siguientes palabras que hay en kingsborougli: que habia en todo texcuco, y hallaronse diez y seis mil. don fernando de alva ixtlilxochitl. 353 a cristobal de olid, que era el otro capitan, le dio treinta y tres espa
ixtl_C1	50000	cincuenta mil	words	person	e dio treinta y tres espanoles de a caballo, ciento ochenta peones, y dos tiros ^ como a los demas referidos, y otros cincuenta mil hombres de tziuhcohuac y las demas provincias de la parte del norte, y por general de ellos a tetlahuehiiexquuitzin^ h
ixtl_C1	50000	cincuenta mil	words	other	y la destruyesen, y pusiesen su real en donde mas a gusto les estuviese. asimismo se repartieron entre ellos todos los cincuenta mil labradores para aderezar puentes y desbaratar otras cosas necesarias para el orden de los demas. y cortes tomo para 
ixtl_C1	16000	diez y seis mil	words	person	de los demas. y cortes tomo para si los bergantines y fue por general de la flota, y en su compania lomilxuchiu con diez y seis mil canoas, en donde iban cincuenta mil texcucanos sus vasallos y los ocho mil capitanes muy valerosos para destruir los la
ixtl_C1	50000	cincuenta mil	words	person	 los bergantines y fue por general de la flota, y en su compania lomilxuchiu con diez y seis mil canoas, en donde iban cincuenta mil texcucanos sus vasallos y los ocho mil capitanes muy valerosos para destruir los laguneros y los del penol. * en mexi
ixtl_C1	8000	ocho mil	words	person	ta, y en su compania lomilxuchiu con diez y seis mil canoas, en donde iban cincuenta mil texcucanos sus vasallos y los ocho mil capitanes muy valerosos para destruir los laguneros y los del penol. * en mexico no se dormia, que lo mismo hacian los
ixtl_C1	300000	trescientos mil	words	person	cj cohuancucochizin y tetlepanquezaiziny apercibiendo de todo lo necesario y fortaleciendo la ciudad, y juntaron casi trescientos mil hombres en su favor, y enviaron a reprender mucho a ixtlilxuchiu de estas y otras cosas, porque favorecia a los hijos 
ixtl_C1	16000	diez y seis mil	words	other	y templos para que los enemigos no tuvieran en donde tomar a meterse. cortes e ixtlilxuchul, con los bergantines y las diez y seis mil canoas en donde iba su ejercito, fueron sobre mexico, y en la primera parte donde tuvieron guerra fue sobre el penol gr
ixtl_C1	500	quinientas	words	other	os bergantines y canoas, les salieron al encuentro, que aun no habian salido del penol hasta entonces, y adelantaronse quinientas canoas mexicanas, las mejores que habia para pelear, y reconocer, a los enemigos, los cuales como estuviesen cerca de 
ixtl_C1	5000	y cinco mil	words	other	bradores que para este efecto traia ixtlilxuchiu, un pedazo de la calzada para que por alli pasasen cuatro bergantines y cinco mil canoas, para ganar la laguna dulce; y pasados a esta banda en pocas horas acabaron cuantas canoas hallaron ^n ella, ma
ixtl_C1	15000	y quince mil	words	other	envio la mitad de los espanoles, y algunos caballos que le quedaron de la otra vez, le mandaron que con los que tenia y quince mil amigos, guardase la calzada de ckuhuacan, porque por alli no les don fernando de alva ixtulxochitl. 359 entrase alg
ixtl_C1	8000	ocho mil	words	person	dar las espaldas de los nuestros, salieron muy de madrugada cortes con mas de doscientos espanoles y ixtlilxuchitl con ocho mil hombres de guerra, que ya los enemigos los estaban aguardando muy bien armados y con mucha defensa, porque tenian queb
ixtl_C1	20000	veinte mil	words	person	lzada un pedazo de ella, y ahondada de tal manera que ninguno pudiese pasar por la misma. ixuuxuchiu que traia consigo veinte mil hombres para aderezar los caminos y malos pasos, les mando que la hinchieran de piedras y cespedes, y en un momento ad
ixtl_C1	50000	cincuenta mil	words	person	n muy bien este dia y ganaron algunas puentes y albarradas de los enemigos. el dia siguiente llegaronle a ixuilxucuil cincuenta mil hombres de socorro, todos aculhuas sus vasallos que se los enviaba su hermano ahuexpictzoctzin^ el cual tomo para si tre
ixtl_C1	10000	diez mil	words	other	 todos aculhuas sus vasallos que se los enviaba su hermano ahuexpictzoctzin^ el cual tomo para si treinta rail y envio diez mil a alvarado con los demas que en su favor estaban, cuyo caudillo era quauhuiztadzin y otros diez mil a gonzalo de sando
ixtl_C1	10000	diez mil	words	other	inta rail y envio diez mil a alvarado con los demas que en su favor estaban, cuyo caudillo era quauhuiztadzin y otros diez mil a gonzalo de sandoval, que todos estaban con harta necesidad; y asimismo mando a todos los que estaban impedidos o her
ixtl_C1	5000	cinco mil	words	other	s los que estaban impedidos o heridos de las guerras que se volvieran a texcuco para curarse, y fueron por todos hasta cinco mil de ellos. algunos historiadores, especialmente espanoles, escriben que con este ejercito de cincuenta mil hombres vino 
ixtl_C1	50000	cincuenta mil	words	person	 por todos hasta cinco mil de ellos. algunos historiadores, especialmente espanoles, escriben que con este ejercito de cincuenta mil hombres vino ixuilxuchitl por mandado de su hermano tecocotzin, lo cual es muy al reves; porque segun d. alonso axaydc
ixtl_C1	50000	cincuenta mil	words	person	narse los unos con los otros, que fuera grande estorbo. 364 obras historicas de dos dias despues que llegaron los cincuenta mil hombres de texcuco, vinieron los de xochimilco y otras tierras de nacion otomi a darse a cortes, ofreciendo gente de s
ixtl_C1	20000	veinte mil	words	other	 nuestros, aunque con harto trabajo, se la ganaron, y los siguieron de puente en puente hasta llegar a la plaza, y los veinte mil gastadores que traia ixuilxuchitlpavsl este efecto, les mando cegaran estas puentes y aderezaran los malos don fernan
ixtl_C1	20000	y veinte mil	words	other	e pudiesen ir por tres calles que iban hacia la plaza. la una entro el tesorero con setenta espanoles y ocho caballos, y veinte mil de los de ixuilxuchitl con muchos gastadores para cegar las acequias y puentes, y derribar casas; y por la otra fue jo
ixtl_C1	12000	doce mil	words	other	uias y puentes, y derribar casas; y por la otra fue jorge de alvarado y andres de tapia con ochenta espanoles y mas de doce mil amigos que les dio ixuilxuchul^ dejando a la boca de esta calle dos tiros y ocho de a caballo con algunos amigos; y por
ixtl_C1	8000	y ocho mil	words	person	 calle dos tiros y ocho de a caballo con algunos amigos; y por la otra fueron cortes y ixuilxuchul con cien espanoles y ocho mil amigos; y puestos todos a punto embistieron con los enemigos todos a un tiempo, e hicieron grandes cosas. laililxuchm a 
ixtl_C1	500	quinientos	words	other	con ellos, pudiesen poner en cobro sus personas, pues eran pocos, y morir uno de ellos hacia falta, mas que si fueran quinientos de los suyos; el cual al tiempo que saco a cortes del agua, le dieron una pedrada sobre la oreja izquierda, que le des
ixtl_C1	1000	mil	words	other	 que iba muy arropado por amor de las heridas, entendio que no le haria ningun mal, le comenzo a deshonrar y a ponerle mil nombres. ixuuxuchiu callo cuanto pudo y mando a los suyos que lo dejasen para ver lo que hacia, hasta que no le pudo s
ixtl_C1	2000	dos mil	words	person	harto trabajo, porque los enemigos habian cargado sobre el; y como pudieron, llegaron a su real con perdida de mas de dos mil amigos y los cuarenta espanoles que fueron presos, y luego este dia los sacrificaron en el templo mayor de tlatelulco, 
ixtl_C1	40000	cuarenta mil	words	person	chul envio a rogar a los pueblos cincunvecinos que les ayudasen, y asi con los de cuauhnahiiac juntos, que serian hasta cuarenta mil hombres, fueron con andres de tapia sobre malincdco; y antes de llegar encontro con el ejercito de los enemigos: pelear
ixtl_C1	60000	sesenta mil	words	person	llos, cien peones y muchos amigos que ixuuxuchul mando fuesen en su favor, que con los que habia en toluca llegaron a sesenta mil hombres. estuvo tres dias sandoval por el camino, al cabo de los cuales los alcanzo a la otra banda del rio chicuhiiauh
ixtl_C1	2000	dos mil	words	person	ato hasta que les hicieron huir y retirarse a su ciudad que estaba mas de dos leguas, y en la retirada mataron mas de dos mil. llegados a malinalcoy la cercaron, y los vecinos se defendieron en el interin que sus mujeres se iban a un cerro alto
ixtl_C1	100000	cien mil	words	other	sus coas para este efecto con toda brevedad; y asi cuatro dias despues que sandoval estaba en mexico, llegaron mas de cien mil de ellos, y teniendolos a todos juntos, y despues de haber apercibido a los mexicanos que se diesen de paz, los cuales 
ixtl_C1	600	seiscientos	words	person	a parte de lomilcuchiu. despues de todo lo referido, acordo cortes de hacer una emboscada, en la cual mataron mas de seiscientos mexicanos y prendieron mas de dos mil, con que de todo punto los mexicanos cobraron grandisimo temor a los nuestros; y 
ixtl_C1	2000	dos mil,	words	person	lo referido, acordo cortes de hacer una emboscada, en la cual mataron mas de seiscientos mexicanos y prendieron mas de dos mil, con que de todo punto los mexicanos cobraron grandisimo temor a los nuestros; y les ganaron otras muchas casas y un temp
ixtl_C1	40000	cuarenta mil	words	person	ue avisasen a la hora que ellos salian; y cortes tomo hasta cien espanoles y quince de a caballo, y jbtiihuchiu hasta cuarenta mil hombres; y avisados de las espias una madrugada, dieron sobre los desventurados mexicanos; y como estaban desarmados, ma
ixtl_C1	1000	mil	words	person	avisados de las espias una madrugada, dieron sobre los desventurados mexicanos; y como estaban desarmados, mataron casi mil de ellos/ y otros muchos prendieron; y lo mismo hicieron los bergantines y canoas. los guardas de la ciudad, aunque hic
ixtl_C1	1000	mil	words	other	tes y ixuilxilchiu^ enviaron a decir a alvarado y tetlahuehuezquuzin^ que combatiesen un barrio muy fuerte de mas . de mil casas que estaba por ganar, y que ellos les ayudarian; y asi dieron sobre este barrio, y los vecinos pelearon muy bien 
ixtl_C1	13000	trece mil	words	person	disimo rato; y no pudiendo sufinr la furia de los nuestros, huyeron y desampararon sus casas, y mataron mas de doce o trece mil hombres. este dia casi no pelearon los espanoles si no fue al principio; mas luego se retiraron a un cabo, y estuvieron
ixtl_C1	50000	cincuenta mil	words	person	n poca resistencia entraron hasta lo mas fuerte que tenian los mexicanos para su defensa, que fueron muertos y presos cincuenta mil hombres. hicieronse este dia unas de las mayores crueldades sobre los desventurados mexicanos que se han hecho en esta 
ixtl_C1	60000	sesenta mil	words	person	lta, y les dijo a voces que se rindieran, pues ya estaba en poder de los enemigos. la gente de guerra, que seria hasta sesenta mil de ellos, los que habian quedado de los trescientos mil que eran de la parte de mexico, viendo a su rey dejaron las arm
ixtl_C1	300000	trescientos mil	words	other	taba en poder de los enemigos. la gente de guerra, que seria hasta sesenta mil de ellos, los que habian quedado de los trescientos mil que eran de la parte de mexico, viendo a su rey dejaron las armas, y la gente mas ilustre llego a consolar a su rey.^ 
ixtl_C1	300000	trescientos mil	words	person	o sea un fondeadero por donde tambien se embarco el rey nezahualcoyou y el rey ixcoau de mexico, cuando a la cabeza de trescientos mil texcocanos y mexicanos, marcharon a destruir el imperio de los tecpanecas, y con el al tirano maxtla. todavia existen mu
ixtl_C1	30000	treinta mil	words	person	nte la de z>. alonso axayaca^ ochenta dias cabalmente. murieron de la parte de lomilcuchiu y reino de texcuco, mas de treinta mil hombres, demas de doscientos mil que fueron de la parte de los espanoles, como ya se ha visto: de los mexicanos murier
ixtl_C1	200000	doscientos mil	words	person	ochenta dias cabalmente. murieron de la parte de lomilcuchiu y reino de texcuco, mas de treinta mil hombres, demas de doscientos mil que fueron de la parte de los espanoles, como ya se ha visto: de los mexicanos murieron mas de doscientos cuarenta mil
ixtl_C1	240000	doscientos cuarenta mil, y	words	person	emas de doscientos mil que fueron de la parte de los espanoles, como ya se ha visto: de los mexicanos murieron mas de doscientos cuarenta mil, y entre ellos casi toda la nobleza mexicana, pues que apenas quedaron algunos senores y caballeros, y los mas ninos y de
ixtl_C1	2000	dos mil	words	other	 unas casas y palacios muy grandes con los mexicanos que trajo de mexico y el prendio personalmente, que eran obra de dos mil de ellos, en el sitio que llaman teepupde,^ que su padre le dio siendo nino, en donde se crio; y mando a todos sus vasa
ixtl_C1	400	cuatrocientas	words	other	d, los cuales juntaron todas las joyas y piezas de oro que cada uno tenia, y junto todo el oro y plata que se saco de cuatrocientas casas de senores que habia dentro de la ciudad, se lo enviaron a ixuibmchul^ el cual se lo dio a cortes, y rescato a su
ixtl_C1	1000	mil	words	person	exicanos y los de su parte el pesame de sus trabajos y persecucion. vino a esta embajada el hermano del rey con mas de mil hombres en su compania. todos se holgaron de esta embajada y paces con michuacan^ como que fue de mucha consideracion, y
ixtl_C1	5000	cinco mil	words	person	 belicosa. envio cortes a cristobal de olid con cien espanoles de a pie y cuarenta de a caballo, y ixuilxuchiu mas de cinco mil hombres para su servicio y ayuda. llegados a inchtiacan^ en la ciudad de chiuzizilan^ que era la corte y cabecera de es
ixtl_C1	30000	treinta mil	words	person	 huatoxco^ y otras partes con doscientos espanoles a pie y treinta y cinco de a caballo; ixuilxuchiu envio con ellos treinta mil hombres de guerra, y por capitanes a ciertos hermanos suyos, y algunos senores y soldados viejos, deudos y vasallos; y 
ixtl_C1	2000	y dos mil	words	person	vor del senor de tecfocmtepec y los demas que eran de nuestra parte con doscientos espanoles y cuarenta de a caballo, y dos mil hombres de guerra que envio ixuilxuchul con ellos. fueron en el ano de 1522, y tardaron un mes en el camino por huaxac
ixtl_C1	25000	veinte y cinco mil	words	person	a un hijo suyo, los cuales viendo que estaban casi presos, y que les entendieron la traicion, se rescataron en mas de veinte y cinco mil castellanos de oro poblaron esta ciudad y provincia, y enviaron a requerirle con don fernando de alva ixtulxoghitl, 
ixtl_C1	16000	diez y seis mil	words	person	vio luego a gonzalo de sandoval con sesenta peones y veinte y cinco de a caballo, e ixtluxuchiu mando fuesen con ellos diez y seis mil hombres de guerra, y que vengase y castigase a los de coliman, y tambien a los de impimzincoy que hacian guerras a sus
ixtl_C1	400000	cuatrocientos mil	words	person	s. ixuuxuchiu en el interin que sucedian las cosas referidas, andaba ocupado en la reedificacion de mexico con mas de cuatrocientos mil hombres, asi oficiales, como carpinteros, y albafiiles y peones, y vivia en tlatelulco, en donde despachaba sus capitan
ixtl_C1	100000	cien mil	words	other	s suyos, para memoria en los tiempos venideros de esta insigne victoria que tuvieron contra mexico. labraronse mas de cien mil casas, mejores que las que solia haber, y mas de cuarenta mil casas mas de las que antes habia. y asixnismo ixuuxuchit
ixtl_C1	40000	cuarenta mil	words	other	igne victoria que tuvieron contra mexico. labraronse mas de cien mil casas, mejores que las que solia haber, y mas de cuarenta mil casas mas de las que antes habia. y asixnismo ixuuxuchitl labro ciertas casas, y cupole en la reparticion a tlatelulco,
ixtl_C1	1000	mil	words	person	pueblos sujetos a la ciudad de texcuco, y asi les fue forzoso ir sobre ellos a cortes y ixtluxuckitl con mas de tremta mil hombres de guerra. pelearon con ellos, y ixiluxuchul prendio por sus propias manos al general y al senor de tototepec^
ixtl_C1	400	cuatrocientos	words	other	 insolencias a los de panuco^ que les fue forzoso rebelarse, no pudiendo sufrir a los espanoles, y asi mataron mas de cuatrocientos de ellos; y como tuviese cortes aviso de esto, pidio a ixuilxuchiu socorro de gente y al rey guauhtemocy. el cual y su
ixtl_C1	15000	quince mil	words	person	chiu socorro de gente y al rey guauhtemocy. el cual y sus vasallos habian convalecido, y cada uno de ellos dio mas de quince mil hombres de guerra con gonzalo de sandoval, y cincuenta de a caballo y cien de a pie, y los enviaron a panucoy yendo por
ixtl_C1	400	y cuatrocientos	words	person	os diaslo saquearon todo y mataron una infinidad de indios. fueron presos por los nuestros sesenta senores de pueblos, y cuatrocientos caballeros y capitanes, sin otra mucha gente comun; los cuales fueron condenados a muerte y quemados, salvo la gente m
ixtl_C1	20000	veinte mil	words	person	ra que fuesen con alvarado a sujetarlos. cuauhtemoc y lomuzuchitl^ que ya tenian apercibidos a sus vasallos, juntaron veinte mil hombres de guerra, y muy expertos en la malicia y tierras de la costa, enviando cada uno de ellos su general con diez m
ixtl_C1	10000	diez mil	words	person	e mil hombres de guerra, y muy expertos en la malicia y tierras de la costa, enviando cada uno de ellos su general con diez mil hombres de guerra^ los cuales fueron con alvarado, y llevaba mas de trescientos espanoles. salieron de mexico a 6 de d
ixtl_C1	4000	cuatro mil	words	person	ajo; el segundo una cuesta muy alta y aspera, que tenia mas de cinco leguas; y en un reventon de esta hallaron mas de cuatro mil enemigos y pelearon con ellos hasta desbaratarlos; y mas adelante, en un llano, hallo mas de treinta mil de ellos, y p
ixtl_C1	30000	treinta mil	words	other	llaron mas de cuatro mil enemigos y pelearon con ellos hasta desbaratarlos; y mas adelante, en un llano, hallo mas de treinta mil de ellos, y pelearon y los desbarataron; y mas adelante fueron a ciertas fuentes y tornaron a pelear con los mismos; ma
ixtl_C1	4000	cuatro mil	words	person	 los generales de texcuco y mexico enviaron a cuavhtemalan a pedir socorro al senor de alli, el cual les envio mas de cuatro mil hombres de guerra, con los cuales pelearon con sus enemigos; y dieronles tanta prisa, que los sujetaron, y los ciudadan
ixtl_C1	7000	siete mil	words	person	 entrada de este lugar. visto por los nuestros que era mucha la ventaja de los enemigos, y que no habia mas que hasta siete mil mexicanos y^texcucanos, porque los demas, unos eran muertos, y otros quedaban en crmuhtemcdan indispuestos de los trab
ixtl_C1	1000	mil	words	other	abajos pasados, y alvarado no llevaba mas de doscientos cincuenta espanoles de a pie y cien de a caballo, y otros pocos mil mas de ouauhiemalan^ ^ pasaron por un lado del ejercito de los enemigos; y como los vieron a la otra parte, embistieron
ixtl_C1	400	cuatrocientas	words	other	oro y riquezas hallaron en este viaje, aunque se ganaron y sujetaron otras provincias. anduvieron, segun dicen, mas de cuatrocientas leguas, y desde ouauklemalan se vinieron el ejercito de los aculhuas y mexicanos, y dejaron alla a alvarado con los dema
ixtl_C1	10000	diez mil	words	person	erales deudos de ixuilxxichiu y cxvauhteinoc^ uno de los aculhuas y otro de los mexicanos y tepemecas; cada general con diez mil hombres de guerra. fueron derechos a la villa del espiritu santo, y all juntaronse mas espanoles. hicieron ciertas ent
ixtl_C1	20000	veinte mil	words	person	asi envio cortes a rodrigo rangel que es el mismo que fue la primera vez con ciento cincuenta espanoles, y ixtluxuchiu veinte mil hombres de guerra en su compania, y un hermano suyo por general; y de camino se juntaron con los de tlaxcalan^ que env
ixtl_C1	6000	seis mil	words	person	 su compania, y un hermano suyo por general; y de camino se juntaron con los de tlaxcalan^ que enviaron otros cinco o seis mil hombres en su favor. llegados a estas provincias les requirieron con la paz una y muchas veces, y viendo que no se que
ixtl_C1	400	cuatrocientas	words	other	 y con esto quedo todo el imperio de las tres cabeceras texcueo, mexico y tlacopan siyeto, que corria lo mas de ellas cuatrocientas leguas a la redonda de esta laguna grande de texcueo, hasta las costas de la mar del sur y norte, como se ha visto. ot
ixtl_C1	20000	veinte mil	words	person	cantidad de soldados que tenia en su ejercito, en la plaza de otumpan, donde el residia; y entre toda su gente escogio veinte mil hombres de guerra, los mas valerosos que los conocia muy bien en las guerras pasadas, y todos los capitanes sus amigos 
ixtl_C1	1000	mil	words	other	amino ciertas provincias que estaban rebeladas por causa de los espanoles, que les robaban sus haciendas y les hacian mil molestias. salido que fue de mexico cortes, de alli a pocos dias los gobernadores espanoles que dejo en su lugar^ llam
ixtl_C1	1000	mil	words	other	 gobierno, de tal manera que todos los espanoles estaban encontrados los unos con los otros, y los naturales les hacian mil molestias, de tal manera que se alzaran y mataran a cuantos espanoles habia dentro de la ciudad, si no fuera por amor 
ixtl_C1	1000	mil	words	other	a perderse, porque si de antes hacfcm mal a los naturales, ahora fue pieor con estas revueltas, pues que les infecian mil agravios y se tragaban tu8 haciendas. los naturales de buaxacac, zihuauan y otras partes, recibian hartas pesadumbres
ixtl_C1	1000	mil	words	other	n otro muy grande que fue necesario hacer una puente de madera que tu1 xicalanco. 408 obras historicas de yo casi mil varas ^ de ancho ^ue estaba muy cerca de la mar. trabajaron aqui muy bien los batucales que fueron los que hicieron est
ixtl_C1	500	quinientos	words	other	, mas lo querian para los caballos que no para el ejercito. al cabo de los tres dias, dieron sobre un estero de mas de quinientos pasos de ancho y de hondo algunas seis brazas; y como no tenian canoas para pasar a la otra banda, tuvieron grandisimo 
ixtl_C1	1000	mil	words	other	a nos entregaron a manos de estos extranjeros, para padecer los largos y asperos caminos, las hambres y frios y otras mil calamidades que padecemos, desposeidos de nuestros reinos y senorios, y olvidados de nuestra regalada patria, como si fu
ixtl_C1	1000	mil	words	person	n donde hallarian harto bastimento y todo lo necesario; pero que estaba a la otra banda de el. ixuibmohiu envio mas de mil aculhuas sus vasallos con algunos espanoles, para que de alla trajesen bastimento, los cuales fueron y proveyeron al ej
ixtl_C1	1000	mil	words	person	ortes, y para que los llamaban. decianles que les perdonase que no osaban venir porque los espanoles les habian hecho mil insolencias, y venian a robar hombres que los llevaban forzadamente en sus navios. ixtlilxuchitl por lengua de marina 
ixtl_C1	500	quinientas	words	other	exico donde fue muy bien recibido. este fin tuvo la larga jomada que hizo ixtluxuchiu a ibueras el cual andubo mas de quinientas leguas, segun dicen los autores espanoles, especialmente gomara^ que se conforma en lo que es de tiempo y lugares que 
ixtl_C1	562	quinientos sesenta y dos	words	other	o ser de mi historia. don fernando de alva ixtlilxochitl. 433 porque en el se acabo la monarquia tulteca que duro quinientos sesenta y dos anos, y lo mismo ha sucedido en ixuilxuchitl que se acabo en su muerte el imperio chichimeca meridional, que duro otro 
ixtl_C1	5000	cinco mil	words	person	 lo que tengo en historias. dicen que el mejor ejercito que se saco de texcuco para las partes referidas era de mas de cinco mil soldados, los cuales ixtlibmchiu siempre proveia de todo lo necesario, asi de sustento como de vestuario, de armas y de
ixtl_C1	1000	mil	words	other	chitl y de los demas sus deudos, y gastado todos los tributos de todo el tiempo que se ocupo en las ibuerasy causando mil vejaciones a los naturales, haciendo casas a los espanoles dentro de la ciudad de mexico, dandoles solares de los que 
ixtl_C1	1000	mil	words	person	y bien lo sabian, hasta ver en que paraban estas cosas. los caballeros y gente ilustre todos los dias venian a el con mil quejas, diciendole que les hacian tributar, y los enviaban a servir a los espanoles, especialmente izquinquani, que er
ixtl_C1	4000	cuatro mil	words	person	de xalisco a xochipilan^ fue con el d. aptonio, que al presente era senor de la provincia de texcuco, y llevo conmigo cuatro mil hombres de guerra en favor de los espanoles y servicio de s. m., donde murieron muchos de ellos, de manera que desde q
ixtl_C1	2000	dos mil	words	other	 esta relacion he sacado excelentisimo senor de los nueve libros que estoy escribiendo de cosas de la uerra, de mas de dos mil anos a esta parte, segun esta en la original historia de los senores de esta tierra conforme lo he interpretado y los v
ixtl_C1	1000	mil	words	person	, hijas y mujeres, ^ y muchas de nuestras tierras nos las quitan y se van alzando con ellas algunas personas, sin otros mil agravios que se nos hacen, como se vera especincadamente en la dicha historia. ^ y para que finalmente conste en esta
ixtl_C1	3002	3.002	digit-group	person	" principales caudillos de su ejercito."" — (cap. iv. citado). don fernando de alva ixtulxochitl. 83 izonuij que son 3.002,200 ^ hombres y mujeres, segun aparece de la historia y se halla en los lugares adonde los conto, que fueron en mas d"
ixtl_C1	1600	1,600	digit-group	person	llo al tiempo que vino cortes y los demas espanoles, porque yo hallo en los padrones reales, que el menor pueblo tenia 1,600 vecinos; y de alli para arriba y aho1 parece que en este pasaje comprendido, no solamente hay omisiones, sino que aun 
ixtl_C1	1600	1.600	digit-group	person	l^t; primeramente en la que cupieron sus vasallos que trajo consigo, que fueron por todos, segun parece en la historia, 1.600,000 hombres; y a los otros seis senores que vinieron despues que el estaba en esta tierra, repartio los pueblos y luga
ixtl_C1	500000	500,000	digit-group	person	 que en los demas lugares hasta ouauhtiua/n^ en donde ya a esta ocasion estaba el ejercito del gran tirano con mas de 500,000 hombres de diversas y remotas partes, como eran de michhuacan y otros reinos y provincias de la banda del mediodia. e
ixtl_C1	200000	200,000	digit-group	person	es, como eran de michhuacan y otros reinos y provincias de la banda del mediodia. el rey ixduxuchiu no tenia mas que 200,000 hombres, porque en toda la gente que pudo juntar, 1 citlftltepoa don fernando de alva ixtlilxochitl. 305 asi suy
ixtl_C1	300000	300,000	digit-group	other	n fernando de alva ixtlilxochitl. 305 asi suyos como de los senores referidos, que le enviaron socorro, no llegaron a 300,000, porque los demas estaban en las fronteras y s9i0 los 200,000 traia consigo; pero segun las historias traia los mas v
ixtl_C1	200000	200,000	digit-group	other	enores referidos, que le enviaron socorro, no llegaron a 300,000, porque los demas estaban en las fronteras y s9i0 los 200,000 traia consigo; pero segun las historias traia los mas valerosos capitanes y ardilosos que habia en esta tierra en aque
ixtl_C1	400000	400,000	digit-group	person	llegado que fue a mexico, hallo a los mexicanos en grande aprieto, porque el rey maxua los tenia! cercados con mas de 400,000 hombres de diversas partes y habia tenido algunas escaramuzas muy renidas, en donde habia muerto cantidad de gente por
ixtl_C1	100000	100,000	digit-group	person	 y habia tenido algunas escaramuzas muy renidas, en donde habia muerto cantidad de gente por ambas partes. tenia hasta 100,000 hombres su tio el rey iztcohuatzin y el otro su primo moteczuma y comenzaron la batalla, la cual duro ciento y tantos 
ixtl_C1	50000	50,000	digit-group	person	ara la guerra y fortalecio su ciudad muy bien. nezahualcoyou junto sus soldados y hizo un razonable ejercito de hasta 50,000 hombres y fue sobre mexico y entro por tepeyacac que es donde ahora es nuestra senora de guadalupe^ y el fue el primer
ixtl_C1	200000	200,000	digit-group	person	ios, gano la nueva espana, siendo senor y capitan general de los aculhuas texcucanos, conduciendo un ejercito de mas de 200,000 hombres, 1 los antiguos histotiadores hablan generalmente de conquistas muy lejanas hechas por los ejercitos del anah
mendieta_scanA	1000000	un millon	words-millon	person	zon: y por ello merecio este rey vencer milagrosamente con poca gente al rey zara de etiopia, que venia contra el con un millon de hombres de pelea. su hijo josafat no menos fue acepto a dios, porque en el tercer ano de su reinado eligio siete pri
mendieta_scanA	1000000	millones	words-millon	person	cidentales la santa fe catolica; y por el consiguiente les conviene el nombre de padres de muchas gentes, pues muchos millones de animas han sido aqui regeneradas por el sagrado bautismo. en confirmacion de lo cual quiso dios y ordeno que estos b
mendieta_scanA	7000	siete mil	words	person	osas en su beneplacito cerca de todo lo criado) no se ocupa en otra cosa (hablando en nuestro modo de decir), de casi siete mil anos a esta parte, que crio al primer hombre, si no es en llamar por si con inspiraciones, avisos y castigos, y por med
mendieta_scanA	1000000	millones	words-millon	person	o debe poner espanto esta terrible amenaza, ¿cuanto mas es justo que tema y ande la barba sobre el hombro quien tantos millones de animas ha tomado y tiene a su cargo, para dar cuenta de ellas, no solo cuanto al gobierno temporal, mas tambien cuan
mendieta_scanA	50000	cincuenta mil	words	other	er a rebelarse y alzarse, y que pudieran hacer el estrago que en tantos espanoles hicieron, pues murieron en la gresca cincuenta mil cristianos (que no fue pequeno azote para espana). y si este fue azote enviado de dios, o caso fortuito, o si fue o no
mendieta_scanA	1000000	un millon y	words-millon	person	acil de poner en sujecion, dieronse mas a esto que a ensenarles la fe de jesucristo. sujetados los indios (que habria un millon y medio de ellos en toda la isla), repartiolos todos colon entre sus soldados y pobladores y otros criados y privados de
mendieta_scanA	1000	mil	words	person	dro martir, en su septima decada, capitulo cuarto, refiere una maldad y testimonio que le dijeron los que infamar por mil vias estas gentes pretenden (que aunque tengan pecados y miserias de anima como infieles, no por eso permite la carida
mendieta_scanA	3000	tres mil	words	other	el recibir nuestra santa fe, y porque por sus obras no aborreciesen a los cristianos. llevaba consigo este gobernador tres mil espanoles como si fuera a conquistar a oran de los moros. y llegados a la isla, no se supo dar mana para repartirlos po
mendieta_scanA	7000	siete mil	words	person	 hambre no tenian leche para darles a mamar; y por esta causa en la isla de cuba acaecio morirse en obra de tres meses siete mil ninos de hambre; otras ahogaban y mataban las criaturas de desesperadas; otras, sintiendose prenadas, tomaban yerbas co
mendieta_scanA	500	quinientos, y	words	other	ndios de aquella isla, y despues de las demas que se iban ganando, concertandose con los gobernadores, y tomando cual quinientos, y cual ochocientos, y cual mil, y desde arriba, poniendo sus mayordomos y hacedores que les acudiesen con lo adquirido. d
mendieta_scanA	800	ochocientos, y	words	other	la, y despues de las demas que se iban ganando, concertandose con los gobernadores, y tomando cual quinientos, y cual ochocientos, y cual mil, y desde arriba, poniendo sus mayordomos y hacedores que les acudiesen con lo adquirido. de suerte, que aunqu
mendieta_scanA	1000	mil, y	words	other	 demas que se iban ganando, concertandose con los gobernadores, y tomando cual quinientos, y cual ochocientos, y cual mil, y desde arriba, poniendo sus mayordomos y hacedores que les acudiesen con lo adquirido. de suerte, que aunque despues vo
mendieta_scanA	1000000	millones	words-millon	person	laramente se entienda la razon y causa, y los que la dieron y tuvieron la culpa en el modo como totalmente se acabaron millones de gentes en aquella isla y en las demas referidas; porque no lo sabiendo de raiz los del siglo venidero (como yo lo sup
mendieta_scanA	1600	mil y seiscientos	words	other	que cayo en cierta parte de la tierra, donde decian chicomoztoc, que quiere decir «siete cuevas.» dicen salieron de el mil y seiscientos dioses (en que parece querer atinar a la caida de los malos angeles), los cuales dicen que viendose asi caidos y dester
mendieta_scanA	1000	mil,	words	other	s ninos. mas de los esclavos tomados en guerra, todos los que a la sazon enian, sacrificaban y mataban, aunque fuesen mil, puesto que en diversas ¡estas diversas ceremonias hacian con ellos. y para no sentir tanto la muere, les daban cierto b
mendieta_scanA	400	cuatrocientos	words	other	uno un buen agujero, y luego el mas principal achcauhtli (que asi los llamaban a estos) sacaba por su lengua aquel dia cuatrocientos palos de aquellos; los otros tambien viejos y curtidos y de fuerte animo, imitaban a su capitan y sacaban otros cada cu
mendieta_scanA	400	cuatrocientos	words	other	s palos de aquellos; los otros tambien viejos y curtidos y de fuerte animo, imitaban a su capitan y sacaban otros cada cuatrocientos. otros, no tan antiguos, sacaban trescientos de aquellos palos, que despues de labrados eran tan gruesos, unos como e
mendieta_scanA	1000	mil	words	other	riaturas visibles, haciendole de ellas idolos, asi de bulto como pintados, sino que demas de esto los tenia ciegos en mil maneras de hechicerias, execramentos y supersticiones. y hablando primero de los execramentos que ordeno en su iglesia 
mendieta_scanA	1000	mil, y	words	other	ultitud que va ensanchando y hinchendo el corro. los que andan en este medio en los grandes pueblos solian ser mas de mil, y a las veces mas de dos mil, y demas de estos, a la redonda anda una procesion de dos ordenes, mancebos grandes bailador
mendieta_scanA	2000	dos mil, y	words	other	o y hinchendo el corro. los que andan en este medio en los grandes pueblos solian ser mas de mil, y a las veces mas de dos mil, y demas de estos, a la redonda anda una procesion de dos ordenes, mancebos grandes bailadores. los delanteros son dos homb
mendieta_scanA	1000	mil, y	words	other	 bailes al que va junto tras el. no eran tan pocos los que iban en estas dos ordenes, que no allegasen a ser cerca de mil, y otras veces mas, segun los pueblos y las fiestas. en su antiguedad, antes de las guerras, cuando celebraban sus fiestas
mendieta_scanA	7000	tres y cuatro mil y	words	other	 su antiguedad, antes de las guerras, cuando celebraban sus fiestas con libertad, en los grandes pueblos se ayuntaban tres y cuatro mil y mas a bailar, mas agora como se ha disminuido y apocado tanta multitud, son pocos los que se juntan a bailar. queriendo
mendieta_scanA	1000	mil	words	other	ahaciendo a otras naciones, y mudando el len145 guaje. estos que digo, son truhanes, y andan sobresalientes haciendo mil visajes, y diciendo mil gracias y donaires con que hacen reir a cuantos los ven y oyen. unos andan como viejas, otros c
mendieta_scanA	1000	mil	words	other	s, y mudando el len145 guaje. estos que digo, son truhanes, y andan sobresalientes haciendo mil visajes, y diciendo mil gracias y donaires con que hacen reir a cuantos los ven y oyen. unos andan como viejas, otros como bobos. a tiempos les
mendieta_scanA	600	seiscientos	words	person	de estas gentes a estas partes de mexico y texcuco, no se sabe que anos habra que vinieron. algunos dijeron que habria seiscientos anos, otros que menos, y en esto no hay que reparar, porque los indios facilmente se yerran en cosa de cuenta. dicen qu
mendieta_scanA	1300	mil y trescientos y	words	other	a llegar al lugar y asiento donde agora esta la ciudad de mexico, en el ano (segun se cuenta) de nuestra redencion de mil y trescientos y veinticuatro. y este asiento les cuadro mucho por hallarlo abundante de cazas de aves y pescados y marisco con que se 
mendieta_scanA	1200	mil y doscientas, y	words	other	, pedreros y carpinteros. ponian delante de cada senor mucha comida, y era tanta, que de solas gallinas, unos gastaban mil y doscientas, y otros mil y seiscientas, y estas todas eran gallinas de la tierra, que son como pavas. entre estas habia muchos gallos d
mendieta_scanA	1600	mil y seiscientas, y	words	other	onian delante de cada senor mucha comida, y era tanta, que de solas gallinas, unos gastaban mil y doscientas, y otros mil y seiscientas, y estas todas eran gallinas de la tierra, que son como pavas. entre estas habia muchos gallos de papada, sin muchas codor
mendieta_scanA	400	cuatrocientos	words	other	l famosisimo y venturosisimo capitan don fernando cortes (que despues fue meritisimo marques del valle), desembarco con cuatrocientos espanoles en el puerto de esta tierra firme, llamada entonces anahuac, que quiere decir «cerca de las aguas o junto a 
mendieta_scanA	80400	ochenta mil y cuatrocientas	words	person	os idolos (que a la sazon se habia acabado), en la cual fiesta (que a razon tendria largos ochavarios) se sacrificaron ochenta mil y cuatrocientas personas. mirad si el clamor de tantas almas y sangre humana derramada en injuria de su criador seria bastante para que
mendieta_scanA	400	cuatrocientos	words	other	tan alta en el animo, y extrana determinacion que dios puso en su corazon para meterse como se metio, con poco mas de cuatrocientos cristianos, en tierra de infieles sin numero, y ejercitados en continuas guerras que entre si tenian, privandose totalm
mendieta_scanA	1523	mil y quinientos y veinte y tres	words	other	a en la provincia de los angeles, en el convento de santa maria de los angeles, dia de nuestro padre san francisco, de mil y quinientos y veinte y tres anos. senalada de mi mano y sellada con el sello mayor de mi oficio. frater franciscus angelorum, generalis minister et
mendieta_scanA	1000	mil	words	other	en esta su peregrinacion. porque si para escribir historias profanas y henchir sus libros los autores se aprovechan de mil menudencias y cosas impertinentes, pintandolas con muchos colores retoricos, mostrandose cronistas puntuales: diciendo 
mendieta_scanA	30000	treinta mil	words	person	n cuatro por las ciudades de tezcuco, tlaxcala y guaxozingo. tendria en aquel tiempo la ciudad de tezcuco al pie de treinta mil vecinos, sin quince provincias que le eran sujetas; la de tlaxcala con sus sujetos mas de doscientos mil, y la de guaxo
mendieta_scanA	200000	doscientos mil, y	words	other	zcuco al pie de treinta mil vecinos, sin quince provincias que le eran sujetas; la de tlaxcala con sus sujetos mas de doscientos mil, y la de guaxozingo ochenta mil. y habiendose comunicado entre todos el modo como se debian de haber con los indios, y la 
mendieta_scanA	80000	ochenta mil	words	other	s, sin quince provincias que le eran sujetas; la de tlaxcala con sus sujetos mas de doscientos mil, y la de guaxozingo ochenta mil. y habiendose comunicado entre todos el modo como se debian de haber con los indios, y la manera que habian de tener p
mendieta_scanA	600	seiscientos	words	person	pues a ser alcaldes y gobernadores, y mandar a sus senores. de estos ninos asi recogidos se encerraban en aquella casa seiscientos o ochocientos o mil, y tenian por guardas unos viejos ancianos que miraban por ellos, y les daban de comer lo que les t
mendieta_scanA	800	ochocientos	words	person	caldes y gobernadores, y mandar a sus senores. de estos ninos asi recogidos se encerraban en aquella casa seiscientos o ochocientos o mil, y tenian por guardas unos viejos ancianos que miraban por ellos, y les daban de comer lo que les traian sus madr
mendieta_scanA	1000	mil, y	words	other	nadores, y mandar a sus senores. de estos ninos asi recogidos se encerraban en aquella casa seiscientos o ochocientos o mil, y tenian por guardas unos viejos ancianos que miraban por ellos, y les daban de comer lo que les traian sus madres, y la 
mendieta_scanA	1000	mil	words	other	oco hubo en el mundo, que a sacratisima humanidad de nuestro redentor jesucristo, acoceada, abofeteada, escupida, y en mil modos escarnecida, por cuyo medio obro dios la redencion del genero humano, la cosa mas grandiosa y preciada que en el 
mendieta_scanA	1000	mil	words	other	o obedecido y reverenciado, no lo podia llevar en paciencia, y asi aparecia a muchos en diversas formas y los traia en mil maneras de enganos, diciendoles que por que no le servian y adoraban como, antes solian, pues era su dios, y que los 
mendieta_scanA	1000000	millones	words-millon	person	s unos con otros por la negra ambicion y codicia, sin consideracion del manifiesto peligro en que estaban, cercados de millones de indios sus contrarios, porque los tenian forciblemente avasallados. y mas estando avisados de los frailes que mirase
mendieta_scanA	400	cuatrocientos	words	person	s de barbaros por ir entre ellos con celo de ensenarles a ser cristianos, como acaecio no ha muchos anos a algunos, de cuatrocientos casados que desterrandose de sus deudos y natural fueron a poblar entre barbaros chichimecos, para los amansar y traer 
mendieta_scanA	400	cuatrocientas	words	other	er, como treinta reinos, antes mas que menos. y si la dividimos en provincias o gobernaciones distintas, serian mas de cuatrocientas; y en esto no me alargo, porque antes pienso que digo poco que mucho. los cuatro monasterios o religiosos de ellos rep
mendieta_scanA	15000	cuatro y cinco y seis mil	words	person	 ministerio. y aunque mudaban los brazos ambos, se les cansaban, porque a un solo sacerdote acaecia bautizar en un dia cuatro y cinco y seis mil adultos y ninos. en xuchimilco bautizaron en un dia dos sacerdotes mas de quince mil. el uno de ellos ayudo a tiempos, 
mendieta_scanA	15000	quince mil	words	person	bautizar en un dia cuatro y cinco y seis mil adultos y ninos. en xuchimilco bautizaron en un dia dos sacerdotes mas de quince mil. el uno de ellos ayudo a tiempos, y a tiempos descanso, y este bautizo pocos mas de cinco mil. y el otro que tuvo la 
mendieta_scanA	5000	cinco mil	words	other	a dos sacerdotes mas de quince mil. el uno de ellos ayudo a tiempos, y a tiempos descanso, y este bautizo pocos mas de cinco mil. y el otro que tuvo la tela bautizo mas de diez mil por cuenta. y porque eran muchos los que buscaban y pedian el bau
mendieta_scanA	10000	diez mil	words	other	udo a tiempos, y a tiempos descanso, y este bautizo pocos mas de cinco mil. y el otro que tuvo la tela bautizo mas de diez mil por cuenta. y porque eran muchos los que buscaban y pedian el bautismo, visitaban y bautizaban en un dia tres y cuatro
mendieta_scanA	4000	cuatro mil	words	other	scribir, examinar matrimonios, concertar y concordar los discordes, defender a los que poco pueden, y bautizar tres o cuatro mil (que no quiero decir ocho o diez mil) guardando con ellos las ceremonias y solemnidad del bautismo? ¿que saliva habia d
mendieta_scanA	10000	diez mil	words	other	ar y concordar los discordes, defender a los que poco pueden, y bautizar tres o cuatro mil (que no quiero decir ocho o diez mil) guardando con ellos las ceremonias y solemnidad del bautismo? ¿que saliva habia de bastar para ponersela a todos, aun
mendieta_scanA	3000	tres mil	words	person	r las animas tiernas en la fe. capitulo xxxviii. de lo que cerca de esta bula determinaron los senores obispos, y de tres mil indios que en un dia se bautizaron y casaron, y la suma de los que se bautizaron en los primeros anos de su conversion 
mendieta_scanA	3000	tres mil	words	person	 cierto monasterio en gran servicio del senor, y fue que un dia de pascua de navidad se bautizaron y casaron juntamente tres mil indios adultos, desde que amanecio hasta que fue tiempo de la misa mayor, la cual se dijo con mucha solemnidad, dando 
mendieta_scanA	1000000	millones	words-millon	person	o, y mas en particular la hizo el ano de 1536, y hallo que se habrian para entonces bautizado cerca de cinco cuentos o millones de animas por mano n de los frailes menores, que de los otros no trata. despues hizo la cuenta e el ano de 1540, y
mendieta_scanA	1000000	millones,	words-millon	other	 trata. despues hizo la cuenta e el ano de 1540, y hallo que para entonces serian los bautizados mas de seis 285 millones, que son sesenta veces cien mil. en la segunda parte de las cronicas de los frailes menores se cuenta que por medio suyo 
mendieta_scanA	100000	cien mil	words	other	 el ano de 1540, y hallo que para entonces serian los bautizados mas de seis 285 millones, que son sesenta veces cien mil. en la segunda parte de las cronicas de los frailes menores se cuenta que por medio suyo de ellos fue hecha gran conve
mendieta_scanA	200000	doscientas mil	words	person	ano de 1376, en bulgaria junto del reino de hungria, en que bautizaron ocho frailes, dentro de cincuenta dias, mas de doscientas mil personas. pero a la conversion y bautismo de esta nueva espana, tanto por tanto comparando los tiempos, pienso que ning
mendieta_scanA	1000	mil	words	other	ian en ensenarse. en tanendo la campana a maitines, tanto era el fervor que traian, que todos estaban en pie, y daban mil vueltas con la memoria al pater noster, ave maria y credo, con lo demas. y al tiempo que los bautizaban, muchos recibia
mendieta_scanA	14200	catorce mil y doscientos y	words	other	iervo de dios, que paso por alli huesped, que en cinco dias que alli estuvo bautizaron el y otro sacerdote por cuenta catorce mil y doscientos y tantos. y aunque el trabajo no era poco (porque a todos ponian oleo y crisma), dice que sentia en lo interior 287 
mendieta_scanA	2000	dos mil	words	person	bautismo a la multitud que acudia, que 288 se hallaron a la sazon en el patio del monasterio de guacachula mas de dos mil animas, y en el de tlaxcala pocas menos, que aguardaban el bautismo, y se hubieron de volver a sus casas sin el, lloran
mendieta_scanA	1000	mil	words	other	pocas menos, que aguardaban el bautismo, y se hubieron de volver a sus casas sin el, llorando y quejandose, y diciendo mil lastimas, que eran para quebrar los corazones, aunque fueran de piedra, diciendo: «¡oh desventurados de nosotros! ¿como 
mendieta_scanA	400	cuatrocientas	words	person	terminase el modo que en el se habia de guardar (y ceso por espacio de tres meses), habian muerto sin bautismo mas de cuatrocientas personas. capitulo xl. que trata del sacramento de la confirmacion los doctores teologos, en el cuarto libro de las
mendieta_scanA	12000	doce mil	words	other	ucho me han edificado en esta cuaresma y pascua las restituciones que 299 hicieron. yo creo que pasaron de diez o doce mil pesos, de cosas que eran a cargo, asi del tiempo de su infidelidad como despues de cristianos. unos de cosas pobres y 
mendieta_scanA	1300	quinientas y ochocientas, y	words	person	ierras y heredades. alguno ha habido que ha restituido doce suertes, y la que menos de trescientas brazas, y otras de quinientas y ochocientas, y suerte de mil y doscientas, con muchos vasallos y casas dentro en las heredades. otros han restituido y dejado quince 
mendieta_scanA	1200	mil y doscientas,	words	person	ue ha restituido doce suertes, y la que menos de trescientas brazas, y otras de quinientas y ochocientas, y suerte de mil y doscientas, con muchos vasallos y casas dentro en las heredades. otros han restituido y dejado quince suertes, y otros veinte, y ot
mendieta_scanA	20000	veinte mil,	words	other	a en iglesia. a la del jueves santo vinieron tantos, que al parecer de los espanoles que aqui se hallaron, pasaban de veinte mil, o poco menos de treinta mil. toda la semana santa vacaron a los oficios divinos, y en el sermon de la pasion hubo hart
mendieta_scanA	30000	treinta mil	words	other	es santo vinieron tantos, que al parecer de los espanoles que aqui se hallaron, pasaban de veinte mil, o poco menos de treinta mil. toda la semana santa vacaron a los oficios divinos, y en el sermon de la pasion hubo hartas lagrimas, y no menos en 
mendieta_scanA	1000	mil	words	person	ana. y desposados, hicieronse grandes fiestas y bailes de mucha gente: que entonces solianse juntar a un baile mas de mil indios principales. y el domingo siguiente, dia de las once mil virgenes, fue mayor la fiesta, porque aquel dia se vel
mendieta_scanA	11000	once mil	words	person	ucha gente: que entonces solianse juntar a un baile mas de mil indios principales. y el domingo siguiente, dia de las once mil virgenes, fue mayor la fiesta, porque aquel dia se velaron con la pompa y aparato acostumbrado de arras y anillos. y ac
mendieta_scanA	1500	mil y quinientos,	words	other	dote, en otro pueblo junto a santa ana, despues de haber dicho misa y predicado al pueblo, bautizo, chicos y grandes, mil y quinientos, poniendo a todos oleo y crisma, y confeso en este mismo dia quince personas enfermos y sanos; pero ya habia pasado una
mendieta_scanA	400	cuatrocientos	words	other	a, un viernes por la tarde, y llegados a la misma iglesia de santa ana, aquel dia y el sabado por la manana desposaron cuatrocientos pares, habiendo tan pocos dias que se desposaron doscientos, y bautizaron algunos, y confesaron diez enfermos. hecho es
mendieta_scanA	450	cuatrocientos y cincuenta	words	person	 zumpanzingo, por oir misa (como era domingo) acudio la gente de una legua a la redonda, y de esta gente se desposaron cuatrocientos y cincuenta pares, y se bautizaron setecientos ninos y quinientos adultos, y se velaron aquel dia doscientos pares, y el lunes por 
mendieta_scanA	700	setecientos	words	person	dio la gente de una legua a la redonda, y de esta gente se desposaron cuatrocientos y cincuenta pares, y se bautizaron setecientos ninos y quinientos adultos, y se velaron aquel dia doscientos pares, y el lunes por la manana se velaron trescientos y
mendieta_scanA	500	y quinientos	words	person	a legua a la redonda, y de esta gente se desposaron cuatrocientos y cincuenta pares, y se bautizaron setecientos ninos y quinientos adultos, y se velaron aquel dia doscientos pares, y el lunes por la manana se velaron trescientos y sesenta pares, y d
mendieta_scanA	750	setecientos y cincuenta	words	other	aron en escribirlos, y a esta causa no se supo el numero cierto; pero supose que hubo dia en que se desposaron mas de setecientos y cincuenta pares. y en el mismo convento de tlaxcala no estaban los religiosos de balde, que mas obra se hacia alli que en las visi
mendieta_scanA	1000	mil	words	other	cala no estaban los religiosos de balde, que mas obra se hacia alli que en las visitas. y asi habia dia que pasaban de mil pares los que se desposaban. y hase de 310 advertir que esto era por el ano de 1540. ¿pues que seria algunos anos 
mendieta_scanA	1000	mil	words	person	espana, como veian que traian a mal andar a los fraies, descuidados de que en castilla se supiesen sus cosas, hacianles mil afrentas y desacreditabanlos con los indios, y vedaban que no los pudiesen castigar por las cosas que de derecho pueden
mendieta_scanA	1000	mil	words	other	nlo muy bien las mujeres naturales de esta tierra mejor que las de castilla, porque lo usaban mucho y hacian telas de mil labores y muy vistosas, de que hicieron en aquel tiempo frontales para los altares y casullas y otros ornamentos 329 
mendieta_scanA	10000	diez mil	words	person	pueblo al monasterio, y entran en la iglesia (que aunque es muy grande, no cupieron todos en ella, porque serian como diez mil animas), y ellos y los que quedaban fuera en el patio, todos de rodillas o postrados ante el santisimo sacramento, com
mendieta_scanA	3000	tres mil	words	person	s. «estaba la iglesia llena, y los que en ella no cabian estaban en las puertas, y otros en el patio, que podrian ser tres mil personas. muchos espanoles que se hallaban presentes, estaban maravillados, y otros oyendo lo que pasaba, vinieron a ver
mendieta_scanA	800	ochocientos, y	words	other	0 leguas), ni curando de aguardar mucho matalotaje. y asi fueron luego, no tres o cuatro como procuradores, sino mas de ochocientos, y algunos dijeron que eran mas de mil. y quisieron ir muchas indias con ellos, mas no lo consintieron los principales p
mendieta_scanA	1000	mil	words	other	je. y asi fueron luego, no tres o cuatro como procuradores, sino mas de ochocientos, y algunos dijeron que eran mas de mil. y quisieron ir muchas indias con ellos, mas no lo consintieron los principales por ser tan lejos. llegados a mexico
mendieta_scanA	800	ochocientos, y	words	person	orden, especialmente en los pueblos grandes, donde acaece estar aguardando a las primeras visperas de la fiesta mas de ochocientos, y en parte mil ninos con 342 sus madres y otros parientes y amigos que traen como por padrinos o madrinas de aquell
mendieta_scanA	1000	mil	words	person	los pueblos grandes, donde acaece estar aguardando a las primeras visperas de la fiesta mas de ochocientos, y en parte mil ninos con 342 sus madres y otros parientes y amigos que traen como por padrinos o madrinas de aquella investidura
mendieta_scanA	800	ochocientos	words	person	blo, que antes estaba derramado, por industria de los frailes franciscos que eran alli recien entrados) se hallo que ochocientos hombres casados de guatinchan habian ya tomado solares para edificar alli sus casas, extranandose de su propia patria 
mendieta_scanA	2000	dos mil	words	person	 los tenian a cargo, considerando que aquel pueblo de teotihuacan era de buena poblacion (porque en aquel tiempo tenia dos mil vecinos), y que a ellos les sobraban religiosos para ponerlos alli de asiento, acordaron de edificar tambien alli mona
mendieta_scanA	4000	cuatro mil	words	person	o o seis indios de parte de los religiosos, y estos descubrieron al indio juez donde tenia el pueblo escondidos mas de cuatro mil pesos de la comunidad, en dinero y en otras cosas. el juez los recogio y volvio a meter en la casa y caja de la comuni
mendieta_scanA	4000	cuatro mil	words	other	n el agua del bautismo. estuvieron fuera de sus casas un ano entero; gastaron de lo que tenian en su comunidad mas de cuatro mil pesos, y de particulares, perdidos y hurtados, mas de seis mil. con todos estos trabajos, viendo que no podian alcanzar
mendieta_scanA	6000	seis mil	words	other	ero; gastaron de lo que tenian en su comunidad mas de cuatro mil pesos, y de particulares, perdidos y hurtados, mas de seis mil. con todos estos trabajos, viendo que no podian alcanzar lo que pretendian, hicieron una informacion de todo lo pasad
mendieta_scanA	400	cuatrocientas	words	person	e sus casas y por tierras ajenas, jun364 taronse muchos indios e indias de la gente pobre, y fueron a mexico mas de cuatrocientas personas, y entraron asi como iban desarrapados y miserables ante el virrey y audiencia real, clamando todos a una voz y
mendieta_scanA	500	quinientos	words	person	0 viesen a tener cargo de aquellos indios, aunque para este tiempo (segun se dijo) habian faltado del pueblo mas de quinientos vecinos, de ellos muertos con los muchos trabajos que pasaron, y de ellos huidos. los que quedaron, escarmentando en l
mendieta_scanA	1000	mil	words	other	e muy diestro en la lengua indiana, y quito los abominables sacrificios de zacatula, y le acaecia en un dia quebrantar mil idolos. fray antonio de beteta, que habia sido maestro de novicios en el convento del abrojo, cerca de valladolid, y ta
mendieta_scanA	500	quinientos	words	person	panoles cuando veian la suya. supo tambien como el virrey don antonio de mendoza iba en persona sobre ellos con mas de quinientos espanoles de caballo y un ejercito de cien mil indios cristianos. y pareciendole que dios o habia traido para hallarse
mendieta_scanA	100000	cien mil	words	person	 virrey don antonio de mendoza iba en persona sobre ellos con mas de quinientos espanoles de caballo y un ejercito de cien mil indios cristianos. y pareciendole que dios o habia traido para hallarse en semejante empresa, fue a mostrar su valor e
mendieta_scanA	600	seiscientos	words	person	 que alcanzo la avenida del agua con las piedras, arena y cieno (que a partes subio una lanza en alto) murieron mas de seiscientos indios y muchos espanoles, y de estos mas fueron mujeres que varones, y muchos ninos, porque como cada uno buscaba su 
mendieta_scanA	500000	quinientos mil	words	person	co, y corriendo en aquel ano muy grave pestilencia por toda esta nueva espana, de que murieron (a lo que creo) mas de quinientos mil indios, y muriendo muchos en xuchimilco (como en las demas partes), dije al pueblo que en aquella necesidad tomasemos u
mendieta_scanA	500	doscientas y trescientas	words	person	 asi salian a el a lo tocar y besar el habito, pensando que habia caido del cielo. acompanabanlo de jornada en jornada doscientas y trescientas personas, y a las veces cuatrocientas. y aquellos que lo acompanaban, un poco antes de medio dia iban los mas de ellos 
mendieta_scanA	400	cuatrocientas	words	person	nsando que habia caido del cielo. acompanabanlo de jornada en jornada doscientas y trescientas personas, y a las veces cuatrocientas. y aquellos que lo acompanaban, un poco antes de medio dia iban los mas de ellos a caza de liebres, conejos y venados
mendieta_scanA	400	cuatrocientas	words	person	. pues 415 en estas que ahora dije, descubrieron aquellos dos frailes cerca de treinta pueblos pequenos de hasta cuatrocientas o quinientas animas los mayores de ellos. estos recibieron de muy buena voluntad la doctrina cristiana y trajeron sus h
mendieta_scanA	500	quinientas	words	person	 en estas que ahora dije, descubrieron aquellos dos frailes cerca de treinta pueblos pequenos de hasta cuatrocientas o quinientas animas los mayores de ellos. estos recibieron de muy buena voluntad la doctrina cristiana y trajeron sus hijos al bauti
mendieta_scanA	1000	mil	words	other	ies de punta y de llano, y lo vuelve y lo revuelve, y lo torna a echar en alto y lo recibe treinta veces, y hace otras mil diferencias jugando con el palo, como podria hacer con una pelota de las nuestras un 420 diestro jugador con las 
mendieta_scanA	5000	cinco mil	words	other	la de san jose, habian ofrecido los indios el dia de la conmemoracion de los difuntos despues de todos santos, mas de cinco mil panes de castilla y tres o cuatro mil candelas de cera blanca, y veinte y cinco arrobas de vino (que para tierra de ind
mendieta_scanA	4000	cuatro mil	words	other	indios el dia de la conmemoracion de los difuntos despues de todos santos, mas de cinco mil panes de castilla y tres o cuatro mil candelas de cera blanca, y veinte y cinco arrobas de vino (que para tierra de indias es mucho) y gran cantidad de gall
mendieta_scanA	500	doscientos y trescientos	words	other	s limosnas que hacia de habitos y libros y otras cosas que habian menester a frailes particulares, enviaba a veces los doscientos y trescientos escudos para que se empleasen en la sacristia o enfermeria de san francisco de mexico, como si fuera una reina o duques
mendieta_scanA	700	setecientos	words	other	mendasen a dios; y al convento de tepeaca doscientos, sin otros que dejo para misas. y mas mando en su testamento, que setecientos pesos que le debia un espanol se cobrasen y se empleasen en lo necesario al convento, aunque nunca se cobraron, porque e
mendieta_scanA	800	ochocientos	words	other	, mujer del dicho jugador (que era de tan buena masa como sus padres), declarandole en confianza como tenia guardados ochocientos escudos, y lo que queria se hiciese de ellos. y la hija (con tener hijos pequenos) fue tan fiel, que muerta la madre, 
mendieta_scanA	1000	mil	words	other	iertos de ramas y flores de diversas maneras y colores. procesiones ha habido del sacramento en que se contaron mas de mil arcos de estos, porque una vez que se pusieron en ello se contaron mil y sesenta, y las flores y rosas que por todo ell
mendieta_scanA	1060	mil y sesenta, y	words	other	habido del sacramento en que se contaron mas de mil arcos de estos, porque una vez que se pusieron en ello se contaron mil y sesenta, y las flores y rosas que por todo ello habia se tasa444 ron y juzgaron por los frailes y espanoles seglares en dos mil 
mendieta_scanA	2000	dos mil	words	other	enta, y las flores y rosas que por todo ello habia se tasa444 ron y juzgaron por los frailes y espanoles seglares en dos mil cargas, que es cosa notable. de trecho a trecho hacen sus arcos triunfales, y en las cuatro esquinas que hace el circu
mendieta_scanA	20000	veinte mil	words	person	se, contando como salieron en este presente ano de 1595. el jueves santo salio la procesion de la veracruz con mas de veinte mil indios, y mas de tres mil penitentes, con doscientas y diecinueve insignias de cristos e insignias de su pasion. el vier
mendieta_scanA	3000	tres mil	words	person	n este presente ano de 1595. el jueves santo salio la procesion de la veracruz con mas de veinte mil indios, y mas de tres mil penitentes, con doscientas y diecinueve insignias de cristos e insignias de su pasion. el viernes salieron en la proces
mendieta_scanA	7700	siete mil y setecientos	words	other	s y diecinueve insignias de cristos e insignias de su pasion. el viernes salieron en la procesion de la soledad mas de siete mil y setecientos disciplinantes, por cuenta, con insignias de la soledad. la manana de la resurreccion salio la procesion de san jose c
mendieta_scanA	20000	veinte mil	words	other	xuchimilco y tezcuco y otros semejantes. y mas gente ira en la de tlaxcala; a lo menos en un tiempo solian ir quince o veinte mil disciplinantes. capitulo xxi. de algunas condiciones naturales que tienen los indios para ayuda de su cristiandad, y
mendieta_scanA	1000	mil	words	person	s teniendo lo sobrado, y se padecer mengua y pasar con ella». el vestido del indio plebeyo es una mantilla vieja hecha mil pedazos, que si el padre san francisco viviera hoy en el mundo y viera a estos indios, se avergonzara y confundiera, c
mendieta_scanA	50000	cincuenta mil	words	person	ahora las tenemos para no se poder ellos desmandar, me obligara con poca ayuda de companeros de tener una provincia de cincuenta mil indios tan puesta y ordenada en buena cristiandad, que no dijeran sino que toda ella era un monasterio. y que fuera a la
mendieta_scanA	1591	mil y quinientos y noventa y un	words	other	uaxozingo de la nueva espana, en seis dias del mes de diciembre, ano del nacimiento de nuestro salvador jesucristo, de mil y quinientos y noventa y un anos, ante mi, esteban de coto, escribano del rey nuestro senor, y de los testigos aqui contenidos, el padre fray pedro
mendieta_scanA	1528	mil y quinientos y veinte y ocho,	words	person	 de espana. y despues por unas ordenanzas que mando hacer en favor de los indios, en toledo, a cuatro de diciembre de mil y quinientos y veinte y ocho, mando, so graves penas, que ninguno fuese osado de sacar indios de la tierra donde eran naturales para llevarlos fuera
mendieta_scanA	1000	mil	words	person	e ninguno cargase indio, como de primero estaba mandado, aunque el indio dijese que lo hacia de su voluntad, so pena de mil castellanos de oro. cuanto otros trabajos personales en una su real provision despachada en valladolid en 7 de ener
mendieta_scanA	100000	cien mil	words	person	ol de los que tienen indios en encomienda enviase a trabajar los indios en minas, so pena de perder los indios, y mas cien mil maravedis. y por otra su real cedula dada tambien en valladolid a 22 de febrero del mismo ano, mando que totalmente se 
mendieta_scanA	2000	dos mil	words	other	llo tuvieran. la segunda cedula fue dada tambien en valladolid a 6 de noviembre del ano de 1556, por la cual, demas de dos mil ducados que s. m. habia antes mandado dar para la obra y edificio del hospital de los indios, y cuatrocientos ducados 
mendieta_scanA	400	y cuatrocientos	words	person	 cual, demas de dos mil ducados que s. m. habia antes mandado dar para la obra y edificio del hospital de los indios, y cuatrocientos ducados en cada un ano para ayuda al sustento de los pobres que en el se acogiesen, de nuevo mando dar de su real ha
mendieta_scanA	2000	dos mil	words	other	da un ano para ayuda al sustento de los pobres que en el se acogiesen, de nuevo mando dar de su real hacienda otros dos mil ducados para la dicha obra y edificio que se ¡ba haciendo. la tercera fue hecha en toledo a 19 de febrero del ano de 15
mendieta_scanA	1000	mil	words	other	ud corporal, porque ellos estaban usados a andar lo mas de la noche por los cerros y templos de los idolos haciendoles mil maneras de sacrificios y servicios; cuanto mas que cuando asi madrugaban para venir a la iglesia, vivian mas sanos, y 
mendieta_scanA	1000	mil	words	other	ros espanoles lo tienen todo cundido, y no hay cuasi pueblo ni rincon a do no los haya, como con sus hijos (que hacen mil travesuras y tienen diferentes costumbres) se crian revueltos los de los indios, y tratan unos con otros, pierden su na
mendieta_scanA	1000	mil	words	other	 mitad de lo que vale, no solo para el sustento de sus casas, sino tambien para revenderlo y ganar al doblo, sin otras mil socalinas, que quererlas con531 tar seria nunca acabar. pues ir el indio a pedirles justicia, es para su dano, porqu
mendieta_scanA	150000	ciento y cincuenta mil	words	person	tamente calenturas, y era tanta la sangre, que les reventaba por las narices. de esta pestilencia murieron en tlaxcala ciento y cincuenta mil indios, y en cholula cien mil, y conforme a esto en los demas pueblos, segun la poblacion de cada uno. el ano de 1564 s
mendieta_scanA	100000	cien mil, y	words	person	e les reventaba por las narices. de esta pestilencia murieron en tlaxcala ciento y cincuenta mil indios, y en cholula cien mil, y conforme a esto en los demas pueblos, segun la poblacion de cada uno. el ano de 1564 se levanto otra mortandad, al tie
mendieta_scanA	1000	mil	words	other	ntandonos algun hurto o cosa semejante para que nos vamos huyendo sin paga y sin nuestra ropa; con todas estas y otras mil vejaciones (que muchas veces se les han representado) no se muevan a compasion para quitarnos de a cuestas esta tan dur
mendieta_scanA	600	seiscientas	words	person	 el arado por todas las demas que ve por delante, sin dejar casa de indio ni cementerio de iglesia, y viene a sembrar seiscientas o ochocientas anegas, ¿que indios han de bastar para labrarselas a el y a sus vecinos, que hacen otro tanto? cierto es
mendieta_scanA	800	ochocientas	words	person	 todas las demas que ve por delante, sin dejar casa de indio ni cementerio de iglesia, y viene a sembrar seiscientas o ochocientas anegas, ¿que indios han de bastar para labrarselas a el y a sus vecinos, que hacen otro tanto? cierto es que no bastar
mendieta_scanA	100000	cien mil	words	person	 sin matar y acabar los indios. ¿es posible que tan para poco es la republica espanola en esta tierra, que donde habra cien mil hombres o mas en ella, no se sabrian dar mana y concertarse de suerte que no 545 todos fuesen mercaderes o taberne
mendieta_scanA	4000	cuatro mil	words	other	ador principal sustenta y enriquece sus criados con estos repartimientos, y hay tal criado que le vale el suyo por ano cuatro mil escudos, ¿como se ha de mover su amo a romper con ello de hecho, y decir no haya repartimiento de indios? y asi no llev
mendieta_scanA	1500	mil y quinientos	words	other	ara decir que eran inhabitables. ¿y de que gentes se hizo dios tan olvidado y desconocido como de estas, pues las tuvo mil y quinientos anos, despues de su venida al mundo, sin que entendiesen ni oyesen el reparo de su redencion? donde se concluye, que a
mendieta_scanA	400	cuatrocientos	words	other	 arriba dicho, y haciendo la cuenta mas cierta que hacerse puede, hallo que en lo que es nueva espana, habra al pie de cuatrocientos conventos o monasterios de religiosos de todas ordenes, y otros cuatrocientos 570 partidos de clerigos, poco mas o
mendieta_scanA	400	cuatrocientos	words	other	n lo que es nueva espana, habra al pie de cuatrocientos conventos o monasterios de religiosos de todas ordenes, y otros cuatrocientos 570 partidos de clerigos, poco mas o menos, que son por todas ochocientas doctrinas o asistencias de ministros ecles
mendieta_scanA	800	ochocientas	words	other	 religiosos de todas ordenes, y otros cuatrocientos 570 partidos de clerigos, poco mas o menos, que son por todas ochocientas doctrinas o asistencias de ministros eclesiasticos para ministerio de los sacramentos y doctrina cristiana. y es mucho 
mendieta_scanA	1000	mil	words	other	derlas yo ni otro alguno contar; mas por las que esta provincia del santo evangelio tiene de visita (que seran mas de mil), se podra considerar las muchas que habra en las otras cuatro provincias de esta misma orden, y en las de las otras o
mendieta_scanA	1300000	quinientos y ochocientos mil	words	other	los que tenemos de los que han enriquecido en indias, que 584 llegados a tener en dinero o posesiones hacienda de quinientos y ochocientos mil ducados, y dende arriba, han bajado y venido a empobrecer, de suerte que unos murieron o mueren en carceles y otros en 
mendieta_scanA	1000000	millones	words-millon	other	stra espana pasa el dia de hoy mas pobreza y miseria y trabajos, que antes que se descubriesen las indias, con cuantos millones de oro y plata han entrado o metido en ella los que llaman indianos. y con cuantos de estos millones han ido a manos de
mendieta_scanA	1000000	millones	words-millon	other	ndias, con cuantos millones de oro y plata han entrado o metido en ella los que llaman indianos. y con cuantos de estos millones han ido a manos del rey nuestro senor, si esta el dia de hoy mas necesitado que lo estuvo jamas alguno de los reyes su
mendieta_scanA	1000	1.000	digit-group	other	el resto de la cristiandad. cosa maravillosa, que durase tanto en la mar un viento, que pudiese llevar forzado mas de 1.000 leguas un navio; que no se supiese de que nacion o provincia de espana era aquella carabela; que no diesen mandato aqu
mendieta_scanA	2000	2.000	digit-group	other	en que estamos rastro de indios en todo lo que espanoles tienen hollado, en lo que llamamos indias, que son al pie de 2.000 leguas de tierra, si no son mas. y aunque esta culpa trajo consigo parte de pena, que es privarse espana de tanta mul
tezozomoc_scanA	820	ochocientos y veinte,	words	other	s velaseos, de los mendozas, etc. (1) salieron pues los nahuatlaca de los siete solares y cuevas el ano del senor de ochocientos y veinte, tardaron en llegar a esta tierra mas de ochenta anos. la causa fue porque venian explorando la tierra, buscando las sen
tezozomoc_scanA	602	seiscientos y dos,	words	person	os quales vinieron a esta nueva espana, trescientos y dos anos primero que los mexicanos: y assi poseyeron la tierr-a seiscientos y dos, el de xitchi milco qae salid primero, y los mexicanos que vinieron los ultimos la poseyeron trescientos y un anos despu
tezozomoc_scanA	1000	mil	words	other	 hechicera y mala, que era muy perjudicial su compania, haziendose temer con muchos agravios y pesadumbres que daba con mil malas manas que usaba para despues hacerse adorar por dios. sufrianla todos en su congregacion por ser hermana de su id
tezozomoc_scanA	10000	diez mil	words	person	que al idolo servian: era este patio tan grande y espacioso que se juntaban a bailar en el sin estorbo ninguno, ocho (5 diez mil hombres en rueda como ellos bailan. tenia quatro puertas o entradas, una hazia oriente, otra hazia poniente, otra al me
tezozomoc_scanA	1000	mil	words	person	os, y cada pueble en tal dia sacrificaba los que sus capitanes y soldados habian captivado, y certifican que pasaban de mil los que morian aquel diu. y para este fin de tener captivos para los sacrificios, ordenaban las guerras que entre mexic
tezozomoc_scanA	1000	mili	words	other	"ad, que bastaba dezirles ellos qualquier cosa, para que ellos lo tomaran por articulo de fee: y assi hazian en el vulgo mili supersticiones, en el modo de ofrescer encienso, ""y en la manera de cortar el cabello, en atailes pabilos a los cuellos"
tezozomoc_scanA	1000	mil	words	other	tinencia, que muchos delios por no venir u caer en alguna flaqueza, se hendian por medio los miembros viriles y haxian mil cosas para hacerse impotentes para no oftender a sus dioses. no bebiaii vino, dormian muy poco porque los mas do sus e
tezozomoc_scanA	500	quinientos, y	words	other	2g biblioteca mexicana. no preiuliose uno u dos de los chajcaa o los matase, de suerte que los cautivos fueron mas de quinientos, y en llegando u mexico los sacriiicaron a su dios, por cumplir el voto. ■' * *=^ * »f ♦ i*^*-»' el sacrincio de fuego q
tezozomoc_scanA	2000	dos mil	words	person	s en camino, llegaron a vista de sus enemigos, donde por orden de tlacaellel hizieron una emboscada cubriendo con paja dos mil soldados valerosos, que cada uno tenia ley de no huir a veinte soldados, y otros a diez, y saliendo al encuentro con su
tezozomoc_scanA	1000	mil	words	other	se tenido como hombre descomulgado o como miembro apartado, digo ¡iodrido y sin virtud, y assi a este modo les dieron mil preeminencias. biblioteca mexicana. 133 esta prematica se publico por toda la real corona de mexico y se mando gu
tezozomoc_scanA	600	seiscientos	words	person	rey de tacuba acudio con otros tantos, y finalmente cada senor acudio con los que pudo, y la ciudad sola de mexico dio seiscientos vecinos casados con sus mujeres y hijos, y assi el rey a todos los que fueron les hizo donacion de aquella tierra para 
tezozomoc_scanA	454	y quatrocientos y cincuenta y quatro,	words	person	egados a huaxacac poblaron su ciudad conforme a la institucion que su rey huehue motecuzuma les dio. en el ano deinul y quatrocientos y cincuenta y quatro, quando los indios por la cuenta de sus anos contaban ce toehtli, que quiere dezir un conejo, y los dos anos siguientes
tezozomoc_scanA	20000	veinte mil	words	person	os apadrinando a todos los demas senores y poniendoles sus nombres, y si fuera posible aquel dia se baptizaran mas de veinte mil personas, pero con todo eso so baptizaron muchos, y el lvtlilxuchitl fue luego a su madre yacotzin y diciendole lo que 
tezozomoc_scanA	900	novecientos	words	person	var ado en mexico que quedo en su lugar. en este tiempo llego narvaez i prender a cortes por orden de velazquez con novecientos hombres. y cortes luego que lo supo trato de paces y le pidio ayuda etc., pero no queriendo darsela dejo a mexico y fue
tezozomoc_scanA	1000	mil	words	person	le dio razon de lo que pasaba. quisiera partirse luego, pero don hernando le detuvo hasta otro dia y le dio mas de 50 mil hombres, y a don carlos por su capitan, y el aguijo por las fronteras juntando y recogiendo gentes, de manera que en do
tezozomoc_scanA	1000	mil	words	person	y el aguijo por las fronteras juntando y recogiendo gentes, de manera que en dos dias dicen que recogieron mas de 200 mil hombres, y dandole nueva de que a cortes le defendian la entrada, fue volando con su ejercito y camino toda la noche, de
tezozomoc_scanA	100000	cien mil	words	person	aminando hasta que en uno de los llanos entre otumha y cempohaalan llego don carlos por orden de su hermano con mas de cien mil hombres y mucha comida para favorecer a cortes, pero no los conociendo el cortes se puso en arma, y aunque don carlos se
tezozomoc_scanA	1000	mil	words	person	in contra los cristianos, y hizo tanto que si el don fernando no viniera con tiempo, juntara a su devocion mas de 200 mil hombres; pero como luego que lo supo vino luego y tenia tan buena persuasiva, persuadioles lo contrario y assi le dejar
tezozomoc_scanA	1000	mil	words	person	llan'i por donde queda probado que no fueron ellos los que ganaron a mexico, sino do^n fernando ixtltlviicmtl con 200 mil vasallos suyos, ayudando a los espanoles; y assi estando las cosas puestas en aqueste estado, llegaron pedro de alvarado
tezozomoc_scanA	1792	mil setecientos noventa y dos	words	other	"sta cronica se ha copiado exactamente de un ejemplar que fue de d. mariano veytia. mexico veinte y uno de noviembre de mil setecientos noventa y dos. — f. francisco garda figueroa"" el tomo xxxili adicional de la referida coleccion se intitula: plan division y prosp"
tezozomoc_scanA	1000	mil	words	other	nos, y la copia de duran, qne hoy esta lujosamente encuadernada. desde entonces, el gobierno no ha podido disponer de mil pesos para la impresion del segundo tomo. se sabe que el sr. ramirez escribio una noticia muy extensa sobre la obra, 
tezozomoc_scanA	80400	ochenta mil y cuatrocientos	words	person	duro este sacrificio cuatro dias arreo, desde la manana hasta la puesta del sol, y que murieron en el, como dejo dicho, ochenta mil y cuatrocientos hombres de diversas provincias y ciudades, lo cual se me hizo tan increible, que si la historia 17? biblioteca mexica
tezozomoc_scanA	1000	mil	words	other	"bajo el titulo ""viaje de los aztecas desde aztlan:"" la acompana una interpretacion de d* biblioteca mexicana. 211 mil*» ^inpivi^"" isidro rafael gondra, diminuta y un tanto fuera de verdad. — ^^h'isforical and statisucal information r"
tezozomoc_scanA	1000	mil	words	other	rtes y pueblos daban piedras de ambar, cueros (2) de tortugas duras y galanes, con que hacian mecedores de cacao a las mil maravillas engastados en oro; finalmente, de toda cosa que se cria y hacen las orillas de la mar los naturales de las c
tezozomoc_scanA	1000	mil	words	other	los indios vasallos de los msxicanos, y maneras de ropas de vestir. : ■ ri^wi^y traian jicaras (1) redondas, a las mil maravillas pintadas como bateas, otras menores y mas chicas labradas y pintadas, tecomates, (2) vasos de beber cacao ga
tezozomoc_scanA	401	uno cuatrocientas	words	other	 de vuestra mano para todos los principales, y demas hijos y sobrinos vuestros, y nuestros amos,; y repartidles a cada uno cuatrocientas brazas de tierras en cuadro, y para vos tomad todas las que quisieredes, pues os vienen con derecha razon, y fue nuestra
tezozomoc_scanA	400	cuatrocientos	words	person	 punta, habiendo hecho un agujero antes para esto,ehincallo y levantarlo en alto, y para levantarlo se ocuparon mas de cuatrocientos indios chalcas, y estando ya incado, dijo que trajesen el tepona^tle y tlalpanhuehuetl, que es como un atabo de los neg
tezozomoc_scanA	62000	sesenta y dos mil	words	person	pana, antes del rebelion de mexico, subieron a lo alto del cu ocho soldados espanoles^ y contaron haber en las paredes sesenta y dos mil calaveras de los sacrificados y vencidos en guerras. cosa espantosa era ver tan gran crueldad eii sus projimos. esto s
tezozomoc_scanA	1000	mil	words	other	"la tierra. no querria poner cosa que pusiese duda; pero entiendo que me certificaron, que en toda la tierra pasaban de mil los que aquel dia morian y be llevaba el demonio."" en cuanto al sacrificio gladiatorio, o sea combate personal entre "
tezozomoc_scanA	8000	ocho mil	words	other	 ahora izucar,hallaron gente de guerra, a zempoalxiquipilli, on macuiluxiquipilli, que son veinticinco xiquipillt, de a ocho mil cada, xiqutpill i, que hacen doscientos mil combatientes, (2) y cien mil tamemes cargadores de comida, armas y aparato d
tezozomoc_scanA	200000	doscientos mil	words	other	 a zempoalxiquipilli, on macuiluxiquipilli, que son veinticinco xiquipillt, de a ocho mil cada, xiqutpill i, que hacen doscientos mil combatientes, (2) y cien mil tamemes cargadores de comida, armas y aparato de guera, y llegados a la fi-ontera de los pu
tezozomoc_scanA	100000	y cien mil	words	other	iquipilli, que son veinticinco xiquipillt, de a ocho mil cada, xiqutpill i, que hacen doscientos mil combatientes, (2) y cien mil tamemes cargadores de comida, armas y aparato de guera, y llegados a la fi-ontera de los pueblos de los enemigos, que es
tezozomoc_scanA	1000	mil	words	other	izos, varas tostadas, pellejos de -aves de pluma muy rica, cotaras doradas, cuties, y de esto de aves y pajaros a las mil maravillas, que son xiuhtototl, tlauhguechotl, i^ainit^can sacuan, que es cosa muy preciada y estimada en tenuch'' titl
tezozomoc_scanA	600	seiscientos	words	person	abido acuerdo con sus proprios vasallos, se determinaron a ir resueltamenfe de todas j!)artes, fuera de los mexicanos, seiscientos hombres con sus mag'ere¿; 364 biblioteca mexicana e hijos, y lo necesario do presente para el sustento humano. los 
tezozomoc_scanA	50000	cincuenta mil	words	person	os, atzcaputzalco, tacuba, cuyuacan, culhuacan, cuitlahuac, chalco, mizquic, tezcuco y hualitlan, que se juntaron como cincuenta mil indios con sogas gruesas y carretoncillos, y fueron a sacar una gran pena de la falda de la sierra grande de cuyuacan. 
tezozomoc_scanA	1000	mil	words	other	l brasero del tet::ahuitl huit^ilopochtu, y qne esta me la hagan de piedra pesada muy bien laobrada, con la labor a las mil maravillas, dentro del termino senalado, y acabado el termino enviare mucha gente de guerra a traerla, y en llegando al 
tezozomoc_scanA	1000	mil	words	other	 nosotros tenemos gran ventaja, porque el propio tetzahuitl huie^ilopoc/itu es con 'nosotros, que el solo hara masque mil de nosotros, pues hemos visto en muchas partes su ayuda, valor y esfuerzo; que mediante el^ hemos ganado y conquistado t
tezozomoc_scanA	32200	treinta y dos mil y doscientos	words	person	 capitulo lii. de como acometieron los mexicanos a los naturales de mechoacan, matlatrincas, teniendo los mexicanos treinta y dos mil y doscientos soldados, y los matlatzincas cincuenta mil guerreros. despues de haber sido avisado axayaca, dijeron los principales
tezozomoc_scanA	50000	cincuenta mil	words	person	turales de mechoacan, matlatrincas, teniendo los mexicanos treinta y dos mil y doscientos soldados, y los matlatzincas cincuenta mil guerreros. despues de haber sido avisado axayaca, dijeron los principales guerreros y generales cnauhnochtli, tlacoc
tezozomoc_scanA	32300	treinta y dos mil trescientos	words	other	aculhuacan, tacuba y chalco, veremos la gente que trae cada pueblo; y asi lo mando hacer axayaca: hallaronse de cuenta treinta y dos mil trescientos combatientes. llamo axayaca a los capitanes y dijoles: ¿ya veis el numero y cantidad que son nuestras gentes? los mech
tezozomoc_scanA	50000	cincuenta mil,	words	person	. llamo axayaca a los capitanes y dijoles: ¿ya veis el numero y cantidad que son nuestras gentes? los mechoacanos son cincuenta mil, no consiste en eso la bienaventuranza, porque vale mucho mas vuestro ardimiento, y valerosos animos y corajes, que tod
tezozomoc_scanA	2000	dos mil, y	words	person	teca mexicana 423 »l^l^l^iyn|»hpi^li1i^hph>l^l^»^»^l^h>l^hpi pl|^innijl^l^l^wy»^y^»«^ll>l^l ^iw i ban de refresco dos mil, y los tarascos volvian y entraban de nuevo diez mil, que al momento fenecieron las vidas alli en manos de aquellos carnic
tezozomoc_scanA	10000	diez mil,	words	person	»^l^h>l^hpi pl|^innijl^l^l^wy»^y^»«^ll>l^l ^iw i ban de refresco dos mil, y los tarascos volvian y entraban de nuevo diez mil, que al momento fenecieron las vidas alli en manos de aquellos carniceros. axayaca daba grandes voces, diciendo que luego
tezozomoc_scanA	3000	tres mil	words	person	 voces, diciendo que luego fuese otro pueblo. dijole ei viejo tlacateccatl: senor, ¿que aprovecha ir, ni enviar dos ni tres mil soldados, que aun no bien llegaran cuando seran muertos en manos de ochenta mil tarascos matlatl2:iquipillif y si estais
tezozomoc_scanA	80000	ochenta mil	words	person	enor, ¿que aprovecha ir, ni enviar dos ni tres mil soldados, que aun no bien llegaran cuando seran muertos en manos de ochenta mil tarascos matlatl2:iquipillif y si estais todavia determinado de que todos muramos aqui, alto, que yo sere el primero co
tezozomoc_scanA	80000	ochenta mil	words	person	stra memoria: moriremos aqui en manos de nuestros enemigos; y llegados al campo que no bien acababan de llegar, cuando ochenta mil tarascos acometieron y mataron a los mexicanos. dijo ticocyahuacatl al rey axayaca: ya con los ojos habeis vistolas cr
tezozomoc_scanA	400	cuatrocientos	words	person	os los pueblos que habian venido a la guerra, contados de cada genero de gentes, se hallaron por cuenta haber escapado cuatrocientos con principales y todo, y los mexicanos somos doscientos cabales. llegados a tzinacantepec, los naturales de alli, vien
tezozomoc_scanA	1000	mil	words	other	manos, dorados teocuitla matemecatl, y alfombras diferentes de cueros de tigres adovados, otros blancos y dorados a las mil maravillas, y otras trenzaderas de cueros de colores diferentes; arcos dorados, flechas doradas, mucha plumeria y de a
tezozomoc_scanA	1000	mil	words	person	plumeria y de aguilas; esteras de tule doradas, como si en palma fueran dorados los^oyapetatles, mantas labradas a las mil maravillas, y habiendoselo puesto todo al rededor del cuerpo muerto, comenzo a llorar y decir tan dolorosas palabras., 
tezozomoc_scanA	600	seiscientos	words	person	 bien acordado. llamaron al mayordomo mayor petlacalcail, y le mandaron que el, con todos los otros mayordomos tragesen seiscientos gallipabos liuexolotes, y que los vecinos comarcanos tragaran mucha caza de monte y aves monteses, que se les pagaria, 
tezozomoc_scanA	1000	mil	words	other	ahnahtiac, huaxlepec^ yautepec, yacapichtlan; estos pueblos le hicieron otros presentes, dandole ropas de varon a las mil maravillas, y de muger toda ropa mugeril muy galana, costosa, y de todos generos de algodon en fardos, chile, pepitas, y
tezozomoc_scanA	20000	veinte mil	words	person	 mucho de norabuena, que queria hacer junta y cabildo de todos sus vasallos, para con toda la brevedad porible juntar veinte mil soldados, de ahi para abajo. fueron los embajadores al pueblo de biblioteca mexicana. 441 tacliba, hicieron su emb
tezozomoc_scanA	8000	ocho mil	words	person	 tacliba, hicieron su embajada, y respondio el rey que le placia; que luego baria junta y cabildo para juntar siete u ocho mil hombres, para cuando se diese la voz, y para el abasto de matalotage. resueltos los mensageros volvieron con la respue
tezozomoc_scanA	1000	mil	words	other	ugotos a la corqila mexicana, y son ya llegados los tributarios con sus tributos; hay petates, tecomates pintados a las mil maravillas, jlcjiir^is, aseihaderus de y c/)a¿i?s, sillas reales tep,ot:soyepalli, y pues esta ya tor do a punto, vaya
tezozomoc_scanA	1000	mil	words	other	ro llamadas mai^opet^tu, collarejos de la garganta y de los pies, con los cascabeles de oro fino, mantas labradas a las mil maravillas, de diversas plumas doradas de pajaros nombrados sacuan xiuhtototl, tlauhqtiechol, t^in ij^can, frenta]erah d
tezozomoc_scanA	400	cuatrocientas	words	other	 mazahuacan y xocotitlan, y estos cinco pueblos, no entrando vosotros con ellos, ha de dar de tributo cada un pueblo a cuatrocientas cargas de maiz: doscientas cargas de frijol, y cuatrocientas coas para labrar. onzas del monte, ciervos vivos, liebres,
tezozomoc_scanA	400	y cuatrocientas	words	other	 vosotros con ellos, ha de dar de tributo cada un pueblo a cuatrocientas cargas de maiz: doscientas cargas de frijol, y cuatrocientas coas para labrar. onzas del monte, ciervos vivos, liebres, conejos, y pellejos de lobos. con esto quedaron contentos los
tezozomoc_scanA	136000	ciento treinta y seis mil	words	person	"e habie, e multiplicando a cinco cabezas cada palo d& las que entre viga y viga estaban, como dicho he, hallamos haber ciento treinta y seis mil cabezas, sin las de las torres."" /ii. ;,,;■ . ;:.'-- ,mi;ir. i<1;f ■-...'ti ,uvi eiblioterf a mexioana 47i y"
tezozomoc_scanA	800	ochocientos	words	other	valientes soldados, fueron doscientos mexicanos, trescientos de aculhuacan y doscientos detacuba, que fueron por todos ochocientos (1) a los cuales se les aviso fueran a ver, y tanteasen las partes, lugares, entradas y salidas del pueblo principal a 
tezozomoc_scanA	1200	mil doscientos	words	other	de el rey pretendia. luego le replico tlacochccdcau capitan, que le parecia convenia enviar y que fuesen los miradores mil doscientos para la defensa de ellos si acaso les acometiesen todo el campo enemigo, y con esto avisaron al general de xochimilco 
tezozomoc_scanA	1200	mil y doscientos	words	other	 cul/iaacan, cuitlahuacy misquic, iztapalapan, y los demas pueblos lejanos y comarcanos que llegaron al cumplimiento de mil y doscientos; y llegados a las guardas de los cuexiecas hallaron que guardaban sus sementeras muchos de ellos, y asi habido su acu
tezozomoc_scanA	2000	dos mil	words	person	os veinte y ocho pueblos de senores venian con sus tributos y sus esclavos por delante, que entendia que habria mas de dos mil esclavos por todos, de que se holgaron los crueles verdugos carniceros, obligados del diablo ahuiuoil y cihuacoail. ll
tezozomoc_scanA	1000000	un millon	words-millon	other	os. comenzaron a fraer de los monles sujetos a mexico^ por pane de clialco, xochimilco, cuyuacan, tacuba y aculhuacan, un millon de cargas de tea, queservian de candelas, y cuatro millones de cargas de lena y carbon, cincuenta mil hanegas de maiz, 
tezozomoc_scanA	4000000	y cuatro millones	words-millon	other	co^ por pane de clialco, xochimilco, cuyuacan, tacuba y aculhuacan, un millon de cargas de tea, queservian de candelas, y cuatro millones de cargas de lena y carbon, cincuenta mil hanegas de maiz, veinte mil de frijol; finalmente, todo lo necesario, en espe
tezozomoc_scanA	50000	cincuenta mil	words	other	 tacuba y aculhuacan, un millon de cargas de tea, queservian de candelas, y cuatro millones de cargas de lena y carbon, cincuenta mil hanegas de maiz, veinte mil de frijol; finalmente, todo lo necesario, en especial aves, huexo^ lome, gallipaoos, pavas
tezozomoc_scanA	20000	veinte mil	words	other	de cargas de tea, queservian de candelas, y cuatro millones de cargas de lena y carbon, cincuenta mil hanegas de maiz, veinte mil de frijol; finalmente, todo lo necesario, en especial aves, huexo^ lome, gallipaoos, pavas, cihuatotolin, codornices, c
tezozomoc_scanA	1000	mil	words	other	tesis no es aceptable, pues habiendo vivido el apostol en el primer siglo de la iglesia, no pudo predicar estando vivo mil anos despues. fray servando teresa de mier' abandona el supuesto de sjguenza para adoptar a santo tomas de miriapoor; pe
tezozomoc_scanA	2000	dos mil, y	words	other	, asi mismo fueron llamados los oficiales que hacian los perfumaderos pintados, dorados y galanos, como en cantidad de dos mil, y los oficiales olleros, para labrarlos bracerilloso incensarios para sahumar: luego hizo llamar a los amantecas (2) par
tezozomoc_scanA	8000000	ocho millones,	words-millon	person	 ■ ii, %,,,, j , i,' , ,1 , i, ¿,,i, , ,,^f,,^ , ■■i,.vi„.,iwi ciudad, que se habrian juntado de gentes mas de seis u ocho millones, por ser cosa que jamas ss vido ni se vera y de tanta crueldad. (1) subido el rey aliuuzotl en la piedra de el degollad
tezozomoc_scanA	72000	setenta y dos mil	words	person	apitan d. fernando cortes vino a la conquista de esta nueva espana^ afirman dos soldados de aquel tiempo haber contado setenta y dos mil calaveras de indios sacrificados, de que se quedo admirado y espantado el capitan d. fernando cortes. volviendo, pues, 
tezozomoc_scanA	1487	mil cuatrocientos ochenta y siete	words	other	"al ""tercer ano del reinado de ahuitzotzin, (es un error; fue el segundo ano .segun su misma cronologia,) que fue el de mil cuatrocientos ochenta y siete que llaman chicuei acatl) ""se acabo el templo mayor «le huitzilopochtli, idolo principal de la nacion mexicana, que ""f"
tezozomoc_scanA	80400	ochenta mil y cuatrocientos	words	person	"aron con los que el rey de mexico tenia de solas cuatro naciones, que fueron cautivos ""en las guerras atras referidas, ochenta mil y cuatrocientos hombres, en este ruodo; de ""la nacion tzapoteca diez y seis mil; de los tlapanecas veinticuatro mil; de los huexotzin""c"
tezozomoc_scanA	16000	diez y seis mil	words	person	"cautivos ""en las guerras atras referidas, ochenta mil y cuatrocientos hombres, en este ruodo; de ""la nacion tzapoteca diez y seis mil; de los tlapanecas veinticuatro mil; de los huexotzin""cas y atlixcas otros diez y seis mil; de los xiuhcoac veinte y cu"
tezozomoc_scanA	1000	mil	words	other	"ta mil y cuatrocientos hombres, en este ruodo; de ""la nacion tzapoteca diez y seis mil; de los tlapanecas veinticuatro mil; de los huexotzin""cas y atlixcas otros diez y seis mil; de los xiuhcoac veinte y cuatro mil y cuatrocientos, ""que vien"
tezozomoc_scanA	16000	diez y seis mil	words	other	"do; de ""la nacion tzapoteca diez y seis mil; de los tlapanecas veinticuatro mil; de los huexotzin""cas y atlixcas otros diez y seis mil; de los xiuhcoac veinte y cuatro mil y cuatrocientos, ""que vienen a montar el numero referido; todos los cuales fueron"
tezozomoc_scanA	24400	veinte y cuatro mil y cuatrocientos,	words	other	" y seis mil; de los tlapanecas veinticuatro mil; de los huexotzin""cas y atlixcas otros diez y seis mil; de los xiuhcoac veinte y cuatro mil y cuatrocientos, ""que vienen a montar el numero referido; todos los cuales fueron sacrificados ante esta ""estatua del demonio, y las cab"
tezozomoc_scanA	1000	mil,	words	person	de cada pueblo, y todos los que habian muerto. contados lo5 cuerpos muertos y los cautivos, se hallaron cuarenta y do« mil, macuilxiquipilliy y pan macuihontli; tornaron a recontar bien los presos, se liallaron otros dos mil mas, que fueron 
tezozomoc_scanA	2000	dos mil	words	person	ron cuarenta y do« mil, macuilxiquipilliy y pan macuihontli; tornaron a recontar bien los presos, se liallaron otros dos mil mas, que fueron cuareuta y cuatro mil por todos, con doscientat» doncellas mas. visto es^o, los de teloluapan y los do 
tezozomoc_scanA	4000	y cuatro mil	words	person	uipilliy y pan macuihontli; tornaron a recontar bien los presos, se liallaron otros dos mil mas, que fueron cuareuta y cuatro mil por todos, con doscientat» doncellas mas. visto es^o, los de teloluapan y los do ujioman comenzaron a llorar ante el rey
tezozomoc_scanA	400	cuatrocientos	words	person	s de oztonjan j alahuiztlan, j fueron y poblaron y repar» tieron igualmente. ' ., peaik cthuacoatl que el queria dar cuatrocientos mexicanos casados para la poblacion de los dichos pueblos, y que net^ahaalptlli rey pusiese otros cuatrocientos, y el d
tezozomoc_scanA	400	cuatrocientos, y	words	other	ia dar cuatrocientos mexicanos casados para la poblacion de los dichos pueblos, y que net^ahaalptlli rey pusiese otros cuatrocientos, y el de teqianecas otros t'^ntos. tomo la mano netj^ohualpilli y dijo a gihuacoatl y al rey ahuiuotl que era mucha gente 
tezozomoc_scanA	9000	nueve mil	words	person	s principales y caudillos, y vosotros lo habeis de ser de todos elios'. juntados todos los de los pueblos se hallaron nueve mil casados, y se repartieron en tres partes, que fueron a cada pueblo tres mil. hizo llamar el ahuiuotl a todos los mayor
tezozomoc_scanA	3000	tres mil	words	person	dos todos los de los pueblos se hallaron nueve mil casados, y se repartieron en tres partes, que fueron a cada pueblo tres mil. hizo llamar el ahuiuotl a todos los mayordomos que hiciesen traer de vestir para todas aquellas gentes, hombros y mu
tezozomoc_scanA	2000	dos mil	words	person	os con ese contento por ahora, que contra ellos se ha de hacer muy cruel venganza, y por cada un mexicano han de morir dos mil traidores; descansad, amigo; hizole dar de comer y beber en su presencia, y diole rosas, flores, perfumaderos y mucha r
tezozomoc_scanA	8000	ocho mil	words	other	go fuesen a los pueblos de aculhuacan, chalco, xochimilco y cuyuacan, y que en cada uno de los dichos pueblos hiciesen ocho mil canoas, otras tantas en chalco, y ni mas ni menos xochimilco y cuyuacan: acabadas, eran por todas nauhxiquipilli treinta
tezozomoc_scanA	32000	treinta y dos mil	words	other	ho mil canoas, otras tantas en chalco, y ni mas ni menos xochimilco y cuyuacan: acabadas, eran por todas nauhxiquipilli treinta y dos mil canoas. llegados a mexico, hizo llamar ahuiuotl a todos los principales mexicanos, y despues de haberles pedido perdon, 
tezozomoc_scanA	800000	ochocientas mil	words	person	to a sus casas, y dio a los demas naturales de sus tributos reales mucha ca^iiidad de mantas y hueipiles, e hizo traer ochocientas mil cargas de maiz para los mexicanos, de todas las partes y lugares cercanos a mexico por tributo, y mucha cantidad de ch
tezozomoc_scanA	2000	dos mil	words	other	ala danza, y luego apagaron las lumbreras que estaban en el palio, para que hubiese lugar para todos, que eran mas de dos mil en la danza; los extrangeros les dieron a comer liougos montesinos que se embriagaban con ellos, y con esto entraron a|
tezozomoc_scanA	20000	veinte mil	words	person	cer una cerca muy fuerte como un recio palenque o baluarte de fortaleza con mucha presteza, que andaban a ello mas de veinte mil indios, sugetos a estos dos pueblos, y habian hecho estos dos pueblos confederacion, que en la parte que llaman queizai
tezozomoc_scanA	600	seiscientos	words	person	auhcozcatl. a otro dia de manana ante mociejjuma, mando se contasen los cautivos de los mexicanos, y hallaron porcuenta seiscientos cautivos: preguntando a los dos reyes cuantos eran sus cautivos de cada rey, se averiguo tener y haber cautivado los nat
tezozomoc_scanA	400	cuatrocientos	words	other	 a los dos reyes cuantos eran sus cautivos de cada rey, se averiguo tener y haber cautivado los naturales de ac«¿huacan cuatrocientos cabalmente, y hallaron haber cautivado los naturales de tecpanecas trecientos y cincuenta cabales, de que se holgo much
tezozomoc_scanA	40000	cuarenta mil,	words	person	blioteca mexicana. capitulo xcii. de como los dos campos mexicanos y huexotzinco murieron en ambas partes mas de cuarenta mil, entre las cuales murio el general mexicano tlacaluiepan, y el general de huexotzinco, y como se les hicieron las exequi
tezozomoc_scanA	10000	diez mil	words	person	dios y vino a rompimiento, que vinieron a las armas, y mato y desbarato el dicho capitan a los de aquel pueblo mas de diez mil. (1) tornandola nuestra historia: acabado aquel indio subian luego a otro y por no cansar al lector de oir tanto y tan
tezozomoc_scanA	1000	mil	words	person	liy icexplicolaembajadaquehicieron y el fenecimiento de la guerra, con muertedelos tres mexicanos principales y dediez mil soldados de toda suerte de gentes, con muy larga oracion consolatoria.' acabada la oracion moctezuma con grandes suspi
tezozomoc_scanA	800	ochocientos	words	person	pan serranos cuarenta; los nauhtecas veinte; matlatzinco ochenta; los mexicanos ciento y sesenta, que por todos fueron ochocientos. (1) digeron los principales: vayan mensageros adar cuenta al rey mocte.^uma como llevamos en cantidad de los hijos de 
tezozomoc_scanA	800	ochocientos	words	person	asi con esta crueldad mataron aquel dia doscientos y veinte, que duro cuatro dias, pues como ya se dijo eran por todos ochocientos los miserables indios. acabados los cuatro dias de la gran crueldad inhumana, quedo el templo decoatlan todo tinto en s
tezozomoc_scanA	1000	mil	words	other	es con plumeria ricaydeoro, bezoleras, oregeras do oro, l?razdletes de munequeras, bandas ricas, mantas y panetes a las mil maravillas labrados, colaras doradas, y fueron con ellos los que los hablan traido hasta los terminos de la mitad del m
tezozomoc_scanA	8200	ocho mil y doscientos, y	words	person	omo hubieron batalla los mexicanos con los de huexotzinco, cholula y atlixco, y como murieron en ella de los mexicanos ocho mil y doscientos, y de los enemigos seii mil, y del llanto que de ellos se hizo. digeron los principalos moxicanos heshuahuacatl, maseii
tezozomoc_scanA	1000	mil, y	words	person	uexotzinco, cholula y atlixco, y como murieron en ella de los mexicanos ocho mil y doscientos, y de los enemigos seii mil, y del llanto que de ellos se hizo. digeron los principalos moxicanos heshuahuacatl, maseiihcauin y acolnahuacuu, teziqu
tezozomoc_scanA	8200	ocho mil y doscientos	words	person	es fueron cargados de oro, plumeria preciada, rodelas doradas, y murieron por todos mexicanos, tezcucanos, do tacuba, ocho mil y doscientos. habiendo oido moctezuma la dolorida nueva, comenzo a llorar amargamente: mando a cihuacoatl que luego enviase a recib
tezozomoc_scanA	400	cuatrocientos	words	person	cho y trasquilado por tequihuaques que de todo le lleven aviso a moctezuma. contados los presos de los mexicanos fueron cuatrocientos: los de chalco doscientos: de coatlalpan, los de tierra caliente, y los chinampanecas doscientos: los de coatlalpan ci
tezozomoc_scanA	800	ochocientos	words	other	e matlatzinco ciento y ochenta: los que llamaban nauchteuctli ciento y veinte: los de aculhuacan con todos sus sugatos ochocientos: mas otros doscientos de los bizonos: los tlalhuacpanecas con. sus sugetos trescientos: y los tequihuaques nuevos que 
tezozomoc_scanA	2800	dos mil y ochocientos	words	other	tezuma y de c¿huacoatl, y el senado mexicano, quedaron muy contentos con tal victoria, en especial, de entender traian dos mil y ochocientos cautivos, y quedar asolado totalmente el pueblo de tuctepec, y la suma de soldados nuevos que hubiei-on conira sus ene
tezozomoc_scanA	1000	mil	words	other	s constelaciones que atravesaban, de la figura y de la longitud de sus caudas, del punto en que desaparecian, de otras mil circunstancias, en fin, siempre mas faciles de indicar que de distinguir: por otra parle, anunciabase de ordinario guerr
tezozomoc_scanA	12000	doce mil	words	person	nte de arjot^inco, y la midieron conforme les fue mandado, y para haberla de lahi-ar a placor, fue menester- ir diez o doce mil indios a sacarla de donde estaba para ponerla en un razo pai'a labrarla: bajada al llano la labraron con ihs mismas lab
tezozomoc_scanA	600	seiscientas	words	other	mundo y jamas mi renombre sera perdido, ni mi fama, porque mi buen pabre y tio neuahualpilli rey, ¿no entendia y sabia seiscientas cosas y artes de encantamientos y caracteres? ya murio: ¿y no dejo su memoria tambien hecha junto a su casa el principa
tezozomoc_scanA	600	seiscientas	words	other	su memoria tambien hecha junto a su casa el principal y senor de vuitlahuac t^ompanteuctli? ¿no sabia y entendia otras seiscientas artes de nigromancias? tambien murio y no hay ahora memoria de el: y asi con esto llegado a mexico llamo a petlacalcatl
tezozomoc_scanA	1519	mil quinientos y diez y nueve	words	other	rtilleria en chalchiuhcueehecan, q.u« hoy es la ciudad de la veracruz, por ser viernes santo y veintiocho de marzo de mil quinientos y diez y nueve (2) anos de el nacimiento de nuestro senor jesucristo. vinieron luego los mensajeros de cuetlaxtlan a dar- aviso a moci
tezozomoc_scanA	32200	treinta y dos mil y doscientos	words	person	 capitulo lii. — de como acometieron los mexicanos a los naturales de mechoacan.matlaltzincas, teniendo los mexicanos treinta y dos mil y doscientos soldados, y los mallalczincas cincuenta mil guerrerros 421 capitulo liii. — bel recibimiento que se le hizo a axayaca 
tezozomoc_scanA	50000	cincuenta mil	words	person	urales de mechoacan.matlaltzincas, teniendo los mexicanos treinta y dos mil y doscientos soldados, y los mallalczincas cincuenta mil guerrerros 421 capitulo liii. — bel recibimiento que se le hizo a axayaca en mexico tenuoiuitlan salido de tacubaya,
tezozomoc_scanA	40000	cuarenta mil,	words	person	 tenuchtitlan 608 capitulo xcii. — de como los dos campos mexicanos y huex(«)tzinco mui'ieron en ambas paites mas de cuarenta mil, entre los cuales murio biblioteca mexicana 711 pags. el general mexicano tlacahuepan y el general de huexotzinco,
tezozomoc_scanA	8200	ocho mil y doscientos, y	words	person	omo hubieron batalla los mexicanos con los de huexoizinco, cholula y atlixco, y como murieron en ella de los mexicanos ocho mil y doscientos, y de los enemigos seis mil, y del llanto que de ellos se hizo , 632 capitulo xcvil— de la buena nueva que llevaron al r
tezozomoc_scanA	6000	seis mil, y	words	person	s de huexoizinco, cholula y atlixco, y como murieron en ella de los mexicanos ocho mil y doscientos, y de los enemigos seis mil, y del llanto que de ellos se hizo , 632 capitulo xcvil— de la buena nueva que llevaron al rey moctezuma de la victoria
tezozomoc_scanA	50000	50 mil	digit-mil	person	 y le dio razon de lo que pasaba. quisiera partirse luego, pero don hernando le detuvo hasta otro dia y le dio mas de 50 mil hombres, y a don carlos por su capitan, y el aguijo por las fronteras juntando y recogiendo gentes, de manera que en d
tezozomoc_scanA	200000	200 mil	digit-mil	person	an, y el aguijo por las fronteras juntando y recogiendo gentes, de manera que en dos dias dicen que recogieron mas de 200 mil hombres, y dandole nueva de que a cortes le defendian la entrada, fue volando con su ejercito y camino toda la noche, d
tezozomoc_scanA	200000	200 mil	digit-mil	person	ualzin contra los cristianos, y hizo tanto que si el don fernando no viniera con tiempo, juntara a su devocion mas de 200 mil hombres; pero como luego que lo supo vino luego y tenia tan buena persuasiva, persuadioles lo contrario y assi le deja
tezozomoc_scanA	200000	200 mil	digit-mil	person	axcallan'i por donde queda probado que no fueron ellos los que ganaron a mexico, sino do^n fernando ixtltlviicmtl con 200 mil vasallos suyos, ayudando a los espanoles; y assi estando las cosas puestas en aqueste estado, llegaron pedro de alvarad
tezozomoc_scanA	211000	211 mil	digit-mil	other	"iones, bajo el titulo ""viaje de los aztecas desde aztlan:"" la acompana una interpretacion de d* biblioteca mexicana. 211 mil*» ^inpivi^"" isidro rafael gondra, diminuta y un tanto fuera de verdad. — ^^h'isforical and statisucal information r"
tezozomoc_scanA	50000	50,000	digit-group	person	 las gradas del llevando a su lado a su tio don andres achcatzin, capitan famoso, senor de chiyautla, que capitaneaba 50,000 hombres, y el valeroso cortes i{ue llego a esta ocasion sin otra persona alguna sino los tres por el gran i^eligrotan 
tezozomoc_scanA	1200	1,200	digit-group	other	"rafa — d. manuel de. lastres — de letra parecida a una de las dos de la portada. tambien se lee en una foja: — ''costo 1,200 reales en la libreria de d. juan lucas cortes ano 1702 en madrid."" la pieza de la cual vamos a hacer relacion consta"
tezozomoc_scanA	1547	1.547	digit-group	other	"storia la declaro antes d. sebastian ramirez de fuenleal presidente desta espana y la trajo a madrid — diego de cuenca 1.547."" no sabemos acertar nosotros, por las palabras anteriores,. si escribio la obra ese fr. bernardino de san francisco,"
tezozomoc_scanA	20000	20,000	digit-group	person	rrojan de si la idea fundamental para los pueblos indios de que la duracion del mundo debia calcularse en mucho mas de 20,000 anos. sigue la noticia de los gigantes, mito comun a todas las historias primitivas, para desenvolverse sucesivamente 
tezozomoc_scanA	8000	8,000	digit-group	other	o valia 400, se decia cenlzontli y se expresaba por una especie de pluma. el cuarto signo era el xiquipilli de valor de 8,000, escrito con una especie de bolsa. estos numeros se componian por medio de la mnltiplickjion j de la suma para expresa
tezozomoc_scanA	8000	8,000	digit-group	other	 cantidades traduciendo la frase arrib.i expresada tendremos que zenxpoalxiquipiui es lo mipmo que 20 multiplicado por 8,000 igual con 100,000; on da a entender mas; y rnacuil. xijuipilli expresa 5 multiplicado por 8,000 igual con 40,000: los 
tezozomoc_scanA	100000	100,000	digit-group	other	uciendo la frase arrib.i expresada tendremos que zenxpoalxiquipiui es lo mipmo que 20 multiplicado por 8,000 igual con 100,000; on da a entender mas; y rnacuil. xijuipilli expresa 5 multiplicado por 8,000 igual con 40,000: los dos numeros sumado
tezozomoc_scanA	8000	8,000	digit-group	other	ue 20 multiplicado por 8,000 igual con 100,000; on da a entender mas; y rnacuil. xijuipilli expresa 5 multiplicado por 8,000 igual con 40,000: los dos numeros sumados dan en efecto el monto de loa 200,000 guerreros, iudicados por el autor. los
tezozomoc_scanA	40000	40,000	digit-group	other	do por 8,000 igual con 100,000; on da a entender mas; y rnacuil. xijuipilli expresa 5 multiplicado por 8,000 igual con 40,000: los dos numeros sumados dan en efecto el monto de loa 200,000 guerreros, iudicados por el autor. los tameme estan fue
tezozomoc_scanA	200000	200,000	digit-group	person	. xijuipilli expresa 5 multiplicado por 8,000 igual con 40,000: los dos numeros sumados dan en efecto el monto de loa 200,000 guerreros, iudicados por el autor. los tameme estan fuera de este computo. (1) coaixtlahuacan existe boy con el nomb
tezozomoc_scanA	50000	50.000	digit-group	person	 de azcapotzalco, tlacopan, coyohuacan, culhuacan, cuitlahuac, chalco, mizquic, texcoco y huatitlan, reuniendose hasta 50.000 hombres, que con sogas trajeron una gran piedra de ayotzinco, la cual se sumio y perdio en el pueiuede xoloc; entonces
tezozomoc_scanA	8000	8,000	digit-group	other	misma provincia. el numero de victimas inmoladas lo dicen los signos numericos alli colocados. la bolsa es el numeral 8,000 y da la lectura cexiquipilu\cka& pluma, cetzoatli, expresa 400. atendiendo'^a.que hay dos bolsas y diez plumas, (en lo
tezozomoc_scanA	8000	8,000	digit-group	other	opia del codice telloriano, y en esta lamina se anadio un tzoiitli mas de los contenidos en el original.) la suma sera 8,000 + 8,000 -f400x10=20,000. ya dijo arriba el 8r. ramirez, que el codice vaticano tiene omitido uno de los signos de 400.
tezozomoc_scanA	8000	8,000	digit-group	other	 codice telloriano, y en esta lamina se anadio un tzoiitli mas de los contenidos en el original.) la suma sera 8,000 + 8,000 -f400x10=20,000. ya dijo arriba el 8r. ramirez, que el codice vaticano tiene omitido uno de los signos de 400. a pro
tezozomoc_scanA	20000	20,000	digit-group	other	ano, y en esta lamina se anadio un tzoiitli mas de los contenidos en el original.) la suma sera 8,000 + 8,000 -f400x10=20,000. ya dijo arriba el 8r. ramirez, que el codice vaticano tiene omitido uno de los signos de 400. a proposito de las vi
tezozomoc_scanB	1792	mil setecientos noventa y dos	words	other	a cronica se ha copiado exactamente de un ejemplar que fue de d. mariano veytia. mexico, veinte y uno de noviembre de mil setecientos noventa y dos.- f. francisco garcia figueroa» (9). revilla gigedo y del m.r.p. provincial fr. francisco garcia figueroa, colecto,
tezozomoc_scanB	1000	mil	words	other	tes y pueblos daua<n> piedras de ambar, cueros de turtugas duras y galanas, con <que> hazian mecedores de cacao a las mil marauillas engastonadas en oro; finalmente de toda cosa <que> se cria y hazen las orillas de la mar los naturales de l
tezozomoc_scanB	1000	mil	words	other	n de tributos los yndios basallos de los mextcanos y maneras de rropas de bestir. j traian xicaras rredondas, a las mil marauillas pintadas, como bateas, otras menores y mas chicas, labradas y pintadas, y tecomates, basos de uer cacao, ga
tezozomoc_scanB	400	quatrocientos	words	person	la punta, abiendo hecho aguxero para hincallo, e dixo: «algaldo en alto». y lo leuantaron mas de (56) ojo 133 quatrocientos yndios chalcas y estando ya hincado, dixo que trujesen el teponaztle y tlalpanhuehuetl, que es como un atabal de los ne
tezozomoc_scanB	62000	sesenta y dos mill	words	person	noles, antes del rrebelion de mexico, subieron a lo alto del cu ocho soldados espanoles y contaron aber en las paredes sesenta y dos mill calabernas de los bengidos y sacrificados en guerras, cosa espantosa de beer tan gran crueldad <en> sus proximos. esto 
tezozomoc_scanB	8000	ocho mil	words	other	 ycucar, y hallaron de gente de guerra «cempoalxiquipilll on macuilli xiquipilli», que beinte y cinco xiquipilli de a ocho mil cada xiquipil son dozientos mill conbatientes (73), y cien mill tamemes cargadores de comida y armas y aparato de guerr
tezozomoc_scanB	200000	dozientos mill	words	other	e de guerra «cempoalxiquipilll on macuilli xiquipilli», que beinte y cinco xiquipilli de a ocho mil cada xiquipil son dozientos mill conbatientes (73), y cien mill tamemes cargadores de comida y armas y aparato de guerra. y llegados a la frontera de su
tezozomoc_scanB	100000	y cien mill	words	other	macuilli xiquipilli», que beinte y cinco xiquipilli de a ocho mil cada xiquipil son dozientos mill conbatientes (73), y cien mill tamemes cargadores de comida y armas y aparato de guerra. y llegados a la frontera de sus pueblos de los enemigos, que 
tezozomoc_scanB	8000	ocho mil	words	other	ranjeros de lengua): «daremos de (73) literalmente, veinte veces ocho nuul <cempoalxiquipilli> mas <on> cinco veces ocho mil <macuilli xiqguipilli>. [nota de los editores]. 165 tributo muy largas mantas, <que> llaman cuachtli, de a diez b
tezozomoc_scanB	1000	mill	words	other	 174 tostadas, pellexos de abes de pluma, muy rricas cotaras doradas (catles), y de esto de abes y paxaros a las mill marabillas, <que> son xiuhtototl, tlauhquechol, tzinttzcan, gacuam, que es cosa muy preciada y estimada en tenuchtitla
tezozomoc_scanB	500	quinientas	words	other	 ron que de ancho de cada quadra tubiese ciento y belnte y cinco bragas de ancho, que las quatro cuadras abian de ser quinientas bracas y la casa de lo alto del de nobenta, de lo alto beinte bragas de cada cuadra, de tres paredes que an de ser, ten
tezozomoc_scanB	600	seiscientos	words	person	ido el acuerdo con sus propios basallos, se determinaron a yr rresolutamente de todas partes, fuera de los mexicanos, seiscientos hombres con sus mugeres, hijos y lo nescesario de presente al sustento humano. los mexicanos, primeros, poblaron los l
tezozomoc_scanB	50000	cincuenta mill	words	person	nos, azcapugalco, tacuba, cuyuacan, culhuacan, cuitlahuac, mizquic, chalco, tezcuco, guatitlan, <que> se jumtaron como cincuenta mill [6lr] yndios con sogas gruesas y carretoncillos y fueron a sacar una gran pena de la halda de la sierra grande de tena
tezozomoc_scanB	1000	mill	words	other	ra el brazero del terzahuitl huitzilopochtli, <que> sera de piedra muy bien labrada, de piedra pesada, la labor a las mill marabillas y dentro de un termino. y acabado el termino, <en>biare mucha gente de guerra a traerlo y llegando al rrio 
tezozomoc_scanB	1000	mill	words	other	uando nosotros gran bentaxa en que el propio tetzahuitl yn huitzilopochtli es con nosotros, <que> hara mas el solo que mill de nosotros, pues le emos bisto en muchas partes su ayuda balor y esfuerco, que mediante el emos ganado conquistado tan
tezozomoc_scanB	40000	quarenta mill	words	person	rey axayaca, cuentale la manera susod<ic>ha y asimesmo le contaron que abria de gente <que> bieron, <que> serian como quarenta mill hombres, 230 «macuilxiquipilli yn magehualli» (115), que en el pueblo de matlacingo abia. en este capitulo tra
tezozomoc_scanB	32200	treinta y dos mill y dozientos	words	person	 este capitulo trata como acometieron los mexicanos a los naturales de mechuacan, matlacingas, teniendo los mexicanos treinta y dos mill y dozientos soldados y los matlagingas cincuenta mill guerreros. capitulo 54 y trata como despues de ser abisado axayaca, rresp
tezozomoc_scanB	50000	cincuenta mill	words	person	 naturales de mechuacan, matlacingas, teniendo los mexicanos treinta y dos mill y dozientos soldados y los matlagingas cincuenta mill guerreros. capitulo 54 y trata como despues de ser abisado axayaca, rrespondieron los prencipales generales cuauhnoc
tezozomoc_scanB	32000	treinta y dos mill y	words	person	 de aculhuacan, tacuba, chalco, cada un pueblo la gente <que> trae». y asi lo mando axayaca hazer. llaronse de cuenta treinta y dos mill y trezientos conbatientes. llamo axayaca a los capitanes: «y beis <que> son n<uest>ras gentes la cantidad <que> son y los
tezozomoc_scanB	50000	cincuenta mill	words	person	nbatientes. llamo axayaca a los capitanes: «y beis <que> son n<uest>ras gentes la cantidad <que> son y los mechuacanes cincuenta mill. no atane en eso la bienabenturanca, que bale mucho u<uest>ros ardimientos y balerosos animos y corajes <que> todos l
tezozomoc_scanB	8000	ocho mil	words	person	 la bozeria tan grande que, como eran usados los (115) «macutlxiquipilli yn macehualli». literalmente, «cinco veces ocho mil almas». [nota de los editores]. (116) ojo 231 mexicanos a acometer tan rrezio, no hallo ardimiento de animo y 
tezozomoc_scanB	2000	dos mill y	words	person	halcas. por lo consiguiente, un pueblo consumido, otro <en>biado, por<que> los mexicanos <en>trauan de cada rrefresco dos mill y los tarascos boluian y <en>trauan de nueuo diez mill, que al momento fenescian las bidas alli en manos de los carnicero
tezozomoc_scanB	10000	diez mill,	words	person	 <en>biado, por<que> los mexicanos <en>trauan de cada rrefresco dos mill y los tarascos boluian y <en>trauan de nueuo diez mill, que al momento fenescian las bidas alli en manos de los carniceros. rrespondio a las bozes que daua axayaca a que lueg
tezozomoc_scanB	3000	tres mill	words	person	 daua axayaca a que luego fuese otro pueblo, dixole el biexo tlacateccatl: «senor, ¿que aprouecha yr ni enbiar dos mi tres mill soldados, que no son llegados quando son muertos de manos de ochenta mill tarascos (matlacxiquipilli)? y si estais tod
tezozomoc_scanB	80000	ochenta mill	words	person	tl: «senor, ¿que aprouecha yr ni enbiar dos mi tres mill soldados, que no son llegados quando son muertos de manos de ochenta mill tarascos (matlacxiquipilli)? y si estais todabia determinado de que todos aqui muramos, alto, que yo sere el primero, 
tezozomoc_scanB	2000	dos mill	words	person	on <en> la enpresa de chalco, el biexo tlacahuepan y cuautlecoatl y chahuatzin y quetzalcuauhtzin, y con ellos mas de dos mill mexicanos, y en guerras que duro, <que> fueron treze, a la fin los suxetamos, aunque balerosos. agora esto de presente 
tezozomoc_scanB	1000	mill	words	person	bian llegado hasta los terminos de (119) todos los mexicanos murieron en mechuacan en canpo de batalla (120) 80 <mill> tarascos acometieron y mataron a los mexicanos 233 toluca, se boluieron biendo <que> su campo no llegaua ni yba 
tezozomoc_scanB	400	quatrocientos	words	person	 los pueblos que abian benido a la guerra, contados de cada genero de gente, se hallo por cuenta (121) abeer escapado quatrocientos con prencipales y todo, y los mexicanos somos dozientos cauales. llegados en tzinacantepec, los de alli naturales, bien
tezozomoc_scanB	1000	mill	words	person	s demas pueblos, <que> biniesen al rrescibimiento del rrey y de sus gentes y que <en> todos los templos (121) de 50 <mill> mexicanos y comarcanos no escaparon sino 400 cauales 234 rresonasen bozinas y atabales de tristeza. y binieron 
tezozomoc_scanB	1000	mill	words	other	as doradas (teocuitlamatemecatl), y alhonbras diferentes de cueros de tiguere adobados, otros blancos, dorados, a las mill marabillas, y otras trancaderas de cuero de colores diferentes, arcos dorados, flechas doradas y mucha plumeria, y de 
tezozomoc_scanB	1000	mill	words	person	umeria, y de aguilas y esteras de tule dorados, como si en palma fueran doradas los goyapetatl, mantas labradas a las mill marauillas. puestoselo todo alrrededor del cuerpo muerto, comienga de llorar tan dolorosas palabras que probocauan llo
tezozomoc_scanB	600	seiscientos	words	other	en acordado. llamaron al mayordomo mayor (petlacalcatl) y les mandaron que el con todos los otros mayordomos truxesen seiscientos gallipauos (huexolotes), y a los bezinos comarcanos, con paga, traigan mucha caca de monte y abes monteses, y bengan d
tezozomoc_scanB	1000	mil	words	other	 yauhtepec, yacapichtlan. estos pueblos le hizieron otros presentes despues de le aber presentado rropa de baron a las mil (131) elegido por rey a tigocgic 249 marabillas y de muger, todo genero de rropa mugeril, todo muy galano, costoso
tezozomoc_scanB	20000	beinte mill	words	person	e mucho de norabuena, que queria hazer junta y cauildo de todos sus basallos para con toda la breuedad posible juntar beinte mill soldados, de ay para abaxo. y bueltos al pueblo de tacuba, y para acortar rrazones, que le plazia con las beras, <que>
tezozomoc_scanB	8000	ocho mil	words	other	 de tacuba, y para acortar rrazones, que le plazia con las beras, <que> luego queria junta y cabildo y juntar siete u ocho mil dados para quando se diese la boz y para el abasto de matalotaxe. rresueltos, los mensajeros boluieron con la rrespuest
tezozomoc_scanB	1000	mill	words	other	, llamados matzopetztli, y collarejos de la garganta de los pies con los caxcabeles de oro fino, mantas labradas a las mill marabillas de diuersas plumas doradas de pajaros nonbrados, cgacuan, xiuhtototl, tlauhquechol, tzinitzcan, frentaleras
tezozomoc_scanB	400	quatrocientas	words	other	 xocotitlan, «y estos cinco pueblos, no <en>trante bosotros con 269 ellos, an de dar de tributo cada un pueblo a quatrocientas cargas de maiz y a dozientas cargas de frisol y quatrocientas coas de labrar y ongas del monte y cierbos biuos y liebr
tezozomoc_scanB	400	y quatrocientas	words	other	con 269 ellos, an de dar de tributo cada un pueblo a quatrocientas cargas de maiz y a dozientas cargas de frisol y quatrocientas coas de labrar y ongas del monte y cierbos biuos y liebres, conejos y pellexos de lobos». con esto quedaron contentos 
tezozomoc_scanB	800	ochocientos,	words	other	s balientes soldados, fueron dozientos mexicanos y trezientos de aculhuacan y dozientos de tacuba, <que> fueron todos ochocientos, a los quales, abidos todos <en>tendido, fueran a beer tantasen las partes, lugares, <en>tradas, salidas del pueblo pre
tezozomoc_scanB	1200	mill y dozientos	words	person	dia. e luego le rreplico tlacochcalcarl, capitan, <que> le parescia que conbenia <en>biar y <que> fuesem los miradores mill y dozientos para la defensa de ellos si les acometiesen todo el campo enemigo. y, con esto, abisaron al general de suchimilco, tla
tezozomoc_scanB	1200	mill y dozientos, y,	words	other	de culhuacan, cuitlabac, misquic, yztapalapan y los demas pueblos lexanos y comarcanos se llegaron al cumplimiento de mill y dozientos, y, llegados a las guardas de los guaxtecas, hallaron que guardauan sus sementeras muchos de ellos. y asi, abido su acuerdo
tezozomoc_scanB	2000	dos mill	words	person	beinte y ocho pueblos de senores bienen con sus tributos y sus esclauos por delante, que <en>tendia que abrian mas de dos mill esclauos por todos, de que holgaron los crueles berdugos carnigeros, obligados del diablo ahuitzotl y cihuacoatl. lleg
tezozomoc_scanB	1000000	un millon	words-millon	other	encaron de traer de los montes sujetos de mexico por parte de chalco, xuchimilco, cu288 yuacan, tacuba, aculhuacan, un millon de cargas de tea, <que> sirben de candelas, quatro millones de cargas de lena y carbon, cincuenta mill hanegas de maiz
tezozomoc_scanB	4000000	quatro millones	words-millon	other	arte de chalco, xuchimilco, cu288 yuacan, tacuba, aculhuacan, un millon de cargas de tea, <que> sirben de candelas, quatro millones de cargas de lena y carbon, cincuenta mill hanegas de maiz, beinte mill de frisol; finalmente, todo lo nescesario, en 
tezozomoc_scanB	50000	cincuenta mill	words	other	tacuba, aculhuacan, un millon de cargas de tea, <que> sirben de candelas, quatro millones de cargas de lena y carbon, cincuenta mill hanegas de maiz, beinte mill de frisol; finalmente, todo lo nescesario, en especial abes, huexolome (gallipauos) y pau
tezozomoc_scanB	20000	beinte mill	words	other	 cargas de tea, <que> sirben de candelas, quatro millones de cargas de lena y carbon, cincuenta mill hanegas de maiz, beinte mill de frisol; finalmente, todo lo nescesario, en especial abes, huexolome (gallipauos) y pauas (cihuatotoltin), codornize
tezozomoc_scanB	2000	dos mill, y	words	other	. ansimismo fueron llamados los oficiales de hazer los perfumaderos, pintados, galanos, dorados, como <en> cantidad de dos mill, y los oficiales olleros para labrar los brazerillos o yngensarios para sahumar. luego hizo llamar a los amantecas para ac
tezozomoc_scanB	8000000	ocho millones,	words-millon	person	e guadalupe y desde la giierta del marques del balleu hasta la ciudad, <que> se abrian juntado de gentes mas de seis u ocho millones, por ser cosa que jamas se bido ni se bera y de tanta crueldad. subido ahuitzotl en la piedra del degolladero, paroze lu
tezozomoc_scanB	62000	sesenta y dos mill	words	person	 fernando cortes, capitan, bino a la conquista de esta nueua espana afirman dos soldados de aquel tiempo aber contado sesenta y dos mill calabernas de sacrificados yndios, de que se quedo admirado y espantado el capitan don fernando cortes. boluiendo, pue
tezozomoc_scanB	42000	quarenta y dos mill,	words	person	huitzotl que los cautivos de cada pueblo se contasen todos y contados los cuerpos muertos y los cautjuos, se hallaron quarenta y dos mill, 312 «macuilxiquipilli. ypan macuilizontli» (156) (157) tornando a rrecontar bien los presos, se hallaron otros dos mi
tezozomoc_scanB	2000	dos mill	words	person	l, 312 «macuilxiquipilli. ypan macuilizontli» (156) (157) tornando a rrecontar bien los presos, se hallaron otros dos mill mas, <que> fueron quarenta y cuatro mill por todos, con dozientas donzellas mas (158). bisto esto los de teloloapan y 
tezozomoc_scanB	44000	quarenta y cuatro mill	words	person	li. ypan macuilizontli» (156) (157) tornando a rrecontar bien los presos, se hallaron otros dos mill mas, <que> fueron quarenta y cuatro mill por todos, con dozientas donzellas mas (158). bisto esto los de teloloapan y los de oztoman, comiencan de llorar a<n>t
tezozomoc_scanB	8000	ocho mil	words	other	cantes a su biaxe y bitoria y de su buelta a (156) «macuilxiquipilli ypan macuiltzontli». literalmente «cinco veces ocho mil sobre cinco veces cuatrocientos». [nota de los editores]. (157) ojo (158) 44<mill> 200 313 descansar a su cas
tezozomoc_scanB	400	cuatrocientos	words	other	 y de su buelta a (156) «macuilxiquipilli ypan macuiltzontli». literalmente «cinco veces ocho mil sobre cinco veces cuatrocientos». [nota de los editores]. (157) ojo (158) 44<mill> 200 313 descansar a su casa y corte. e llegado a tlapulco
tezozomoc_scanB	1000	mill	words	other	. literalmente «cinco veces ocho mil sobre cinco veces cuatrocientos». [nota de los editores]. (157) ojo (158) 44<mill> 200 313 descansar a su casa y corte. e llegado a tlapulco, bienen todos los pueblos y prencipales de ellos haze
tezozomoc_scanB	400	quatrocientos	words	person	oman y alahutztlan, y fueron y poblaron y rrepartieron ygualmente. capitulo 76 y pedia cihuacoatl que el queria dar quatrocientos mexicanos casados para la poblazon de los d<ic>hos pueblos e que necahualpilli, rrey, pusiese otros quatrocientos, y el
tezozomoc_scanB	400	quatrocientos, y	words	other	dar quatrocientos mexicanos casados para la poblazon de los d<ic>hos pueblos e que necahualpilli, rrey, pusiese otros quatrocientos, y el de tepanecas otros tantos. tomo la mano necahualpilli, dixo a cihuacoatl y ahuitzotl, rrey, <que> hera mucha gente 
tezozomoc_scanB	500	y quinientas	words	person	s anos prime, [103v] en cada seis meses, les <en>biarian para ellos y sus mugeres, hijos, rropas de baron y mugeriles y quinientas cargas de todo genero de mantas, e <que> los demas que quedaron de teloloapan an de serbirles y senbrarla sus sementer
tezozomoc_scanB	9000	nueue mill	words	person	ncipales caudillos, y bosotros abeis de ser senores de todos ellos». juntados todos de todos los pueblos, se hallaron nueue mill casados y <en>tre ellos se rrepartieron en tres partes, a cada tres mill en cada pueblo. y hizo llamar el ahuitzotl a t
tezozomoc_scanB	3000	tres mill	words	person	dos todos de todos los pueblos, se hallaron nueue mill casados y <en>tre ellos se rrepartieron en tres partes, a cada tres mill en cada pueblo. y hizo llamar el ahuitzotl a todos los mayordomos, <que> hiziesen traer de bestir para todas aquellas 
tezozomoc_scanB	2000	dos mill	words	person	ora con este contento por agora, que contra ellos se a de hazer muy cruel benganca y por cada un mexicano an de morir dos mill traidores. descansad, amigo». hizo dar de comer y beuer <en> su prezencia y diole rrosas, flores, perfumaderos y diole
tezozomoc_scanB	8000	ocho mill	words	other	e> luego fuesen a los pueblos de aculhuacan y chalco, suchimilco, cuyuacan e que en cada uno de los d<ic>hos hiziesen ocho mill canoas, otras tantas chalco, ny mas ni menos suchimilco y cuyuacan. acabadas, <que> heran todas nauhxiquipilli (tremta 
tezozomoc_scanB	2000	y dos mill	words	other	anoas, otras tantas chalco, ny mas ni menos suchimilco y cuyuacan. acabadas, <que> heran todas nauhxiquipilli (tremta y dos mill canoas), llegadas a mexico, hizo llamar ahuitzotl a todos los prencipales mexicanos. despues de les aber perdido perdo
tezozomoc_scanB	800000	ochocientas mill	words	person	tas, guieipiles, de los rreales (183) cerrose el acuecuexatl y tlilat[1] y xochcaatl 348 tributos y hizo traer ochocientas mill cargas de maiz para los mexicanos de todas las partes y lugares cercanas [115r] de mexico, por tributo, y mucha cantid
tezozomoc_scanB	2000	dos mill	words	other	s a la danca. y luego apagaron las lumbreras que estauan en el patio para ubiese lugar para todos, <que> heran mas de dos mill <en> la danca. y antes de <en>trar <en> la danga los estrangeros les dieron a comer hongos montesinos, <que> se <en>br
tezozomoc_scanB	20000	beinte mill	words	person	r una cerca muy fuerte como un rrezio palenque o baluarte de fortaleza, con mucha presteza, que andauan a ello mas de beinte mill yndios sujetos de estos dos pueblos. y abian echo estos dos pueblos confederacion que <en> la parte <que> llaman quetz
tezozomoc_scanB	600	seiscientos	words	person	auhcozcatl. otro dia, de manana, ante montecuma manda se cuenten los cautibos de los mexicanos. hallaronse por cuenta seiscientos cautiuos (201). preguntado a los dos rreyes quantos eran sus cautivos, de cada un rrey aberiguose tener y aber cautiua
tezozomoc_scanB	400	quatrocientos	words	other	s dos rreyes quantos eran sus cautivos, de cada un rrey aberiguose tener y aber cautiuado los naturales de aculhuacan quatrocientos caualmente, e allaronse aber cautjuado los naturales de tepanecas trezientos y cincuenta cabales, de que holgo mucho d
tezozomoc_scanB	40000	quarenta mill,	words	person	s a los biuos. y trata en este capitulo como los dos campos, mexicano y huexocingo, murieron en ambas partes mas de quarenta mill, <en>tre los quales murio el general mexicano tlacahuepan y el general de huexogimgo, y como se les hizieron las ogpequi
tezozomoc_scanB	10000	diez mill	words	person	 y bino a rrompimiento, <que> binieron a las armas y mato y desbarato el d<ic>ho capitan a los de aquel pueblo, mas de diez mill. tornando a n<uestra ystoria, acabado aquel miserable yndio, subian luego otro y, por no cansar al letor de oyr tanta 
tezozomoc_scanB	10000	diez mill	words	person	 esxplica la <en>baxada <que> hizieron y fenescimiento de la guerra con muerte de los tres prencipales mexicanos y de diez mill soldados de toda suerte de gentes, con muy larga oracion consolatoria. acabada la oracion, montequma con grandes sospi
tezozomoc_scanB	1000	mill	words	other	plumeria rrica y de oro, becoleras, orexeras de oro, braceletes de munequeras, bandas rricas y mantas y panetes a las mill marabillas labradas, cotaras (208) mano con el indice extendido. 405 doradas. y fueron con ellos los <que> los 
tezozomoc_scanB	8200	ocho mill y dozientos y	words	person	 como ubieron batalla los mextcanos con los de huexocingo, cholula, atlixco, y como murieron en ella de los mexicanos ocho mill y dozientos y de los enemigos seis mull, y del llanto que dellos se hizo. capitulo 98 ] dixeron los prencipales mexicanos hezhuahu
tezozomoc_scanB	8200	ocho mill y dozientos	words	person	0) fueron cargados de oro plumeria, preciadas rrodelas doradas. y murieron por todos, mexicanos y tezcucanos, tacuba, ocho mill y dozientos (211)». oydo montecuma la dolorida nueua, comienca de llorar amargamente. mando a cihuacoatl <que> luego <en>biasen a 
tezozomoc_scanB	1000	mill	words	other	 la guerra darian, ni tanpoco dan los cueros de tigueres, esmeraldas, plumeria, preciadas abes de (210) 6 (211) 8 <mill> 200 408 las costas o su plumeria de ellos, no lo dan y son, conforme esto, obligados a darlo, como lo prometier
tezozomoc_scanB	800	ochocientos,	words	other	lcingo, ciento y ochenta, y los <que> llaman nauhteuctli, ciento y beinte, y los de aculhuacan con todos sus sujetos, ochocientos, mas otros dozientos de los bisonos, y los tlalhuacpanecas con sus suxetos, trezientos, y los tequihuaques nueuos <que>
tezozomoc_scanB	2000	dos mill y	words	other	nteguma y de sihuacoat! y el senado mexicano, quedaron muy contentos con tal bitoria, en especial de <en>tender traian dos mill y qui<niento>s cautiuos y quedar asolado totalmente el pueblo de teuctepec; y la sunma de soldados nueuos <que> ubieron 
tezozomoc_scanB	12000	doze mill	words	other	ante de ayocinco, y la midieron al conforme les fue mandado y, para abella de labrar a plazer, fue menester yr diez o doze mill ydios a sacarla de donde estaua para la poner <en> un rraso para labralla. abaxada al llano, la labraron con las mesma
tezozomoc_scanB	600	seiscientas	words	other	 mi rrenombre sera perdida ni mi fama, porque mi buen padre y tio, el rrey negahualpilli (236), ¿no <en>tendia y sabia seiscientas cosas y artes de encantamentos y carateres? ya murio y ¿no dexo su memoria tanbien hecho junto a su casa? y el prencip
tezozomoc_scanB	600	seiscientas	words	other	ria tanbien hecho junto a su casa? y el prencipal y senor de cuitlahuac, tzompanteuctli, ¿no sabia y <en>tendia otras seiscientas artes de ningromancias? tanbien murio y no ay agora memoria del». y asi, con esto, llegado a mexico, llamo a perlacalc
tezozomoc_scanB	43697	43.697	digit-group	other	16 - informacion e historia, s. l. rufino gonzalez, 23 bis 28037 madrid [.s.b.n.: 84-7679-371-5 deposito legal: m-43.697-1997 fotocomposicion: amoretti s. f, s. l. impreso en espana - printed in spain impresion: graficinco, $. a. c
tezozomoc_scanB	48500	48,500	digit-group	other	uperpuestas de 1470 y 128, con un total de 1598. en la esquina superior derecha de la hoja de guarda delantera se lee 48,500 y a la vuelta codice )2. en la hoja de guarda trasera pegada al reverso de la contraportada, en la esquina inferior de
torquemada_v1	100000	cien mil	words	other	es , para que por - entonces no les ofendiclen: poner en manos de vn mancebo paftor, la cabega de vn goliar , y otras cien mil maravillas ,de que eltaan llenos los volumenes sagrados. pues quien de los hombres puede blafonar de eltas hacanas? que
torquemada_v1	1000	mil	words	other	adecidos ¿ porque cfcrivir hiftoria de verdades , no es tan facil, como algunos pienfan : es meneiter , fuera de otras mil colas, vna diligencia grande en la inquificion de las colas verdaderas , vna madureca , no menor , en conferir las dudo
torquemada_v1	50000	cinquenta mil	words	other	 pierda, todos y qualefquier libros , moldes , y aparejos , que los dichos libros tuvieren , y mas incurra en pena de cinquenta mil mas ravedis, y fea la tercera parte de ellos , para la mi camara , la otra tercia parte para el juez que lo fentenci
torquemada_v1	1000	mil	words	other	tenor , y forma no vaian, ni pafen, ni confizntan ir; ni pajar en manera alguna, pena de la mi merced, y de cinguenta mil maravedis , para la mi camara, fesha en el pardo ,d vcinte y fiero de enero de mil fetecientos y veinte y uno. yo el re
torquemada_v1	1000	mil	words	other	na de la mi merced, y de cinguenta mil maravedis , para la mi camara, fesha en el pardo ,d vcinte y fiero de enero de mil fetecientos y veinte y uno. yo el rey, por mandado del rey n.s.. . don franci/co de ca/?ejon, fee fee de er
torquemada_v1	490	quatrocientos y noventa y	words	other	franciico , en trestomos, que (e .intitulan: 2zorarquia indiana talaron a ocho maravedis cada pliego ; y parece tienen quatrocientos y noventa y fiete y medio, fin principios, ni tablas, que al dicho reipeeto montan fiere. mil novecientos y ochenta maravedis de ve
torquemada_v1	1980	mil novecientos y ochenta	words	other	parece tienen quatrocientos y noventa y fiete y medio, fin principios, ni tablas, que al dicho reipeeto montan fiere. mil novecientos y ochenta maravedis de vellon ; y a elte precio , y no mas, mandaron le vendan ; y que elta certificacion [e ponga al principio de
torquemada_v1	1000	mil	words	other	a certificacion [e ponga al principio de ellas, y, para que conite , lo firme en madrid a veinte y fiete de oetubre de mil (etecientos-y veinte y quatro anos. d:: baltalar de san pedro acebedo , sectafitio de camara de el rei don baltafa
torquemada_v1	150000	ciento y cinquenta mil	words	other	go aviita del exercito de la senoria de tlaxcalla; y de vna batalla , que prefenta= ron los tlaxcaltecas , de mas de ciento y cinquenta mil combatientes, y vn pres fente arrogante , que hicieron a los nuefros, f01.421; cap. xxxil de tres batallas , que los 
torquemada_v1	822	ochocientas y veinte y dos	words	other	lo ancho de cita zona , de tropico, a tropico, fon quarenta y fiete grados de diltancia: que fon en cuenta mas clara, ochocientas y veinte y dos leguas, de lasordinarias caltellanas. la segunda zona, defpues de efta torrida ,acia el aquilon , corre fu anchura, d
torquemada_v1	1000	mil,	words	other	periona doteta contradiga, € ignore, lo que de anuchos anos a efta parte han hallado, y ballan ,no vno,ni ciento, ni mil, fino anillares de periunas , por experiencia: pues confta, y es coia cierta , que los reinos de la nueva-efpana , que
torquemada_v1	100000	cien mil	words	other	 parecer (y el del hombre , por si milino , lea tan flaco , y ciego ) jamas decian cola, que deella no pudiefen nacer cien mil foifpechas : porque a la hiora, que no eran profetas de dios, ni fu faber procedia de revelacion particular delte mifmo
torquemada_v1	1000	mil	words	other	s en lo que prelimian alcancar , y faber, de la vilta, y confideracion de las eftremas , y cielos ) eran embueltas en mil faliledades , como la experiencia nos lo enfena , cuia prueba vamos. figuiendo; porque decir , que el mundo fuete de f
torquemada_v1	1000	mil	words	person	 decir en eltas palabras; que la yerdad de aver antipodes ,nalcio de poetas, que por adornar fos dichos, fucien fingir mil colas; entre las quales , es des cir, que al gente , derras del occeano; lo qual , naicio de alguno de ellos, fin que
torquemada_v1	10000	diez mil	words	other	uro irfe a defcaniar , que bien lo avian meneiter : pues el cami no, y viage,que aviza hecho , no era menos , que de diez mil leguas, y aun catorce mil (fegun fue cuenta ) y en efte viage , a:ravefaron la torrida zona, feis veces , y iin quema
torquemada_v1	14000	catorce mil	words	other	ue bien lo avian meneiter : pues el cami no, y viage,que aviza hecho , no era menos , que de diez mil leguas, y aun catorce mil (fegun fue cuenta ) y en efte viage , a:ravefaron la torrida zona, feis veces , y iin quemarie, contra la opinon de l
torquemada_v1	800	ochocientas y	words	other	les , y cierran , y encubren el golfo quadrado , lugar en efta cofta ¡mui fenalado. defde la punta de bacallaos, ponen ochocientas y felenta leguas, a la florida , y por mas menudo, le cuentaali. de la punta de bacallaos, que cae , a quarenta y ocho g
torquemada_v1	900	novecientas	words	other	o, al cabo de cotoclhe, o yucatan, cuentan noventa leguas, y eltan en cerca de vemte y vna grados. de manera, que ai novecientas leguas de cofta, defde la florida, a yucaran, que tambien es otro promontorio , que lale de tierra acta el norte; y q
torquemada_v1	500	quinientas	words	other	l nombre de dios: y queda enmedio veragua. eltas noventa leguas , eftan en nueve grados y medio, tenemos ya numeradas quinientas leguas , menos diez, delde yucatan , al nombre de dios, que por la poca tierra , que ai de alli a la mar del sur , es
torquemada_v1	11000	once mil	words	other	 querenta y nueve grados: y otroslo lla. man, rio de trabajos. de efte , hacen ochenta leguas , al promontorio de las once mil virgines, que ella en cinguenta y dos grados y medio, en cl embocadero del elirecho de magaa lanes; de la monarquia
torquemada_v1	1000	mil	words	other	o atravicia, quedan en la cofta , el cabo de san lutengo , y patao. miden deide efta coita, al cabo de san aguitin , mil leguas de tierra , que por caer debajo, y cerea de la porrida-zona, cs riguiiima , fegon lo han molftrado , el collao,
torquemada_v1	1000	mil	words	other	i diez y liete leguas , de nombre de dios; por las quales , deja de fer isla el petu, que como ya efta dicho , ticne mil leguas de ancho, y mil y docientas de largo , y boja quatro mil y fefenta y cinco. de panama, hacen feifcientas y cincue
torquemada_v1	4000	quatro mil y	words	other	es , deja de fer isla el petu, que como ya efta dicho , ticne mil leguas de ancho, y mil y docientas de largo , y boja quatro mil y fefenta y cinco. de panama, hacen feifcientas y cincuenta leguas, a teqnantepec , midiendo fetenta leguas de cofta, del
torquemada_v1	510	quinientas y diez	words	other	e, para liegar a cerrar la “dierra, en: isla, con el labrador, o con gruntlandai. ai en efte poltrer remate de tierra, quinientas y diez leguas, y coftean las indias , dierra a tierra, en lo que ai detcubierta (y aqui va notado ) nueve mil. y trecien
torquemada_v1	9000	nueve mil	words	other	rra, quinientas y diez leguas, y coftean las indias , dierra a tierra, en lo que ai detcubierta (y aqui va notado ) nueve mil. y trecientas y mas leguas. las tres mil y trecientas y fetenta y cinco, por la mar del sor; y las cinco mil y noveci
torquemada_v1	3375	tres mil y trecientas y fetenta y cinco,	words	other	 indias , dierra a tierra, en lo que ai detcubierta (y aqui va notado ) nueve mil. y trecientas y mas leguas. las tres mil y trecientas y fetenta y cinco, por la mar del sor; y las cinco mil y novecientas y felenta , por nueltra mar, que llaman del norte : y es de (aber, 
torquemada_v1	5900	cinco mil y novecientas y	words	other	ado ) nueve mil. y trecientas y mas leguas. las tres mil y trecientas y fetenta y cinco, por la mar del sor; y las cinco mil y novecientas y felenta , por nueltra mar, que llaman del norte : y es de (aber, que toda la mar del sur , crece , y mengua mucho 3
torquemada_v1	500	quinientas	words	other	 malucos 3 porque los de las naos del virrci , don antonio de mendoca , toparon vna it icrra de ne= gros, que duraba quinientas leguas, y, penfaban , que le continuaba con aquella del fobredicho eftrecho, afi , que la erandeca de la ticrra , aun
torquemada_v1	2000	dos mil	words	other	aver venido de aquellas partes del poniente, dejando lus reinos , y senorios : (como en fu eiftoria decimos ) y no hia dos mil anos , que eflan aqui, quanto mas , dos mil y docientos, y mas , ( como la opinion dice ) y all creo, y tengo para mi 
torquemada_v1	2200	dos mil y docientos, y	words	other	dejando lus reinos , y senorios : (como en fu eiftoria decimos ) y no hia dos mil anos , que eflan aqui, quanto mas , dos mil y docientos, y mas , ( como la opinion dice ) y all creo, y tengo para mi , que el lugar citado del quarto efaras , no folo no prueba
torquemada_v1	2000	dos mil	words	other	s, es manifietto , que las islas, que delcubrio don cluftoval colon , avian fido antes halladas , por tiempo de masde dos mil anos5y no fera fundamento temerario , afirmar , que los carraginetes las poblaron: y que luego de los moradores de aque
torquemada_v1	500	quinientos	words	other	, du todo punto la fuia mexicana , y viando de la chi. chinieca, ella es refpuelta , aunque no latisface 5 porque en quinientos anos, que le contervaron , no era pofible, que de todo punto, y totalmente , fe con vittieten en cllos , y dejafen la
torquemada_v1	1000	mil	words	other	ue los cerzcucanos (ligados acuhuaques ) y los mexicanos , que depues vinieron, eran de vn lenguage, aunque no de yna mil= ma provincia 3 y que la diferencia , que entre los ynos , y los otros huvo , no fue otra , que venir yvnos primero 
torquemada_v1	500	quinientos	words	other	ncipio , vva lengua, delpues fe fue corrompiendo con el tiempo , como ha fucedido a la caltellana, que la que agora ; quinientos anos le hablaba, no es la miima, que al prelente corre 3 pero tampuco ld» tisface 3 porque la caftellana , aunque h
torquemada_v1	1000	mil	words	other	 que trata de los gicantes . primeros moradores el e : ept: de ellas indianas lrerras , antes de los tultecas. > mil anos , que paso el ds on diluvio, € inundacion general, con que dios cal= tigo los moradores del mundo 3 y que depues
torquemada_v1	500	quinientos	words	other	n, en la tierra ) fue, que avien= do tido perfeguidos , y oprimidos de vn cierro rei, y reies , por tiempo de mas de quinientos anos, pareciendoles; que aquella perlecucion , procedia de tener enojados a fus diofes ( que eran grandilimios idolat
torquemada_v1	1000000	millon	words-millon	person	iguas cftan verdaderas, y no mendolas ) dicen , que fue elta poblacon, por aqueilas cuevas , y lugares , de mas de vo millon de gentes 5 porque demas de leis reles , y senores , que venian con xolod, eran los otros menos principales, y capitan
torquemada_v1	20000	veinte mil	words	other	orque demas de leis reles , y senores , que venian con xolod, eran los otros menos principales, y capitanes , mas de veinte mil ; los quales tralan a lu-catgo, cada vno , mas de mil perfonas, a quienes mandaban xoiotl, y los otros seis senores , 
torquemada_v1	1000	mil	words	other	d, eran los otros menos principales, y capitanes , mas de veinte mil ; los quales tralan a lu-catgo, cada vno , mas de mil perfonas, a quienes mandaban xoiotl, y los otros seis senores , que con €l avian falido de lus reinos , y provincias.
torquemada_v1	100000	cien mil	words	other	reciendole, que no avia otra cola, perdio la hon. ra, y la vida; y por no fer molefto, ni prolijo , no refiero otros cien mil cafos, que hacen a elte propolito , lolo me contento con decir , que aunque los reies , y reinos tengan por algun tiem
torquemada_v1	1000	mil	words	other	ligue antonio de herrera , cronilta maior de las indias , en el libro segundo , decada tercera, capitulo decimo, y lo mil. mo digo del hiftoriador gomara, en el libro que intitula : conquiita de mexico; donde dice, que los mexicanos, fati
torquemada_v1	1000	mil	words	other	ras, como en elta ocalion le verifico, y al preiente , que elto. elcrivo , que es a tres dias del mes de oetabre, de mil letcientos y fiere anos , ai otra en el cielo, que ha diez, 0 doce dias, que aparece 3 laqual, co'ta acia aquellas mi
torquemada_v1	1000	mil	words	person	o de gente que tenia , ali hacia la reparticion de las gentes; de tal manera, que i en vn pueblo tepaneca , avia leis mil vecinos, facaba los dos mil de alli , y paiabalos a otro pueblo metzoreca , o chichimeca, y de aquel dicho pueblo merzo
torquemada_v1	2000	dos mil	words	person	li hacia la reparticion de las gentes; de tal manera, que i en vn pueblo tepaneca , avia leis mil vecinos, facaba los dos mil de alli , y paiabalos a otro pueblo metzoreca , o chichimeca, y de aquel dicho pueblo merzoteca , facaba aquellos dos mi
torquemada_v1	2000	dos mil	words	person	s mil de alli , y paiabalos a otro pueblo metzoreca , o chichimeca, y de aquel dicho pueblo merzoteca , facaba aquellos dos mil vecinos , que avia traido, y los paiaba al pucblo tepaneco , de donde los otros dos mil avia facado. y 11 el pueblo te
torquemada_v1	2000	dos mil	words	other	o merzoteca , facaba aquellos dos mil vecinos , que avia traido, y los paiaba al pucblo tepaneco , de donde los otros dos mil avia facado. y 11 el pueblo tenia dos mul , quitabales el quinto , y paiabalos a otra nacion contraria 5 y de aquella 
torquemada_v1	2000	dos mil	words	person	ra parte , donde aquel avia falido 3 y el senor de tepaneco , que lo era de aquel pueblo, donde avian facado aquellos dos mil vecinos , aunque no los tenia en el miimo pueblo, donde era senor , reconocialos por fuios en la otra parte donde elta
torquemada_v1	1000	mil	words	other	, vinierona fu sitio de tulla, pues los acul.: huas tetzcucanos la fundaron 3 fi ya no es, que eltos senores lean los mil mos, que fe cuentan , por el orden , que decienden de los que de aquella parte de terzcuco , vinieron a poblarla, y e
torquemada_v1	1000	mil	words	person	ia gran merced la que en cilo les haria 5 porque aunque era verdad, que pudieran clegirlo de los de fu pueblo , con la mil ma licencia que los mexicanos , para elegir el fuio, no querian lino recibirle de fu mano; porque ali como le teniau po
torquemada_v1	1000000	millon, y	words-millon	other	o, y mirando por tus vaiallos , que le llama huitzilihuitl , el qual es sol:tero , y por calar 5 pedimofte, con la fu«millon, y humildad , que debemos, que «dejes de la mano vna de tus jolas ,9y piama.rica. , y preciofa., que fon. tus 6. jomo
torquemada_v1	1000	mil	words	other	 , vo mui gran trecho , fue ranta la piedra , que tobre el cargo, que le mataron , y defpues de muet to, le hicieron mil pedacos, con elte hecho quedaron los tes panccas alentados , y leguros de que ferian cidos de los de la ciudad ; y e
torquemada_v1	400	quatrocientas	words	other	canos, dieron permifo , de que ya que le huvicien de vender por efclavos , fuefe el valor, y precio de vna doncella , quatrocientas macorcas de maiz, que deferanadas , hacen vna hanega,o poco menos , y el de vn mancebo, 0 mogo, fuefen quinientas macor
torquemada_v1	500	quinientas	words	other	, quatrocientas macorcas de maiz, que deferanadas , hacen vna hanega,o poco menos , y el de vn mancebo, 0 mogo, fuefen quinientas macorcas, en elta grande necelidad acudio el piadoio rei a favorecer a fus vafallos, abriendo fus graneros, y troges, 
torquemada_v1	1210	mil y docientos, y diez	words	person	ecas , chololtecas, y huexotcincas , y vencieron a los cuetlax= tecas , y trageron de ellos prelos , y, cautivos feis mil y docientos, y diez ronie todos de paz, y quedaron tri burarios del imperic mexicano. aca bofe efte ano la cala , que llamaron tzompantli
torquemada_v1	1200	mil y docientos	words	person	mpantli, y a 1u dedicacion, y eftrena le higo vna grande fieita , y en ella fueron muertos, y lacrificados eltos feis mil y docientos cuerlaxtecas , de que no pocoquedaria alegre el demos nio querzalcohualr (i1 alegria cabe en el) con tanta colecha , 
torquemada_v1	4000000	quatro millones, y novecientas mil y trecientas	words-millon	other	cio, y otros muchtiimos senores , que comian en iu caia, cada dia, en cuio fervicio le gafraban cada ano de lolo maiz, quatro millones, y novecientas mil y trecientas fanegas (numero , por cierto , harto excelivo , y aun increible, i1 para aver. lo de efcrivir, no tuviera en mi poder 
torquemada_v1	2000000	dos millones, y	words-millon	other	eipues de chriltiano , le llamo don antonio pimen:el. ) de cacao , (que es la al. mendra , que le bebe ) le galtaban dos millones, y fetecientos y quarenta y quatro mil. de gallinas , y gaos, que en caftilla le llaman pabos de las [ndias, de fiete a o
torquemada_v1	44000	y quarenta y quatro mil	words	other	amo don antonio pimen:el. ) de cacao , (que es la al. mendra , que le bebe ) le galtaban dos millones, y fetecientos y quarenta y quatro mil. de gallinas , y gaos, que en caftilla le llaman pabos de las [ndias, de fiete a ocho mil ,.[in otras muchas carnes de
torquemada_v1	8000	ocho mil ,	words	other	 fetecientos y quarenta y quatro mil. de gallinas , y gaos, que en caftilla le llaman pabos de las [ndias, de fiete a ocho mil ,.[in otras muchas carnes de venado, conejos, liebres, codornices, y otras aves, y animales, que comian. tresmil y docien
torquemada_v1	1000	mil y	words	other	guifaban la eomida. de otro chile mas pequeno, y mui picante ( que llaman chiltecpin ) docientas y quarenta fanegas 5 mil y feiicientos panes de sal , que fon de el tamano , de vna ogaca de pan de caftilla. chia, erilol , y otras mucha
torquemada_v1	800	ochocientas	words	person	cias tributaban , tenian por oficio, traer lena de encina a palacio , y la rafa determinada de elta gente moca, eran ochocientas bracas en cada pueblo ( porque eran todos , tan grandes , y tan llenos de gente , que todo elto , podian los mancebos , 
torquemada_v1	400	y quatrocientas	words	other	lan tinta, para entintarle log cuerpos , ocote, vreayauhtli , cortecas de pino , para el fuego , y copos de nequen , y quatrocientas bracas de rajas de lena; y ello era vna manera de tributo, con que le reconocian , por mienores en la republica. los 
torquemada_v1	9000000	nueve millones	words-millon	other	, y pluma, entre todas , aii blancas , como labradas , y tegidas con pelo de conejo , y otras invenciones, paiaban de nueve millones. el concierto de (us audiencias, y confejos , era mui grande, y en rodo mui puntual , porque jamas faltaban de fu 
torquemada_v1	1000	mil	words	person	 , que aprendais de mi ,adejaros antes morir , que palaros a vueltros enemigos! diciendo elto , le arrojo haciendoie mil pedacos , de cuio ef peitaculo , cobraron tanto herror , y enojo los chialcas , que luego dieron en los mexicanos , y
torquemada_v1	1000	mil	words	other	 tiempo, que corria , fin poner en egecucion lo crerminado, elte hecho fue luego fabido por axayacatl , porque de los mil mos que 3cl alifticren , huvo quien ie lo dijo, y como avian jurado de afolar a los mexicanos, y raer de la memoria el
torquemada_v1	400	quatrocientos y	words	other	caias , lin aludar a los unos, ni a los otros, quedaron sie” 08 180 al los tlatelulcas , y muereos en la batalla quatrocientos y (efenra , entrelos quales murieron muchos capitanes de valor , y esfucrgo , y tambien de los mexicanes , oros ; aunque c
torquemada_v1	1000	mil, y	words	person	 , que al imperio avia hecho, en las guerras en que tan valientemente avia probado, cautivo de los xiquipilcas, onge mil, y a 3 (82 182 feienta, y xicanos , ciento fueron muertos de los mey [eis. bolvi0 con eta oran vitoria, y defpue
torquemada_v1	72000	fetenta y dos mil y	words	other	 que elz pantar de tanta sangre , y copioia morrandad , pues fueron los facrificados , er elta diabolica dedicacion , fetenta y dos mil y trecientosty quarenta y quatro! captivos. duro elta fielta quatro dias, con grandifima celcbracion , y el rei ahuizoi
torquemada_v1	1200	mil y docientos	words	other	 los cholultecas , que de los otros, que vinieron a buicarlos a fas calas , y que llevaron los de tex peaca caprivos mil y docientos chos lultecas. al doceno ano del reinado de ahuitzotl , fue contra los de atlixco , y fue tan repentina fu aiuda,qu
torquemada_v1	1200	mil y docientos	words	other	 todas fus convecinas, fueron los tres reies, delpues de todo eito, fobre la provincia de tlacuilollan , y trageron mil y docientos cautivos , que facrificaron a los demonios, rebelaronfe los de la provincia de huexotla (en la huaxteca) y falrearon al
torquemada_v1	3000	tres mil y	words	other	o quitizron aguardarlos, y defenderles ius calas. y de buelta , fueron contra los de ouaubquecholla, y les caurivaron tres mil y ducientos, y aqui hicieron valeroftos hechos los capitanes, cuitlahuatzin ( hermano del rei aotecubcuma ) y maunhicaxac
torquemada_v1	3800	tres mil y ochocientos y	words	other	gumas , falieron contra los lepatepecas, que eltaban rebelados , y los redugeron al imperio , y trageron cautivos tres mil y ochocientos y fes lenta , donde fe moftraron de mucho esfuergo, y animo tecocomoetzin, maz chimaletzin , tonecuiltonoltzin , cipa
torquemada_v1	400	quatrocientos	words	other	naltepec, y a izquixochtlan , y de la primera provincia trageron cien< to y quarenta cautivos, y de la feguns da , quatrocientos. bueltos de elta guerra, fueron contra los tlaxcaltecas; lus mortales , y continuos enemigos; y acabada fu guerra
torquemada_v1	1000	mil	words	other	lo de c)vos a la monarg yohuican. era la piedra, como el rei defeaba, y aviendole labrado , y entallado a las mil maravillas, higo que. la tragelen, a lo qual concu:crio grandilimo gentio de toda la comarca, y la movieron de lu luga
torquemada_v1	12210	doce mil y docientos y diez	words	other	dos los que en efta guerra cautivaron , fueron mnertos en la eltrena, y pieltas de los edificios dichos , que fueron doce mil y docientos y diez los sacrificados. alonceno ano fe rebelaron los yopitzincas, y quifieron matar, a traicion, a los mex xicanos , que ef
torquemada_v1	1332	mil y trecientos y treinta y dos, y	words	person	 y rindieron a los de quarzalapan, y de los de efta provincia , y caurivos , que de otras partes prendieron , fueron mil y trecientos y treinta y dos, y quedaron muertos de los mexicanos noventa y, cinco. al treceno ano falieron contra los de cihuapohualoyan , y cuezcom
torquemada_v1	1000	mil	words	other	ia ya debilitadas las fuercas , y colgada fu vida ya, quai1, de vn mui delgado, y debil hilo: otros pienian > que el mil mo fe dio la muerte, bebiendo ponco na: otros, que lo mataron de noche, en lu palacio : y concluie con otra opinion ,
torquemada_v1	1000	mil	words	person	llos. los moradores de nicaragua, creiendo fer aii, como decian, vinieron en el concierto, y dieronles cinco, o fcis mil hombres de carga, que fueron los que les pidieron. avian concertado, entre s1,los mexicanos , que concediendo los nica
torquemada_v1	400	quatrocientas	words	other	itucias , y manas, fue motecuhcuma mui gran senor, y le apodero de quai1 todo lo mas de elte nueyo mundo , en -mas de quatrocientas leguas de tierra, adelante de lu ciudad de mexico, ajudado de los dos reies terzcucano , y ¡tepaneca,que tambien ¡ban 
torquemada_v1	100000	cien mil	words	other	jando a tulantginco ( que es pueblo , diez y ocho leguas de efta ciudad, a la parte de el norte ) traia ya mas de cien mil hornbres; debio de tener nuevas de lo que en terzcuco palaba , y acelero lu jornada, y vino 4 tepepulco, donde, o por 
torquemada_v1	1519	mil quinientos y diez y nueve,	words	other	ta manera [e concertaron eltos tres hermanos, y no les duro mas tiempo, que cfpacio de dos anos, porque -inego el de mil quinientos y diez y nueve,tue la venida de los efpanoles; y quan= do llego la nueva de fu llegada , las colas fe bolvieron de orra manera , como
torquemada_v1	3200	tres mil y docientos	words	person	3 y no folo no los vencieron, pero murieron en ella muchos de los amigos, y confederados , y de los mifmos mexicanos, tres mil y docientos; y de los senores valizntes, y belicolos, morlarocacomatzin, y ltzpapalotzin; y de los que eitaban de prelidio en hu
torquemada_v1	400	quatrocientos	words	other	 pero quedada deipues de aver lervido a la mela del rei, para lus caballeros, y oficiales de boca. trujan la comida quatrocientos pages caballeros, hijos de senores, y ponianla toda junra, en vna sala, y quando el ret falla a coimer, mirabala toda, 
torquemada_v1	3000	tres mil	words	person	s truanes, y: chiocarreros ( que los que daban en efto, eran mul iicretos, y graciofos) lo demas que fobrava, comian tres mil hombres de guarda oldinaria, que el taban de ordinario en los parios , y; plagas, y por elto fe llevabas fiempre tres
torquemada_v1	3000	y tres mil	words	other	aria, que el taban de ordinario en los parios , y; plagas, y por elto fe llevabas fiempre tres mal piaros de comida, y tres mil vafos con vino (que es vna mui nota-= ble grandega de las que fe pueden contar a63 vi rel) jamas fe cerraba la defpen
torquemada_v1	3000	tres mil	words	person	ro en la defu aiuitencia, aunque re-= nia muchos de guarda , dormian pocos hombres,en ellastenia en lu real palacios tres mil mugeres, entre senoras, cria= das, y efclavas( y efto es mas cicrto , que lo que otros dicen , que no eran mas de mil
torquemada_v1	1000	mil	words	other	il mugeres, entre senoras, cria= das, y efclavas( y efto es mas cicrto , que lo que otros dicen , que no eran mas de mil) las senoras, hijas de caballe s ros, que eran muchas, y mui bien tray tadas , tomaba para si moteculicuma, en efpec
torquemada_v1	3000	tres mil	words	other	, legun la polibilidad, y renta de cada vno. “tpovos tralan fus armas, y venian a fer entre amos, y criados , mas de tres mil perlonas 5 y ai quien diga, y lo afirma, por verdad, que eran mas de cinco mil. todos efcos comian en palacio de lo qu
torquemada_v1	5000	cinco mil	words	other	n a fer entre amos, y criados , mas de tres mil perlonas 5 y ai quien diga, y lo afirma, por verdad, que eran mas de cinco mil. todos efcos comian en palacio de lo que fobraba del plato real ( como dejamos dicho ) los criados no fubian , ni entra
torquemada_v1	100000	cien mil	words	other	 aquella era la ordinaria , porque los senores que eltavan debajo del imperio de motecuhicunia,que eran treinta, de a cien mil wafallos , y rres mil senores de lugares , y otros muchos vafallos , perlonas preeminentes , y de cargos, refidian en me
torquemada_v1	1000	mil	words	other	 porque los senores que eltavan debajo del imperio de motecuhicunia,que eran treinta, de a cien mil wafallos , y rres mil senores de lugares , y otros muchos vafallos , perlonas preeminentes , y de cargos, refidian en mexico por obligacion , 
torquemada_v1	9000	nueve mil	words	other	) pero fera fallo decir , que antes de el no las huvieie en el mundo. tambien es falfa la de los egipcios , que dieron nueve mil anos de antiguedad a la ciudad , donde nacio : solon ( como dice platon en lu timeo, fiat. 3% a carlo afirmado ali v
torquemada_v1	3500	tres mil y quinientos	words	other	 ali vn fu sacerdote genme ril, y barbaro, halta que solan florecio ) por rason, que haita aquel punto no avia mas de tres mil y quinientos anos (pocos menos) la creacion, y fabrica de el mundo. la quarta opinion , fue de los griegos , y otros muchos, que di
torquemada_v1	1000	mil	words	person	an excelivo numero, que dice la ef crirura , que falieron al delierto en buica de la tierra de promilion, feilcientos mil hombres, y efto [e entiende los que podian tomar armas para pelear, fin los ninos , mugeres, viejos, y viejas, y lin l
torquemada_v1	450	quatrocientos y cincuenta	words	other	s , liecha de indios, que vendio vn elpanol a otro , por feifcientos caltellanos , o pefos de oro, que cada vno valia quatrocientos y cincuenta maravedis; y elto lo afirma vn ¡teftigo fidedigno , y lo he referido, para que le vea, quan cumplida, y bien obrada e
torquemada_v1	500	quinientas	words	other	 y fe dio por ella, y que a efte relpero [e coniideren las otras lus [emejantes. en elta nueva-efpana, y por mas de quinientas leguas al derredor de mexico, hacian los narurales fus cafas de adobes , y piedra, y fu techo de madera, y de canteria,
torquemada_v1	500	quinientos, y	words	other	ma kio de la piara, donde no folos diez vecinos viven juntos, en vna cala (como fe ha dicho ) pero paia el numero de quinientos, y feiicientos; y para que fe haga creible, digo, que fon en aquel reino las calas , vnas de mas de quinientos, y otras d
torquemada_v1	500	quinientos, y	words	other	ero de quinientos, y feiicientos; y para que fe haga creible, digo, que fon en aquel reino las calas , vnas de mas de quinientos, y otras de ochocientos pafos en largo, y de ciento, y mas, en ancho 3 van en ambos a dos lados (us ringleras de caiillas 
torquemada_v1	800	ochocientos	words	other	iicientos; y para que fe haga creible, digo, que fon en aquel reino las calas , vnas de mas de quinientos, y otras de ochocientos pafos en largo, y de ciento, y mas, en ancho 3 van en ambos a dos lados (us ringleras de caiillas , como celdas de frai
torquemada_v1	30000	treinta mil	words	person	 , que a la vifta les ocurrio , fue, vna gran ciudad , que [e llamaba cempoala , que contenta, de yeinre y cinco , a treinta mil vecinos , cu10s edificios de calas reales , de templos , de patios, de torres, y de otras muchas cafas, y habitaciones 
torquemada_v1	1500	mil y quinientos y	words	other	 senores , fenalada, y particularmente las maiores poblacones , que huvo en labradas de cal, y canto. eltos reinos) ha mil y quinientos y fe xx avia fortalegas de piedra, y can fenta y vn anos , que fe fundo. que w teria, cercadas de fus barbacanas, que 
torquemada_v1	5000	y cinco mil	words	person	ue tambien para hacerla aora, faltar llares de pueblos , de tres , y quas las quentas de feis reies , de los que tro, y cinco mil vecinos , y la ciu- reinaron , y governaron efta ciudadg dad de tumpantcinco , que tenia vein= y republica 3 por lo qua
torquemada_v1	1000	mil	words	other	u- reinaron , y governaron efta ciudadg dad de tumpantcinco , que tenia vein= y republica 3 por lo qual , no tenga te mil cafas,en la provincia de tlax== mucha conflanga de elta quenta , max calla , y otras muchas , maravillofa=” 10rmente , 
torquemada_v1	800	ochocientos	words	other	acan, fueron governados, por vna lola cabega , y galtaron en nueve edades, y vidas de otros tantos senores, tiempo de ochocientos anos , gover= mando cada uno de eltos governadores ochenta anos, no mas, ni menos: que parece que es calo, que pide no
torquemada_v1	800	ochocientos	words	other	os toronacas , hermanos , avian perdido, aviendola fultentado fus antecelores, y paiados , por tiempo, y efpacio de ochocientos anos. tambien dicen de el , que variaba las tormas de (u perlona , porque ynas veces parecia nino, otras hombre , otra
torquemada_v1	1000	mil y	words	other	ue que 1 fuera en el tiempo de fu infidelidad , heredara el senorio ( el qual le liamaba don luis, y vivia el ano ge mil y leiicientos , que fue quando yo hice elta averiguacion , en aquella provincia ) y tenia el viejo entonces, tres, o qu
torquemada_v1	40000	quarenta mil	words	person	rca. era lu poblacon mucha, y los que quieren darle numero , quando entraron los efpanoles , dicen , que tenia mas de quarenta mil vecinos efta ciudad : y es ali, porque fola la ciudad , tenia veinte imil cafas , y otras veinte mil eltaban repartida
torquemada_v1	20000	veinte mil	words	other	e tenia mas de quarenta mil vecinos efta ciudad : y es ali, porque fola la ciudad , tenia veinte imil cafas , y otras veinte mil eltaban repartidas fuera , en lo que llaman eftancias, y aldeas. fue la madre general de la fuperfticiofa re'!igion d
torquemada_v1	1000	mil	words	person	a , fino que comiencan derechas, y acaban con el miimo orden, que comencaron; y aun aora, que no debe de tener fiete mil ¡vecinos ( y faltandole la hermofura de aquellos lus grandes templos , y torres , que memoria de todoefto no ha quedad
torquemada_v1	1000	mil	words	other	los nueltros, quando entraron en eita ciudad, que tuvieron por relacion verdadera, que fe sacrificaban cada ano, feis mil criaturas de ambos fexos. governabale en. tonces por vn capitan general, elegido por la republica , con el confejo de 
torquemada_v1	40000	quarenta mil	words	other	ciudad era de mucha , y belicofa gente. tenia quan= do entraron en efta tierra los efpanoles, de treinta y cinco, a quarenta mil ves comer hifi. gene de inaini. de la monarquia indiana. vecinos. elta ciudad tan populoia , no permanec
torquemada_v1	1000	mil	words	person	en el numero de gente; y a mulpoco tiempo quedo quaii defpoblada, y lo efta en eltos tiempos , que no se li llegan a mil vecinos,o pocos mas, con lus al. deguelas. no es mucho , que tratando de los muros gentilicos, y poblagones de ido l
torquemada_v1	30000	treinta mil	words	person	uas de la de los angeles,al oriente, en contra de cita ciudad , era en numero de gente, mul famofia : tenia mas de treinta mil vecinos , y lo es aora de labrancas;5 por que fe cogen en fus tierras , y otras convecinas , mas de cien mil fanegas
torquemada_v1	100000	cien mil	words	other	 de treinta mil vecinos , y lo es aora de labrancas;5 por que fe cogen en fus tierras , y otras convecinas , mas de cien mil fanegas de trigo, iin otras tantas , y mas, de maiz, y es vna de las mejores , que oi fe conocen en la tierra. otr
torquemada_v1	30000	treinta mil	words	person	 y populofa ciu- dad, la poblagon de chalco, tlalmamalco , y amaquemecan , que con fus lugarcs,y aldeas, tenian mas de treinta mil vecinos, la provincia de otumpa, que era fu gente lin numero , que cae de mexico, ocho leguas acia el norre. adelante 
torquemada_v1	1000	mil	words	other	ras, que la dividen , gente nahual,-y era de grandifimo gentio , y la tierra caliente, y mui deleitofa , donde fe dan mil generos de frutas , ali de la tierra, como de caitilla. pafando adelante, eftan los yopes , nacion mui grande, entran
torquemada_v1	150000	ciento y cincuenta mil	words	person	e, entre los quales huvo vno, que fe te= nia por cabeca de los otros que tef= tifican tener en fu gentilidad mas de ciento y cincuenta mil vecinos, y del= pues que lo mudaron los nueftros de lu sitio, dos leguas mas abajo de la sierra, donde eltaba (aunque
torquemada_v1	1000	mil	words	person	guas mas abajo de la sierra, donde eltaba (aunque tambien era sierra ) diminuio en tanto eltremo, que no quedaron en mil vecinos , y. gora debe de tener ciento, elte le llama mexcaltepec. oo 2 de 288: de eltas ciudades ; que arriba h
torquemada_v1	10000	diez mil, y	words	person	 ciento, elte le llama mexcaltepec. oo 2 de 288: de eltas ciudades ; que arriba hemos nombrado , avia algunas de diez mil, y otras “de quince mil, y mas, y menos vecinos , y las que llamamos villas, y aldeas , eran las que menos tenian de a m
torquemada_v1	15000	quince mil, y	words	person	mexcaltepec. oo 2 de 288: de eltas ciudades ; que arriba hemos nombrado , avia algunas de diez mil, y otras “de quince mil, y mas, y menos vecinos , y las que llamamos villas, y aldeas , eran las que menos tenian de a mil vecinos; y (1 alguna 
torquemada_v1	1000	mil	words	person	 otras “de quince mil, y mas, y menos vecinos , y las que llamamos villas, y aldeas , eran las que menos tenian de a mil vecinos; y (1 alguna avia de menos gente, era mui fingalar , y rata, y no se (1 la avia. eran los edificios de los ten
torquemada_v1	400	quatrocientos	words	person	adas: tenta quarios , y patios mui efpaciolos , y grandes, en eltos le apofento corres, y toda fu gente , que fueron quatrocientos hombres, con [us caballos , e infiniros indios, que llevaba ,de servicio, y otra gente, y de los amigos de tlaxcallan ,
torquemada_v1	400	quatrocientos	words	other	ados. tenia eltanques de agua dulce , y vna huerta grande , llena de frutales. tenia vna alberca de cal, y canto, de quatrocientos pafos en quadro, y mil y feifcientos en torno, con £us cicalones ,halta el agua, y de el agua, halta el luclo. avia en
torquemada_v1	1000	mil	words	person	aunque maior , y no cocido. dicele de elta ciudad , que quando entraron los efpanoles en ella, tenia ciento y veimte mil caias , y en cada vna,tres y quatro , y hafta diez vecinos; por manera, quea elta quenta eran [us vecinos , mas de tre
torquemada_v1	300000	trecientos mil ,	words	person	il caias , y en cada vna,tres y quatro , y hafta diez vecinos; por manera, quea elta quenta eran [us vecinos , mas de trecientos mil , las calas ( como hemos dicho ) eran de adove comunmente , y con lus terrados, y acoteas mui bien he. chas, y piladas,
torquemada_v1	1000	mil	words	other	na manera quebrarle elte nombre, y afi no pa= rece que van mul fuera de racon los que han querido penfarlo 3 pero los mil. mos naturales afirman , que clte norrbre toma:on de el dios principal, que ellos traxeron, el qual tenia dos non1bre
torquemada_v1	120000	ciento y veinte mil	words	person	ades ) hacian vna entera ciudad , la qual, toda juna ta, quando llegaron los caftellanos a ella, renta , por cuenta, ciento y veinte mil caflas, y en cada vna de ellas de quatro , a ieis, halta diez vecinos. y, elte fue el numero de genre, que vi= no mul
torquemada_v1	2000	dos mil	words	person	 edificados; y eran tan grandes, y cumplidas, que na fola cupieron los efpanoles en ellas; pero tambien otros mas de dos mil amigos ,indios tlaxcalrecas , que venian en fu favor , y aiuda , y toda la gente de servicio, que los unos, y los otro
torquemada_v1	1000	mil	words	person	e aora no es tanta, fon al fin muchos , y fegun me han certificado do, por quenta cierta, o poco ecrada, tiene fiere mil efpanoles vecinos, y fon los indios, con el barrio de tlatelulco , ocho mil; por manera , que por rodos , fon quince m
torquemada_v1	8000	ocho mil	words	person	 por quenta cierta, o poco ecrada, tiene fiere mil efpanoles vecinos, y fon los indios, con el barrio de tlatelulco , ocho mil; por manera , que por rodos , fon quince mil , poco mas , o menos. elta ciudad ,e(ta aora fundada, y conitituida en e
torquemada_v1	15000	quince mil ,	words	other	ere mil efpanoles vecinos, y fon los indios, con el barrio de tlatelulco , ocho mil; por manera , que por rodos , fon quince mil , poco mas , o menos. elta ciudad ,e(ta aora fundada, y conitituida en el rinon, y medio de lo que antes era poblacon de 
torquemada_v1	550	quinientas y cincuenta	words	other	, con divinas alabancas , y canticos , y en todos eltos le celebran todos los dias mifas , y plenfo , que fon mas de quinientas y cincuenta; o felicientas. otra nota no es de njenor importancia, y €s laber, como el convento de mi p.s. francilco , elta fent
torquemada_v1	140000	ciento y quarenta mil	words	other	raron en ella , fue la populofa, y magni| fica ciudad de tetzcuco 5 la qual , fegun cuenta cierta , y verdadera tenia ciento y quarenta mil cafas 3 pero no (e ha de entender, que toda elta caferia efltaba recogida, y junta; porque aunque cn fu maior parte l
torquemada_v1	1000	mil	words	other	r , que correfponde a fus dormitorios , piedras de efpantable -grandeca; pueltas alli 4 -mana ,-y todas cabadas por mil partes; que haeen a mancra de piletas, donde hechaban agua, y ve? ntan a beber pajaros de diverias manes ras, a los q
torquemada_v1	1000000	millones	words-millon	person	fta llanada , que incluie, y encierra en si efta corona , y contorno de sierras , que diximos , tuvo en su gentilidad millones de gentes , y pueblos muchiiimos; y aunque de pre. fente lon los miimos pueblos, es muchiiimo menos el numero de la ge
torquemada_v1	500	quinientas	words	other	mo en orra parte decimos. ) ai en ete contorno, y ruedo, que hacen eltas sierras , y en todas eitas lianadas, smas de quinientas iglefias,en las quales le dice miia al ano ( en la que menos ) tres veces. entre eftas iglelias ai quarenta y dos, dond
torquemada_v1	15000	quince mil	words	person	 humano , en cuio circuito , y <ortorno ai infinidad de ciudades, y villas , de las quales, la menor poblagon paia de quince mil vecinos, y todos dados al arre de la cultura, y labranga. eltas fon fus palabras , en el lugar citado; las quales nora
torquemada_v1	8000	ocho mil	words	person	 gente de los pueblos , y ciudades comarcanas , la qual fue mucha. e numero; porque de tlaxcalla , vinieron -ficte-, o ocho mil indios, y de. huexorzinco otros tantos, de tepeyacac , y otras provincias. elte numero +, o pocos menos , todos con l
torquemada_v1	500	quinientos	words	other	de erabajar en la fabrica de el nuevo pueplo , a diez y ss leis dias- de el mes, de: abril , de el ano de mil y. quinientos na e en la infraoetava. de*paiqua de relurreccion, ,y dia de santo toribio.,. obiipo de altorga, limpiaron el sitio, y
torquemada_v1	1000	mil	words	other	 impofible ; que ala hambre, que pueda notarle , por lerla cantidad, y numero de hanegas de trigo , de ochenta , a cicn mil cada ano , y como acude quando ya pudiera hacer falta ,el que por toda la tierra fe liembra , y coge de temporal , no
torquemada_v1	1000	mil	words	other	 punto el ano; y aun no puedo dexar de encarecer ( que parece, quail1 milagro ) que con fembrarie todos los anos vnas mil. mas tierras, eftan tan fertiles, y abundantes , como las mui delcaniadas , y que jamas fe fembraron , y dan el trig
torquemada_v1	5000	cinco mil	words	person	e no podian con racones3 y ali vinieron aquella miima noche de huexotcinco , mui callada, y lecreramente , quatro, o cinco mil indios cargados de paja de xacal , y varas, y magueies, mugeres ., y hiijos, y hicieron muchas calas, y amanecieron hec
torquemada_v1	1000	mil y	words	other	on, y lo ordenaron, y lalieron con ello, y porter ali verdad ,lo firmo de mi nombre, en cuiol, 014 cinco de abril, de mil y feiicientos y vn anos, como ii eftuviera en el articalo mortis, pedro de cl caftillo el pobre. eltas fon fus formales p
torquemada_v1	100000	cien mil	words	other	al .viage padecio muchos trabajos; y no hallando la comodidad que queria , vendio fus navios, y colas que llevaba , en cien mil caltellanos, a erancifco pigarro , y a diego de almagro, y bolviole rico, y contento a quauhtemailan ; pero no quieto
torquemada_v1	400	quatrocientas	words	other	o miootolinia , de cula relacion tomo gomara , para elcrivir clte caflo. fne fu muerte en el pueblo de ecatlan ( qual quatrocientas leguas de la ciudad de guatemala , y ciento de el=. ra de mexico, a la parte de el poniente.) quando le preguntaban a
torquemada_v1	400	y quatrocientas	words	other	lta tierra de mexico , y en raconable ano , vna fanega de fembradura, acu= de , y fe multiplica, hafta trefcientas, y quatrocientas fanegas. es tierra de muchas, y buenas aguas, lana , y no mui rica de metales. la maior riqueca que cita gover= nac
torquemada_v1	1000	mil	words	other	dad. en la ciudad de quauhtemallan, y en todas aquellas provincias (en elpecial en lo mas calignte de ellos) truena mil+* de la monarquia indiana. 32 mucho , y fon muchos los raios, que caen, de que no pocos mueren; pero los tru
torquemada_v1	500	y quinientos	words	other	ndar a fulas) le dieron comilion para venir 4 defenbric eltas tierras, donde ialid con do cientos y cincuenta cabahos, y quinientos infantes, muchos de los quales llevo por fuerga ( porque era tirano. ) paso por mechliuacan , por fer, por ahi el pao
torquemada_v1	10000	diez mil	words	person	llevo por fuerga ( porque era tirano. ) paso por mechliuacan , por fer, por ahi el pao, donde tomo al rel caccotizin diez mil marcos de plata; y mu.ho oro baxo, y feis mil indios para es gr, y fervicio de fu excreito , y viage, y aun defpues de
torquemada_v1	1000	mil	words	person	chliuacan , por fer, por ahi el pao, donde tomo al rel caccotizin diez mil marcos de plata; y mu.ho oro baxo, y feis mil indios para es gr, y fervicio de fu excreito , y viage, y aun defpues de aveile quitado rolo elto,le quemo, con otros 
torquemada_v1	20000	veinte mil	words	person	s ticorras, donde orvaaron muchos e lpanoles , por fer las gentes de elftas provincias mui valientes , y tuvo dia de veinte mil enemigos ,en campo, y el mato, y cautivo hartos indios. a la jicerca de cautipac, la llamo la maior ” 2 libro te
torquemada_v1	1519	mil quinientos y diez y nueve ,	words	other	rto, de la conquista de mexico. wwe2aro n ed ano de el naci. | as miento de nuefiro ns senor fefu-chrifto, de mil quinientos y diez y nueve , governando fu lalefca, cn el sumuo ponti: ficado de roma , el papa leon decimo , y fiendo monarca de los principes cb
torquemada_v1	80400	ochenta mil y quatrocientos ,	words	person	e facris ficaron los cantivos y que decimos y tratando de ella, en otra parte : aunque fe: gun otros afirman , fueron ochenta mil y quatrocientos , los muertos , y facrifeados. donde debemos advertir , que el clamor de tinta jfanzre humana ) derrar macs en injuria 
torquemada_v1	1400	mil quatrocientos	words	other	 cortes , hafta el tiempo, que paso a las islas de la efpanola , y lo que en efpana , y en el camino le paso. in de mil quatrocientos 87 y ochenta y cinco, fiendo reies de caitilla, y aragon los catolicos don llamo martin cortes de monroy, v (u madr
torquemada_v1	1504	mil quinientos y quatro	words	other	ra vez, que le determino de hacer elta jornada. , tenia cortes diez y nueve anos, quando vino a efta tierra, y el de mil quinientos y quatro llego a sevilla, a ocalion que paiaban cinco navios a la e (panola: acomodofe en vno de alonlo quintero, vecino de pal
torquemada_v1	511	quinientos y once	words	person	dias)a diego velazquez, que avia (ido criado de don bartolome colon , lu tio, a que conquiltafe a cuba, el ano de mul quinientos y once; y dioole la gente, y armas , y rodas las demas colas , que eran menefter para la conquifta. fue fernando cortes en 
torquemada_v1	8000	ocho mil	words	person	vian hecho en poronchan; porque contra ellos teman apeicebidos lubre tres aiquipiles de gente ( que es cada xiquipil , ocho mil hombres ) y que fax bian que avian hevido; y muerto mas de docientos en porenchan , y que ellos no eran tan defanimad
torquemada_v1	1000	mil	words	other	a : higo grijalva muchas caricias al cacique, y las majoies demoftraciones , que pudo, de agradecimiento , porque era mil cottes, y comedido, mando facar vna cas mila rica, y €l mifmo fe la viftio , delnudote el saio de terciopelo carmest, y
torquemada_v1	3000	tres mil	words	person	y alimiimo , a todos los que con el cacique avian ido. juzgabale , que lo que el indio dio i juan de grijalva , valia tres mil pelos; y entre las piecas, y armaduras , que le dio fue vn caiquere de armadura , cubierto de hoja de oro, delgada 5 
torquemada_v1	15000	quince mil	words	other	"s acariciaba) mando a los suios , que jlevaien oro para refcatar, y en [cis dias , que alli fe detuvieron , llevaron quince mil pefos"", en jomuelas de oro baxo, de disezentes hecligras, y clip es lo que dixo dec. zo eds. ¿mara | de la "
torquemada_v1	900	quatrocientas , y quinientas	words	other	os era llevado de tuera , por orden de fus caciques , y mercaderes , que corrian la tierra entonces , que atraveluban quatrocientas , y quinientas leguas , tratando, y trocando vnas colas por otras. bolviofe a embarcar grijalva, con fa gente , aviendo tomado pofef
torquemada_v1	20000	veinte mil	words	other	cer alain afiento, para la poblacion, y lo demas, que defcubricle : y dando priefa en el armada ( en que gafto mas de veinte mil ducados ) penso en traxo a diego velazta de grijalva, fe de-. libro cuarto quien pondria los ojos, para encomen
torquemada_v1	3000	tres mil	words	other	dez , tambien natural de cuellar , fu tierra , y le lo rogaba mucho , diciendile , que lo hacia por hon.arle: pidiole tres mil ducados para ir bien armado, y proveido 5 dexolc, diciendo, que leria mas el gafto , que el provecho : y como dice gom
torquemada_v1	20000	veinte mil	words	other	eral de aquella armada, porque tenia dineros , y .queria que armalen los navios, y jornada a medias , y en ella galto veinte mil ducados. fernando cortes (que tenia grande animo , y defeos ) accepto la compania , y el galto, y la ida, creiendo que 
torquemada_v1	20000	veinte mil	words	other	e, que para el viage, y poblacion ie allegaba ,( que era toda voluntaria , por las riquezas que ie prometian ) y con veinte mil caltellanos , con que fe hallaba , comengo a ponerie 4 punto, y galtar largo , tras tandoie como capitan de vna jornas
torquemada_v1	4000	quatro mil	words	other	r el animo, que en ellos hallaba , y el que tenian de feguirle ; violos mui determinados de acumpanarle. tomo fiados quatro mil pefos, de tres, u quarro mercaderes 5 compro dos navios, feis caballos , armas , y veftidos. po-. mo cafa, higo meta, 
torquemada_v1	508	quinientos y ocho	words	person	e san anton , y alli (e juntaron todos los once ,que eftaban de flota, y armada, y tomo mueitra a la gente , ha. llo quinientos y ocho soldados; y fegun cuenta gamara, quinientos y cinquenta : ciento y diez, entre maeltres, y marineros 5diez y feis yegua
torquemada_v1	550	quinientos y cinquenta	words	person	que eftaban de flota, y armada, y tomo mueitra a la gente , ha. llo quinientos y ocho soldados; y fegun cuenta gamara, quinientos y cinquenta : ciento y diez, entre maeltres, y marineros 5diez y feis yeguas, y caballos 3 tesinta y dos balielteros; tres ce 
torquemada_v1	5000	cinco mil	words	other	ientes (u108. iban ducientos islenos de cuba, para carga , y fervicio 3 ciertos negros, y algunas indias: hallaronte cinco mil tocinos , feis mil cargas de maiz , yuca, y chile , muchas gallinas, acucar , vino, aceite, garbanm cos , y otras legu
torquemada_v1	1000	mil	words	other	entos islenos de cuba, para carga , y fervicio 3 ciertos negros, y algunas indias: hallaronte cinco mil tocinos , feis mil cargas de maiz , yuca, y chile , muchas gallinas, acucar , vino, aceite, garbanm cos , y otras legumbres. llevaba muc
torquemada_v1	20000	veinte mil	words	other	ola fetecientos pelos de ellas. la nave capitana, era de cien toneladas, que diego velazquez ( cono quien avia galtado veinte mil ducados en elta armada) la avia elcogido : otras dos avia de a ochenta; pero las mas eran pequenas, y iin cubierra. la
torquemada_v1	1000	mil	words	person	 , por muchos anos , en efpana, como cuentan las hiftorias antiguas, pero haciendo embofcadas , y concins co, y feis mil hombres de pelea; pera cortes,con elta gente dicha; y quan= do mas tuvo, no llegaron a mil y quinientos, y €ltos folos
torquemada_v1	1500	mil y quinientos, y	words	person	as , y concins co, y feis mil hombres de pelea; pera cortes,con elta gente dicha; y quan= do mas tuvo, no llegaron a mil y quinientos, y €ltos folos alolaron, y deftruieror todas eftas indianas gentes; que para hablar propiamente , es mejor decir : que au
torquemada_v1	20000	veinte mil	words	person	e lo que alli pafaba , al almirante, y a los oficiales reales de la elpanox la, y por gente, y vitualla, y allez var veinte mil ducados del rei, y que llegando cerca de xamayca , le perdio la caravela, en los baxos, que llaman de las vivoras , u
torquemada_v1	40000	quarenta mil ,	words	other	 , y artilleria en defenderfe, y ofender a los indios , los quales no teniendofe por yencidos, vinieron otro dia mas de quarenta mil , en cinco efquadrones , y fe pulteron como platicosen la tierra, entre vnas acequias , y cienegas de mal paio. encomen
torquemada_v1	1000	mil	words	person	"pueblo , haciendo cuenta , que quedaban muertos efte dia ""( que fue lunes antes del santo de efte miimo ano ) mas de mil indios, y dio graz cias a dios, por tal vietoria , en que fernando cortes fiempre fue mui cui, dadoio , porque fue do"
torquemada_v1	1000	mil	words	other	penachos de vatias plumas , grandes , con los cabos de argenteria de oro , colgando; mofqueadores de pluma rica, con mil jugueres , y lindecas de oro , y plata , hechos por mul furil , y maras villofo arriticio 5 bragaletes , y otras -—dd
torquemada_v1	5000	y cinco mil	words	other	no de ella. juzgaron los que vieron eftas cofas, que valdria el oroy y plata, fin la hechura de todo , mas de yeinte y cinco mil caltellanos: y fu hez chura , con las otras coias ricas , que fueron- abueltas de eltos metales , en otro tanto, y ma
torquemada_v1	50000	cinquenta mil	words	other	cas , que fueron- abueltas de eltos metales , en otro tanto, y mas3 de manera, que lo que valia todo , fueron mas de cinquenta mil diicados , los que motecuhguma embio a fernando cortes en elta dax diva. ' si bien confideramos efte prelente; huvo
torquemada_v1	400	quatrocientos	words	person	 llos. pueltos en paz , y [oliego eftos; que le avian comengado a albororar, metiofe la tierra a dentro, con hala quatrocientos hombres, a bultar balli, mentos , y tres leguas andadas , por aquellas partes , que iban , y venian; los que los avia
torquemada_v1	2000	dos mil	words	other	mpanado de mucha gente noble, y prelentole muchas mantasce algodon , y ciertas joias de oro , que pedian valer halta dos mil ducado»: dixole , que delcanfafe , y le holgale el, y los lutos; y que porque tuvieien tiempa para ello, no queria dar
torquemada_v1	100000	cien mil	words	person	ra elta guerra. los caciques dixeron: que quando la guerra le publicafe , y; que aquellos diofes les aiudaban, avria cien mil hombres.de pelea 5 entonces dixo cortes: que aunque no tenia nes ceiidad de lu aiuda , todavia era bien que los avila
torquemada_v1	1000	mil	words	other	rodo el mundo: y es elto de (uerte , quando vn kei, o vno que govierna, es atable con fus subditos , fe les encubren mil faltas, y fufren colas, que en ninguna manera eran de llevar , porque la azedia de los vicios, fe acucara con el amor
torquemada_v1	1000	mil	words	person	 de elta nuevaelpana , con pocos companeros , y tart pocos, refpecto de los indios , contra quien fe opulo, que acien mil de ellos, no le cabia vn elpunol de parte 5 pero valiole fu prudencia, y mana, para falir con fu empreia. verdad fea, 
torquemada_v1	2000	dos mil	words	other	; pos ro que con el tiempo no le alabarian de aquellos defacatos. corres recibio el, prelente, que valia poca mas de dos mil pelos, y dixo , queel , y todos (us hermanos eran mui [fervidores de eh rei, aunque eltaba mui fentido de el mal term
torquemada_v1	3000	tres mil	words	other	es , de la caia de la contraracion, que aquellos iban en defervicio del rei, tomaron quanto iba en el navio, con los tres mil caltellanos , que lle= vaban para fu galto , y la quantidad, que cortes embiaba a fu padre. el prefente [e embio al r
torquemada_v1	400	quatrocientos	words	other	 pareciendoles , que iba mui a riego , y peligro de morir todos, aunque confiaban de el vaior de los caltellanos: eran quatrocientos los dea pje, y quince , o diez y (eis los de a caballo, y feis pieceguelas de ariillerta , con (us municiones. come
torquemada_v1	100000	cien mil	words	person	as reverencia , y con los ojos en el (res lo, que avia en fu imperio treinta vas fallos, que cada vno ponia en campo cien mil soldados , y combatientes; que facrificaba cada ano , veinte mil perfonasen fu eltado, y anos avia de cinquenta mil ;
torquemada_v1	20000	veinte mil	words	person	perio treinta vas fallos, que cada vno ponia en campo cien mil soldados , y combatientes; que facrificaba cada ano , veinte mil perfonasen fu eltado, y anos avia de cinquenta mil ; que relidia en la mas linda, maior, y mas tuerte ciudad de todo 
torquemada_v1	50000	cinquenta mil	words	other	ampo cien mil soldados , y combatientes; que facrificaba cada ano , veinte mil perfonasen fu eltado, y anos avia de cinquenta mil ; que relidia en la mas linda, maior, y mas tuerte ciudad de todo lo poblado, porque eltaba duelta fobre agua, y que a
torquemada_v1	50000	cinquenta mil	words	other	ior, y mas tuerte ciudad de todo lo poblado, porque eltaba duelta fobre agua, y que avia para [ervicio de ella, mas de cinquenta mil acas les 3 ( que aii fe llaman las canoas) que fu cala, y corte era grandiiima, mui noble, y mui generoiu ; que acudi
torquemada_v1	20000	veinte mil	words	person	ro elclavas , y fendos collares de oro, de no mucho valor : agradeciofelo cortes, y fe fueron. era olintet!, senor de veinte mil vafallos , tenia treinta mugeres , dentro de fu cala, ton mas de ciento, que las [ervian, y dos mil criados. el puebl
torquemada_v1	2000	y dos mil	words	person	ntet!, senor de veinte mil vafallos , tenia treinta mugeres , dentro de fu cala, ton mas de ciento, que las [ervian, y dos mil criados. el pueblo era gran= de, tenia trece templos, con muchos idolos de piedra, de diferentes figuras, 4 quien fe 
torquemada_v1	5000	cinco mil	words	person	inos , palomas, codornices , y otras coias, con fahumerios, y grande vencracion. tenia mow tecuhguma en efte pueblo , cinco mil soldados de guarnicion , poitas de hombres , de dos en dos, en breves trechos , hata mexico , para faber en breve tie
torquemada_v1	1000	mil	words	other	s tierras , cn grandes aacales , maiores, que calas , y tan valientes , que vno poz tomo i. ” 415 dria mas que mil 5 que introducirian nuevas leies , y coltambres , y que vendrian embiados de vn gran senor, al qual vn poderofo dios 
torquemada_v1	5000	cinco mil	words	person	los indios , jugando lus efpadas, lin mueltra de temor ; pero del cubriendo el valerofo capitan fernando corres masde cinco mil hombres , en vn efquadron, que acudian a focorrer a eftos: los inando alangear , que haita entonces no lo avia permit
torquemada_v1	1000	mil	words	person	gados los cem-= poalles, aviendo andado poco mas de medio quarto de legua, por detras de vn cerrillo, alomaron lalta mil indios, bien armados. acomerjeron a los cal= tellanos con cl alarido , que luclen, tirando muchos dardos , piedras » 
torquemada_v1	1000	mil,	words	other	n ellos, los quales dieltramente fe fueron retirando , y llevando a los caltellanos a vna embolfcada de mas treinta de mil, que eftaban el arroio arriba , por vnas quebradillas, que avia acia el palo mui alpero , adonde los caltellanos le vie
torquemada_v1	1000	mil	words	other	xercito de la senoria de tlaxcalla 3 y de na batalla , que prefentaron los tlaxcaltecas , de mas de ciento y cmquenta mil combatientes , y vh prefente arrogante , que bin cieron a los nue/os tando las cos fas en cite efltado, vn indio 
torquemada_v1	400	quatrocientas	words	person	de el exercirto , lalio a la campana, con la otra parte , y los caballos. quemo a quatro, o cinco lugares, bolvio con quatrocientas perfonas , lin recibir dano, aun= que le fueron cargando los enemigos haita el quarcel, y hallo, que los capitanes tla
torquemada_v1	150000	ciento y cinquenta mil	words	person	, que otro dia irian averle , y relponderle. por elta refpuelta tan determinada, y aver fabido , que le avian juntado ciento y cinquenta mil hombres , entendio fernando cortes en «ordenar de tal manera fu exercito, que no le hallalen delapercibido. de jos 
torquemada_v1	150000	ciento y cincuenta mil	words	other	tras del exercito , porque le avia de pelear, y porque en tiempo de paz viaban llevarla delante , y que ferian todos ciento y cincuenta mil combatientes , los mas flecleros , que en quebradas, y recueltos, eran mui cerreros , y que temian mucho de aquellos tr
torquemada_v1	2000	dos mil	words	person	 vando parecio a los 2 tlaxcaltecas, que los caltellanos avrian comido, con grandes fieros , xicotencat] mando , que dos mil hombres fucfen a los caltellanos , diciendo : id a tomar aquellos hombres rebolados, o vomitades de la mar, y i1 (e os
torquemada_v1	2000	dos mil	words	other	 como valientes , pues fois la flor de nueftro exercito, y vais apelear por los diofes , y por ia patria. palaron los dos mil animofarmente la barranca , y con :mucha ofadia megaron a la .torre. salicron a ellos los de a caballo , y figuieron l
torquemada_v1	1000	mil	words	person	a los enemigos. fernando cortes ,el figuiente dia, falio a la campana , quemo algunos pueblos , y faqueo vno detres mil vecinos , adonde avia poca gente de guerra, porque la maior parte efltaba en el exercito3 con todo elo pelearon, cono
torquemada_v1	1000	mil	words	other	 avia te» nido contra los tlaxcaltecas , y antes de hablar, le dieron vn prelente , de parte de ui rei , en que avia mil ro, pas de algodon, muchas, y ricas piecas de pluma, mil caltellanos de oro , en grano , mui fino, como fe coge en la
torquemada_v1	1000	mil	words	other	r, le dieron vn prelente , de parte de ui rei , en que avia mil ro, pas de algodon, muchas, y ricas piecas de pluma, mil caltellanos de oro , en grano , mui fino, como fe coge en las minas. dixo el mas viejo, que fu se, nor motecuhguma le
torquemada_v1	20000	veinte mil	words	person	cl. publicaronie las pas zes por la ciudad , y provincia ,con regocijo 3 hizofe vn mitote ,( que es baile) de mas de veinte mil hombres de la nobleza , aderecados ricamen= te. cantaron la valentia de los calte. llanos , y el contento de fu amilt
torquemada_v1	1500	mil y quinientas	words	other	as palabras , haita que buelto el menfagero de mexico, al lexto dia ,llevo diez jolas de oro ricas , y bien labradas , mil y quinientas ropas de algodon, y rogo a cories, de parre de motecuhcuma , que no [e pulicle en aquel peligro de entrar en tlaxcalla ,
torquemada_v1	100000	cien mil	words	other	r pompa, y madies , gcitad , que pudieron , acompanados de otros muchos grandes senores de la republica , con mas de cien mil tiombres. fueron diferentes recibimientos los de la provincia , porque el primero fue en tecompantzinco , y el fegundo 
torquemada_v1	1000	mil	words	person	ue efta republica tenia con el. mando a fu gente, que no romafen fino loque les diefen; pero los naturales les hacian mil placeres 5 y los caltellanos , y los indios , que llevaron , eftuvieron mul comedidos , iin falir (in licencia de los 
torquemada_v1	50000	cinquenta mil	words	person	, adonde feria mas regalado. los tlaxcleras lo contradecian , y con malor vehemencia ofrecian para fu acompanamiento , cinquenta mil soldados, para los cholultecas , aunque en mucho tiempo avian tenido paz con ellos, porque fobornados de motecuhcuma ,
torquemada_v1	100000	cien mil	words	person	, y huexotzinco , con reltitucion , de lo que los vnos a los otros en la guerra fe avia tomado. salio acompanado de cien mil hombres , y fentian mucho, “que cortes emprendieile aquel viage, porque vmos le tenian por perdido , y otros conf
torquemada_v1	1000	mil	words	person	recer , tres imil tlaxcaltecas, con los capitanes , que le moltraron mas aficion; (aunque otros dicen, que eran feis mil ) y no quiio maior numero , por no ponerie en manos de gente barbara, de cuia fee, hafta entonces ,no tenia mucha exper
torquemada_v1	10000	diez mil	words	other	e dexaban, iba con= tentiiimo , pues que valian mas, que orros quarro doblados. salieronie otro dia a recibir mas de diez mil ciudaz danos , € diverias tropas, con rolas; 5 kk flog 38 libro quarto flores, pan, aves, y fritas, y mucha a
torquemada_v1	30000	treinta mil	words	other	iedra , que renian rez cogida , darian fobre ¡os caftellanos) y los podrian prender , y entregar ad todos; y que los treinta mil culhuas; eltuvicien en pueftos tales ,( fin entrar en la ciudad ) que pudielen prender; o inatar, a los que fe efcapa
torquemada_v1	1000	mil	words	person	o, aunque citaban armados, y tenian las calles atajadas , mas defpues acometicron con animo varonil, matarun cali feis mil pertonas, fin tocar a ninos , ni mugcres. (porque afsi fe les ordeno por corits) tenian de tiempos muy atralados eltos
torquemada_v1	20000	veinte mil	words	person	, y los senores de la republica, proveieron , que el capitan general, xicorencatl fueie a focorrer a los auigos , con veinte mil soldados, que con mucha brevedad llegaron , y hicieron iu ofrecimiento ¿ y aviendoielo agradecido , fernando cortes di
torquemada_v1	1000	mil	words	other	 ; y los indivs amix gos , hicieron de preito muchas barracas , en las quales (e apofentaron y que ferian halta feis mil los tlaxcaltecas, cempoaltecas , huexorzincas, y cholulltecas, que venian , los quales para ler diferenciados de los
torquemada_v1	3000	tres mil	words	other	acer , llego vn senor pariente del rei , acompanado de muchos caballeros , a vifitara cortes, y que le prefento halta tres mil pelos de oro, y que le rogo , que le bolriefe; porque en mexico , no le podia entrar, lino en barquillas , y que pade
torquemada_v1	4000	quatro mil	words	other	ito numero de gente, aliende de la mucha , que eltaba en la calgada. prefentaronle.efelavas, plumajes , ropa, y hafia quatro mil pelos de oro. el senor de lizrapalapan, ligo a corres vn racona:niento, dandole la bien: llegada , de parte del rei. c
torquemada_v1	400	quatrocientos	words	other	 cubiertos de roias, y flores; mui olorofas : avia eltanques de agua dulce, con mucho pefcado : tenia. vn eltanque de quatrocientos pafos , en quadro, y mil y (eiicientos de circuito, con elcalones, halta el agua; y hafta el suelo 5 acudian a los eflt
torquemada_v1	10000	diez mil	words	other	fltanques muchas gargoras, labancos”, gaviotas, y otras aves , que. muchas veces cubrian el figua. tenia elta ciudad diez mil cafas , la mitad de ellas fundalas cn la: laguna salada , y la otra mitad , fobretierra-firme : vna fuente enel camino
torquemada_v1	4000	quatro mil	words	other	incipio , le pudieran ver las puertas de mexico. eitan a los lados de ella, mexicarzinco , lugar en aquel tienpo, de quatro mil calas, eu el agua, coiohuacan , que tendria orras (ei9 mil , afentadas en tierra-firme , mul fertil, fano, y alegre;
torquemada_v1	1000	mil ,	words	other	de ella, mexicarzinco , lugar en aquel tienpo, de quatro mil calas, eu el agua, coiohuacan , que tendria orras (ei9 mil , afentadas en tierra-firme , mul fertil, fano, y alegre; y otro , llamado huitzilopochco , con cinquenta mi. eitos tre
torquemada_v1	1000	mil	words	person	n algunos, embio a pedro de alvarado, para que jos hiciefe falir , y no hallo niaguno. eran , como (e ha dicho, feis mil indios amigos , los quales le fegaian, porque en cholulla fe le avian junrado otros tlaxcalrecas, y cholulltecas, y de
torquemada_v1	4000	quatro mil	words	other	es a los lados, y enmedio vn preril almenado , con dos puertas. aqui le detuvo cortes , porque le faliercon a recibir quatro mil caballeros cortefanos , ricamente veitidos de vna milma manera: cada vno, como llegaba, adonde cortes eltaba, tocando 
torquemada_v1	3000	tres mil,	words	other	 , docientos senores , como en procelion, todos defcalcos , de tras de el, y con ropas de otra mas rica librea , que tres mil, que iban delante. motecuhcuma iba por medio de la calle , y los docientos de detras , arrimados, quau= to podian, a la
torquemada_v1	450	quatrocientos y cinquenta	words	person	eculiciunma , rei poderofifimo en fu propria cafa , en lugar fortifimo , carre infinidad de gente , no teniendo fino quatrocientos y cinquenta companeros. y es af, que fue atrevimiento nunca vilto , y mas le debe atribuir a dios efte hecho, que a pecho humano 
torquemada_v1	3000	y tres mil	words	person	ros , mui hermofos de rapina. quando iba a caga de monteria , le llevaban en ombros, con las guardas de caltellanos , y tres mil indios tlaxcaltecas , que por fer (us antiguos enemigos , era impoble , que no fintieie mucho el verlos, acompanabanle
torquemada_v1	1000	mil	words	other	os apofentos, y tan anclias, que de(pues de vacias, [e aloxaban en cada vna dos caftellanos. sacaron al patio mas de mil cargas de ropa ; quifolas bolver corres a motecuhcama , pero no lo permitio , diciendo: que lo que vna vez daba , no lo
torquemada_v1	1000	mil	words	person	 de motecuhcama fe pondera, fue: tener gran cuenta con la limpieca de mexico , que por lo menos en cada calle andaban mil hombres barriendola, y regandola , poniendo de noche por trechos , grandes braleros de fuegos y en el entretanto que 
torquemada_v1	1000	mil	words	other	e [u parte, culta imagen queria poner en el templo maior 3 pues por fu virtud , tendrian buenas sementeras , y otros mil bienes , que atribuia a fus fallos diofes. y no perdiendo tiempo, en elta refolucion , en buen lugar del templo, fe 
torquemada_v1	100000	cien mil	words	person	n los diez y ocho de fu reino: v.ali fue cofa cierra, que antes que moteculiguma hablate a corres , tuvo apercibidos cien mil hombres de guer= . ta , para hecharle por fuerca, €n ; calo , que por bien no quilieie irie. 1atb.a6 1far.c.28.
torquemada_v1	800	ochocientos	words	other	al inftante otro correo, y en pintura moftro , y de palabra dixo , que eltaban en tierra ochenta y cinco ca. ballos , ochocientos lufantes , y doce piecas de arrilleria. morecuhcuma abra. co a cories, y le dixo , que le queria mas que nunca , y le 
torquemada_v1	1000	mil	words	person	ion de lo ganado, ja qual avia de (uceder » y de todos, ¿ou la diviuon, (1 los indios lo entendian , pues avia mas de mil para cada cultellano 3 y pedirle , que le viclen, para ler de acuerdo 5 y quando otra coia le pareciele, convenia , q
torquemada_v1	2000	dos mil	words	person	onfocmz a la mueitra , que dio , y fe quitalen las navajas, con que los indios vlzbanarmarlas , y que le aiudafen con dos mil hombres de aquella nacion : todo lo qual fue prelto apercibido , y los hierros - hechos mas primos , que la mucltra ,
torquemada_v1	1000	mil	words	person	no ,a quen iba a recibir, era lu herman , v que fino fuele bueno, le que iu caltigar , para lo qual avia menciter fcis mil hombres de guerra , y no los pidio para lervirle de ellos , fino por hacer eltruens do, y porque licgafe la fama a nar
torquemada_v1	2000	dos mil	words	other	o, que avia confeguido fuintento; y ya eltaba avifado barrientos, adonde le avia de hallar con las pi cas , y con los dos mil chinantecas, el qual llego al punto , y al lugar, que [e le mando, y las picas eran mui buenas, y mui largas, y los s
torquemada_v1	2000	dos mil	words	other	 quien fe dieron , te iban exercitany do cun ellas , y tobvilla enlenando a cada vno , como la avia de jugar 5 y los dos mil chinantecas, ta:mbien tralan picas , y todos quiio cortes , que ie armalen de ichcalhuipiles , porque fabia, lo que im
torquemada_v1	2000	dos mil	words	other	 con elto parecio *, que fe podia eftar con feguridad. y publicamente mando pamphilo de narvaez -promerxr , que daria dos mil pelos a quien maraie a fernando cortes ,o a -goncalo de sandoval. y mando , que -.en fus apolentos durmiefen buen gol
torquemada_v1	3000	tres mil	words	person	na quebrada , y dixo pocas palabras a la gente , dando animo , y ofrecio al que le dieic muerto , o prelo a narvaez ,tres mil caftellanosde oro, mul y quinientos al fegundo , que a fu perfuna llegale , al tercero mil, protefto , que fu princip
torquemada_v1	500	y quinientos	words	person	as a la gente , dando animo , y ofrecio al que le dieic muerto , o prelo a narvaez ,tres mil caftellanosde oro, mul y quinientos al fegundo , que a fu perfuna llegale , al tercero mil, protefto , que fu principal deleo avia lido fiempre el enfalg
torquemada_v1	1000	mil,	words	other	, o prelo a narvaez ,tres mil caftellanosde oro, mul y quinientos al fegundo , que a fu perfuna llegale , al tercero mil, protefto , que fu principal deleo avia lido fiempre el enfalgamiento de la fe, y que iba provocado a aquella facion. 
torquemada_v1	1100	mil y cien	words	other	andole el senor de cempoala vna legua. liego aquel dia a la rhaconada , el feguado camino llete lezras. lleyada mas de mil y cien rtpanoles ¿y ellzado alojado er el campo , junto 2 ya ria , acudizeona muchos indios con comida , y de todos ios lugar
torquemada_v1	1000	mil	words	other	de la donar quia ludiana, profiesieron fu camino a tlaxcalla, adonce los aguardaba cortes; tomoles mueltra , halio mil peones , y cien caballos ( aunque en efte numero muchos varian) y continuando [u camino, embio a fray bartolome de olm
torquemada_v1	1000	mil	words	other	ue por ocupar el oro , plumeria , ropa , y jotas, que tenian los caltellanos , que fe eltimaba en mas de fetecientos mil ducados. otros, que por no ver alli a los tlaxcaltecas , fus morrales enemigos , y por averles derribado [us idolos , 
torquemada_v1	1000	mil	words	person	vian de punta , y ali no hacian dano. gano la torre, mato a los que la defendian , entro por la ciudad , quemo mas de mil cafas, gano (ere puentes, mato gente iin numero , y aqui llego a gran priela vno de a caballo, a decirle, que los seno
torquemada_v1	2000	dos mil ,	words	other	n traramiento a los huelpedes: que les rogaba dexafen las armas, pues vno de ellos , que moria , les coftaba mas de dos mil , elpecialmente., ayiendo roga-= do con la paz, y tio lesaviendo:tomado fus haciendas , ui forgado fus mu= geres, n
torquemada_v1	3000	y tres mil	words	other	dios de ver aquellas maquinas , iendo las otras dos por orras dos calles. salio ecrnando cortes con los caltellanos , y tres mil tlaxcaltecas : comencaron a arrimar efcalas deide los ingenios, fubian' alas acuteas baxas , y al principio ¡ba la cof
torquemada_v1	1000	mil	words	other	n , ii pudiclen , y los que mas tomaron del teioro , fueron los del campo de narvaez ,que le juzgo valia ferecientos mil ducados , 2unque muchos afirman , que cortes dio vna yegua a los oficiales reales , para que la cargalen del quinto d
torquemada_v1	1000	mil	words	other	n mejor, y libraron fus vidas. faitaron tados los prifioneros , que llevaban, y quaienta y leis caballos , y quario mil irdios amigos. no pudo corres tenerlas lagrimas, por tan gran perdida. acordofe de lo mal que higo cn no vifitar a m
torquemada_v1	500	quinientos	words	person	aber adonde , fin comida , ni fox corro ; pero encomendardoie a dios; recogio, y ordeno los que tenia , que ferian quinientos soldados , y veinte y, y feis caballos. pregunto por martin lopez , hallo ,que eftaba alli, y holx go de ello 5 y 
torquemada_v1	200000	docientos mil	words	person	e metio en vnos maizales, adonde hilo otro , y fe fueron falvos 23€, y dino, que los que bolvian, le parecian mas de docientos mil indios: enelta tan temeraria noche , ( que los etpanoles la llamaron la noche tmilte ) le mataron a corres a (us propr
torquemada_v1	3000	tres mil	words	person	 cortes a ver lo que pafaba 3 dio animo a todos fu prefencia , porque los indios los fatigaban. elevaba vn caltellano tres mil petos de orv, y dixo : senor, que hure de elto; libro ovarto que no puedo andar? relpondio cora res : dad al dia
torquemada_v1	400	quatrocientos	words	person	pucs los otros los acaben. y patada media noche, derermino cortes de partir la bueltra de tlaxcalla , con menos de quatrocientos caftellanos , y feifcientos indios amigos , y veinte y tres caballos. higo ocho capitanes, dio la vanguarda a diego de o
torquemada_v1	200000	docientos mil	words	person	os de blanco , pa= recia el campo nevado. dicen los que mejor cuentan efta datalla , que lle= gaban los indios a (er docientos mil en numero 3 ( que folo decirlo alfombra ) ella vez [e tuvieron los caltellanos por perdidos , acabados , y muertos, v
torquemada_v1	20000	veinte mil	words	other	uanras fernando cor< tes tuvo en fu vidas figuieron jos cal tellanos la vietoria 3 mataron , fegun fe pudo entender, veinte mil de ellos, y todos los demas defaparecieron den< tro de breve rato. en eita batalla def pojaron muchas riquecas , la q
torquemada_v1	1000	mil	words	person	e pararon, y le retrelcaron, porque haita alli (1empre avian traido poca, y mala. llegaron a hueyotlipa , lugar de dus mil cafas, de la senoria de tlaxcalla , no ofando acometer los indios , fino dando gran grita de lo alto de las sierras. sa
torquemada_v1	100000	cien mil	words	person	ormiguero la gente , que faliaa los caminos a ver los caitellanos. salio 4recibira cortes,la serioria , con mas de cien mil hombres; ( y no ducien= herrera. tos mil , como dice herrera ) porque el mosolin. padre frai toribio motolinia , dic
torquemada_v1	1000	mil ,	words	person	ver los caitellanos. salio 4recibira cortes,la serioria , con mas de cien mil hombres; ( y no ducien= herrera. tos mil , como dice herrera ) porque el mosolin. padre frai toribio motolinia , dice , que elte numero es el que aqueita senor
torquemada_v1	1520	mil quinientos y veinte	words	other	es de agolto , sep. tiembre, octubre , noviembre , di. ciembre , y enero, que es el primer mes del ano liguiente, de mil quinientos y veinte; tambien eftuvieron pacificos tojo el mes de febrero, y marco; pero en el mes de abril , en el qual los mexicanos ce
torquemada_v1	100000	cien mil	words	person	go maxixcatzin , y que xicotencatl cl mogo le queria mal ; y quando fupo , que maxixcatzin avia ofrecido a juan perez cien mil hombres , para que con los ochenta caltellanos , fuelen a focorrer 3 cortes , conlidcrando el ada , que le huviera dad
torquemada_v1	50000	cinquenta mil	words	person	an 5 juzgando tambien , quede efta guerra avia de relultar mucha granx deza a fu dominio, le ofrecieron aludarle con cinquenta mil soldados. fernando cortts , viendo que las colas le iban difponiendoa fu guiy to , y que no folo era julto , pero n
torquemada_v1	200000	docientos mil	words	other	ruz 5 pedia gente , y caballos , porque eltos eran el principal nervio de aquella guerra , y decia, que valia cada yno docientos mil maravedis. prometia de fujetar a la corona real de caftilla , aquel granditimo imperio mexicano , con poca aluda , que
torquemada_v1	30000	treinta mil	words	other	ed a geronimo de aguilar ,la lengua de quien fe avia lacado , y facaba grandilimo provecho. con elta relacion , y con treinta mil peios de oro de los quintos, y de [ervicio , delpacho 4 alonio de mendoga, y en elta conformidad e[crivieron al rel lo
torquemada_v1	1000	mil	words	other	al pus blicaban los mexicanos en todas partes. salio, pues, de tlaxcalla fernando corres, con fus caftellanos, y feis mil flecheros, entre ranto que acababan de juntar cinquenta mil tlaxcal315 tecas , que avia de llevar xicotencatl; a lo q
torquemada_v1	50000	cinquenta mil	words	other	lio, pues, de tlaxcalla fernando corres, con fus caftellanos, y feis mil flecheros, entre ranto que acababan de juntar cinquenta mil tlaxcal315 tecas , que avia de llevar xicotencatl; a lo qual le aiudaban alonio de ojeda, y juan marquez , los quales
torquemada_v1	150000	ciento y cinquenta mil	words	person	onde acudio ranta gente de las senorias de huexortzinco , y de cholulla , que fe tuvo por cierro , que eran en todos ciento y cinquenta mil soldados. | los de cacatepec, lugar amigo de tepeacac , que fabian , que cami= naba el exercito , falieron al camino
torquemada_v1	1000	mil	words	other	cena aquella noche , de pier nas , y bracos, porque fin los afado-= res de palo, que eran infinitos , luvo cinquenra mil ollas de carne humana. los caltellanos lo palaron mal tres dias , que alli fe detuvieron, porque avia falta de agua ,
torquemada_v1	20000	veinte mil	words	person	" , para que mejor, fugle reicrido, ""abono ll."" $517 acaecio que llegarona vna ciudad; dicha quaunquechulla, halta veinte mil hombres de guerra , embiados de el hermano de motecuhguma -, que le (ua cedio en cl imperio , con fin deimpe=: dir , "
torquemada_v1	100000	cien mil	words	person	"en infantes , y diez caballos: eh juntandofe con diego de ordas , y alonio de avila , fueron caminando , y con ellos cien mil indios amigos""; embio 2 decir al senor de quauhquechula, con -fus menlageros , que eltuvieie mui “advertido , en tene"
torquemada_v1	1000	mil	words	person	a nevada, que le: dice el volcan ; aj muchas huertas de fraras , porque toda es tierra mar fecrito peniio difico feis mil vecinos , y haciale va gran mercado , como en las demas ciudades grandes. supo fernando cortes, que en otra ciudad . d
torquemada_v1	8000	ocho mil	words	person	; acordo de ir 2 ellos con [us caltellanos *, y indios , que nunca le dexaron. hallo, que en la piaca eftaban haifta ocho mil hombres en orden 3 embiolos a hablar , y noqueriendo oir lu embaxada , «arremetio a ellos, pero luego (e pulieron en 
torquemada_v1	3000	tres mil	words	person	 por la otra la sierra: hacele en ella vn gran mercado 5 es tierra mui fertil , y en fu termino ai minas de oro; tiene tres mil vecinos. sabida elta vietoria , acudieron muchos lugares a dar obediencia a cora 165,con que la tierraie iba pacifican
torquemada_v1	2000	dos mil , y	words	other	nde los caftellanos tuvieron mucho que hacer , y al cabo fueron vencidos los naturales , y dados por efclavos mas de dos mil , y repartidos como los demas , de que las republicas amigas recibian gran contento, viendofe trians far de [us enemigos 
torquemada_v1	20000	veinte mil	words	other	 cortes elta perdida, por lo qual embio a diego de ordas; y 3 alonio de avila , con algunos pocos caballos , y haita veinte mil in= dios amigos , los quales caftigaron bict efte cafo , con muerte , y prifion de muchos ; y hallaron , que los culh
torquemada_v1	20000	y veinte mil	words	person	 en cinguenta villas , y lugares , con £us forralezas , y cafas fuertes , que eran de fu liga , tenia masde cien. to y veinte mil vecinos. en la seno+ ria de tlaxcalla , de puertos arribas adonde avia felenta senores de valfallos ,tenia mas de cien
torquemada_v1	120000	ciento y veinte mil	words	person	mil vecinos. en la seno+ ria de tlaxcalla , de puertos arribas adonde avia felenta senores de valfallos ,tenia mas de ciento y veinte mil vecinos, en la senoria de huexotzinco , cinquenta mil. en la seno= ria de chiolulla , quarenta mil. en la provincia de
torquemada_v1	50000	cinquenta mil	words	person	as adonde avia felenta senores de valfallos ,tenia mas de ciento y veinte mil vecinos, en la senoria de huexotzinco , cinquenta mil. en la seno= ria de chiolulla , quarenta mil. en la provincia de tepeacac, acatcinco, y, quecholla , ochenta mil. en
torquemada_v1	40000	quarenta mil	words	other	enia mas de ciento y veinte mil vecinos, en la senoria de huexotzinco , cinquenta mil. en la seno= ria de chiolulla , quarenta mil. en la provincia de tepeacac, acatcinco, y, quecholla , ochenta mil. en las ciux dades de quauhquechulla , jizocan, 
torquemada_v1	80000	ochenta mil	words	other	, cinquenta mil. en la seno= ria de chiolulla , quarenta mil. en la provincia de tepeacac, acatcinco, y, quecholla , ochenta mil. en las ciux dades de quauhquechulla , jizocan, con todo lo a ellas fujero , veinte mil, iin otros muchos pueblos , 
torquemada_v1	20000	veinte mil,	words	other	, acatcinco, y, quecholla , ochenta mil. en las ciux dades de quauhquechulla , jizocan, con todo lo a ellas fujero , veinte mil, iin otros muchos pueblos , y senoresy que feria prolixo el decirlos. cap. lxxx, que en mexico algaron por rei a qua
torquemada_v1	540	quinientos y quarenta	words	person	 de terciopelo fobre las armas, y vna cagaia en la mano, con gran admiracion de lcs indios. hallo quarenra caballos , quinientos y quarenta infantes, nueve pececuelas de artilleria bien chicas. higo quatro eflquadras de los caballos, y nueve companias de lo
torquemada_v1	1000	mil	words	other	ados de ricas plu. mas , llevabanlos quatro aifereces , y luego por hileras , de veinte en vein= te, palaron fefenta mil flecheros , ieny do de trecho en trecho yn eftandarte, con las armas de el capitan de cada compania. los eltandartes 
torquemada_v1	40000	quarenta mil, y	words	person	 todos con buena gracia , baxaban las cabecas, y difpa= raban lus arcos por alto. vinieron los rodeleros, que ferian quarenta mil, y luego diez mil piqueros. efta fue ja gente , que parecio , aunque ojeda en lus memoriales dice, que fueron ciento y ci
torquemada_v1	10000	diez mil	words	person	a , baxaban las cabecas, y difpa= raban lus arcos por alto. vinieron los rodeleros, que ferian quarenta mil, y luego diez mil piqueros. efta fue ja gente , que parecio , aunque ojeda en lus memoriales dice, que fueron ciento y cinquenta mil hom
torquemada_v1	150000	ciento y cinquenta mil	words	person	ta mil, y luego diez mil piqueros. efta fue ja gente , que parecio , aunque ojeda en lus memoriales dice, que fueron ciento y cinquenta mil hombres. y acabada la mueitra , que duro tres horas; xicotencatl , que era el general, def de lugar alto dixo: que fup
torquemada_v1	80000	ochenta mil,	words	other	alanes , con buena orden, con quatro capitanes generales, con fus muiicas militares, haciendo gran eltruendo. serian ochenta mil, porque los demas , parecio , que fe quedafen, hafla que fe llevafen los vergantir.es. lban alonto de ojeda , y juan m
torquemada_v1	1000	mil	words	person	orredores en vn pinar mui efpelo , con muchos pinos atravefados , recien cortados 5 adelan= tofe fernando cortes con mil indios, fueron con achas cortando , y delembaracando otro camino , en lo qual higo cuerdamente , porque los de cul: h
torquemada_v1	100000	cien mil	words	person	mbien def. cubrieron el exercito chiriltiano delde las cumbres de las sierras, y avifando con ahumadas , fe juntaron cien mil hombres, que tomaron vn puelto por donde ne. celariamente el exercito avia de paiar, y alli le aguardaron; y el terce
torquemada_v1	1000	mil	words	person	a , oro, y joias , que en lu tierra fe tomo a elta gente 3 don» de no, que haria , que por cada caftellano , muriefen mil de ellos. ref; pondieron , que quello fe higo por mans dado de el senor de mexico > y que los mexicanos fe llevaron e
torquemada_v1	4000	y quatro mil	words	other	 tido de los enemigos , y vilto , que movian , falio de la ciudad con docientos infantes , y diez y ocho caballos , y quatro mil tlaxcaltecas; fue por la orilla de la laguna a la cindad de litzrapalapa , de diez mil vecinos , que entonces mas de 
torquemada_v1	10000	diez mil	words	person	 y diez y ocho caballos , y quatro mil tlaxcaltecas; fue por la orilla de la laguna a la cindad de litzrapalapa , de diez mil vecinos , que entonces mas de la mitad de ella eltaba fundada en el agua, “cuio senor era cuitlahuac:, hermano 
torquemada_v1	5000	cinco mil	words	other	 los de ltztapalapan , fe retiraban al agua , donde muchos fe ahogaban , y otros te falvaban en las canoas. murieron cinco mil de ellos , pocos tlaxcaltecas , ningun caftellano , huvieron gran defpojo, y pulieron fuego los indios amigos a algu
torquemada_v1	12000	doce mil	words	person	rios, fe fueron mui contentos a lu tierra, dexados eltos en feguro , sandoval,iendo 4 chalco , topo en vn llano con doce mil mexicanos , que con mucha orden lc prelentaron bata. lla; duro dos horas , y fueron totos. sabida la vietoria: por lo
torquemada_v1	1000	mil	words	other	ugar don= de fe armaron los vergantines , y fe hecharon en ella , y todos quantos quieren la ven , porque elta en la mil ma ciudad , y comienga de fus vltimas calas. y afi dice elte padre, que no los armaron , iino que tomaron toda la made
torquemada_v1	180000	ciento y ochenta mil	words	person	bras formales, que yo tengoen fi memorial 3 pero lo dicho tengo por mas cierto , y averiguado ; y proligue , que con ciento y ochenta mil hombres de guerra , que dio la senoria , falieron mui en orden , haita el puecho, dicho hueyotlipa. » dela jurifdicci
torquemada_v1	100000	cien mil	words	person	a errado el numero; porque como ya hemos dicho , en otra parte , tlaxcalla no ponia , ni podia poner jamas arriba de cien mil hombres en campo , fegun lo dexoo eferiro el padre motolinia 5 y avian flido ya en efta ocafion muchos con cortes, y e
torquemada_v1	10000	dos ,ocho mil	words	person	e vieron tendidas las vanderas; los vnos , y los otros con mui grande alegria , comencaron a marchar: iban de dos en dos ,ocho mil hombres, que lleyaban la ligacon , y tlablacon de los vergantines. de vanguarda iban ocho caballos , y cien infantes 
torquemada_v1	10000	diez mil	words	person	os, y otros tantos de retaguardia, a los lados iban ayutecatl, y teurepil , principales senores de tlaxcala, con cada diez mil indios. chichimecarl , tambien senor tlaxcalteca , iba con otros diez mil de reraguardia ; los demas ,por no fer menel
torquemada_v1	10000	diez mil	words	person	, principales senores de tlaxcala, con cada diez mil indios. chichimecarl , tambien senor tlaxcalteca , iba con otros diez mil de reraguardia ; los demas ,por no fer menelter , fe bolvieron. comencando a entrar por tierra de culima, parecio , qu
torquemada_v1	8000	ocho mil	words	person	 y como era a media legua de la las guna, y en vn arroio de poca agua, hicieron, fegun lo eferivio martin lopez , ocho mil indios, la canja, que dexamos dicho, tan ancha , que copie, ron los vergantines , y de trecho en trecho , fueron haci
torquemada_v1	5000	cinco mil	words	other	rfeccion. eltando acabado, negocio que tanto defeaba fernando cortes , embio a la villa-rica, a alonio de ojeda,con cinco mil tlaxcaltecas, por dos piegas grandes de arulleria de flierro , que avia alli dexado vna nave de jamaica. llego a la vi
torquemada_v1	180000	ciento y ochenta mil	words	person	ago de clte fervicio, y de los demas, que avia hecho, y porque enreidia, y hablaba bien la lengua, le hico general de ciento y ochenta mil indios, que avia en el campo. tomo l, sr viendo fernando cortes, que e dios eltaban defabridos , porque no fe me
torquemada_v1	40000	quarenta mil	words	other	o fe meneadan las manos , con los mexicanos, lalio al campo con treinta caballos, y trecientos peones , y ojeda con quarenta mil tlaxcaltecas , dexando el exercito 2 cargo de sandoval ; y porque los de tetzcuco no avilafen a los mexicanos , fin d
torquemada_v1	1000	mil	words	person	nueitros terminos , como nofotros en los vueitros. los chriltianos no fon hombres , fino diofes , pues vno balta para mil de voforros ¿ y con citas injurtas le encendian tanto , que rabiolamente le delpedacaban. viaban los mexicanos de toda
torquemada_v1	3000	tres mil	words	other	los, y romadiles el oro, y dexadles la ropa5 no lo dixo 1 los sordos , porque luego lo hicieron , y, hailaron mas de tres mil pelos; y orro dia parecio , que fe avian ido diez mil tlaxcaltecas 5 el (iguiente 4313 le ilico otra cata , y ie fuer
torquemada_v1	10000	diez mil	words	other	o 1 los sordos , porque luego lo hicieron , y, hailaron mas de tres mil pelos; y orro dia parecio , que fe avian ido diez mil tlaxcaltecas 5 el (iguiente 4313 le ilico otra cata , y ie fueron otros tantos ¿3 y al tercero dia - falde la m onar
torquemada_v1	1000	mil	words	other	rcero dia - falde la m onarquia indiana, falto la tercia parte de ellos, que le prelumio llevar mas de cinqiaenta mil pelos , y mas de docientos mil ducados de ropa; y porque le iban, no les quiraron las joias de alli adelante , y a los
torquemada_v1	200000	docientos mil	words	other	 m onarquia indiana, falto la tercia parte de ellos, que le prelumio llevar mas de cinqiaenta mil pelos , y mas de docientos mil ducados de ropa; y porque le iban, no les quiraron las joias de alli adelante , y a los senores no le caraba , y all n
torquemada_v1	20000	veinte mil	words	other	menelter. salio a- cinco de april con tres 3yy2 eins , 4 536 al | cientos infantes ;.y treinta caballos, y “veinte mil tlaxcaltecas, y tetzcucanos; dexo por cabo de el exercitoa sando“val, y antes que llegale achalco, le le avian juntado
torquemada_v1	40000	quarenta mil	words	other	cas, y tetzcucanos; dexo por cabo de el exercitoa sando“val, y antes que llegale achalco, le le avian juntado a otros quarenta mil amigos. detuvole poco alli , porque “dixo , que queria dar vna buelta a la “laguna , y yendo caminando , fue avilado 
torquemada_v1	2000	dos mil	words	person	 de todos , y. que para eito le avia de cobrar a xuchimilco, para lo qual , con gran diligencia ,fe embarcaron en dos mil canoas , mas de doce mil hombres 3 por tierra eran fin cuento los que iban , lin leyantar vanderas, nitocar fus mulicas
torquemada_v1	12000	doce mil	words	person	a eito le avia de cobrar a xuchimilco, para lo qual , con gran diligencia ,fe embarcaron en dos mil canoas , mas de doce mil hombres 3 por tierra eran fin cuento los que iban , lin leyantar vanderas, nitocar fus mulicas , por no fer fentidos, 
torquemada_v1	500	quinientos	words	person	s , de las que en mexico romaron a los caftellanos ; braveaban , y gritaban : mexico , mexico. fernando corres mando a quinientos tlaxcalrecas , y veinte caballos , que rompicien poz los enemigos , y (e fina bicfen a vn cerro, que .eltaba cerca; y
torquemada_v1	12000	doce mil	words	person	la , y topoyanco , dexolos amigos , dixo , que que gente le pedrian dar , para la guerra y losde topoyanco ofrecieson doce mil hombres , y muchos mas los de cholulla. en tlaxcalla hablo a los senores de las quatro cabeceras , relpondieronle bien
torquemada_v1	4000	quatro mil	words	person	alia con la diligencia , que ojeda defeaba, con la que eftaba a punto , [e vino a dormir a huciotlipan , que ferian quatro mil hombres 5 y quando amanecio , la avian llegado treinta mil, y ala noche mas de (efenta mil , y el dia figuiente , cali
torquemada_v1	30000	treinta mil, y	words	person	ftaba a punto , [e vino a dormir a huciotlipan , que ferian quatro mil hombres 5 y quando amanecio , la avian llegado treinta mil, y ala noche mas de (efenta mil , y el dia figuiente , cali docientos mil, rodos contados por xiquipiles , que es nuiner
torquemada_v1	1000	mil , y	words	other	tlipan , que ferian quatro mil hombres 5 y quando amanecio , la avian llegado treinta mil, y ala noche mas de (efenta mil , y el dia figuiente , cali docientos mil, rodos contados por xiquipiles , que es nuinero de ocho mil , y no como dice he
torquemada_v1	200000	docientos mil,	words	other	ombres 5 y quando amanecio , la avian llegado treinta mil, y ala noche mas de (efenta mil , y el dia figuiente , cali docientos mil, rodos contados por xiquipiles , que es nuinero de ocho mil , y no como dice herrera , que fon el cacao ,u almendras c
torquemada_v1	8000	ocho mil , y	words	other	oche mas de (efenta mil , y el dia figuiente , cali docientos mil, rodos contados por xiquipiles , que es nuinero de ocho mil , y no como dice herrera , que fon el cacao ,u almendras con que tienen fu cuenta. de partio alonio de ojeda hueiotlip
torquemada_v1	30000	treinta mil	words	person	ta infantes, de efpadas, y rodex las, diez y ocho ballefteros , y efcope-= teros, dos piecas de arrilleria, y mas de treinta mil indios tlaxcaitecas , con orden , que aflentale elte campo en tacuba, a chriftoval de olid , trein< ta y tres caballo
torquemada_v1	30000	treinta mil	words	other	n< ta y tres caballos , diez y ocho baz llelteros, y elcopeteros , ciento y fez lenta peones: dos tiros, y cercaude treinta mil tlaxcalrecas , para que fe pulieie en coyohuacan: a gongalo de sandoval dio treinta y tres de a caba= llo , quatro el
torquemada_v1	1000	mil	words	person	infantes de eflpada, y rcdela , con toda ha gente de huexotzinco , cholulla , y chalco , que ferian mas de quarent2 mil hombres , y efltos avian de ir £ deftruir la ciudad de yrztapalapan , y, tomar aliento adonde mejor parcciez fe , jun
torquemada_v1	1000	mil	words	other	fe decian , chriltoval de olid, paso 4 coyohuacan : salio otro dia “con veinte caballos , algunas balleltas, y fiere mil tlaxcaltecas , a dar vna viita a la calgada , que cita entre mexico , y irztapalapan 5 hallo los enemigos mul apercibid
torquemada_v1	4000	y quatro mil	words	person	ondad , que no los delampararian ; y prevaleciendo elta opinion, le mando luego lacrificar -los quatro caftellanos , y quatro mil indios , fegun la comun opinion: y que hecha la oracion ,el demonio perfua: dio al rei , que notemieie , pues que * j
torquemada_v1	5000	cinco mil	words	other	daria. y meltrandole quauhrtemec mui alegre, mando fortificar muchas partes de la ciudad , algar las puentes , armar cinco mil canoas , y meter baltimentos : y en elto andaba , quando chriftoyal de l24 olidy olid lecombatia por fu quartel.
torquemada_v1	1000	mil	words	other	idos, lin que entre ellos quedafc cofa viva, li con ticmpo .no mudaban parecer. _ era xicotencarl capitan de felenta mil tlaxcaltecas, y tocole ir, con pedro de alvarado, sucedio ,que los cairellanos delcalabraron a vn caballero, dicho pilt
torquemada_v1	500	quinientas,	words	other	ron , que cortes entraba , por ella , y como eltaban apercibidos, con innumerables cahoas , ciertos senores elcogieron quinientas, bien armadas , y ie adelantaron a pelear con los vergantines 3 las demas iban figuiendo , con mui buena orden. rec
torquemada_v1	500	quinientas	words	other	 ; y yendole .los mexicanos acercando , daban grahdilima grita; ecian muchas injurias 3 pero a iiro de arcabuz , las quinientas canoas pararon , aguardando a las otras, que todas venian ¡mui en orden ¿ y empaveladas; eltando , pues » las dos flot
torquemada_v1	10000	diez mil	words	person	catzinco , cuitlahuac , y mizquic , que le avian rebelado, no le dielen por las efpaldas, dexo diez de a caballo , con diez mil indios amigos, que le guardaien'el pato, y ordeno a pedro de alvarado , que tambien, al miimo tiempo, acometiefen la c
torquemada_v1	80000	ochenta mil	words	person	ntaba , y los enemigos huieron 3 y fernando cortes; con fus caltellanos, € indios , paso el agua , que ferian mas de ochenta mil hombres , los quales cegaron con piedra, y tierra, aquella puente , en que diego hernandez , aler= rador , que firvio
torquemada_v1	1000	mil	words	person	uella puente , en que diego hernandez , aler= rador , que firvio en la fabrica de los vergantines , trabajo, mas que mil iny dios, porque era hombre diligente , y; de grandifimas fuercas; de tal manera; .que quando tiraba vna piedra , com
torquemada_v1	50000	cinquenta mil	words	person	as manos, por la merced , que a rodos hacia , y ofreciendo de [ervir con muchas veras; junto el execcito ; falio con cinquenta mil hombres ; fue mui valiente , y con los treinta mil, le fue a poner adonde eltaba cortes; los veinte mil repartio en jo
torquemada_v1	30000	treinta mil,	words	person	iendo de [ervir con muchas veras; junto el execcito ; falio con cinquenta mil hombres ; fue mui valiente , y con los treinta mil, le fue a poner adonde eltaba cortes; los veinte mil repartio en jos otros dos exerciros , y elte le bautigo defpues, y 
torquemada_v1	20000	veinte mil	words	other	falio con cinquenta mil hombres ; fue mui valiente , y con los treinta mil, le fue a poner adonde eltaba cortes; los veinte mil repartio en jos otros dos exerciros , y elte le bautigo defpues, y le hamo tambien don hernando. * ”d 0 libro qua
torquemada_v1	20000	veinte mil	words	person	, ciu0 dad de la laguna, quatro leguas de mexico , y de ciertos pueblos otomies , que es gente serrana , con mas de veinte mil hombres , y mucha vitualla.. pareciendo, pues ,a cortes , que los vergantines avian amedrentado tanto las canoas, 
torquemada_v1	10000	diez mil	words	person	quifo palar , halta que le cegalen los arroios¿para que los pafos eltuvielen ¡leguros en la retirada 5 y aunque mas de diez mil indios entendian enello , huvo que hacer halta hora de viiperas , y entre tanto los caltellanos , y' los otros indios ,
torquemada_v1	2000	dos mil	words	person	ados de la calgada ¿en mas trecho de quatro tiros de ballefta; eltancias , adonde cabian los caftellanos , con mas de dos mil indios de fervicio , porque los otros ¿ que eran cali docientos mil , le apoferitaban en coyohuacan ; legua y medirde
torquemada_v1	200000	docientos mil ,	words	person	 eltancias , adonde cabian los caftellanos , con mas de dos mil indios de fervicio , porque los otros ¿ que eran cali docientos mil , le apoferitaban en coyohuacan ; legua y medirdel cam po: llevaron tambien mantenimiena tos, que fue de mucha aiuda ; 
torquemada_v1	1500	mil y quinientas ,	words	other	 pafar dia, fin combatirlos 3 para clto mando, que quatro vergantines , con la mitad de jas canoas , que ferian como mil y quinientas , fuelen por la vna parte , y que los otros , con la otra mitad , fuelen por la otra parte , corriendo alrededor de la c
torquemada_v1	3000	tres mil	words	other	a. funtes caltellanos.' ld otro dia , por la manana , mando fernando cortes , que los otros vergantines guiafen las tres mil canoas, por las calgadas ; repartio la genre en tres tropas, porque avia tres calles, para ira la plaga, dicha tlarel
torquemada_v1	20000	y y veinte mil	words	person	 dicha tlarelulco., por la vna , mando , que entraien el ycforero alderere ) y el contador; con fefenta cafltellanos y y veinte mil indios, ocho caballos, y muchos gafa tadores , para allanar las puentes , cegar las acequias , y derribar las cafas. po
torquemada_v1	10000	diez mil	words	person	 derribar las cafas. por la otra , ordeno , que entrafen andics de tapia, y jorge de alvarado, con ochenta caftellanos, diez mil indios , y ocho de a caballo , y a la boca de efta calle, que era la de tacuba , avian de quedar diez piecas de artul
torquemada_v1	10000	diez mil	words	person	 fortajecerie en matlaizinco , que eltada tres leguas : cargaronleslos caltellanos , y los indios amigos , que ferian diez mil. efperaron los enemigos, halta poner en lalvo la gente menuda , en vn cerro, que tenian fortalecido , cerca de matla
torquemada_v1	4000	quatro mil	words	person	ntre tepcaquilia., y el quartel de sandoval, 01€ron gran ruido de gente, reconocieron, que baxaban de la sierra mas de quatro mil hombres , cargados de virna= la; y armas , y que mas de tres mil canoas los recibian. eltuvicron cfcondidos , aguard
torquemada_v1	3000	tres mil	words	person	te, reconocieron, que baxaban de la sierra mas de quatro mil hombres , cargados de virna= la; y armas , y que mas de tres mil canoas los recibian. eltuvicron cfcondidos , aguardando la muerte por 1inomentos , porque los que llevaban las cargas,
torquemada_v1	10000	diez mil	words	person	os , aguardando la muerte por 1inomentos , porque los que llevaban las cargas, y los que las recibian , eran mas de diez mil hombres , que como andaban embebidos en el socorro, no los hecharon de ver. fueronfe al quartel de sandoval ; hallaro
torquemada_v1	15000	quince mil	words	other	a culman, y el fegundo dia a hueyotiipan , el rercero entraron en 1laxcalla ; hallaron buen acogimiento 3 recogieron quince mil cargas de maiz, y mil cargas de gallinas , y trecientas de talajos de venados 3 llevaron los bienesde xicoten= catl , 
torquemada_v1	3000	tres mil	words	person	 igualdad de la julticia , con todos, y el mifino andres nunez , en otra refclega ,con fu vergantin, desbararo mas de tres mil indios , y fue gran pate, para que fe ganale la ciudad imas prefto. montano , alferez de pedro de alvarado, fubio con 
torquemada_v1	20000	veinte mil, y	words	person	ere de muchos indios, viendo cortes, que aunque aquel dia avia muerto muchos indios , que fegun afirmaban , fueron veinte mil, y avia entrado mui adentro de la ciudad, no fe acababa la guerra , por aver perdido algunos caftellanos , y indios, y c
torquemada_v1	150000	ciento y cinquenta mil	words	person	igo de otras. derribabanie cafas , y de clta mancra [ce iba con mas feguridad ; v como clte dia llevaba cors mas de ciento y cinquenta mil hombres , lin lus galtadores , y los verganrines avian hecho la (guerra , ia parecio principio de irfe acabando. c
torquemada_v1	1500	mil y quinientos	words	other	entras fe peleaba , antes de retirar(e, hallaron los caftellanos en vna sepulra alguna cantidad de oro, que feria como mil y quinientos pelos. ( porque nunca el caltellano en la guerra , dexa de ocuparicenalgo ) y ali rerirados los caltellanos , cierros 
torquemada_v1	800	ochocientas	words	person	e perdiefe punto en aprerar la guerra , mando al quarto de el alva embiar embofcadas , y, gente, que prendieron mas de ochocientas miferables mugeres , v ninos; que falian a buicar de comer, aunque algunos mataron , fin poderle eltorvar. los vergan
torquemada_v1	1000	mil	words	other	 y alsi acometicion luego. ordeno fernando cortes a pedro de alvarado, que embilticie por vn gran barrio , de mas de mil calas , y el a pie (porno aver jugar para los caballos ) fue por otra partespelcole con maior obitinacion, que nunca,
torquemada_v1	1000	mil ,	words	person	 pedro de alvarado gano todo aquel barrio ,y correeslos arrinconoo mucho, y fe juzgo , que efte dia paiaron de doce :mil , entre muertos , y prefos, en que viaron tanta crueldad los indios amigos ,quea nadie tomaban a vida, im que baltaien 
torquemada_v1	900	novecientos	words	other	. los caltellanos fe ocupaban mas en eltorvar la crueldad de fus confederados y que ch pelear; peropoco podian hacer novecientos con ciento y cinquenta mil , que eran los ins dios amigos, y de lu natural inclinacion, dados 2 crueldad 3 y alt le t
torquemada_v1	150000	ciento y cinquenta mil ,	words	other	 fe ocupaban mas en eltorvar la crueldad de fus confederados y que ch pelear; peropoco podian hacer novecientos con ciento y cinquenta mil , que eran los ins dios amigos, y de lu natural inclinacion, dados 2 crueldad 3 y alt le tiene por cierto, que murieron 
torquemada_v1	1000	mil	words	person	dios amigos, y de lu natural inclinacion, dados 2 crueldad 3 y alt le tiene por cierto, que murieron elle dia quatenta mil mexicanos 3 por lo qual , y porque ya el hedor de los cnerpos muertos no (e podia fufrir, acordo fernando cortes de re
torquemada_v1	30000	treinta mil,	words	other	to de sangre, de que 4 no erd amigo. quauhiemoc lo hico, 17 todos lo obedecieron en vn momen. to, que [erian mas de treinta mil, aun(que fegun era grande fu flaquega , poco lle podian aprovechar de las armas.man- . lo pregonar cortes las paces , y
torquemada_v1	1000	mil	words	other	los ver. gantines pararon quando vinieron a cercat a mexico, y luego el dia figuiente bolvieton los caftellanos a efte mil mo pueito de amaxac , donde el dia antes avia eltado cortes con los reies prelos , todos armados, aunque no de guerra
torquemada_v1	200000	docientos mil	words	other	 enlos quales huso, dela pues de muchos comeates , mas de lefenta batallas peligrolas. tuvo fer= nando cories en €l, docientos mil in< dios de las ciudades amigas, y com federadas , novecientos infantes caltes llanos, y ochenta caballos, diez y (¡e
torquemada_v1	900	novecientos	words	other	 batallas peligrolas. tuvo fer= nando cories en €l, docientos mil in< dios de las ciudades amigas, y com federadas , novecientos infantes caltes llanos, y ochenta caballos, diez y (¡ete piegas de arrilleria , de poco pefo, trece vergantires , y le
torquemada_v1	1000	mil	words	other	antes caltes llanos, y ochenta caballos, diez y (¡ete piegas de arrilleria , de poco pefo, trece vergantires , y leis mil canoas, murieron menos de cien caltellanos, algunos pocos caballos, y no muchos indios amigos, en refpetto de los mex
torquemada_v1	100000	cien mil, y	words	person	tellanos, algunos pocos caballos, y no muchos indios amigos, en refpetto de los mexicanos. de los mexicanos murieron cien mil, y algunos dicen , que mas, y entre ellos. mucha noblega, fin los que perecieron de hambre, y peftilencia, porque comian 
torquemada_v1	3000	tres mil	words	person	, y los indios faciles en obedecerles. y dice goimara , y antonio de herrera , que le figue en lo imitmo , que llevaba tres mil indios de lervicio , y carga. loba queuhtenoc afligido, con vesle prelo, y con guar» 2, y como tenia alientos , y pe
torquemada_v1	1000	mil	words	person	s [3 vieron la virgen , y santiago, y como era la mano de dios la que peleaba contra ellos , perleguia vn elpanol a mil indios , como fe dice de los que guerreaban contra los de iirael , y dos hacian huir a diez mil , porque vno de los n
torquemada_v1	10000	diez mil ,	words	other	 , perleguia vn elpanol a mil indios , como fe dice de los que guerreaban contra los de iirael , y dos hacian huir a diez mil , porque vno de los nueltros , valia por mil de los indivs , y dos hacian huir a diez mil , que quicre decir : que poco
torquemada_v1	1000	mil	words	other	e de los que guerreaban contra los de iirael , y dos hacian huir a diez mil , porque vno de los nueltros , valia por mil de los indivs , y dos hacian huir a diez mil , que quicre decir : que pocos, con clauxilio , y amparo de dios, valian
torquemada_v1	10000	diez mil ,	words	other	rael , y dos hacian huir a diez mil , porque vno de los nueltros , valia por mil de los indivs , y dos hacian huir a diez mil , que quicre decir : que pocos, con clauxilio , y amparo de dios, valian mas, que muchos de eltos, dexados de fus mano; 
torquemada_v1	1000	mil y	words	person	glos palados, pregunro : que es de la monarchia de los caldeos , quefue la primera del mun= do * hillamos aver durado mil y qui= nientos anos, deide el rei nino, hafz ta baithalar, en cuio tiempo fe acaboz, la de los perlas , que fue mui mai
torquemada_v1	500	quinientos	words	other	anos y que tan clara, y conocida ha fido , y de tantos -elcritores ceje rada , que permanecio en elta gloria clpicio de quinientos anos, y mil y ciento y felenta , delde fu fund. libro qs y gyrto recer a los mas excelentes varones, que f
torquemada_v1	1200	mil y docientos	words	other	omulo , para la euodacion de fal; ro- 3 . s e la ciudad, 28050 aver de durar (u lmpp 0r0ruin» . ; jn p- emi perio mil y docientos anos, atributendo a cada buytre trecientos anos 3 y aanque tengo por burla , y menrira dil. 2 cenfor. de elte
torquemada_v1	1000000	millon	words-millon	person	tas tierras, que poder era el de fera nando cortes para vencerlos, y del. truiclos , pnes para cada efpanol, avia vn millon de indios , y mil veces le vieron desbaratados , y pueltos en hi da de ellos ? por manera , que fue' obra de dios , p
torquemada_v1	100000	cien mil	words	other	rincipio de el mundo derribo al hombre de aquel en cumbrado eltado de la sabiduria , cos menco a defcaccer, y caer en cien mil ignorancias, y darde pechos, y ojos en celtas rres culpas referidas ( dexando de hablar de otras inmenfas , y (a cuen
torquemada_v1	1000	mil	words	other	ue fernando cortes era mucrto ( fegun avia venido por elte tiempo vna nueva falia de eito ) [e cobrailen de el, fefenta mil pefos de oro, que debia , y fe entralen todos los quatro oficiales reales en lus calas; elto miimo perfuadio tambien 
torquemada_v1	12000	doce mil	words	other	o, los embarcaron en vn navio , para caiftilla , y en el embiaron a juan de la pena, criado de gongajo de salacar, con doce mil pelos de oro , para el rei, muchas jotas , y ricos prefentes, para lus amigos; pero como iba por tan malos medios, y 
torquemada_v1	1000	mil	words	other	 vendian la hacienda de fernando cortes , como bienes de difunto , fueron advertidos de el teforero, que debia lefenta mil ducados, al rei, para que fe cobrafen 3; relpondieron, que avia muchos acreedores anteriores, y que apenas baltarian lo
torquemada_v1	20000	veinte mil	words	other	y peralmindez , que el rei no avia imenefter, que llevalen tanto oro de nueva-e(pana 3 que pues no le llevaban mas de veinte mil ducados de el reino de napoles ,les baltaban otros tantos , porque mas le cumplia tener aquella tierra coracones de hom
torquemada_v1	1000	mil	words	person	 en san francifco 3 y como le avian dado noticia de todo , ya fe avia apercibido , y puelto en orden ; tenia configo mil hombres efpanoles, y avia puelto en la boca de fu calle doce piecas de artilleria. jorge de alvarado , y los orros cap
torquemada_v1	500	quinientos	words	person	de fu calle doce piecas de artilleria. jorge de alvarado , y los orros capitanes , lacaron ii gente , que aun no eran quinientos hombres , pulieronlos en las elquinas de vna calie , que atravelaba , y eran alli convenientes. dixo andres de tapia
torquemada_v1	30000	treinta mil	words	person	xico , en vnas diferencias, que entre los dos tuvieron, acerca de las jurifdicciones , avia dicho el marques, que con treinta mil indios , y docientos caballos , le hez charia de la governacion de panucoy como higo a franciico de garay. . que les
torquemada_v1	400000	quatrocientas mil	words	person	 le confultalen , y por efto no fe remediaban jos danos de los indios ( aviendo muerto en menos de tres anos , mas de quatrocientas mil perfonas ) y que i1 no le remediaba , le acabarian rodos , y cue los oidores pedian indios , y fe los avian tomado, y
torquemada_v1	4000	quatro mil ,	words	other	 ella hacian ( mudando temple, yendo por la mar) le morian, y queifi nuno de guzman, que avia facado de panuco mas de quatro mil , continuaba ali, preito deftruiria la tierra : que avia entrado el audiencia a governar , dando, y quitando indios, que
torquemada_v1	62000	doce , veinte, y treinta mil	words	other	ba vn titulo en vn ano 3 pero que aquellos miniitros daban doce en vn mes, dando repartimien= tos , y provincias de a doce , veinte, y treinta mil vafallos 3 y que aunque lo avian advertido , nadafe remediaba,ni en todo, ni en parte, que pedian la eleccion de alc
torquemada_v1	2000	dos mil	words	other	ieron recaudo, ni dexaron ir a caltilla , ni bolvera la mar de el sur, fino que aviendole prendido , le condenaron en dos mil ducados, en oro, y joxas. que de cl recogimiento de tetzcuco , que initituioo el marques de el valle, adonde vna muge
torquemada_v1	1000	mil	words	other	lega. do atanto , que de sepulturas de indios, y porotras vias, defpues que llegarony -avian facado mas de lefenta mil ducados» no eran folos los ubifpos los que avifaban de eftas cofas , porque fueron otros muchos los que las efcrivi
torquemada_v1	1000	mil	words	other	corte , y avia ido de fer alcalde maior de caflilla del cro , en lugar dei lic. delgadillo. dieronfeles a feifcientos mil maravedis de salario , y ciento y cincuenta mil de aluda de cofta; porque mejor le pudiclun fultentar, (in tratos , ni
torquemada_v1	150000	y ciento y cincuenta mil	words	other	lcalde maior de caflilla del cro , en lugar dei lic. delgadillo. dieronfeles a feifcientos mil maravedis de salario , y ciento y cincuenta mil de aluda de cofta; porque mejor le pudiclun fultentar, (in tratos , ni grangerias. otras muchas cofas fe opulteron a 
torquemada_v1	1000	mil	words	person	miento erancifco vazquez coronado , narural de salamanca, hombre de calidad; y fueite , el qual llevo contigo mas de mil efpanoles , y cali toda gente granada , y de mucha eftimacion , como lo era (u perfona; y entre los fobrefalientes , qu
torquemada_v1	15000	quince mil, y	words	person	caca , falies ron los indios, mui de manana, y cer caron mas de circo leguas de monte, porque eran los indios mas de quince mil, y batiendo las manos, y los arcos, fueronfe recogiendo , y apinando mas, y antes de medio dia llegaron los cacadores a
torquemada_v1	200000	docientos mil	words	other	tenian , afi indios, libro quinto | la rebundieton 5; y lahecharonde si , y fe perdieron, fegun le dixo , mas de docientos mil pefos de valor, que cotria: en el de la moneda de cobre, hechando todos los quartos , que recibian,' por las colas , q
torquemada_v1	400	quatrocientos	words	other	a corregidor en aquella provincia 3 y defpuesde hecha la caufa, y pa= recierdo> aver fido embaidor, fue con« denado a quatrocientos acotes, y deltiecro perperuo de rodos eltos reinos, y el que avia (ido facado con honrra por las calles, y acompanado,
torquemada_v1	400	quatrocientos	words	other	 vna beftia de albarda por ellas, y acompanado con voz de pregonero, que declaraba fu delito , y le fueron dados los quatrocientos acotes, que el pregon decia, y diez anos de ga. leras. traxo vna muger , calada , mui hermofia de sevilla, y fingio l
torquemada_v1	1000	mil	words	person	cion, le libera tas ssi; -618 taron lus efclavos , que avian quedado, «que facron mas de ciento y cimenenta mil varones ( lim mugeres , y ninos) que fe ocupaban en la labor de las minas de oro, y plata , y en otros lervicios de el
torquemada_v1	10000	diez mil	words	other	e concerto el cafo-, y por ventura y el dinero lo allano rodoz y ali fue, que a los hijos de el difunto fe les dieron diez mil pelos , y se concluio con el deftierro , que [e higo de ella 4 elpana. el dicho bernardino de bocanegra fuetambien de
torquemada_v1	2000	dos mil	words	person	 y arellano. salio de elta ciudad dia de el glorioo apoitol san matias; le hallaron en el primer alarde que fe higo , dos mil hombres cattelianos, y mas de (cifcientos indios; pero no tuvo buen fin , por averte perdido toda. fue delpues tras ello
torquemada_v1	1000	mil	words	other	r tener vueitra mageltad en ella mui muchos leales vaiallos , entre los efpanioles , de todos efltados, que perdieran mil vidas, i1 meneiter fuera , por vuel«tro real servicio , puelto calo , que huvieie algunos traidores; quanto mas, que l
torquemada_v1	30000	treinta mil	words	other	fe alcar con el reino ; y haciendo (us informaciones lecreras de clia maldad , huvo teltigos que juraron , que tenia treinta mil howmbres pueftos en campo, contra la corona real. y fue el cafo , que luego que vino, como hombre curiolo ( que debia 
torquemada_v1	30000	treinta mil	words	person	alla de las antiguas , en que pintaron los pintores a fu gufto, como el campode la sala les dio cfu pacio, y lugar , treinta mil hombres combatientes , de donde tomaron motivo para decir, que los tenia contra el reino , equivocando la racon de lo 
torquemada_v1	100000	cien mil	words	other	cali ramera( que fue cleopatra , amiga del emperador marco antonio?) y de cltos cafcs, aj en las elcrituras antiguas cien mil; perolo que quiero notar cs ,que nadie debe fiar en fu fortuna , y feliz eltudo ,antes el hombre cuerdo debe vivir l
torquemada_v1	2000000	dos millones ,	words-millon	person	eva- efpana, y fueie romando rafon de elto por los pueblos , y barrios , y halloie, que avian iido los muertos masdz dos millones , que parece coia increible, que excedio elta mortandad a la paiada del ano de 1545. en doce veces cien mil perfonas. po
torquemada_v1	100000	cien mil	words	other	asdz dos millones , que parece coia increible, que excedio elta mortandad a la paiada del ano de 1545. en doce veces cien mil perfonas. porque en la peltilencia del ano de 1545. murieron ochocientas mil perfonas. de donde fe podra inferir ,la mul
torquemada_v1	800000	ochocientas mil	words	other	andad a la paiada del ano de 1545. en doce veces cien mil perfonas. porque en la peltilencia del ano de 1545. murieron ochocientas mil perfonas. de donde fe podra inferir ,la multitud de genre , que avia en la tierra antes de eftos ran grandes eltragos 
torquemada_v1	800	ochocientas	words	other	- cuco. a cierta periona de la audien= cia, le eupieron de repartimiento , y parte en «el tributo de aquella ciudad ochocientas gallinas , que decia rener necelidad para el galto de lu cafa sel qual efcrivio al alcalde maior, que era de aquella 
torquemada_v1	800	ochocientas	words	other	ara el galto de lu cafa sel qual efcrivio al alcalde maior, que era de aquella jurifdicion , que de tomo i 653 ochocientas gallinas que le avian cas bido de repartimiento , hiciefe con los indios , que las juntaien , y de ellas le embiafe d
torquemada_v1	150000	ciento y cinquenta mil	words	other	 nueva efpana, para traer empleados en encomienda de la china, y aviendofe cargado entre cinco, o [eis de ellos mas de ciento y cinquenta mil pelos de particulares , ya iban tarde , y le tiempo tibro quinto : rrabajoio sde vendabalesen la colla de llocos,
torquemada_v1	1000	mil	words	other	 le pidieron 4 pedro gongalez , que iba con nofotros , en' nombre de el governador de las filipi< nas , que anadicfe mil pelos al prelen= te, que llevaba al emperador, diciendo, el.prefente era mui poco; y viendo yo la inftancia , que hac
torquemada_v1	100000	cien mil	words	person	mpoco condelcender con fu peticion; llegado , pues, el hermano frai gongalo a la ciudad de nangoya( ciudad' de mas de cien mil vecinos ; donde el rei , y fus grandes eltaban al prefente;' por la guerra, que con los cotias tenia ) fuimos a caia d
torquemada_v1	100000	cien mil	words	person	d de meaco , que es la mas princi= pal , que el tiene , donde elta fu pala-= cio real , que lera la ciudad de mas de cien mil vecinos , y que la veriamos , y otras ciudades mui principales circunvecinas. eltiel meaco cien le, guas de la ciudad 
torquemada_v1	18000	diez y ocho mil	words	other	 gentiles , no comen (fegun dicen) carne , ni peicado , y andan gordos, como vnas nutrias 5 dicele aj en elta ciudad diez y ocho mil de ellos; dices fe quiere el emperador embiar diez y fiete mila la coria , para que aren, y, caben, y fultenten la ge
torquemada_v1	1000	mil	words	other	 lo quil alli les trato mui malde palabra, y aun dia cen , que arremetio a vna elpida , que eitaba alli, haciendoles mil juramentos; y con todo elo , aunque el vno firmo; eltos dos que no quilierori , mando luex gollevarlos prelos , y que
torquemada_v1	20000	veinte mil	words	other	 , y aceptofe el embire. loschinos principales , repartieron , que pagale cada vno cinco pelos 3 tecogie= ronie cali veinte mil peios , tegun le dice, aunque averiguando delpues cuentas, no fe hallaba avertido decatorce anil arriba. todoseitos so
torquemada_v1	800	ochocientos	words	other	o , y yn jun co (que es navio de portuguefes, a vio de la china) lerian por todas cien ve las , y de fetecientos , a ochocientos sol= dados elpanoles , mas de tres mil in dios , y haftatrecientos chinos , entre soldados. cap. xxxiil que profic
torquemada_v1	3000	tres mil	words	person	es, a vio de la china) lerian por todas cien ve las , y de fetecientos , a ochocientos sol= dados elpanoles , mas de tres mil in dios , y haftatrecientos chinos , entre soldados. cap. xxxiil que proficue la fornada del maluco , y de como ,
torquemada_v1	8000	ocho mil	words	person	 acuz diendo ala prevencion, por lo que puz dieie fuceder. * en la galera , que llevaron los cht= nos, fe llevaban ocho mil pelos de el rei , para pagas de soldados ¿dicele, que de el governador iban mas de rrelata, o porque llevaba voluntad
torquemada_v1	100000	cien mil	words	other	 arrilleria de mucho valor, mucha polvora, y muni ciones; dicefe, que valdria la galera, con lo que llevaba , mas de cien mil pez fos , a lo menos. serian los chinos, que [e algaron con ella como ciento y; cincuenta. mararon como cincuen+w ta
torquemada_v1	200000	docientos mil	words	person	al de fi. jecion, fino, que le prometia de no dexar piedra fobre piedra , en la ciudad, que na ie la deftrutele , con docientos mil hombres , toda gente belicofa , y que via de artilleria, y de muchas armas ofeniivas , y defeniivas. el gover. nador l
torquemada_v1	14000	catorce mil	words	other	fuimos en tiempo antigua bauticados , por el padre _ francilco xavier , de. de compania de jeius, cerca de trece, o catorce mil chriltianos, los quales eltas mos delamparados de religiofos doce anos iia , lin faber quien nos adminilire; y bautic
torquemada_v1	400	quatrocientos	words	other	 juntos nos embio a otras tierras , no cunfiandoie de nofotros ; de fuerte , que en la nueitra , no quedamos mas de quatrocientos 3 y teniendo noticia, que en elta ciudad de manila avia muchos erailes , acordamos , de comun confentimiento de todos, 
torquemada_v1	80000	ochenta mil	words	person	bolveria atras, por todos los averes , y riquegas del mundo. mm y | ufto, y fus companeros , que fue senor de masde ochenta mil hombres, natural de meaco , eltando delamparadoel, y toda i1 gente de doctrina, le dixo el emperador , que fe bolvieie
torquemada_v1	80000	ochenta mil,	words	other	 ha buelto atras , antes aora elta mejor chriltiano, aunque pobre; y €l, y todos los de (u tierra, que como digo fon ochenta mil, piden doetrina , con grande ahinco, y en particular frailes de san franciico, por contentarles fu modo, mas que de ot
torquemada_v1	8000	ocho, mil	words	person	vorezca con los frailes; y el ano de 1590. le mando el emperador, por yn faetor fuio , dar el fuffen: | | 567 tode ocho, mil hombres; por el trabas jo que ruvo , en aludarle a conquiitar muchas tierras , mas no para bolverle del todo fu eltad
torquemada_v1	400	quatrocientos,	words	other	n sa = ni «el q , n = a ea == > , e, mon oso tr os los es sets chriftianos de facas | tan , que lomos hai3 ta quatrocientos, (in nueftras mugeresy hijos , y criadosy los quales eftamos delamparados de e pa _ doetrina. y ali os pedimosa vos
torquemada_v1	400	quatrocientas	words	other	nte de limofnas , las quales les daremos de buena voluntad. ai en mis tierras ochenta y nueve pueblos de vilitas, de quatrocientas calas , y otras de [cif cientas cafas 3 no tengo quien me adminiltre mis vafallos , fino dos teatinos, vno sacerdote, y
torquemada_v1	10000	diez mil	words	other	 governador , y capitan general de aquella entrada; y mando el virrei, que para aviarie , fe le dieien de ja caxa real diez mil petos , los quatro vil dados de ajuda de cuflu, y los [eis mil preltados , y a treinta de septiembre le acabaron de ha
torquemada_v1	1000	mil	words	other	 que para aviarie , fe le dieien de ja caxa real diez mil petos , los quatro vil dados de ajuda de cuflu, y los [eis mil preltados , y a treinta de septiembre le acabaron de hacer las capitulaciones , para la jornada , y otorgo el vitrei to
torquemada_v1	400	quatrocientas	words	other	 en proa , o al levante, o al sur , que deide ela ciudad de mexico, a eite puelto donde eltamos , tenemos anda, das quatrocientas leguas, y le lia tral do ganado , y otras colas , con mu< cho trabajo, y dexarlo aora todo per= dido , parece cola mu
torquemada_v1	1000	mil	words	other	vina mageltad le firva, y guarde a v,. p. de elte convento de san gabriel de el nuevo mexico, a primero de octubre de mil fei(cientos y vn anos. menor hijo, y subdito de v. p. frai juan de el, calona. cap. xx xviii que profigue la relaci
torquemada_v1	1000	mil	words	person	 fino mui poca gente ,;con el: ordinario , que aora tiene , y el governador , por no dec3er de tu efltado, auda con mil embuftes , maranas, y fingimientos , y hechando a millares animas en el infierno , y haciendo colas, que no [on dignas
torquemada_v1	1000	mil	words	person	+” tocadas ya aquellas gentes de la mano de dios poderoia , comengaron a bauticarle , y tenian ya el ano palado de mil teifcientos y ocho anos, mas de ocho mil animas, y con elte contento, ali de los miniitros ecleftaiticos, como de lo s
torquemada_v1	8000	ocho mil	words	person	 mano de dios poderoia , comengaron a bauticarle , y tenian ya el ano palado de mil teifcientos y ocho anos, mas de ocho mil animas, y con elte contento, ali de los miniitros ecleftaiticos, como de lo secular , efcrivieron al virrei, y ala orde
torquemada_v1	500	quinientos	words	person	de la rociada palada avian perdido dos , o tres de los suios, meticronie en el monte, y a breve rato traxeron mas de quinientos companeros ¿ y porque les parecio , que toitro a roltro eran aventajadas armas las de los nueitros , viaron de cautela,
torquemada_v1	1000	mil	words	other	la tierra , a demarcar los : sitios donde avian de hacerle las juntas , y congregaciones de lus pueblos 5 y dioles a mil pefos de salario, y a lus oficiales , el que era baltante, a fu parecer , para hacer la dicha demarc acion , que conta
torquemada_v1	1000	mil	words	other	 a fu parecer , para hacer la dicha demarc acion , que contado todo lo que en ellos fe repartia , venian 4 fer otros mil pefos , que por todos , eran dos mil pelos ; y de eltos comifarios crio, y nombro ciento , que inultiplicados los sal
torquemada_v1	2000	dos mil	words	other	cha demarc acion , que contado todo lo que en ellos fe repartia , venian 4 fer otros mil pefos , que por todos , eran dos mil pelos ; y de eltos comifarios crio, y nombro ciento , que inultiplicados los salarios de dos, halta ciento , fon doci
torquemada_v1	200000	docientos mil	words	other	mil pelos ; y de eltos comifarios crio, y nombro ciento , que inultiplicados los salarios de dos, halta ciento , fon docientos mil pefos , los que de ante mano fe galtaron en elta comilion, para fola la vilta de los sitios, y puebios , donde avia def
torquemada_v1	1000	mil y	words	other	cificados los indios de la serrania de topia , que eniu nacion le llaman acaxces , le rebelaron por el ano pafado de mil y [feiicientos y vno, libro quinto y hicieron motin contra la jufticia; y elpanoles , necelirados , y compelidos
torquemada_v1	11000	once mil	words	other	a capitana no huviecle fabido , delde que [e aparto de ella , hafta que tornaron 2 encontrarie junto a la bala de las once mil virgines, ya efta dicho, y referido, aora lera racqon dar cuen ta , de lo que le fucedio a la almi= ranta , deide ent
torquemada_v1	1000	mil	words	other	ulco , y erirto en el, el dia de san benito abad, que fue a veinte y vno de el mes de marcy , deel dicho ano. de mil feiicientos y tres anos: cap. lviiil de lo que je bico en ejfte puerto de acapulco, y de lo que fucedio a la nao al. 
torquemada_v1	200000	docientos mil	words	other	a caxa, en eftas juntas , acomulandole, que pudieron hacerte 4 menos coitaz y aii fue condenado por ello , en mas de docientos mil pelos ; pero vino revocatoria de efpana , de cita fenrencia , y lo (intio mucho , porque le parecio fiempre , que el ca
torquemada_v1	200000	docientos mil	words	other	laico, fu an. tecelor : fuefe el conde al peru, y he= cha aca fu relidencia , fue fentenciado, y condenado en mas de docientos mil pelos , por averles parecido a los jue» ecs , que lo condenaron , avet fido mal gaftados en cofas fuperfiuas de las co
torquemada_v1	4800	quatro mil y ochocientos	words	other	l primero en ellas, era de mui buena racon, y entendimiento. aludo para la fabrica de celta iglelia de santiago , con quatro mil y ochocientos pefos , en nombre de lu mageltad, y de fu real caxa. vino cedula, en fu tiempo , en favor de los senores obiipos , en
torquemada_v1	1000	mil	words	other	 murio juan luis de ribera, teforero , que era de la cala de la moneda, el qual compro el oficio en ciento y fefenta mil pelos, mas de veinte anos antes de fu muerte, y dio mas delos cien mil , luego de contado 5 pero luego que murio, le v
torquemada_v1	100000	cien mil ,	words	other	neda, el qual compro el oficio en ciento y fefenta mil pelos, mas de veinte anos antes de fu muerte, y dio mas delos cien mil , luego de contado 5 pero luego que murio, le vendio otra vez por el rei ( cuio es ) y lo compro vn mercader , natural d
torquemada_v1	1000	mil	words	person	mpro vn mercader , natural de sevila, llamado diego matias de vera, en cabeca de vn hijo fuio, en docientos y felenta mil pelos , luego de contado : aunpr por no fer de edad el muchacho, lo irve vn yerno del dicho diego matas. es oficio, qu
torquemada_v1	125000	ciento y veinte y cinco mil	words	person	izcaino, mincro de las minas de san luis de potof1, hombres, entrambos, mui poderofos en hacienda, y la puficrort en ciento y veinte y cinco mil pelos, y fas lio con ella el dicho baltafar rodriguez, no porque en animo , nt dineros vencio 2 juan de cabala, f
torquemada_v1	80000	ochenta mil	words	other	io , y le dexo (falir con ella. vaco el oficio de pedro de campos, secretario de governacion, y fe vendio (u oficio en ochenta mil pefos , aviendole coftado a el antes fefenta mil. cap. lxih! relacion de el algamiento , que los chinos sangle, ia
torquemada_v1	1000	mil	words	other	 campos, secretario de governacion, y fe vendio (u oficio en ochenta mil pefos , aviendole coftado a el antes fefenta mil. cap. lxih! relacion de el algamiento , que los chinos sangle, ias hicieron en la ciudad de mamila , el ano de mil
torquemada_v1	30000	treinta mil	words	other	donde afiltian de ordinario , los anio con alguna traicion; y avia fabi= do ,que eftaban juntos en vna tropa, mas de treinta mil de los hortelanos , y ver= duleros , y que no fe avia atrevido a reconocerles,por no tener gente; y avien< do llegado
torquemada_v1	4000	quatro mil	words	other	 de marquina , en el pueblo de queapo, vn quarto de legua de la ciudad , a las quales avian pegado fuego vna tropa de quatro mil sanglcics, que: fe avian juntado, de los que vivian por alli al rededor, y avian muerto al dicho capitan marquina , y
torquemada_v1	20000	veinte mil	words	person	, que era de madera , y terras plenado , de alto de vn hombre , cor dos folos de agua limpia , y (itio acomodado para veinte mil hombres, conri calles hechas , mui artificiofas , el qual fuerte , avia mas de vn mes; que fe avia empecado a hacer ,
torquemada_v1	20000	veinte mil	words	other	" , mui artificiofas , el qual fuerte , avia mas de vn mes; que fe avia empecado a hacer , y tra bajaban en el mas de veinte mil sanpleies , y avia fido con tanto filencio , que nunca le (fintio 3 la caufa fue :,""ei fer “tierra poco viada de ef pa"
torquemada_v1	10000	diez mil	words	person	ella de pantanos : y aii fe fue tecogiendo la gen: te , y fue de manera , que el' sabado a medio dia tenia el enemigo diez mil sanglcies en campo. ette dia los sans glcies chriftianos , de tondo , y :mihondo, le algaron ; y viendo efto don luis 
torquemada_v1	1500	mil y quinientos ,	words	other	 (e juntalen todos , para confeguir efto. muchos huvo , que fe ahunaron con ellos, y en cl parian fe quedaron hafta. mil y quinientos , los mas mercaderes, y oficiales de todos oficios , los quales, debaxo de cautela, querian citarala mira, para que ti 
torquemada_v1	400	quatrocientos	words	other	io del parian cl governador , y audiencia. | efta mifma manana avian (alido de la ciudad , con orden del governador , quatrocientos japones, y algunos elpanoles, y el padre frai juan pobre , lego de san francifco , deicalco , con ellos, por aver fid
torquemada_v1	500	quinientos, y	words	person	fido aqui mui buen soldado, y fer amado de los japones; y dieron de fobrefalto lobre los enemigos , matandole mas de quinientos, y tomandoles todo el baitimento , que tenian en lu fuerte , que fue el puelto donde los japones acomctieron a los sanglci
torquemada_v1	52000	cincuenta y dos mil , y	words	other	 demas que con ellos fe juntaron , vinieron marchando acia elta ciudad , en tres ¡tropas , que ienian por todos masde cincuenta y dos mil , y fe juntaron todos en el pueblo de lilao , que efta novecientos pafos de la muralla, y poco-menos de lu parian; y luego 
torquemada_v1	900	novecientos	words	other	tres ¡tropas , que ienian por todos masde cincuenta y dos mil , y fe juntaron todos en el pueblo de lilao , que efta novecientos pafos de la muralla, y poco-menos de lu parian; y luego (e apoderaron de vna iglefia de piedra- mui fuerte, que es de l
torquemada_v1	1000	mil	words	person	exa , no cabian de pies, y rodo era confuiion , y llanro. en efte tiempo eltaba la ciudad cercada de cincuenta y feis mil sangle1cs. repartiole roda la gente de la ciudad por las murallas, y por la parte del parian, donde la muralla eftaba m
torquemada_v1	1000000	millon	words-millon	other	rales , que fe avian quedado en el parian; y (i (e quemaria ,0 faquearia , por tenerfe por cierto aver en el,mas de vn millon de hacienda. el saco no tuvo lugar, por e(tar el parian cerca de el real de el enemigo 3 y porque los sangleies neutrale
torquemada_v1	1000	mil	words	other	traido los bultos de los santos de las iglefias 3 y no iban mui fuera de camino , porque ya que no eran ellos , eran mil santos religiofos , que para efta ocalion avian renunciado los habitos, lin refervarie ninguno, animando a rudos, con 
torquemada_v1	400	quatrocientos	words	person	 entre lasocho , y, lasnueve de el dia , falieron de los mu. ros a fuera , ciento y cincuenta efpanoles arcabuceros , quatrocientos japos nes, y algunos indios naturales , y por cabo de todos ellos ,el sargento maior juan juarez gallinato'5 y acomet
torquemada_v1	1000	mil	words	person	e venian en ella, y de los que por lo baxo aiudaban a tirarla. en elte interin entraron de focorw ro en la ciudad , mil indios pampangos, arcabuceros , y piqueros; y faliendo a pelear con los enemigos ,con algu= nos efpanoles , que los c
torquemada_v1	1000	mil	words	other	s; y faliendo a pelear con los enemigos ,con algu= nos efpanoles , que los capitaneaban; y animaban , nararon mas de mil sangleies , y pegaron fuego a lo que avia quedado , por quemar de el parian, en el qual avia cola de trecientos sangle
torquemada_v1	5500	cinco mil y quinientos	words	person	n los reen= cuentros,que fe tuvieron efte dia , cou el enemigo», murieron (eis efpanoles, y quatro japones, y mas de cinco mil y quinientos sangleies. q delde el dia” que fe alco elta mas la canalla , fe empecaron a ir matany do ,a rodos quantossangleies l
torquemada_v1	20000	veinte mil ,	words	other	ue parecio, porque pidieron el agua de el santo bautino) no le fabe, que elten otros en camino de lalvacion, demas de veinte mil , que avia infieles. viitos por el governador los sangleies , que morian , mando , por caulas, que ecan juitas, que no f
torquemada_v1	400	quatrocientos , y	words	other	a ningun sanglei , de los que [e vinie» en 3 lx ciudad ; y ai fe higo : y publicado elte mandato , le vinieran mas de quatrocientos , y i1 fueran diez mil, fueran mui bien recibidos, por [er necelarios para las obras de efta ciudad, y todos condenaban a 
torquemada_v1	10000	diez mil,	words	other	e [e vinie» en 3 lx ciudad ; y ai fe higo : y publicado elte mandato , le vinieran mas de quatrocientos , y i1 fueran diez mil, fueran mui bien recibidos, por [er necelarios para las obras de efta ciudad, y todos condenaban a el dicho sanglei chu
torquemada_v1	2000	dos mil	words	person	gos; los ciento y cincuenta , arcabuceros, y mo(lqueteros, y los demas, de lanca, y paves, arcos, y flechas, y otros dos mil indios de los alrededores de manila , y trecientos negrillos , que le vinteron a ofrecer de paz, para lervic en elta 
torquemada_v1	5500	cinco mil y quinientos, y	words	other	 defendido aquel dia con gran animo; y el dia figuiente les torno 4 acomes ter el sargento maior , y les mato mas de cinco mil y quinientos, y todos los demas huieron, y otro dia mararon otros trecientos , que [e hallaron efcon. didos,por las matas , y cacaral
torquemada_v1	3500	tres mil y quinientos	words	other	, comenco a marchar a otro paeblo ,que llaman vatangas , acia la cofta de la mar, donde fe avia recogido vna tropa de tres mil y quinientos sangleies, haciendo navios pas ra irie a lus tierras 5 y aviendo mars chado cinco dias, dieron vilta a el ene migo , 
torquemada_v1	1500	mil y quinientos ,	words	other	rras 5 y aviendo mars chado cinco dias, dieron vilta a el ene migo , y otro dia (iguiente la batallas en que mataron mil y quinientos , los damas [e fueron huiendo mui mal heridos 3 no fueron en iitu alcance los el; panoles, por eftar caniados de [eis ho
torquemada_v1	2000	dos mil	words	person	oles, por eftar caniados de [eis ho. ras de batalla: fue vn indio principal, llamado don ventura de mendoca, con los dos mil indios pampangos; y den“tro-de pocos dias , los confumieron , y, acabaron 4 todos, con elte buen suceilo , y vietoas 
torquemada_v1	2000	y dos mil ,	words	other	nes, que entre ellos huvo , de que refulto matarie muchos vnos con otros; y ha fido de manera , que de mas de yeinte y dos mil , que avia en eltas islas, no han quedado quiniebtos. a los quince de octubre, fe comenco el fofo , y trabajaron en cl 
torquemada_v1	500	quinientos	words	person	ue avia en eltas islas, no han quedado quiniebtos. a los quince de octubre, fe comenco el fofo , y trabajaron en cl quinientos hombres , fin los que andaban en el fuerte nuevo, y retirada, y en la muralla. tiene el fofo veinte pies de ancho, y d
torquemada_v1	22150	veinte y dos mil ciento y cinquenta	words	other	s janras en vna cajueia, hallo, que fe po= dian juntar en manila, para el dia de san andres , patron de eltas islas, veinte y dos mil ciento y cinquenta sangleies. y ali renia acordado , que aquel dia fuefe el levantamiento en elta ciudad, y en las demas partes de eltrs
torquemada_v1	1000	mil	words	other	os, que le han viito,en entrambos mares. y el diadesanto tome apoftol , veinlibre quinto te y vno de diciembre; de mil feife cientos y cinco anos , deipues de ayer ganado enel monalterio de san frans cilco de el puerto, vn particular ju
torquemada_v1	1000	mil	words	other	ble, y (in puerto , figuieron fu viage ), la buelta del: oefte , hallandofe en -elte parage de la cofta de el peru, ¡mil leguas jui= tas, y en altura de veinte y cinco gta. dos. p.. a la, > 739 aii , pues , iavegaron dos dias, d
torquemada_v1	1000	mil	words	other	lo dexa de eltar cl agua, tanta, y tan ctecida, en la dicha parte, como eltabaantes, que [e huciefe, y aun elte ano'de mil feiicientos y nueve, ha hegado-a: fubir tanto «como la calgada, y quando hacia aire, levantaba olas, que banaban la c
torquemada_v1	1000	mil	words	other	 el miimo reino, por mandado de el capitan lagano lamifaigo , caltellano de vn fuerte, que alli clta, el ano palado de mil feiicientos y ocho, a diez y [iete 2 noviembre , cuia hiftoria es la oue le iigue. governando el pueblo de firafa, y
torquemada_v1	1000	mil	words	other	o prefente 4 o quo or. los vltimos de agofto del miimo ano ,en que padecio el savto martir leon , que fue el de mil feifcientos y de | ocho, huro en ery gen, reino de japan vna grave ps , baltante a ¿citruse la chriftiandad,, :que.c
torquemada_v1	1000	mil	words	other	y les dixeron , que no tuvielen pena, ni temor de que ellos avian de rerroceder, que: diipueftos eftaban para padecer mil mucires, con eftas alegres nuevas, le les enfancho el forafon ,que tenian encogido , y dieren al senor gracias, por ta
torquemada_v1	1000	mil	words	person	 fondo. 18 bale d. marvrs ¿lu sitio. 15. 2. baxta de los primeros. 20. 1. buiia del kio. 17.1. basi delas ornse mil virgines, 708, 2, lus indios acuden ¿3 los efjaneles con guito y y 1egu005 708 1. comeician pules, vom ellos. 7208 2.
torquemada_v1	2000	y dos mil	words	person	los iralianos era exccliva. 49. $u. barberos. peces, 704. t. 698. 2. barrientos , previene en chiriantla lancas , y dos mil indios contra narvarz 450. 2. orden para que fe juntate a cortes. 482. 2. llega a en-pontla con las picas. 48s. dee 
torquemada_v1	1000	mil	words	other	de san sebaltian. 715. 7 cabo de la florida. 17. l, cabo frio. 18. 2. cabo de s lucas. 697.1, cabo de las grice mil virgines. 18. 54 cabovwerdc. 13.3. + cabras cn megatlan, 697. 1, cabras mentefes. 335.» lo * caja de animales,co
torquemada_v1	1000	mil	words	other	a. 329. 3. cerros, isla de 30 leguas, lus irdios no quieren natar con les efpana= es. 705 cervantes habla a narvarz mil de copo bos q | cererpal trata con los demas mixrera de rebelarfe d moreeubiuma, 207; ?.combida, y vilte alos mexica
torquemada_v1	2000	dos mil	words	other	n cortes, 4982. 2.dexa en ella tres soldados, y los recoge narvaez 475.1. embia corres a hacer lancas a ella para dos mil isdios. 480. 2. y las entrega , y los irdios armados , llegan a cempoalla. 482,1 lus indios lloran la partida de barr
torquemada_v1	1000	mil	words	person	ichimecas. 262. 1, fu sitio 45. 2. y vecindad. 28. 1. $22. 2. flus edificios , templos , y sacrifictos de mas defeis mil ninos cada ano. 282. 1. iu trato , y frutos. 281. 2. in govierno , y hermofura. 282.tres berrios ode decian 2 moreceh
torquemada_v1	1000	mil	words	other	 coyorc , paeblo , como iervia al palg«cio de tetzemco? 167.1. ' * cejohuacas * ciudad. 215. 1.287, 1. 43.1. de teis mil cafas. 450. 1.fu provincia confina con chalco. $29. 2. teme de la eleccion de lezcobwad. 152.1. lu senor lobcrvio , y 
torquemada_v1	10000	diez mil	words	person	os higados de vu cadawer. 507. 2. delmaian en la batalla de ormmpa. $09. !. y anima= dos vencen a los ing+or, y matan diez mil. 509.3. delcanlan. 510» s. y reparten conlos tlaxcalsecas el pelpojo. 509,2, 410. a. debates obre farfe de ellos. 
torquemada_v1	1000	mil, y	words	other	a la faliedad de los tl«xcalrecas.410.1 es acometido de ellos. 420. 2. proponeles paz, finfruto. 421.1. vence rreinta mil, y quedan heridos algunos efpanoles. 421. lo buelve :4 pedir paio 3 tlaxcalla, 421.1 quema circo fueblos, y que declara
torquemada_v1	100000	cien mil	words	person	 2 pareceres, le acogen tros izstios 2 el. 435. 2.caula que hagan paz tlaxcalla , y huexotzinco, y falo a mexito con cien mil hombres, 7. 1.delpide algunos tlaxca'terzs 13. 2 en cholulla delconfia de los vecivos. 4538. 1. fabe fu traicion, y f
torquemada_v1	50000	y cinquenta mil	words	person	 contra ellos , y cferive al kei premio 4 aguitar. $13» to bale de tlaxcala contra tep:aca , y fele juntan cieno to y cinquenta mil indios. $15. 2» derrora vya es.bofcad«, y torua a mhcaiziaes > y tepesca y 1 parte el delpoje. $16. 1. como caltigo l
torquemada_v1	100000	cien mil	words	person	y20,1.embia lecurro a q:auhquecholla $17. 2. cxamina os capitanes huexotzimcas : si galals » y va 4 quauhquecholla con cien mil indios.5$18.1. deriotaa los mexicamos , y labe delos prifiuncros el ef tado de la ciugad. 18.2 gana a lizucan , y loqu
torquemada_v1	1000	mil	words	other	bro maiores haganas que el. 3644 m , * don fernando pimentel, senor de tetz= enco jurado 519. 2. cambia cin» cuenta mil /n410s de focorro 1 cera 105.54 8.1 buelve d locorserle.s5 pa 1. v. lxrlilxachisl. . fernando ¿e lerma , gallego , ca
torquemada_v1	100000	cien mil	words	person	26 1. fale con los demas a rec bird cortes. 434 ruega por la libertad de los de ciolmila a£t. 1. gitece a juas perez cien mil hombres , para que focorti a cerses, $130 1. alojafe corres en lu cala yendo legunda vez a mexi0 a92.l. va a verlea hus
torquemada_v1	100000	e, cien mil	words	other	otrexa 310,ch »himecas,xeiotl.57e 1. duda al res ae tlacupan. 144» u “e. momo ada den 31pob de mas de infdtc e, cien mil ve inos. 6,8. z, dada por i2icu/ar4 con uos , o teskeimos 2 10 ubrino 65y. 1. el qual cumbida 2 los eonilesdo san frsn
torquemada_v1	1000	mil	words	other	ron d, €1.83.2 milelas siete corebis.7 do lo rio grande que dicen palaron ca la primer pobla cion. 25.2 as ha ye des mil anos. hiotivos de dfiraparar (1 bi<rra, 73.1 algunos elcrivon la origon.71+ 2. logan al dior lugar, yfeles apareca
torquemada_v1	1000	mil	words	other	"1. admirados de ves los efroneles, advicrteles cerses no le an men a lc: c. vellos »+ ""sj que? 44.8 t. falon querro mil de lu contoda recibira corres » y uy. modo. e yyverencia aed. 1 :osde tf 2 de panuco piden el tribero ¿107 :raras y ve"
torquemada_v1	3000	y tres mil	words	other	obleca, calidades , y vittorias. 500. 2. lu poder.y grandeca. 412. 2. tenia 30. valalios de a svo1)valallos cada vno, y tres mil $efares de pueblos. 23 1. 1. mui luje= tos. 231.2 les principales eftaban en lu corte 206.2. cada dia emtaban feiicien
torquemada_v1	20000	veinte mil	words	person	le previene al afalro, 733. 1 €mbia gente 4 efcaramacear.732.2 diordendeque maten los chimos.734. 2. y muertos mas de veinte mil la revoca sy ajuiticia al goverzador. ar da cuenta en la china del caftigo, 737 dperalmindez chirinos, veedor de n
torquemada_v1	1000	mil	words	person	s en porfuadir el delcubrimiento de la tierra anfiral.738.1. fale del colas , y con que naos, y gente? 738. 2. navega mil leguas, y halla via isla in gente. 739. 1. ve otras istas , y no puede romar tierra pot vna granlerapeffal,7 39. 2
torquemada_v1	2000000	dos millones	words-millon	other	! * pefie * grande en mizquibuatas. 278. 2. en toda nieva- efpana: 615. 1.642. 1 duro cafi ano y medio, y muricron dos millones de ladies. 633. 1. lenales que la pretedierot1. 643. ¿.enladel ano de 1545. murieron 3001). e 6430 l. doraces, arca
torquemada_v1	120000	ciento y veinte mil	words	other	 rica. 46. 1. vivio xolotl en lu ficio 46.1. fuerte en agua. 470. 1. y al poniente de fu laguna falada. 304» 1- tenia ciento y veinte mil cafas. 304. 1. 1as que mexico. $27. 2. ocupaba tr s leguas 304.5. refugianie ala ribera de fui laguna los tultecas. 37
torquemada_v1	120000	ciento y veinte mil	words	person	s. 626.2. ny tlaxcalla. * s tierra de pan.276. 13 provincia principal de nueva- efpana. 275. 1. iu cindad de mas de ciento y veinte mil vecinos. $22. 2. lus valles , y pueblos, 252. 12 terminos y ayres y frutos. 276. 1. y frutai todo el 4no, 9. 2. mantuv
torquemada_v1	20000	veinte mil	words	person	mo recibio la embajada de mexico? 513. 1. fue fiempre amiga de cortes. 341.2. pu= blica la paz: 432: 2. focorre con veinte mil indios a cortes contra cholula. 441. 4. y fualegria al ver los delpojos de la vie?oria. 441. 1. y repartirlos igualme
torquemada_v1	180000	ciento , y ochenta mil	words	person	 farcin, 524. 1. relponde a corres por fus indios , que confirman con fenas lo que la senoria ofrece. 526. 1. embia ciento , y ochenta mil hombres a terzcuco con los vergantines. 53 1.2. $33. 1. y mas gente para el sirio de mexico con ojeda. 539.1. con-su 
torquemada_v1	1000	mil	words	person	, 414. 1. y otros hacen lo mimo. 419. 2.retiranie de los e/pioles; 419.1.quedando algunos muertos, 420. 2. 2cometen mil a certes.220. 2. no dejan el combate proponiendoles paz. 421. 1. dan de palos a vno , por qire la ofrecio. 421.2. vn 
torquemada_v1	1000	mil	words	other	g14i 2: dan muerte a niuchos tepaniecas. y cenan de ellos. 512. 2. palanh muel= tra como los ejpanoles 525. ochenita mil falen con corres al sitio de mexico , y lo que decian los que quedaron.5 26. ¿.desbaratados por los mexicanos, los lb
torquemada_v1	800	ochocientos	words	person	meca ; decian los indios no tenia padre, y que de tres anos era la hombre; 280. te toma el senorio de los totonacas ochocientos ano; delpues que le fundo. 280. 2. fujeta a cagollan, 280. 1. mudavale en varias figujas. 280. 2. profetiga la venida 
torquemada_v1	8000	ocho mil	words	person	 xippey que es? 267.2. arqni en fapon. fus chriftianos piden frayles 4 yrxy gongalo de gracia. dotl * xiguipili, ocho mil hombres. 453. mn de y xiquipilec.287. 1. poblada de otomie;, futeta poc axayacatl, que lleva 11 y cautin 181.2.
torquemada_v1	5000	5 mil	digit-mil	other	e guifaban la eomida. de otro chile mas pequeno, y mui picante ( que llaman chiltecpin ) docientas y quarenta fanegas 5 mil y feiicientos panes de sal , que fon de el tamano , de vna ogaca de pan de caftilla. chia, erilol , y otras m
torquemada_v1	12228	12.228	digit-group	other	"res fundamentos las verdades; y ii o a efte es delito , no efta menos incluido en el, el padre betancur : pues je a o 12.228"" dice: (24) hellevado por norte el confejo de cafiodoro , quemas fe ba de plinivs tunior, epiha 5 lib.a, ajufiar el hi"
torquemada_v1	1146	1.146	digit-group	other	atl, lec itrzcohuatl.f.143.c.2.1.:27.taegocomoc,lee tecocomoc.1.37.maxcla,leemaxtla.f. 145.c.1.1,32.1scores,lce senores 1.146 c.1 1.14.fuele, lee fuele por.f. 114£.c.2.1.22. defventura, lee ventura.f.149.c.1 1.29, laldrizn, lee (aidri2.f.153.c.
torquemada_v1	4105	4.105	digit-group	other	arlos.f.647.c.1.1.45.0diofo,ler odiofos.c.2.1.40.fadinron,lec falicron.f.653.c.1 1.2.hiciofe,lee hiciefen.£.554.-c. 1.1.4.105,ice enlos.f.6s 5-c.2.1.24.porque,lee porque le.£.856.c.1.1.¿9.borray £ 6fo c.2. 1.5 5.roguemzo domnes ominum,lee rogue
torquemada_v1	1743	1,743	digit-group	other	.2.1,16 padecia, lee parecia. f,731.c.1.1.34.2vian, lee avia.f.732. c.2.1.60. todo cl exeicito de los sangleies borra. 1,743. c.2.1.14.abralando, ice abragando.f.74 6. c.1.1.29.com,lce como. f.749-c.2.l. 25-gondol!ila,leegondolilla.l, 54 .orro
torquemada_v1	21105	21.105	digit-group	other	ice abragando.f.74 6. c.1.1.29.com,lce como. f.749-c.2.l. 25-gondol!ila,leegondolilla.l, 54 .orro,lee otro.f.758.c.2.1.21.105,lee que los. f.764.c.2.1.29.fe,lce e. en las margenes £.26.1.1.fuccit,lze tuccius.£.36.c. 1.l.3.mai,lce nat f.207.c.1.
torquemada_v1	3111	3.111	digit-group	other	 en las margenes £.26.1.1.fuccit,lze tuccius.£.36.c. 1.l.3.mai,lce nat f.207.c.1.1.3.salenis,lee selonis. £.243.0.2.1. 3.111. 1ce libf.249.0.2.1.5.pfafa,lez profa.£.371.c.1.1.2.wef,lee verf.£.508.c.2 1.8.t0/odo,ice to ado.f.578.c.1.1.3.[ndie,l
torquemada_v1	1167	1.167	digit-group	other	 que tenia el rei negabualcoyotl de tetzcico, y del concierto de lus andiencias , y republica : que es mucho de notar, 1.167. cap. liv. de ja muerte del rei de afexico motecubcuima ilhaicamina 5 y de lo que dexo ordenado , acerca de la elecci
torquemada_v1	1232	01.232	digit-group	other	p:ono/ficos , que huvo en ella nueva efpanas , antes de (u conquiita, que fueron anuncios de [u fin; y acabamiento. 01.232; cap. aci. de como por la mifericordia de dios fe lupo mas de cierto, en ella nueva. ejpaivs, la ventaa de los e/pan
torquemada_v1	1656	01.656	digit-group	other	mbaxada , que le havia embiado , con la qual fue el santo martir fr. pedro bartiffa , de la orden de san francifco. (01.656, cap. xxx. donde fe hace relacion de vna carta, que el santo martir er. pedro bana | .tiftayelcriyio a laciudad dem
torquemada_v1	673	0.673	digit-group	other	z blarlas nueltros e/panoles , de que fue por general don fun de onate, fol.6724 * carra relacion de eftos sucelas, (0.673: cap. xxx viii. que proligue la relacion , y jornada de las provincias de el nuevo mexico, fol.6754 ' cap. xxxix, q
torquemada_v1	1715	01.715	digit-group	other	 , y “de como fe deipacho a la almiranta de .avilo a la nueva-e/pana, y de la (alida de el, para el cavo mendocino. (01.715. cap. lv. en que le trata de lo que le lucedio a la capitana, y fragata y delde que iajieron del puerto de azonte-rel,
torquemada_v1	1767	01,767	digit-group	other	£ndizs. muerte del dicho «4+rcobi/po , y venida del marques de guadalcacar, por decimorercio virrei de elta tierra. (01,767. * l0s los autores, que se cit en, elte primer “lomo. a s. auguitin. s, aranalio. s. alberto magn
torquemada_v1	117221	117.221	digit-group	other	 bunc y declaran. delos quales, es vno lyra, lecun. y, ad rom. 2dio. cir, dial aug. e de civit. apar. 7 117.221.208 tra fast. er) 29.1. perr.cajg. sap. e 26 y dice : que decir el profera , tesin en numero los hijos de vracl
torquemada_v1	40155	40.155	digit-group	person	as hiojas 3 pero como al fin, los advenedicos , venian armados , y en orden, desbarataron 4 los gigantes , y hirte= 40.155. ron encilos, fin dejar hombre a vida. >. de la el padre acolta, dice: que ¿e al cos , que hi mai. hicieron c
torquemada_v1	4073	4.073	digit-group	other	que cilos por fus prodis gios , y lemales , tenian creido, que los ayian ecclef, 3. de la monarquia indiana. 4.073 amados; porque como dixo ovidio: no 7,:y y: fe compadecen amor , y mageltad. de , pepa eltos era el rei morecuhcgu
torquemada_v1	4623	4.623	digit-group	other	igira el a qualquier senor de los de lu corte, que le arrevicra contra cogres. orro dia de la monarquia indiana. 4.623 dia , que eflto acontecio , mudando(e la guarda, le fueron tres soldados lin aguardar , que entrafen , los que avi
torquemada_v1	2262	2.262	digit-group	other	ralas heridas, 426. 2, acequias , *0 zanjas y, en mexico. 29y. 2. achacoubuirlan. provincia , quien la pobld? 259 2.262. 1. achcanliticleo teopixqui . nombre del sicerdote maior de camaxtle, 206.2. acheaubzia [cede en el reino de log
torquemada_v1	2106	2.106	digit-group	person	"dre al rei de terzeneo. ¡ae 'acoimaliiacarl > primogenito del rei de mexico. 103..2. muerto pot lu tio maxrlz, 105. 2.106. le ""acomaiazia 3340 lo afores. 298.1. lacropoli, 1 le llamo arbenas? 244. 1» 'aguechetzin le fenala contra los tea"
torquemada_v1	2137	2,137	digit-group	other	omoc , acordandole fu origen. 115. 116, rindenle a negabralcoyos!. 143. rebelaufe. 138.1. y embillen ecareper. 136. 2,137. 1. prenden a mosecuhguza, 4 indice, y le meten en vna jaula en terz3 cuco. 130. dan gracias , 4 xolotl, por
torquemada_v1	2619	2.619	digit-group	other	4.1. 717.1. alarico , godo , faquea a roma so lo alvabaca. 75% 2: albarradas en la laguna , obra infg. _nc. 158.2.619. 1. no baltan contra las innuadaciones, y le componen. 758. 1. albino perdona por toco 4 jfervs, 6 de 4n39 233 20 e
torquemada_v1	2105	2.105	digit-group	other	" da mucitc2aalernos 558.1 iclieitcon core. ¿ vmexi60o. 60. 2, c5 cnmcu“mendedo en cholulia , y tru.ca ""conar ie. 613. 2.105 herederos intentan revoraral trucque, inutil“mente. 614 1. toma homenaje a salatar. [o bre ko»rigo acmbaz. 549! 2 e "
torquemada_v1	1320	1,320	digit-group	other	nas. polla, 19. 2.20 l. 5allenas, est3, por que fe llamo alsi? goa2.! ev'linas en california 717. 1 * bijamo 218.1,320. 2. y bealtafar e resdodabilonia. 577.2, detpejado $83. 1.en vn banqueter 95.2 pierde el reino, y la pudo 73 1. b
torquemada_v1	357115	357.115	digit-group	other	on zrarcifco hernandiz de coraara. 351. 2.conocicle el antor ue uguatemala. 551 2. autoridad. y verdad de lu hiflorid. 357.115 comendado lu credircsi51. 1.) eva vnos imsios da cortes 392 bervard no bocanegra, l1 ji0 muerte ¿ cm. mw. ho nic 
torquemada_v1	611612	611,612	digit-group	other	s. 18. 54 cabovwerdc. 13.3. + cabras cn megatlan, 697. 1, cabras mentefes. 335.» lo * caja de animales,conojeo. 611,612, en el nucvo mexico. 680. e. y fuszo en honduras. 335. 1. satsrno la enfeno alos lralsanos. $0. 1. propri« ocupacion
torquemada_v1	1686	1.686	digit-group	other	da, 684. um o. 2. 69s. 2:fi rl > 4. 1.9145.2 de fresas, de frstsabdz. 2. 656.2 y arboles a propolito paa navios 684. 1.686.2% con sa linas duenas. 686. 2. 648.2. mul _ povlada 634.2. jornada que le hico 3 ella por fernan cortos. 62. 1 qu
torquemada_v1	2433	2.433	digit-group	other	s. sala. 194. t.-105- 1. «grande de comunidad. 396. 2, o apolento 127,2 calpallelpar , pusblo de terzecuto, 133. 2.433» 2. camino de mexico, 110 va cories pur el.4gq2.2 (us imdios din muerte enel ¿gs efranoles, y algunos tlaxcalrecas y
torquemada_v1	645647	645.647	digit-group	person	crar antes de . jasbarallos 164. t. capirnles de las reales cedulas , fobre , patrorato real , y govierno. es4. 645.647 6:51. v.cedulas. carorecas y lu provincia. 311.2, de que es cabeca tecuarteper. 313,10 carabso ,anirral. 660, 1, 
torquemada_v1	2647	2.647	digit-group	other	ierno de los keligiofos. 644. y lu relpuelta por la orden de s, eraz-eifco. 6452 mandale celar en fu « practica. 646. 2.647. lo buelta a notificar, es apelada. $51. 2. otra, para que munez falga de mexico. -637+» 1. para que los cleri gos p
torquemada_v1	1419	1.419	digit-group	other	us vecinos fe palana xalapa 397: 2e cempoales * le hacen amigos de cor163.341 2. inftanles entrar en u/axcalla. 433+ 1.419. 1. quaatro van por embaxadores de cortes u ofrecerlapaz.414 1. fon prefos 416, 1. fu valoren ta batalla de tlaxcalle
torquemada_v1	1709	1.709	digit-group	other	 corres, 442. 2. ouos leliguen. 443. 2. cempobmarecarl , cerro, junto a cem3 polmalla. 47. 2. . compas. isla. 707. 1.709. 1. cenit. rio. 18. 1, cenferas del vicario de manila, en caga la profana turban la quietud prblica 655.1. cont
torquemada_v1	14162	14.162	digit-group	other	 chalco , provincia co::finante de cojebuaian 529 2.v40 a ella los teochichimecas. »6l. 1. m los reciben los de cho!u! 14.162. 2. lus princi pales vilican 4 corses , y buelven contentos. 529.2 dalcs fucosro, $30.21 535. 1- folos pelean con jo
torquemada_v1	1634	1.634	digit-group	other	 mezclanfe con los tultecas en cholulla. 56.1 quemaban los difaros. 60.1. us catigues le albosoran vnos cora otios, 61.1.634 2.66. 1.dexan perder el majz, 67. 1 y como bolvieron a reltablecer lu liembra? 67.2 ajudan la rebelion del senor ¿e 
torquemada_v1	2259	2,259	digit-group	other	adivina el auge de los mexicados. 37 ze c.bimaico. p:zeblo , llegan 4 el los mexicanes. so. 2. ciimallimacas. y 143.2,259.1. 2002. psiblo de chalcas. 163. a. como fcriia al palacio de tetzcnco, 167 crimalman , vuo de los primeros minif
torquemada_v1	1120	1.120	digit-group	other	 tepocomoesli, y porque? +08. 1. lamale maxrla.118 2.afiiitele en las honras de lu padre , y lebuelve a mexico, 319. 1.120, 1. aconioja la muetre de aaxila, y como? 120 2. y no va a vi combite, que le hico.111. 2. dilimusa fus injurjas. 12
torquemada_v1	2202	2.202	digit-group	person	 * cholulrecas. 19. 1. fon grandes plad teros de vaciado. 255.2. mas mer= caderes , que lapidarics, y soldados. 25$.2.202.1. 2iudan a cucrlax < tlan contra mexico. 161. 2. donde fueron recibidos con fn 7deto, cor muchos aplaulos, y vencid
torquemada_v1	645102	645.102	digit-group	other	"1. 2. donde fueron recibidos con fn 7deto, cor muchos aplaulos, y vencidos.162.. 2. confederados de los hesxozima ""645.102. 1, vencidos de ellos fe retrahen a lu ciudad. 209.1. vene gados por las mexicazos. 211. lo. hacen paz con lostlaxca"
torquemada_v1	2587	2.587	digit-group	other	. 1. elegido capiranpor ceries. 364. 1. catafle con vna hija de morermbja > ma 452.2.maefede campo de costes. 5538. 2.587. 1. encargado de €u hor brescontra narus:z. di y de la artilleria. ¿8s. 1. te quiere a 300 d+ norvaez, y 130 (e r
torquemada_v1	2520	2.520	digit-group	other	 la resaguardia col. talida de afra ico. 02. 1. va alegur r el canino de la vera cimz , y lo que lo fucedio. $19. 2.520. 1. fienta iu camps en coychuscan | ym que gent.! $40. 2. burlabante de €l los me xecadis, y como [> venga vi cria
torquemada_v1	1336	1.336	digit-group	other	"arzin, la valor contra los enmeri» gl. 217 e c:pocael, hijo de moterubeuma, muttcopa ara, s ¡00 cipreferiao2. 1.6. 1.336. 1.en las mi nrubas di x ""lo. 300, y. *ciexn ¿fin : la avia cnorr dos 15 di0s. 24. 1.2/.2. cn va prowcir de nihey "
torquemada_v1	2717	2.717	digit-group	other	s de : er quebrar los idolos. 368 2 fu adwwiracionenla mifo: y cuidado que tenian del 4tar.368. 1. k ceiornice..6)8.2.717.1. codro, rei de a lbhenaes , macre por [ilvariu puebi0. 129. 1. cobuacihua:l. es. amuger calebra. 81. us e cob
torquemada_v1	263121	263.121	digit-group	person	, it, , collao, tierra riquilima. 2 colmenares en cogmel. 352. 1. colopecios!i, capi an de los hulmecas. muerto, 263.121 colorlan * pueblo de tlaxcalsccas , y ch chimecas. 669. 2. colsna de enezo , quando apayecio en mexico, 211. 2. v
torquemada_v1	671	0.671	digit-group	other	. 1. govecrno sere anos 72%. 2.2ntra en nueraefpina par prrrel, dd i-1 viaje haita siculimor. 670. 2. notado de reia 0.671 1. pido religiojo” erancsfeos ,dlta que vajan con den fun de onsteal nuevo mexico. 67 ll. 2» embialz fecrro. 6751078.
torquemada_v1	2632	2.632	digit-group	other	ara que no fe ] proliza3. $8 y 2. corjuracion: li fus talio tefimonio, la que fe imputo a den martix coro 157 629.2.632.2.636. 634. cosezcorozne. $. venid a“ mis cejas, 349. l. qormoli, 1delo , quema vn raio fu temple. 207, 1. ficfta
torquemada_v1	2636	2.636	digit-group	other	e no fe ] proliza3. $8 y 2. corjuracion: li fus talio tefimonio, la que fe imputo a den martix coro 157 629.2.632.2.636. 634. cosezcorozne. $. venid a“ mis cejas, 349. l. qormoli, 1delo , quema vn raio fu temple. 207, 1. ficftasa lu 
torquemada_v1	1287	1.287	digit-group	other	teochichimecas. 263. 2, coyorc , paeblo , como iervia al palg«cio de tetzemco? 167.1. ' * cejohuacas * ciudad. 215. 1.287, 1. 43.1. de teis mil cafas. 450. 1.fu provincia confina con chalco. $29. 2. teme de la eleccion de lezcobwad. 152.1
torquemada_v1	2207	2.207	digit-group	other	1. 44 4 mexico a locorrerla inundada.1 58. 2. confederale con el vn hermano de ceserparl, yendole a hacer guserra,195.2.207+ 1. y fu vitoria de los mixtecas. 207. 1. (us proecas contra los de quanhquecholla. 211. 1. yi con lorecmhcuma con
torquemada_v1	1528	1.528	digit-group	other	quecialla.5:17.2. fortalece a mexico , y premia alos que daban muerte a efpanoles. $24. 1. y la luia de virmelas. $24.1.528.1. cuwislalpisoc , cscigme , llamoole ovandillo, atudaa delemmbarcar 4 corges, con lus indsos. 387. 1. y va a verle,
torquemada_v1	2194	2.194	digit-group	other	diligencias que higo para eftotvar el viaje. 363.2. fus apalionados inftan a cortes, que le buelva , y no pueble. 193. 2.194. 2. cs nombrado adelantado de la nueva-e/pana. 405.1. manda feguir a montejo, y portocarrero , iin efecto. 407. 1. 
torquemada_v1	80582	80.582	digit-group	person	. 505.t. pro= disios que cbro en fus heridas. $58 2. porque dilaro la entrega de mexico. 577.1» y la entrego. 57y. $80.582.583. y diofes * creieron los indios fer los ejpanoles. 389. 2. los de ballenas no fearreven ¿tocarlos. 702. 1. di
torquemada_v1	2196	2.196	digit-group	other	 refiere le de pobla: cion de lu nacion. 45.1. * eclipfe de sol en tiempo de 4xayscatl. 181.2. de morecuheuma. 210. 2.196. 1. anode 1539. €n ejpana, queno le vio en mexico. 13.1. total, eaufa horrof d los plebeyos, 768.1. precede ala muert
torquemada_v1	1229	1.229	digit-group	other	os indios. 35. 1. * examorados , creen eltar dormidos los demas. 348. 1. enanos en el palaciode motesuhpumas 298. 1.229, 2» * embaxadas.lolo la daban losiadios 4 los rejes, 378. 2» * embaxadores , rociabanlos con san< gre los mexican
torquemada_v1	2657	2.657	digit-group	other	e los mexicanos al recibirlos, ( eran de caios graves. 385. los del fapor no vilitan antes de darla em+ baxada. 656. 2.657. 2. 659 24 mno folicita frailes de san francifco para fu tierra. 666. 2. y fofpechan los de manilafer efpia. 661.1.r
torquemada_v1	2351	2.351	digit-group	other	en chanpotos, y algunos muertos, 347. 1.cabian a cada vno 100p. odios en nueva e/fpana. 404. 2. fu dclco de ors. 350.2.351.1. fe ven en tabafco en gran aprieto. 375. 1. rienfe de que los iadios tenian por dios a cortes.3 83.1. admiran de l
torquemada_v1	2410	2.410	digit-group	other	176. j. dexan a cerseos la parte de delpojo que les tocaba. 405. 1. alborotanfe quando hecho a pique los navios. 409. 2.410. 1. frios que palaron en el viaje a mexico. 412. 1. atemericante de morccubguma. 411.2 413.1. burlanie de lus hechic
torquemada_v1	423424	423.424	digit-group	other	e lus hechiceros, 419. 1. peligro en que fe vieron cun los tlaxcaltecas , y vidtoria de ellos. 421.2. fin morir alguno 423.424 435. defendidos con los ichcabuipiles. 423 ..quieren bolverie a cuba. 438. 2. y por que? 427.1 lu alegria de la buelt
torquemada_v1	1503	1.503	digit-group	other	ertes en vna torre. 100. entreganfe, y lon facrificados.503. 2 dos el capan elcondidos en vn cerego , y y maizal.504 1.503.2.lu trittoga, $05.1.encaminile d tlaxcala. 5 06. 1]. vno es condenado a horca, pora que comio los higados de vu cad
torquemada_v1	553555	553.555	digit-group	other	vergan= rizes.530.2.lu hambre en elsitio de mexico, 549.3. prelos porlos afexicanos , algunos lon sacrificados, 552. 553.555.2.acuden a focorrera corses, con la yoz de que era prifionero. 555.1. lu riefgo enlos vitimos abances de mexico. $60.
torquemada_v1	5341	5.341	digit-group	other	 por vn hurto , y derrita los idolos en copemel 267. 2. y otras partes. 341. 2. crige vna cruz, y hace decir mi/a.368.5.341. 2. aibricias, que dio por la llegada de geronime. de agailar. 369. 1. viltele, y cembia a delcanfar.309 2. (ale de c
torquemada_v1	2495	2.495	digit-group	person	lralos, y como los hizo tus amigos. 195. 2. manda publicar licercia, para que le vaian a cuba los que quilicien. 394 2.495.2, confederafe con los de toronarapan, 148. 2. y lus indios le reciben cy cempsalla. 278. 1. ofrecele a fef capirar
torquemada_v1	1410	1.410	digit-group	other	 viajea mix.eo 408. 2. dilimul ndo fu dificultad , y faca la jarcia de los vavros 409. 1.mandalo: hechar a pique 341. 1.410. y foficga la mormuracion de los seldado,. 309 2. alabale fu accion. 410. 1.tratale cn publico le forma da de mexico
torquemada_v1	2429	2.429	digit-group	person	co. 418. 1. fiente vna refpuelta de aalonfode grado. 427. 2. habla 4 lus soldados, que querian bolverfe* acuva. 428, 2.429. 4. fofiegalos, y detiene a los embaxadores de mopecur puma, 430. e. purgado , vence ora batalla 4 los tlaxcarecas. 4
torquemada_v1	2275	2.275	digit-group	person	t?.43 3. y como fue recibido, v alojado en tlaxralla? 424. 1. qnien la senoreaba quando entro? 271.1. 273. 2 274 2.275.1.avi[24 fltalanse (us vietorias. 434.1. ofrecenle trecientas mugeres y y no lasadmite, 434» 2. informale de la tierr
torquemada_v1	2451	2.451	digit-group	other	honra.451. 1 quando entro en alenico. 451. l. fe apofenio con toda fugent: en el palacio 258. 1.de axayatarl, 1096, 2.451.2 va motecubeuma a verle. 452 2. procura haga paz con tlax+ calla. 353. 2. declarale quien fon los que vienen coo cl
torquemada_v1	2481	2.481	digit-group	other	.479.2.difimuia com aorecubsaroa , iobre la lurgada de narvaez. 473. 2. orevisnefe contra el,y habla a los suios.480.2.481. 1. dexa por lu teniente en mexico 4d alvarado, y lo que le encargo 4831. 2.fale de mexico, acompanado de morecabnm
torquemada_v1	1507	1.507	digit-group	person	ron de los mexccamos. $04. t. lu triitega , y d: los sutos en acneco $05. 2 tomacl camino de tiaxcalla, y como ? 506 1.507. 1. openerfo)e jos mexicanos , y habla a los suios $58. 2. fi valor, y diigercia enel trance: pediada quel. dieron c
torquemada_v1	2519	2.519	digit-group	other	je. $16. 1. como caltigo la traicion intentada por los («psacasl 516.2. embia capiranes a pacificar la tierra. 5$16.2.519. 1. funda a segura de la fronter2, yi tet- donde? y20,1.embia lecurro a q:auhquecholla $17. 2. cxamina os capitanes hu
torquemada_v1	2102	2.102	digit-group	person	de que le 2¿iudo a talir vn tsdio 537.1.to01a4d x= chimlco , y pelea tres dias con los mexicanos en las calgadas.537.2.102 c04 ya conoce parages para fitiar a mexis co y y pucotos que anilvo rgulumao los imdios. 538.1. pala mucfra e
torquemada_v1	2540	2.540	digit-group	person	 publicar las o:deurigas 3 79.1.€mbia por gcnte dtlurecn' ls, e habla a lu excrciro, lebre el sitio, por chaleo.5 39. 2.540. 1. reparte lu gente.540.23. reprehende a olid, y sandoval lu comperencia.541.1 embira tlaxcalia por xicontencatl. 54
torquemada_v1	2588	2.588	digit-group	other	da licencia de que pueblen a mex eolos que quifieren.573. 2. va a las hibueras contra olid, que eftaba alcgado. 574. 2.588. 1. y trabajos del viaje. 333- 2. ¿quien dexo el govier= no? 588. 1.da licencia a salagar , y peralmindez y que le bu
torquemada_v1	2575	2.575	digit-group	person	1. fabz la eonjuracion de los reies de mexico ) teszenco , y tlacupa. 575. 1. hacelos cauta , y les manda aborcar.184.2.575.2 cn otros cinco indios. 576. 1. corr€e voz de lu mueste en mexico, y la esfuerga salacar. 591. 1. y le hace fus ex
torquemada_v1	2595	2.595	digit-group	other	endidos, $y2.2.fus parle: tes refugiados, y kuidos.; 93. delpacha 4 mcarco con poderes para fran. i/co de cafas. 5$94.2.595. 1. buelve a mexico , y esbicn recibido. 597.1. empiega la fabrica de la 1gleffa mador. 607. 1. mandado denerrar de m
torquemada_v1	2600	2.600	digit-group	other	 para elta empreia?341. 1. diiculpado de los excelos que le imputan. 3.42. 1 ina juitas quejas que de el tenian 6y9. 2.600. 1. higo algunas colas contra lu grado. 342. 2. cartas que elcrivioa carios y 342.1.0104la iglefia mas chriftianos , 
torquemada_v1	1343	1.343	digit-group	other	anos , que la quito letero. 340. 2. vananente quiio diliminuir iufaa,nuno de guzmzz. 338 2. comparado a mvif:s.34 . 1.343. y 4 divid. 348 1, lu temor ded.os 472. 2. lu eniavo en las grandes emprefas. 392. 2.lu practicacn la guerra. $40. 1.
torquemada_v1	1577	1.577	digit-group	other	firrei de nueva e, puna. 669. filofofa , fundamento de la medicina, 31d. * fiz de las menaraaias primeras. 578. 1.577.2.cloicholo hace dicholos. 50. 1. 578 1. por quele ticnen todas lascolas? 37. 3, fingo , keino dol fajom. 765, 2. fir
torquemada_v1	2105	2,105	digit-group	other	 760, e de e firardo y puerto dc) fafon , megan a el los fraile» erancifcos , que iban por eonbnamdores, 65 7. 2,105 chriflizros de —_— de 2] piden predicadores a fr. gomfalo de gracia. 667.2 * flechas difparadas del te:mplo de c
torquemada_v1	1603	1,603	digit-group	other	m-chalo herido con via fizcha herbolada, 751. 1. fra:.cifco maid sdo , vido: de mexico, $9yrk. doo4 1. fquelc, 60v+ 1,603. » 10 eraucifto maldonado , capitan 5 prelos y multado 660. 1. francifco de medina lacrificado por los indios 
torquemada_v1	2334	2.334	digit-group	other	 qutgn el nrevo mexico, 679. 1.10 in d-ic e, dana 4 los que fe acoltumbran a el. sl ln * frifoles. 100 5. 231. 2.334.2.331. 2.679. 1. nacen vn 4no lin iembrarlos. 159. 1» frauratogo el ano debaxo de la linea. 9.1. como brebas, mui o
torquemada_v1	2331	2.331	digit-group	other	 el nrevo mexico, 679. 1.10 in d-ic e, dana 4 los que fe acoltumbran a el. sl ln * frifoles. 100 5. 231. 2.334.2.331. 2.679. 1. nacen vn 4no lin iembrarlos. 159. 1» frauratogo el ano debaxo de la linea. 9.1. como brebas, mui ojoroil
torquemada_v1	2679	2.679	digit-group	other	o mexico, 679. 1.10 in d-ic e, dana 4 los que fe acoltumbran a el. sl ln * frifoles. 100 5. 231. 2.334.2.331. 2.679. 1. nacen vn 4no lin iembrarlos. 159. 1» frauratogo el ano debaxo de la linea. 9.1. como brebas, mui ojoroila. 751.
torquemada_v1	1717	1.717	digit-group	person	"ara que ? 607.1. furio camilo , por que entrinuvo fus soldados en el sitio de falijeo. 463.1. g abioras.449.1.717.1. g san gabriel. * pueblo fundado "" por den juan de onate. 672.2. gafa, ciudad , lus delitos , y caltigo. 8l.2."
torquemada_v1	1653	1,653	digit-group	person	437.2. y licencia a morecmhguma , para hacer vna capilla, 454- 2-lale dy mexico. $03. 2. f,, geronimo de garate. 36. 1,653.12. gran lengua, y minntrod. indios, 27y. 2. co npana alos tlaxcalreess, que iban a poblar cor los chschimeas. 6 9. 1
torquemada_v1	2103	2.103	digit-group	other	pata governar” 34. 2. los de nueva-ejpana, y pers. 35. gueria ue hicieron 2 los nariwales , y la fin abralados, 35. 2.103 de tluxcalla, y como niuricron? 56. 2.huefos que vio el 4xt0r.34. 2 en lu figura fe aparece el demonio, y acaba con mu
torquemada_v1	2591	2.591	digit-group	other	4 vn alcalde ordinario , que le - opulo. 530. 1. injurias que higo a los que hallo en cata de 4tonfo de efirada 590 2.591. 1. y teltimonios que jevanto 4 francijco de can fas,y gil gongalez de avila. $91. 1a estuerca la voz falia de la mue
torquemada_v1	543549	543.549	digit-group	other	a. 545. 2 herido en un pie,va a ocupar puefio para acordorar a mexico. $46. 1. y cntra en el haciondo gran deftiogo. 543.549 1- gana ajjgunos puentes conpoco trabajo. 550. llega peleando haita cerca del mercado.$ $ 2. 2. con que orden ¿s i4» 
torquemada_v1	1608	1.608	digit-group	other	graciasa dios. ciuded, lu (iio, y frulos. ie gracios de dios. cabo.17. 1. grana € lu abundancia en tlaxcalla, 276. 1.608. 1. fu bondad cn mechoaran. 336. 2 * granada nueva. * ciudad , fue can grande como leon. 330.1. lu tio, y lepuna. 3
torquemada_v1	212213	212,213	digit-group	person	5.1. * hechiceros * rrui cftimados de jos gertiles, y par que: 118.2 co:acen hen de hegar a mexico, gentes efiranas 212,213 ajoresbpera l12ce hechara env la cala encima , y porque *213. 1. havia much:s cn cuerlachrla, que adivinajon dida de
torquemada_v1	2419	2.419	digit-group	other	efpanelesa dias 2131. 1.d2 orden de merecukcuira 245. 2. curedan vn alonte. con hilos, para detener los efpanoles. 417.2.419 es el pemexjo los dcclaaa lu ruina, y enfena ameaico ardiendo, y fe buelyo, 447. hecobhuebucizir , veefidente del c
torquemada_v1	2508	2.508	digit-group	other	do. hernando alonjo de villanueva * queda manco. 399. 1.hierele 4vila, porque fe aparto hambriento de ordenara. $07. 2.508. 3. | hernandogalle zo higojornada ilalierra 4ufiral.738. 1. hernando gutierrez altamiravo,prelo, y por que? 631.2
torquemada_v1	1241	1.241	digit-group	other	uralmente procuran iu confervacion, y porque? 241. inclinados 2 faber. 5. 1. fueron enfenados por la experiencia. 47. 1.241. 1. por que hicieron ciudades? 240.1. cx= citalos el premio , o interes. 390. 1 muchos comprehenden las colas, como
torquemada_v1	2286	2.286	digit-group	other	 hunubila di 3 cortos la obediencia, 7 trac grandes prelentes. 535.2. huashi(5.s. bledo, 100 1. huaxas.cindad.311.2.286, 2. fus morsdores husdos de mexico, cafti gados. 611.1. v. guaxaca. a muaxteca * la de panuco quien la peblo. 269 2
torquemada_v1	1101	1.101	digit-group	other	l primer rei de mexico. 96. 1. adoptado , y refugiado per lu madrafira en cohuatlychan. 96. 2.elegido segundo rei.y6.1.101.1.con que ceremovia?97.1.102. pide lus hijas a los reies de azcapetzalco. 103, y al de quanbrabiuac. 104 1. va a azc
torquemada_v1	1102	1.102	digit-group	other	1. adoptado , y refugiado per lu madrafira en cohuatlychan. 96. 2.elegido segundo rei.y6.1.101.1.con que ceremovia?97.1.102. pide lus hijas a los reies de azcapetzalco. 103, y al de quanbrabiuac. 104 1. va a azcapurzaleo, 105.1. vivio en pa
torquemada_v1	1207	1.207	digit-group	person	a guerra deldrlixce. 195 “tac huirzilopocas vencidos por los mexicanos. 145$. 2. bel huirzilopuchco * pueblo, 101. 1.207 ¡. grande, junto d mexico. 450 1. como ofrecio ajudar a moquibnix, contra mexico ? 176,2. llega tarde. 1 1. f= rind
torquemada_v1	450	0,450	digit-group	other	 mexico ? 176,2. llega tarde. 1 1. f= rinde al rei de mexiso. 145. 1. rebelale a corres. 546, 1. oi le lluma s. marh:0,450,1.101,1, * huirzilepuebsli * cotrelponde 4 marre. 78. 2.1ambien fe llamaba. mexitly 193. 2.fu idolo tratan los
torquemada_v1	1101	1.101	digit-group	other	o ? 176,2. llega tarde. 1 1. f= rinde al rei de mexiso. 145. 1. rebelale a corres. 546, 1. oi le lluma s. marh:0,450,1.101,1, * huirzilepuebsli * cotrelponde 4 marre. 78. 2.1ambien fe llamaba. mexitly 193. 2.fu idolo tratan los mexi
torquemada_v1	1398	1.398	digit-group	person	l le hela en el confejo de . mosecubyuma, lobre la llegada de lose/panoles. 379. 1. * lcpales s. sillasbaxas, 168.1.398, 1.0 bancos. 231.3. jeparepecas le rebelan ¿los mexicanos, y lon vencidos. 213. 2. buclven a rebelarie con cl inif
torquemada_v1	1698	1.698	digit-group	other	cilmente le deftruie. 69.1 .quando mas proiperos,mas expucitos a perecer. 500. 1577. 2 * incienfo , * o copal. 701. 1.698.2. que producen las penas en nuevo mexit0. 692.2. indebe lus tierras pobladas. 618. 1. ferriles, quieren ir alla a
torquemada_v1	1252	1,252	digit-group	person	los, fuperfticiolos y enmbulteros. 27. 2. y tie» nen otros grandes vicios. $82 2, tenian tres, 6 quatro nombres. 253.1,252,2. el que ponian a los ninos era mui fienificativo. 150! 2. [us mugeres muchas, y de qual nacian los hijos hereder
torquemada_v1	1379	1.379	digit-group	other	es. 196. 1. o cometas. 85. 2. lus aiseros en las exequias de lus reies.72. 2. eferivieron pintando muchas cofas, 29. 1.379. 1.no tuvieron letrar,30.1. ni ai raitro de ellas. 27. lus traditienes. 29.2. entienden mucho les meneos,y fenas. 388
torquemada_v1	265377	265.377	digit-group	other	os caballos, 372. 376.1.yl05 navios 477. 20 no debe cauiar eftraneza. 413. 20 414. 1. afsiftena la proccficn de ra» 265.377. 1. tenian por innavegable el mar. 338. 1. 1iclcatan con cortes 386, 1. 2cn.iedos de el los de cimpoalla , le recilon
torquemada_v1	503304	503.304	digit-group	other	hos. 93. 2. galtabad en la grerra mas que otra nitor.$29. 2. mueren mucho, en la salida de los e/fpanoles de mexi00. 503.304 perfiguenlos en el camino de tlaxcalla $06.507 vnodefafia d yn efpanol , y huic. 508 1. acudianala tierra de tlaxcalla
torquemada_v1	6507	06.507	digit-group	other	nitor.$29. 2. mueren mucho, en la salida de los e/fpanoles de mexi00. 503.304 perfiguenlos en el camino de tlaxcalla $06.507 vnodefafia d yn efpanol , y huic. 508 1. acudianala tierra de tlaxcalla a pedir a:wx. 276.2. como fervian al lei de 
torquemada_v1	2353	2.353	digit-group	other	a pacole de los angeles, y de que naciones. 313. 1. embobados tentaban las barbas, y vcitidos a los ef/punoles. 349-2.353. *.confulion de los de la comarca de tlaxcalla 433. lo lo que decian los xocorlas de los lebreles , caballos, y arti
torquemada_v1	640647	640.647	digit-group	other	onas , y piden le buelva ¿los reparpimientos, 716.1. tienen gran vene» racton ¿los erailes desan erancifco, y porque? 640.647. 1. falen de mexico llorando tas el conde de alszterrei. 717 aufivales , (us murgerts bermo(l as » honeltas , y lu 
torquemada_v1	150745	150.745	digit-group	other	 lu traje. 746. 2. defcan tomar la abra de la armada de lusros, y fon caltigados. 745.1. quitro efpanoles haze huir d 150.745 2rotirados a lu pueblo carga va con ctro herido , y le fulva,,745. £s falen de paz, hicrena fuan ceroximo, y defclpe
torquemada_v1	714105	714.105	digit-group	other	. 701. 1. ofrecen [us armasa los efpanoles en fenal de psx. 701 1.llega vno ¿las naves, y lo que ofrecio 4 viz-atmo. 714.105 de lufos fe aperciben a la fornada del 21uluco. 661. 2. y danos que padecieron en ella €62%.2. procuran los de !lloc
torquemada_v1	2132	2.132	digit-group	other	zcobmetl , hijo de acaripicrli ,y de vna efibava 132. 1. valiente, y arrifcado. 171.1. €s elegido rei de meoxte0. 126.2.132.1. lo que le gixo vno delos eledhrres, 132.1, previenele contra maxrla, 132.2. y ofrece ayudar a necabualcoyor! 1 35
torquemada_v1	1143	1.143	digit-group	other	eando. 21.51. animalos. 14t. 2. vence, y ielerinden los huidos. 142 2.+tu alrgria 143.1. va contra huetxosla 141. 1.143.151. haze rey de ella a negaksalcoyoct, vencida 147. 2. y le buelve a mexico 144.1. da el reno de los tepasecas a
torquemada_v1	2150	2,150	digit-group	other	a. queala. 148. 1. jurale por rei de los xechimilcas. 149. 1. apodorale de quauhaabsas , y con que pruz textq? 149. 2,150 1.5indea cuihahsac, 149.1. vence 4 10s de twslizan,y quanhtirlan, 130.1. quiere queda, econ terzenprcinso , vica ne co
torquemada_v1	1178	1.178	digit-group	person	uacan paraly hijo.57.1 .primer indio ambiciofa, $ 7 iszpartli bebida que enfurecia,y ceros monias para hazerla.477.1.178.2, iszpapalee y muerto por los tlaxcalrepa 2 27 jizrapapalotczim.327.2. paqsambtzir , senur de tlateluleo, (y ou
torquemada_v1	2110	2.110	digit-group	other	. 2. de que hacian lascatasfus indios. 747. to deicubicrea porcordor.1.3 49.1 y por que le recibio de gueria. 249. 2.110 tiene afiras de oro. 351.1, como , y en que comerciar fus iadiosen iondaras. 335. 2. ixcarmisl , govierna con lu her
torquemada_v1	360110	360.110	digit-group	other	ucos , y -navios. 660. 2. provinsia religio/a, que fe podi. fundar en el. 660. 1. impedimentos para lu eonverfion. 360.110 fon replicados (us rejes. 7ol. tf. aperes * viven mucho. 659.1. notitcia falia que dieron de fr juan de cobo. 651.1
torquemada_v1	667068	667.068	digit-group	other	fcaramucas. 733- 2-cntran afaco el parian. * 734. y los de 4ima/uchs, y otros piden religiofosa fr. gospalode gracia.667.068.condenados a muerte fuelen defenderfe de los verdgos haita que los matan,o maratle ,as1.767. 1.4 los soldados note les 
torquemada_v1	1172	1.172	digit-group	other	sgeles. 314.1. su capilla en : mexico, y viefta. 303=1rp. fojeph de acefia.> enganado de las relscisnis guevso 17 1. 1.172» 21,180.1.184.1.295+ 1.cnmmmendado 134.1 notado ! 49.1. ig110¿solos libros mex 00m05. 140. 1» 4. yofue * entra folo c
torquemada_v1	21180	21,180	digit-group	other	314.1. su capilla en : mexico, y viefta. 303=1rp. fojeph de acefia.> enganado de las relscisnis guevso 17 1. 1.172» 21,180.1.184.1.295+ 1.cnmmmendado 134.1 notado ! 49.1. ig110¿solos libros mex 00m05. 140. 1» 4. yofue * entra folo con cab en
torquemada_v1	1184	1.184	digit-group	other	su capilla en : mexico, y viefta. 303=1rp. fojeph de acefia.> enganado de las relscisnis guevso 17 1. 1.172» 21,180.1.184.1.295+ 1.cnmmmendado 134.1 notado ! 49.1. ig110¿solos libros mex 00m05. 140. 1» 4. yofue * entra folo con cab en ca-ha
torquemada_v1	1295	1.295	digit-group	other	illa en : mexico, y viefta. 303=1rp. fojeph de acefia.> enganado de las relscisnis guevso 17 1. 1.172» 21,180.1.184.1.295+ 1.cnmmmendado 134.1 notado ! 49.1. ig110¿solos libros mex 00m05. 140. 1» 4. yofue * entra folo con cab en ca-harid..2
torquemada_v1	657658	657.658	digit-group	other	envaxedor al japon. 658. 1. conel miino encargo que er. fuen coba, 655.1 fu caria al provincial de lo que de facedio 657.658 quieren los fapones ausente el regalo que llevaba ,. y lo rculau. 657. 1.y (e je adinite interpucito cl oidor. 660.1
torquemada_v1	1005	1.005	digit-group	other	4 630,1. cs proto. 631.1.y embiadoa efpana.o34, 1. er. uan cebo, domin6> , va porembaxadoral fapon. y a que.65 4. 1.005. ¡.no fe fupe mas de cl636.657. l. ? fuar colmeno de andrads, almirante del mardel s wr viitalaarmada de pedro fe
torquemada_v1	575676	575.676	digit-group	other	 fr. juar de eftalona * comiflario nombrado para el nuevo mexico. 673. 1. lus defconfoladas cartas icbre lademprela. 575.676. 573. aviendo entrado la tierra adentro don juso de onate.674. 2.4 aien no era ateoto. 675.1. fu empeno par jos que
torquemada_v1	1372	1.372	digit-group	other	lo que le. paso e a ind 11c.e. con los fazios. 353. 1. como 12cjbio al cecique.353. 2 regalo que le.bico.35%4.1.372.2.352.2.pal$ a otrospueblos,y da con los m:aijtros de morecubguma, 354. 2. buelve al mar y y en vua isla ka la cinco
torquemada_v1	2352	2.352	digit-group	other	 le. paso e a ind 11c.e. con los fazios. 353. 1. como 12cjbio al cecique.353. 2 regalo que le.bico.35%4.1.372.2.352.2.pal$ a otrospueblos,y da con los m:aijtros de morecubguma, 354. 2. buelve al mar y y en vua isla ka la cinco [adio
torquemada_v1	1557	1.557	digit-group	other	e mi. gue! lop=z de lezerpicn ha jornada de filipina, le entra prayle de sas framifeo, y ilega ¿ter provincial, 621.1.557. 2. flabriza vna hermitad dan diego en hneixorsinco. 285.1.[er mutrie.621, 2. yuar ds limpiacn cerpoalla con s2ndov 
torquemada_v1	2678	2.678	digit-group	other	 aclla 670.1. d t nido en caxco. 671.2 toma pofleision del naevo mexico en el parblo,que fundo de s. gabriel. 672. 2.678.1. embia a m xico per locorro £73.1.entra jicna acento, y le lo hujen mu. ezos cou algunos franceles. 673. 574-674 
torquemada_v1	1454	1.454	digit-group	other	cura p=2c0n ¡cs indios. 680, y laquealos vn pueblo, y hambre que huvo.673 2, juan de crecga » page de gorres. 487, 1.454. 2 va aprendiendo]: lengua ax e281, 45$5.1-lervia de incu aa yrez5 ertiz de matiento, cidor 02 afg= x.e7, y lusexcol
torquemada_v1	3610	3,610	digit-group	other	4 diaodexioana prela a corses. 5630 1 0 van rodriguez de fonfeca, argobi/po de bargos, poco afceto a corres. 4070 3,610. 2. juen rodriguez de villafecrse , nelu= ral de atedefliz. 538. 2. va con ordes, y otros d aficgurar el camino de 
torquemada_v1	2693	2.693	digit-group	other	, vaa sento domingo a pedir licencia para la armmadade diegs velazquez. 358 1. veran sameronoidor de afexico. 31%. 2.693. l. juan de samazo, prende a den luie certos.63 1.3. e. lnsrseaiberdela cempanoa de yesus, feretira de la obra del
torquemada_v1	11604	11,604	digit-group	other	. 49.1.€l primero fue li/amias. 49.1, k faraments que le higo en mexico 4 carlos y. ¿(u madre dona 4212, y 1 felipe 11,604 1.605.2. jufio japos. chriftisso , es privado masde soy. vaiallos.667, 1. por no querer ir contra lu padre. 47. hi
torquemada_v1	1605	1.605	digit-group	other	€l primero fue li/amias. 49.1, k faraments que le higo en mexico 4 carlos y. ¿(u madre dona 4212, y 1 felipe 11,604 1.605.2. jufio japos. chriftisso , es privado masde soy. vaiallos.667, 1. por no querer ir contra lu padre. 47. hi la
torquemada_v1	2309	2.309	digit-group	other	. 1: 758 a3.demiba muchos ed ficios.192. 1. hierve. 234.2.por que delde el “no 1524 fe diiminuicron lus aguas? 308. 2.309 1. ydelseclde 1605 fe aumentaron? 3 10. crece cen las lluvias, 618. 1. hacela fondar cerr?s. 538.2 ges bueno fecarl3
torquemada_v1	2335	2.335	digit-group	other	 3. hablaban vna los hilmecas, xicalancas , g4catecas, y octoos.257. 2. £m h0rduras, y en guatemala, lon diverlas. 328.2.335+ 2. la mexicana fe hablaba delde la sierra 4 tetzexco. 261. 2.er2co nun. 388. 2. y la de re:zcecola mas elegante, y 
torquemada_v1	337313	337.313	digit-group	other	(e pierden $0%. 1. lftcas. peces en califormia. 698. 2. * licurgo da lejesa los lacedemonios. ($0 2. x liebres. 337.313.398. %. 798. 2. 717.1. vn3fe entra corriendo en 10 mas intimo del palacio de negabualpilli 114 1. lilao , eucblo , 
torquemada_v1	610622	610.622	digit-group	other	ion, y afeoto a los habigiefos, 624.1-6274 r. fus bierss qrendas , alabancas , y defmlo por los ladios. 617. ¿18 61y. 610.622» ez3 2.624.1, 1032 4 mexico, y execura la ordenanca de la libertaddelos indios. 617. 2. y la get ferv co perfonal, 6
torquemada_v1	2624	2.624	digit-group	person	 a los habigiefos, 624.1-6274 r. fus bierss qrendas , alabancas , y defmlo por los ladios. 617. ¿18 61y. 610.622» ez3 2.624.1, 1032 4 mexico, y execura la ordenanca de la libertaddelos indios. 617. 2. y la get ferv co perfonal, 613,1. vifira
torquemada_v1	110012	110.012	digit-group	other	aga ol el em. preftido que pidioa las lediss, 653 1 purque los ¿0119 vua galiza, baxan do vn rea! del tribso. 053.2. 110.012 vifituaar de fuip ess (63, 2 daiorlcade que i+embie delde entas vna mevea defcubrir la. cal ferria. 717. p movido a
torquemada_v1	1333	1.333	digit-group	other	o les tercna$45. 278, lo m nm 4cata puerto, provee cortes a enellu adrmatz.360.2, alactaganigmaz, rio en lari.1.333. t. macakbuas ,lzdios vencidos por afsi20d. 186, 1. mecina,* arwa de los indios (1 es voz hrbrial 24.1. marapil
torquemada_v1	504	0.504	digit-group	other	 ligne con etras alos er panole a da, queriend: 2 xarlas en tlaxcala 559.2 la va ler incrolble en la falida de sfext(0.504. 113 xcidermucius ena berella de orempa 510. 1. bafti¡rento que la dexaron tm terz: 0 55% ¿2 tuo miu ser ue feurd s
torquemada_v1	1388	1.388	digit-group	other	o. 010. 2. dona maria ae toledo va a “la efpanola. ea97. y, ; aserisz* eudis de xalixee, es vendtdaicniab (0. 301.1.388, 2, tos * col22 alerjo hirnanaez cu cl lels que higo-corres 388. . olviga du lor, io , y aprende la mexicana. 38s. l
torquemada_v1	2632	2.632	digit-group	other	landos. 619.1. llega con iu calad mexico 620. 2, imppucanle quererlo algar con nusva* efpana 633 2. fallamente, 629. 2.632. 2. nacenle des hijos de vn parto, y clige padrinos 615. 1. fu baptiime, y regocijos de cl. 619. 2 combidaba a [us a
torquemada_v1	2636	2.636	digit-group	other	martiscorzes, hijo del marques del valla. 631. lo don marcin cortes, hermano de el marquis, piclo , y porque? 631, 2.636, 1. marcin deravtesentra de noche en mexico de orden de cortes. 594.2. viadsan frencifoa , y daa tapia los deflpac
torquemada_v1	2115	2.115	digit-group	other	gria con que facr.fizarox a lu [ds 0,a un culisa. 94. 1.t1bararios de 4zcaputgalco 97. 1.con gran molcitia fuya, 98. 2.115.1. eligen rey. 94 2. 95.1. 99.1. y por que.,5. 1.99. 1. (cra mexicaro? 97.1. iultanle, a que r pudie lu mager , y po
torquemada_v1	211213	211.213	digit-group	other	. 2.11 venetacion a morenas. pr?.a 20% como je tervian? 229. 230. y lus tr:basos. 203.1. conquillan vacias prowirtirs. 211.213.2, motaad mucos la ficdra que treies porolos serrifors. 215.31. y 12c1r nu los cass vos pora cllos. 215. 2. rc id pe
torquemada_v1	2515	2.515	digit-group	other	on por muer to accortes puaqaolerautal ton los indios tados 516. td riorados, y musttos en algunas proy arias, $17. 2.515, pel-ancon picas largads contra los tepazecas. $19 2. fortifi ante cnelcan ino por donde crcieroniva orss. ; 26.2.10gh
torquemada_v1	67568	67.568	digit-group	other	"cer erandes dacrificios $67, 2. poz vi. timo esfierco,fe vilte vro depnubo, para «(untar a los efpanores y por q e?$67.568.1 enganon acor tes, pelean dofoipera tos. 568.'. p'jen que los mat"",v no ad vrten lapoz, 50s 2 angenembaxadores, y l"
torquemada_v1	2185	2.185	digit-group	other	.cxticodola lu re pilinero, tor.1 crecendus morsa tores, ucupana tlstelalto 2)lo i- pblaido halla tierra firare. 29 +. 2.185 cai 4.02 3940, y terra yn que fe ten braba? 29:. £onlaa quilo barrio p incpazs 2)75-1- lacas, y aro.te odotiferos 2
torquemada_v1	585107	585.107	digit-group	other	 y terra yn que fe ten braba? 29:. £onlaa quilo barrio p incpazs 2)75-1- lacas, y aro.te odotiferos 292 1.em:r=365,5 585.107 .1-140p21:595 ja pan, 307. 2.165 3100 caipiodi. 292- 2. du fxerse de cospuls. pez » y coro je te purte. 292. y dimda
torquemada_v1	2165	2.165	digit-group	other	£onlaa quilo barrio p incpazs 2)75-1- lacas, y aro.te odotiferos 292 1.em:r=365,5 585.107 .1-140p21:595 ja pan, 307. 2.165 3100 caipiodi. 292- 2. du fxerse de cospuls. pez » y coro je te purte. 292. y dimdada 157. >. a con prelteca. 1 o 1.
torquemada_v1	1302	1.302	digit-group	other	” dor, lamida, 3090. 1.ca 124455, e3anades. 301. lu carrdral,y 1 elta dendecitaba el terplo maior de los 1ietos? 290.1.302.2 lu unis werfidad, parnezuras , y hofpisalos, 301, 1.303.1.307 l, lus rsfimentos, o£cia es 302 1. y prosrist 302.2.
torquemada_v1	1303	1.303	digit-group	other	l,y 1 elta dendecitaba el terplo maior de los 1ietos? 290.1.302.2 lu unis werfidad, parnezuras , y hofpisalos, 301, 1.303.1.307 l, lus rsfimentos, o£cia es 302 1. y prosrist 302.2.(1cow464,306 2, y pmeblas 307.1. 1u vecindad 7y efpaneles, y
torquemada_v1	1307	1.307	digit-group	other	elta dendecitaba el terplo maior de los 1ietos? 290.1.302.2 lu unis werfidad, parnezuras , y hofpisalos, 301, 1.303.1.307 l, lus rsfimentos, o£cia es 302 1. y prosrist 302.2.(1cow464,306 2, y pmeblas 307.1. 1u vecindad 7y efpaneles, y 1318-
torquemada_v1	1255	1.255	digit-group	other	 o. 1 o amcantia, puzb:o eto. 2. * aucbelyecomo engano 4 los soldadus deras!. 216.2. + apcrlan e s. inferno. 312.1.255, 2. mierlan, e pueblo. 333.1. [us grandes edyisios lemejanmies a losdcsansa maria la meisr de poma. 312.1. 
torquemada_v1	626	0.626	digit-group	other	os los [dios. 24.1. origen de elo en los gentiles 27.1. monte» alegre, cons a2dsr prud ante que» ria mucho a los vd.0.626. e. monte- dlezre 1 ia mexico por osdor, 520.4. y lu heraizno 4 romar pocllurde va tierra, y halla *n pustto fundad
torquemada_v1	67277	67.277	digit-group	other	ia lu gran eq, y aborrece aiu :uger. 176.2. y lrace cenfajo para darle guerra. 176.1 embia abulcar aliados cunmablex 67.277. y. corcmonias que inco p.ra rompola y furor que sl, y lus lulosto= meror conta brevaje. 177. 3.1us sacripg.0s » y d
torquemada_v1	2355	2.355	digit-group	other	arecen. 336. 7 mofqursdores de pluna , entre los men ascaros principales lolamen:2.38y. 2,40. 2 mefgrensos. 337. 2.355» lo maltratan 3 corse», y losinios.593»+ 2. mega, defiende el pergartia de flores, je lalva con el lulo. 555.2. 
torquemada_v1	25153	25.153	digit-group	other	[usdiiados niuchas proviseras. 164. 3. ergrandecc iu nombre coo lus vidto; ¿35.1 64. 1. pelea fuertemente cor los sel (25.153 2. lua ae da zcuco para partir el defvajo en “que fue avzimajado. 153.2.cmbials cl parabico de luza/arsento.555.2. y 
torquemada_v1	157204	157.204	digit-group	other	o.555.2. y acompana ala muger 156.1.d1 muerte al keo ue tlaccluleo, 157.12 y lujeta muchas cidades, y provin= cias. 157.204 aterzcaroa la eftrena delos palec.os.156, 1 pide a lu kei locorro contra la inoundacion de mexico. 157,2. trabaja por
torquemada_v1	1193	1.193	digit-group	other	s, 169.1. reino 29.anos. 179. 1. lu muertc, 170. 2. y luceior. 1703 e * mmotccrrbeszaz ft, hijo de 4xayacar!, .161.1.193.2. labiv , y retorico, 417.1. fenalale en la guerra dde «asbila. 187. 1. y prende 4 muchos. 187. 2. fuccde en el re
torquemada_v1	2451	2.451	digit-group	other	an fus ordenes? 205. 2.lu f:veridad en los caftig0s.105.2. ius vafallosivan delcalcos con el, y no olaban miratle. 450 2.451.1.fu veltido folo le lervia vna vez. 205. 2.10 palacio le detaribe. 296 1. caja: contigu asja: l,de aves, annales, die
torquemada_v1	2462	2.462	digit-group	other	. fu comida , y mefa, 228.2. como le servia? 229.1. y algaba, 229.1. sobremefa. 230. 1. lu “iberalidad grande. 460. 2.462. lus recreos. 205. 206.1. riqu: qas majores que las de lus antecelores.387 lus re» saudadores vanos , y lobervios, y
torquemada_v1	2412	2.412	digit-group	other	 como ccbrabanlos tribetos? 401. 1. ln fama lo hico senor de nisevae/fpans.118 1 219. 1. mui temido de losinios. 403. 2.412.2. daba audiencia, y relpondia. 205. 1. como le hablaban lossenore,? 230. 1. entreteniale con trananes, y fgacores.3
torquemada_v1	1447	1.447	digit-group	other	 “cer cafo de ello, ni les demas prodigios. 239. 2. quexas que daban lus vafallos d: lu tiranta. 393. 1. 398.2 400.1.447-1. 448.1. co1iulca a los hechisc res iubre los predigiosque via. 235. 1. y lutemer, el de negabosalp dio con la refpu
torquemada_v1	1381	1.381	digit-group	other	 los efpanoles. 378. 2. encargales el fecreto perluadido a que era corsis, querza.cobuarl, aucbolvia de tiapaia 379. 1.381. 1. cmbiale los veftides del idolo , y vu gran regalo 331.2. ylo que dixoa los embexadores. 382 1. sacrificios que h
torquemada_v1	2391	2.391	digit-group	other	os , y cabailos , y xcgalo que , l ld embid a cereespara que febolviefe. 399. 1. mile climvo n «l lucerlo?390s+ 2.391.1. concce quin mk de quitarle el reino. 456. 1.lrta llegada de corttsa merc: 2730 1. lu miedo le impidio bucerkio ca
torquemada_v1	2441	2.441	digit-group	other	1. procura deshacer la corf.deracion de cerpes, y liaxralla 43).2. tragaspara mipooir que lleyale d mexsco cor5.430 2.441.2. 449. 2. di/culpaie con el dela tracion.de choladla, y regalo quele cmbio. 442 1. combidale 4 ii a mexice,y por que
torquemada_v1	2462	2.462	digit-group	other	 con cortes, y alvarado 462, 1. deleaba dir gufto a los efpanoles. 462. 2.por que no fe atrevio a fer chrifriano? 463.2.462. 2.4067. 2.manda quitar de mexico la caja p:wblica. 464. 1. ofrece a los mexicamos que movera , y diligencias que hig
torquemada_v1	1511	1.511	digit-group	other	o al p. olmedo dara corres , [ino venia enojado. 494. 1. habla a los saior, y le injurian 497. 2. fi lo b:ptig0? 498 1.511.2 iumuerte 498. 1.canlada.287. 1. de vaa piedra que le tiraron jos suios. ¿60 1.498. 1. llama a cortos, y le encarga
torquemada_v1	1498	1.498	digit-group	other	urian 497. 2. fi lo b:ptig0? 498 1.511.2 iumuerte 498. 1.canlada.287. 1. de vaa piedra que le tiraron jos suios. ¿60 1.498. 1. llama a cortos, y le encarga fu venganga, y cuidado de fu familin 497. 2. y los suios. 308. 1. lu cadaver llevad
torquemada_v1	1584	1.584	digit-group	person	cuco delde chalco.163. « y -115 ai buenilca. pesblo, 201; %o- — indice. mudansas de lascolas humanas. 75. 1.584. 1. de los hombres , y (us [ucrtes. 579. 2muela de howbre de mas de dos libras. 3$.1.00 pueden fa arla entera de la 
torquemada_v1	1100	1.100	digit-group	other	il. mulas, en horaxras. 334. 1. * mundo f que es? 1.1. 14 2. 12, 2. [u figura. 11» 14. 1. larga, y - ancha. 13. 1.100€s llano. 13. 2, caufa de lu nambre. 2.1. no fue abeterno. 184. 1. conio penso arifo roteles, 243. 2.criole parael ho
torquemada_v1	2133	2.133	digit-group	other	oce, difimulando. 130. 1. engana a los que ibana mararie, 130.2.13 1.1. huic a cobuarlichan, como fe elcondi0? 131. 2.133. 1. fus diligencias para reftaurar fu reimcomira alexia. 132. 2.1335 2. pucblos que coriio y como le recibio cl caci
torquemada_v1	2110	2.110	digit-group	other	1.(u juicio, y valor, 230 1, entendimiento, yconftancia. 188. 1. fe aventajo a todos los rejes e» nueva ejpans. 184. 2.110 cra mui rel:girfo. 189. toni creja ler dies los idolos. 235 .2.antes deteltaba de ellos, y de los secrifcios de ho:n
torquemada_v1	1183	1.183	digit-group	other	eteltaba de ellos, y de los secrifcios de ho:nbres, y porque no los quito? 183, 2. mui aficionado ala 4iro!ogis, 305-1.183.1. y como eviervada lasefreilas. 153.1. cfando lu padre morivundo , le llama,y pat2ques173.2. recibido por rei. 174.1
torquemada_v1	2217	2.217	digit-group	other	s, y lo que le lucedio, 212.2. f1 llevo a morecubgussapor los aires a ver el reiro de lus antepafados? 213. 1. 316. 2.217. 2. retiraale del govierno , y buelve a tetzcnco , y fe elconde. 216. 1.no dexa nombrado heredero, y difenfiones entre
torquemada_v1	4330	4.330	digit-group	other	2. y €n gualemals 333.1, traicion con que fe apederan de la droviugia 333.1. *inicaragosa,ciudad fu cquanhguepol= (4.330 tl. nicolas d: ovando ,f ellrenmeno. 347. 1.vapor governador a la e/fpsnola. 345.2. fonda la pills de agua, 346. 2.
torquemada_v1	600601	600.601	digit-group	other	pios. 338.2. que ordenes trageron los primeros de mexico, y fu calidad. 600. 1.10 que fe efcrivio al re contra ellos, 600.601. 602. fusexcelos. 603 1. procelados por los fegundos oidores. 604. 1. y embiados 3 efpana.603. 1.00 tenian encomici
torquemada_v1	1717	1.717	digit-group	other	as cr me. o 027 * ofarios de los factificados 4 los jdolos 413.2. ofeas cap.2. explicado.261. ofos en mexico.681.1.717.1, oftiones de perlas como relucian con el sol,en califernia.698, orelulco.cerro del perro,269.2, cabecca rade tl
torquemada_v1	1270	1.270	digit-group	other	s de perlas como relucian con el sol,en califernia.698, orelulco.cerro del perro,269.2, cabecca rade tlaxtalla. 200.1.270.fu origen, y (tio, 269. 270.273.1. 1cino antes, y (us reies.270. 1. torbacion de la ciudad en la mucrte de acantenteli
torquemada_v1	270273	270.273	digit-group	other	 el sol,en califernia.698, orelulco.cerro del perro,269.2, cabecca rade tlaxtalla. 200.1.270.fu origen, y (tio, 269. 270.273.1. 1cino antes, y (us reies.270. 1. torbacion de la ciudad en la mucrte de acantentelina, 271. 1.por que no la veng0.
torquemada_v1	4910	4.910	digit-group	other	487.1. paials corres da otra parte con losreboltofos.49 2. r. haccufe fuertes 300. de los su105. 487. 2. y le rinden. 4.910 1. pampangos y indias locorren ¿ manila, y acadan de quemar cl pariaz.7 34. » panama. 19 2, parizlucede en 
torquemada_v1	2354	2.354	digit-group	other	por montejo. 392.1 * papegatos * como los cagaban los ladiost 243 1. * papaloacan, rio, aora fe llama alvarado 17. 2.354 2. papaloripac , provincia de la sierra, loje zi papalolla, pueblo. 167. 2. 114» 2. frontera de yxtlilzechiel , c
torquemada_v1	2704	2.704	digit-group	other	93. 1. daraguaies. indios , fu (ituacion. 207. 2» * paraifo, donde le creio san vfidoro? 9 1 dargos.deces, 698. 2.704. 2. avene_pados por ayer comido tervas, acofigan muchos elpanoles, + 54 l. * daria, * golfo 18.1. darin e barri
torquemada_v1	1549	1.549	digit-group	other	 cerses por el execrsite, $40. 1. gente que renia , y [1tio 1) que le puio. 54.0. 1. acginete a dlexico,y lerctita, 549.1.549. indice. gana algunas puentes, 550. y las guarda. 496. 2. fale a pelear con los de tlatelmlco kn iruto. 550. 24
torquemada_v1	1649	1.649	digit-group	other	erida , y lo que le temian. 621. 1. | d. pedro rle moya y comereras, k llega a mexico , por primer imquijidor.6484 1.649. l- delpues arrobifpo.c4s.1: convoca concilio provincial.649.y: vifirador de la andiencis,y governades de nsueva-efp
torquemada_v1	2683	2,683	digit-group	other	"vua, pueblo en mechoacad. d.d: * derilo,pide a alexardro m.dote pas ra vna hija, ylo que le di0.461.1. perlas. 338.2,683. 2. lu abundancia en california. 684. 2. como las lacan, y fe adornan de ellas los in"" di0s,084.686. 3. y perros *de"
torquemada_v1	84686	084.686	digit-group	person	"461.1. perlas. 338.2,683. 2. lu abundancia en california. 684. 2. como las lacan, y fe adornan de ellas los in"" di0s,084.686. 3. y perros *de los indios; rio id "" facrificados: 335: 2. vno declara al rei tlasecotl, 128. 1.y fu muera te ru"
torquemada_v1	1642	1.642	digit-group	other	otable entre los ladios de : honduras.335.1! * pefie * grande en mizquibuatas. 278. 2. en toda nieva- efpana: 615. 1.642. 1 duro cafi ano y medio, y muricron dos millones de ladies. 633. 1. lenales que la pretedierot1. 643. ¿.enladel ano 
torquemada_v1	218219	218,219	digit-group	other	"ella los meticanos. 297.1. ofi="""" ciales que tenia motecmhguma para labrarla: 298. i. verdes mui eftis : - madas.218,219.1 plismages an en ellos los lodiot3 e 23 l, e s* , p»,el maior rio de izalta. > 330. 2. e pobres ¿% como los fo"
torquemada_v1	334335	334.335	digit-group	other	fventu. ras.136.2. 0fucelos grandes. 232. 2 ty porque ? 233.8. l * pronofficos que precedieron ¿la raina de mexico. 334.335. 336.cl que higo a josolmecas,y nicoyas va fallo sacerdore,333. 2 drofperidades mundajas enganoias. 7700 2: i ( 
torquemada_v1	2110	2,110	digit-group	other	0 2: i ( provincias , * le lanian en nueva-efpanalos preblos grandes , o toman el nombre del mas printipals 2755 . 2,110 las dividieron los ladies hal ta que emperaton fu3 diftordias. 262.2vd4 muchas 4 lus v afallos el rei de terzenco. y
torquemada_v1	2951	2.951	digit-group	other	es. 379. — ; qlaappilollan y provinicia lujeta por abusizorl. 187. la vaguanhpistabuac,prim er rei detlatelslib. y4.2.951 l. 9y.1 bovcino enpaz. 102,2. f1 aiudo al rei de azraputzalzo lu padre,en lasguera ras? 10012. hace prandes edificio
torquemada_v1	610127	610.127	digit-group	person	por - losde dtlixco. 213. 2. quirrquaquatzin mexicano y muerto cn ouushquecholla. 2 11olo * quivira * provincia. 610.127 19.1» quiyauhcat! , lucede en el senorio de - culhuacan. 65cio r her rey de licia, di leyes, $015 rafael t
torquemada_v1	1480	1.480	digit-group	other	ran. * a mas moros mas g2nancia. 4431 1. cada vno cuenta en la feria como le va en ella. 247. 2cadagallo canta, kc.248.1.480./2. la codicia rompe el (acos 3450 2: .671..2. €l eodiciolo y y el trampo¿0.6131 1.dadivas quebrantan penas. 368. 2.
torquemada_v1	2110	2.110	digit-group	other	io rebuelto. 110. 1o 55 1. 1. rina por san juan. 493: 2» 639. 1. no lo dijo a sordos.j 34.2. atriva quien vence.598. 2.110 vive masel leal, $34. 2. * regalos exquifitos , y preciofos, que higo moteruhgumna a'cortes. 389. 2e 390. 430.1. 
torquemada_v1	3704	3.704	digit-group	other	", no pudieron [ufrirle mandando. 279. 1. comio murio? 216.2. y ii le aparecio defpues? wma"" roxcadores. peces. 698.3.704.2. dan ¡ca sdas. jodio 1. rofas. * 678.2. ds rojales. 719.1. con rofxf por septient= dre 2 : ¿roffro fe pintaba"
torquemada_v1	1715	1.715	digit-group	person	arz1sma.rkeino de gente belicof2.760; 1. impide fu rei lean coriianos los soldados , y nobless 760. 2. sauces. 292. 1.715. 1.717. 16 parts de el tributo de los mexicanos 100. 1. * saul * primer rey de yrael. 98. 14 teme 1 goliath, 392. 
torquemada_v1	1717	1.717	digit-group	person	.rkeino de gente belicof2.760; 1. impide fu rei lean coriianos los soldados , y nobless 760. 2. sauces. 292. 1.715. 1.717. 16 parts de el tributo de los mexicanos 100. 1. * saul * primer rey de yrael. 98. 14 teme 1 goliath, 392. 2. perf
torquemada_v1	2401	2.401	digit-group	other	rto. 329. recato proprio. 66. 2. *- recautadores de metecubguma prelos en cempoalla con efpanto de la tierra.4023 2.401. 1. y en otras partes. 403. 13 ro%a , figura imperfeeta y y de que fe compone? 12, 2. *x redonda figuta perfeola.
torquemada_v1	1480	1.480	digit-group	other	 * a mas moros mas ga= nancia, 4433 1. cada vno cuenta en la feria como le va en ella. 247. 2cadagallo canta, kc, 248.1.480.'2. la codicia rompe el iacos 3450 .2: 671.2. el eodiciofo y y el trampo? ¿,so. 6131 1.dadivas quebrantan penas. 3
torquemada_v1	2110	2.110	digit-group	other	rio rebuelto. 110. 1e 551. 1. rina por san juan. 493: 2. 639. 1: no lo dijo a sordos.j 34.2. atriva quien vence.598. 2.110 vive masel leal, 634. 2. * regalos exquifitos , y preciofos, que higo morerubguma 1'cortes. 389. 2» 390.430.1. r
torquemada_v1	390430	390.430	digit-group	other	nce.598. 2.110 vive masel leal, 634. 2. * regalos exquifitos , y preciofos, que higo morerubguma 1'cortes. 389. 2» 390.430.1. res. cabo. 718.1: * reyes * fu piedad. 166. 1. comio deben let. 619. 623. liberales, y por que? 462. 1, flcs e
torquemada_v1	1238	1.238	digit-group	other	da muerte a muchos.;6u. t. es. kedrizo deran y comifario de los - retiziujes del nuevo mexico y por que le bolvio?67 1.238 rodrizo de figuzros elerivele cortiss ute. 2 : rodrigv maldon00 va con coronado 1 la conquifla de * nueyo- mexico, 
torquemada_v1	3704	3.704	digit-group	other	no pudigron infrirle mandando. 279. 1. conio murio? 216.2. y fi le aparecio delpues? 2 17: roncadores. peces. 698.3.704.2. san coque, islas. 702.2.j03.t. rofas. f 678.2. p rofales. 719.1. con rofas por septienta bre. 9.2. j ¿rofir
torquemada_v1	2390	2.390	digit-group	other	 roxana queda prenada de .4lexandro' indice. magno. 170. 1. * ruben primogenito de facob. 165» - e rubies, 296. 2.390. 1. rui lopez de villasobos, natural de ma. laga ,leembarco a la fornada de la ejpeceria y y con que gente? 608.2, 
torquemada_v1	1717	1.717	digit-group	person	 remo de gente belicofa2.760. 1. impide fu rei lean corifianos los soldados y y nobless 760. 2. sauces. 29%. 1.7150 1.717. 1 parts de el tributo de los mexicanos 140. * saul * primer rev de l/rae!. 98. 14 teme 2 goliath. 392. 2. perligu
torquemada_v1	1714	1.714	digit-group	other	"diga mifa en la [shrde santa catalina. 712. 1. vn cacique de tierra firme vicne a verle , y ceremonias que higo. 713. 1.714. 3. corre la cana! de santa barbara, 714. 1.192laza a los ""ndios. 714. 2. enferman lus solda.los.7 1 5+2.y de que? 71"
torquemada_v1	1278	1.278	digit-group	person	2. * sitrras de tlaxcalla redonda , en que fe quaxan , y diilponen las nubes para llover, 262, 2, siete crebas, 32. 1.278, 1.no falierori de ellas los mexicanos, 79. 2. siete ciudades, delcubrenlas los frailes francifcos.609.1. siete i
torquemada_v1	1330	1.330	digit-group	other	 en california. 698.2. sobervios no reparan en lu dano. fon indignos de perdon. 86.1, * sodoma era mui fertil.3 18.1.330.5» y hermola tierra.307. 2. * sodomitas, lu pena en terzcuces 166.1. sol , para que fue criad6? 14. 1. lu figura. 
torquemada_v1	1666	1.666	digit-group	other	n fon . le alga con el rento. 660. 2. fu nombre propib era parandono. 659. «2. pide pariss al governador de £iio; 4. 1.666. te lllenia ra los cori/ijanos, que baptico s. es.z:... cifco ysuier. 6s6. 7. 467. 1. entiada de lu embajador en man
torquemada_v1	1665	1.665	digit-group	other	f0. 657. 1. mandalos regalar. 657 2. y lo que los dijo infittiendo en cel trivuto pedido , y alabando fu grandega.6;8.1.665.2.acepta la amiftad con manil43 y manda dir cala a los relisiofos. 658.2.procura laber, fi los de la compania de fes
torquemada_v1	1399	1.399	digit-group	other	elveo. 749. 2. indice. tumalli, indio cempeal , vd 4 mexico con corfes. 411. 2. ternenes. inaios de carga. 333. 1.399. 2.618. 2, tamibihuz. puerto, 650. 2. delembarca enel don luis de felafco, ih.252.1: tampico. * 650.2. tant. ci
torquemada_v1	2618	2.618	digit-group	other	49. 2. indice. tumalli, indio cempeal , vd 4 mexico con corfes. 411. 2. ternenes. inaios de carga. 333. 1.399. 2.618. 2, tamibihuz. puerto, 650. 2. delembarca enel don luis de felafco, ih.252.1: tampico. * 650.2. tant. ciudad de 
torquemada_v1	1153	1.153	digit-group	other	ocura ganar amigos. 110. 1. y traga dar n:uerre al rey de terzcuco y y con que frande? 1 12:logra ft tiaicions 113. 1.153. 2. 11140193 , y ocupa 2 terzcisco. 109. y fu rerno por traje cion. 304.» 2. palaniele muchas nax ciones, 110. fe ha
torquemada_v1	2253	2.253	digit-group	other	cupa 2 terzcisco. 109. y fu rerno por traje cion. 304.» 2. palaniele muchas nax ciones, 110. fe hace abloluto. 1132 2.253. 2. y damar emperador de terzcuco y perdona alos contrariosa y junta los caciques. 114. 1. dew clara a arcaputzalco 
torquemada_v1	2253	2.253	digit-group	other	y lo que le refpondieron los aculbuxs , y chichieca5.115. 11 6s da a los senores muchos pueblos , y provincias, 114. 2.253. 2. recelala de negabualcoyotl, 115. 12 luenos que tuvo de la deftruicion de fulmperio y y vida. 117. 2.como le mans 
torquemada_v1	326327	326.327	digit-group	other	pc/fad * canla gran dano en el exercito mexicano: 211. 2. eltragos de la de guatemala en amatitlan , y otras partes. 326.327. y caufas de clar. tempatlabuac. theochichimeca , donde poblo > 262. 2. * templos * de campeche. 439. t. grande,
torquemada_v1	1270	1.270	digit-group	person	eron. 260.2. 261. 1 dejan lu pueblo , y le dividen en dos parcialidades, 251. 1. fus viajes , y por que tierras? 262. 1.270. 2o ii hallaron gente en tlaxcalla?> 261. 1. elpaeio con que marchaban. 262. 1. fus grandes poblaciones , y extenfion
torquemada_v1	15179	15.179	digit-group	person	ele lu bidtori3. 253.1. teomam.a leva a cueitas lu idolo. tn teonrermoctin. mexicano valiente contra los tlateliic.15.179. 1. * teotiburcan, x pueblo, sacrif.ios ex el,de los tedrzcas, y poe que; 7. 2e fuz de torom.:c 15, y le delamparar
torquemada_v1	1404	1.404	digit-group	person	. 1. pueblo y ocupa £3 reyno huerzin 65. 2; como lervia al rey de tebzcucos 167.2, tepexic. pueblo de ciomieso 287. 1.404 tespoblado por los teochiebimecass 263. 2.1legan a el los mexicanos, y. fon bien recibidos. 82.1. tepexoxoma y lit
torquemada_v1	548408	548.408	digit-group	other	n por rei a ixtlilxuekirl o den fernando pimentel. $27. 1. alegres le juran. 529.2. [ccoren 5op a cortes en nw exico. 548.408 tbeotlixco anabuac. s. el fin de la tierra. o tl. * terzcuco. * lu reino , no era iujeto, fino igual , y de mas g
torquemada_v1	175342	175.342	digit-group	person	buac. s. el fin de la tierra. o tl. * terzcuco. * lu reino , no era iujeto, fino igual , y de mas gente que mexic0. 175.342. 2. [us terminos.175. 1. llegaban al mar del norte.175.2. lus provincias 176. 1. ie trabajo poco en lu conquilta. 342
torquemada_v1	1564	1.564	digit-group	other	 s tierra de dios, el agavache. 266. 1. thcotlamacatzim, miniitros de los ido105-7508 * tianzuez. *s. mercado. 276.1.564. 1. v, tianquiezili. tiacapantzin catafe con el hijo del senor de tzumpango. 82.2. y pare varon. 82. 2. tibiquir
torquemada_v1	2182	2,182	digit-group	other	 terzcuc0?167.2. , tuve a tigoc , confejero de moteceshgema. 379. 1. ticoc , hermano maior de axayacatl. 169. 2,182. 2.11 era valiente.185. 2.elegido por capitan feneral. 172. 2. fitin en qve le puto al rey contra los tiareiu.cas. 1
torquemada_v1	2161	2,161	digit-group	other	 feneral. 172. 2. fitin en qve le puto al rey contra los tiareiu.cas. 179. 1. elegrdo re; de mexico, y coronado, 132.2,161. 1.£u guerra a los cueslaxtecas.16t. y. caula de fus nomores, fies cierta? 132. 2. procuro hacer templo a huirzilopu
torquemada_v1	1217	1.217	digit-group	person	o. 128. we, y. tlacateccat!, mexicano valiente, muea * tlacaxipebualiztli fiefta. s. defollamiento de hombres. 209.1.217+!. tlacaxipebuarzilli. fiefta de los mexicrnds- 228 l-t. tacbpanquizqui. capitan huexotzinca, adultero. 211. t/a
torquemada_v1	1295	1,295	digit-group	other	alientes que los amexicano, 295.1. * tlatelalco, s. monton de tierra.295. 2. €s barrio de la cieidad de mexico. 93. 1,295. 2. lu rey delea verle 1ibre. 108.1. uiatlactetelco. d:tcblo rendido por motecubruma, 160.2. indice tiarlac entr
torquemada_v1	268275	268.275	digit-group	other	frutos. 276. 1. y frutai todo el 4no, 9. 2. mantuvole refuca con quatro senores. 275. 2.0 cabeceras, y lu origen. 262. 268.275. havia otros senores de vafallos fujetos a ellos. 276: 2. 277. 1. orden que tenia. 275. 2 grandega , y riquega aque l
torquemada_v1	1228	1.228	digit-group	person	 por que no procuraban acabarlos? 219. 1. vietoria que alcarncaron de los mexicanos y que ibana los pref dios. 227. 1.228. 1. donde retiras ron ninos , y megeres , quando entro cortes? 257. 2.£u admiracion de lo que contavan los cempoalles
torquemada_v1	1542	1.542	digit-group	person	. 550. 1. pelean con los de tlarelalcoz lin itilo. $50. 2. sy lo tra los mexicanos, e injurias aye les decian. $34. 1.542. 1. muchos ie buelven a lu tierra, porque les quitaban el oro. 534 2. 535. 1. van 20p 2 ocorrer ¿ a chalco con cortes
torquemada_v1	3703	3.703	digit-group	other	izcaimo. 695. 1. loque hico en la bab: de $: eefabi. 658, dice mfa en la de la magdalenas. 300 2. defcubre la lmirgr:3.703.1.enterm2.71 2.1. guarda algunos regalos para el vltimo 72932. 720.1. llega tullido 1 a a d.tormas erado d: atuns, 
torquemada_v1	1339	1,339	digit-group	other	la nao de cima. 698.2. % tomar: * elpecia pra guifados indi0j. 187.1. * tontbanmbs, 19. y. tenata, provincia, 315.1,339.10 tenalbuz-. lleva, en chalco, de come: 3 morscuzcura y y lus companeros, ¿e yb, >. teran. pustle. 508. tenat
torquemada_v1	313319	313.319	digit-group	other	lipinas. 65 4. 1.com atte. 65m. [. * trigo * tres cofechas villas en noe va efpana. 9. 1. iu abundancia en «atlixco. 313.319. da 100 por vno en la puebla de los angeles. z 1.4: 1.cuidado que tuvo el obifpo fusen-leal . de que le lembrale. 507
torquemada_v1	2613	2.613	digit-group	other	y otomsies. 258. 2. le rebela contra nopalrxin , y la fofiega. 66: ra * tule,o tulli,s. la efpadana.15 8. - 2:290.2.613. 1. fusraices comian al principio losmexicanos 93.1.290. ze a trellz, * tu!lla. * prveblo de otomies. 322. 2a ati i
torquemada_v1	1290	1.290	digit-group	other	fiega. 66: ra * tule,o tulli,s. la efpadana.15 8. - 2:290.2.613. 1. fusraices comian al principio losmexicanos 93.1.290. ze a trellz, * tu!lla. * prveblo de otomies. 322. 2a ati is tulla, e o tullan, provintis poblada primero por los 
torquemada_v1	37256	37.256	digit-group	other	 1. y lo que les fucedio. 80.81. 1. fusgrandes edifcios.3 7.16 tulreca , es nombre apellativo de artifice diexro. 37.256. 2. y de aqui gran tulseca, el que hace bien lus negocios. 255.2. tulrecas. bien difpueltos. 37.2. pri. meros p
torquemada_v1	2605	2.605	digit-group	other	exico; y va con villanueva 4 notificar la cedula real a miunod.63 6. is ! vafio de quiroga * qidop de mexico. 31%, 2.605. vatargas. pueblo. enla coffa de lugon, tigo td a y * ubas. * $. 2:678. 1: ho le aprove- chan de ellas los indios,
torquemada_v2	2000	dos mil	words	other	 aguas de efectos particulares. 609. y cap. xxxix.donde fe dice de v na cordillera de sterras , que corre por mas de dos mil icguas en clta nueva-e/pana, y colas particulares de ella. 61.1. de cap. xl.que profiguc la mareria del pafado, y fe
torquemada_v2	435	quatrocientos y treinta y cinco	words	other	no cra olvidado de todo punto ya de los hombres , maiormente, que hafta el tiempo de enos, no avian palado mas de , quatrocientos y treinta y cinco anos de la creacion del mundo , fegun cuenta de jofepho , y san ifidoro en [us ethimclogias 3 porque alos docientos y t
torquemada_v2	435	quatrocientos y treinta y cinco y,	words	other	, engendro a setli ; y seth a enos a los docientos y cinco de iuu nacimiento, los quales dos numeros , hacen dicho de quatrocientos y treinta y cinco y, en cuio tiem po le comenco por cl , efta invocacion. querra, pues , decir ¿ que co. menco a invocar el nombre de el se
torquemada_v2	1000	mil	words	other	ando fe comete ,mas manchado , y amancillado queda (ul santilimo nombre , queen lo fegundo: porquanto lo vno,es en si mil= mo5 y lo otro , en perlona agena. y el dano , que el proximo recive de otro, no amancilla a dios, ni le mancha lu a
torquemada_v2	1000	mil	words	other	mente , que eftando obicurocido , y en las tinieblas del pecado, no acierte el hombrea dar palo , que mo fea para dar mil caidas , y cada vna de ellas de muerte , y condena= cion eterna. por lo dicho , no fe ha de entender , que es culpa 
torquemada_v2	1000	mil	words	other	, que en las colas claras, y llanas eite el prcador cregu, y no lasentienda , niconozcoa la vetdad, aunque la rodee por mil parres. ¡e p/ulta.68, pfxim.774 deate, 2 8: ifazas 19. ifaizs 6, ifiias 64. pfal, 136. daa e
torquemada_v2	1000	mil	words	person	os 3 y en conclulion , fuercn tan= tos, que fegun cuenta de los qu: bien han tratado de ellos , palaron de trein= ta mil; y con fer tanto efte numero, es el de los indios de elta nueva-efpana, inaior, y puedele decir , que al demonio , in
torquemada_v2	500	quinientas	words	other	e la florida) haltarla punta deparia., quetesen la “fierra-firme , comencanco del poniente al oriente, bien por mas de quinientas leguas de mar: y rambien por la cofta del mifuo mar, las genzes de la tierra-firme, poraqueila ribera de paria, y ted
torquemada_v2	1000	mil y	words	other	o en cierta parte de la tierra , llamada chiconioztoc;, que quiere decir: siere-cucbas ; y que luego lalicron de £l , mil y feticientos diofes, y diofas. cap. xx. que trata de el dios tezclatlipuca , y de los atributos, que le aplicaban
torquemada_v2	400	quatrocientos	words	other	como en otra parte henjos dicho. los companeros de elte fingido dios, fe llamaron centzontotochtin, que quiere decir : quatrocientos conejos, que 10 se por que les dic-' ron elte nombre, otro dios huvo de los combites; llamado gmacadl , que quiere d
torquemada_v2	1000	mil	words	other	!os que la quii1eron tedio y por encubrir tu deshoneitidad , haciendo etto coman coilumbre, higo a los de chipre viarlo mil mo, €s afaber, que tus hijas donzellas ganaten con los eftrangeros , con que cafaric ( como decimos en otra parte ) la
torquemada_v2	1000	mill	words	other	rido , nuettro senor, verdadero dios de lus honmbres, y le puliele en olvido el fallo culto del demonio , que en elos mill mos lugares le hacia, y obraba, or: 2d noa . donde de dice > y declara el origen y y principio que tuvieron das imag
torquemada_v2	32000	treinta y dos mil	words	person	uales dice hefiodo , y lo rez ficere blondo de roma , triunfinte, que fe hallo por cuenta aver adora» do los hombres treinta y dos mil diofes ¿ y no es maravilla , que los que creicron en tantos palos, y pic= dras; reconozcan por diofesde fuantojo todas
torquemada_v2	33000	treinta y tres mil	words	person	a etpada, con muchos de fus aliados, y. parciales , y comienca a herir en los culpados , hata quitar la vida a quail treinta y tres mil hombres. pues veamos aora : movioie moitcn por agravio propio, que en fu perloma inviele recibido 4 a hacer=elte exem
torquemada_v2	1000	mil y	words	other	que caio €n cierta parte de la tierra , donde decian chicomoztoc, que quiere decir siere-cuevas. dicen lalieron de el mil y 1cifcientos diotes*, y dioias , los quales dicen, que viendote ati caidos, defterrados, y lin algun fervicio de hombr
torquemada_v2	1000	mil	words	other	ia , y no renian en tanta como a elte a los bal tiones , 0 figuras de piedra, o de palo , que cllos hacian. refiere el mil mo padre frai andres de olmos , que el hallo en tlalmanalco vno de eitos idolos embuclto en muchas mantas, aunque ya 
torquemada_v2	1000	mil	words	other	s idolos, af de bulde la 2aonarauia indiana. 8 bulro , como piritados, fino que demas de cito, los tenian ciegos en mil maneras de hechicerias , y tuperiticiones. entre las quales vnos viiron de vna manera de labatorio, o bano 3 y los lla
torquemada_v2	1000000	millones	words-millon	other	ciones, a las quales cftos naturales han hecho aluiion, y han imitado. ] de los animales de la tierra iabemos ( y ai millones de elcritores, que noslo dicen ) aver fido confagrados , y ofrecido' a los idolos y en sacrificio , en efpecial , las 
torquemada_v2	500	quinientos	words	other	le embiaien fiete manccbos , y otras tantas donceillas, parasque le fierificalen en greta ; lo qual , dicen , duro por quinientos anos ; haita el riempo de socrates, elto dice acnomao , fiofofo , hablando contra el miimo ayolo-, de quien cambien av
torquemada_v2	1000	mil	words	other	los dituntos ofrecidos, y ninguna coia de ellas cortaban ; pero contideraban inucho las venas de loslados; y dandoles mil buelrtas conjeturaban ¿ por las fenales que hailaban en ellas, las colas que querian faber; para cuio intento avia ti
torquemada_v2	400	quatrocientos	words	other	, por la, comunicacion ran larga , y continuas que tuvicron con los moradores de la tierra , que les duro tiempo de quatrocientos anos 3 porque como: en efte reino fue cafi el origen de la idolatria, y donde (a lo menos mas tiempo , y con mas fuer
torquemada_v2	20000	veinte mil	words	person	 em via. gasty que elcrioo de las colas inzmorables de la tierra , que eran cada ano eltos ninos facrificados mas de veinte mil por cuenta. siendo efto alt , no se como jofeph de acoita , puio en el libro, que intitula : hiftoria moral de lndias
torquemada_v2	480	y quatrocientos y ochenta	words	other	 aquel memorable tabernaculo, alalalida de la oprelion de egipto, y entrada en el delierto; como fe cuenta enel exodo. y quatrocientos y ochenta anos delpues , aquel celebre, y fumptuolo templo de salomon , como fe cuenta en el tercero de los reies. la ragon , pot
torquemada_v2	1000	mil y	words	other	vno , que parece ler el mas antiguo , dice efte hiftoriador , que tenia en circuito, y ruedo trece eftadios , que fon mil y feiicientos y veinte y cinco pafos, de altura quarenta y cinco codos, fus muros, o paredes tenian de gruelo vemte y qu
torquemada_v2	40000	quarenta mil	words	other	mui bien hechos , donde los senores , y senoras le banaban. dicele, que para lervicio de cite templo avia determinados quarenta mil. hlonibres , perlonas , que por fus tiempos , y veces; tenian ; de todas las colas iecelarias, cargo: cap. v 1. 
torquemada_v2	400	quatrocientas	words	other	 se 11 feria poiible encarecer la grandeca , y numero de los templos grandes , y fumpruofos que avia en contorno de quatrocientas leguas en elta tierra, quejlamamos nueva-efpana. la forma comun de los edificios de eltos templos en elta tierra , 
torquemada_v2	500	quinientas ,	words	person	, que parecian de ninos, y caulabalo el averie enjugado , y lez cado mucho. de eftas cabecas avia larras , vnas de a quinientas , otras de 4 mil , y muchas de a mas , y eran muchas las perchas , y lartax les: y (1 por el largo tiempo , que eitaba
torquemada_v2	1000	mil , y	words	person	y caulabalo el averie enjugado , y lez cado mucho. de eftas cabecas avia larras , vnas de a quinientas , otras de 4 mil , y muchas de a mas , y eran muchas las perchas , y lartax les: y (1 por el largo tiempo , que eitaban €n aquellas percha
torquemada_v2	400	quatrocientos	words	other	ofes centzonhuitznahuac , que fe llamaba huitznahuacteuhcalli , en la qual facrificaban vn cautivo , en honra de eltos quatrocientos fallos diotes ; el qual para el sacrificio , falia veitido de las veftiduras de eftos diotes , y en el mes, que fe lla
torquemada_v2	400	quatrocientos	words	other	mucho acompanamiento el dia de lu ficita. avia otro “templo , dedicado al dios centzuntotochti , que quiere decir : quatrocientos conejos. ette era como el dios baco , dios ae los borrachos, y lacrificabanle elciavos, vno tepeztecatl, y otro totol
torquemada_v2	40000	quarenta mil ,	words	other	rguia indiana, les”, y edificarles calas , y templos, y en tan crecido , y aventajado anmero, que pienfo palaron de quarenta mil , entre chicos , y grandes , y lo que con verdad fe afirma , por quien lo vido , es , que fola la ciudad de cholulla cen
torquemada_v2	3000	tres mil, y	words	other	e 161 bufiris, del qual le dice, que bojcaba mui y [cilcientos y vemte y ocho palos, y los referidos mas de tres mil, y de alto masde cinquenta eltados , altento, y cavillas, avia en los cimientes , y paredes de eftos templos tum grand
torquemada_v2	500	quinientos	words	other	, o tit. livias, decad 4 libos 7 7s _ lolo tenian las paredes , y cubierta * 162 periales 3 cuio pefo erari quinientos cuftellanos : pelo bien diferente , y mucho mas excelivo , que el de el templo de jupiter, culas lamas , y hojas , co
torquemada_v2	40000	y quarenta mil	words	other	 , y ficte de ancho, citada todo cubierto de oro ey de piedras preciolas , para cuia guarda avia quarenta porteros , y quarenta mil perfonas para fu fervicio , y el de los palacios reales. | el templo real de la ciudad de el cuzco , cabeca de aquel 
torquemada_v2	10000	diez mil	words	other	 pumo. y elle delpojo fue el que fe ofrecio a dar el rei atabaliba, quango le prendieron los efpanoles , y juntamente diez mil catear de plata, y que le iiciele va cercado enmedio de la plaga , de ciertos palos en tedondo , y que lo hunchiria to
torquemada_v2	5000	cinco mil	words	other	ntenimiento de los sacerdotes , y los demas miuiitros , que fe ocupaban en iu fervicio, que ordinariamente eran mas de cinco mil perfomas , las quales todas habitaban de noene , y de dia en cl dicho ten:plo, a los quales los dichos templos fulien«t
torquemada_v2	400	quatrocientas	words	other	cio le gaftaba , que cra vna haci na de vn eftado en alto, y diez bracas en largo , que entraban en el monton mas de quatrocientas cargas de indioz, y era dos veces tanta cail , la que gaftaban los templos , como lo vi pintado en los caracteres de 
torquemada_v2	22000	veinte y dos mil	words	person	, y afirma , particularicando la muclia fuma de ello ¿ que aquel dia de fu dedicacion fueron muertos donde murieron veinte y dos mil vacas , y novillos ¿ ciento y veinte mil oves jas , y carneros. y quando tralan el arca del teitamento , venian ha= 
torquemada_v2	120000	ciento y veinte mil	words	person	a fuma de ello ¿ que aquel dia de fu dedicacion fueron muertos donde murieron veinte y dos mil vacas , y novillos ¿ ciento y veinte mil oves jas , y carneros. y quando tralan el arca del teitamento , venian ha= «ciendo sacrificios de cftos aniimales, 
torquemada_v2	1000	mil	words	other	dico el templo maior de mexico , y-fue en el puelta la eltatua de huitzilupuchtli, murieren aquel dia mas de fefenta mil cautivos , celebrando con fanere humana las fieftas infernales , y apagaudo con ella la fed de cl demonio , que por ell
torquemada_v2	400	quatrocientos	words	other	 lo manda= ba. otro satrapa ; o 3acerdore avia' de mui grande autoridad , llamado owmetochtli , el qual prefidia a quatrocientos sacerdotes , que le llamaban centzonrotochtin , y cran del lervicio, y templo del dios del pulque , que fe llamaba tezc
torquemada_v2	1000	mil	words	other	vnos plumeros de garcotas blancas. efte dicho tenia otro vicario , que fe llamaba ometochtliyyauhqueme , que tenia el mil mo cuidado. avia otra dignidad , llamada ometochtliromiauh , que lervia al dios de el miimo nombre, y a iu templo, y m
torquemada_v2	1000	mil	words	other	cio del demonio , lo-que hacian , lo qual , no lolo no era de alabanca , nihionra, pero de oprobio, y menofprecio del mil mo demonio , a culo fervicio [e hacia 3 porque viurparie vno la gloria que no tiene , bien leshecha de ver, que antes 
torquemada_v2	450	quatrocientos y cinquenta	words	other	acerdotes adrvinos , y agoreros. y por la mifima cauia la maldita reina gecabel, que fervia , y adoraba a baal, tenia quatrocientos y cinquenta de eftos , como le lec enel tercero de los wes ics. la inclinacion , que decimos aver tenido los judios , a elte modo 
torquemada_v2	900	novecientos	words	person	eminente de touas , y ello por ell pacio de trecientos anos, que vivio deipues de el diluvio : cura vida toda, fueron novecientos anos. govetno a los hombres de lu tiempo, ordeno ciudades, eftablecio leies , pre= mio buenos , y caftigo malos : todo 
torquemada_v2	100000	cien mil	words	other	. elto higo fiempre en el mundo (en todoslos oraculos, que porel ha avido derramados , donde encre vna verdad , decia cien mil mentiras. y 1mut en tor.? lit 19. c30.6. a sup. lib.4. €3p. 9. yt 10» de la monay a indiana, en pa
torquemada_v2	4000	quatro mil ,	words	other	 que vso de efta divina invencion , fegun san liidoro. y para clto ordeno jos cantores, y leviras, que fueron mas de quatro mil , en numero , como ya hemos vitto , para que quando los sacerdotes eftuviefen ofreciendo lus sacrificios , los cantores
torquemada_v2	10000	diez mil	words	other	ncontradico, que devia de ir puulina, a alguna de fus romerias, y devociones, y dixola: paulina , difteme a ganar las diez mil dragmas que te daba , con que pudieras hacer ricos 4 aigunos de tus €riados 3 y al fin , no taltalte a cola ninguna d
torquemada_v2	1000	mil	words	other	bajo , y para otras colas , que fe hacian. y ai1 como con ellas eran incitados , y defpertados al trabajo, con ellas mil> mas eran otra vez llamados a defcan= lar , y recoger. de manera , que el vio de las campanas fue gentilicoz y que 
torquemada_v2	1000	mil	words	other	 fu minilterio, mas alegre , y pacificamente : los animales le confortan , y animan els tando juntos , fiendo de vna mil ma elpecie , y procrean , y crian ius hijuelos ,con mas ardimiento: la ciudad , que es coneregacion de hom= bres , es 
torquemada_v2	1000	mil,	words	other	eitad, y autoridad del quelo ordeno , y hico , en elpecial confiderando la muchedumbre de los combidados, que fucron mil, el concierro , con que le fentaban a la mela, precediendo los viejos , a los mocos , y los de mas calidades, a los no 
torquemada_v2	1000	mil	words	other	r la embidia grande del demonio, y quanto pros cura imitar a dios , eh todo lo que puede , y tiene de permilo de ele mil= mo dios , y senor nueltro , pues' quando en lu iglefia le celebra fiefta de lu prelentacion , y ofrenda de tor= to
torquemada_v2	1000	mil	words	person	 fu lugar ; don= de le ponian , con grande reverens cid» luego fala gran numero de gente ¿ con ramilletes hechos de mil fiores , y mui curiofos , y hen= chian el altar de ellos , y toda la pieca , y patio ¿ y quedaba todo tan acompanado 
torquemada_v2	1000	mil	words	other	 que atunandolo , por elotro (que es cola trilte la hambre , y hace vil, y villana la fangre noble , y aun obliga a mil bajecas. ) aunque no corria tanto elto en fu gentilidad , con todo eran los mas ricos los mercaderes; porque gocaban de
torquemada_v2	8000	ocho mil	words	person	codornices , y eran tantas, que cubrian el fuelo , por donde iban 3 y vez huvo ( fi no era fiem3 pre) que pafaron de ocho mil ; porw que para efta fiefta jas buicaba la gente , que a ella venia de ias de diez , y doce leguas la tierra aden« t
torquemada_v2	2000	dos mil	words	person	 entes avian levantado , ataban aipas dos feis cautivos, o prelos en guera ra ; y £ltaban debajo a la redonda mas de dos mil hombres, y muchas os fstas 13. de la monarquia indiana. chos con flechas, y arcos en las manos; y eftas gente
torquemada_v2	500	quinientos , y	words	other	e efla manera facrificaban elte dia cn la cabecera de ocotelulco , que es la que 30ra le llana de maxixcatzin , mas de quinientos , y en la de tepeticpac, que es media legua mas arriba , que lc nombra de tlehuexolotzin , pocos mas, o menos de ciento, 
torquemada_v2	1000	mil	words	person	mbra de tlehuexolotzin , pocos mas, o menos de ciento, y en otras parres otros 3 de manera ¿3 que venian a fer mas de mil hombres los (3crificados; cuias animas fe llevaba ej demonio aquel dia al infierio , por la infidelidad en que morian 
torquemada_v2	1000	mil	words	other	orque en elte tiempo eltan los panes , y todas las mieles , en leche , y lfolian elarfe, y aun agora ha acontecido lo mil m0 , por cauia de que algunos anos, por elte mes de maio , ha elado, y icla 3 y quando no ciava , decian, la relvalo 
torquemada_v2	1000	mil	words	person	e gencro de mugeres , era mui deshoncito , y defvergongado 5 y quando fe arrojaban a morir , le iban maldiciendo a si mil mas , y diciendo muchas deshoneltidades, infamando a las mugeres bues nas , recogidas , y honradas. salian en elta fie
torquemada_v2	1000	mil	words	other	 elcrivir eltos libros tenia , de como fe podia tener noticia de fus cofas, y referir con puntualidad lo fucedido de mil anos atras, como lo hazen. para hacer efta rueda de cinquen= ta y dos anos, los contaban de qua: tro en quatro , al
torquemada_v2	1000	mil	words	other	mera tanda. luego para la legunda comencaban -del'fegundo.$iguo , que es acatl , y con.clujen el numero de trece en el mil mo. luego la tercera ,-en.el tercero, y acaban en el 53 y la quarta,en el quarto , que es cala, y acaban.en el milno. 
torquemada_v2	1000	mil	words	person	 icaro, pegadas con cera, y ali no le valieron ; y vino al luelo ¿ antes que jos companeros, que volaban , y fe hico mil pedacos; pero no por elto le mando quitar, antes volaron en el ; otras muchas veces, halta que el dicho madero fe pudrio
torquemada_v2	120000	ciento y veinte mil	words	other	los, y ciudades, que por todos eltos reinos ai, y [er tantos en fu gentilidad, que fola elta ciudad de mexico renja ciento y veinte mil calas 5 y la de tetzcuco, ciento y quarenta mil (como en otra parte hemos dicho ) y en cada caia, a quatro , y a i
torquemada_v2	140000	ciento y quarenta mil	words	other	y [er tantos en fu gentilidad, que fola elta ciudad de mexico renja ciento y veinte mil calas 5 y la de tetzcuco, ciento y quarenta mil (como en otra parte hemos dicho ) y en cada caia, a quatro , y a ieis vecinos, y paiaban en muchas, haita diez , l
torquemada_v2	1000	mil	words	person	 qual nombre fe denominaba toda la 1sla. quando efte rei uxmatex era llamado de guarionex , le acudia con diez y [cis mil hombres de pelea , y mas ; pucltos en campo. a otro senor huvo mas a la parte de septentrion de aquella isla, lia m
torquemada_v2	1000	mil	words	other	s: hacen temblar jos tubditos a vna ojeada , que den fobre ellos ; pero, en quitandoie de delante , les arman mil rraiciones : pues quien eltara feguro ? el rei piadofo , y clemente, porque eita es virtud amable , y de grande eltima
torquemada_v2	4000	quatro mil	words	other	tras de caftilla $ pero mas fabrofas fus carnes , andan eu grandes , y populolas companias , y fuelen paiar de mas de quatro mil perlonas. su govierno es por familias , y capitanes 3 de manera, que [on parciales en el mandar, y cada vno obedece al
torquemada_v2	1000	mil	words	other	 de la qual dijeron nueitros elpanoles ; que la vieron al principio de la coriquil ta ¿ que tenia mas de (eifcientos mil motadores ; era governada de reies, - «y senores en eltado politico ; y.mof a 11455 narquico ¿ y lo mifmo la de xa
torquemada_v2	1000	mil	words	other	martir , habiando de fu defcubrimiento , que yn senor de yu pue! blo petr.marz. 3.6cc.c4.2o 346 blo de tras mil cafas 5 llamado campech , moftro a los primeros delcubridores vn lugar donde eran pueltos, y caltigados los malhechores
torquemada_v2	1500	mil y quinientos y	words	other	dores de la miilma republica a elpana , a la prefencia de el emperador carlos quinto , de perpetua memoria, el ano ac mil y quinientos y quarenra , a pedirle , y fuplicarle les confirmaie aquel privilegio , lo qual , con otras muchas colas, que aora noe le
torquemada_v2	30000	treinta mil	words	person	ra confervaron lu cindad, en mucha paz , y tranquilidad, que de otra manera , como elta dicho , no fuera polible , que treinta mil vecinos como tenia fola'la ciudad, un la muiritud derramada por iu co:m2t= ca , y provincia , (e coalervara, y das 
torquemada_v2	1400	mil y quatrocientas ,	words	other	os. la comida que le daba a cada senor era mucha; y gaftabale, en la de folo elte dia ; de gallinas de la tierra mas de mil y quatrocientas , 0.mil y feiicientas ; y crece la admiracion , no tanto por [er tanto el numero , quanto porque los mas eran gallos, qu
torquemada_v2	1000	mil y	words	other	a a cada senor era mucha; y gaftabale, en la de folo elte dia ; de gallinas de la tierra mas de mil y quatrocientas , 0.mil y feiicientas ; y crece la admiracion , no tanto por [er tanto el numero , quanto porque los mas eran gallos, que llaman
torquemada_v2	1000	mil	words	person	, y pecados, fegutrle hian otros maiores. como ii puz licle lei , que proliibiete la fornieacion limple, leguirle hian mil adulterios , y vendrian a matarie los hombres, y otros muchos males , como dice san aguitin;z y ali, en aquella tal eej
torquemada_v2	1000	mil	words	other	 ) darle lu haciend1,como hombre calado, y que tenia caly , entremectio yn vale ( entre otros papeles ) de quaren= ta mil pefos de folas colaciones, que fe havian galtado en el cafamiento; y fieltas 5 y por elte vale le hechata mui bien de
torquemada_v2	1000	mil	words	other	adre de la piiofofia natural ) dv. mar- como quiere juan ravilio en lu ofition. es in cina. y de los francefes dice el mil ap:10g ad- m9y eutebio , en el ligar citado ; que po s%% fe cafaban los mogos, vnos con otros, ecjol. t;.5, mm verguen
torquemada_v2	40000	quarenta mil	words	other	ano pafado de.1605; ci ciery ta periona de elta ciudad de mexix3 co ¿que en menos de vn ano hiw co baratas de mas de quarenta mil petos , de cofas ; llevando a todos lo que podia , para la malicia , que. tenia determinada 5 luego dio en des cir, q
torquemada_v2	1000	mil	words	other	las pagale lu trabajo. orras colas anade feilimas acerca de clto , cuila beftialidad enfada , y callo, poracabar. elto mil mo teftifican , quinto curcio en la hi(toria de alexandro , y eftrabon en lu geografia 3 y el miimo curcio dice de la
torquemada_v2	1000	mil	words	other	leza , y mui: inclinados 4 infamias ¿ y vilegas ; y que era fuerca , que toda aquella multitud fueie , cada dia , de mil eri peor, abalancandofe a vicios ; y maldades ; y concluie don decir : que hombres nacidos de tales partos , que no
torquemada_v2	1000	mil	words	other	tros, quediran los.del pue. blo, con mas licencia ; que los que lo governaban , y con autoridad de calarie , con tien mil muggetes, li tuvieran polible , y caudal, para [olicitarlas , y traerlas a cala. pero dado calo , que para todos fue 
torquemada_v2	1000	mil ,	words	person	elconcertar vn mundo, bafto a los principios vna muger, para delconcertar a vn hombre , “que no haran' treinta > pues mil , que eftrago haran ? digalo salomon, lt acalo “la palion fenfual le dejo juicio 5 para entenderlo; pero quan= do el l
torquemada_v2	1000	mil	words	other	re del dia, en que havia nacido , o legen lo que precedio en fu nacimiento ( como dirds mos en otra ocafion ) que lo mil mo fucedia a los antuguos. » y a illes edo de dc ade yutaban figura los falfos afro» logos de c/ta nueva
torquemada_v2	47000	doce, quince , y veinte mil	words	other	jas , en mucha adiadancia y fue qa los reinos de el piru , y en tanto numero ; que ha via rojas , y manadas , de a doce, quince , y veinte mil. de cftas hay via tres efpecies ( y las ai aora ) 4 la vna llarrian los moradores de. la tierra , llamas , y a los c
torquemada_v2	1000	mil	words	other	ce mas de maravillar es , el oficio , y arte de las brar de pluma , con fus milmos naturales colores, alentada , de la mil. ma manera , que pueden los mut pri. de la m onarquia indiana. primos, y pulidos pintores , con delicados , y
torquemada_v2	100000	cien mil	words	other	 ali los llaman ) conforme las colores , que pide cada parte de la figura , enria gueciendo el campo , y quadro con cien mil menudencias , el qual queda mui lindo 3 y delpues de haver fers vido , en la ocalion , para que fe hico , fe piden pa
torquemada_v2	1000	mil	words	other	er hecho aquella buena obra al cuerpo difunto. y luego en el capitulo octavo, que intitula de milagros , dice, de elte mil mo simonides , que eltlando vn dia cenando en el friclinio , con muchia gente , en yn gran combite, en scopa ( barrio 
torquemada_v2	1300	mil y trecientos	words	other	[u cuer: po, cn lu lepuicio grandes riquecas, cula grandega (dice luego ) le ve1acn ello: que haviendole pafa= do mil y trecientos anos delpues de fu muerte , y haviendo fido la ciudad de' jerutalen fujeta , y cautiva por el ri antiocho , llamado 
torquemada_v2	3000	tres mil	words	other	niendo dinero , ni teloros, con que redimirle , abrio vno de los [e= nes de el tepulcro de david , y fa. co de el tres mil. talentos , y dio la maior parte de ellos al rei, con que fe. contento , y algo el cerco de la ciudad, y te fue c
torquemada_v2	1000	mil	words	other	 miembro , y parte de las interiores , con vino finiceo , que era mui preciolo , y fino , hecho, y confeccionado con mil varias coias, y olores. delpues de elte labatorio vntaba todo el cuerpo , con jugo de cedro , que (como hemos dicho ) 
torquemada_v2	500	quinientos	words	other	e los soldados pueitos, en orden; ¿4fues ro de guerra ,'iban marchando del liinte? del cuerpo, a los quales leguian quinientos de (us criados», cor muchos'olores*, y “colas aromaticas , y odoriferas , para la plenaria expcalcion “del eii ittro”, 
torquemada_v2	10000	diez mil	words	other	 de los hombres , que renian cargo de ellos 5 y concluie plutarco con decir , que gaito en fu entierro , y oblequias diez mil talentos, eite modo de enterrar los principes con mageltad , y graudeca , ha fido mui viada coftumbre , como lo her
torquemada_v2	1000	mil	words	other	tierros fuelen hacerie , dicen , que el rei alfonto galto, en el entierro .de lu padre don fernando , diez y fiete mil coronas font los romanos acoftumbraban eltas ceremonias , con grandifimo citruendo 3 porque el dia , que enterraban
torquemada_v2	1000	mil	words	other	rcol 3 y ali los inetian en el eltiercol , en el cieno ; y lodo; para haverlos de enterrar 5 y eltrabon cali dice lo mil: mo 5 y luego los enterraban , con la mageltad , y grandega, que a los reies fe debia. acoftumbraban tambien canta
torquemada_v2	1000	mil	words	other	uego inmediatamente queda aquel lagar , con particular veneracion , y fugrado 53 y no es licito bolver a aplicar aquel mil mo lugar a los vlos humanos. pues i1 los cuerpos de los difuntos fueran enterrados, entre las tiendas, y lugares de lo
torquemada_v2	500	quinientos	words	other	tierra ) y (le cubrian con paja, o heno , y de elta maneta he vil to jo en tierra de chichimecas, compania de 1as de quinientos gan, dules ¿ en yn campo railo , por don. de palabamos , y eltar eltondidos en las cepas de la lerva mvi bajas que e
torquemada_v2	500	quinientas	words	other	ocinas, camaras. , y braleros de palacio, que eran muchos -¿ -havian meneiter atedia9a, 547 ( e menos” cada dia ) quinientas cargas de tamemes , que ion mas de «il arrobas 5 y los de l invier1o0,annque no es mul alpero , mucho mas. para las tl
torquemada_v2	1000	mil, y	words	other	que va enfanchando, y hinchendo el eorro. los que andan en elte medio , en los grandes pueblos , folian (ler ¡mas de mil, y a las veces mas de dos mil; y demas de eltos , a la redonda anda vna procelion de dos ordenes, de mancebos , grandes b
torquemada_v2	2000	dos mil	words	other	chendo el eorro. los que andan en elte medio , en los grandes pueblos , folian (ler ¡mas de mil, y a las veces mas de dos mil; y demas de eltos , a la redonda anda vna procelion de dos ordenes, de mancebos , grandes bailado.. res. los delante
torquemada_v2	1000	mil , y	words	other	al que va junto , o tras els > no eran tan pocos los que iban en eltas dos ordenes ¿ que no llegaien a fer cerca de mil , y otras veces mas , fegun los pueblos, y las freltas. en fu antiguedad , antes de las guerras, quando celebraban fus fie
torquemada_v2	7000	tres , y quatro mil, y	words	other	ntiguedad , antes de las guerras, quando celebraban fus fieltas , con libertad ¿ en los grandes pueblos fe aiuntaban tres , y quatro mil, y mas a bailar : mas aos ra como le ha diiminuido , y apocado tanta multitud , fon pocos los gne fe juntan a bailar. qu
torquemada_v2	1000	mil	words	other	trahaciendo a otras naciones , y mudando el lenguaje. eftcs que digo, lon trubanes , y andan fobrelalientes , haciendo mil vilajes , y diciendo mil gracias , y donaires, con que hacen reir a quantos los ven, y, olen 3 vnes andan como viejas,
torquemada_v2	1000	mil	words	other	nes , y mudando el lenguaje. eftcs que digo, lon trubanes , y andan fobrelalientes , haciendo mil vilajes , y diciendo mil gracias , y donaires, con que hacen reir a quantos los ven, y, olen 3 vnes andan como viejas, otros como bobos. aa ti
torquemada_v2	1000	mil	words	other	altan , con ambos pies encima; y otro, tomando por lo bajo el palo , levantando al que eftaba encima , andan haciendo mil monerias. yo lie viito elle juego , y todas las veces que le veia, me parecia nuevo, y de grande adimitacion , aunque 
torquemada_v2	100000	cien mil	words	other	lta en la poblacion de san juan , que es vna placa tambien mui graude 3 de fuerte, que en cita, y en la palada caben cien mil perlonas , con fus mercaderias. havia todos los dias de la semana , gente en eite mercado ,,0 tianguez ( que: alt lo 
torquemada_v2	1000	mil	words	other	as ) y lane.ro.c.y 1. cetas , facadas de eftas piedras , en s ye la manera , que en otra parte decimos. vendianie mil maneras de conchas , y caracoles ¿ pequenos , y grandes , hueios ¿ chinas , elponjas, y otras menudencias , y muchos d
torquemada_v2	8000	ocho mil	words	other	ado de efto, cali todos venian, en decir , que cada cinco dias le debian de vender ceciquipilli , que quiere decir : ocho mil aves; y porque no pienien , que aquel venderle las aves, en tanta multitud, que es en lolo vn dia de mercado, o en al
torquemada_v2	500	docientas , trecientas, y	words	other	ana , y fue tal , que en el pueblo, y cafa , que entraba apenas dejaba ninguna : muchas cafas huvo ; en que murieron docientas , trecientas, y otras a quatrocientas , y quinientas ( porque tanto era el numero, que havia de ellas ) y cafi todas fe las llevaba , 
torquemada_v2	900	quatrocientas , y quinientas	words	other	 y cafa , que entraba apenas dejaba ninguna : muchas cafas huvo ; en que murieron docientas , trecientas, y otras a quatrocientas , y quinientas ( porque tanto era el numero, que havia de ellas ) y cafi todas fe las llevaba , y confumia 5 y lo que ponia admiraci
torquemada_v2	1000	mil y	words	other	 y como decinos , loros. pues [impuelto lo dicho , digo , que como todas eftas indianas regiones , por laritud mas de mil y ochccientas leguas, lon mui templadas, algo mas, y algo menos , legun la figura , y alpccto del cielo, clemencta de l
torquemada_v2	1000	mil	words	person	 blo cantandole aquel defabrido mo< te , para el rei saul , y tan alabanciofo para david , que dice : saul mato lolos mil 3pero david diez mil; como dando a entender en elto las mugeres de lirae , que lo iban cantando , que la gloria de dav
torquemada_v2	10000	diez mil	words	person	aquel defabrido mo< te , para el rei saul , y tan alabanciofo para david , que dice : saul mato lolos mil 3pero david diez mil; como dando a entender en elto las mugeres de lirae , que lo iban cantando , que la gloria de david , cn aquel tan c
torquemada_v2	700	trecientas, y quatrocientas	words	person	acia , y hermofura. los de la isla de-cubas, y xamayca do: mie mo. ellas gentes de efios reinos de la nueva elrena , trecientas, y quatrocientas leguas, al derredor de me. xico , fon de mui buena , y graciola difpoticion , y al mugeres , y las ha havido fiempre ,
torquemada_v2	2000	dos mil	words	person	en lu martirio , y muerte ) lalieron companias de soldados a prender a los mal hechores , y llevaron en lu compania dos mil indios amigos de la sierra de tepec; y en vna refriega, que tuvieron los vnos con los otros, mato yn tepecano, a vn g
torquemada_v2	1000	mil	words	person	endiendoles la cruel. dad ; pero agraviaronie ranto los indios de ello , que aquella noche fe bolvieron 2 fus tierras mil de ellos, afrentados , y fentidos, de que noles huvielen dejado vengar de fu enemigo, a la vianca de lu beftialidad: 
torquemada_v2	1594	mil quinientos y noventa y quatro,	words	other	os que lo han vilto: aora ha celado de humear , por mas de diez, y ocho, 0 veinte anos, y fue el ano que ceso, el de mil quinientos y noventa y quatro, por el mes de o.tubre , como ni mas , ni menos dicen los antiguos que ha fucedido , en los tiempos paludos , aunque ¡a
torquemada_v2	1500	mil y quinientos	words	person	a abierta , y fu abertura es del miimo tamano , y grueio de fu cabeca , y tiene efta abertura , en redondo , mas de mil y quinientos pafos; efta aber. tura , y hueco , con [us paredes, €n lo alto , y en lo bajo, es tan patente, y manifielto como lo es
torquemada_v2	500	quinientas	words	other	dado mas cita dad: en el pira ha (1do coia maravilloia , y mucho de notar , que deide chile , a quito, que fon mas de quinientas leguas, han ido -los terremotos , por fu orden , cortiendo, digo los grandes, y famolos, que otros menores han fido or
torquemada_v2	1000	mil	words	other	 eltruendos , vnos con ruido como vn batan, otros como molino; otros como fuelles , otros como quien ronca , y otras mil formas , y maneras 3 en algunas parres fale el agua turbia , en otras clara ; en otras co. lorada , en otras amarilla,
torquemada_v2	2000	dos mil	words	other	 de la monarguia indiana, capitulo xxxix, dota de fe dice de vna cordillera de sierras , que corre por mas de - dos mil leguas , en ela nuevas efpana , y cofas particua lares de ellas. m2 obre la mar del norte, que es la que traen, 
torquemada_v2	2000	dos mil	words	other	mar del norte, que es la que traen, los que navegan de efpana, para eftas ind:as ; corren vnas serranias de mas de dos mil leguas de largo ; y aunque por efta parte de mexico, por la provincia de panuco , van mui anchas, vienen defpues a ena
torquemada_v2	400	quatrocientas	words	person	inre leguas de boca, y dentro hai mas de treinta leguas de ancho , y var por el navegando la tierra adentro mas de —quatrocientas legias : hai iidios bravos guerreros ¿que le defienden, y ofenden cruda , y rigurofamente. en elta tierra del rio de l
torquemada_v2	1540	mil quinientos y quarenta y	words	other	echalen humo de [us cumbres, havria grandes mortandades , y eio.5.cap. peftilencias ¿ y ali fucedio el ano 22.1: de mil quinientos y quarenta y €inco, que fue el ano de la gran pelti= lencia, en elta tierra, como en otra parte decimos. comengo efta sierra de mal
torquemada_v2	24000	veinte y quatro mil	words	person	nuo, en efpecialfobre tarde ; corre for meneda, en toda celta tierra generalmente; cuiniale por cargas , y cs vna carga veinte y quatro mil almendras , o cicaos; entre los indios tiene efta carga tres numeros , que fon tres xiquipiles , que cada xiquipil ti
torquemada_v2	1000	mil	words	other	 , o cicaos; entre los indios tiene efta carga tres numeros , que fon tres xiquipiles , que cada xiquipil tiene ccho mil grenos: solia valer a los principios de la conquifta , en las partes donde fe coge, a quatroay a cinco petos , ye pot 
torquemada_v2	1000	mil	words	other	s colas , en efpecial viaban de el eltos narurales en lu gentilidad , y de prelente no fe olvidan de lu vlo, perque cs mil fuave, y blando , en efpecial para ablandar el pecho apretado de algun frio. para lacar el aceite fe derrite con fuego
torquemada_v2	10000	diez mil	words	other	a dote.203.1. y le rempla recbiiendo 4 jorada. 202. raya al templo con el ,y le dota de “muchos bienes. zo te galto diez mil talentos en las” exequias de efeftion. . mi, 2, alexandro hijo de pitiho caso con olimpia lu hermana.42 1.2: a de
torquemada_v2	1000	mil	words	other	para embaliamar los cuerpos muertos. $09. 2. $10, 2. d. alon/o rey gafto ,en el entierro de fu padre diez y n fiete mil coronas. $5 a 5 altar. pojque le ma a. 127. 2.88 erigio en la ley natbral , para iacricar ¿ls por ban. 2040 [. | 
torquemada_v2	1000	mil	words	other	babylonia, lu ruina profetigada; 239. 2. y fucedida , y por que? 24.1. r. fu combite fue cen3 ? 239. rtituvo , mas de mil combidados: 241. 2. y en ella prelentes lus idolos. 240. 2. fi lacriz fico antes? 24.1: 1. burlandole de la profecia 
torquemada_v2	1000	mil	words	other	s8 el inftinto ; que la ragoii en algunos hombres. 428: 1. cabegas* delos lacrificados,enfartadas; en perchas de a mil ; y mas, en el templo maior. 14.7. 2:y lus capillas, y templos. 153: 1: como las renoyavan. 147. 2. 148: 1. [alas deft
torquemada_v2	1000	mil	words	other	 mantas; que de ofrendas juntava ,el sacerdote , por los pueblos: 2y0. 1: facrificabanle muchos animales, y mas de mil cantivos y y otros 3 en otras provincias. 290. camellos:cebados facrificaban losdr:zbes alios no tonocido:97+.1.da4 v
torquemada_v2	3000	tres mil	words	person	a para mamar a los banos , y a los trabajadores, y como fe aplico lu vio a la iglefa? 228. l. campeche * pueb!a de tres mil vecinos. 345. 1. como tcnia el lugar del sarplivio. 34.6. cam), 0 cham hijo de noe. 316. 1. es zoroa/les. 3 16 2. h
torquemada_v2	8000	ocho mil	words	other	de inquietos, y ladrones entre los indios. 576. 3.10 imagen llevavan los ladrones para robar.57 7 ais ceciguipilli s. ocho mil aves.559. 1. cecobuatl. s. una culebra , figno favoras ble a los mercaderes.5 55 «2. filefoz >» cecrope rey de 
torquemada_v2	400	quatrocientos	words	other	icios de efclavos , de las naciones mas dadas a beber, 15 252 a o e flores grandes centzumbuitzrabijac. s. quatrocientos diofes la templo, en el mz.sior, y ciu5 2 tivo , que fe le facrificava . con las veitiduras del idolo. 1 5041. cent
torquemada_v2	30000	treinta mil	words	person	bida de cacao caliente. 582.2. era comun en guasmlz, y depues le introdujo en 4/fexico. 5210 * cholula * ciudad de treinta mil vecinos, 35 != 1. fu gran mercado. sss. 1. enlena quetzalcobratl en ella 4 los indics el oficio de plarero, y le hace
torquemada_v2	1000	mil	words	person	 templo en mexicole delcribe. 144. y figuientes, era cl mas coi 64. lo en lu dedicacion fueron facriticados fefenta mil esclavos. 168. 1.como le vilitava el rey de mexico? 360. 1: effatua que le hacian de mafa.con * huefos de mizquit
torquemada_v2	1800	mil y ochocientas	words	other	acion, x y lus cieos: 1 mei inconveniente.dado yno fe figuen otros: 24.1. * iudias, x tierra teimplada por mas de mil y ochocientas leguas. 568. 1.el colo de fus naturales lo perfuade.s68;2. fus cofas fon prodigio(as; y fingulares. 594: 2: 595» 1. la
torquemada_v2	40000	quarenta mil	words	other	ue? 39. 406 41. que decian de payrnal. 46. 14 ninguna nacion tuyo mas , ni mas sicos fempios. 12? 2. 131. paiaron de quarenta mil.160. 2.161, 1, fabricabarilos poniendo 1 oriente el 4!tar. 12352.como los hacian en montes y y sierras? 132. 1. por 
torquemada_v2	1000	mil	words	person	pa. vadrririgado por theodorico. 601.2. xk san juan de puerto rico. * lila ls y san juan tianbuitzmanaleo , litio mil reipetado de los indios , y por que? 46. t. d. juan indio de quauknabrsc. es cal: tigado co otros por apojfata 6
torquemada_v2	120000	ciento, y veinte mil	words	person	muclios le vin a vivir a otras partes, por haverles cerrado las acequids, 431.1. 4833-v. ing:0s. xx mexico xtenia ciento, y veinte mil cafas, y muchos vecinos en cada vn2. 314. 1. lu gevierno y po.tcta , y relicion , excedio a todos los de nueva-espana
torquemada_v2	1000	mil	words	other	la , y fale al mar mas de cien leguas el fuezo , y cenigas vo. ll. : miel marricio, gra entalladot [ndio. 488. 1. mil bimalli. tierras aplicadas al viz-= cocho de la guerra. 546. l. mi!awros * no los hace dios, lin necelidad. 72.2. ao 
torquemada_v2	2000	dos mil	words	person	"alla fe delcribe.46.10» veneracion , en que la tenian los * indios , y 1 los idolos de ella. 46. 1. torre mas de dos mil leguas, defde im,da y e. panico , hata nombre de dios. 61 y. 1. arboles , nieve , y ""“vemplos de iu cumbre. agua"
torquemada_v2	1000	mil y	words	other	goma a modo de incienfos _ 664.1» 7 ; tacpal. s, navajon. 38. 2.76. 2. he= thado del cielo por fus hermanos, pare mil y feiicientos diofes , y diofas. 38. 2. 77.1. piden licencia 4 lu madre para criar hombres, y lo que mando. 77. 1.cmbi
torquemada_v2	5000	cinco mil, y	words	person	ce dio 4 todos los antiguos. 161, 2; liempre fe eftavan dando en dl ala. bancas a lbs idolos. ¿10. 2. lus m)niftros, cinco mil, y de que fe manitenian ? 164. 1. mugeres que havia en el. 164: 2. dignidades , y grados de lus sacerdotes , y otros. 176
torquemada_v2	2000	dos mil	words	other	ce pueblos. 164. 2. de quer. xalcobual era redondo. s 1. 2. el de teobuacan raul fumptuolo. 56. 1, al so! , y mas de dos mil que havia en el pueblo a otros idolos. 134.1. hermofura del de los tororacas, 13.5. 1.previncias de indiasen que no l
torquemada_v2	2000	dos mil	words	other	el sacerdote mador, y que fignifica? 175. 1. x teotibuacan.s. lugar de diofes, puelo en curas cercanias havia mas de dos mil templos,13 8.1. teorlamacazque. s, mancebos divinos: mogos como colegiales , o sacriffn nes a nes que havia e
torquemada_v2	1000	mil	words	person	tos y nde ¿54 20 355-358 to el % ciudad. fituada a las ver4 tientes de la sierra. 45. 2. tenia ciento y quarenta 1 mil cujas, y en cada vna a ciuco, o [els vecinos.3 530 ¿. forecio en leies como droenas, y romt 1441. lo 2 mexico davan v
torquemada_v2	1000	mili	words	person	 grande, fantafe wa, que folia aparecerie a los 1» bros rn o tlacallalcabuilii, so ferfona dejada. 376 1. le ti mili s. hombre amortajado, fantafma de tetrcatlitpuca, o 1 > tinpapehuz. [dolo companero de huitenopciok. a. * tlscate
torquemada_v2	1000	mil	words	person	2. 2. venus. diofa selefta.z 1. 1. por que le llamo ait? 9. 2. adorada en papho. 20.2.en chipre. 62. 1. donde junto mil mugeres nobles , y para quez 62.2. en que preiidia a las bods5,3 4. 1. la dedicavan al drrayan. 36. 1. y facrificaban
torquemada_v2	8000	ocho mil	words	other	n los pellejos delpues de haverlos traido los sacerdotes vcllidos. 254. lo miedo que le tenian.5 8.2, * xiguipil.s. ocho mil.620.2s xiubcalco. vemplo en el maior dedicado a centeutl, 155.1. * ximbcoatl culebra. 150. 2. hecha de ts. 42.2. 
torquemada_v2	4000	4 mil	digit-mil	person	, y caulabalo el averie enjugado , y lez cado mucho. de eftas cabecas avia larras , vnas de a quinientas , otras de 4 mil , y muchas de a mas , y eran muchas las perchas , y lartax les: y (1 por el largo tiempo , que eitaban €n aquellas p
torquemada_v2	1000	1 mil	digit-mil	person	eytos y nde ¿54 20 355-358 to el % ciudad. fituada a las ver4 tientes de la sierra. 45. 2. tenia ciento y quarenta 1 mil cujas, y en cada vna a ciuco, o [els vecinos.3 530 ¿. forecio en leies como droenas, y romt 1441. lo 2 mexico davan 
torquemada_v2	410283	410,283	digit-group	other	anquetzaliatl!, 281. cap. xxviil de la fiefoa refcera de los diofes tialoques en el mes atemuztliiexto dezimo de fu 410,283. cap. xxix. dela ficjfa de la dio/a ylamatecutl?, o cozcam!.1260 , en el mes dezimo feptimo , llamado tititl, 2834. 
torquemada_v2	5329	05.329	digit-group	other	exicas nos. 327. cap. au. del govierno mon.archico que tuvieron los de la isla efpanola , y de lus reies, y reia 05.329. cap. xiv. de la pacifica governacion con que los rejes, y senores dela [sla efpanola governavan lus reinos , y de 
torquemada_v2	232205	232.205	digit-group	other	 que fiempre ha havido de poner nombre a la criatura en lu nacimientoo. 454. cap. xx111.delos combites que hacian los 232.205 culos b.r*eos , y libatorios de lus hijor.4 6. cap. xxiv. de la coftumbre de los cumuites al defletar los ninos , y 
torquemada_v2	1373	1.373	digit-group	other	in. 45. bienal. borra. f.3 13.c. 2.lin.46.10.1.10s. lin. y6. y las. 1. y las yue no tienen. £ol. 133.c. 1. nel cenero. 1.373 0c.1.. 34.verla. yen 2 fol, 334. c.2. lin. 3 9.1nititulsl.inficuir. e 37.0.2.ln. 55. culhuacan. 1. culiacan f. 3 4.4.c
torquemada_v2	1387	1.387	digit-group	other	.:.liu 30. valentino.!. valentiniano.lol.3 6:.c.1.lin.3 ;.orras l.otras.fol.367.c.2. lin.43.nombramiento l. vngimiento. 1.387 c.:.lin.20. vego.].luego.fol.3 90.c.1.1.5o.enchava.l.echava.fol.410,c.2.1,3 5. borra de f.412.c.1.lin.28.tiemos,] tiem
torquemada_v2	1110	1.110	digit-group	other	adverius gentes.f. 148.c. 1.lin. 3 .cap.24.confuluit.l.cap.confuluit 2.4. £.129.c.2.lin.5.d1z.l. de dea syria.f.1 37.c.1.110.10. lud.l.ind.£19.c.1..2.1b.1.1. b.1.£182.c:0.1.3.auguitana.l. auguite. £.197.c.1.lin.2. eruto.).eruta.c.2.lin.1. e l.
torquemada_v2	1203	1.203	digit-group	other	1b.1.1. b.1.£182.c:0.1.3.auguitana.l. auguite. £.197.c.1.lin.2. eruto.).eruta.c.2.lin.1. e l.lil. 82 l.4. fragm.l.trag.1.203.c.1.lin.2. vire,8% geltu.l.vita, sc gelta.f.243.c.1.lin.1 0» ethynon.l.ethymol.f.253.c.2.lin.1 «denteron.l. deuteron.f
torquemada_v2	9212	9,212	digit-group	other	e olvido , que es aquel que dice haras , de donde ha de venir al juicio, quando dijo ¿ veis aqui viene a2 rors; 1.9,212,5 sd epbef, 4 v.:17, d, ausmf, lide pred. fantderuna | eratia,c.ye lib. jay, (.30, de la monayania india
torquemada_v2	707	0.707	digit-group	other	plos , lugares particulares de floreitas, jardines, y re, ergaciones, de cuias flores fe aprovechaus ban, ti. 17, 0.707 le -. 150. ban, para el ornato, y aderego de los templos, como parece por las que ette lemplotenia, y campos, 
torquemada_v2	17008	17.008	digit-group	other	e, que en los sacerdotes han de ) con: 93 207 33 cap. t. h lib. 7. fug6 phil. 1.6; pol.cap.7. es 17.008 platon. de lez dial.b, lib. 18, de re£gn0 pxod. 17. levit. 24. exech,46. d. paul, adcorinth. c4p. 10.
torquemada_v2	20034	20.034	digit-group	other	"ohibido lo dicho a los sacerdotes, les era concedido comer la ruda, y plbadas 19, beber el cuno de ella , por quanto 20.034, es contraria al vicio de la luxuria , de pla"", $79). cria propriedad fe dice defecar ( bepofs dz. bida, o com.da ) la"
torquemada_v2	9191	9.191	digit-group	other	", > ficis ed saprent. € d, thows 15 2. q. 1. 10%. ad 10.37 gu ko nota, gmnef. 2. b. thos. d.2.9.191 232% ficitas , era la mas comun, y ordinaria el sabado , el ""qual dia le guardaba inviolablemente : y clta le hac"
torquemada_v2	2041	2.041	digit-group	other	al 1 le fueron dividiendo las familias, en calas particulares ¿ feconociendo ¿ada liih,1, pol ps icof cada 2.041 div. toon. le¿0.27 zo ariborcl, vbi fupro d. auguf. lhi.2.de cin vit. dei, leremn capo 29 div. paul, ad
torquemada_v2	82511	82.511	digit-group	person	, y leran tantas , quantos: dd a * los 10. 9. e cap. unios, 2.9.7. caps prasbyts math. 120 lib. 4.€ap; 82.511 314 los hombres ; y de necelidad fe feguira que [e deshaga ; porque como dice chirilto, el reino divilo facilmente 
torquemada_v2	18501	18.501	digit-group	other	 no le han gonientido: porque tener , ana aer; stralit5. currlib.7. lacian. 11 eibello de sacrif. plin.libos. 18.501 ca tertulia. in apc!. ca 9. fol. 43. mo 140. eufeb.11.6. de prepar. cap.s. arnovli.5. es vli.contr.gen?. d.c
torquemada_v2	17013	17.013	digit-group	other	los 3 y que no les era licito sap, ¿> ( dice en otro libro ) banarle en turco. ij, aguas repreladas , como fon las de 17.013. los eftanques , y albercas , ni otras turbias , que fuele haver en arroios, y columela dice lo milino 3 y anade, q
torquemada_v2	1020	1.020	digit-group	other	 georgic, lib. r. macrob. lib.rc 18. ovid.lis. methamo diodor.'b, so cap. jn f. om lt mebaun., lib. 1.020. 331 scap, tr0.f0z, lo dela monarquii ludiana; para la cultivaicion de las tierras. efltos nueltros indios oc
torquemada_v2	1479	1.479	digit-group	other	 tabernacalo; manda dios vngirle , y 2 lus quatro hijos. 180. 2. 2 abel * s, llanto, y trifega. 455. y3 paltor.92. 1.479. 1. por que? 482. 2. sacerdote. 172. 1. llamado ju/o po. 91. 1.1u sacrificio a dios. 8. re $9. +. 90. >. 107. 1. de 
torquemada_v2	1483	1.483	digit-group	other	s echado del paray/0 3,15. 1» porque no peco eltando lolo? 325. 1. de oue le viftio? 407. 1. fue labrador. 479.1. 480. 1.483. 1.f8mbro trizo , y conocio arado , y rej3. 5830, 2. alaba, 208. 2, 209» x adulterio tenia i ned -t che. j. e 
torquemada_v2	191292	191.292	digit-group	other	senla fieffa de camaxele, 288.de ochenta dias. 289. 1. y general de sodos. 289. 2: de los de cholull , y lu figiliz. 191.292. 1. los que havian de fer tecubtli folian no comer) en quatro dias. 363. 2» a bansa * veafe. sacrificio. * alamo f
torquemada_v2	2304	2.304	digit-group	other	afiros y el concierto de fu movimiento , manifielta haver dios. 4. 2e lale e * afrologia natural lies ciencia? 303. 2.304. 1. profelola enos. 1 1.1. afrologia fudiciaria. fue diveria entre las gentes. 303.2. no tiene fundamento. 304.1. cf
torquemada_v2	1665	1.665	digit-group	other	ir a roma , y 2 italiazperiiuadido de s. leon. 203, 1. avripac s, sobre el aguaspueblo,fuente, que nace,en el. 654. 1.665. 22 d3 origen al rio alvarido. $56. 2: as!.s. agua. 304. 2» atlaccabualeo. s. quando faltan las aguas. 295. 2. me
torquemada_v2	2251	2.251	digit-group	person	eo. s. quando faltan las aguas. 295. 2. mes primero de los mexicanos.250. 1, 295». 2. que correlponde.a febrero. 250. 2.251. 1. en el, y los dos siguientes, fe compraban ninos para lacrificarlos tlaw , toques. 25 1. 1. arlacamani s. tempe
torquemada_v2	2623	2.623	digit-group	other	ian mui baratas. $58.1.1la mas pequena le conlerva, el ibierno, como muerta, en vn arbol, y revive a la primavera.622.2.623.1.crianfe dentro del ernma. 600. 2. en el volcan de nicaragua andan cerca deel fuezo, 598. l. * s. agu/tin predico 
torquemada_v2	2410	2.410	digit-group	person	 babiloni2* deltruida por ciro, y muerto baltafar. 239.2. 166. 1. [us vecinos vendian , en el mercado lus pij25. 406. 2.410. 1.411. 1. como las acomodavan con los hucipedes. 4:10. 1. ponian los enfermos en las plagas, y para que? 491. 2. 
torquemada_v2	1411	1.411	digit-group	person	oni2* deltruida por ciro, y muerto baltafar. 239.2. 166. 1. [us vecinos vendian , en el mercado lus pij25. 406. 2.410. 1.411. 1. como las acomodavan con los hucipedes. 4:10. 1. ponian los enfermos en las plagas, y para que? 491. 2. bacanal
torquemada_v2	1198	1.198	digit-group	person	"choacan. $25. 1. * bubo aun tienen o iu canto, por mal aguero los indios. 81: 1. y ponerle en la caia de alguno. 84.1.198.2."" buboneros en los mercados de los indios. aosta bufiris como daba, muerte a los huelpedes. 130. 2. higo vn temp"
torquemada_v2	2218	2.218	digit-group	person	. *xcabecer.1, el dominio de los goverzadores de tlaxcalla. 324 1. cabello como lo train los sacerdotes indios.217.2.218.1.y los reputados por valientes. 542. 1. y autoridad, que lesdava. $43. 2. fe le corraban en lus calamientos. 414. 2
torquemada_v2	1560	1.560	digit-group	other	a cenica del volcan. 609. 2. £u frura ¿modo de almendra , de que fe hace bcbjda. 550. 1.lirve de moneda. 579.1. $50. 1.560. 1. y como ie trara en el2 620. 2. mantas, y plumas eran las conderaciones de los indios pe-= cunlarias. 391. 1. *
torquemada_v2	553105	553.105	digit-group	other	. 535. 1. eran amigos de traer regalos de lexas tierras , y por que? 296. 1. y jugadores de pelota , y como jugaban? 553.105 mayores fervian 2 los reyes. $44» 2. $62, 1. como heredavan , y tenian tierras propias, muriendo , lin hijos el poled
torquemada_v2	1345	1.345	digit-group	other	1. 1.40 sacrificio:8 1; 89. 2.91. 2o de efpigas, 94.1. 0 frutos de la tier= ra. 90.2. 480. 1. reprobado por dios. 8. 1.345.1. da muerte a abel, 10. 2.43. 1. 92. 1. ilfie; por que no negava como tlel juicio vniverfalo 14. 1. edifico ciudad, 
torquemada_v2	1215	1.215	digit-group	other	cando canas enfangrentadas , por las orejas, y quando las quemavan ? 183. 1. fus coniultas, guroridad , y caltigo.183+1.215-1. hechandolos en polvos al aires o e capenz puerta en roma.452. 1: * capitanes indios us veltidos cols forme a
torquemada_v2	1480	1.480	digit-group	person	iones 5 y privilegios, que no fe les guardan.349. 1. y carne * antignamente no la comian los hombres,y por que?479. 1.480. 12 484. 2. humana porque comian los indios.y otros? 365. 2.533« afa | carneros del peru para carga. 560.1. carpi
torquemada_v2	2533	2.533	digit-group	person	 antignamente no la comian los hombres,y por que?479. 1.480. 12 484. 2. humana porque comian los indios.y otros? 365. 2.533« afa | carneros del peru para carga. 560.1. carpinteros * indios trabajavan con herramientas de cobre. 486.1. ca
torquemada_v2	1110	1.110	digit-group	other	 509. 2. sacrt» ficaban hombres a neptuno. 106. 1. y 3 marte.104.1.y lo enfenaron,con fuldolatria,a lose/panoles.109.1.110+ 1. fus doncellas como adquirian fus dores.408.1. y cafas enjcibola las havia de muchos indice. altos. 337. 
torquemada_v2	1186	1.186	digit-group	person	erdotes gentiles.1 13 +1. otros no: y por que? 218.2. ofrecida por los mexicanos, era mal aguero quebrantarla. 183. 1.186. 1.lo miimo en las virgenet delos tem:plos. 190.2. * caftigos freno de los deliquences, 400. 2. los que hazian los 
torquemada_v2	413414	413.414	digit-group	other	 corrales en que viven algunos indios. 336.2 337. 1. * ceremonias que viaban los [ndios para tratar lus cafumientos. 413.414. ceres. s. contento, gogo, y por que? dio le del trigo 1530 l. panes. 97. 3, y miefes. 269.2.por que le llamo aii?
torquemada_v2	1589	1.589	digit-group	other	, 115. 1. no tienen rey , ni ley. $89 2. fino vn capitan para las guerras 337. 1. andan delnudos. $85. 1- vagos 469. 1.589.2. y fon muy barbaros, 589. 2. 407» l. los poblados tienen governador mas no le reipetan, y lu govierno es popular.
torquemada_v2	38277	38.277	digit-group	other	. v. xilonen: * cbhicomoztoc. se siete cuebas. 38. e 37. t. cae en el tecpal ; y pare” 1600 diofes , y diofas. 38.277. 1. chiconnabuacat! sacerdotes ; que fe tefldnr4 3.24 , . chicubuabuitzeuintli. s. nueve perros idolo de los lapi
torquemada_v2	1517	1.517	digit-group	other	 delcanso, el sibato en el serulero. 236. to 237. 1.redujo a realidades las lombras de la ley vieja. 244. como? 245. 1.517. 1. refponde a la carta . de agabaro.157» 1. porque permi_ rio que fudas le vendiefle > 317. 2. fue p'ngido para ent
torquemada_v2	1546	1.546	digit-group	person	0 utio de ln audiencia, 353» 1. y execucion de [us sentenlis y cibuacobuat!.s, muger culebra , idolo; 61.1. 149. 1.546. 1. de gran veneracion entre los indios. 61. 1. tenian por mal aguero le les apare-ciefle, 62. 5. creieron algunos fer 
torquemada_v2	1134	1.134	digit-group	other	ero de ellas, y otras aves que jacrificavan los [n= * di0s. 96. 1. pobres. 250. 1. y ricos. 263.1. y ¿que idolos? 97.1.134. 1. en quaubritlan colgayan vna dego- llada ¿ los cacigues , que veltizn los cueros de los facrificados. 286. 2, -g
torquemada_v2	2304	2.304	digit-group	other	nel los indios a los diofes montefeslos ninos morenos. 120, 2, tiene buenos pinares.6 11.1. cobralt. s. culebra. 8 1.2.304. 2.nombre de la primera muger: pario dos hijos.81. 2. cobuatlicue , o cobuuatlantona diofa de los floreros. y que l
torquemada_v2	465466	465.466	digit-group	other	 floreros. y que la ofrecian? 2 e * colegios x ycafas para criar,a los mu -ehachos , y enfenarlos [on mui veiles. 465.466. l. coleleri s. demonio , o mal efpiritu. ¿wo le * colina provincia. idolo , que tenia. 5 4 lo colina. diofa de
torquemada_v2	1571	1.571	digit-group	person	 collera,que es > y como la vfaban lo5 indios, para los efclavos? $67. 15. color.de los indios de que procede?5 68. 1.571 .1lade los negros,y blancos. 569.570.1 procede delclima;como nacen negros , en tierra de blancos? 568. 2. fi de la ma
torquemada_v2	569570	569.570	digit-group	person	o5 indios, para los efclavos? $67. 15. color.de los indios de que procede?5 68. 1.571 .1lade los negros,y blancos. 569.570.1 procede delclima;como nacen negros , en tierra de blancos? 568. 2. fi de la maldicion de chanaan.569.2. $7l.2. co
torquemada_v2	2240	2.240	digit-group	other	an? 233. 2.1os.de los 3yr10s todos los dias: 435. 1. hacianfe al declinar el sol, 239.1. y le prueba eran cenas. 239. 2.240. antesde ellos facrificaban los gentiles. 2 4,1. 1.precifavan a comersy beber a los combidados.2 42.2.de losgent:i!es,
torquemada_v2	9560	9.560	digit-group	person	no permitian los romanos le reprelencalen , por delnudos..07.1.+ comerciantes. entre los indios de que, y como? $5$9.560.1. * cometas 4uelen ler feguidas de infortunios. 4.2. | comidas. * el baho de las guifadas agradables a los idolos fe
torquemada_v2	1312	1.312	digit-group	other	 * calcedonenfe :, en el fe fento , conffantino el wltimo. . 202.10 a concordiz.* no puede haver finfu/fticia. 310, 1.312. 2.nace de ella en los - pueblos.3 1042: $ * gonde de monterrey , * emipiega ,2 hacer lascongregaciones, de ladios,e
torquemada_v2	1266	1.266	digit-group	person	rlos para conlervar, fees prudencia. 434. 1. * copal,o copalii, incienfe.? ¿ 1.1. blan= co de los indios.94+ 2. 164. 1.266; 1. y otras gomas de que viaban en fus sacrificios. 94. 2 copilli. corona real de mexico y tetza cuco.54.3.1.lu fo
torquemada_v2	2426	2.426	digit-group	other	1.y.3 la racoh; 423.: 2. mai0t pecado fe matrimonial , y por que? 425. 13 rehulanla los brestos.3 77. 2-42 3.20 425.2.426.1.de hermanos. 378.1 con hija; y madre., y suegra cal» tigados cor pena de hdrca.4.78 de. ferdiola corifipo.415. 2a 
torquemada_v2	78804	78.804	digit-group	person	ncalguivg2, 1. y coyotes, v. adives, pk creacion del mundo. 401. 1. y el nombre como le fingian los indios, 7007. 78.804 crefias. fe cafavan con fos madres, mata 1. crerenfes. tenian colegios para enfenar alos ninos. 465. 1. la leye
torquemada_v2	62008	62.008	digit-group	person	1. 1. pcrmitido folo a los sarerdoter. 382. 1. gracias , que dio a los que enterrarona saul. $03. 2. como le firvio? ¡62.008 templale abigail. $89. 1. por que le dio dios muchas mugeres? 432. 1. y mancebas. 433. 1. y ft le fne licito tenerlas
torquemada_v2	1202	1.202	digit-group	other	as. 43 4. 1. embia 3 anno , el velame de la muerte de lu padre : fon maltrata= dos lus embajadores, y los venga 433:1.202. 2. da muerte d dos hpyos hyos de saa. 433. 1-baila delante jel arcas: osa to. 1, aumenta el culto divino. 172. 
torquemada_v2	73141	73.141	digit-group	other	s fural. 1670 1. e et: diga diomedes , le dizaidades eclehallicas , porqpe de ef blecieron en la lei ¿021 73.141 0002 reiponden a las delosro:sres, 176, 2, de los templos de los indias 4 modo > delas . de las catedrales. 17% 1 d
torquemada_v2	1516	1.516	digit-group	other	o contrario. $02. 1. fi csinutil la pompa de los entierros? $ 1 ze 1.4. y. por que los enterravan cn defpoblados?515. 1.516. davanlos, cn yrendas,a los acreedores los egipcios. 510.2. que ponian los [dios en las sepulturas en las feltas de 
torquemada_v2	1175	1.175	digit-group	other	 poi que? 109. 2. no mango edificar templos , en la ley nutural. 124. 1. 116, 2. altos con que debe reconocerle. 85. 1.175. quando? 225. 2. dandole. culto con 2lgin signo fenfible. 232 1, darieio mas excelente ¿es poto. 33. 1 107. 1. ab
torquemada_v2	1112	1.112	digit-group	other	 1. aburrccio fiempre sacrificios de jlombres.109, 2.caltizo grande, que ¿io alos lhebreos , por la 1dotatriz. 111. 1.112, 2. porque no les cio la ley haita facarlos de exipec? 13:. ni tuvo tazbernacilo y 01 tempilo?t zx. 2. nombra el aar
torquemada_v2	2206	2.206	digit-group	other	 lt preblo tantos profe115? 199. 1. come; y porque de ha mamteftalo por fyy las angeles, proforas, y corijto .n.205. 2.206. 1. porque creo keyez.316.1.0 los permitio.3 18,3 19.1 grandes beneficios que las ha hecho. 3 20.1.51 los reymos le f
torquemada_v2	2279	2.279	digit-group	person	 atodos.3 28.2. 9 ecatontin. munequillas, de fimiente de «bledos,y otras,que hacian los indios, y para que? 99. 2.279.1. ec!ipfes. fuelen preceder , a algunas calamidades.4.2. economia particular , que es? 437.1. edad , y nobleza. le
torquemada_v2	3300	3.300	digit-group	person	5.15 de rarlovento,quan. do fueron conquittados. 335. 2. * edificios. * como, y quando los renovavan los indios. 2983. 3.300.1. educa. diofa del comer. 34.1. educacion. buena de los hijos conferva la repoblica. 492.2. efebias. calas publica
torquemada_v2	1529	1.529	digit-group	other	e cain. 313.1. 316. 1. protetico el juicio final. 3.4. 1. contra la ¿dolatrix, y como? 34. 1.tralladado al para:f0. 12.1.529.2. x enochia ciudad primera, fundada por cam. 313. 1.316. 1. bnos nieto de serh empiega , a invocar el nombre de d
torquemada_v2	1316	1.316	digit-group	other	ontra la ¿dolatrix, y como? 34. 1.tralladado al para:f0. 12.1.529.2. x enochia ciudad primera, fundada por cam. 313. 1.316. 1. bnos nieto de serh empiega , a invocar el nombre de dios. 11. 1. 20.1. 14. 2. publicamente. 209.1.quando , y com
torquemada_v2	2565	2.565	digit-group	person	na. 478. 2. esclavitud tuvo lu origen en canaan, y por que? 56. 1. tricurrian , en ella vendiendofe los indios. $63.2.565. 1.0 vendiendo ninos libres.56.4. 1. y los traidores. 564. 1. *k efclvos * elpecios de ellos, y modo de hacerlos 
torquemada_v2	61562	61.562	digit-group	other	ndo ninos libres.56.4. 1. y los traidores. 564. 1. *k efclvos * elpecios de ellos, y modo de hacerlos , y hacerle. $61.562.1. andavan libres, en roma, enlas fieffas saternales, 235. 1. y delos lares. 249. 2. nacido , en cala del senor no 
torquemada_v2	1199	1.199	digit-group	person	jenliores com piedras, y pedernales eran excelentes los indios. 430. 2. * efpana *(u firmega en la religion catolic.1.199+2.11 fu sov1erno partici pa de las tres elpecies?3 3 38.2. 30%, x efpanola * isla lay nombre antiguo haiti. 330. 2.
torquemada_v2	2297	2.297	digit-group	person	 que | hacian to= dos los indior feltejando a los diofes tlaloques. 147.1. etzalqualizqui s.comida de pitehes.266, 2.297.1.lexto mes de los mexicanos: 212.1.correlponde d junio. 147.1. deide 15 de mayo.268.2. haciale er el la rercera fif
torquemada_v2	1206	1.206	digit-group	other	os: 212.1.correlponde d junio. 147.1. deide 15 de mayo.268.2. haciale er el la rercera fifta de los tlaloquet. 212%.1.206.2. ' ena s. madre de los vivientes. a. fu formacion.209.1.401. 405.2.cng1fnada por el deronio,y en que fienra 61.1.
torquemada_v2	1401	1.401	digit-group	other	aciale er el la rercera fifta de los tlaloquet. 212%.1.206.2. ' ena s. madre de los vivientes. a. fu formacion.209.1.401. 405.2.cng1fnada por el deronio,y en que fienra 61.1.67.2.68, 76. fus partes dobles: 61. fi muriera no pecando? 76. 2
torquemada_v2	494495	494.495	digit-group	person	 exorciflas quien lon > y fus oficios. 17 e exortaciones y que los indios principales nsian a lus hijos. 492. 4930 494.495. los labradores. 496. y quando eltavaa moribundos. 529. eytecpal s. tres pedernales, 302. yo expaniztli s. eflanda
torquemada_v2	1239	1.239	digit-group	other	 neomenias, 245. lo fieflas delos idolatras paravan todas, en comer, y beber eon pretexto de retigiog. 229, 2. 238.1.239.24 2.20 las de baco infames. 248. 2. las de los lares y y del primer dia del .2no, 249. 2. fic/as de los indios mu
torquemada_v2	2105	2.105	digit-group	other	go.153 2. y en otras capsllas del terplo maior. 155.1. fuego perperuo , por que le havia, en el templo de dios? 145. 2.105 gentiles le confervavan en cl templo de vef $12.188 1.tentanle en lus dltares, y temploslos indios.147.2.y enel de
torquemada_v2	12188	12.188	digit-group	person	. fuego perperuo , por que le havia, en el templo de dios? 145. 2.105 gentiles le confervavan en cl templo de vef $12.188 1.tentanle en lus dltares, y temploslos indios.147.2.y enel del * idolo imaior fiempre con ixcienfo, 145. 2.150.
torquemada_v2	2150	2.150	digit-group	person	12.188 1.tentanle en lus dltares, y temploslos indios.147.2.y enel del * idolo imaior fiempre con ixcienfo, 145. 2.150. 2 fuentes. como confervan , o refuelven el agua. 593.1. lasde la sicrrz de nueva-efpana muchas.612. 1. fuergas. vw
torquemada_v2	569284	569.284	digit-group	other	 lu flzmen furinal.176. 1. fut. muda de color por el pecado de cam. $69. lu delcendencia fea , negra en mauritania. 569.284 catos iig3».5 jo lo futino. es priapo.407.2. futuro. nadie lo fabe 304.1; gabriel de cabrera.lo que le dijo vn 
torquemada_v2	2101	2.101	digit-group	other	n haver hecho 4 cain; dios de las batallas. 43. 1. davan muchos diofes 4 .vna cold. 33. 2o creian , que comian. 100. 2.101.5% los tenian preientes , en tus combites. 240. 2. futuidado de enriqueter los templos , y limpiarlos. 168. 2. facrif
torquemada_v2	325320	325,320	digit-group	other	e no deben ruines , ni mecanicos? 442.1. govierno. * fus diferencias. 323. 308, 2. €l mejor el de vno. 318. 1.3245 325,320. y e el de los judios participo de todas efpecies. 323. 2, 324.1,328.2. de la florida. 336. 1, 11 el de los iudios l
torquemada_v2	1328	1,328	digit-group	other	323. 308, 2. €l mejor el de vno. 318. 1.3245 325,320. y e el de los judios participo de todas efpecies. 323. 2, 324.1,328.2. de la florida. 336. 1, 11 el de los iudios le ha aventajado ex la moral, ¿otros? 33- 2. gracco. vencido, y enite
torquemada_v2	343058	343.058	digit-group	other	 y el de la lila. 332. 333. prelo, por los e/fpanoles intenta librarle mxyobanex.3 3 1.1. elrey de cibo.u era luvalo. 343.058 guaftar. hijo, y lucelor de guaynacapa enel pere. 19 2. : * guatemala. reyno aparte de nueva efpana.386. 2. * gu
torquemada_v2	339105	339.105	digit-group	other	uatemala * poblada , por quatro hermanos. 338. 1.€l maior , funda el reyno de prlatlan, y como fe governaba?> 338. 2. 339.105 otros fundaron reynos tambien reconociendo a elte pof maior.3 40. 2. tenia cafi la miima /dolatria,que nueva-efpana.19
torquemada_v2	382212	382.212	digit-group	other	urtar , 0 vengarie. $37. 1. todos la aborrecen. 43.17. movianla los 1rdi05 con parecer de sacerlotes. 3538 1 ¿com10 ? 382.212 1840 acabada la cofecha ? 299. 2. dex no li fe davan de pz. losemcitidos. 383. 1.tenizn por caufa juita de ella mata
torquemada_v2	2165	2.165	digit-group	other	dra de 4dos reperidos.463.1. * haciend.ss , y rest15, que tenian los tempios de los inatos , y en que parararon? 163.2.165. 1.heredada, es afrenta perderla , por vanidades. 387. 2. aunque lo lienta poca quien no la gano0.3$6.1, haya. dedi
torquemada_v2	12104	12.104	digit-group	other	 hereges x los hijos,pot que fienten jos . efeetos de ius penas? 27.2» hereteo arico.lacrifico lu hija 2broferpi 12.104.2. heridas.como le caftigavan en la verd> paz. 390.1. heriti. pueblo de mechoacan, 525.1» * hermanos*x el maiorp
torquemada_v2	2358	2.358	digit-group	other	atem.la le calava el hermamo» con iu cunadz. 389. 1.comoen judea, 389. 1. como iucedian , eh el reyno de mexico? 137. 2.358. 2. en panama , y otras partes falrando sibrino hijo de hermana, 346» 2. en falta de 7zijos fucedian en tlaxcalla 34
torquemada_v2	2463	2.463	digit-group	other	crian= ca es reprehenfion de la que dan log ejpanoles a las [u1as. 4750. ] $ hijos. * como deben fer criados! 462. 2.463. 1.492. 1: y educados, 404. 1. para que ainden 4 fus padres en la vejez. 403. 2: mejot que a0rg fe criavan antigaarh
torquemada_v2	1492	1.492	digit-group	other	 ca es reprehenfion de la que dan log ejpanoles a las [u1as. 4750. ] $ hijos. * como deben fer criados! 462. 2.463. 1.492. 1: y educados, 404. 1. para que ainden 4 fus padres en la vejez. 403. 2: mejot que a0rg fe criavan antigaarhente. 4
torquemada_v2	435448	435.448	digit-group	person	rificaban a los. idolos. roz. 2.en efpans, y de quien lo aprendieron? 109. 2. funtiones de los indios quando nacian. 435.448» 2. enorabuenas. 447. 1. 448. 24 deitetes, y entre otris naciones.496. 497.105 de la florids los deitetayan de doce
torquemada_v2	497105	497.105	digit-group	other	ntiones de los indios quando nacian. 435.448» 2. enorabuenas. 447. 1. 448. 24 deitetes, y entre otris naciones.496. 497.105 de la florids los deitetayan de doce anos.460.1 y otras naciones de feis. 459. 2. v1vianen congrega ciones los de nu
torquemada_v2	2496	2.496	digit-group	other	cavan. 493» +. y amonelta van a las buenads collumbres. 493. 494. ». como dzben execurar lo que les aconlejan? 495». 2.496. 1. los que obraban maores hacanas, 357. 1, 0 nacian de madre mas n0ble heredavan en terz.c4co s y tlacu» pa. 356» 2
torquemada_v2	1393	1.393	digit-group	other	icia verdadera de dios con la confu/ffon de lenguas, 18. y laenfenanga de noe, haciendole beftiales. 26, 2. 28. 2. 30. 1.393. 2.420 1. obe/ffias inutiles. 101, 0 las peores fin ragon, fiendo con ella los mejores 1nimales. 588. 1. delezn averig
torquemada_v2	2420	2.420	digit-group	other	rdadera de dios con la confu/ffon de lenguas, 18. y laenfenanga de noe, haciendole beftiales. 26, 2. 28. 2. 30. 1.393. 2.420 1. obe/ffias inutiles. 101, 0 las peores fin ragon, fiendo con ella los mejores 1nimales. 588. 1. delezn averiguar lo 
torquemada_v2	9440	9.440	digit-group	other	f los que no tienen govierno. 308. 1.fi le aman como parientes, o femejantes? 41 8.delein muichoshijos,y porque? 43 9.440.no tenerlos quieren lea infelicidad. 441, 1. (13 excelos en los combites.2.43, 1. lu lobervia introdujo el dominio en 
torquemada_v2	1143	1.143	digit-group	other	da abundantiisimos. 100. 1. de figuras de cera , o mafa.99. 2. en lacrificarlos excedieron a tardas las naciones. $6. 1.143. 1.comolfe vellian fs pellejos, 118. y a veces los reyes, *19. 1. [lolosde todos los anima les deben fer enterrados.
torquemada_v2	1272	1.272	digit-group	other	1. prolog.lib.6; cc. 3. dios principal , y maiot, 70.2 de mexico , y tetzcucos 146.1. y de [lus brtallas: 40. 1. 440 1.272.2. y guerrs emprehendidas con delibetacion. 44. 1.43» 1.compo le llamavan? 266. 1: fu origen vario; 4.1.2-[u nombre d
torquemada_v2	1282	1.282	digit-group	person	 de hombres 3 y codernices. 282. 2. el rey flicrificava papel ,e incienfo , y elcaramuga de los indios de guerra. 283.1.282.2: antes de empesar la guerra. 150.1: le facrificavan muchos caurivos y y donde? 233.1. esel marte de los antiguos.
torquemada_v2	2306	2.306	digit-group	other	parientes. 56401. 577.2» 1bis. ave a modo de ciguena, adorar vanla los egipcios, 29. 1. icaro muere abralado. 303.2.306.1. icbialoca. y momozrtli: * iepalli. silla baja. 362. 2.como 6%? se icpoctlatoque. indi.ws que cuidavan de las
torquemada_v2	25319	25.319	digit-group	other	. etios pes y que tienen comunes las mmrugefenasiont. ] ida , periuade vna maldad con interes a los sacerdotes de 1/25.319.220. idolatras todos han feguido cali vnos miimos errores. 64. 1. v, gensiles . indios. x* idolatria * que es? y
torquemada_v2	1108	1.108	digit-group	other	2. en que con» fito? 7.2:9.1.£u autor el demonio, y con dic altucia. 19.0 la malicia, ignorancia ; y lifonja.67.1.73+1.108 que la figuieron ahogados en el diluvio. ¡33 2. renace poco delpues del. 1$. +. en tiempo de nernbror, o belo. 17: 
torquemada_v2	2522	2.522	digit-group	person	urar las colas invilibles.66.2. uninmertalidad de alma , negada por los atbeos. 522.1 .confelada por los in dios.18.2.522. 24 umperfedto. de ello le procede ¿ lo perigoto.243. 2,303:1i indice, * unperios. fi procedieron de tirania, 3
torquemada_v2	2303	2,303	digit-group	other	ada por los atbeos. 522.1 .confelada por los in dios.18.2.522. 24 umperfedto. de ello le procede ¿ lo perigoto.243. 2,303:1i indice, * unperios. fi procedieron de tirania, 316.0 fueron eltablecidos por dios. 317. y ordenados. 319.2. c
torquemada_v2	1270	1.270	digit-group	other	ia lon cai negros, y poco cielpos. 567. 2. al sol lacrificaban en los altos, y en las cuchas 4 los dinfes 5i2fernales. 1.270 28 fieltas que hacian quando el rer le lataba la cabesa. 23 1. 1. fc cafaban con lis madres. 425» y. ceremonias de l
torquemada_v2	2303	2.303	digit-group	other	an junto al hogar? 293.1: no contaban mas que haita ciento 3 y quatro anos. 3ol. 1. ofras dos cuentas que hacian.302.2.303. 1.y de la tercera,en el modo de adivinar. 30 3. iti ano, y mefes. 30%, como fuplian el efcrivir que ignoraban. 314.2
torquemada_v2	68571	68.571	digit-group	other	uientes. flojos, y y. de poco trabajo. 582. 2041 procede fu debilidad del clima? 571. 1. caulas de [u color, 567. 2» $68.571. 2. le confervan aunque muden region.571. 1.1 fon comprehendidos, en la maldadicion de cansan , y ius delcendientes?
torquemada_v2	2543	2.543	digit-group	other	 ra, que logravan ii le rendiua? 535. 1. adornos, aue vlavan ei clia 1us reyes , y cazitanes ¡y lus inmizrias. $42. 2.543» premio dei que le 1efialaba, o detenia los fugiivos en la battila. 5440 3. sus gritos para ci rar, en ella. $38: 7: 
torquemada_v2	1535	1.535	digit-group	other	 le libercava de efclevitad: 537» 1% venepacion que davan 1 los embajadores. $35. 2.y decoro que los guardavan 533. 1.535. 1. creian ¡1 al cielo , los que morian y en la guerra. 450. 2. y los demas al lujserno. 450- 1- lus oficios. 486. 4
torquemada_v2	2490	2.490	digit-group	person	0- 1- lus oficios. 486. 487: y flema para las maniobra5.487.2. deftresa con que lacaban las n2vxjas de piedra. 489. 2.490. 2. enojavales la ambicion de los mexicanos , y lus confederades” $33. 1. y maltratavan lus mercaderes. $33. 2. kr vn
torquemada_v2	2161	2.161	digit-group	other	ue decian de payrnal. 46. 14 ninguna nacion tuyo mas , ni mas sicos fempios. 12? 2. 131. paiaron de quarenta mil.160. 2.161, 1, fabricabarilos poniendo 1 oriente el 4!tar. 12352.como los hacian en montes y y sierras? 132. 1. por que eya re
torquemada_v2	84553	84.553	digit-group	other	plaulo , credito que daban a las fabulas de querza;cobuatl. 49.2.50.1.[us agueros,y hecbicerias,y funer/ticiones.83+ 84.553. 5. a xippe adoraban , y celebraban de miedo. 5.2 adornos de [usidolos.70.2.y que fignificaban lus infgniar 10. rec
torquemada_v2	2436	2.436	digit-group	other	 €alavante algimos 'conh las imugeres de £15 padres ¿fito haviadn parido, 420.1. abmque tenidn otras mc 3 30 2. 435- 2.436. lo 430. 2. por que no conocieron penasefpirituales? 226, 2. nunca bolvian la efpalda a fus reyes. 259. 1. delatinos 
torquemada_v2	1139	1.139	digit-group	other	 lus tierras. $1. 1. los de la efpanota lencillos. 207. 1. 333» hermofos. $82. 1. y no muy dados ala idolasria. 207. 1.139. 2. como los de las otras islas de barlovento, mint. 3 po zo con pocos templos. 35. 1.£n forma. 138.2. y menos cult
torquemada_v2	29220	29.220	digit-group	other	n y y. es locorrida. 29. 1. calale con ofiris lu hermano, 422. 1. por que ndo hecliar tiberio lu efarua en altib:r 29.220. t. * islas k de barlovento , lu firuacion, € e ldolatimt zu lo 151.35 en el visje de la chin.s, lis indios bruta
torquemada_v2	440285	440.285	digit-group	person	r el cer ya de azcaputzalco. 35 1. 1. izcalli. s. refucitado, idieciocheno . mes de los mexicanos , y vltimo de lu 440.285. 1. por que le amo, ain 300. 1 ' izcuin. indie de tlatelulco, por que e mudo el nombre? 295. 1. 1xguirl, sartas d
torquemada_v2	2549	2.549	digit-group	other	"or de efau. 561.2. huiendo de, el vio la efcala.'13 2. 20 dur mien="" de 17 3= eo afsucia que vso vipr 1encolltar-.215.2.549+l0 altar que erigio de la piedra , que lefervia de cabetera. 133. 1.vngiendola arites. 130» 1. por que fe llamo ifra"
torquemada_v2	295129	295.129	digit-group	person	 fubileo.lu erimologi4.29%.2.en el de los judios le anulavan las obligarionesy y relticuian las pofefones enagenadas. 295.129 22 y judas macabeo. * entierra a los enemigos difuntos. $03. 2. $04» lo celebra en feru/alem lus victorias. 6i1c.l
torquemada_v2	1111	1.111	digit-group	other	 tuvicronley ni sacrificios?1 12. 2. fiempre fucron inclinados a la idolatria. 90. 1. 112» 2. y por que? 113.1. 114. 1.111. 1.y muchas weces idolatraron. 111». 1. 13. 1. 1 19. 1.pareciendoles era in convepiencia. 113. 2. elos montes , y lu
torquemada_v2	439440	439.440	digit-group	other	onados a 4ago-= rar. 198. 2. y a tener por proferas los azoreros. 199. 1. ponian fu felicidad en la multitud de hijo. 439.440. quando los delteta= van.460.y los ponian nombre34.73 + algunos le criavanien palacio. 466; 2. por que los permitio 
torquemada_v2	1328	1.328	digit-group	other	o al burlo de vaca, 8 oveja? 394. y no comitan tocino? 230. 1. viaron de todas las efpecies de govierno. 313.2. 324. 1.328. 2. [us triunfos eri las vitorias como en? $73. zimo a. 1. mentes para enterrar los muertos. $02. 2. y por que enel
torquemada_v2	1516	1.516	digit-group	person	unfos eri las vitorias como en? $73. zimo a. 1. mentes para enterrar los muertos. $02. 2. y por que enel campo? 515. 1.516: i. mingunno entrava en caia del mu*rto, ni le tocava, fini contamimare. tia: 2.518. 1. y por que? 516.2. 517. 2. ic
torquemada_v2	2518	2.518	digit-group	other	2. 2. y por que enel campo? 515. 1.516: i. mingunno entrava en caia del mu*rto, ni le tocava, fini contamimare. tia: 2.518. 1. y por que? 516.2. 517. 2. iculan de blal fono 15. fflevan. 126. i. mandan hechar de la sinagoz 21 que pronuncie 
torquemada_v2	2137	2.137	digit-group	other	ommutaron aborigenes , y pelafgos el diezmo de hombres que pedia? 166. 1.0ofiris le fabrica vn templo in techo. 130. 2.137.1. por que le los hacian en el campo? 138. 1. o enmedio de la ciudad. 138.2. mi. lichio , y lus sacrificios. 99. 2. 
torquemada_v2	2312	2.312	digit-group	other	aen dios originalmente, y esatributo fuio. 312. 2.perfecta, y excelente. 3 10. 1. virrud,y reina . detodas. 311.2.312. 1. y leguida de ellas. 309. 2. lus efeotos maravillofos en los prieblos. 3 10. lo. dividefe en conmutativa , difiribu
torquemada_v2	2480	2.480	digit-group	other	emonias , que hacian los indios al macer las criaturas. 445. 1. 4.46. y figuientes, labradores * lencillos. 479. 2.480: ia | y mercaderes mantienen la repesblica. 327» 2. lufren mas que otros las tirantas, 40. 1. * labranza. la orige
torquemada_v2	2609	2.609	digit-group	person	o.609. 1. de guatemala mui honda.608. le de agua mui fria encima de la sierra de toluca , fin faberle la origen. 46. 2.609. 1. la que hicieron los mexicanos y reballando vn rio en cobuatepec.l15o. to, laguna de genefarerh , lu grandega , 
torquemada_v2	2371	2.371	digit-group	other	 a : legislador puede difimular lo ¡licito, ne eftablecerlo. 374. 1. %e leies la origen. 370. 1. y nin.3 13. 2.371. 1. [on precilas. 3 14. 2. para obrar jultamente. 372. 2. en quien govierna. 370. 1.308. 1. lon efcri1as , o de cofum
torquemada_v2	1308	1.308	digit-group	person	rigen. 370. 1. y nin.3 13. 2.371. 1. [on precilas. 3 14. 2. para obrar jultamente. 372. 2. en quien govierna. 370. 1.308. 1. lon efcri1as , o de cofumbre. 3 14. 2. 370-.lo _ alma de las republicas , y ciudades. 310. 1. fin ellas no fe co
torquemada_v2	1376	1.376	digit-group	other	 , o de cofumbre. 3 14. 2. 370-.lo _ alma de las republicas , y ciudades. 310. 1. fin ellas no fe confervan» -374-1.376. 2. 310. 2. y mcnnos | . sin faberlas , y guardarlas. 467. 1» quebrantanlaslos poderolos. 420* 1. los judios las t
torquemada_v2	1393	1.393	digit-group	person	 de nuevaejpana.3 5701 loros. acafranidos.568.1. : * lorh.* defendido por dbrabar,166. 1.[olo fuflo en sodoma. 13. 1.393. 2. cercanle la ca/a18s vecinos, y le pidenlos hueipedes. 393. 2.394. 1. defimparalz con lu familia.392. 2. y es ab
torquemada_v2	2394	2.394	digit-group	person	do por dbrabar,166. 1.[olo fuflo en sodoma. 13. 1.393. 2. cercanle la ca/a18s vecinos, y le pidenlos hueipedes. 393. 2.394. 1. defimparalz con lu familia.392. 2. y es abrafada. 12. 1. fu muger convertida en efarza de sal. 474. 1. fus hija
torquemada_v2	97498	97.498	digit-group	other	los indios el ajuntamiento con ellas? 576. 1. efclaras paren efclavos. 604.1. indias lo que amoneltavan a lus hijas.4.97.498. * madre de los diofes , tuvo dedicado el +. el pino. 36. 2. cabtravanie lus sager> e 130 1+ tacfirefiz sel
torquemada_v2	2404	2.404	digit-group	other	res5.405: k matrimonio. * que es? 404. 1. €xplicale. 404. 2. 405. 1. quien le compone. 427. i. lu etimolog1a. 4344. 2.404. 1. lu fin. 405. r. el primero detpues de la creacion, como, y con que ceremonias? 403. 1. 405. 1. fiempre le huvo ¿e
torquemada_v2	1108	1.108	digit-group	person	cia contra el? 442. t442. 1. pot que dijeron algunos no haverle entre los iadios ? 444» fieltis de los de paria. 414. 1.108 de los mexicanos eran agorados.4.12. 2. como le tracavan halta efectuarfe. 413. 1. creian fer delgraciados, lin conf
torquemada_v2	1365	1.365	digit-group	other	a 2 muerbnd poe, te 4 lu hermano , y por que >:399. 2. heredolc lu hija dona maria 343. m * maxrlal. vellido. 182. 1.365. 1. que lervia de calgcnes alos indies, 396.2.407-1> $ ¿oe maymmuchbibna s. hagafe af. palabra, con que acabavan l
torquemada_v2	2407	2.407	digit-group	other	 2. heredolc lu hija dona maria 343. m * maxrlal. vellido. 182. 1.365. 1. que lervia de calgcnes alos indies, 396.2.407-1> $ ¿oe maymmuchbibna s. hagafe af. palabra, con que acabavan las deprecaciones, a quetzalcobvatl.2 22.2 . maych
torquemada_v2	1344	1.344	digit-group	other	quetzalcobvatl.2 22.2 . maychanex. cacique ce 10s ciguajos;aunque no era vwalalio de guaricnex trata de librarle.331.1.344.10 mecatlan s. en el cordel 3 elcuela para aprender 2 raner , en el templo mator. 192.1. * mecboacan. * reino mui 
torquemada_v2	2204	2.204	digit-group	other	a a los perfas le redujelen 4 oligarchia? a melchifdech. fundo 3 ferufalen. 133.1. fue lu rey , y sacerdore. 172. 2.204. 1. y cabega de la jelefia , y en que tiempo? 172. 2. 204» 1; ofrece sacrificio de pan , y vino 4 dios.8 9. 2.94.1.
torquemada_v2	11300	11.300	digit-group	other	s.200. 2. * mefes.de los indios de 20. dias.2.4?. . 30 (0. 300 2 o 0 o lt ano. lus nombres , y etimologias. 295.b4/11.300. mefenio atbeita, prolog. lib. 6. c.2. me/trin.fe cala con lu pordre drtaxerxer, y a mera! , que arde en el folc
torquemada_v2	2105	2.105	digit-group	other	 muchos vecinos en cada vn2. 314. 1. lu gevierno y po.tcta , y relicion , excedio a todos los de nueva-espana. 35 4< 2.105 ndios , y los de trecientas leguas en contorno bien dilpueltos. $82. 2. $83. la lus templos de increible grandega , y
torquemada_v2	1447	1.447	digit-group	person	" nmauertor, 81. 1. lamavan af al infierno los tndios. 529 ll... micelantecabrli. s. senor: del laferno, 77. "":143.1.447.1.428.2. di vn buefo de hombre a xolotly y lo que le facedis. 77. 1.lu fielta 5 y siturificio de vn cautivo veltidoco"
torquemada_v2	1428	1.428	digit-group	person	"rtor, 81. 1. lamavan af al infierno los tndios. 529 ll... micelantecabrli. s. senor: del laferno, 77. "":143.1.447.1.428.2. di vn buefo de hombre a xolotly y lo que le facedis. 77. 1.lu fielta 5 y siturificio de vn cautivo veltidocomo el,"
torquemada_v2	1037	1.037	digit-group	other	 151.2. hexicanos,y ¿que le facrificavan? 97. 1.preparacio» nes,que hacian para lu fcita.280. 2. 281.1.y quando?295. 1.037 para el sacrificio. 281.1.como er2,y lu pro= cefion. 143. 1. dedicavanle los 4ra. cos, y elecb.as de la caga. 149.1.
torquemada_v2	1579	1.579	digit-group	other	"cios. 1820 il alguno 'moria durante el tiempo, era mal aguero. 183.2... * moneda. la de cacao ""cafi general. - 560. 1.579. de pano. 580. 1. palava por ella, en la vera-paz, ls pla. ma rica. 395. 1. de cobre , plata, martas. 560. 1. enel pe"
torquemada_v2	1405	1.405	digit-group	other	 le diitrahelas miicho fer callejeras ) y que deben hacer las cafadas. 473. 1. fu obligacion en el matrimonio. 403; 1.405. 1% fi por ellas deben dejarle los padres, 405: 1.405. 2. delpues del diluvio fue coltumbre calarle con vna. 431.2. 
torquemada_v2	1405	1.405	digit-group	other	cer las cafadas. 473. 1. fu obligacion en el matrimonio. 403; 1.405. 1% fi por ellas deben dejarle los padres, 405: 1.405. 2. delpues del diluvio fue coltumbre calarle con vna. 431.2. (01 enemigas de - tener igualen cala. 43 5.2. [0h part
torquemada_v2	407408	407.408	digit-group	other	ten - lidia 3 por vna iunta de bueies las compravan los maridoso 406. 1. y los griegos, troianos, alarabes,y otros, 407.408. en babilonia, y 4firia a publico pregon. 410. 411. como hacian lu dore 5 y elcogian maridos; en varlas naciones? 40
torquemada_v2	1436	1.436	digit-group	other	qba tener muchas mugeses en tiempo de lamech? 431.1. canfas “de ello. 439. 440.10 era cottra “derecho natural, 43 to 1.436.414 439. 1. fte prohibio alos hebreos. 433. 1.y por que no fe permite en la le; de gracia? 434. 2. quales tu_ vieron
torquemada_v2	436437	436.437	digit-group	other	e, con la primera lolo? +35. +2. inconvenientes de tencr muchas, 437 438. quales tuvieron muchos , maridos, y donde? 436.437. t. la de muchos , porque concibe poco. 438.2. romanas violadas por los sacerdotes, 218. 219. antiguamente tenian t
torquemada_v2	2443	2.443	digit-group	other	 los iidios. 293. 2» 294. 20u5 clamores quando las robaban las cajas. 577. 2. como las repudiavan | los fudior.4 4%. 2.443. entregavan lu dofe, y gananciales, fino eran 4dul1 $efas.44.4.%. -mug?res publicas y por que le toleran? 375» 1.377
torquemada_v2	1377	1.377	digit-group	person	2.443. entregavan lu dofe, y gananciales, fino eran 4dul1 $efas.44.4.%. -mug?res publicas y por que le toleran? 375» 1.377 1.como eran caltigadas?3 81. notomavan nada de los indios, y por. man? enerle mas le vendian algunas. 563. 2. como ie
torquemada_v2	11218	11.218	digit-group	other	ios decian , que le havia de acabar al fin de vna toxizomolpia. 30 ds n , mi mudo. romano. delpreciado de pau!j 11.218. 2. [e vale de una criada luja, yefta de los sacerdotes de 1/is, 219. 1.fingele anubis,y la configue. 219.2. y es del
torquemada_v2	1616	1.616	digit-group	other	jo. 74. 1. napoallatelli. s. confejo, o palabra de ochenta dias.35 5. 1, nappatecibtli. s.quatro veces senor. 59. 1.616, 2. idolo , y capilla en el hen? dd mc e. templo maior , y lus facrificios.1 5 32. de noche. 155.1. dios de los e
torquemada_v2	2568	2.568	digit-group	other	gocio. cometido a muchos le defpacha tarde.3 24. 2. negro. color de triftega.98.1. % negros.caxiia de lu color.567. 2.568. 11 fue la maldicion de noe 4 canzan? 570. 1. tratan mala los hndios.566, 1.lo que efcribio vno ¿otro a la efpanola
torquemada_v2	1302	1.302	digit-group	other	ega empeco , en lu tiempo? . 32788 nemontemi. s. dias valdios , y defapros vechados , y quales eran. 287. 20 300. 1.302. no hacian calo de ellos los in dios.3 00.2. nemoquebtli. s, muger valdiz. nombra dela que nacia en los dias valdio
torquemada_v2	2187	2.187	digit-group	other	o los de-. xavan dormir el dia del faregon evo? en du ge 294. 2. como los dedicavan.al templo y y para que 186. 2.187. 1. atavanlos , y cargavanlos , paza recivir alos diofes , en lu ficlta.z1 5. 2. mezclavan lu sangre, con vlil para
torquemada_v2	2470	2.470	digit-group	person	acerdotes. 180. t. los davan 4 comer lolo vn2 cola. 469 1. relpeto , que tenian a fus padres , quando los vizn. 469. 2.470. 1. el indio , que los hirtava tenia pena de muerte. 564. lo a, nitaynos. los nobles , y principales de la la efra
torquemada_v2	1479	1.479	digit-group	other	e nodoto. dios del yrigo , quando hecha nudos. 33.2. * noe. * s, quietud , defeamfo , y por que fe llamo ali? 455.1.479 2- fi es jano, y por que le llamaron sago en armeniz. 129. 2. rey,y sacerdote en efeito. 204. 2. fe lalva, enel drca
torquemada_v2	2572	2.572	digit-group	person	2 can. 570. 2. fi fue la maldicion profecia. $70. 2. noticias que daban los indios de la efpanola de lus iucefos. 571.2.572.t» 10 que vivio del nes de la confufion de lenga31. 18. 1. halla el vio del viso. 101. 1.£ invento los templos. 130
torquemada_v2	1200	1.200	digit-group	other	os combidados. novias, como las pedian los inmdias, 412.2. 413- 1. ccremosias , y ficitas con que las recivian. 413.1.200 corti anar i[110n ricas las llevavan en anais 4 ido 1. €n pariidas empiumavan pies, manos , y cabeca.a1o, 2. como 
torquemada_v2	1450	1.450	digit-group	person	exicanssa 37. 2 33. lo pario muchos hijos , que fueron hechados del cielo. 38. 2. embiaba los ninos a la ticrri.447».1.450-1ometecruirli. s. dos caballeros , o hidalgos. dios de los mexicanos varones. 37» 2. fingen eitar en el once cielo cr
torquemada_v2	2129	2.129	digit-group	other	.2. idolo que invento peicar, y era dic de los defcadores. 61. 1. oracion * si debe hacerfe mirando 3 orieste. 1283 2.129» 1. el mailor f4crificio delpues de la mi/a. 299. 2». oraculos * enganolos. :06» 1- el de apo!o hace y que para cela
torquemada_v2	2616	2.616	digit-group	person	o. es del de alvarado.6 14. 2. [las arboledas , defcas , y fondo, e de lus efferos.6 57. a1€5, animales de ellos ¡ge 2.616. 18 paporztac.dueblo; (us indios lacrificavan al dios del fino; y por que? 152.2. papeles, que ponian los ladios a
torquemada_v2	2254	2.254	digit-group	other	 dias, y que ofrecian en ella? 253. 2. el primero , y vitimo eran fichas, y dde banquetes , y bailes los demas. 253. 2.254. enella deltruicrona jerufalen, tito, y vefpafisno. 35518 pafion hace barbaros 3 los hombres. 5 057 qm pafores fu
torquemada_v2	1105	1.105	digit-group	other	como los dejavan los ladjos para veltiriclos. 118.2. en [ecandole apretavan a los que lostraian ad hediondez. :119. 1.105 que vifltieron a 4d, y eva, n fueron criados , o tomados de animales muertos. 484. 1. peloponefo, li dieron nombre 
torquemada_v2	2398	2.398	digit-group	other	 * perz. en lus llanos nunca llueve. 27: 2.fujeto a grandes , y muchos terremotos. 604.: [us leyes, y coftambres. 397.2.398. 1. lus ganados , y psftores. 48 5. por que no ptiede dar ragon de [u [dolrrie el autor? 194. 2. lus sacerdotes! 195. 
torquemada_v2	2117	2.117	digit-group	other	 de ¡mosa , y otras mui eftunadas , en cholislle. 52. 1. la que tenian los 1ndros para tacrificar fembres comoer2?116,2.117. 1. y otrazen que ponian vn cautivo, para lidiarle,cafi en todas las fieftas. 252. 1. negra de que hacen las n.svajs
torquemada_v2	12390	12.390	digit-group	person	nes, agoreros,y .idivinos.199.2. plugi.irios. caltigados con horca,y pera dida de hazienda , y familia en la vera-p 12.390. lo plimchas de cobre,que viavan por manedas los indios.560 1. planideras. en los entierros donde (e vian , y fila
torquemada_v2	1493	1.493	digit-group	other	. que hacian los indios a los ninos , y ninas dedicados a queszalco= buarl.22 4. quando calan [ns hijos, y hijas.492. 1.493- | p/aton. que entendio, en poner , en fu republica las cofas comunes? 429» lo fue el sentil , que mejor entendio 
torquemada_v2	1607	1.607	digit-group	other	dores car. nebumana. 584.2. | pr popocatepec.s.cerro himeador. nombre formado del efecto de la sierra , nevada. 592.1.607-1. poguieres. canas de burzo.190.t+ , +. poro. rey de la india embia embajadores 3 avgu/ffo.407.1= porientos.de l
torquemada_v2	1166	1.166	digit-group	person	afqua los judios, 253.2. y otras dos veces de panes,y miefes. 166.2. todas las naciones antiguas las han pagado. 165. 1.166.1os romanos , y lus mugeres. 165. 1.pagavanlaslos indios.166.1. y aora, en lemejante forma que los fudios 166.2, 
torquemada_v2	2313	2.313	digit-group	other	 mu ellimaciona los agereros , y azucfoj. 1970 2a prclemeo. v. to'emeo, * pueblo. como fe ha de corfiderar? 310. 2.313. 1.1c corftiruiendicx perfenas. 313. 2. de lvidios cofi rim2uno fe conferva,oy en buena traga. 298. 2. divididos cn
torquemada_v2	2299	2.299	digit-group	person	 de los quecho!lis? 280 1. quecholli.mes catorce de los mexicanos empecaba a 23. de oltubre canta de fu nombre.:80.2.299.t. quechol:i. ave de puna bn y y encarnad.t,2 80.1. quencameloenes. e s.defventis a de nofotras. as querecho. lu
torquemada_v2	2292	2.292	digit-group	other	van bsrbado los aexicanos, y que lignificava > 71. 1. dio nos; fseltas y y sacrificios , que le hacian) en cholul1.291.2.292.1. te= nia proprios miniftros, , que le dedicavanael, y lus nombres. 2210 2.decian embiaya al mendo lasgcriaturas, 43
torquemada_v2	2619	2.619	digit-group	other	lac. lagun, y otras de 105 lla nos de perote no tienen fondo , y i fueron volcanes? 618. 1. (fe comunicanal mir? 618. 2.619.1. : quiebras de mercaderes. regularmente os 12. eiciofa. o quiatzrli diofa.la miimas que cibuaco- ] e 149.24 4
torquemada_v2	114335	114.335	digit-group	other	 por dies. 317. 1. lon lus coadjutores. ¿21.1.cabegas de la republica. 3213. 1.lu govieino el mejor , y el mas veil. 114.335. diofes en la tierra ,comio , y por que deben ler adorados. 549. 1. y ¿companados: $49 2.101 motores vaiversales de t
torquemada_v2	2101	2.101	digit-group	other	ejor , y el mas veil. 114.335. diofes en la tierra ,comio , y por que deben ler adorados. 549. 1. y ¿companados: $49 2.101 motores vaiversales de todo en lu rei:o. 320. antiguamente davan audienciaen lugares publilos: 333: 1: 514. lo guilava
torquemada_v2	331333	331.333	digit-group	other	s fe hace menciofi en el derecho? 368. 2. deben ler afables. 332. 1. y fies conveniente fu llanega con los vafa llos. 331.333. juitos; piadofos. 333. pacificos. 334. 1. lu oficio 315. t.inftituido por ordenacion divina. 3 19. 2.€s necellario'
torquemada_v2	19520	19.520	digit-group	person	. 2: quiere vengarla , y le retira condolido. 116.2: reics de ezipre refivencia,que los tomavan defpues de muertos. $19.520. * reies de efpana 3 como goviernan? 327. 1.328. 2. facilidad ; en dar audiencid. 333. 1. mandar a los ftrreies le
torquemada_v2	1328	1.328	digit-group	person	: reics de ezipre refivencia,que los tomavan defpues de muertos. $19.520. * reies de efpana 3 como goviernan? 327. 1.328. 2. facilidad ; en dar audiencid. 333. 1. mandar a los ftrreies le valgan del confejo de praco z ticos. mz | reie
torquemada_v2	2526	2.526	digit-group	other	e praco z ticos. mz | reies de mechoscan , fiendo vicjos des javan el govierno a lu hijo. 338. 1. lu entierro.525.2.526. 527. vo caccoltz4f. * rei de mexico era eleetivo. 177. 24 332. 2.329 1. por quien? 323. l. como? 360. 1.€l primero
torquemada_v2	2329	2.329	digit-group	other	l govierno a lu hijo. 338. 1. lu entierro.525.2.526. 527. vo caccoltz4f. * rei de mexico era eleetivo. 177. 24 332. 2.329 1. por quien? 323. l. como? 360. 1.€l primero que en lu fiefta inteniava a huiizilopaschrli, 2. 2.360. 2. y dl ido!
torquemada_v2	2360	2.360	digit-group	other	177. 24 332. 2.329 1. por quien? 323. l. como? 360. 1.€l primero que en lu fiefta inteniava a huiizilopaschrli, 2. 2.360. 2. y dl ido!o del fesego. 153.1 iba dcinudo al termplo,y como le tenian ; y hechavan agua. 360. 1. y que le ponia el
torquemada_v2	1368	1.368	digit-group	person	s orejas, y como ld llevavan a palacio. 361. 1. lu erbije de negro , y rociadura de agua era elpecie de vncion. 360. 1.368. 2 paraempecar el (acrificio arrantaba la cabeca a quatro codormces , y las tiraba a los pies del idolo: 264. 1.282. 
torquemada_v2	1282	1.282	digit-group	person	. 1.368. 2 paraempecar el (acrificio arrantaba la cabeca a quatro codormces , y las tiraba a los pies del idolo: 264. 1.282. 2. como [e veitia en palacio , y para (3lir. 42.543. r.veftidos , que daba, y la eltimacion de ellos 543.1.para la g
torquemada_v2	42543	42.543	digit-group	other	beca a quatro codormces , y las tiraba a los pies del idolo: 264. 1.282. 2. como [e veitia en palacio , y para (3lir. 42.543. r.veftidos , que daba, y la eltimacion de ellos 543.1.para la guerra , como le alornava. 5430 1. donde (e retifava 
torquemada_v2	1115	1.115	digit-group	other	9. 2. *reino,fi tiene origen,endios ablolura, o permifivamente 317.3 +8: dividi. do es cierta lu ruina. 53.1. 314. 1.115.2, 351. antes andava junto , con el sacerdocio. 153.3. 204. 1. y1 dividido. 153. 2. fin jultica no puede conlervarie.
torquemada_v2	1217	1.217	digit-group	other	onia mufca, 3 14.1. 10 le puede cotleivar, fin lover 389.1. * repudio * por que [e permitia, entrelos fudios? 89. 1.217.2 435 to 442.2 fi2imitacion. 413. 2. de los gentile? 443. 1. y caulas por que le eoricedia 442. 2. permitido de los
torquemada_v2	1972	1.972	digit-group	person	ona tenian las tierras dadas por los reies a los indios, 546. l. y ricos * aun resines van ceremonias de des. 5e3. 1.972. m ko rico avariente * por que procurava condenado, para los otros lo que no avia el vlado. 75.2. * rios “c
torquemada_v2	2612	2.612	digit-group	other	ios “como los langravan los jndios para regar. 482. 1. multitud de ellos, que haien la sierra de nueva ejpana. 611. 2.612. 1.quefe forman a mui poco trecho de lasfuenres. 612.1.navegables.656.1.grandes , cula agua dulce fe coje en el mar. 
torquemada_v2	1106	1.106	digit-group	other	"to derivaron fus eerer.3%9. 2. multicud de lus dioles. brolog. [1.6.c.2. paso de a ta. 2. lachihcaron horhkr""s. 203. 1.106, 2. y mandaron ce/ar.en inp iccohe. otras partes los sacrificios. 108. e. dejavan lus bijrs de noche en los tem"
torquemada_v2	2233	2.233	digit-group	other	 s sabado. dia fantincado por dios. 234: 2. lleno de portentos. 23 2. 1. delcans0 diosyen el dela crexcion.23 2. 2.233:12? 37.1fue la ella primera 235.2. y £lo fucen la ley nataralo 2 2343 2.entre los judios n= violable. 232. 1. para 
torquemada_v2	2151	2.151	digit-group	other	32. 1. para celebrar la crescion contra n error de que el mido fue . :beternn, 2371 lies prin= cipio,0 fin de la se.,2.151. ,0 on go. 233.1 paso a cl la lolernidad. 235. 1. figuro el defcanio de cerifto, en el a ' sabalos. tan grande s c
torquemada_v2	1177	1.177	digit-group	other	"rigava , con el racional, y ""cobol. st. ei az de los lrdios,en mexiz co, y otras parres fuperior 4 los demas. 176. 1.177. 2. como cia vh= gido.360.2 en que le diflinguia,y fu nobre. 175. 1.1e/tido. 2 17.1+.era de la fomilisres1,0 mul pri"
torquemada_v2	1201	1.201	digit-group	other	214 2o fi le les debe alimentar , por derecho nitura!? 1 65» 1. mas refpecto lentes dzbe,que ¿los antiguos, 202» 1.201. 225. 2.267». 1. y cattigos, que di 5 ha hecho , en los que los injui12n. 203.1.2dios le di la reverencia, que (e
torquemada_v2	2267	2.267	digit-group	other	es debe alimentar , por derecho nitura!? 1 65» 1. mas refpecto lentes dzbe,que ¿los antiguos, 202» 1.201. 225. 2.267». 1. y cattigos, que di 5 ha hecho , en los que los injui12n. 203.1.2dios le di la reverencia, que (e tes mica o 1 1
torquemada_v2	2482	2.482	digit-group	other	os gentiles de gran eftimacion , igual 2 los reies. 200. 1. le labavan antes de ira los sacrificios,y pot que.45 2e 2.482. 1.losd2los rom..105 ptedicavan,que los idolos gultavan mucho de las dongellas. 218.2. y gogavan las que le quedavan,en
torquemada_v2	2164	2.164	digit-group	person	privados de fusoficios.2 12.n0 comiancabra,y por que?2 13.2 crucificados los de ys. 220. de los indios inumerables.162.2.164-170.183. 2. 208. viejos. 181. 2. callos. 214. 2. 230% 1. y con renta5. 163. 2. y fus veitidos. 217» 1. los de moloc 
torquemada_v2	170183	170.183	digit-group	person	os de fusoficios.2 12.n0 comiancabra,y por que?2 13.2 crucificados los de ys. 220. de los indios inumerables.162.2.164-170.183. 2. 208. viejos. 181. 2. callos. 214. 2. 230% 1. y con renta5. 163. 2. y fus veitidos. 217» 1. los de moloc como pe
torquemada_v2	2416	2.416	digit-group	other	entes en sacrificios, y cofenar a los logos, 4.11. 1. ceremonias, que hacian en los matrimonios de 105 ludios. 415. 2.416. 1. vno llevava vna culebr,s levantada en alto delante de paynal, 2. 2. otro veltido de querzalcobuxtf', paiaba con 
torquemada_v2	2195	2.195	digit-group	other	as albercas de los templos. 217. 1. 21 se delpues de haver tenido. 217. 2. ocultavan las riquega a lose/panoles.16z, 2.195. 1. fi eran cafados los def peri? 19.4. 2. le merian en las e/fztuas , para relponder. 63. 2. los de yxeliltenscomo b
torquemada_v2	83527	83,527	digit-group	other	te al sacrificio, 26 *. sacrificio. * que'es > 88. 1. es de ley natural? 6. 1.8.1. 0 natural, 87. por 1. 121.2. 83,527 89, ln 2. quando empeciron. 6. 2.93. ito exterior de humildad. 97. 1. y07. 1-y proprio , en todas las gentes. 88. 1:
torquemada_v2	2101	2.101	digit-group	other	f es bueno. 93.2. puede no lerlo lo sacrificado. 93. 2. era al principio de terhas,semilas.85.1.87.1.flcres8 5. 2.94.2.101.1:90.2.1 15. 1.ueipues de anunales, 85.1. 86. 1. diveriamiente. 121. 1. peces.96.2.4v5.97. 1. de imagenes de daimales
torquemada_v2	1105	1.105	digit-group	other	rralos de los pobres, 99.1.4e comidas, y bebidas. 100. 2, tenian por defectuolo,el que no lle. vara mol4-faliz. 106. 1.105 gentiles erravan el fin, y /i los medios eran buenos. 97. 2. porque lacrificavan en montes, y sitios ocultos, 131.2.
torquemada_v2	117118	117.118	digit-group	other	 2. oti=. sen de ellos. 102. 2. 103. :.vlados por cafi rodaslas naciones, 103. to 118. 1. como fe haciaen mexic:? . 117.118. y donde hechzwvanslos eadaverer 119. 1.fiino0 (e maravan 4 es muchos , noera cumplido. 96. 2, enlos de vulcano ,
torquemada_v2	1474	1.474	digit-group	person	alos 4!t2res. 104. 1. quando le calavan era elto frecuente. 415. 2. al nacer,delietar, y poner a andar los ninos. 473. 1.474 1.los del dios del fferno te hacian de noche. 148. 1. 10s que hacian al dios de la pesora los fuzadores 553» 2. beb
torquemada_v2	2609	2.609	digit-group	other	 y rom.nos, 100. salto , o caida de agua del rio michatoyatl. 603. 1.del cbicunabuatenco , y cuebas , que forman.605.2.609.1. samariranos medio helreos, y gentiles, 134. 1. porque levantaron temploenel mente garizin 133.2.134. 1. difpucan
torquemada_v2	2134	2.134	digit-group	other	ue forman.605.2.609.1. samariranos medio helreos, y gentiles, 134. 1. porque levantaron temploenel mente garizin 133.2.134. 1. difpucan con los judios, ii era mejor, que e de salermon. 134. 2. comen carne beumana co vn2 gran hambre. 584. 
torquemada_v2	2506	2.506	digit-group	other	da de mamaf, en el combitre; al nino. 455. 1. compra abraham sepslers, para enterrarla, y fi fue el , primero? $05. 2.506. sar.z hija de raguel. 417. i. entregada por ln padre a tobias. 412. 1.10 que la dijeron lus padres al partir a su
torquemada_v2	2621	2.621	digit-group	other	 fu hijo ninias. 42 4: 1. y hace ley para que todas puedan calarle con fis hijos. 424. 1. invento los calgones. $80. 2.621. y. senado lu inftitricio,y etimologis.3 40.20 senadores. el error de vno tiene facil remedio. 340. 2. sentencia
torquemada_v2	1519	1.519	digit-group	other	o las gentes. $08. 2. el fitio de cllos, fe tuvo por sagrado en las ee-. 1es.508. 1. y el campo, en que eftavan.5 16. 1.519 1. y digno de pena profanarlos. 508. 2.no lolo fueron hoyas. 505. 1. fino edificios. $06. 1. con los apartamientos q
torquemada_v2	135226	135.226	digit-group	person	 que es , y por que le llamo 21265. 18 siria facrificava hombres. 106. 2. sirios celebravan [us fe/?as con campas 135.226. 2. tenian muchas muges res , y de quien tomaron la coftumbre? 435. 1. como embaliimavan; y confervavan los cadaveres
torquemada_v2	1134	1.134	digit-group	other	 da tabaco.x yerba folpechola,y por que? 83. i. tabernaculo. manda dios hacerle, a es 1210.12 2.1172. 2.1228 1.134. 1. 209. 2. por que fue coniveniente ? 124. 2. 125. 2.era porsatil. 131. 1. permanecio muchos anos en $10.133 .1. 134.
torquemada_v2	10133	10.133	digit-group	other	. 2.1228 1.134. 1. 209. 2. por que fue coniveniente ? 124. 2. 125. 2.era porsatil. 131. 1. permanecio muchos anos en $10.133 .1. 134.1. tacenga ciudad. lu templo chapado de oro eftulpidos varios aanimae tafer. hija de salomon. 4.3 4.2» ta
torquemada_v2	18427	18.427	digit-group	person	animae tafer. hija de salomon. 4.3 4.2» tagusguas. ojas de oro bajo de gran eltimacion enlos indios de la efpano.. 18.427.2. ; talcheas. como le calavan? 409. jo 414.2. ta.:gas. menas de heno con que daban por juego, a las indias.285. 
torquemada_v2	1365	1.365	digit-group	other	 indios correlpon diente ¿caw.1:lero deorden, 361.2. quales, y conque calidades la alcangavan,36s 1.lus galtos. 361. 1.365. como lievavan al pretendiente al tensplo deta xtle, y le horadavan lasovejas:362.1.lu ¿luno vi ano. 363. 2. por que 
torquemada_v2	1220	1.220	digit-group	other	 como vi vian? y fiefta que hacian. .210. 2. _ ml. lt. * telpadili. s. mancebo. nombre de tecatliptica. 40. 2. 41.1.220.2.d0n= de hacian fu field. 245.1. temacpalco puebio. s. palma de la ano y y por que? 50.1. k teradlacarl. s. pied
torquemada_v2	2108	2.108	digit-group	other	manos. 125 z.los que higo salomon a los idolos. 429.2.10s chri/ftanos ponian a orien= te regularmente el altar. 128. 2.108 gentiles antiguos no tuvieron mus chos. 160. 2. exageranie las riquecas de cllos. 161. como quilo driftoles que fe fa
torquemada_v2	1146	1.146	digit-group	other	uvieron mus chos. 160. 2. exageranie las riquecas de cllos. 161. como quilo driftoles que fe fabricafen. 126. 2. 127» 1.146. 1. y como los plantavan? 127. 2.12 8.1.por que no iban conformes en las fabricas? 128. 1. 13 12 2.137. 2. hacian gra
torquemada_v2	2137	2.137	digit-group	other	" 126. 2. 127» 1.146. 1. y como los plantavan? 127. 2.12 8.1.por que no iban conformes en las fabricas? 128. 1. 13 12 2.137. 2. hacian gradas en ellos. 143» 1. los de las naciones, mas cul"" tas fueron,maas fumptuolos. 129 2: agneros , y obl"
torquemada_v2	131290	131.290	digit-group	other	maas fumptuolos. 129 2: agneros , y oblervaciones , que hacian al dedicarlos. 167. por que los «dibicavan en adontes? 131.290 er indice. fitios que diefen a entender el oficio del idolo. 137. 2. al sol , y a baco le los hacian redondos. 1
torquemada_v2	158160	158.160	digit-group	other	o,. con lus nombres. 158. 2. y p3/fos. 158.1.en lo interior del folo entravan los que eran,tenidos por xelizio= fos. 158.160 1 fragrancia qne lacavan.155.4 de disn3 en efefo, tardo afixen hacerle docientos y veinte anos. 16 1.1.mulcitud de fu
torquemada_v2	1299	1.299	digit-group	other	ltecas.1290. 291.8u mercado. $55. 1. todos los diase y y 8.mebepeaciion | tepelomil, s. fie/ta de los montes. 279. 1.299. 1. mestrece de los mextc1nos. 152. 1. correlponde a oetubre, 148. 1. sacrificios que fe hacian en sel 2. 2 + tepi
torquemada_v2	2251	2.251	digit-group	other	races , y humilladeros, 64.2. 65 . lo teponatzli, atambor. 78. 2.2650 1. 4 que cantavan, y bailavan los lndion 210.2.251.2 menos en la fea -de la madre de los diofes. 275.2. tepu-tli. s. mancebo. ali le llaman los indios arites de calar
torquemada_v2	1262	1.262	digit-group	person	 ejpejos. templo en el +ziior dedicado a terzcatlipuco. ¿coto e terzcatlipues, e pejo relplandectente. 48.20 1:50 1.262, 13 idolo mexicano. + de los mas principales. 79 y. y majores; 150. 1. del bien , y del mal, 578. 1.4 quien llamavan 
torquemada_v2	2253	2.253	digit-group	other	, 256. 2. veltiante en ella de nuevo los pr incipaleso 25% 1.como?. 257» 28. ya que fin? 256. 1. lu procchon. 257. 2.253. 1. y dilciplina. 258. £, hajta que bolvian el idolo 21 altar. 259. 2. lus ofrendas 260.1. «como le facavan la comid
torquemada_v2	1220	1.220	digit-group	person	crtzoncatlomechtli , o tetrcatzon22l. dios del vino , y lzzs nombres. 58. 23.lu sacerdote tenia cl miimo nombre. 181. 1.220. 2.esel b.co de los antiguos , y [us companeros, son t7.3.105, que lacrificavan? 101. 2. thcodorico rei de traliz 
torquemada_v2	3105	3.105	digit-group	person	res. 58. 23.lu sacerdote tenia cl miimo nombre. 181. 1.220. 2.esel b.co de los antiguos , y [us companeros, son t7.3.105, que lacrificavan? 101. 2. thcodorico rei de traliz arriano afligio a la lalefia , y varones santos , y los martiri
torquemada_v2	2629	2.629	digit-group	other	ado, con otro libre con gran regocijo del bueel 0.0 o tiscbace lagunn. 618. 15 etra en los limmos de perote. 618.2.629. ta * tlachco. “a ego de pelcta ia. 280mole adorn2ron? ;y3.dondz enay2, y como 1ns1van los inaatos 554. 1. para que p
torquemada_v2	2010	2.010	digit-group	other	de pelcta ia. 280mole adorn2ron? ;y3.dondz enay2, y como 1ns1van los inaatos 554. 1. para que portamen el 1doles? 554. 2.010 le conissravan, y quien podia hacerle? 553. 2. tiucochraguars hautabuac. teir-lo en el dio. tn tiscobcalecatiyacapa
torquemada_v2	265920	265.920	digit-group	other	 ina:os , y para que 246. lus compaeros. 47. quien barria los caminas quando venid? 521. mefes de lus sillas igp7? 1. 265.920 mia le como, le hacian , ) ' por que? 200.1. caltigavan en ella 2 los sacerdos? culpados. 252. 1. facrificavanle n
torquemada_v2	2267	2.267	digit-group	person	s y y sacrificios de ninos, 253. 24 at o y por que? 207. 2. 284.1. ceremonias dela tercera fiefsa, y enque mes? 266. 2.267. 1. facrificios de hombres , y ninos, 267. 2. otros,en la de la dio/z de la sal,268.2. tlalzontecoyan. s. lugaride
torquemada_v2	2281	2.281	digit-group	other	ro en la fieffa de los difuntos. 298. 1. los de querzalcobuatl. 222. za diatincatl. idolo 13 los tlamatzincas. 151. 2.281. 1, traido a mexico. 151. 2.281.1.fieltas, y lacrificios , que le hacian de e/clavos cebados.281. 2. para comer los pri
torquemada_v2	2281	2.281	digit-group	other	. 298. 1. los de querzalcobuatl. 222. za diatincatl. idolo 13 los tlamatzincas. 151. 2.281. 1, traido a mexico. 151. 2.281.1.fieltas, y lacrificios , que le hacian de e/clavos cebados.281. 2. para comer los principales.15 1.1. tlunatzinco, 
torquemada_v2	2291	2.291	digit-group	other	395. 2. fusammos , y lacrificios 4 cam e 290. 291. 1lacrificaban a palos a vn iuaio. 291. 1. y 2 otros cruelmente.290. 2.291. la deleavan mucho ler tecuchtil. 361. 1. honras a lus difuntos y y declaracionde divinos a fis heroes. 298. creian 
torquemada_v2	1272	1.272	digit-group	other	de . los mexicanos. 271. 1. que durava defde quince de,fulio a tres de dgo/s t9. 272. 1. por que le mamava af. 298. 1.272. 22 dedicado a huitzrlopuchili. 271. 1. fieftas quele hacian, en el,y al dios de los mercaderes.27 1. 2.273> tlayacu
torquemada_v2	2273	2.273	digit-group	other	af. 298. 1.272. 22 dedicado a huitzrlopuchili. 271. 1. fieftas quele hacian, en el,y al dios de los mercaderes.27 1. 2.273> tlayacumque. folicisador de lo que man» van los regidores. $45. 1... 1! tlaylorlac: afefor del fuer, maloren e 100
torquemada_v2	1455	1.455	digit-group	person	ivo. 263. 1.y enque [e ocupaban? 297.1. x toxisbmolpia.s a atadura de nuefiros indice. ara 29 lio ao 2. vio3> 1.455.2.2r2nfie/ffa que de 52 a 52 'anos celebravan los mexicanos.292. 2.455.210 lolemnidad. 293.1.era la maior; y novedad
torquemada_v2	2455	2.455	digit-group	person	nuefiros indice. ara 29 lio ao 2. vio3> 1.455.2.2r2nfie/ffa que de 52 a 52 'anos celebravan los mexicanos.292. 2.455.210 lolemnidad. 293.1.era la maior; y novedad con que la c.lebro motecubguma. 295. 1.21 fn de vna creian havida de ac
torquemada_v2	2410	2.410	digit-group	person	acrificabin hombres. 104. 1; 105. 2. compravan las mugeres i1 eran hermolas, y li teas,compravan ellas maridos. 406. 2.410. 2. tuvo muchas cada vno.43 2.1. como ha.. cian lus sepu eros? 516.2. tradiciones, * derivadas de los apo/fles deven
torquemada_v2	1385	1.385	digit-group	other	fles deven leguarle. 370. 2. paan de generacion en generacion: y 3709 e * traidores * ima como eran cali gados? 385. 1.385. 2. lus hijos infames; y lus ca/as fembradas de sal. 387.2. lus parientes fi lo labian da-. dos, por efclavos.56.4.1. 
torquemada_v2	2547	2.547	digit-group	person	"186. lo . treintenarios. 182.1"" un * tributos. * de que , y como pagavan los indios? $43. 2. quien los £obriba. 546 2.547» 1. y a quien davan cuenta los indios. 544. 2. el dd pap pagarlos moria, 386, x trigo. * i a fembro cain ? > 4t0. m"
torquemada_v2	1430	1.430	digit-group	person	. te de que le ido rnavan antiguas mente templos , y sepuleros. $06.16 trogloditas.tenian las mugeres comunes; 428.1.430.1.y mas la noche de las . bod35.409. 15 t+ropbon. s. convertible. canfa de o los antiguos elte nombre a mercurio, 
torquemada_v2	2580	2.580	digit-group	other	llos. 283.1. trueque, inclina 3 el , la natue raleg2. 579. 2. tomo le hacian los efpanoles , y otras naciones 579. 2.580. 1. viavanle mucho los li2i0s , y oy fin hablar. 579. 2. iu invencion te deve a la necefidad. ' 579» * trubanes i
torquemada_v2	1297	1.297	digit-group	other	nce de los mexicanos ,deide 24 de agofto, a 12 de septiembre. 255. 2. por que le llama a(12298.2. * venados. x 148. 1.297.2.299. 1. laceificaban los [ndios.96. 1.4 mix cobuatl. 97.1. comian lu excrementolos dela florida. 336. 1. le vendiam
torquemada_v2	2299	2.299	digit-group	other	 los mexicanos ,deide 24 de agofto, a 12 de septiembre. 255. 2. por que le llama a(12298.2. * venados. x 148. 1.297.2.299. 1. laceificaban los [ndios.96. 1.4 mix cobuatl. 97.1. comian lu excrementolos dela florida. 336. 1. le vendiam por m
torquemada_v2	2328	2.328	digit-group	other	edan e/lavos. 462. e. venena. lultentava a vna muger que le comia delde nina. 463.1. * venecia, lu govierno. 323.2.328.2: veneguela * provincia.[1 tuvo idolos?6 2. 2. ia govierno.3 46. venilia.la orda que da en la playa; _ mauger d
torquemada_v2	2345	2.345	digit-group	other	ion. 442 lu confejo con los principales , y que trarava ? 3430 l> miniftros que tenian fus ordenes ; y grados. 342.2.345»1. y lus salarios, 345.2. lus leies , y coffumbres. 389, 392.y figutentes. lus indias hermofas, y caladas con efpano
torquemada_v2	2365	2.365	digit-group	other	veftidos de los sarrificados los colgavan en los templos. 280. 1. quales davau al tecuchrli , y 2 los combidados. 364. 2.365. 1.la punta de ellos hechan los indiosen la muger cu lenal de cafarfe 412. 1. quales, y como ponian los indios 4 los
torquemada_v2	1105	1.105	digit-group	person	.c.1.t 3. * vino * generalmente le toma po! qualquier bebida. 243. 2, dede noe vliron el de vid las naciones: 101. 1.105 indios le hacian de maguer, palm, y pinas, 101. 2. ofrecian el primero a ¿xtli ton, $ temian algun delaltre. 59.2. cra
torquemada_v2	2594	2.594	digit-group	other	l, las exbalaciones para formarle, y mautenerle. $93. 1. y fi lu materia es agufre , o berun jugofo, com aguas. $93. 2.594. 1. le comunica encendida de vnas provincias 2 otras; por debajo de tierra ; y dguz. 596 1. [1 cauian los temblores d
torquemada_v2	2604	2.604	digit-group	other	 encendida de vnas provincias 2 otras; por debajo de tierra ; y dguz. 596 1. [1 cauian los temblores de tierras 603. 2.604, 1. de las [slas del pico, y s. miguel: y otros del perz.; 95.15 el de islandix no quema la eltopa, y apura el 4342.
torquemada_v2	2592	2.592	digit-group	other	pana , y vno 2 once leguas de mexico cubierto de nieve. 5 92. 1.el de sierra nevada;s0 extaciibuarl le delcribe. $91.2.592. 1. hecha humo , que cae. en ceniga efparcida, por mas de ocho leguas, $92. 1.dosen tustemals ; vno ar2 roj2 llamas
torquemada_v2	1596	1.596	digit-group	other	sen tustemals ; vno ar2 roj2 llamas, muy claras. 592. 2. el de mafaya en niraragua excede a todoslos del mundo. 592. 1.596.23 597-598. otro junto a el, que ya efta ciegos 596. 1. el delos yyalcos fe baja mas de treinta citados. 609. 2. ot
torquemada_v2	1105	1.105	digit-group	person	 judios. 318.1.32 9.1. 1 vrlarlan reino. como eltablecio fu primer rey la fucefon , para que no reinalen ninos. 338.1.105 miniflros, y ocupaciones. 339. 1.“lus frontera5.339. 2. (us hermanos le recono= cierohl 340.2. vulcanias islas. 595
torquemada_v2	1336	1.336	digit-group	other	aceite de tess quien le invento? a vxmatex. senor de cibos walallo de guarionex.3 30.2% * xalifco* provincia.338.1.336.1.£us idolar. 54. 1. lu govierno de reies poderolos. 3 38.1 lus [dios hermo= los.582.2. xaraguas. provin:ia, y rei
torquemada_v2	1269	1.269	digit-group	other	de xilotes. pri> mer mes atlcabualco de los mexica nueo $ .2. > n ailenen.diofa de jospanes,luetimologta es censer:1.269.2. lu templo.184. 1. fu fiefna mui antiguz, y como le celebrava? 289.1. fu dnracion,dalle, y combite. 269. 270. t. sa
torquemada_v2	2252	2.252	digit-group	other	295.2. xipe , 0 xippeitenca. s. calvo, dtegados dies de los plareros, como; y en que n mis mesle celebravan. 58 2.252. 2; defollavan muchos cartivos el diz de lu fiefta, 253 .1.doude hechavan los pellejos delpues de haverlos traido lo
torquemada_v2	2285	2.285	digit-group	other	ue fe lababa quergalcobuat!. 49.1. r xiubrecuchtli.s encendido, o bermejos 274» 1. dios , o senor del fitego.5 6u 2.285. 2.153+ 1. 273. 2. le lacrificavan 96. 2. anualmente animales que iban 4 cagar antes. 285. 2. horrendamente hombres 3 
torquemada_v2	2153	2.153	digit-group	other	ababa quergalcobuat!. 49.1. r xiubrecuchtli.s encendido, o bermejos 274» 1. dios , o senor del fitego.5 6u 2.285. 2.153+ 1. 273. 2. le lacrificavan 96. 2. anualmente animales que iban 4 cagar antes. 285. 2. horrendamente hombres 3 medio 
torquemada_v2	1456	1.456	digit-group	other	 mexico.5 42.1. xiubtlamin efclavo huezotzinca. en iu pecho le faco el fuego nuevo, en la vitima hella, y como. 295.1.456.24 xissbrorot!, ave de canto itave.49.1. xixiquipilibuiz por que llamavan aii los indios 3 la diofa de el agur, 97
torquemada_v2	1298	1.298	digit-group	person	 cae y o le acaba la frec. 273.1. 298. 1.mes decimo anno 1. c 2 de los mexicanos defde 4 a 23. de ayofto. 275. 1.298. 1. volavan los ir4tos en el arbol volador. 149.2, % xolotl, va al inferno y dale fu fenor vn huelo , y hutendo le 
