lemma,work_id,source_file,source_sha256,author,title,citation,surface_forms,token_count,context
musculus,phi0119/phi017,data/phi0119/phi017/phi0119.phi017.perseus-lat2.xml,e067fac0b7de5db14a0d4e34930ab43c5227bf5b614889079823a3614e0f7474,T. Maccius Plautus,Rudens,act=2/scene=1/l=298,musculos,1,"marinam urticam, musculos, plagusias striatas;"
musculus,phi0428/phi001,data/phi0428/phi001/phi0428.phi001.perseus-lat1.xml,b1163b69650ef8b300f8b9dfc5dfef4a0ec9d17c4403345ff96a39dd954f84dd,Pseudo-Caesar,De Bello Alexandrino,chapter=1,musculis,1,"Bello Alexandrino conflato Caesar Rhodo atque ex Syria Ciliciaque omnem classem arcessit; Creta sagittarios, equites ab rege Nabataeorum Malcho evocat; tormenta undique conquiri et frumentum mitti, auxilia adduci iubet. Interim munitiones cotidie operibus augentur atque omnes oppidi partes, quae minus esse firmae videntur, testudinibus ac musculis aptantur; ex aedificiis autem per foramina in proxima aedificia arietes immittuntur, quantumque aut ruinis deicitur aut per vim recipitur loci, in tantum munitiones proferuntur. Nam incendio fere tuta est Alexandrea, quod sine contignatione ac materia sunt aedificia et structuris ac fornicibus continentur tectaque sunt rudere aut pavimentis. Caesar maxime studebat ut, quam angustissimam partem oppidi palus a meridie interiecta efficiebat, hanc operibus vineisque agendis ab reliqua parte urbis excluderet, illud spectans primum ut, cum in duas partis esset urbis divisa acies, uno consilio atque imperio administraretur, deinde ut laborantibus succurri atque ex altera oppidi parte auxilium ferri posset, in primis vero ut aqua pabuloque abundaret, quarum alterius rei copiam exiguam, alterius nullam omnino facultatem habebat; quod utrumque large palus praebere poterat."
musculus,phi0448/phi001,data/phi0448/phi001/phi0448.phi001.perseus-lat2.xml,44e2b2bdbe79bbff71bb8dd24b070ad18126a75d94e4eb14d86eb18e419849aa,Julius Caesar,De bello Gallico,book=7/chapter=84/section=1,musculos,1,"Vercingetorix ex arce Alesiae suos conspicatus ex oppido egreditur; crates, longurios, musculos, falces reliquaque quae eruptionis causa paraverat profert."
musculus,phi0448/phi002,data/phi0448/phi002/phi0448.phi002.perseus-lat2.xml,6f6771297e9f5c7d0545107c3a8480478262c1a9a7994ff4443bbcb04af7fb68,Julius Caesar,De Bello Civili,book=2/chapter=10/section=1,musculum,1,"Ubi ex ea turri quae circum essent opera tueri se posse sunt confisi, musculum pedes lx longum ex materia bipedali, quem a turri latericia ad hostium turrim murumque perducerent, facere instituerunt."
musculus,phi0448/phi002,data/phi0448/phi002/phi0448.phi002.perseus-lat2.xml,6f6771297e9f5c7d0545107c3a8480478262c1a9a7994ff4443bbcb04af7fb68,Julius Caesar,De Bello Civili,book=2/chapter=10/section=2,musculi,1,cuius musculi haec erat forma. duae primum trabes in solo aeque longae distantes inter se pedes iiii collocantur inque eis columellae pedum in altitudinem v defiguntur.
musculus,phi0448/phi002,data/phi0448/phi002/phi0448.phi002.perseus-lat2.xml,6f6771297e9f5c7d0545107c3a8480478262c1a9a7994ff4443bbcb04af7fb68,Julius Caesar,De Bello Civili,book=2/chapter=10/section=3,musculi,1,"has inter se capreolis molli fastigio coniungunt, ubi tigna quae musculi tegendi causa ponant collocentur. eo super tigna bipedalia iniciunt eaque aminis clavisque religant."
musculus,phi0448/phi002,data/phi0448/phi002/phi0448.phi002.perseus-lat2.xml,6f6771297e9f5c7d0545107c3a8480478262c1a9a7994ff4443bbcb04af7fb68,Julius Caesar,De Bello Civili,book=2/chapter=10/section=4,musculi|musculo,2,"lad extremum musculi tectum trabesque extremas quadratas regulas iiii patentis digitos defigunt, quae lateres, qui super musculo struantur, contineant."
musculus,phi0448/phi002,data/phi0448/phi002/phi0448.phi002.perseus-lat2.xml,6f6771297e9f5c7d0545107c3a8480478262c1a9a7994ff4443bbcb04af7fb68,Julius Caesar,De Bello Civili,book=2/chapter=10/section=5,musculus,1,"ita fastigato atque ordinatim structo ut trabes erant in capreolis collocatae, lateribus lutoque musculus, ut ab igni qui ex muro iaceretur tutus esset, contegitur."
musculus,phi0448/phi002,data/phi0448/phi002/phi0448.phi002.perseus-lat2.xml,6f6771297e9f5c7d0545107c3a8480478262c1a9a7994ff4443bbcb04af7fb68,Julius Caesar,De Bello Civili,book=2/chapter=11/section=1,musculum|musculi,2,"Quo malo perterriti subito oppidani saxa, quam maxima possunt, vectibus promovent, praecipitataque muro in musculum devolvunt. ictum firmitas materiae sustinet, et quidquid incidit, fastigio musculi elabitur."
musculus,phi0448/phi002,data/phi0448/phi002/phi0448.phi002.perseus-lat2.xml,6f6771297e9f5c7d0545107c3a8480478262c1a9a7994ff4443bbcb04af7fb68,Julius Caesar,De Bello Civili,book=2/chapter=11/section=2,musculum,1,"id ubi vident, mutant consilium; cupas taeda ac pice refertas incendunt easque de muro in musculum devolvunt. involutae labuntur, delapsae ab lateribus longuriis furcisque ab opere removentur."
musculus,phi0448/phi002,data/phi0448/phi002/phi0448.phi002.perseus-lat2.xml,6f6771297e9f5c7d0545107c3a8480478262c1a9a7994ff4443bbcb04af7fb68,Julius Caesar,De Bello Civili,book=2/chapter=11/section=3,musculo|musculus,2,"interim sub musculo milites vectibus infima saxa turris hostium, quibus fundamenta continebantur, convellunt. musculus ex turri latericia a nostris telis tormentisque defenditur; hostes ex muro ac turribus submoventur; non datur libera muri defendendi facultas."
musculus,phi0448/phi002,data/phi0448/phi002/phi0448.phi002.perseus-lat2.xml,6f6771297e9f5c7d0545107c3a8480478262c1a9a7994ff4443bbcb04af7fb68,Julius Caesar,De Bello Civili,book=2/chapter=14/section=4,musculum,1,illi sub murum se recipiunt ibique musculum turrimque latericiam libere incendunt. ita multorum mensum labor hostium perfidia et vi tempestatis puncto temporis interiit.
musculus,phi0448/phi002,data/phi0448/phi002/phi0448.phi002.perseus-lat2.xml,6f6771297e9f5c7d0545107c3a8480478262c1a9a7994ff4443bbcb04af7fb68,Julius Caesar,De Bello Civili,book=3/chapter=80/section=5,musculosque,1,Caesar castris munitis scalas musculosque ad repentinam oppugnationem fieri et crates parari iussit.
musculus,phi0448/phi002,data/phi0448/phi002/phi0448.phi002.perseus-lat3.xml,2fce12336cbded76c2b490f7caa8bfd843153b742475e052da76b00f26312fa9,Julius Caesar,The Civil Wars,book=2/chapter=10,musculum|musculi|musculi|musculi|musculo|musculus,6,"Ubi ex ea turri, quae circum essent opera, tueri se posse confisi sunt, musculum pedes LX longum ex materia bipedali, quem a turri latericia ad hostium turrim murumque perducerent, facere instituerunt i cuius musculi haec erat forma. Duae primum trabes in solo aeque longae distantes inter se pedes mi collocantur, inque cis columellae pedum in altitudinem V defiguntur. Has inter se capreolis molli fastigio coniungitur, ubi tigna, quae musculi tegendi causa ponant, collocentur. Eo super tigna bipedalia iniciunt eaque laminis clavisque religant. Ad extremum musculi tectum trabesque extremas quadratas regulas IIII patentes digitos defigunt, quae lateres, qui super musculo struantur, contineant. Ita fastigato atque ordinatim structo, ut trabes erant in capreolis collocatae, lateribus lutoque musculus, ut ab igni, qui ex muro iaceretur, tutus esset, contegitur. Super lateres coria inducuntur, ne canalibus aqua immissa lateres diluere posset. Coria autem, ne rursus igni ac lapidibus corrumpantur, centonibus conteguntur. Hoc opus omne tectum vineis ad ipsam turrim perficiunt subitoque inopinantibus hostibus machinatione navali, phalangis subiectis, ad turrim hostium admovent, ut aedificio iungatur."
musculus,phi0448/phi002,data/phi0448/phi002/phi0448.phi002.perseus-lat3.xml,2fce12336cbded76c2b490f7caa8bfd843153b742475e052da76b00f26312fa9,Julius Caesar,The Civil Wars,book=2/chapter=11,musculum|musculi|musculum|musculo|Musculus,5,"Quo malo perterriti subito oppidani saxa quam maxima possunt vectibus promovent praecipitataque muro in musculum devolvunt. Ictum firmitas materiae sustinet, et quicquid incidit fastigio musculi elabitur. Id ubi vident, mutant consilium: cupas taeda ac pice refertas incendunt easque de muro in musculum devolvunt. Involutae labuntur, delapsae ab lateribus longuriis furcisque ab opere removentur. Interim sub musculo milites vectibus infima saxa turris hostium, quibus fundamenta continebantur, convellunt. Musculus ex turri latericia a nostris telis tormentisque defenditur; hostes ex muro ac turribus submoventur: non datur libera muri defendendi facultas. Compluribus iam lapidibus ex ea, quae suberat, turri subductis repentina ruina pars eius turris concidit, pars reliqua consequens procumbebat: cum hostes urbis direptione perterriti inermes cum infulis se porta foras universi proripiunt, ad legatos atque exercitum supplices manus tendunt."
musculus,phi0448/phi002,data/phi0448/phi002/phi0448.phi002.perseus-lat3.xml,2fce12336cbded76c2b490f7caa8bfd843153b742475e052da76b00f26312fa9,Julius Caesar,The Civil Wars,book=2/chapter=14,musculum,1,"At hostes sine fide tempus atque occasionem fraudis ac doli quaerunt interiectisque aliquot diebus nostris languentibus atque animo remissis subito meridiano tempore, cum alius discessisset, alius ex diutino labore in ipsis operibus quieti se dedisset, arma vero omnia reposita contectaque essent, portis se foras erumpunt, secundo magnoque vento igneni operibus inferunt. Hune sic distulit ventus, uti uno tempore agger, plutei, testudo, turris, tormenta fammam conciperent et prius haec omnia consumerentur, quam, quemadmodum accidisset, animadverti posset. Nostri repentina fortuna permoti arma, quae possunt, arripiunt; alii ex castris sese incitant. Fit in hostes impetus; sed de muro sagittis tor-mentisque fugientes persequi prohibentur. Illi sub murum se recipiunt ibique musculum turrimque latericiam libere incendunt. Ita multorum mensium labor hostium perfidia et vi tempestatis puncto temporis interiit. Temptaverunt hoc idem Massilienses postero die. Eandem nacti tempestatem maiore eum fiducia ad alteram turrim aggeremque eruptione pugnaverunt multumque ignem intulerunt. Sed ut superioris temporis contentionem nostri omnem remiserant, ita proximi diei casu admoniti omnia ad defensionem paraverant. Itaque multis interfectis reliquos infecta re in oppidum reppulerunt."
musculus,phi0448/phi002,data/phi0448/phi002/phi0448.phi002.perseus-lat3.xml,2fce12336cbded76c2b490f7caa8bfd843153b742475e052da76b00f26312fa9,Julius Caesar,The Civil Wars,book=3/chapter=80,musculosque,1,"Coniuncto exercitu Caesar Gomphos pervenit, quod est oppidum primum Thessaliae venientibus ab Epiro; quae gens paucis ante mensibus ultro ad Caesaream legatos miserat, ut suis omnibus facultatibus uteretur, praesidiumque ab eo militum petierat. Sed eo fama iam praecurrerat, quam supra docuimus, de proelio Dyrrachino, quod multis auxerat partibus. Itaque Androsthenes, praetor Thessaliae, cum se victoriae Pompei comitem esse mallet quam socium Caesaris in rebus adversis, omnem ex agris multitudinem servorum ac liberorum in oppidum cogit portasque praecludit et ad Scipionem Pompeiumque nuntios mittit, ut sibi subsidio veniant: se confidere munitionibus oppidi, si celeriter succurratur; longinquam oppugnationem sustinere non posse. Scipio discessu exercituum ab Dyrrachio cognito Larisam legiones adduxerat; Pompeius nondum Thessaliae appropinquabat. Caesar castris munitis scalas musculosque ad repentinam oppugnationem fieri et crates parari iussit. Quibus rebus effectis cohortatus milites docuit, quantum usum haberet ad sublevandam omnium rerum inopiam potiri oppido pleno atque opulenta, simul reliquis civitatibus huius urbis exemplo inferre terrorem et id fieri celeriter, priusquam auxilia concurrerent. Itaque usus singulari militum studio eodem, quo venerat, die post horam nonam oppidum altissimis moenibus oppugnare aggressus ante solis occasum expugnavit et ad diripiendum militibus concessit statimque ab oppido castra movit et Metropolim venit, sic ut nuntios expugnari oppidi famamque antecederet."
musculus,phi0474/phi043,data/phi0474/phi043/phi0474.phi043.perseus-lat2.xml,60d5da2b42665edceca6c76cee41bd442340047fb9176ca6fdbe2651129e76f6,M. Tullius Cicero,De Re Publica,edition=urn:cts:latinLit:phi0474.phi043.perseus-lat2/book=3/section=25,musculos,1,"praeter Arcadas et Atheniensis, qui, credo, timentes hoc interdictum iustitiae ne quando existeret, commenti sunt se de terra tamquam hos ex arvis musculos extitisse."
musculus,phi0474/phi053,data/phi0474/phi053/phi0474.phi053.perseus-lat1.xml,d3278c8b143714494ed07eafe497838685558f99b19f204e5b4396c0e3c5453a,M. Tullius Cicero,De Divinatione,book=2/section=33,musculorum,1,"Haec observari certe non potuerunt, ut supra docui. Sunt igitur artis inventa, non vetustatis, si est ars ulla rerum incognitarum; cum rerum autem natura quam cognationem habent? quae ut uno consensu iuncta sit et continens, quod video placuisse physicis, eisque maxume, qui omne, quod esset, unum esse dixerunt, quid habere mundus potest cum thesauri inventione coniunctum? Si enim extis pecuniae mihi amplificatio ostenditur idque fit natura, primum exta sunt coniuncta mundo, deinde meum lucrum natura rerum continetur. Nonne pudet physicos haec dicere? Ut enim iam sit aliqua in natura rerum contagio, quam esse concedo (multa enim Stoici colligunt; nam et musculorum iecuscula bruma dicuntur augeri, et puleium aridum florescere brumali ipso die, et inflatas rumpi vesiculas, et semina malorum, quae in iis mediis inclusa sint, in contrarias partis se vertere, iam nervos in fidibus aliis pulsis resonare alios, ostreisque et conchyliis omnibus contingere, ut cum luna pariter crescant pariterque decrescant, arboresque ut hiemali tempore cum luna simul senescente, quia tum exsiccatae sint, tempestive caedi putentur."
musculus,phi0836/phi002,data/phi0836/phi002/phi0836.phi002.perseus-lat4.xml,b74c4889145dc552c304ac5bf734849b10aa60c07e1cabb697c8cd8d687416b4,Celsus,De Medicina,book=2/chapter=29,musculi,1,"At alvum movent panis fermentatus, magisque si cibarius vel hordiacius est, brassica, si subcruda est, lactuca, anteum, nasturcium, ocimum, urtica, portulaca, radicula, capparis, alium, cepa, malva, lapatium, beta, asparagus, cucurbita, cerasia, mora, uva ex olla, omnia mitia, ficus etiam arida, sed magis viridis, uvae recentes; pingues minutae aves, cocleae, garum, salsamentum, ostrea, pelorides, echini, musculi, et omnes fere conchulae, maximeque ius earum, saxatiles et omnes teneri pisces, sepiarum atramentum; si qua caro adsumitur, pinguis, eadem vel iurulenta vel elixa, aves quae natant, mel crudum, lac, lactentia omnia, mulsum, vinum dulce vel salsum, aqua tenera; omnia dulcia, tepida, pinguia, elixa, iurulenta, salsa vel diluta."
musculus,phi0836/phi002,data/phi0836/phi002/phi0836.phi002.perseus-lat4.xml,b74c4889145dc552c304ac5bf734849b10aa60c07e1cabb697c8cd8d687416b4,Celsus,De Medicina,book=3/chapter=6,musculorumve,1,"Nam si adstrictum est, ducenda alvus est, movenda urina, eliciendus omni modo sudor. In hoc genere morborum emisisse sanguinem, concussisse vehementibus festationibus corpus, in lumine habuisse, imperasse famem, sitim, vigiliam prodest. Utile est etiam ducere in balneum, prius demittere in solium, tum ungere, iterum ad solium redire multaque aqua fovere inguina; interdum etiam oleum in solio cum aqua calida miscere; uti cibo serius sunt rarius, tenui, simplici, molli, calido, exiguo, maximeque holeribus, qualia sunt lapatium, urtica, malva, vel iure etiam concharum musculorumve aut lucustarum: neque danda caro nisi elixa est. At potio esse debet magis liberalis, et ante cibum et post hunc et cum hoc ultra quam sitis coget. Poteritque a balineo etiam pinguius aut dulcius dari vinum; poterit semel aut bis interponi Graecum salsum."
musculus,phi0836/phi002,data/phi0836/phi002/phi0836.phi002.perseus-lat4.xml,b74c4889145dc552c304ac5bf734849b10aa60c07e1cabb697c8cd8d687416b4,Celsus,De Medicina,book=5/chapter=26,musculum,1,"Vix autem ad sanitatem perveniunt, quibus ulla parte aut pulmo aut iocineris crassum aut membrana, quae continet cerebrum, aut lienis aut vulva aut vesica aut ullum intestinum aut saeptum transversum vulneratum est. Ii quoque in praecipiti sunt, in quibus usque ad grandes intusque conditas venas in alis vel poplitibus mucro desedit. Periculosa etiam vulnera sunt, ubicumque venae maiores sunt, quoniam exhaurire hominem profusione sanguinis possunt. Idque evenit non in alis tantum atque poplitibus, sed etiam in iis venis, quae ad anum testiculosque perveniunt. Praeter haec malum vulnus est, quodcumque in alis vel feminibus vel inanibus locis vel in articulis vel inter digitos est; item quodcumque musculum aut nervum aut arteriam aut membranam aut os aut cartilaginem laesit. Tutissimum omnium, quod in carne est."
musculus,phi0836/phi002,data/phi0836/phi002/phi0836.phi002.perseus-lat4.xml,b74c4889145dc552c304ac5bf734849b10aa60c07e1cabb697c8cd8d687416b4,Celsus,De Medicina,book=5/chapter=26,musculus,1,"Quibus exploratis, ubi aliquis ictus est qui servari potest, protinus prospicienda duo sunt: ne sanguinis profusio neve inflammatio interemat. Si profusionem timemus, quod ex sede vulneris et ex magnitudine eius et ex impetu ruentis sanguinis intellegi potest, siccis linamentis vulnus inplendum est, supraque imponenda spongia ex aqua frigida expressa ac manu super conprimenda. Si parum sic sanguis conquiescit, saepius linamenta mutanda sunt, et si sicca parum valent, aceto madefacienda sunt. Id vehemens ad sanguinem subprimendum est; ideoque quidam id volneri infundunt. Sed alius rursus metus subest, ne nimis valenter ibi retenta materia magnam inflammationem postea moveat. Quae res efficit, ut neque rodentibus medicamentis neque adurentibus et ob id ipsum inducentibus crustam sit utendum, quamvis pleraque ex his sanguinem supprimunt; sed, si semel ad ea decurritur, iis potius, quae mitius idem efficiunt. Quod si illa quoque profluvio vincuntur, venae quae sanguinem fundunt adprehendendae, circaque id quod ictum est duobus locis deligandae intercidendaeque sunt, ut et in se ipsae coeant, et nihilo minus ora praeclusa habeant. Ubi ne id quidem res patitur, possunt ferro candenti aduri. Sed etiam satis multo sanguine effuso ex eo loco, quo neque nervus neque musculus est, ut puta in fronte vel superiore capitis parte, commodissimum tamen est cucurbitulam admovere a diversa parte, ut illuc sanguinis cursus revocetur."
musculus,phi0836/phi002,data/phi0836/phi002/phi0836.phi002.perseus-lat4.xml,b74c4889145dc552c304ac5bf734849b10aa60c07e1cabb697c8cd8d687416b4,Celsus,De Medicina,book=5/chapter=26,musculus|musculus,2,"Et adversus profusionem quidem in his auxilium est: adversus inflammationem autem in ipso sanguinis cursu. Ea timeri potest, ubi laesum est vel os vel nervus vel cartilago vel musculus, aut ubi parum sanguinis pro modo vulneris fluxit. Ergo quotiens quid tale erit, sanguinem mature subprimere non oportebit, sed pati fluere, dum tutum erit; adeo ut, si parum fluxisse videbitur, mitti quoque ex brachio debeat; utique si corpus iuvenile et robustum et exercitatum est, multoque magis si id vulnus ebrietas praecessit. Quod si musculus laesus videbitur, praecidendus erit: nam percussus mortiferus est, praecisus sanitatem recipiti."
musculus,phi0836/phi002,data/phi0836/phi002/phi0836.phi002.perseus-lat4.xml,b74c4889145dc552c304ac5bf734849b10aa60c07e1cabb697c8cd8d687416b4,Celsus,De Medicina,book=5/chapter=26,musculi|musculos,2,"Sanguine autem vel subpresso, si nimius erumpit, vel exhausto, si per se parum fluxit, longe optimum est vulnus glutinari. Potest autem id, quod vel in vute vel etiam in carne est, si nihil ei praeterea mali accedit. Potest caro alia parte dependens, alia inhaerens, si tamen etiamnum integra est et coniunctione corporis fovetur. In iis vero, quae glutinantur, duplex curatio est. Nam si plaga in molli parte est, sui debet, maximeque si discissa auris ima est vel imus nasus vel frons vel bucca vel palpebra vel labrum vel circa guttur cutis vel venter. Si vero in carne vulnus est hiatque neque in unum ore facile adtrahuntur, sutura quidem aliena est: inponenda vero fibulae sunt (ancteras Graeci nominant), quae oras, paululum tamen, contrahunt, quo minus lata postea cicatrix est. Ex his autem colligi potest, id quoque, quod alia parte dependens ali inhaerebit, si alienatum adhuc non est, suturam an fibulam postulet. Ex quibus neutra ante debet imponi, quam intus volnus purgatum est, ne quid ibi concreti sanguinis relinquatur. Id enim et in pus vertitur, et inflammationem movet, et glutinari volnus prohibet. Ne linamentum quidem, quod subprimendi sanguinis causa inditum est, ibi relinquendum est: nam id quoque inflammat. Conprehendi vero sutura vel fibula non cutem tantum sed etiam aliquid ex carne, ubi suberit haec, oportebit, quo valentius haereat neque cutem abrumpat. Utraque optima insidat, utraque neque nimis rara neque nimis crebra inicienda est. Si nimis rara est, non continet; si nimis crebra est, vehementer adficit, quia quo saepius acus corpus transuit quoque plura loca iniectum vinculum mordet, eo maiores inflammationes oriuntur magisque aestate. Neutra etiam vim ullam desiderat, sed eatenus utilis est, qua cutis ducentem quasi sua sponte subsequitur. Fere tamen fibulae latius vulnus esse patiuntur, sutura oras iungit, quae ne ipsae quidem inter se contingere ex toto debent, ut, si quid intus umoris concreverit, sit qua emanet. Si quod vulnus neutrum horum recipit, id tamen purgari debet. Deinde omni vulneri primo inpo-nenda est spongia ex aceto expressa: si sustinere aliquis aceti vim np, vino utendum est. Levis plaga iuvatur etiam, si ex aqua frigida expressa spongia inponitur. Sed ea quocumque modo inposita est, dum madet, prodest; itaque ut inarescat, non est committendum. Licet sine peregrinis et conquisitis et compositis medicamentis vulnus curare. Sed si quis huic parum confidit, imponere medicamentum debet, quod sine sebo conpositum sit ex iis, quae cruentis vulneribus apta esse proposui 19,1): maximeque, si caro est, barbarum; si nervi vel cartilago vel aliquid ex eminentibus, quales aures vel labra sunt, Polyidi sphragidem: Alexandrinum quoque viride nervis idoneum est; eminentibusque partibus ea, quam Graeci rhaptusam vocant. Solet etiam colliso corpore exigua parte findi cutis. Quod ubi incidit, non alienum est scalpello latius aperire, nisi musculi nervique iuxta sunt; quos incidi non expedit. Ubi satis diductum est, medicamentum imponendum est. At si id, quod collisum est, quamvis parum diductum est, latius tamen aperiri propter nervos aut musculos non licet, adhibenda sunt ea, quae umorem leniter extrahant, praecipueque ex his id, quod rhypodes vocari proposui (19.15). Non alienum est etiam, ubicumque vulnus grave est, imposito quo id iuvetur, insuper circumdare lanam sucidam ex aceto et oleo; vel cataplasma, si mollis is locus est, quod leniter reprimat; si nervosus aut musculosus, quod emolliat."
musculus,phi0836/phi002,data/phi0836/phi002/phi0836.phi002.perseus-lat4.xml,b74c4889145dc552c304ac5bf734849b10aa60c07e1cabb697c8cd8d687416b4,Celsus,De Medicina,book=5/chapter=26,musculive,1,"Purgato, sequitur ut impleatur; iamque calida aqua eatenus necessaria est, ut sanies removeatur. Lanae sucidae supervacuus usus est: lota melius circumdatur. Ad implendum autem vulnus proficiunt quidem e medicamenta aliqua: itaque ea adhiberi non alienum est, ut buturum cum rosa et exigua mellis parte; aut cum eadem rosa tetrapharmacum; aut ex rosa linamenta. Plus tamen proficit balneum rarum, cibi noni suci, vitatis omnibus acribus, sed iam pleniores: nam et avis et venatio et suilla elixa dari potest.Vinum omnibus, dum febris, inflammatio inest, alienum est: itemque usque cicatricem, si nervi musculive vulnerati sunt; etiam, si alte caro. At si plaga in summa cute generis tutioris est, potest non pervetus, modice tamen datum, ad implendum quoque proficere. Si quod molliendum est, quod in nervosis locis musculosisve necessarium est, cerato quoque super vulnus utendum est. At si caro supercrevit, modice reprimit siccum lineamentum, vehementius squama aeris. Si plus est, quod tollis ipf, adhibenda sunt etiamnum vehementiora, quae corpus exedunt. Cicatricem post omnia haec commode inducit Lycium ex passo aut lacte dilutum, vel etiam per se impositum siccum linamentum."
musculus,phi0836/phi002,data/phi0836/phi002/phi0836.phi002.perseus-lat4.xml,b74c4889145dc552c304ac5bf734849b10aa60c07e1cabb697c8cd8d687416b4,Celsus,De Medicina,book=5/chapter=26,musculi,1,"Gangrenam vero, si nondum plane tentet, sed adhuc incipit, curare non difficillimum est, utique in corpore iuvenili; et magis etiam si musculi integri sunt, si nervi vel laesi non sunt vel leviter adfecti sunt, neque ullus magnus articulus nudatus est, aut carnis in eo loco paulum est, ideoque non multum, quod putresceret, fuit, consistitque eo loco vitium; quod maxime fieri in digito potest.— In eiusmodi casu primum est, si vires patiuntur, sanguinem mittere; deinde quicquid aridum est et intentione quadam proximum quoque locum male habet, usque eo sanum corpus concidere. Medicamenta vero, dum malum serpit, adhibenda nulla sunt, quae pus movere consuerunt; ideoque ne aqua quidem calida. Gravia quoque, quamvis reprimentia, aliena sunt sed his quam levissimis opus est; superque ea, quae inflammata sunt, utendum est refrigerantibus. Si nihilo magis malum constitit, uri, quod est inter integrum ac vitiatum locum, debet: praecipueque in hoc casu petendum non a medicamentis solum sed etiam a victus ratione praesidium est: neque enim id malum nisi corrupti vitiosique corporis est. Ergo primo, nisi inbecillitas prohibet, abstinentia utendum; deinde danda quae per cibum potionemque alvum ideoque etiam corpus adstringant, sed ea levia. Postea si vitium constitit, inponi super vulnus eadem debent, quae in putri ulcere praescripta sunt (Section: 33 C). Ac tum quoque ut plenioribus cibis ut licebit ex media materia, sic tamen non nisi alvum corpusque siccantibus; aqua vero pulviatili frigida. Balneum, nisi iam certa fiducita redditae sanitatis est, alienum est: siquidem emollitum in eo vulnus cito rursus eodem malo adficitur. Solent vero nonnumquam nihil omnia auxilia proficere ac nihilo minus serpere in cancer. Inter quae, miserum sed unicum auxilium est, ut cetera pars corporis tuta sit, membrum, quod paulatim emoritur, abscidere."
musculus,phi0836/phi002,data/phi0836/phi002/phi0836.phi002.perseus-lat4.xml,b74c4889145dc552c304ac5bf734849b10aa60c07e1cabb697c8cd8d687416b4,Celsus,De Medicina,book=5/chapter=28,musculos,1,"Nonnumquam autem et ex eiusmodi abscessibus et ex aliis ulcerum generibus fistulae oriuntur. Id nomen est ulceri alto, angusto, calloso. Fit in omni fere parte corporis, habetque quaedam in singulis locis propria. Prius de communibus dicam. Genera igitur plura fistularum sunt, siquidem aliae breves sunt, aliae altius penetrant; aliae rectae intus feruntur, alia multoque plures transversae; aliae simplices sunt, aliae duplices triplitesve ab uno ore intus orsae quae fiunt; aut etiam in plures sinus dividuntur; aliae rectae, aliae flexae et tortuosae sunt. Alia intra carnem desinunt, aliae ad ossa aut cartilaginem penetrant aut, ubi neutrum horum subest, ad interiora perveniunt; aliae deinde facile, aliae cum difficultate curantur; atque etiam quaedam insanabiles reperiuntur.— Expedita curatio in fistula simplici recenti intra carnem, adiuvatque ipsum corpus, si iuvenile, si firmum est: inimica contraria his sunt; itemque si fistula os vel cartilaginem vel nervum vel musculos laesit; si articulum occupavit; si vel ad vessicam vel ad pulmonem vel ad vulvam vel ad grandes venas arteriasve vel ad inania, ut guttur, stomachum, thoracem, penetravit. Ad intestina quoque eam tendere semper periculosum, saepe pestiferum est. Quibus multum mali accedit, si corpus vel aegrum vel senile vel mali habitus est. Ante omnia autem demitti specillum in fistulam convenit, ut quo tendat at quam alte perveniat, scire possumus, simul etiam protinus umida an siccior sit; quod extracto specillo patet. Si vero os in vicino est, id quoque disci potest, iam necne eo fistula pervenerit; penetravit, quatenus nocuerit. Nam si molle est, quod ultimo specillo contingitur, intra carnem adhuc vitium est: si magis id renititur, ad os ventum est. Ibi deinde si labitur specillum, nondum caries est: si non labitur, sed aequali innititur, caries quidem, verum adhuc levis est: si inaequale quoque et asperum subest vehementius os exessum est. At cartilato ubi subsit, ipsa sedes docet perventumque esse ad eam ex renisu patet. Et ex his quidem colliguntur fistularum sedes, aptatia, noxae: simplices vero esse sint, an in plures partes diducantur, cognosci potest ex modo puris; cuius si plus fertur quam quod simplici spatio convenit, plures sinus esse manifestam est; cumque fere iuxta sint caro et nervos et aliqua nervosa, quales fere tunicae membranaeque sunt, genus quoque puris docebit, num plures sinus intus diversa corporis genera perroserint. Siquidem in carne pus leve, album, copiosius fertur; at ex nervoso loco coloris quidem eiusdem, sed tenuius et minus; ex nervo pingue et oleo non dissimile. Denique etiam corporis inclinatio docet, num in plures partes fistulae penetrarint, quia saepe cum quis aliter decubuit aliterve membrum conlocavit, pus ferri quod iam desierat iterum incipit; testaturque non solium alium sinum esse ex quo descendat, sed etiam in aliam corporis partem eum tendere. Sed si et in carne et recens et simplex est, ac neque rugosa neque cava sede neque in articulo, sed in eo membro, quod per se inmobile non nisi cum toto corpore movetur, satis proficiet emplastrum, quod recentibus vulneribus inponitur, dum habeat vel sale vel alumen vel squamam aeris vel aeruginem vel ex metallicis aliquid; exque eo collyrium fieri debet altera parte tenuius, altera parte paulo plenius; idque ea parte, qua tenuius est, antecedente demitti oportet in fistulam, donec purus sanguis se ostendat. Quae in omnibus collyris fistularum perpetua sint. Idem deinde emplastrum in linteolo superinponendum, supraque inicienda spongia est in acetum ante demissa; solvique quinto die satis est. Genusque victus adhibendum est, quo carnem ali docui (V.14. 26, 30). Ac si longius a praecordiis fistula est, ex intervallo ieiunum radiculas esse, deinde vomere necessarium est. Vetustate callosa fit fistula. Callus autem neminem fallit, quia durus est et aut albus aut pallidus. Sed tum validioribus medicamentis opus est; quale est, quod habet: papaveris lacrimae P. 1; cummis P. III =; cadmiae P. IIII; atramenti sutori P. VIII; ex quibus aqua coactis collyrium fit. Aut in quo sunt: gallae P. =-; aeruginis, sandaracae, aluminis Aegypti, singulorum P. yyy I; atramenti sutori conbusti P. yyy II. Aut quod constat ex chalcitide et saxo calcis, quibus auripigmenti dimidio minus quam in singulis prioribus est adicitur; eaque melle cocto excipiuntur. Expeditissimum autem est ex praecepto Megetis aeruginis rasae P. II conterere, deinde Hammoniaci thymiamatis P. zzz I aceto liquare, eoque infuso aeruginem cogere; idque ex primis medicamentis est. Sed ut haec maximi effectus sunt, sic, cui ista non adsunt, facile tamen est callum quibuslibet adurentibus medicamentis erodere: satisque est vel papyrum intortum vel aliquid ex penicillo in modum collyri adstrictum eo inlini. Scilla quoque cocta et mixta cum calce callum exest. Si quando vero longior sed transversa fistula est, demisso specillo contra principium huius incidi commodissimum est, et collyrium utrinque demitti. At si duplicem esse fistulam aut multiplicem existimamus, sic tamen ut brevis intraque carnem sit, collyrium uti non debemus, quod unam partem curet, reliquas omittat; sed eadem medicamenta arida in calamum scriptorium coicienda sunt, isque ori fistulae aptandus, inspirandumque, ut ea medicamenta intus conpellantur: aut eadem ex vino liquanda, vel, si sordidior fistula est, ex mulso, si callosior, ex aceto sunt idque intus infundendum. Quicquid inditum est, superponenda sunt, quae refrigerent et reprimant: nam fere quae circa fistulam sunt, habent aliquid inflammationis. Neque alienum est, ubi qui solverit, antequam rursus alia medicamenta coiciat, per oricularium clysterem fistulam eluere; si plus puris fertur, vino; si callus durior est, aceto; si iam purgatur, mulso vel aqua, in qua ervum coctum sit, sic ut huic quoque mellis paulum adiciatur. Fere vero fit, ut ea tunica, quae inter foramen et integram carnem est, victa medicamentis tota exeat, infraque ulcus purum sit; quod ubi contigit, imponenda glutinantia sunt, praecipueque spongia melle cocto inlita. Neque ignoro multis placuisse linamentum in modum collyri compositum tinctum melle demitti; sed celerius id glutinat quam impletur. Neque verendum est, ne purum corpus puro corpori iunctum non coeat: adiectis quoque medicamentis ad id efficacibus cum saepe exulceratio digitorum, nisi magna cura prospeximus, sanescendo in unum eos iungat."
musculus,phi0836/phi002,data/phi0836/phi002/phi0836.phi002.perseus-lat4.xml,b74c4889145dc552c304ac5bf734849b10aa60c07e1cabb697c8cd8d687416b4,Celsus,De Medicina,book=7/chapter=6,musculus,1,"Haec evenire in qualibet parte corporis possunt: reliqua certas sedes habent, de quibus dicam orsus a capite. In hoc multa variaque tubercula oriuntur: ganglia, meliceridas, atheromata nominant aliisque etiamnum vocabulis quaedam alii discernunt, quibus ego steatomata quoque adiciam. Quae quamvis et in cervice et in alis et in lateribus oriri solent, per se tamen non posui, cum omnia ista mediocres differentias habeant, ac neque periculo terreant neque diverso genere curentur. Omnia vero ista et ex parvulo incipiunt et diu paulatimque increscunt, et tunica sua includuntur. Quaedam ex his dura ac renitentia, quaedam mollia cedentiaque sunt; quaedam spatio nudantur, quaedam tecta capillo suo permanent; fereque sine dolore sunt. Quid intus habeant, ut coniectura praesagiri potest, sic ex toto cognosci, nisi cum eiecta sunt, non potest. Maxime tamen in iis, quae renituntur, aut lapillis quaedam similia aut concreti confersique pili reperiuntur; in iis vero, quae cedunt, aut melli simile aliquid aut tenui pulticulae aut quasi rassae cartilagini aut carni hebeti et cruentae, quibus ali alique colores esse consuerunt. Fereque ganglia renituntur: atheromati subest quasi tenuis pulticula: meliceridi liquidior umor, ideoque pressus circumfluit: steatomati pingue quiddam. Idque latissime patere consuevit, resolvitque totam cutem superpositam sic, ut ea labet, cum in ceteris sit adstrictior. Omnia derassa ante si capillis conteguntur, per medium oportet incidi: sed steatomatis tunica quoque secanda est, ut effundatur quicquid intus coit, quia non facile a cute et subiecta carne ea separatur: in ceteris ipsa tunica inviolata servanda est. Protinus autem ut alba et intenta se ostendit, tum scalpelli manubriolo deducenda a cute et carne est, eiciendaque cum eo, quod intus tenet. Si quando tamen ab inferiore parte tunicae musculus inhaesit, ne is laedatur, superior pars illius decidenda; at ima ibi relinquenda est. Ubi tota exempta est, committendae orae, fibulaque his inicienda, et super medicamentum glutinans dandum est. Ubi vel tota tunica vel aliquid ex ea relictum est, pus moventia adhibenda sunt."
musculus,phi0836/phi002,data/phi0836/phi002/phi0836.phi002.perseus-lat4.xml,b74c4889145dc552c304ac5bf734849b10aa60c07e1cabb697c8cd8d687416b4,Celsus,De Medicina,book=7/chapter=7,musculorum|musculi,2,"De pituitae quoque tenuis cursu, qui oculos infestat, quatenus medicamentis agendum est, iam explicui (VI.6.16). Nunc ad ea veniam, quae curationem manu postulunt. Animadvertimus autem quibusdam numquam siccescere oculos, sed semper umore tenui madere; quae res aspritudinem continuat, ex levibus momentis inflammationes et lippitudines excitat, totam denique vitam hominis infestat; idque in quibusdam nulla ope adiuvari potest, in quibusdam sanabile est: quod primum discrimen est nosse oportet, ut alteris succurratur, alteris manus non iniciatur. Ac primum supervacua curatio est in iis, qui ab infantibus id vitium habent, quia necessario mansurum est usque mortis diem; deinde non necessaria etiam in iis, quibus non multa, sed acris pituita est, siquidem manu nihil adiuvantur: medicamentis et victus ratione, quae crassiorem pituitam reddit, ad sanitatem perveniunt. Lata etiam capita vix medicinae patent. Tum interest venae pituitam mittant quae inter calvariam et cutem sunt, an quae inter membranam cerebri et calvariam. Superiores fere per tempora oculos rigant; inferiores per eas membranas, quae ob oculis ad cerebrum tendunt. Potest autem adhiberi remedium iis, quae supra os fluunt; non potest iis, quae sub osse. Ac ne iis quidem succurritur, quibus pituita utrimque descendit, quia levata altera parte nihilo minus altera infestat. Quid sit autem, hac ratione cognoscitur. Raso capite ante ea medicamenta, quibus in lippitudine pituita suspenditur, a superciliis usque ad verticem inlini debent. Si sicci oculi esse coeperunt, apparet per eas venas, quae sub cute sunt, inrigari: si nihilo minus madent, manifestum est sub osse descendere: si est umor, sed levior, duplex vitium est. Plurimi tamen ex laborantibus reperiuntur, quos superiores venae exerceant; ideoque pluribus etiam opitulari licet. Idque non in Graecia tantummodo, sed in aliis quoque gentibus celebre est, adeo ut nulla medicinae pars magis per nationes quoque exposita sit. Reperti in Graecia sunt, qui novem lineis cutem capitis inciderent; duabus in occipitio rectis, una super eas transversa; deinde duabus super aures, una inter eas item transversa; tribus inter verticem et frontem rectis. Reperti sunt, qui a capite recte eas lineas ad tempora deducerent, cognitisque ex motu maxillarum musculorum initiis leviter super eos cutem inciderent, diductisque per retusos hamos oris insererent linamenta, ut neque inter se cutis antiqui fines committerentur, et in medio caro incresceret; quae venas, ex quibus umor ad oculos transiret, adstringeret. Quidam etiam atramento duas lineas duxerunt a media aure ad mediam alteram aurem; deinde a naribus ad verticem. Tum ubi lineae committebantur, scalpello inciderunt, et post sanguinem effusum os ibidem adusserunt. Nihilo minus autem et in temporibus et inter frontem atque calvariam eminentibus venis idem candens ferrum admoverunt. Frequens curatio est venas in temporibus adurere, quae fere quidem in eiusmodi malo tument: sed tamen, ut inflentur magisque se ostendant, cervix ante modice deliganda est, tenuibusque ferramentis et retussis venae adurendae, donec in oculis pituitae cursus conquiescat. Id enim signum est quasi excaecatorum itinerum, per quae umor ferebatur. Valentior tamen medicina est, ubi tenues conditaeque venae sunt, ideoque legi non possunt, eodem modo cervice deligata retentoque ab ipso spiritu quo magis venae prodeant, atramento notare eas contra tempora et inter verticem ac frontem; deinde cervice resoluta, qua notae sunt venae, incidere, et sanguinem mittere; ubi satis fluxit, tenuibus ferramentis adurere: contra tempora quidem timide, ne subiecti musculi qui maxillas tenent sentiant; inter frontem vero et verticem vehementer, ut squama ab osse secedat. Efficacior tamen etiamnum est Afrorum curatio, qui verticem usque ad os adurunt sic, ut squamam remittat. Sed nihil melius est quam quod in Gallica est comata: qui ibi venas in temporibus et in superiore capitis parte legunt. Adusta quomodo curanda sint, iam explicui (V.27.13). Nunc illud adicio: neque ut crustae decidant, neque ut ulcus inpleatur, adustis venis esse properandum, ne vel sanguis erumpat vel cito pus subprimatur, cum per hoc siccescere eas partes opus sit, per illud exhauriri opus non sit: si quando tamen sanguis eruperit, infricanda medicamenta esse, quae sic sanguinem supprimant, ne adurant. Quemadmodum autem venae delegendae sunt, quidque lectis is faciendum sit, cum venero ad crurum varices, dicam (31)."
musculus,phi0836/phi002,data/phi0836/phi002/phi0836.phi002.perseus-lat4.xml,b74c4889145dc552c304ac5bf734849b10aa60c07e1cabb697c8cd8d687416b4,Celsus,De Medicina,book=8/chapter=1,musculis,1,"Igitur calvaria incipit, ex interiore parte concava, extrinsecus gibba, utrimque levis, et qua cerebri membranam contegit et qua cute capillum gignente contegitur; eaque simplex ab occipitio et temporibus, duplex usque in verticem a fronte. Ossaque eius ab exterioribus partibus dura, ab interioribus, quibus inter se conectuntur, molliora sunt; interque ea venae discurrunt, quas his alimentum subministrare credibile est. Rara autem calvaria solida sine suturis est; locis tamen aestuosis facilius invenitur; et id caput firmissimum atque a dolore tutissimum est. Ex ceteris, quo suturae pauciores sunt, eo capitis valetudo commodior est: neque enim certus earum numerus est, sicut ne locus quidem. Fere tamen duae insuper aures tempora a superiore capitis parte discernunt; tertia ad aures per verticem tendens occipitium a summo capite diducit. Quarta ab eodem vertice per medium caput ad frontem procedit; eaque modo sub imo capillo desinit, modo frontem ipsam secans inter supercilia finit Ex his ceterae quidem suturae in unguem committuntur: eae vero, quae super aures traversae sunt, totis oris paulatim extenuantur atque ita inferiora ossa superioribus leniter insidunt. Crassissimum vero in capite os post aurem est, qua capillus, ut verisimile est, ob id ipsum non gignitur. Sub quoque musculis, qui tempora conectunt, os medium in exteriorem partem inclinatum positum est. At facies suturam habet maximam, quae a tempore incipiens per medios oculos naresque transversa pervenit ad alterum tempus. A qua breves duae sub interioribus angulis deorsum spectant; et malae quoque in summa parte singulas transversas suturas habent. A mediisque naribus aut superiorum dentium gingivis per medium palatum una procedit, aliaque transversa idem palatum secat. Et suturae quidem in plurimis hae sunt."
musculus,phi0836/phi002,data/phi0836/phi002/phi0836.phi002.perseus-lat4.xml,b74c4889145dc552c304ac5bf734849b10aa60c07e1cabb697c8cd8d687416b4,Celsus,De Medicina,book=8/chapter=1,musculis,1,"Foramina autem intra caput maxima oculorum sunt, deinde narium, tum quae in auribus habemus. Ex his quae oculorum sunt, recta simplicia ad cerebrum tendunt. Narium duo foramina ossa medio discernuntur: siquidem hae primum a superciliis angulisque oculorum osse inchoantur ad tertiam fere partem; deinde in cartilaginem versae, quo propius ori descendunt, eo magis caruncula quoque molliuntur. Sed ea foramina, quae a summis ad imas nares simplicia sunt, ibi rursus in bina itinera dividuntur; aliaque ex his ad fauces pervia spiritum et reddunt et accipiunt, alia ad cerebrum tendentia ultima parte in multa et tenuia foramina dissipantur, per quae sensus odoris nobis datur. In aure quoque primum rectum et simplex iter; procedendo flexuosum fit. Quod ipsum iuxta cerebrum in multa et tenuia foramina diducitur, per quae facultas audiendi est. Iuxtaque ea duo parvuli quasi sinus sunt; superque eos finitur os, quod transversum a genis tendens ab inferioribus ossibus sustinetur: iugale appellari potest, ab eadem similitudinem, a qua id Graeci zygoes appellant. Maxilla vero est molle os; eaque una est, cuius eadem et media et ima pars mentum est, a quo utrimque procedit ad tempora; solaque ea movetur: nam malae cum toto osse, quod superiores dentes exigit, immobiles sunt. Verum ipsius maxillae partes extremae quasi bicornes sunt. Alter processus infra latior vertice ipso tenuatur, longiusque procedens sub osse iugali subit, et super id temporum musculis inligatur. Alter brevior et rotundior et in eo sinu, qui iuxta foramina auris est, cardinis modo † fit; ibique huc et illuc se inclinans maxillae facultatem motus praestat."
musculus,phi0836/phi002,data/phi0836/phi002/phi0836.phi002.perseus-lat4.xml,b74c4889145dc552c304ac5bf734849b10aa60c07e1cabb697c8cd8d687416b4,Celsus,De Medicina,book=8/chapter=1,musculis,1,"Infra cervicem vero summa costa contra umerum sita est; inde VI inferiores usque ad imum pectus perveniunt; eaeque primis partibus rotundae et leniter quasi capitulatae vertebrarum transversis processibus et ipsis quoque paulum sinuatis inhaerent; inde latescunt et in exteriorem partem recurvatae paulatim in cartilaginem degenerant; eaque parte rursus in interiora leniter flexae committuntur cum osse pectoris. Quod valens et durum a faucibus incipit, ab utroque latere lunatum et a praecordiis iam ipsum quoque cartilagine mollitum terminatur: sub costis vero prioribus, quinque, quas νόθασ Graeci nominant, breves tenuioresque atque ipsae quoque paulatim in cartilaginem versae extremis abdominis partibus inhaerescunt; imaque ex his maiore iam parte nihil nisi cartilago est. Rursus a cervice duo lata ossa utrimque ad scapulas tendunt: nostri scutula operta, omoplatas Graeci nominant. Ea summis verticibus sinuata, ab his triangula, paulatimque latescentia ad spinam tendunt; et quo latiora quaque parte sunt, hoc hebetiora. Atque ipsa quoque in imo cartilaginosa posteriore parte velut innatant, quoniam nisi † vel in summo nulli ossi inhaerescunt, ibi vero validis musculis nervisque constricta sunt. At a summa costa paulo interius quam ubi ea media est os excrescit, ibi quidem tenue, procedens vero, quo propius lato scapularum ossi fit, eo plenius latiusque interest paulum in exteriora curvatum; quod altera verticis parte modice intumescens sustinet iugulum. Id autem ipsum recurvum ac neque inter durissima ossa numerandum, altero capite in eo, quod posui, altero in exiguo sinu pectoralis ossis insidit, paulumque motu bracchi movetur, et cum lato osse scapularum infra caput eius nervis et cartilagine conectitur."
musculus,phi0836/phi002,data/phi0836/phi002/phi0836.phi002.perseus-lat4.xml,b74c4889145dc552c304ac5bf734849b10aa60c07e1cabb697c8cd8d687416b4,Celsus,De Medicina,book=8/chapter=10,musculi|musculique,2,"10 Similes rursus ex magna parte casus curationesque sunt umeri et femoris: communia etiam quaedam umeris, bracchiis, feminibus, cruribus, digitis: siquidem ea minime periculose media franguntur. Quo propior fractura capiti vel superiori vel inferiori est, eo peior est: nam et maiores dolores adfert et difficilius curatur. Ea maxime tolerabilis est simplex transversa; peior, ubi multa fragmenta atque ubi obliqua; pessimum, ubi eadem acuta sunt. Nonnumquam autem fracta in his ossa in suis sedibus remanent; multo saepius excidunt aliudque super aliud effertur: idque ante omnia considerari debet et sunt notae certae. Si suis sedibus sunt, mota resonant, punctionisque sensum repraesentant; tacut inaequalia sunt. Si vero non adversa sed obliqua iunguntur, quod fit ubi loco suo non sunt, membrum id altero iam erit brevius et musculi eius tument.— Ergo si hoc deprensum est, protinus id membrum oportet extendere: nam nervi musculique intenti per ossa contrahuntur neque in suum locum veniunt, nisi illos per vim aliquis intendit. Rursus, si primis diebus id omissum est, inflammatio oritur; sub qua et difficile et periculose vis nervis adhibetur: nam distentio nervorum vel cancer sequitur, vel certe, ut mitissime agatur, pus. Itaque si antea reposita ossa non sunt, postea reponenda sunt. Intendere autem digitum vel aliud quodque membrum, si adhuc tenerum est, etiam unus homo potest, cum alteram partem dextra, alteram sinistra prendit: valentius membrum duobus eget, qui in diversa contendant. Si firmiores nervi sunt, ut in viris robustis maximeque eorum feminibus et cruribus evenit, habenis quoque vel linteis fasceis utrimque capita articulorum deliganda, et per plures in diversa ducenda sunt. Ubi paulo longius quam naturaliter esse debet membrum civ fecit, tum demum ossa manibus in suam sedem compellenda sunt, indiciumque ossis repositi est dolor sublatus et membrum alteri parti aequatum involvendum duplicibus triplicibusve pannis et in vino et oleo tinctis, quos linteos esse commodius est. Fere vero fasceis sex opus est Prima brevissima adhibenda, quae circa fracturam ter voluta, sursum versum feratur et quasi in cocleam serpat; satisque est eam ter hoc quoque modo circuire. Altera dimidio longior, eaque, si qua parte os eminet, ab ea; si totum aequale est, undelibet super fracturam debet incipere priori adversa deorsumque tendere, atque iterum de fractura reversa in superiore parte ultra priorem fasciam desinere. Super has iniciendum latiore linteo ceratum est, quod eas contineat; ac si qua parte os eminet, triplex ea pannus obiciendus eodem vino et oleo madens. Haec tertia fascia comprehendenda sunt, quartaque sic, ut semper insequens priori adversa sit, et tertia tantum inferiore parte, tres in superiore finiantur. Atque satius est saepius circuire quam adstringi: siquidem id, quod adstrictum est, alienatur et cancro oportunum est, sed si iuxta hunc os fractum est, necesse est. Deligatum vero membrum in diem tertium cndu est; eaque vinctura talis esse debet, ut primo die nihil offenderit, non tamen laxa visa sit, secundo laxior, tertio iam paene resoluta. Ergo tum rursus id membrum deligandum, adiciendaque prioribus quinta fascia est: iterumque quinto die resolvendum est, et sex fasceis involvendum sic, ut tertia et quinta infra, ceterae supra finiantur. Quotienscumque autem solvitur membrum, calida aqua fovendum. Sed si iuxta articulum fractura est † die instillandum vinum est, exigua parte olei adiecta, eademque omnia facienda, donec adeo inflammatio solvatur vel tenuius quoque quam ex consuetudine id membrum fiat. Quod si septimus dies non dedit, certe nonus exhibet; tum facillime ossa tractantur. Rursus ergo si parum commissa sunt, committi debent: si qua fragmenta eminent, in suas sedes reponenda sunt; deinde eodem modo membrum deligandum, ferulaeque super adcommodandae sunt, quae fixae circumpositaeque ossa in sua sede contineant; et in quam partem fractura inclinat, ab ea latior valentiorque ferula inponenda est. Easque omnes contra articulum esse oportet resimas, ne hunc laedant, nec ultra astringi quam ut ossa contineant; et cum spatio laxentur, tertio quoque die paulum habenis suis coartari; ac si nulla prurigo, nullus dolor est, sic manere, donec duae partes eius temporis, quo quodque os confervet, compleantur: postea levius aqua calida fovere, quia primo digeri materiam opus est, tum evocari. Ergo cerato quoque liquido id leniter est unguendum, perfricandaque summa cutis est; laxiusque id deligandum est. Tertio quoque die solvendum sic, ut remota calida aqua cetera eadem fiant: tantummodo singulae fasciae, quotiens resolutae fuerint, subtrahantur."
musculus,phi0836/phi002,data/phi0836/phi002/phi0836.phi002.perseus-lat4.xml,b74c4889145dc552c304ac5bf734849b10aa60c07e1cabb697c8cd8d687416b4,Celsus,De Medicina,book=8/chapter=10,musculi|musculus,2,"Gravius aliquanto est, cum ossis fracturae carnis quoque vulnus accessit, maxumeque si id musculi femoris aut umeri senserunt: nam et inflammationes multo graviores et promptiores cancros habent. Ac femur quidem, si ossa inter se recesserunt, fere praecidi necesse est. Umerus vero quoque in periculum venit, sed facilius conservatur. Quibus periculis etiam magis id expositum, quod iuxta ipsos articulos ictum est. Curiosius igitur agendum est, et musculus quidem, per mediam plagam transversus praecidendus; sanguis vero, si parum fluxit, mittendus; corpus inedia extenuandum. Ac reliqua quidem membra lentius intendenda, et lenius in iis ossa in suam sedem reponenda sunt: in his vero neque intendi nervos neque ossa tractari satis expedit; ipsique homini permittendum est, ut sic ea collocata habeat, quemadmodum minime laedunt. Omnibus autem his vulneribus inponendum primo linamentum est vino madens, cui rosae pum admodum adiectum sit, cetera eadem. Deligandaque fascis sunt aliquanto quam vulnus latioribus, laxius scilicet quam si ea plaga non esset: quanto facilius et alienari et occupari cancro vulnus potest numero potius fasciarum id agendum, ut laxae quoque aeque contineant. Quod in femore umeroque sic fiet, si ossa forte recte concurrerint: sin aliter se habebunt, eatenus circumdari fascia debebit, ut inpositum medicamentum contineat. Cetera eadem, quae supra (1H seqq.) scripsi, facienda sunt, praeterquam quod neque ferulis neque canalibus, inter quae vulnus sanescere non potest, sed pluribus tantummodo et latioribus faceis opus est: ingerendumque subinde in eas est calidum oleum et vinum, magisque in primo fame utendum; est alienum; vulnus calida aqua fovendum, frigusque omni ratione vitandum; et transeundum ad medicamenta, quae puri movendo sunt; maiorque vulneri quam ossi cura agenda: ergo cottidie solvendum nutriendumque est. Inter quae si quod parvulum fragmentum ossis eminet, id si retusum est, in suam sedem dandum; si acutum, ante acumen eius, si longius est, praecidendum; si brevius, limandum et utrumque scalpro levandum; tum ipsum recondendum est. Ac si id manus facere non potest, vulsella, quali fabri utuntur, inicienda est recte se habendi capiti ab ea parte, qua similia est, ut ea parte, qua gibba est, eminens os in suam sedem compellat. Si id maius est membranulisque cingitur, sinere oportet eas sub medicamentis resolvi, idque os, ubi iam nudatum est, abscidere; quod maturius scilicet faciendum est. Potestque ea ratione et os coire et vulnus sanescere, illud suo tempore, hoc prout se habet."
musculus,phi0836/phi002,data/phi0836/phi002/phi0836.phi002.perseus-lat4.xml,b74c4889145dc552c304ac5bf734849b10aa60c07e1cabb697c8cd8d687416b4,Celsus,De Medicina,book=8/chapter=10,musculive,1,"Si quando vero ossa non confervuerunt, quia saepe solutum, saepe motum, in aperto deinde curatio est: possunt enim coire Si vetustas occupavit, membrum extendendum est, ut aliquid laedatur: ossa inter se manu dividenda, ut concurrendo exasperentur, ut, si quid pingue est, eradatur totumque id quasi recens fiat, magna tamen cura habita, ne nervi musculive laedantur. Tum vino fovendum est, in quo malicorium decoctum sit; inponendumque id ipsum corium ovi albo mixtum: tertio die resolvendum fovendumque aqua, in qua verbenae, de quibus supra (K) dixi, decoctae sint: quinto die idem faciendum, ferulaeque circumdandae. Cetera et ante et post eadem facienda, quae supra (1K) scripsi."
musculus,phi0836/phi002,data/phi0836/phi002/phi0836.phi002.perseus-lat4.xml,b74c4889145dc552c304ac5bf734849b10aa60c07e1cabb697c8cd8d687416b4,Celsus,De Medicina,book=8/chapter=11,musculis,1,"Maxilla vero et vertebra omnesque articuli, cum validis nervis conprendantur, excidunt aut vi expulsi, aut aliquo casu nervis vel ruptis vel infirmitatis, faciliusque in pueris et adulescentulis quam in robustioribus. Hique elabuntur in priorem in exteriorem partem, quidam omnibus modis, quidam certis. Suntque quaedam communia omnium signa, quaedam propria sunt cuiusque: siquidem semper ea parte est tumor, in quam os prorumpit; ea sinus, a qua recessit. Et haec quidem in omnibus deprenduntur, alia vero in singulis; quae, simul atque de quoque dicam, proponenda erunt. Sed ut excidere omnes articuli non possunt, sic non omnes reponuntur. Caput enim numquam compellitur, neque in spina vertebra, neque ea maxilla, quae, utraque parte prolapsa, antequam reponeretur, inflammationem movit. Rursus si qui nervorum vitio prolapsi sunt, conpulsi quoque in suas sedes iterum excidunt. Ac quibus in pueritia exciderunt neque repositi sunt, minus quam ceteri crescunt. Omniumque, quae loco suo non sunt, caro emacrescit, magisque in proximo membro quam ulteriore, ut puta, si umerus loco suo non est, maior in eo ipso fit quam in brachio, maior in hoc quam in manu macies. Tum pro sedibus et pro casibus, qui inciderunt, quum maior aut minor usus eius membri relinquitur; quoque in eo plus usus superest, eo minus id extenuatur. Quicquid autem loco suo motum est, ante inflammationem reponendum est: si illa occupavit, dum conquiescat, non lacessendum: ubi finitast, temptandum in iis membris, quae id patiuntur. Multum autem eo confert et corporis et nvo habitus. Nam si corpus tenue, si umidum est, si nervi infirmi, expeditius os reponitur: sed ut primo facilius excidit, ita postea minus fideliter continetur. Quae contraria his sunt, melius continent: sed id, quod expulsum est, difficulter admittunt.— Oportet autem ipsam inflammationem levare super sucida lana ex aceto inposita: a cibo, si valentioris articuli casus est, triduo, interdum etiam quinque diebus abstinere; bibere aquam calidam, dum sitim finiat; curiosiusque haec facere in ossibus motis, quae validis plenisque musculis continentur: si vero etiam febris accessit, multo magis; deinde ex die 50 fovere aqua calida; remotaque lana ceratum inponere ex cyprino factum, nitro quoque adiecto, donec omnis inflammatio finiatur. Tunc infrictionem ei membro adhibere; cibis uti bonis; uti vino modice; iamque ad usus quoque id membrum promovere, quia motus ut in dolore pestifer, sic alias saluberrimus corpori est. Haec communia sunt, nunc de singulis dicam."
musculus,phi0836/phi002,data/phi0836/phi002/phi0836.phi002.perseus-lat4.xml,b74c4889145dc552c304ac5bf734849b10aa60c07e1cabb697c8cd8d687416b4,Celsus,De Medicina,book=8/chapter=12,musculi,1,"12 Maxilla in priore partem propellitur, sed modo altera parte, modo utraque. Si altera, in contrariam partem ipsa mentumque inclinatur; dentes paribus non respondent, sed sub is, qui secant, canini sunt. At si utraque, totum mentum in exteriorem partem promovetur; inferioresque dentes longius quam superiores excedunt; intentique super musculi apparent.— Primo quoque tempore autem homo in sedili conlocandus est sic, ut minister a posteriore parte caput eius contineat, vel sic, ut iuxta parietem is sedeat, subiecto inter parietem et caput eius scorteo pulvino duro, eoque caput eius per ministrum urgeatur, quo sit immobilius. Tum medici digiti pollices linteolis vel fasceis, ne delabantur, involuti in os eius coiciendi, ceteri extrinsecus admovendi sunt. Ubi vehementer maxilla adprehensa est, si una parte procidit, concutiendum mentum et ad guttur adducendum est. Tum simul et caput adprehendendum, et excitato mento maxilla in suam sedem conpellenda, et os eius conprimendum est sic, ut omnia paene uno momento fiant. Sin utraque parte prolapsa est, eadem omnia eadem facienda, sed aequaliter retro maxilla agenda est. Reposito osse, si cum dolore oculorum et cervicis iste casus incidit, ex brachio sanguis mittendus est. Cum iob vero, quorum ossa mota sunt, primo liquidior cibus conveniat, tum his praecipue, adeo ut sermo quoque frequenti motu oris per nervos laedat."
musculus,phi0836/phi002,data/phi0836/phi002/phi0836.phi002.perseus-lat4.xml,b74c4889145dc552c304ac5bf734849b10aa60c07e1cabb697c8cd8d687416b4,Celsus,De Medicina,book=8/chapter=20,musculique|musculos,2,"Femur in omnes quattuor partes promovetur, saepissime in interiorem, deinde in exteriorem, raro admodum in priorem aut posteriorem. Si in interiorem partem prolapsum est, crus longius altero et vatium est: extra enim pes ultimus spectat; si in exteriorem, brevius varumque fit, et pes intus inclinatur; calx ingressu terram non contingit, sed planta ima; meliusque id crus superiusque corpus quam in priore casu fert, minusque baculo eget. Si in priorem, crus extensum est, inclinarique non potest; alteri cruri ad calcem par est: sed ima planta minus in priorem partem inclinatur; dolorque in hoc casu praecipuus est, et maxime urina supprimitur. Ubi cum dolore inflammatio quievit, commode ingrediuntur, totusque eorum pes incedit. Si in posteriorem, extendi non potest crus, breviusque est; ubi constiti, calx his quoque terram non contingit. Magnum autem femori periculum est, ne vel difficulter reponatur, vel repositum rursus excidat. Quidam iterum semper excidere contendunt: sed Hippocrates et Diocles et Phylotimus et Nileus et Heraclides Tarentinus, clari admodum auctores, ex toto se restituisse memoriae prodiderunt: neque tot genera machinamentorum quoque ad extendendum in hoc casu femur Hippocrates, Andreas, Nileus, Nymphodorus, Protarchus, Heraclides, quidam quoque faber repperissent, si id frustra esset. Sed ut haec falsa opinio est, sic illud verum est: cum ibi valentissimi nervi musculique sint, si suum robur habent, vix admittere; si non habent, postea non continere. Temptandum igitur est: et si tenerum membrum est, satis est habena altera ab inguine, altera a genu intendi; si validius, melius adducent, qui easdem habenas ad bacula valida deligarint; cumque eorum fustium imas partes oppositae morae obiecerint, superiores ad se utraque manu traxerint. Etiamnum valentius intenditur membrum super scamnum, cui ab utraque parte axes sunt, ad quos habenae illae deligantur; qui, ut in torcularibus conversi, rumpere quoque, si quis perseveraverit, non solum extendere nervos et musculos possunt. Collocandus autem homo super id scamnum est aut pronus aut supinus aut in latus sic, ut semper ea pars superior sit, in quam os prolapsum est, et ea inferior, a qua recessit. Nervis extensis, si in priorem partem os venit, rotundum aliquid super inguen ponendum, subitoque super id genu adducendum est eodem modo eademque de causa, qua idem in brachio fit (16.3): protinusque, si conplicari femur potest, intus est. In ceteris vero casibus, ubi ossa per vim paulum inter se recesserunt, medicus debet id, quod eminet, retro cogere; minister contra inde coxam propellere. Reposito osse, nihil aliud novi curatio requirit, quam ut diutius is in lecto detineatur, ne, si motum adhuc nervis laxioribus femur fuerit, rursus erumpat."
musculus,phi0836/phi002,data/phi0836/phi002/phi0836.phi002.perseus-lat4.xml,b74c4889145dc552c304ac5bf734849b10aa60c07e1cabb697c8cd8d687416b4,Celsus,De Medicina,book=8/chapter=25,musculis,1,"25 Haec facienda sunt in iis casibus, ubi sine vulnere ossa exciderunt Hic quoque et ingens periculum est, et eo gravius, quo maius membrum est, quove validioribus nervis aut musculis continetur. Ideoque in umeris femoribusque metus mortis est: ac, si reposita eis ossa sunt, spes nulla est; si non reposita, tamen nonnullum periculum est; eoque maior in utroque timor est, quo propius vulnus articulo est. Hippocrates nihil tuto reponi posse praeter digitos et plantas et manuus dixit, atque in his quoque diligenter esse agendum, ne praecipitarent. Quidam brachia quoque et crura reposuerunt; et ne cancri distentionesque nervorum orirentur, sub quibus in eiusmodi casu fere mors matura est, sanguinem ex brachio miserunt. Verum ne digitus quidem, in quo minimum ut malum, sic etiam periculum est, reponi debet, aut in inflammatione aut postea, cum iam vetus res est. Sic quoque reposito osse nervi ubi distenduntur, rursus id protinus expellendum est. Omne autem membrum, quod cum vulnere loco motum neque repositum est, sic iacere convenit, ut maxime cubantem iuvat; tantum ne moveatur neve dependeat. In omnique tali morbo magnum ex longa fame praesidium est, deinde ex curatione eadem, quae proposita est (10.7D), ubi ossibus fractis vulnus accessit. Si nudum os eminet, impedimento semper futurum est: ideo quod excedit abscidendum est, inponendaque super arida linamenta sunt et medicamenta non pinguia, donec quae sola esse in eiusmodi re sanitas potest, veniat: nam et debilitas sequitur et tenuis cicatrix inducitur, quae necesse est facile noxae postea pateat."
musculus,phi0836/phi002,data/phi0836/phi002/phi0836.phi002.perseus-lat4.xml,b74c4889145dc552c304ac5bf734849b10aa60c07e1cabb697c8cd8d687416b4,Celsus,De Medicina,book=8/chapter=4,musculos,1,"Quacumque autem de causa curatio haec necessaria est, si nondum satis cutis patefacta est, latius aperienda est, donec quicquid laesum est in conspectu sit. In quo ipso videndum est, ne quid ex ima membranula, quae sub cute calvariam cingit, super os relinquatur, siquidem ea scalpro terebrisve lacerata vehementes febres cum inflammationibus excitat; itaque eam commodius est ex toto ab osse deduci. Plagam, si ex vulnere est, talem necesse est habeamus, qualem acceperimus: si manu facienda est, ea fere commodissima est, quae duabus transversis lineis litterae X figuram accipit; tum deinde a singulis procedentibus lingulis cutis subsecatur. Inter quae si sanguis fertur, spongia subinde in aceto tincta cohibendus est, occupandusque est obiectis linamentis et caput altius excitandum. Neque id ullum metum, nisi inter musculos qui tempora continent, adfert: sed ibi quoque nihil tutius fit."
musculus,phi0836/phi002,data/phi0836/phi002/phi0836.phi002.perseus-lat4.xml,b74c4889145dc552c304ac5bf734849b10aa60c07e1cabb697c8cd8d687416b4,Celsus,De Medicina,book=8/chapter=7,musculum,1,"7 Ab his ad maxillam venturus indicanda quaedam puto communiter ad omnia ossa pertinentia, ne saepius eadem dicenda sint. Omne igitur os modo rectum ut lignum in longitudinem finditur, modo frangitur transvorsum, interdum oblicum; atque id ipsum nonnumquam retusa habet capita, nonnumquam acuta. Quod genus pessimum est, quia neque facile committuntur, quae nulli retuso innituntur, et carnem vulnerant, interdum nervum quoque aut musculum: quin etiam aliquando plura fragmenta fiunt. Sed in aliis quidem ossibus ex toto saepe fragmentum a fragmento recedit: maxillae vero semper aliqua parte etiam vexata ossa inter se cohaerent. Igitur inprimis digitis duobus utrimque prementibus et ab ore et ab cute omnia ossa in suam sedem compellenda sunt; deinde, si transversa maxilla fracta est (sub quo casu fere dens super proximum dentem excedit), ubi ea in suam sedem conlocata est, duo proximi dentes aut, si hi labant, ulteriores inter se seta deligandi sunt. Id in alio genere fracturae supervacuum est, cetera eadem facienda sunt: nam linteolum duplex madens vino et oleo superiniciendum cum eadem simila et eadem turis fuligine est; deinde aut fascea aut mollis habena media in longitudinem incisa, ut utrimque mentum conplectatur et inde capita eius supra caput adducta ibi deligentur. Illud quoque ad omnia ossa pertinens dictum erit, famem primum esse necessariam; deinde a die tertio umidum cibum, sublata inflammatione paulo pleniorem, eumque qui carnem alat: vinum per omne tempus esse alienum; deinde tertio die resolvi debere, foveri per spongiam vapore aquae calidae, eademque quae primo fuerunt superdari: idem die quinto fieri et donec inflammatio finiatur, quae vel nono die vel septumo fere solvitur. Ea sublata, rursus ossa esse tractanda, ut, si quid fractum loco suo non est, reponatur: neque id esse solvendum, nisi duae partes eius temporis, intra quod quaeque ossa confervent, transierint. Fere vero inter quartum decimum et unum et vicensimum diem sanescunt maxilla, malae, iugulum, pectus, latum os scapularum, costae, spina, coxarum os, tali, calx, manus, planta: inter vicensimum et tricensimum diem crura, bracchiaque: inter septimum et vicensimum et quadragensimum umeri et femina. Sed in maxilla illud quoque adiciendum est, quod umidus cibus diu adsumendus est. Atque etiam cum tempus processit, in lagano similibus aliis perseverandum est neque quicquam edendum duri, donec ex toto maxillam callus firmarit; itemque utique primis diebus habendum silentium."
musculus,phi0836/phi002,data/phi0836/phi002/phi0836.phi002.perseus-lat5.xml,32c7d2cf9bdcd6da3aab70a7f8dc07079fd8ca28faf42c4cb569fe306fa988d9,Celsus,De Medicina,book=2/chapter=29,musculi,1,"At alvum movent panis fermentatus, magisque si cibarius vel hordeaceus est; brassica, si subcruda est, lactuca, anethum, nasturtium, ocimum, urtica, portulaca, radicula, capparis, allium, cepa, malva, lapathum, beta, asparagus, cucurbita, cerasa, mora, poma omnia mitia, ficus etiam arida, sed magis viridis, uvae recentes, pingues minutae aves, cochleae, garum, salsamentum, ostrea, pelorides, echini, musculi, et omnes fere conchulae, maximeque jus earum; saxatiles, et omnes teneri pisces, sepiarum atramentum; si qua caro assumitur pinguis, eadem vel jurulenta, vel elixa; aves quae natant; mel crudum, lac, lactantia omnia, mulsum, vinum dulce vel salsum, aqua teneraHipp. De aere, aq. et loc. § 1, omnia tepida, dulcia, pinguia, elixa, jurulenta, salsa, diluta."
musculus,phi0836/phi002,data/phi0836/phi002/phi0836.phi002.perseus-lat5.xml,32c7d2cf9bdcd6da3aab70a7f8dc07079fd8ca28faf42c4cb569fe306fa988d9,Celsus,De Medicina,book=3/chapter=6,musculorumve,1,"Sunt aliae quoque observationes in febribus necessariae. Atque id quoque videndum est, quod quidam (sc. Methodici solum praecipiunt, adstrictum corpus sit, an profluat; quorum alterum strangulat, alterum digerit; nam si adstrictum est, ducenda alvus est, movenda urina, eliciendus omni modo sudor. In hoc genere morborum sanguinem etiam misisse, concussisse vehementibus gestationibus corpus, in lumine habuisse, imperasse famem, sitim, vigiliam prodest. Utile est etiam ducere in balneum, prius demittere in solium, tum ungere, iterum ad solium redire, multaque aqua fovere inguina; interdum etiam oleum in solio cum aqua calida miscere; uti cibo serius et rarius, tenui, simplici, molli, calido, exiguo; maximeque oleribusholeribus, qualia sunt lapathum, urtica, malva; vel jure etiam concharum, musculorumve, aut locustarum: neque danda caro, nisi elixa, est. At potio esse debet magis liberalis, et ante cibum, et post hunc, et cum hoc, ultra quam sitis coget: poteritque a balneo etiam pinguius, aut dulcius dari vinum; poterit semel, aut bis interponi graecum salsumcf. III, 16. Contra vero, si corpus profluet, sudor coercendus, quies adhibenda erit; tenebris somnoque, quandocumque volet, utendum; non nisi leni gestatione corpus agitandum, et pro genere mali subveniendum. Nam si venter fluit, aut si stomachus non continet, ubi febris decrevit, liberaliter oportet aquam tepidam potui dare, et vomere cogere; nisi aut fauces, aut praecordia, aut latus dolet, aut vetus morbus est. Si vero sudor exercet, duranda cutis est nitro, vel sale, quae cum oleo miscentur: ac si levius id vitium est, oleo corpus ungendum; si vehementius, rosa, vel melino, vel myrteo, cui vinum austerum sit adjectum. Quisquis autem fluore aeger est, quum venit in balneum, prius ungendus, deinde in solium demittendus est. Si in cute vitium est, frigida quoque, quam calida aqua melius utetur. Ubi ad cibum ventum est, dari debet is valens, frigidus, siccus, simplex, qui quam minime corrumpi possit, panis tostus, caro assa, vinum austerum, vel certe subausterum; si venter profluit, calidum; si sudores nocent, vomitusve sunt, frigidum."
musculus,phi0836/phi002,data/phi0836/phi002/phi0836.phi002.perseus-lat5.xml,32c7d2cf9bdcd6da3aab70a7f8dc07079fd8ca28faf42c4cb569fe306fa988d9,Celsus,De Medicina,book=5/chapter=26,musculum,1,"Vix autem ad sanitatem perveniunt, quibus ulla parte aut pulmo, aut jecinoris crassum, aut membrana, quae continet cerebrum, aut lienis, aut vulva, aut vesica, aut ullum intestinum, aut septum transversum vulneratum est. Ii quoque in praecipiti sunt, in quibus usque ad grandes intusque conditas venas in alis, vel poplitibus mucro desedit. Periculosa etiam vulnera sunt, ubicumque venae majores sunt, quoniam exhaurire hominem profusione sanguinis possunt: idque evenit non in alis tantum atque poplitibus, sed etiam in iis venis quae ad anum testiculosque perveniunt. Praeter haec malum vulnus est, quodcumque in alis, vel feminibus, vel inanibus locis, vel in articulis, vel inter digitos est: item quodcumque musculum, aut nervum, aut arteriam, aut membranam, aut os, aut cartilaginem laesitAph. VI, 19; Coac. 494. Tutissimum omnium, quod in carne est."
musculus,phi0836/phi002,data/phi0836/phi002/phi0836.phi002.perseus-lat5.xml,32c7d2cf9bdcd6da3aab70a7f8dc07079fd8ca28faf42c4cb569fe306fa988d9,Celsus,De Medicina,book=5/chapter=26,musculus,1,"Quibus exploratis, ubi aliquis ictus est, qui servari potest, protinus prospicienda duo sunt: ne sanguinis profusio, neve inflammatio interimat. Si profusionem timemus (quod ex sede vulneris, et ex magnitudine ejus, et ex impetu ruentis sanguinis intelligi potest); siccis linamentis vulnus implendum est, supraque imponenda spongia ex aqua frigida expressa, ac manu super comprimenda. Si parum sic sanguis conquiescit, saepius linamenta mutanda sunt; et, si sicca parum valent, aceto madefacienda sunt. Id vehemens ad sanguinem supprimendum est; ideoque quidam id vulneri infundunt. Sed alius rursus metus subest; ne, nimis valenter ibi retenta materia, magnam inflammationem postea moveat. Quae res efficit, ut neque rodentibus medicamentis, neque adurentibus, et ob id ipsum inducentibus crustam, sit utendum; quamvis pleraque ex his sanguinem supprimunt: sed, si semel ad ea decurritur, iis potius, quae mitius idem efficient. Quod si illa quoque profluvio vincuntur, venae quae sanguinem fundunt, apprehendendae, circaque id quod ictum est, duobus locis deligandae, intercidendaeque suntcf. Aet. XIV, 51; Paul. Aegin. IV, 53, ut et in se ipsae coeant, et nihilo minus ora praeclusa habeant. Ubi ne id quidem res patitur, possunt ferro candenti aduri. Sed etiam satis multo sanguine effuso ex eo loco quo neque nervus, neque musculus est, ut, puta, in fronte, vel superiore capitis parte, commodissimum tamen est cucurbitulam admovere a diversa parte, ut illuc sanguinis cursus revocetur."
musculus,phi0836/phi002,data/phi0836/phi002/phi0836.phi002.perseus-lat5.xml,32c7d2cf9bdcd6da3aab70a7f8dc07079fd8ca28faf42c4cb569fe306fa988d9,Celsus,De Medicina,book=5/chapter=26,musculus|musculus,2,"Et adversus profusionem quidem in his auxilium est: adversus inflammationem autem in ipso sanguinis cursu. Ea timeri potest, ubi laesum est vel os, vel nervus, vel cartilago, vel musculus; aut ubi parum sanguinis pro modo vulneris fluxit. Ergo quoties quid tale erit, sanguinem mature supprimere non oportebit; sed pati fluere, dum tutum erit, adeo ut si parum fluxisse videbitur, mitti quoque ex brachio debeat; utique si corpus juvenile et robustum et exercitatum est: multoque magis, si id vulnus ebrietas praecessit. Quod si musculus laesus videbitur, praecidendus erit: nam percussus, mortiferus est; praecisus, sanitatem recipit."
musculus,phi0836/phi002,data/phi0836/phi002/phi0836.phi002.perseus-lat5.xml,32c7d2cf9bdcd6da3aab70a7f8dc07079fd8ca28faf42c4cb569fe306fa988d9,Celsus,De Medicina,book=5/chapter=26,musculi|musculos,2,"Sanguine autem vel suppresso, si nimius erumpit; vel exhausto, si per se parum fluxit; longe optimum est vulnus glutinari. Potest autem id quod vel in cute, vel etiam in carne est, si nihil ei praeterea mali accedit: potest caro alia parte dependens, alia inhaerens; si tamen etiamnum integra est, et conjunctione corporis fovetur. In iis vero quae glutinantur, duplex curatio est. Nam si plaga in molli parte est, sui debet; maximeque, si discissa auris ima est, vel imus nasus, vel frons, vel bucca, vel palpebra, vel labrum, vel circa guttur cutis, vel venter. Si vero in carne vulnus est, hiatque, neque in unum orae facile attarhunturadtrahuntur, sutura quidem aliena est; imponendae vero fibulae sunt; ἀγχτῆρασ Graeci nominant; quae oras, paulum tamen contrahant, quo minus lata postea cicatrix sit. Ex his autem colligi potest, id quoque quod alia parte dependens, alia inhaerebit, si alienatum adhuc non est, suturam, an fibulam postulet. Ex quibus neutra ante debet imponi, quam intus vulnus purgatum est; ne quid ibi concreti sanguinis relinquatur. Id enim et in pus vertitur, et inflammationem movet, et glutinari vulnus prohibet. Ne linamentum quidem, quod supprimendi sanguinis causa inditum est, ibi relinquendum est: nam id quoque inflammat. Comprehendi vero sutura, vel fibula, non cutem tantum, sed aliquid etiam ex carne, ubi suberit haec, oportebit; quo valentius haereat, neque cutem abrumpat. Utraque optima est ex acia molli, non nimis torta, quo mitius corpori insidat. Utraque neque nimis rara, neque himisnimis crebra injicienda. Si nimis rara est, non continet: si nimis crebra est, vehementer afficit: quia, quo saepius acus corpus transsuit,quoque plura loca injectum vinculum mordet, eo majores inflammationes oriuntur; magisque aestate. Neutra etiam vim ullam desiderat; sed eatenus utilis est, qua cutis ducentem quasi sua sponte subsequitur. Fere tamen fibulae latius vulnus esse patiuntur: sutura oras jungit, quae ne ipsae quidem inter se contingere ex toto debent; ut si quid intus humoris concreverit, sit qua emanet. Si quod vulnus neutrum horum recipit, id tamen purgari debet. Deinde omni vulneri primo imponenda est spongia ex aceto expressa: si sustinere aliquis aceti vim non potest, vino utendum est. Levius plaga juvatur etiam, si ex aqua frigida expressa spongia imponitur. Sed ea, quocumque modo imposita est, dum madet, prodest: itaque, ut inarescat, non est committendum. Licetque sine peregrinis, et conquisitis, et compositis medicamentis vulnus curare. Sed si quis huic parum confidit, imponere medicamentiamedicamentum debet, quod sine sevo compositum sit ex iis, quae cruentis vulneribus apta esse proposui; maximeque si caro est, barbarum; si nervi, vel cartilago, vel aliquid ex eminentibus, quales aures, vel labra sunt, Polyidae sphragidemcf. 20, 2. Alexandrinum quoque viride19, 17 nervis idoneum est: eminentibusque partibus ea quam Graeci ῤάπτουσαν vocantcf. 19, 6. Solet etiam, colliso corpore, exigua parte findi cutis. Quod ubi incidit, non alienum est scalpello latius aperire; nisi musculi, nervique juxta sunt, quos incidi non expedit: ubi satis diductum est, medicamentum imponendum est. At si id quod collisum est, quamvis parum diductum est, latius tamen aperiri propter nervos aut musculos non licet, adhibenda sunt ea quae humorem leniter extrahant; praecipueque ex his id, quod ῤυπῶδεσ vocari proposui19, 15. Non alienum est etiam, ubicumque vulnus grave est, imposito quo id juvetur, insuper circumdare lanam succidam ex aceto et oleo: vel cataplasma, si mollis is locus est, quod leniter reprimat; si nervosus, aut musculosus, quod emolliat."
musculus,phi0836/phi002,data/phi0836/phi002/phi0836.phi002.perseus-lat5.xml,32c7d2cf9bdcd6da3aab70a7f8dc07079fd8ca28faf42c4cb569fe306fa988d9,Celsus,De Medicina,book=5/chapter=26,musculive,1,"Purgato, sequitur ut impleatur. Jamque calida aqua eatenus necessaria est, ut sanies removeatur. Lanae succidae supervacuus usus est: lota melius circumdatur. Ad implendum autem vulnus proficiunt quidem etiam medicamenta aliqua: itaque ea adhiberi non alienum est; ut butyrum cum rosa, et exigua mellis parte; aut cum eadem rosa tetrapharmacum; aut ex rosa linamenta. Plus tamen proficit balneum rarum, cibi boni succi, vitatis omnibus acribus; sed jam pleniores. Nam et avis, et venatio, et suilla elixa dari potest. Vinum omnibus, dum febris, dum inflammatio est, alienum est: itemque usque ad cicatricem, si nervi, musculive vulnerati sunt; etiam si alte caro. At si plaga in summa cute generis tutioris est, potest non pervetus, modice tamen datum, ad implendum quoque proficere. Si quid molliendum est, quod in nervosis locis, musculosisque necessarium est, cerato quoque super vulnus utendum est. At si caro supercrevit, modice reprimit siccum linamentum; vehementius squama aeris. Si plus est, quod tolli opus est, adhibenda sunt etiamnum vehementiora, quae corpus exedant. Cicatricem post omnia haec commode inducit lycium ex passo aut lacte dilutum; vel etiam per se impositum siccum linamentum."
musculus,phi0836/phi002,data/phi0836/phi002/phi0836.phi002.perseus-lat5.xml,32c7d2cf9bdcd6da3aab70a7f8dc07079fd8ca28faf42c4cb569fe306fa988d9,Celsus,De Medicina,book=5/chapter=26,musculi,1,"Gangraenam vero, si nondum plane tenet, sed adhuc incipit, curare non difficillimum est; utique in corpore juvenili: et magis etiam si musculi integri sunt; si nervi vel laesi non sunt, vel leviter affecti sunt; neque ullus magnus articulus nudatus est; aut carnis in eo loco paulum est, ideoque non multum, quod putresceret, fuit; consistitque eo loco vitium, quod maxime fieri in digito potest. In ejusmodi casu primum est, si vires patiuntur, sanguinem mittere: deinde quidquid aridum est, et intentione quadam proximum quoque locum male habet, usque sanum corpus concidere. Medicamenta vero, dum malum serpit, adhibenda nulla sunt, quae pus movere consuerunt; ideoque ne aqua quidem calida. Gravia quoque, quamvis reprimentia, aliena sunt; sed his quam levissimis opus est: superque ea, quae inflammata sunt, utendum est refrigerantibus. Si nihilo magis malum constitit, uri id quod est inter integrum ac vitiatum locum debet. Praecipueque in hoc casu petendum, non a medicamentis solum, sed etiam a victus ratione praesidium est: neque enim id malum, nisi corrupti vitiosique corporis est. Ergo primo, nisi imbecillitas prohibet, abstinentia utendum; deinde danda, quae per cibum potionemque alvum, ideoque etiam corpus, adstringant; sed ea levia. Postea, si vitium constitit, imponi super vulnus eadem debent, quae in putri ulcere praescripta sunt. Ac tum quoque plenioribus cibis uti licebit ex media materia; sed tamen non nisi alvum, corpusque siccantibus; aqua vero pluviali frigida. Balneum, nisi jam certa fiducia redditae sanitatis est, alienum est: siquidem emollitum in eo vulnus cito rursus eodem malo afficitur. Solent vero nonnumquam nihil omnia auxilia proficere, ac nihilo minus serpere is cancer: inter quae miserum, sed unicum auxilium est, ut cetera pars corporis tuta sit, membrum, quod paulatim emoritur, abscindere."
musculus,phi0836/phi002,data/phi0836/phi002/phi0836.phi002.perseus-lat5.xml,32c7d2cf9bdcd6da3aab70a7f8dc07079fd8ca28faf42c4cb569fe306fa988d9,Celsus,De Medicina,book=5/chapter=28,musculum,1,"Nonnumquam autem ex ejusmodi abscessibus, et ex aliis ulcerum generibus fistulae oriuntur. Id nomen est ulceri alto, angusto, calloso. Fit in omni fere parte corporis; habetque quaedam in singulis locis propria. Prius de communibus dicam. Genera igitur fistularum plura sunt: siquidem aliae breves sunt, aliae altius penetrant; aliae recte intus feruntur, aliae multoque plures transversae; aliae simplices sunt, aliae duplices triplicesve, ab uno ore orsae, aut etiam in plures sinus dividuntur: aliae rectae, aliae flexae, et tortuosae sunt; aliae intra carnem desinunt, aliae ad ossa aut cartilaginem penetrant, aut, ubi neutrum horum subest, ad interiora perveniunt; aliae deinde facile, aliae cum difficultate curantur, atque etiam quaedam insanabiles reperinnturreperiuntur. Expedita curatio est in fistula simplici recenti, intra canem: adjuvatque ipsam corpus, si juvenile, si firmum est. Inimica contraria his sunt: itemque, si fistula os, vel cartilaginem, vel nervum, vel musculum laesit; si articulum occupavit; si vel ad vesicam, vel ad pulmonem, vel ad vulvam, vel ad grandes venas arteriasve, vel ad inania, ut guttur, stomachum, thoracem penetravit. Ad intestina quoque eam tendere, semper periculosum, saepe pestiferum est. Quibus multum mali accedit, si corpus vel aegrum, vel senile, vel mali habitus est. Ante omnia autem demitti specillum in fistulam convenit, ut quo tendat, et quam alte perveniat, scire possimus; simul etiam protinus humida, an siccior sit: quod extracto specillo patet. Si vero os in vicino est, id quoque disci potest si jam nec ne eo fistula penetraverit, et quatenus nocuerit; nam si molle est quod ultimo specillo contingitur, intra carnem adhuc vitium est: si magis id renititur, ad os ventum est. Ibi deinde si labitur specillum, nondum caries est: si non labitur, sed aequali innititur, caries quidem, verum adhuc levis est: si inaequale quoque et asperum subest, vehementius os exesum est. At cartilago ubi subsit, ipsa sedes docet; perventumque esse ad eam ex renisu patet. Et ex his quidem colliguntur fistularum sedes, spatia, noxae. Simplices vero eae sint, an in plures partes diducantur, cognosci potest ex modo puris; cujus si plus fertur, quam quod simplici spatio convenit, plures sinus esse manifestum est. Quumque fere juxta sint caro, et nervus, et aliqua nervosa, quales fere tunicae membranaeque sunt, genus quoque puris docebit, num plures sinus intus diversa corporis genera perroserint. Siquidem ex carne pus laeve, album, copiosius fertur: at ex nervoso loco, coloris quidem ejusdem, sed tenuius: ex nervo, pingue et oleo non dissimile. Denique etiam corporis inclinatio docet, num in plures partes fistulae penetrarint; quia saepe, quum quis aliter decubuit, aliterque membrum collocavit, pus ferri, quod jam desierat, iterum incipit; testaturque, non solum alium sinum esse, ex quo descendat, sed etiam in aliam corporis partem eum tendere. Sed si et in carne et recens et simplex est, ac neque rugosa neque cava sede, neque in articulo, sed in eo membro, quod per se immobile, non nisi cum toto corpore movetur; satis proficiet emplastrum, quod recentibus vulneribus imponitur, dum habeat vel salemsale, vel alumen, vel squamam aeris, vel aeruginem, vel ex metallicis aliquid: exque eo collyrium fieri debet altera parte tenuius, altera paulo plenius, idque ea parte, qua tenuius est, antecedente demitti oportet in fistulam, donec purus sanguis se ostendat: quae in omnibus fistularum collyriis perpetua sunt. Idem deinde emplastrum in linteolo superimponendum, supraque injicienda spongia est in acetum ante demissa: solvique quinto die satis est. Genusque victus adhibendum est, quo carnem ali docui. Ac si longius a praecordiis fistula est, ex intervallo jejunum radiculas esse, deinde vomere, necessarium est. Vetustate callosa fit fistula. Callus autem neminem fallit, quia durus est, et aut albus, aut pallidus. Sed tum validioribus medicamentis opus est: quale est, quod habet papaveris lacrimae p. )-(. I. gummis p.)-(. III. z. cadmiae p. )-(. IV. atramenti sutorii p. )-(. VIII. ex quibus aqua coactis collyrium fit: aut in quo sunt gallae p. )-(. z. aeruginis, sandarachae, aluminis aegyptiiAegypti, singulorum p. )-(. I. atramenti sutorii combusti p. )-(. II. aut quod constat ex chalcitide, et saxo calcis; quibus auripigmenti dimidio minus, quam in singulis prioribus est, adjicitur, eaque melle cocto excipiuntur. Expeditissimum autem est ex praecepto Megetis, aeruginis rasae p. )-(. II. conterere, deinde ammoniaci thymiamatis p. )-(. II. aceto liquare, eoque infuso aeruginem cogere: idque ex primis medicamentis est. Sed ut haec maximi effectus sunt, si cui ista non adsunt, facile tamen est callum quibuslibet adurentibus medicamentis erodere: satisque est vel papyrum intortum, vel aliquid ex penicillo in modum collyrii adstrictum eo illinere. Scilla quoque cocta et mixta cum calce, callum exest. Si quando vero longior et transversa fistula est, demisso specillo, contra principium hujus incidi commodissimum est, et collyrium utrimque demitti. At si duplicem esse fistulam aut multiplicem existimamus, sic tamen, ut brevis, intraque carnem sit, collyrio uti non debemus quod unam partem curet, reliquas omittat; sed eadem medicamenta arida in calamum scriptorium conjicienda sunt, isque ori fistulae aptandus, inspirandumque, ut ea medicamenta intus compellantur: aut eadem ex vino liquanda; vel si sordidior fistula est, ex mulso; si callosior, ex aceto sunt; idque intus infundendum. Quidquid inditum est, superponenda sunt, quae refrigerent et reprimant: nam fere, quae circa fistulam sunt, habent aliquid inflammationis. Neque alienum est, ubi quis resolverit, antequam rursus alia medicamenta conjiciat, per oricularium clysterem fistulam eluere, si plus puris fertur, vino; si callus durior est, aceto; si jam purgatur, mulso, vel aqua, in qua ervum coctum sit, sic, ut huic mellis quoque paulum adjiciatur. Fere vero fit, ut ea tunica, quae inter foramen et integram carnem est, victa medicamentis tota exeat, infraque ulcus purum sit. Quod ubi contigit, imponenda glutinantia sunt; praecipueque spongia melle cocto illita. Neque ignoro multis placuisse, linamentum in modum collyrii compositum tinctum melle demitti: sed celerius id glutinatur, quam impletur. Neque verendum est, ne purum corpus puro corpori junctum non coeat; adjectis quoque medicamentis ad id efficacibus; quum saepe exulceratio digitorum, nisi magna cura prospeximus, sanescendo in unum eos jungat."
musculus,phi0836/phi002,data/phi0836/phi002/phi0836.phi002.perseus-lat5.xml,32c7d2cf9bdcd6da3aab70a7f8dc07079fd8ca28faf42c4cb569fe306fa988d9,Celsus,De Medicina,book=7/chapter=6,musculus,1,"Haec evenire in qualibet parte corporis possunt: reliqua certas sédes habent. De quibus dicam, orsus a capite. In hoc multa variaque tubercula oriuntur; γάγγλια, μελιχηρίδας, ἀθερώματα nominant; aliisque etiamnum vocabulis quaedam alii discernunt: quibus ego στεατώματα quoque adjiciam. Quae quamvis et in cervice, et in alis, et in lateribus oriri solent; per se tamen non posui; quum omnia ista mediocres differentias habeant, ac neque periculo terreant, neque diverso genere curentur. Omnia vero ista et ex parvulo incipiunt, et diu paulatimque increscunt, et tunica sua includuntur. Quaedam ex his dura ac renitentia, quaedam mollia cedentiaque sunt: quaedam spatio nudantur, quaedam tecta capillo suo permanent: fereque sine dolore sunt. Quid intus habeant, ut conjectura praesagiri potest, sic ex toto cognosci, nisi quum ejecta sunt, non potest. Maxime tamen in iis, quae renituntur, aut lapillis quaedam similia, aut concreti confertique pili reperiuntur: in iis vero, quae cedunt, aut melli simile aliquid, aut tenui pulticulae, aut quasi rasae cartilagini, aut carni hebeti et cruentae; quibus alii aliique colores esse consuerunt. Fereque ganglia renituntur: atheromati subest quasi tenuis pulticula: meliceridi liquidior humor; ideoque pressus circumfluit: steatomati pingue quiddam; idque latissime patere consuevit, resolvitque totam cutem superpositam sic, ut ea labet; quum in ceteris sit adstrictior. Omnia, derasa ante, si capillis conteguntur, per medium oportet incidere. Sed steatomatis tunica quoque secanda est, ut effundatur quidquid intus coiit; quia non facile a cute et subjecta came ea separatur: in ceteris ipsa tunica inviolata servanda est. Protinus autem alba et intenta se ostendit. Tum scalpelli manubriolo diducenda a cute et carne est, ejiciendaque cum eo, quod intus tenet. Si quando tamen ab inferiore parte tunicae musculus inhaesit, ne is laedatur, superior pars illius decidenda, alia inibi relinquenda est. Ubi tota exemtaexempta est, committendae orae, fibulaque his injicienda, et super medicamentum glutinans dandum est. Ubi vel tota tunica, vel aliquid ex ea relictum est, pus moventia adhibenda sunt."
musculus,phi0836/phi002,data/phi0836/phi002/phi0836.phi002.perseus-lat5.xml,32c7d2cf9bdcd6da3aab70a7f8dc07079fd8ca28faf42c4cb569fe306fa988d9,Celsus,De Medicina,book=7/chapter=7,musculorum|musculi,2,"De pituitae quoque tenuis cursu, qui oculos infestat, quatenus medicamentis agendum est, jam explicuicf. VI, 6. Nunc ad ea veniam, quae curationem manus postulant. Animadvertimus autem quibusdam numquam siccescere oculos, sed semper humore tenui madere: quae res aspritudinem continuat, ex levibus momentis inflammationes et lippitudines excitat, totam denique vitam hominis infestat. Idque in quibusdam nulla ope adjuvari potest, in quibusdam sanabile est. Quod primum discrimen nosse oportet, ut alteris succurratur, alteris manus non injiciatur. Ac primum supervacua curatio est in iis, qui ab infantibus id vitium habent; quia necessario mansurum est usque mortis diem. Deinde non necessaria etiam in iis, quibus non multa, sed acris pituita est: siquidem manu nihil adjuvantur; medicamentis, et victus ratione, quae crassiorem pituitam reddit, ad sanitatem perveniunt. Lata etiam capita vix medicinae patent. Tum interest, venae pituitam mittant, quae inter calvariam et cutem sunt, an quae inter membranam cerebri et calvariam. Superiores fere per tempora oculos rigant; inferiores per eas membranas, quae ab oculis ad cerebrum tendunt. Potest autem adhiberi remedium iis, quae supra os fluunt; non potest iis, quae sub osseId est, per eas venas quae sunt inter membranas cerebri, et calvariam; ut explicat Morgagnus.). Ac ne iis quidem succurritur, quibus pituita utrimque descendit: quia levata altera parte, nihilo minus altera infestat. Quid sit autem, hac ratione cognoscitur. Raso capite ea medicamenta, quibus in lippitudine pituita suspenditur, a superciliis usque ad verticem illini debent: si sicci oculi esse coeperunt, apparet per eas venas, quae sub cute sunt, irrigari: si nihilo minus madent, manifestum est sub osse descendere: si est humor, sed levior, duplex vitium est. Plurimi tamen ex laborantibus reperiuntur, quos superiores venae exerceant; ideoque pluribus etiam opitulari licet. Idque non in Graecia tantummodo, sed in aliis quoque gentibus celebre est: adeo ut nulla medicinae pars magis per nationes quasque exposita sitP. Aeg. VI, 6. Reperti in Graecia sunt, qui novem lineis cutem capitis inciderent: duabus in occipitio rectis, una super eas transversa: dein duabus super aures, una inter eas item transversa: tribus inter verticem et frontem rectis. Reperti sunt, qui a vertice rectas eas lineas ad tempora deducerent; cognitisque ex motu maxillarum musculorum initiis, leviter super eos cutem inciderent, diductisque per retusos hamos oris, insererent linamenta, ut neque inter se cutis antiqui fines committerentur, et in medio caro incresceret, quae venas, ex quibus humor ad oculos transiret, adstringeret. Quidam etiam atramento duas lineas duxerunt a media aure ad mediam alteram aurem, deinde a naribus ad verticem: tum ubi lineae committebantur, scalpello inciderunt; et post, sanguine effuso, os ibidem adusserunt. Nihilo minus autem et in temporibus, et inter frontem atque verticem eminentibus venis idem candens ferrum admoverunt. Frequens curatio est, venas in temporibus adurere: quae fere quidem in ejusmodi malo tument; sed tamen, ut inflentur magisque se ostendant, cervix ante modice deliganda est: tenuibusque ferramentis, et retusis venae adurendae; done in oculis pituitae cursus conquiescat. Id enim signum est quasi excaecatorum itinerum, per quae humor ferebatur. Valentior tamen medicina est, ubi tenues conditaeque venae sunt, ideoque legi non possunt, eodem modo cervice deligata, retentoque ab ipso spiritu, quo magis venae prodeant, atramento notare eas contra tempora, et inter verticem ac frontem: deinde cervice resoluta, qua notae sunt, venas incidere, et sanguinem mittere: ubi satis fluxit, tenuibus ferramentis adurere: contra tempora quidem timide, ne subjecti musculi, qui maxillas tenent, sentiant: inter frontem vero et verticem vehementer, ut squama ab osse secedat. Efficacior tamen etiamnum est Afrorum curatio, qui verticem usque ad os adurunt sic, ut squamam remittat. Sed nihil melius est, quam quod in Gallia quoque Comata fit, ubi venas in temporibus et in superiore capitis parte legunt. Adusta quo modo ocuranda sint, jam explicui. Nunc illud adjicio; neque ut crustae decidant, neque ut ulcus impleatur, adustis venis, esse properandum; ne vel sanguis erumpat, vel cito pus supprimatur: quum per hoc siccescere eas partes opus sit; per illud exhauriri opus non sit; si quando tamen sanguis eruperit, infrianda medicamenta esse, quae sic sanguinem supprimant, ne adurant. Quemadmodum autem venae legendae sint, quidque lectis his faciendum sit, quum venero ad crurum varices, dicamcap. 31."
musculus,phi0836/phi002,data/phi0836/phi002/phi0836.phi002.perseus-lat5.xml,32c7d2cf9bdcd6da3aab70a7f8dc07079fd8ca28faf42c4cb569fe306fa988d9,Celsus,De Medicina,book=8/chapter=1,musculis,1,"Superest ea pars, quae ad ossa pertinet: quae quo facilius accipi possit, prius positus figurasque eorum indicabo. Igitur calvaria incipit ex interiore parte concava, extrinsecus gibba, utrimque laevis, et qua cerebri membranam contegit, et qua cute, capillum gignente, contegitur: eaque simplex ab occipitio et temporibus; duplex usque in verticem a fronte est: ossaque ejus ab exterioribus partibus dura ab interioribus, quibus inter se connectuntur, molliora sunt: interque ea venae discurrunt, quas his alimentum subministrare, credibile est. Raro autem calvaria solida sine suturis est: locis tamen aestuosis facilius invenitur; et id caput firmissimum, atque a dolore tutissimum est. Ex ceteris, quo suturae pauciores sunt, eo capitis valetudo commodior est. Neque enim certus earum numerus est, sicut ne locus quidem. Fere tamen duae super aures tempora a superiore capitis parte discernunts. squamosa: tertia ad aures per verticem tendens, occipitium a summo capite diducits. lambdoides: quarta ab eodem vertice per medium caput ad frontem procedits. biparietalis; eaque modo sub imo capillo desinit, modo frontem ipsam secanss.frontalis inter supercilia finitur. Ex his ceterae quidem suturae in unguem committuntur: eae vero, quae super aures transversae sunt, totis oris paulatim extenuantur; atque ita inferiora ossa superioribus leniter insidunt. Crassissimum vero in capite os post aurem est, qua capillus, ut verisimile est, ob id ipsum non gignitur. Sub iis quoque musculis, qui tempora connectunt, os mediumcf. Gal. De ossibus, et Oribas. Coll. med. XXIV, 3, in exteriorem partem inclinatum, positum esto. cuneiforme. At facies suturam habet maximam; quae a tempore incipiens, per medios oculos naresque transversa pervenit ad alterum tempus. A qua breves duae sub interioribus angulis deorsum spectant. Et malae quoque in summa parte singulas transversas suturas habent. A mediisque naribus, aut superiorum dentium gingivis per medium palatum una procedit; aliaque transversa idem palatum secat. Et suturae quidem in plurimis hae sunt. Foramina autem intra caput maxima oculorum sunt; deinde narium; tum quae in auribus habemus. Ex his quae oculorum sunt, recta simpliciaque ad cerebrum tendunt. Narium duo foramina osse medio discernuntur: siquidem hae primum a superciliis, angulisque oculorum osse inchoantur ad tertiam fere partem: deinde in cartilaginem versae, quo propius ori descendunt, eo magis caruncula quoque molliuntur. Sed ea foramina, quae a summis ad imas nares simplicia sunt, ibi rursus in bina itinera dividuntur: aliaque ex his ad fauces pervia, spiritum et reddunt et accipiunt; alia, ad cerebrum tendentia, ultima parte in multa et tenuia foramina dissipantur, per quae sensus odoris nobis datur. In aure quoque primo rectum et simplex iter, procedendo flexuosum, juxta cerebrum in multa et tenuia foramina diducitur, per quae facultas audiendi est. Juxtaque ea duo parvuli quasi sinus sunt; superque eos finitur os, quod transversum a genis tendens, ab inferioribus ossibus sustinetur. Jugale appellari potest ab eadem similitudine, a qua id Graeci ζύγωμα appellant. Maxilla vero est molle os, eaque una est: cujus eadem et media, et ima pars mentum est: a quo utrimque procedit ad tempora; solaque ea movetur. Nam malae cum toto osse, quod superiores dentes exigit, immobiles sunt. Verum ipsius maxillae partes extremae quasi bicornes sunt. Alter processus, infra latior, vertice ipso tenuatur, longiusque procedens sub osse jugali subit, et super id temporum mussulismusculis illigatur. Alter brevior et rotundior, et in eo sinu, qui juxta foramina auris est, cardinis modo fit; ibique huc et illuc se inclinans maxillae facultatem motus praestat. Duriores osse dentes sunt: quorum pars maxillae, pars superiori ossi malarum haeret. Ex his quaterni primi, quia secant, τομεῖσ a Graecis nominantur. Hi deinde quatuor caninis dentibus ex omni parte cinguntur. Ultra quos utrimque fere maxillares quini sunt, praeterquam in iis, in quibus ultimi, qui sero gigni solent, non increverunt. Ex his primores singulis radicibus; maxillares utique binis, quidam etiam oternisternis, quaternisve nituntur. Fereque longior radix breviorem dentem edit; rectique dentis recta etiam radix, curvi flexa est. Exque eadem radice in pueris novus dens subit, qui multo saepius priorem expellit: interdum tamen supra infrave eum se ostendit."
musculus,phi0836/phi002,data/phi0836/phi002/phi0836.phi002.perseus-lat5.xml,32c7d2cf9bdcd6da3aab70a7f8dc07079fd8ca28faf42c4cb569fe306fa988d9,Celsus,De Medicina,book=8/chapter=1,musculis,1,"Caput autem spina excipit. Ea constat ex vertebris quatuor et viginti. Septem in cervice sunt, duodecim ad costas, reliquae quinque sunt proximae costis. Eae teretes brevesque ab utroque latere processus duos exigunt: mediae perforatae, qua spinae medulla cerebro commissa descendit: circa quoque per duos processus tenuibus cavis perviae, per quae a membrana cerebri similes membranulae deducuntur. Omnesque vertebrae, exceptis tribus summis, a superiore parte in ipsis processibus paulum desidentes sinus habent: ab inferiore alios deorsum versus processus exiguntLocus hic maxime vexatus, mihi videtur integerrimus si ad simias specto.). Summa igitur protinus caput sustinet, per duos sinus receptis exiguis ejus processibus; quo fit, ut caput sursum deorsum versum tuberibus exasperetur; secunda superiori parti inferiori. Quod ad circuitum pertinet, pars summa angustiore orbe finitur: ita superior ei summae circumdata in later quoque caput moveri sinit. Tertia eodem modo secundam excipit: ex quo facilis cervici mobilitas est. Ac ne sustineri quidem caput posset, nisi utrimque recti valentesque nervi collum continerent, quos τένοντασ Graeci appellant: siquidem horum inter omnes flexus alter semper intentus ultra prolabi superiora non patitur. Jamque vertebra tertia tubercula, quae inferiori inserantur, exigit. Ceterae processibus deorsum spectantibus in inferiores insinuantur, ac per sinus quos utrimque habent, superiores accipiunt; multisque nervis et multa cartilagine continentur. Ac sic uno flexu modico in pronum dato, ceteris negatis, homo et rectus insistit, et aliquid ad necessaria opera curvatur. Infra cervicem vero summa costa contra humerum sita est. Inde sex inferiores usque ad imum pectus proveniunt: eaeque, primis partibus rotundae, et leniter quasi capitulatae, vertebrarum transversis processibus ibi quoque paulum sinuatis, inhaerent: inde latescunt, et in exteriorem partem recurvatae paulatim in cartilaginem degenerant; eaque parte rursus in interiora leniter flexae committuntur cum osse pectoris. Quod valens et durum a faucibus incipit, ab utroque latere lunatum, et a praecordiis, jam ipsum quoque cartilagine mollitum, terminatur. Sub costis vero prioribus quinque, quas νόθασ Graeci nominant, breves tenuioresque, atque ipsae quoque paulatim in cartilaginem versae, extremis abdominis partibus inhaerescunt; imaque ex his, majore jam parte nihil, nisi cartilago est. Rursus a cervice duo lata ossa utrimque ad scapulas tendunt: nostri scutula operta, ὠμοπλάτασ Graeci nominant. Ea in summis verticibus sinuata, ab his triangula, paulatimque latescentia ad spinam tendunt; et quo latiora quaque parte sunt, hoc hebetiora. Atque ipsa quoque, in imo cartilaginosa, posteriore parte velut innatant; quoniam, nisi in summo nulli ossi inhaerescunt. Ibi vero validis musculis nervisque constricta sunt. At a summa costa paulo interius, quam ubi ea media est, os excrescitacromion spinaque scapulae, ibi quidem tenue, procedens vero, quo propius lato scapularum ossi fit, eo plenius latiusque et paulum in exteriora curvatum, quod altera verticis parte modice intumescens, sustinet jugulum. Id autem ipsum recurvum, ac neque inter durissima ossa numerandum, altero capite in eo, quod posui, altero in exiguo sinu pectoralis ossis insidit, paulumque motu brachii movetur, et cum lato osse scapularum infra caput ejus nervis et cartilagine connectitur."
musculus,phi0836/phi002,data/phi0836/phi002/phi0836.phi002.perseus-lat5.xml,32c7d2cf9bdcd6da3aab70a7f8dc07079fd8ca28faf42c4cb569fe306fa988d9,Celsus,De Medicina,book=8/chapter=10,musculi|musculique,2,"Similes rursus ex magna parte casus curationesque sunt humeri et femoris: communia etiam quaedam humeris, brachiis, feminibus, cruribus, digitis. Siquidem ea minime periculose media franguntur: quo propior fractura capiti vel superiori vel inferiori est, eo pejor est: nam et majores dolores adfert, et difficilius curatur. Ea maxime tolerabilis est simplex, transversa: pejor ubi obliqua, atque ubi multa fragmenta: pessima, ubi eadem acuta sunt. Nonnumquam autem fracta in his ossa in suis sedibus remanent: multo saepius excidunt, aliudque super aliud effertur: idque ante omnia considerari debet; et sunt notae certae. Si suis sedibus sunt, mota resonant, punctionisque sensum repraesentant; tactu inaequalia sunt. Si vero non adversa, sed obliqua junguntur, quod fit ubi loco suo non sunt, membrum id altero brevius est, et musculi ejus tument. Ergo, si hoc deprehensum est, protinus id membrum oportet extendere: nam nervi musculique, intenti per ossa, contrahuntur; neque in suun cum veniunt, nisi illos per vim aliquis intendit. Rursus, si primis diebus id omissum est, inflammatio oritur; sub qua et difficile et periculose vis nervis adhibetur: nam distentio nervorum, vel cancer sequitur; vel certe, ut mitissime agatur, pus. Itaque, si ante reposita ossa non sunt, postea reponenda sunt. Intendere autem digitum, vel aliud quoque membrum, si adhuc tenerum est, etiam unus homo potest; quum alteram partem dextra, alteram sinistra prehendit. Valentius membrum duobus eget, qui in diversa contendant. Si firmiores nervi sunt, ut in viris robustis, maximeque eorum feminibus et cruribus, habenis quoque, vel linteis fasciis utrimque capita articulorum deliganda, et per plures in diversa ducenda sunt. Ubi paulo longius quam naturaliter esse debet, membrum vis fecit, tum demum ossa manibus in suam sedem compellenda sunt: indiciumque ossis repositi est dolor sublatus, et membrum alteri aequatum. Involvendum duplicibus triplicibusve pannis in vino et oleo tinctis; quos linteos esse, commodius est. Fere vero fasciis sex opus est: prima brevissima, quae circa fracturam ter voluta sursum versum feratur, et quasi in cochleam serpat; satisque est eam ter hoc quoque modo circuireHipp. De fract. § 4: altera dimidio longiore; eaque, si qua parte os eminet, ab ea; si totum aequale est, undelibet super fracturam debet incipere, priori adversa, deorsumque tendere; atque iterum ad fracturam reversa, in superiore parte ultra priorem fasciam desinere. Super has injiciendum latiore linteo ceratum est, quod eas contineat. Ac, si qua parte os eminet, triplex ea pannus objiciendus, eodem vino et oleo madens. Haec tertia fascia comprehendenda sunt, quartaque sic, ut semper insequens priori adversa sit, et tertia tantum in inferiore parte, tres in superiore finiantur: quia satius est saepius circuire, quam adstringi: siquidem id, quod adstrictum est, alienatur, et cancro opportunum est. Articulum autem quam minime vincire opus est: sed, si juxta hunc os fractum est, necesse est. Deligatum vero membrum in diem tertium continendum est: eaque vinctura talis esse debet, ut primo die nihil offenderit, non tamen laxa visa sit; secundo laxior; tertio jam paene resoluta. Ergo tum rursum id membrum deligandum, adjiciendaque prioribus quinta fascia est: iterumque quinto die resolvendum est, et sex fasciis involvendum sic, ut tertia et quinta infra, ceterae supra finiantur. Quotiescumque autem solvitur membrum, calida aqua fovendum est. Sed, si juxta articulum fractura est, diu instillandum vinum est, exigua parte olei adjecta; eademque omnia facienda, donec adeo inflammatio solvatur, et tenuius quoque, quam ex consuetudine, id membrum fiat: quod si septimus dies non dedit, certe nonus exhibet: tum facillime ossa tractantur. Rursus ergo, si parum commissa sunt, committi debent: si qua fragmenta eminent, in suas sedes reponenda sunt: deinde eodem modo membrum deligandum, ferulaeque super accommodandae sunt, quae fissae circumpositaeque ossa in sua sede contineant: et in quam partem fractura inclinat, ab ea latior valentiorque ferula imponenda est. Easque omnes circa articulum esse oportet resimas, ne hunc laedant; Nec ultra adstringi, quam ut ossa contineant: et quum spatio laxentur, tertio quoque die paulum habenis suis coarctaricoartari: ac, si nulla prurigo, nullus dolor est, sic manere, donedonec duae partes ejus temporis, quo quodque os confervet, compleantur: postea levius aqua calida fovere, quia primo digeri materiam opus est, tum evocari. Ergo cerato quoque liquido id leniter est ungendum, perfricandaque summa cutis est; laxiusque id deligandum, et tertio quoque die solvendum sic, ut, remota calida aqua, cetera eadem fiant; tantummodo singulae fasciae, quoties resolutae fuerint, subtrahantur."
musculus,phi0836/phi002,data/phi0836/phi002/phi0836.phi002.perseus-lat5.xml,32c7d2cf9bdcd6da3aab70a7f8dc07079fd8ca28faf42c4cb569fe306fa988d9,Celsus,De Medicina,book=8/chapter=10,musculi|musculus|musculive,3,"His proprie ad singula membra pertinentibus, rursus illa communia sunt: primis diebus fames; deinde turntum, quum jam increscere callum oportet, liberalius alimentum; longa a vino abstinentia; fomentum aquae calidae, dum inflammatio est, liberale; quum ea desiit, modicum: tum etiam longior ulterioribus e liquido cerato membris, et mollis tamen unctio. Neque protinus exercendum id membrum, sed paulatim ad antiquos usus reducendum est. Gravius aliquanto est, quum ossis fracturae carnis quoque vulnus accessit; maximeque si id musculi femoris aut humeri senserunt: nam ct inflammationes multo graviores, et promtiorespromptiores cancros habent. Ac femur quidem, si ossa inter se recesserunt, fere praecidi necesse est. Humerus quoque in periculum venit; sed facilius conservatur. Quibus periculis etiam magis id expositum, quod juxta ipsos articulos ictum est. Curiosius igitur agendum est; et musculus quidem per mediam plagam transversus praecidendus: sanguis vero, si parum fluxit, mittendus: corpus inedia extenuandum. Ac reliqua quidem membra lentius intendenda, et lenius in iis ossa in suam sedem reponenda sunt: in his vero neque intendi nervos, neque ossa tractari, satis expedit: ipsique homini permittendum est, ut sic ea collocata habeat, quemadmodum minime laedunt. Omnibus autem his vulneribus imponendum primo linamentum est, vino madens, cui rosae paulum admodum adjectum sit. Deligandaque fasciis sunt aliquanto laxioribus quam si ea plaga non essetcf. V, 26, 24; quanto facilius et alienari et occupari cancro vulnus potest: numero potius fasciarum id agendum est, ut laxae quoque aeque contineant. Quod in femore humeroque sic fiet, si ossa forte recte concurrerint: sin aliter se habebunt, eatenus circumdari fascia debebit, ut impositum medicamentum contineat. Cetera eadem, quae supra scripsi, facienda sunt: praeterquam quod neque ferulis, neque canalibus, inter quae vulnus sanescere non potest, sed pluribus tantummodo et laxioribus fasciis opus est: ingerendumque subinde in eas est calidum oleum, et vinum; magisque in primo fame utendum; vulnus calida aqua fovendum; frigusque omni ratione vitandum; et transeundum ad medicamenta, quae puri movendo sunt: majorque vulneri, quam ossi cura adhibenda. Ergo quotidie solvendum nutriendumque est. Inter quae si quod parvulum fragmentum ossis eminet, id, si retusum est, in suam sedem dandum: si acutum, ante acumen ejus; si longius est, praecidendum; si brevius, limandum, et utrumque scalpro laevandum: tum ipsum recondendum est: ac, si id manus facere non potest, vulsella, quali fabri utuntur, injicienda est recte se habenti capiti ab ea parte, qua sima est; ut ea parte qua gibba est, eminens os in suam sedem compellat. Si id majus est, membranulisque cingitur, sinere oportet eas sub medicamentis resolvi, idque os, ubi jam nudatum est, abscindere; quod maturius scilicet faciendum est: potestque ea ratione et os coire, et vulnus sanescere: illud suo tempore; hoc, prout se habet. Nonnumquam etiam in magno vulnere evenit, ut fragmenta quaedam velut emoriantur, neque turcum ceteris coeant: quod hic quoque ex modo fluentis humoris colligitur. Quo magis necessarium est, saepius vulnus resolvere, atque nutrire. Sequitur vero, ut id os per se post aliquot dies excidat. Quum tam misera antea conditio vulneris sit, tamen id interdum manus diutiusque facit; saepe enim integra cute os abrumpitur, protinusque prurigo et dolor oritur. Quod solvere, si accidit, maturius oportet, et fovere aqua; per aestatem, frigida; per hiemem, egelida: deinde ceratum murteum imponere. Interdum fractura quibusdam velut aculeis carnem vexat. Quo a prurigine et punctionibus cognito, aperire id medicus, eosque aculeos praecidere necesse habet. Reliqua vero curatio in utroque hoc casu eadem est, quae ubi plagam ictus protinus intulit. Puro jam ulcere, cibis hic quoque utendum est carnem producentibus. Si brevius adhuc membrum est, et ossa loco suo non sunt, paxillus tenuis quam laevissimi generis inter ea demitti debet sic, ut capite paulum supra ulcus emineat; isque quotidie plenior adigendus est, done par id membrum alteri fiat. Tum paxillus removendus; vulnus sanandum est; cicatrix inducta fovenda frigida aqua est, in qua myrtus, hedera, aliaeve similes verbenae decoctae sint, illinendumque medicamentum est, quod siccet: et magis etiam hic quiescendum, donec id membrum confirmetur. Si quando vero ossa non conferbueruntconferuverunt, quia saepe soluta, saepe mota sunt, oin aperto deinde curatio est: possunt enim coire. Si vetustas occupavit, membrum extendendum est; ossa inter se manu dividenda, ut concurrendo exasperentur, et si, quid pingue est, eradatur, totumque id quasi recens fiat: magna tamen cura habita, ne nervi musculive laedantur. Tum vino fovendum est, in quo malicorium decoctum sit; imponendumque id ipsum ovi albo mixtum: tertio die resolvendum, fovendumque aqua in qua verbenae, de quibus supra dixi1. 6, decoetaedecoctae sint: quinto die idem faciendum, ferulaeque circumdandae: cetera, et ante, et post, eadem facienda, quae supra scripsi. Solent tamen interdum transversa inter se ossa confervere: eoque et brevius membrum, et indecorum fit; et, si capita acutiora sunt, assiduae punctiones sentiuntur. Ob quam causam frangi rursus ossa et dirigi debent. Id hoc >modo fit. Calida aqua multa membrum id fovetur, et ex cerato liquido perfricatur, intenditurque; inter haec medicus pertractans ossa, ut adhuc tenero callo, manibus ea diducit, compellitque id quod eminet in suam sedem: et, si parum valuit, ab ea parte, in quam os se inclinat, involutam lana regulam objicit; atque ita deligando, assuescere iterum vetustae sedi cogit. Nonnumquam autem recte quidem ossa coierunt, superincrevit vero nimius callus; ideoque locus is intumuit. Quod ubi incidit, diu leniterque id membrum perfricandum est ex oleo et sale et nitro; multaque aqua calida salsa fovendum; et imponendum malagma, quod digerat; adstrictiusque alligandum; oleribusqueholeribusque, et praeterea vomitu utendum: per quae cum carne callus quoque extenuatur. Confertque aliquid sinapi cum ficu in alterum membrum impositum, done id paulum erodat, eoque evocet materiam. Ubi is tumor extenuatus est, rursus ad ordinem vitae revertendum est."
musculus,phi0836/phi002,data/phi0836/phi002/phi0836.phi002.perseus-lat5.xml,32c7d2cf9bdcd6da3aab70a7f8dc07079fd8ca28faf42c4cb569fe306fa988d9,Celsus,De Medicina,book=8/chapter=11,musculis,1,"Ac de fractis quidem ossibus hactenus dictum sit. Moventur autem ea sedibus suis duobus modis; nam modo,quae juncta sunt inter se dehiscunt; ut quum latum scapularum os ab humero recedit; et in brachio radius a cubito; et in crure tibia a sura; et interdum a saltu calcis os a talo, quod raro tamen fit; modo articuli suis sedibus excidunt. Ante de prioribus dicam. Quorum ubi aliquid incidit, protinus is locus cavus est, depressusque digitus sinum invenit: deinde gravis inflammatio oritur; atque in talis praecipue: siquidem febres quoque, et cancros, et nervorum vel distentiones, vel rigores, qui caput scapulis annectunt, movere consuevit. Quorum vitandorum causa facienda eadem sunt, quae in ossibus mobilibus laesis proposita sunt; ut dolor tumorque per ea tollantur. Nam diducta ossa numquam rursus inter se junguntur; et, ut aliquid decoris eo loco, sic nihil usus amittitur. Maxilla vero, et vertebra, omnesque articuli, quum validis nervis comprehendantur, excidunt aut vi expulsi, aut aliquo casu nervis vel ruptis, vel infirmatis; faciliusque in pueris et adolescentulis, quam in robustioribus. Hique elabuntur in priorem et in posteriorem, in interiorem et in exteriorem partem; quidam omnibus modis, quidam certis: suntque quaedam communia omnium signa, quaedam propria cujusque. Siquidem semper ea parte tumor est, in quam os prorumpit; ea sinus, a qua recessit. Et haec quidem in omnibus deprehenduntur: alia vero in singulis; quae simul atque de quoque dicam, proponenda erunt. Sed ut excidere omnes articuli possunt, sic non omnes reponuntur. Caput enim numquam compellitur, neque in spina vertebra, neque ea maxilla, quae, utraque parte prolapsa, antequam reponeretur, inflammationem movit. Rursum, qui nervorum vitio prolapsi sunt, compulsi quoque in suas sedes iterum excidunt. Ac quibus in pueritia exciderunt, neque repositi sunt, minus quam ceteri crescunt. Omniumque, quae loco suo non sunt, caro emacrescit, magisque in proximo membro, quam in ulteriore: ut, puta, si humerus loco suo non est, major in eo ipso fit, quam in brachio; major in hoc, quam in manu, macies. Tum pro sedibus, et pro casibus, qui inciderunt, aut major aut minor usus ejus membri relinquitur: quoque in eo plus usus superest, eo minus id extenuatur. Quidquid autem loco suo motum est, ante inflammationem reponendum est. Si illa occupavit, dum conquiescat, non lacessendum est: ubi finita est, tentandum est in iis membris, quae id patiuntur. Multum autem eo confert et corporis et nervorum habitus; nam, si corpus tenue, si humidum est, si nervi infirmi, expeditius os reponitur: sed et primo facilius excidit, et postea minus fideliter continetur. Quae contraria his sunt, melius continent: sed id, quod expulsum est, difficulter admittunt. Oportet autem ipsam inflammationem levare, super succida lana ex aceto imposita: a cibo, si valentioris articuli casus est, triduo: interdum etiam quinque diebus abstinere: bibere aquam calidam, dum sitim finiat: curiosiusque haec facere, iis ossibus motis, quae validis plenisque musculis continentur: si vero etiam febris accessit, multo magis; deinde ex die quinto fovere aqua calida, remotaque lana, ceratum imponere ex cyprino factum, nitro quoque adjecto, donedonec omnis inflammatio finiatur; tunetunc frictionem ei membro adhibere; cibis uti bonis; vino modice: jamque ad usus quoque suos id membrum promovere; quia motus, ut in dolore pestifer, sic alias saluberrimus corpori est. Haec communia sunt; nunc de singulis dicam."
musculus,phi0836/phi002,data/phi0836/phi002/phi0836.phi002.perseus-lat5.xml,32c7d2cf9bdcd6da3aab70a7f8dc07079fd8ca28faf42c4cb569fe306fa988d9,Celsus,De Medicina,book=8/chapter=12,musculi,1,"Maxilla in priorem partem propellitur; sed modo altera parte, modo utraque. Si altera, in contrariam partem ipsa mentumque inclinatur: dentes paribus non respondent; sed sub iis, qui secant, canini suntcf. Hipp. De artic. § 30. At si utraque, totum mentum in exteriorem partem promovetur;inferioresque dentes longius quam superiores excedunt; intentique super musculi apparent. Primo quoque tempore homo in sedili collocandus est sic, ut minister a posteriore parte caput ejus contineat, vel sic, ut juxta parietem is sedeat, subjecto inter parietem et caput ejus scorteo pulvino duro; eoque caput per ministrum urgeatur, quo sit immobilius: tum digiti pollices linteolis vel fasciis, ne delabantur, involuti in os ejus conjiciendi, ceteri extrinsecus admovendi sunt. Ubi vehementer maxilla apprehensa est, si una parte procidit, concutiendum mentum, et ad guttur adducendum to est: tum simul et caput apprehendendum, et, excitato mento, maxilla in suam sedem compellenda, et os ejus comprimendum est sic, ut omnia paene uno momento fiant. Sin utraque parte prolapsa est, eadem omnia facienda; sed aequaliter retro maxilla agenda est. Reposito osse, si cum dolore. oculorum et cervicis iste casus incidit, ex brachio sanguis mittendus est. Quum omnibus vero, quorum ossa mota sunt, primo liquidior cibus conveniat, tum his praecipue: adeo ut sermo quoque frequens, motu oris per nervos, laedat."
musculus,phi0836/phi002,data/phi0836/phi002/phi0836.phi002.perseus-lat5.xml,32c7d2cf9bdcd6da3aab70a7f8dc07079fd8ca28faf42c4cb569fe306fa988d9,Celsus,De Medicina,book=8/chapter=20,musculique|musculos,2,"Quum de his dixerim, de iis quoque, quae in cruribus sunt, videri possum dixisse: siquidem etiam in hoc casu quaedam similitudo est femori et humero, tibiae et cubito, pedi et manui. Quaedam tamen separatim quoque de his dicenda sunt. Femur in omnes quatuor partes promovetur: saepissime in interiorem; deinde in exteriorem; raro admodum in priorem, aut posteriorem. Si in interiorem partem prolapsum est, crus longius altero, et vatium est: extra enim pes ultimus spectat; si in exteriorem, brevius, varumque fit, pes intus inclinatur; calx in gressu terrain non contingit, sed planta ima; meliusque id crus superius corpus, quam in priore casu, fert, minusque baculo eget; si in priorem, crus extensum est, complicarique non potest; alteri cruri ad calcem par est, sed ima planta minus in priorem partem inclinatur: dolorque in hoc casu praecipuus est, et maxime urina supprimitur. Ubi cum dolore inflammatio quievit, commode ingrediuntur, rectusque eorum pes est. Si in posteriorem, extendi non potest crus, breviusque est; ubi consistit, calx hic quoque terram non contingit. Magnum autem femori periculum est, ne vel difficulter reponatur, vel repositum rursus excidat. Quidam semper iterum excidere contendunt: sed HippocratesDe artic. § 70; Gal. Comm. in h. loc. T. XVIIIa p. 731, et Diocles, et Philotimus, et Nileus, et Heraclides Tarentinus, clari admodum auctores, ex toto se restituisse memoriae prodiderunt. Neque tot genera machinamentorum quoque, ad extendendum in hoc casu femur, Hippocrates, Andreas, Nileus, Nymphodorus, Pro tarchus, Heraclides, aliique quidam reperissent, si id frustra esset. Sed ut haec falsa opinio est, sic illud verum est: quum ibi valentissimi nervi musculique sint, si suum robur habent, vix admittere; si non habent, postea non continere. Tentandum igitur est, et, si tenerum membrum est, satis est habena altera ab inguine, altera a genu intendi: si validius, melius adducent, qui easdem habenas ad valida bacula deligarint; quumque eorum fustium imas partes oppositae morae objecerint, superiores ad se utraque manu traxerint. Etiamnum valentius intenditur membrum super scamnum, cui ab utraque parte axes sunt, ad quos habenae illae deligantur: qui, ut in torcularibus, conversi, rumpere quoque, siosi quis perseveraverit, non solum extendere nervos et musculos possunt. Collocandus autem homo super id scamnumCf. Hipp. ed. Litté; T. IV, p. 40, 297 –301, 305,311.) est aut pronus, aut supinus, aut in latus sic, ut semper ea pars superior sit, in quam os prolapsum est; ea inferior, a qua recessit. Nervis extentis, si in priorem partem os venit, rotundum aliquid super inguen ponendum; subitoque super id genu adducendum est eodem modo, eademque de causa, qua idem in brachio fit; protinusque, si complicari femur potest, intus est. In ceteris vero casibus, ubi ossa per vim paulum inter se recesserunt, medicus debet id, quod eminet, retro cogere; minister contra inde coxam propellere. Reposito osse, nihil aliud novi curatio requirit, quam ut diutius is in lecto detineatur; ne, si motum adhuc nervis laxioribus femur fuerit, rursus erumpat."
musculus,phi0836/phi002,data/phi0836/phi002/phi0836.phi002.perseus-lat5.xml,32c7d2cf9bdcd6da3aab70a7f8dc07079fd8ca28faf42c4cb569fe306fa988d9,Celsus,De Medicina,book=8/chapter=25,musculis,1,"Haec facienda sunt in iis casibus, ubi sine vulnere ossa excideruntIn libris antiquis deest altera periodi pars, quae huic opponebatur. Lindenius ita supplet: saepe tamen cum vulnere loco moventur. Forte melius: nonnumquam cum vulnere loco moventur. Id enim non saepe, sed raro fit.) .... Hic quoque et ingens periculum est, et eo gravius, quo majus membrum est, quove validioribus nervis aut musculis continetur. Ideoque in humeris, femoribusque metus mortis est: ac, si reposita ossa sunt, spes nulla est; non repositis tamen, nonnullum periculum est: eoque major in utroque timor est, quo propius vulnus articulo est. Hippocrates nihil tuto reponi posse, praeter digitos, et plantas, et manus, dixitDe artic. § 67– cf. § 63–66: atque in his quoque diligenter esse agendum, ne praecipitarent. Quidam brachia quoque et crura reposuerunt; et, ne cancri, distentionesque nervorum orirentur, sub quibus in ejusmodi casu fieret mors matura, sanguinem ex brachio miserunt. Verum ne digitus quidem; in quo minimum, ut malum, sic etiam periculum est: reponi debet aut ante inflammationem, aut postea, quum jam vetus res est. Si quoque reposito osse nervi distenduntur, rursus id protinus expellendum est. Omne autem membrum, quod cum vulnere loco motum, neque repositum est, sic jacere convenit, ut maxime cubantem juvat; tantum ne moveatur, neve dependeat. In omnique tali morbo magnum ex longa fame praesidium est: deinde ex curatione eadem, quae proposita est ubi ossibus fractis vulnus accessit. Si nudum os eminet, impedimento semper futurum est: ideo, quod excedit, abscindendum est; imponendaque super arida linamenta sunt, et medicamenta non pinguia; donec, quae sola esse in ejusmodi re sanitas potest, veniat. Nan et debilitas sequitur, et tenuis cicatrix inducitur; quae necesse est facile noxae postea pateat."
musculus,phi0836/phi002,data/phi0836/phi002/phi0836.phi002.perseus-lat5.xml,32c7d2cf9bdcd6da3aab70a7f8dc07079fd8ca28faf42c4cb569fe306fa988d9,Celsus,De Medicina,book=8/chapter=4,musculos,1,"Quacumque autem de causa curatio haec necessaria est, si nondum satis cutis patefacta est, latius aperienda est, donec, quidquid laesum est, in conspectu sit. In quo ipso videndum est, ne quid ex ipsa membranula, quae sub cute calvariam cingit, super os relinquatur: siquidem haec scalpro terebrisve lacerata vehementes febres cum inflammationibus excitat. Itaque eam commodius est ex toto ab osse diduci. Plagam, si ex vulnere est, talem necesse est habeamus, qualem acceperimus: si manu facienda est, ea fere commodissima est, quae duabus transversis lineis litterae X figuram accipit: tum deinde a singulis procedentibus lingulis cutis subsecatur. Inter quae, si sanguis fertur, spongia subinde in aceto tincta cohibendus est, occupandusque objectis linamentis, et caput altius excitandum. Neque id ullum metum, nisi inter musculos, qui tempora continent, affert: sed ibi quoque nihil tutius fitIb., § 13, fine. In omni vero fisso fractove osse protinus antiquiores medici ad ferramenta veniebant, quibus id exciderent. Sed multo melius est ante emplastra experiri, quae calvariae causa componuntur: eorumque aliquod oportet ex aceto mollitum per se super fissum fractumve os imponere: deinde super id aliquanto latius, quam vulnus est, eodem medicamento illitum linteolum, et praeterea succidam lanam aceto tinctam: tum vulnus deligare, et quotidie resolvere; similiterque curare usque ad diem quintum. A sexto die etiam vapore aquae calidae per spongiam fovere: ceteraque eadem facere. Quod si caruncula increscere coeperit, et febricula aut soluta erit, aut levior, et cupiditas cibi reverterit, satisque somni accedet, in eodem medicamento erit perseverandum. Procedente deinde tempore emolliendum id emplastrum, adjecto cerato ex rosa facto; quo facilius carnem producat: nam per se reprimendi vim habet. Hac ratione saepe rimae callo quodam implentur; estque ea ossis velut cicatrix: et latius fracta ossa, si qua inter se non cohaerebunt, eodem callo glutinantur; estque id aliquanto melius velamentum cerebro, quam caro, quae exciso osse increscit. Si vero sub prima curatione febris intenditur, brevesque somni, et iidem per somnia tumultuosi sunt, ulcus madet, neque alitur, et in cervicibus glandulae oriuntur, magni dolores sunt, cibique super haec fastidium increscit; tum demum ad manum scalprumque veniendum est."
musculus,phi0836/phi002,data/phi0836/phi002/phi0836.phi002.perseus-lat5.xml,32c7d2cf9bdcd6da3aab70a7f8dc07079fd8ca28faf42c4cb569fe306fa988d9,Celsus,De Medicina,book=8/chapter=7,musculum,1,"Ab his ad maxillam venturus, indicanda quaedam puto communiter ad omnia ossa pertinentia, ne saepius eadem dicenda sint. Omne igitur os modo rectum, ut lignum in longitudinem finditur; modo frangitur transversum; interdum obliquum; atque id ipsum nonnumquam retusa habet capita, nonnumquam acuta; quod genus pessimum est; quia neque facile committuntur, quae nulli retuso innituntur, et carnem vulnerant, interdum nervum quoque, aut musculum. Quin etiam aliquando plura fragmenta fiunt. Sed in aliis quidem ossibus ex toto saepe fragmentum a fragmento recedit: maxillae vero semper aliqua parte, etiam vexata ossa inter se cohaerent. Igitur inprimis digitis duobus utrimque prementibus, et ab ore et ab cute, omnia ossa in suam sedem compellenda sunt. Deinde, si maxilla transversa fracta est; sub quo casu fere dens super proximum dentem excedit; ubi ea in suam sedem collocata est, duo proximi dentes, aut, si hi labant, ulteriores inter se seta deligandi sunt. Id in alio genere fracturae supervacuum est: cetera eadem facienda suntcf. Hipp. De artic. § 32. Nam linteolum duplex, madens vino et oleo, superinjiciendum cum eadem simila et eadem turis fuligine est (vid. cap. 5); deinde aut fascia, aut mollis habena, media in longitudinem incisa, ut utrimque mentum complectatur, et inde capita ejus super caput adducta ibi deligentur. Illud quoque ad omnia ossa pertinens dictum erit; famem primum esse necessariam: deinde a die tertio humidum cibum: sublata inflammatione, paulo pleniorem, eumque, qui carnem alat: vinum per omne tempus esse alienurnalienum; deinde tertio die resolvi debere; foveri per spongiam vapore aquae calidae; eademque, quae primo fuerunt, superdari: idem die quinto fieri, et donec inflammatio finiatur; quae vel nono die, vel septimo fere solviturIb. § 33; ea sublata, rursus ossa esse tractanda, ut, si quod fragmentum loco suo non est, reponatur: neque id esse solvendum, nisi duae partes ejus temporis, intra quod quaeque ossa confervent transierint. Fere vero inter quartum decimum et unum et vicesimum diem sanescunt maxilla, malae, jugulum, pectus, latum os scapularum, costae, spina, coxarum os, tali, calx, manus, planta: inter vicesimum et tricesimum crura, brachiaquecf. 8, § 2: inter septimum et vicesimum et quadragesimum humeri et femina. Sed de maxilla illud quoque adjiciendum est, quod humidus cibus diu assumendus est: atque etiam, quum tempus processit, in lagano similibusque aliis perseverandum est, donec ex toto maxillam callus firmarit. Itemque, utique primis diebus, habendum silentium."
musculus,phi0836/phi002,data/phi0836/phi002/phi0836.phi002.perseus-lat6.xml,21a1ff14de9dfbc1f2f33295e6a05147aeedf725c102c916f4280ff7f8e003a0,Celsus,De Medicina,book=2/chapter=29,musculi,1,"At aluum mouent panis fermentatus, magisque si cibarius uel hordiacius est, brassica, si subcruda est, lactuca, anetum, nasturcium, ocimum, urtica, portulaca, radicula, capparis, alium, cepa, malua, lapatium, beta, asparagus, cucurbita, cerasia, mora, uua ex olla, omnia mitia, ficus etiam arida, sed magis uiridis, uuae recentes; pingues minutae aues, cocleae, garum, salsamentum, ostrea, pelorides, echini, musculi, et omnes fere conchulae, maximeque ius earum, saxatiles et omnes teneri pisces, sepiarum atramentum; si qua caro adsumitur, pinguis, eadem uel iurulenta uel elixa, aues quae natant, mel crudum, lac, lactentia omnia, mulsum, uinum dulce uel salsum, aqua tenera; omnia dulcia, tepida, pinguia, elixa, iurulenta, salsa uel diluta."
musculus,phi0836/phi002,data/phi0836/phi002/phi0836.phi002.perseus-lat6.xml,21a1ff14de9dfbc1f2f33295e6a05147aeedf725c102c916f4280ff7f8e003a0,Celsus,De Medicina,book=3/chapter=6,musculorumue,1,"Nam si adstrictum est, ducenda aluus est, mouenda urina, eliciendus omni modo sudor. In hoc genere morborum emisisse sanguinem, concussisse uehementibus gestationibus corpus, in lumine habuisse, imperasse famem, sitim, uigiliam prodest. Vtile est etiam ducere in balneum, prius demittere in solium, tum ungere, iterum ad solium redire multaque aqua fouere inguina; interdum etiam oleum in solio cum aqua calida miscere; uti cibo serius et rarius, tenui, simplici, molli, calido, exiguo, maximeque holeribus, qualia sunt lapatium, urtica, malua, uel iure etiam concharum musculorumue aut lucustarum: neque danda caro nisi elixa est. At potio esse debet magis liberalis, et ante cibum et post hunc et cum hoc ultra quam sitis coget. Poteritque a balineo etiam pinguius aut dulcius dari uinum; poterit semel aut bis interponi Graecum salsum."
musculus,phi0836/phi002,data/phi0836/phi002/phi0836.phi002.perseus-lat6.xml,21a1ff14de9dfbc1f2f33295e6a05147aeedf725c102c916f4280ff7f8e003a0,Celsus,De Medicina,book=5/chapter=26,musculum,1,"Vix autem ad sanitatem perueniunt, quibus ulla parte aut pulmo aut iocineris crassum aut membrana, quae continet cerebrum, aut lienis aut uulua aut uesica aut ullum intestinum aut saeptum transuersum uulneratum est. Ii quoque in praecipiti sunt, in quibus usque ad grandes intusque conditas uenas in alis uel poplitibus mucro desedit. Periculosa etiam uulnera sunt, ubicumque uenae maiores sunt, quoniam exhaurire hominem profusione sanguinis possunt. Idque euenit non in alis tantum atque poplitibus, sed etiam in is uenis, quae ad anum testiculosque perueniunt. Praeter haec malum uulnus est, quodcumque in alis uel feminibus uel inanibus locis uel in articulis uel inter digitos est; item quodcumque musculum aut neruum aut arteriam aut membranam aut os aut cartilaginem laesit. Tutissimum omnium, quod in carne est."
musculus,phi0836/phi002,data/phi0836/phi002/phi0836.phi002.perseus-lat6.xml,21a1ff14de9dfbc1f2f33295e6a05147aeedf725c102c916f4280ff7f8e003a0,Celsus,De Medicina,book=5/chapter=26,musculus,1,"Quibus exploratis, ubi aliquis ictus est qui seruari potest, protinus prospicienda duo sunt: ne sanguinis profusio neue inflammatio interemat. Si profusionem timemus, quod ex sede uulneris et ex magnitudine eius et ex impetu ruentis sanguinis intellegi potest, siccis linamentis uulnus inplendum est, supraque imponenda spongia ex aqua frigida expressa ac manu super conprimenda. Si parum sic sanguis conquiescit, saepius linamenta mutanda sunt, et si sicca parum ualent, aceto madefacienda sunt. Id uehemens ad sanguinem subprimendum est; ideoque quidam id uolneri infundunt. Sed alius rusus metus subest, ne nimis ualenter ibi retenta materia magnam inflammationem postea moueat. Quae res efficit, ut neque rodentibus medicamentis neque adurentibus et ob id ipsum inducentibus crustam sit utendum, quamuis pleraque ex his sanguinem supprimunt; sed, si semel ad ea decurritur, is potius, quae mitius idem efficiunt. Quod si illa quoque profluuio uincuntur, uenae quae sanguinem fundunt adprehendendae, circaque id quod ictum est duobus locis deligandae intercidendaeque sunt, ut et in se ipsae coeant, et nihilo minus ora praeclusa habeant. Vbi ne id quidem res patitur, possunt ferro candenti aduri. Sed etiam satis multo sanguine effuso ex eo loco, quo neque neruus neque musculus est, ut puta in fronte uel superiore capitis parte, commodissimum tamen est cucurbitulam admouere a diuersa parte, ut illuc sanguinis cursus reuocetur."
musculus,phi0836/phi002,data/phi0836/phi002/phi0836.phi002.perseus-lat6.xml,21a1ff14de9dfbc1f2f33295e6a05147aeedf725c102c916f4280ff7f8e003a0,Celsus,De Medicina,book=5/chapter=26,musculus|musculus,2,"Et aduersus profusionem quidem in his auxilium est: aduersus inflammationem autem in ipso sanguinis cursu. Ea timeri potest, ubi laesum est uel os uel neruus uel cartilago uel musculus, aut ubi parum sanguinis pro modo uulneris fluxit. Ergo quotiens quid tale erit, sanguinem mature subprimere non oportebit, sed pati fluere, dum tutum erit; adeo ut, si parum fluxisse uidebitur, mitti quoque ex brachio debeat; utique si corpus iuuenile et robustum et exercitatum est, multoque magis si id uulnus ebrietas praecessit. Quod si musculus laesus uidebitur, praecidendus erit: nam percussus mortiferus est, praecisus sanitatem recipit."
musculus,phi0836/phi002,data/phi0836/phi002/phi0836.phi002.perseus-lat6.xml,21a1ff14de9dfbc1f2f33295e6a05147aeedf725c102c916f4280ff7f8e003a0,Celsus,De Medicina,book=5/chapter=26,musculi|musculos,2,"Sanguine autem uel subpresso, si nimius erumpit, uel exhausto, si per se parum fluxit, longe optimum est uulnus glutinari. Potest autem id, quod uel in cute uel etiam in carne est, si nihil ei praeterea mali accedit. Potest caro alia parte dependens, alia inhaerens, si tamen etiamnum integra est et coniunctione corporis fouetur. In is uero, quae glutinantur, duplex curatio est. Nam si plaga in molli parte est, sui debet, maximeque si discissa auris ima est uel imus nasus uel frons uel bucca uel palpebra uel labrum uel circa guttur cutis uel uenter. Si uero in carne uulnus est hiatque neque in unum orae facile adtrahuntur, sutura quidem aliena est: inponendae uero fibulae sunt (ancteras Graeci nominant), quae oras, paululum tamen, contrahunt, quo minus lata postea cicatrix sit. Ex his autem colligi potest, id quoque, quod alia parte dependens alia inhaerebit, si alienatum adhuc non est, suturam an fibulam postulet. Ex quibus neutra ante debet imponi, quam intus uolnus purgatum est, ne quid ibi concreti sanguinis relinquatur. Id enim et in pus uertitur, et inflammationem mouet, et glutinari uolnus prohibet. Ne linamentum quidem, quod subprimendi sanguinis causa inditum est, ibi relinquendum est: nam id quoque inflammat. Conprehendi uero sutura uel fibula non cutem tantum sed etiam aliquid ex carne, ubi suberit haec, oportebit, quo ualentius haereat neque cutem abrumpat. Vtraque optima est ex acia molli non nimis torta, quo mitius corpori insidat, utraque neque nimis rara neque nimis crebra inicienda est. Si nimis rara est, non continet; si nimis crebra est, uehementer adficit, quia quo saepius acus corpus transuit quoque plura loca iniectum uinculum mordet, eo maiores inflammationes oriuntur magisque aestate. Neutra etiam uim ullam desiderat, sed eatenus utilis est, qua cutis ducentem quasi sua sponte subsequitur. Fere tamen fibulae latius uulnus esse patiuntur, sutura oras iungit, quae ne ipsae quidem inter se contingere ex toto debent, ut, si quid intus umoris concreuerit, sit qua emanet. Si quod uulnus neutrum horum recipit, id tamen purgari debet. Deinde omni uulneri primo inponenda est spongia ex aceto expressa: si sustinere aliquis aceti uim non potest, uino utendum est. Leuis plaga iuuatur etiam, si ex aqua frigida expressa spongia inponitur. Sed ea quocumque modo inposita est, dum madet, prodest; itaque ut inarescat, non est committendum. Licetque sine peregrinis et conquisitis et compositis medicamentis uulnus curare. Sed si quis huic parum confidit, imponere medicamentum debet, quod sine sebo compositum sit ex is, quae cruentis uulneribus apta esse proposui: maximeque, si caro est, barbarum; si nerui uel cartilago uel aliquid ex eminentibus, quales aures uel labra sunt, Polyidi sphragidem: Alexandrinum quoque uiride neruis idoneum est; eminentibusque partibus ea, quam Graeci rhaptusam uocant. Solet etiam colliso corpore exigua parte findi cutis. Quod ubi incidit, non alienum est scalpello latius aperire, nisi musculi neruique iuxta sunt; quos incidi non expedit. Vbi satis diductum est, medicamentum imponendum est. At si id, quod collisum est, quamuis parum diductum est, latius tamen aperiri propter neruos aut musculos non licet, adhibenda sunt ea, quae umorem leniter extrahant, praecipueque ex his id, quod rhypodes uocari proposui. Non alienum est etiam, ubicumque uulnus graue est, imposito quo id iuuetur, insuper circumdare lanam sucidam ex aceto et oleo; uel cataplasma, si mollis is locus est, quod leniter reprimat; si neruosus aut musculosus, quod emolliat."
musculus,phi0836/phi002,data/phi0836/phi002/phi0836.phi002.perseus-lat6.xml,21a1ff14de9dfbc1f2f33295e6a05147aeedf725c102c916f4280ff7f8e003a0,Celsus,De Medicina,book=5/chapter=26,musculiue,1,"Purgato, sequitur ut impleatur; iamque calida aqua eatenus necessaria est, ut sanies remoueatur. Lanae sucidae superuacuus usus est: lota melius circumdatur. Ad implendum autem uulnus proficiunt quidem etiam medicamenta aliqua: itaque ea adhiberi non alienum est, ut buturum cum rosa et exigua mellis parte; aut cum eadem rosa tetrapharmacum; aut ex rosa linamenta. Plus tamen proficit balneum rarum, cibi boni suci, uitatis omnibus acribus, sed iam pleniores: nam et auis et uenatio et suilla elixa dari potest. Vinum omnibus, dum febris, inflammatio inest, alienum est: itemque usque cicatricem, si nerui musculiue uulnerati sunt; etiam, si alte caro. At si plaga in summa cute generis tutioris est, potest non peruetus, modice tamen datum, ad implendum quoque proficere. Si quid molliendum est, quod in neruosis locis musculosisque necessarium est, cerato quoque super uulnus utendum est. At si caro supercreuit, modice reprimit siccum linamentum, uehementius squama aeris. Si plus est, quod tolli opus est, adhibenda sunt etiamnum uehementiora, quae corpus exedunt. Cicatricem post omnia haec commode inducit Lycium ex passo aut lacte dilutum, uel etiam per se impositum siccum linamentum."
musculus,phi0836/phi002,data/phi0836/phi002/phi0836.phi002.perseus-lat6.xml,21a1ff14de9dfbc1f2f33295e6a05147aeedf725c102c916f4280ff7f8e003a0,Celsus,De Medicina,book=5/chapter=26,musculi,1,"Gangrenam uero, si nondum plane tenet, sed adhuc incipit, curare non difficillimum est, utique in corpore iuuenili; et magis etiam si musculi integri sunt, si nerui uel laesi non sunt uel leuiter adfecti sunt, neque ullus magnus articulus nudatus est, aut carnis in eo loco paulum est, ideoque non multum, quod putresceret, fuit, consistitque eo loco uitium; quod maxime fieri in digito potest.—In eiusmodi casu primum est, si uires patiuntur, sanguinem mittere; deinde quicquid aridum est et intentione quadam proximum quoque locum male habet, usque eo sanum corpus concidere. Medicamenta uero, dum malum serpit, adhibenda nulla sunt, quae pus mouere consuerunt; ideoque ne aqua quidem calida. Grauia quoque, quamuis reprimentia, aliena sunt; sed his quam leuissimis opus est; superque ea, quae inflammata sunt, utendum est refrigerantibus. Si nihilo magis malum constitit, uri, quod est inter integrum ac uitiatum locum, debet: praecipueque in hoc casu petendum non a medicamentis solum sed etiam a uictus ratione praesidium est: neque enim id malum nisi corrupti uitiosique corporis est. Ergo primo, nisi inbecillitas prohibet, abstinentia utendum; deinde danda quae per cibum potionemque aluum ideoque etiam corpus adstringant, sed ea leuia. Postea si uitium constitit, inponi super uulnus eadem debent, quae in putri ulcere praescripta sunt. Ac tum quoque ut plenioribus cibis uti licebit ex media materia, sic tamen non nisi aluum corpusque siccantibus; aqua uero pluuiatili frigida. Balneum, nisi iam certa fiducia redditae sanitatis est, alienum est: siquidem emollitum in eo uulnus cito rursus eodem malo adficitur. Solent uero nonnumquam nihil omnia auxilia proficere ac nihilo minus serpere is cancer. Inter quae, miserum sed unicum auxilium est, ut cetera pars corporis tuta sit, membrum, quod paulatim emoritur, abscidere."
musculus,phi0836/phi002,data/phi0836/phi002/phi0836.phi002.perseus-lat6.xml,21a1ff14de9dfbc1f2f33295e6a05147aeedf725c102c916f4280ff7f8e003a0,Celsus,De Medicina,book=5/chapter=28,musculos,1,"Nonnunquam autem et ex eiusmodi abscessibus et ex aliis ulcerum generibus fistulae oriuntur. Id nomen est ulceri alto, angusto, calloso. Fit in omni fere parte corporis, habetque quaedam in singulis locis propria. Prius de communibus dicam. Genera igitur plura fistularum sunt, siquidem aliae breues sunt, aliae altius penetrant; aliae rectae intus feruntur, aliae multoque plures transuersae; aliae simplices sunt, aliae duplices triplicesue ab uno ore intus orsae quae fiunt; aut etiam in plures sinus diuiduntur; aliae rectae, aliae flexae et tortuosae sunt. Aliae intra carnem desinunt, aliae ad ossa aut cartilaginem penetrant aut, ubi neutrum horum subest, ad interiora perueniunt; aliae deinde facile, aliae cum difficultate curantur; atque etiam quaedam insanabiles reperiuntur.—Expedita curatio in fistula simplici recenti intra carnem, adiuuatque ipsum corpus, si iuuenile, si firmum est: inimica contraria his sunt; itemque si fistula os uel cartilaginem uel neruum uel musculos laesit; si articulum occupauit; si uel ad uessicam uel ad pulmonem uel ad uuluam uel ad grandes uenas arteriasue uel ad inania, ut guttur, stomachum, thoracem, penetrauit. Ad intestina quoque eam tendere semper periculosum, saepe pestiferum est. Quibus multum mali accedit, si corpus uel aegrum uel senile uel mali habitus est. Ante omnia autem demitti specillum in fistulam conuenit, ut quo tendat et quam alte perueniat, scire possimus, simul etiam protinus umida an siccior sit; quod extracto specillo patet. Si uero os in uicino est, id quoque disci potest, iam necne eo fistula peruenerit; * * penetrauit, quatenus nocuerit. Nam si molle est, quod ultimo specillo contingitur, intra carnem adhuc uitium est: si magis id renititur, ad os uentum est. Ibi deinde si labitur specillum, nondum caries est: si non labitur, sed aequali innititur, caries quidem, uerum adhuc leuis est: si inaequale quoque et asperum subest, uehementius os exessum est. At cartilago ubi subsit, ipsa sedes docet peruentumque esse ad eam ex renisu patet. Et ex his quidem colliguntur fistularum sedes, spatia, noxae: simplices uero eae sint, an in plures partes diducantur, cognosci potest ex modo puris; cuius si plus fertur quam quod simplici spatio conuenit, plures sinus esse manifestum est; cumque fere iuxta sint caro et neruos et aliqua neruosa, quales fere tunicae membranaeque sunt, genus quoque puris docebit, num plures sinus intus diuersa corporis genera perroserint. Siquidem in carne pus leue, album, copiosius fertur; at ex neruoso loco coloris quidem eiusdem, sed tenuius et minus; ex neruo pingue et oleo non dissimile. Denique etiam corporis inclinatio docet, num in plures partes fistulae penetrarint, quia saepe cum quis aliter decubuit aliterue membrum conlocauit, pus ferri quod iam desierat iterum incipit; testaturque non solum alium sinum esse ex quo descendat, sed etiam in aliam corporis partem eum tendere. Sed si et in carne et recens et simplex est, ac neque rugosa neque caua sede neque in articulo, sed in eo membro, quod per se inmobile non nisi cum toto corpore mouetur, satis proficiet emplastrum, quod recentibus uulneribus inponitur, dum habeat uel sale uel alumen uel squamam aeris uel aeruginem uel ex metallicis aliquid; exque eo collyrium fieri debet altera parte tenuius, altera parte paulo plenius; idque ea parte, qua tenuius est, antecedente demitti oportet in fistulam, donec purus sanguis se ostendat. Quae in omnibus collyris fistularum perpetua sint. Idem deinde emplastrum in linteolo superinponendum, supraque inicienda spongia est in acetum ante demissa; soluique quinto die satis est. Genusque uictus adhibendum est, quo carnem ali docui. Ac si longius a praecordis fistula est, ex interuallo ieiunum radiculas esse, deinde uomere necessarium est. Vetustate callosa fit fistula. Callus autem neminem fallit, quia durus est et aut albus aut pallidus. Sed tum ualidioribus medicamentis opus est; quale est, quod habet: papaueris lacrimae P. #1108 I; cummis P. #1108 III #1109; cadmiae P. #1108 IIII; atramenti sutori P. #1108 VIII; ex quibus aqua coactis collyrium fit. Aut in quo sunt: gallae P. #1108 #1109 #1110; aeruginis, sandaracae, aluminis Aegypti, singulorum P. #1114 I; atramenti sutori conbusti P. #1114 II. Aut quod constat ex chalcitide et saxo calcis, quibus auripigmenti dimidio minus quam in singulis prioribus est adicitur; eaque melle cocto excipiuntur. Expeditissimum autem est ex praecepto Megetis aeruginis rasae P. #1108 II conterere, deinde Hammoniaci thymiamatis P. #1114 I aceto liquare, eoque infuso aeruginem cogere; idque ex primis medicamentis est. Sed ut haec maximi effectus sunt, sic, cui ista non adsunt, facile tamen est callum quibuslibet adurentibus medicamentis erodere: satisque est uel papyrum intortum uel aliquid ex penicillo in modum collyri adstrictum eo inlini. Scilla quoque cocta et mixta cum calce callum exest. Si quando uero longior sed transuersa fistula est, demisso specillo contra principium huius incidi commodissimum est, et collyrium utrinque demitti. At si duplicem esse fistulam aut multiplicem existimamus, sic tamen ut breuis intraque carnem sit, collyrio uti non debemus, quod unam partem curet, reliquas omittat; sed eadem medicamenta arida in calamum scriptorium coicienda sunt, isque ori fistulae aptandus, inspirandumque, ut ea medicamenta intus conpellantur: aut eadem ex uino liquanda, uel, si sordidior fistula est, ex mulso, si callosior, ex aceto sunt idque intus infundendum. Quicquid inditum est, superponenda sunt, quae refrigerent et reprimant: nam fere quae circa fistulam sunt, habent aliquid inflammationis. Neque alienum est, ubi qui soluerit, antequam rursus alia medicamenta coiciat, per oricularium clysterem fistulam eluere; si plus puris fertur, uino; si callus durior est, aceto; si iam purgatur, mulso uel aqua, in qua eruum coctum sit, sic ut huic quoque mellis paulum adiciatur. Fere uero fit, ut ea tunica, quae inter foramen et integram carnem est, uicta medicamentis tota exeat, infraque ulcus purum sit; quod ubi contigit, imponenda glutinantia sunt, praecipueque spongia melle cocto inlita. Neque ignoro multis placuisse linamentum in modum collyri compositum tinctum melle demitti; sed celerius id glutinat quam impletur. Neque uerendum est, ne purum corpus puro corpori iunctum non coeat: adiectis quoque medicamentis ad id efficacibus * * * cum saepe exulceratio digitorum, nisi magna cura prospeximus, sanescendo in unum eos iungat."
musculus,phi0836/phi002,data/phi0836/phi002/phi0836.phi002.perseus-lat6.xml,21a1ff14de9dfbc1f2f33295e6a05147aeedf725c102c916f4280ff7f8e003a0,Celsus,De Medicina,book=7/chapter=6,musculus,1,"Haec euenire in qualibet parte corporis possunt: reliqua CERTAS SEDES habent, de quibus dicam orsus a capite. In hoc multa uariaque tubercula oriuntur: ganglia, meliceridas, atheromata nominant aliisque etiamnum uocabulis quaedam alii discernunt, quibus ego steatomata quoque adiciam. Quae quamuis et in ceruice et in alis et in lateribus oriri solent, per se tamen non posui, cum omnia ista mediocres differentias habeant, ac neque periculo terreant neque diuerso genere curentur. Omnia uero ista et ex paruulo incipiunt et diu paulatimque increscunt, et tunica sua includuntur. Quaedam ex his dura ac renitentia, quaedam mollia cedentiaque sunt; quaedam spatio nudantur, quaedam tecta capillo suo permanent; fereque sine dolore sunt. Quid intus habeant, ut coniectura praesagiri potest, sic ex toto cognosci, nisi cum eiecta sunt, non potest. Maxime tamen in is, quae renituntur, aut lapillis quaedam similia aut concreti confersique pili reperiuntur: in is uero, quae cedunt, aut melli simile aliquid aut tenui pulticulae aut quasi rassae cartilagini aut carni hebeti et cruentae, quibus ali alique colores esse consuerunt. Fereque ganglia renituntur: atheromati subest quasi tenuis pulticula: meliceridi liquidior umor, ideoque pressus circumfluit: steatomati pingue quiddam. Idque latissime patere consueuit, resoluitque totam cutem superpositam sic, ut ea labet, cum in ceteris sit adstrictior. Omnia derassa ante si capillis conteguntur, per medium oportet incidi: sed steatomatis tunica quoque secanda est, ut effundatur quicquid intus coit, quia non facile a cute et subiecta carne ea separatur: in ceteris ipsa tunica inuiolata seruanda est. Protinus autem ut alba et intenta se ostendit, tum scalpelli manubriolo deducenda a cute et carne est, eiciendaque cum eo, quod intus tenet. Si quando tamen ab inferiore parte tunicae musculus inhaesit, ne is laedatur, superior pars illius decidenda; at ima ibi relinquenda est. Vbi tota exempta est, committendae orae, fibulaque his inicienda, et super medicamentum glutinans dandum est. Vbi uel tota tunica uel aliquid ex ea relictum est, pus mouentia adhibenda sunt."
musculus,phi0836/phi002,data/phi0836/phi002/phi0836.phi002.perseus-lat6.xml,21a1ff14de9dfbc1f2f33295e6a05147aeedf725c102c916f4280ff7f8e003a0,Celsus,De Medicina,book=7/chapter=7,musculorum|musculi,2,"De pituitae quoque tenuis cursu, qui oculos infestat, quatenus medicamentis agendum est, iam explicui. Nunc ad ea ueniam, quae curationem manu postulant. Animaduertimus autem quibusdam numquam siccescere oculos, sed semper umore tenui madere; quae res aspritudinem continuat, ex leuibus momentis inflammationes et lippitudines excitat, totam denique uitam hominis infestat; idque in quibusdam nulla ope adiuuari potest, in quibusdam sanabile est: quod primum discrimen est nosse oportet, ut alteris succurratur, alteris manus non iniciatur. Ac primum superuacua curatio est in is, qui ab infantibus id uitium habent, quia necessario mansurum est usque mortis diem; deinde non necessaria etiam in is, quibus non multa, sed acris pituita est, siquidem manu nihil adiuuantur: medicamentis et uictus ratione, quae crassiorem pituitam reddit, ad sanitatem perueniunt. Lata etiam capita uix medicinae patent. Tum interest uenae pituitam mittant quae inter caluariam et cutem sunt, an quae inter membranam cerebri et caluariam. Superiores fere per tempora oculos rigant; inferiores per eas membranas, quae ab oculis ad cerebrum tendunt. Potest autem adhiberi remedium is, quae supra os fluunt; non potest is, quae sub osse. Ac ne is quidem succurritur, quibus pituita utrimque descendit, quia leuata altera parte nihilo minus altera infestat. Quid sit autem, hac ratione cognoscitur. Raso capite ante ea medicamenta, quibus in lippitudine pituita suspenditur, a superciliis usque ad uerticem inlini debent. Si sicci oculi esse coeperunt, apparet per eas uenas, quae sub cute sunt, inrigari: si nihilo minus madent, manifestum est sub osse descendere: si est umor, sed leuior, duplex uitium est. Plurimi tamen ex laborantibus reperiuntur, quos superiores uenae exerceant; ideoque pluribus etiam opitulari licet. Idque non in Graecia tantummodo, sed in aliis quoque gentibus celebre est, adeo ut nulla medicinae pars magis per nationes quoque exposita sit. Reperti in Graecia sunt, qui nouem lineis cutem capitis inciderent; duabus in occipitio rectis, una super eas transuersa; deinde duabus super aures, una inter eas item transuersa; tribus inter uerticem et frontem rectis. Reperti sunt, qui a capite recte eas lineas ad tempora deducerent, cognitisque ex motu maxillarum musculorum initiis leuiter super eos cutem inciderent, diductisque per retusos hamos oris insererent linamenta, ut neque inter se cutis antiqui fines committerentur, et in medio caro incresceret; quae uenas, ex quibus umor ad oculos transiret, adstringeret. Quidam etiam atramento duas lineas duxerunt a media aure ad mediam alteram aurem; deinde a naribus ad uerticem. Tum ubi lineae committebantur, scalpello inciderunt, et post sanguinem effusum os ibidem adusserunt. Nihilo minus autem et in temporibus et inter frontem atque caluariam eminentibus uenis idem candens ferrum admouerunt. Frequens curatio est uenas in temporibus adurere, quae fere quidem in eiusmodi malo tument: sed tamen, ut inflentur magisque se ostendant, ceruix ante modice deliganda est, tenuibusque ferramentis et retussis uenae adurendae, donec in oculis pituitae cursus conquiescat. Id enim signum est quasi excaecatorum itinerum, per quae umor ferebatur. Valentior tamen medicina est, ubi tenues conditaeque uenae sunt, ideoque legi non possunt, eodem modo ceruice deligata retentoque ab ipso spiritu quo magis uenae prodeant, atramento notare eas contra tempora et inter uerticem ac frontem; deinde ceruice resoluta, qua notae sunt uenae, incidere, et sanguinem mittere; ubi satis fluxit, tenuibus ferramentis adurere: contra tempora quidem timide, ne subiecti musculi qui maxillas tenent sentiant; inter frontem uero et uerticem uehementer, ut squama ab osse secedat. Efficacior tamen etiamnum est Afrorum curatio, qui uerticem usque ad os adurunt sic, ut squamam remittat. Sed nihil melius est quam quod in Gallia est comata: qui ibi uenas in temporibus et in superiore capitis parte legunt. Adusta quomodo curanda sint, iam explicui. Nunc illud adicio: neque ut crustae decidant, neque ut ulcus inpleatur, adustis uenis esse properandum, ne uel sanguis erumpat uel cito pus subprimatur, cum per hoc siccescere eas partes opus sit, per illud exhauriri opus non sit: si quando tamen sanguis eruperit, infricanda medicamenta esse, quae sic sanguinem supprimant, ne adurant. Quemadmodum autem uenae delegendae sunt, quidque lectis is faciendum sit, cum uenero ad crurum uarices, dicam."
musculus,phi0836/phi002,data/phi0836/phi002/phi0836.phi002.perseus-lat6.xml,21a1ff14de9dfbc1f2f33295e6a05147aeedf725c102c916f4280ff7f8e003a0,Celsus,De Medicina,book=8/chapter=1,musculis,1,"Igitur caluaria incipit, ex interiore parte concaua, extrinsecus gibba, utrimque leuis, et qua cerebri membranam contegit et qua cute capillum gignente contegitur; eaque simplex ab occipitio et temporibus, duplex usque in uerticem a fronte. Ossaque eius ab exterioribus partibus dura, ab interioribus, quibus inter se conectuntur, molliora sunt; interque ea uenae discurrunt, quas his alimentum subministrare credibile est. Rara autem caluaria solida sine suturis est; locis tamen aestuosis facilius inuenitur; et id caput firmissimum atque a dolore tutissimum est. Ex ceteris, quo suturae pauciores sunt, eo capitis ualetudo commodior est: neque enim certus earum numerus est, sicut ne locus quidem. Fere tamen duae insuper aures tempora a superiore capitis parte discernunt; tertia ad aures per uerticem tendens occipitium a summo capite diducit. Quarta ab eodem uertice per medium caput ad frontem procedit; eaque modo sub imo capillo desinit, modo frontem ipsam secans inter supercilia finit * * * Ex his ceterae quidem suturae in unguem committuntur: eae uero, quae super aures trauersae sunt, totis oris paulatim extenuantur atque ita inferiora ossa superioribus leniter insidunt. Crassissimum uero in capite os post aurem est, qua capillus, ut uerisimile est, ob id ipsum non gignitur. Sub is quoque musculis, qui tempora conectunt, os medium in exteriorem partem inclinatum positum est. At facies suturam habet maximam, quae a tempore incipiens per medios oculos naresque transuersa peruenit ad alterum tempus. A qua breues duae sub interioribus angulis deorsum spectant; et malae quoque in summa parte singulas transuersas suturas habent. A mediisque naribus aut superiorum dentium gingiuis per medium palatum una procedit, aliaque transuersa idem palatum secat. Et suturae quidem in plurimis hae sunt."
musculus,phi0836/phi002,data/phi0836/phi002/phi0836.phi002.perseus-lat6.xml,21a1ff14de9dfbc1f2f33295e6a05147aeedf725c102c916f4280ff7f8e003a0,Celsus,De Medicina,book=8/chapter=1,musculis,1,"Foramina autem intra caput maxima oculorum sunt, deinde narium, tum quae in auribus habemus. Ex his quae oculorum sunt, recta simplicia ad cerebrum tendunt. Narium duo foramina osse medio discernuntur: siquidem hae primum a superciliis angulisque oculorum osse inchoantur ad tertiam fere partem; deinde in cartilaginem uersae, quo propius ori descendunt, eo magis caruncula quoque molliuntur. Sed ea foramina, quae a summis ad imas nares simplicia sunt, ibi rursum in bina itinera diuiduntur; aliaque ex his ad fauces peruia spiritum et reddunt et accipiunt, alia ad cerebrum tendentia ultima parte in multa et tenuia foramina dissipantur, per quae sensus odoris nobis datur. In aure quoque primum rectum et simplex iter; procedendo flexuosum fit. Quod ipsum iuxta cerebrum in multa et tenuia foramina diducitur, per quae facultas audiendi est. Iuxtaque ea duo paruuli quasi sinus sunt; superque eos finitur os, quod transuersum a genis tendens ab inferioribus ossibus sustinetur: iugale appellari potest, ab eadem similitudine, a qua id Graeci zygodes appellant. Maxilla uero est molle os; eaque una est, cuius eadem et media et ima pars mentum est, a quo utrimque procedit ad tempora; solaque ea mouetur: nam malae cum toto osse, quod superiores dentes exigit, immobiles sunt. Verum ipsius maxillae partes extremae quasi bicornes sunt. Alter processus infra latior uertice ipso tenuatur, longiusque procedens sub osse iugali subit, et super id temporum musculis inligatur. Alter breuior et rotundior et in eo sinu, qui iuxta foramina auris est, cardinis modo †fit; ibique huc et illuc se inclinans maxillae facultatem motus praestat."
musculus,phi0836/phi002,data/phi0836/phi002/phi0836.phi002.perseus-lat6.xml,21a1ff14de9dfbc1f2f33295e6a05147aeedf725c102c916f4280ff7f8e003a0,Celsus,De Medicina,book=8/chapter=1,musculis,1,"Infra ceruicem uero summa costa contra umerum sita est; inde VI inferiores usque ad imum pectus perueniunt; eaeque primis partibus rotundae et leniter quasi capitulatae uertebrarum transuerseis processibus et ipsis quoque paulum sinuatis inhaerent; inde latescunt et in exteriorem partem recuruatae paulatim in cartilaginem degenerant; eaque parte rursus in interiora leniter flexae committuntur cum osse pectoris. Quod ualens et durum a faucibus incipit, ab utroque latere lunatum et a praecordiis iam ipsum quoque cartilagine mollitum terminatur; sub costis uero prioribus, quinque, quas ΝΟΘΑΣ Graeci nominant, breues tenuioresque atque ipsae quoque paulatim in cartilaginem uersae extremis abdominis partibus inhaerescunt; imaque ex his maiore iam parte nihil nisi cartilago est. Rursus a ceruice duo lata ossa utrimque ad scapulas tendunt: nostri scutula operta, omoplatas Graeci nominant. Ea summis uerticibus sinuata, ab his triangula, paulatimque latescentia ad spinam tendunt; et quo latiora quaque parte sunt, hoc hebetiora. Atque ipsa quoque in imo cartilaginosa posteriore parte uelut innatant, quoniam nisi †uel in summo nulli ossi inhaerescunt, ibi uero ualidis musculis neruisque constricta sunt. At a summa costa paulo interius quam ubi ea media est os excrescit, ibi quidem tenue, procedens uero, quo propius lato scapularum ossi fit, eo plenius latiusque et paulum in exteriora curuatum; quod altera uerticis parte modice intumescens sustinet iugulum. Id autem ipsum recuruum ac neque inter * * * durissima ossa numerandum, altero capite in eo, quod posui, altero in exiguo sinu pectoralis ossis insidit, paulumque motu bracchi mouetur, et cum lato osse scapularum infra caput eius neruis et cartilagine conectitur."
musculus,phi0836/phi002,data/phi0836/phi002/phi0836.phi002.perseus-lat6.xml,21a1ff14de9dfbc1f2f33295e6a05147aeedf725c102c916f4280ff7f8e003a0,Celsus,De Medicina,book=8/chapter=10,musculi|musculique,2,"Similes rursus ex magna parte casus curationesque sunt umeri et femoris: communia etiam quaedam umeris, bracchiis, feminibus, cruribus, digitis: siquidem ea minime periculose media franguntur. Quo propior fractura capiti uel superiori uel inferiori est, eo peior est: nam et maiores dolores adfert et difficilius curatur. Ea maxime tolerabilis est simplex transuersa; peior, ubi multa fragmenta atque ubi obliqua; pessimum, ubi eadem acuta sunt. Nonnumquam autem fracta in his ossa in suis sedibus remanent; multo saepius excidunt aliudque super aliud effertur; idque ante omnia considerari debet et sunt notae certae. Si suis sedibus sunt, mota resonant, punctionisque sensum repraesentant; tactu inaequalia sunt. Si uero non aduersa sed obliqua iunguntur, quod fit ubi loco suo non sunt, membrum id altero iam erit breuius et musculi eius tument.—Ergo si hoc deprensum est, protinus id membrum oportet extendere: nam nerui musculique intenti per ossa contrahuntur neque in suum locum ueniunt, nisi illos per uim aliquis intendit. Rursus, si primis diebus id omissum est, inflammatio oritur; sub qua et difficile et periculose uis neruis adhibetur: nam distentio neruorum uel cancer sequitur, uel certe, ut mitissime agatur, pus. Itaque si antea reposita ossa non sunt, postea reponenda sunt. Intendere autem digitum uel aliud quodque membrum, si adhuc tenerum est, etiam unus homo potest, cum alteram partem dextra, alteram sinistra prendit: ualentius membrum duobus eget, qui in diuersa contendant. Si firmiores nerui sunt, ut in uiris robustis maximeque eorum feminibus et cruribus euenit, habenis quoque uel linteis fasceis utrimque capita articulorum deliganda, et per plures in diuersa ducenda sunt. Vbi paulo longius quam naturaliter esse debet membrum uis fecit, tum demum ossa manibus in suam sedem compellenda sunt, indiciumque ossis repositi est dolor sublatus et membrum alteri parti aequatum. * inuoluendum duplicibus triplicibusue pannis et in uino et oleo tinctis, quos linteos esse commodius est. Fere uero fasceis sex opus est. Prima breuissima adhibenda, quae circa fracturam ter uoluta, sursum uersum feratur et quasi in cocleam serpat; satisque est eam ter hoc quoque modo circuire. Altera dimidio longior, eaque, si qua parte os eminet, ab ea; si totum aequale est, undelibet super fracturam debet incipere priori aduersa deorsumque tendere, atque iterum de fractura reuersa in superiore parte ultra priorem fasciam desinere. Super has iniciendum latiore linteo ceratum est, quod eas contineat; ac si qua parte os eminet, triplex ea pannus obiciendus eodem uino et oleo madens. Haec tertia fascia comprehendenda sunt, quartaque sic, ut semper insequens priori aduersa sit, et tertia tantum inferiore parte, tres in superiore finiantur. Atque satius est saepius circuire quam adstringi: siquidem id, quod adstrictum est, alienatur et cancro oportunum est: articulum autem quam minime uincire opus est, sed si iuxta hunc os fractum est, necesse est. Deligatum uero membrum in diem tertium continendum est; eaque uinctura talis esse debet, ut primo die nihil offenderit, non tamen laxa uisa sit, secundo laxior, tertio iam paene resoluta. Ergo tum rursum id membrum deligandum, adiciendaque prioribus quinta fascia est; iterumque quinto die resoluendum est, et sex fasceis inuoluendum sic, ut tertia et quinta infra, ceterae supra finiantur. Quotienscumque autem soluitur membrum, calida aqua fouendum. Sed si iuxta articulum fractura est, †die instillandum uinum est, exigua parte olei adiecta, eademque omnia facienda, donec adeo inflammatio soluatur uel tenuius quoque quam ex consuetudine id membrum fiat. Quod si septimus dies non dedit, certe nonus exhibet; tum facillime ossa tractantur. Rursus ergo si parum commissa sunt, committi debent: si qua fragmenta eminent, in suas sedes reponenda sunt; deinde eodem modo membrum deligandum, ferulaeque super adcommodandae sunt, quae fixae circumpositaeque ossa in sua sede contineant; et in quam partem fractura inclinat, ab ea latior ualentiorque ferula inponenda est. Easque omnes contra articulum esse oportet resimas, ne hunc laedant, nec ultra astringi quam ut ossa contineant; et cum spatio laxentur, tertio quoque die paulum habenis suis coartari; ac si nulla prurigo, nullus dolor est, sic manere, donec duae partes eius temporis, quo quodque os conferuet, compleantur: postea leuius aqua calida fouere, quia primo digeri materiam opus est, tum euocari. Ergo cerato quoque liquido id leniter est unguendum, perfricandaque summa cutis est; laxiusque id deligandum est. Tertio quoque die soluendum sic, ut remota calida aqua cetera eadem fiant: tantummodo singulae fasciae, quotiens resolutae fuerint, subtrahantur."
musculus,phi0836/phi002,data/phi0836/phi002/phi0836.phi002.perseus-lat6.xml,21a1ff14de9dfbc1f2f33295e6a05147aeedf725c102c916f4280ff7f8e003a0,Celsus,De Medicina,book=8/chapter=10,musculi|musculus,2,"Grauius aliquanto est, cum ossis fracturae carnis quoque uulnus accessit, maxumeque si id musculi femoris aut umeri senserunt: nam et inflammationes multo grauiores et promptiores cancros habent. Ac femur quidem, si ossa inter se recesserunt, fere praecidi necesse est. Vmerus uero quoque in periculum uenit, sed facilius conseruatur. Quibus periculis etiam magis id expositum, quod iuxta ipsos articulos ictum est. Curiosius igitur agendum est, et musculus quidem, per mediam plagam transuersus praecidendus; sanguis uero, si parum fluxit, mittendus; corpus inedia extenuandum. Ac reliqua quidem membra lentius intendenda, et lenius in is ossa in suam sedem reponenda sunt: in his uero neque intendi neruos neque ossa tractari satis expedit; ipsique homini permittendum est, ut sic ea collocata habeat, quemadmodum minime laedunt. Omnibus autem his uulneribus inponendum primo linamentum est uino madens, cui rosae paulum admodum adiectum sit, cetera eadem. Deligandaque fascis sunt aliquanto quam uulnus latioribus, laxius scilicet quam si ea plaga non esset: quanto facilius et alienari et occupari cancro uulnus potest * * * numero potius fasciarum id agendum est, ut laxae quoque aeque contineant. Quod in femore umeroque sic fiet, si ossa forte recte concurrerint: sin aliter se habebunt, eatenus circumdari fascia debebit, ut inpositum medicamentum contineat. Cetera eadem, quae supra scripsi, facienda sunt, praeterquam quod neque ferulis neque canalibus, inter quae uulnus sanescere non potest, sed pluribus tantummodo et latioribus fasceis opus est: ingerendumque subinde in eas est calidum oleum et uinum, magisque in * * * primo fame utendum; * est alienum; uulnus calida aqua fouendum, frigusque omni ratione uitandum; et transeundum ad medicamenta, quae puri mouendo sunt; maiorque uulneri quam ossi cura agenda: ergo cottidie soluendum nutriendumque est. Inter quae si quod paruulum fragmentum ossis eminet, id si retusum est, in suam sedem dandum; si acutum, ante acumen eius, si longius est, praecidendum; si breuius, limandum et utrumque scalpro leuandum; tum ipsum recondendum est. Ac si id manus facere non potest, uulsella, quali fabri utuntur, inicienda est recte se habenti capiti ab ea parte, qua sima est, ut ea parte, qua gibba est, eminens os in suam sedem compellat. Si id maius est membranulisque cingitur, sinere oportet eas sub medicamentis resolui, idque os, ubi iam nudatum est, abscidere; quod maturius scilicet faciendum est. Potestque ea ratione et os coire et uulnus sanescere, illud suo tempore, hoc prout se habet."
musculus,phi0836/phi002,data/phi0836/phi002/phi0836.phi002.perseus-lat6.xml,21a1ff14de9dfbc1f2f33295e6a05147aeedf725c102c916f4280ff7f8e003a0,Celsus,De Medicina,book=8/chapter=10,musculiue,1,"Si quando uero ossa non conferuuerunt, quia saepe solutum, saepe motum, in aperto deinde curatio est: possunt enim coire * * Si uetustas occupauit, membrum extendendum est, ut aliquid laedatur: ossa inter se manu diuidenda, ut concurrendo exasperentur, ut, si quid pingue est, eradatur totumque id quasi recens fiat, magna tamen cura habita, ne nerui musculiue laedantur. Tum uino fouendum est, in quo malicorium decoctum sit; inponendumque id ipsum corium oui albo mixtum: tertio die resoluendum fouendumque aqua, in qua uerbenae, de quibus supra dixi, decoctae sint: quinto die idem faciendum, ferulaeque circumdandae. Cetera et ante et post eadem facienda, quae supra scripsi."
musculus,phi0836/phi002,data/phi0836/phi002/phi0836.phi002.perseus-lat6.xml,21a1ff14de9dfbc1f2f33295e6a05147aeedf725c102c916f4280ff7f8e003a0,Celsus,De Medicina,book=8/chapter=11,musculis,1,"Maxilla uero et uertebra omnesque articuli, cum ualidis neruis conprendantur, excidunt aut ui expulsi, aut aliquo casu neruis uel ruptis uel infirmatis, faciliusque in pueris et adulescentulis quam in robustioribus. Hique elabuntur in priorem * * * in exteriorem partem, quidam omnibus modis, quidam certis. Suntque quaedam communia omnium signa, quaedam propria sunt cuiusque: siquidem semper ea parte est tumor, in quam os prorumpit; ea sinus, a qua recessit. Et haec quidem in omnibus deprenduntur, alia uero in singulis; quae, simul atque de quoque dicam, proponenda erunt. Sed ut excidere omnes articuli non possunt, sic non omnes reponuntur. Caput enim numquam * * compellitur, neque in spina uertebra, neque ea maxilla, quae, utraque parte prolapsa, antequam reponeretur, inflammationem mouit. Rursus si qui neruorum uitio prolapsi sunt, conpulsi quoque in suas sedes iterum excidunt. Ac quibus in pueritia exciderunt neque repositi sunt, minus quam ceteri crescunt. Omniumque, quae loco suo non sunt, caro emacrescit, magisque in proximo membro quam ulteriore, ut puta, si umerus loco suo non est, maior in eo ipso fit quam in brachio, maior in hoc quam in manu macies. Tum pro sedibus et pro casibus, qui inciderunt, aut maior aut minor usus eius membri relinquitur; quoque in eo plus usus superest, eo minus id extenuatur. Quicquid autem loco suo motum est, ante inflammationem reponendum est: si illa occupauit, dum conquiescat, non lacessendum: ubi finitast, temptandum in is membris, quae id patiuntur. Multum autem eo confert et corporis et neruorum habitus. Nam si corpus tenue, si umidum est, si nerui infirmi, expeditius os reponitur: sed ut primo facilius excidit, ita postea minus fideliter continetur. Quae contraria his sunt, melius continent: sed id, quod expulsum est, difficulter admittunt.—Oportet autem ipsam inflammationem leuare super sucida lana ex aceto inposita: a cibo, si ualentioris articuli casus est, triduo, interdum etiam quinque diebus abstinere; bibere aquam calidam, dum sitim finiat; curiossiusque haec facere is ossibus motis, quae ualidis plenisque musculis continentur: si uero etiam febris accessit, multo magis; deinde ex die quinto fouere aqua calida; remotaque lana ceratum inponere ex cyprino factum, nitro quoque adiecto, donec omnis inflammatio finiatur. Tunc infrictionem ei membro adhibere; cibis uti bonis; uti uino modice; iamque ad usus quoque suos id membrum promouere, quia motus ut in dolore pestifer, sic alias saluberrimus corpori est. Haec communia sunt, nunc de singulis dicam."
musculus,phi0836/phi002,data/phi0836/phi002/phi0836.phi002.perseus-lat6.xml,21a1ff14de9dfbc1f2f33295e6a05147aeedf725c102c916f4280ff7f8e003a0,Celsus,De Medicina,book=8/chapter=12,musculi,1,"Maxilla in priorem partem propellitur, sed modo altera parte, modo utraque. Si altera, in contrariam partem ipsa mentumque inclinatur; dentes paribus non respondent, sed sub is, qui secant, canini sunt. At si utraque, totum mentum in exteriorem partem promouetur; inferioresque dentes longius quam superiores excedunt; intentique super musculi apparent. —Primo quoque tempore autem homo in sedili conlocandus est sic, ut minister a posteriore parte caput eius contineat, uel sic, ut iuxta parietem is sedeat, subiecto inter parietem et caput eius scorteo puluino duro, eoque caput eius per ministrum urgeatur, quo sit immobilius. Tum medici digiti pollices linteolis uel fasceis, ne delabantur, inuoluti in os eius coiciendi, ceteri extrinsecus admouendi sunt. Vbi uehementer maxilla adprehensa est, si una parte procidit, concutiendum mentum et ad guttur adducendum est. Tum simul et caput adprehendendum, et excitato mento maxilla in suam sedem conpellenda, et os eius conprimendum est sic, ut omnia paene uno momento fiant. Sin utraque parte prolapsa est, eadem omnia eadem facienda, sed aequaliter retro maxilla agenda est. Reposito osse, si cum dolore oculorum et ceruicis iste casus incidit, ex brachio sanguis mittendus est. Cum omnibus uero, quorum ossa mota sunt, primo liquidior cibus conueniat, tum his praecipue, adeo ut sermo quoque frequenti motu oris per neruos laedat."
musculus,phi0836/phi002,data/phi0836/phi002/phi0836.phi002.perseus-lat6.xml,21a1ff14de9dfbc1f2f33295e6a05147aeedf725c102c916f4280ff7f8e003a0,Celsus,De Medicina,book=8/chapter=20,musculique|musculos,2,"Femur in omnes quattuor partes promouetur, saepissime in interiorem, deinde in exteriorem, raro admodum in priorem aut posteriorem. Si in interiorem partem prolapsum est, crus longius altero et uatium est: extra enim pes ultimus spectat; si in exteriorem, breuius uarumque fit, et pes intus inclinatur; calx ingressu terram non contingit, sed planta ima; meliusque id crus superiusque corpus quam in priore casu fert, minusque baculo eget. Si in priorem, crus extensum est, inclinarique non potest; alteri cruri ad calcem par est: sed ima planta minus in priorem partem inclinatur; dolorque in hoc casu praecipuus est, et maxime urina supprimitur. Vbi cum dolore inflammatio quieuit, commode ingrediuntur, totusque eorum pes incedit. Si in posteriorem, extendi non potest crus, breuiusque est; ubi constitit, calx his quoque terram non contingit. Magnum autem femori periculum est, ne uel difficulter reponatur, uel repositum rursus excidat. Quidam iterum semper excidere contendunt: sed Hippocrates et Diocles et Phylotimus et Nileus et Heraclides Tarentinus, clari admodum auctores, ex toto se restituisse memoriae prodiderunt: neque tot genera machinamentorum quoque ad extendendum in hoc casu femur Hippocrates, Andreas, Nileus, Nymphodorus, Protarchus, Heraclides, quidam quoque faber repperissent, si id frustra esset. Sed ut haec falsa opinio est, sic illud uerum est: cum ibi ualentissimi nerui musculique sint, si suum robur habent, uix admittere; si non habent, postea non continere. Temptandum igitur est: et si tenerum membrum est, satis est habena altera ab inguine, altera a genu intendi; si ualidius, melius adducent, qui easdem habenas ad bacula ualida deligarint; cumque eorum fustium imas partes oppositae morae obiecerint, superiores ad se utraque manu traxerint. Etiamnum ualentius intenditur membrum super scamnum, cui ab utraque parte axes sunt, ad quos habenae illae deligantur; qui, ut in torcularibus conuersi, rumpere quoque, si quis perseuerauerit, non solum extendere neruos et musculos possunt. Collocandus autem homo super id scamnum est aut pronus aut supinus aut in latus sic, ut semper ea pars superior sit, in quam os prolapsum est, et ea inferior, a qua recessit. Neruis extensis, si in priorem partem os uenit, rotundum aliquid super inguen ponendum, subitoque super id genu adducendum est eodem modo eademque de causa, qua idem in brachio fit: protinusque, si conplicari femur potest, intus est. In ceteris uero casibus, ubi ossa per uim paulum inter se recesserunt, medicus debet id, quod eminet, retro cogere; minister contra inde coxam propellere. Reposito osse, nihil aliud noui curatio requirit, quam ut diutius is in lecto detineatur, ne, si motum adhuc neruis laxioribus femur fuerit, rursus erumpat."
musculus,phi0836/phi002,data/phi0836/phi002/phi0836.phi002.perseus-lat6.xml,21a1ff14de9dfbc1f2f33295e6a05147aeedf725c102c916f4280ff7f8e003a0,Celsus,De Medicina,book=8/chapter=25,musculis,1,"Haec facienda sunt in is casibus, ubi sine uulnere ossa exciderunt. * * * Hic quoque et ingens periculum est, et eo grauius, quo maius membrum est, quoue ualidioribus neruis aut musculis continetur. Ideoque in umeris femoribusque metus mortis est: ac, si reposita eis ossa sunt, spes nulla est; si non reposita, tamen nonnullum periculum est; eoque maior in utroque timor est, quo propius uulnus articulo est. Hippocrates nihil tuto reponi posse praeter digitos et plantas et manuus dixit, atque in his quoque diligenter esse agendum, ne praecipitarent. Quidam brachia quoque et crura reposuerunt; et ne cancri distentionesque neruorum orirentur, sub quibus in eiusmodi casu fere mors matura est, sanguinem ex brachio miserunt. Verum ne digitus quidem, in quo minimum ut malum, sic etiam periculum est, reponi debet, aut in inflammatione aut postea, cum iam uetus res est. Sic quoque reposito osse nerui ubi distenduntur, rursus id protinus expellendum est. Omne autem membrum, quod cum uulnere loco motum neque repositum est, sic iacere conuenit, ut maxime cubantem iuuat; tantum ne moueatur neue dependeat. In omnique tali morbo magnum ex longa fame praesidium est, deinde ex curatione eadem, quae proposita est, ubi ossibus fractis uulnus accessit. Si nudum os eminet, impedimento semper futurum est: ideo quod excedit abscidendum est, inponendaque super arida linamenta sunt et medicamenta non pinguia, donec quae sola esse in eiusmodi re sanitas potest, ueniat: nam et debilitas sequitur et tenuis cicatrix inducitur, quae necesse est facile noxae postea pateat."
musculus,phi0836/phi002,data/phi0836/phi002/phi0836.phi002.perseus-lat6.xml,21a1ff14de9dfbc1f2f33295e6a05147aeedf725c102c916f4280ff7f8e003a0,Celsus,De Medicina,book=8/chapter=4,musculos,1,"Quacumque autem de causa curatio haec necessaria est, si nondum satis cutis patefacta est, latius aperienda est, donec quicquid laesum est in conspectu sit. In quo ipso uidendum est, ne quid ex ima membranula, quae sub cute caluariam cingit, super os relinquatur, siquidem ea scalpro terebrisue lacerata uehementes febres cum inflammationibus excitat; itaque eam commodius est ex toto ab osse deduci. Plagam, si ex uulnere est, talem necesse est habeamus, qualem acceperimus: si manu facienda est, ea fere commodissima est, quae duabus transuersis lineis litterae X figuram accipit; tum deinde a singulis procedentibus lingulis cutis subsecatur. Inter quae si sanguis fertur, spongia subinde in aceto tincta cohibendus est, occupandusque est obiectis linamentis et caput altius excitandum. Neque id ullum metum, nisi inter musculos qui tempora continent, adfert: sed ibi quoque nihil tutius fit."
musculus,phi0836/phi002,data/phi0836/phi002/phi0836.phi002.perseus-lat6.xml,21a1ff14de9dfbc1f2f33295e6a05147aeedf725c102c916f4280ff7f8e003a0,Celsus,De Medicina,book=8/chapter=7,musculum,1,"Ab his ad maxillam uenturus indicanda quaedam puto communiter ad omnia ossa pertinentia, ne saepius eadem dicenda sint. Omne igitur os modo rectum ut lignum in longitudinem finditur, modo frangitur transuorsum, interdum oblicum; atque id ipsum nonnumquam retusa habet capita, nonnumquam acuta. Quod genus pessimum est, quia neque facile committuntur, quae nulli retuso innituntur, et carnem uulnerant, interdum neruum quoque aut musculum: quin etiam aliquando plura fragmenta fiunt. Sed in aliis quidem ossibus ex toto saepe fragmentum a fragmento recedit: maxillae uero semper aliqua parte etiam uexata ossa inter se cohaerent. Igitur inprimis digitis duobus utrimque prementibus et ab ore et ab cute omnia ossa in suam sedem compellenda sunt; deinde, si transuersa maxilla fracta est (sub quo casu fere dens super proximum dentem excedit), ubi ea in suam sedem conlocata est, duo proximi dentes aut, si hi labant, ulteriores inter se seta deligandi sunt. Id in alio genere fracturae superuacuum est, cetera eadem facienda sunt: nam linteolum duplex madens uino et oleo superiniciendum cum eadem simila et eadem turis fuligine est; deinde aut fascea aut mollis habena media in longitudinem incisa, ut utrimque mentum conplectatur et inde capita eius supra caput adducta ibi deligentur. Illud quoque ad omnia ossa pertinens dictum erit, famem primum esse necessariam; deinde a die tertio umidum cibum, sublata inflammatione paulo pleniorem, eumque qui carnem alat: uinum per omne tempus esse alienum; deinde tertio die resolui debere, foueri per spongiam uapore aquae calidae, eademque quae primo fuerunt superdari: idem die quinto fieri et donec inflammatio finiatur, quae uel nono die uel septumo fere soluitur. Ea sublata, rursus ossa esse tractanda, ut, si quid fractum loco suo non est, reponatur: neque id esse soluendum, nisi duae partes eius temporis, intra quod quaeque ossa conferuent, transierint. Fere uero inter quartum decimum et unum et uicensimum diem sanescunt maxilla, malae, iugulum, pectus, latum os scapularum, costae, spina, coxarum os, tali, calx, manus, planta: inter uicensimum et tricensimum diem crura, bracchiaque: inter septimum et uicensimum et quadragensimum umeri et femina. Sed in maxilla illud quoque adiciendum est, quod umidus cibus diu adsumendus est. Atque etiam cum tempus processit, in lagano similibusque aliis perseuerandum est neque quicquam edendum duri, donec ex toto maxillam callus firmarit; itemque utique primis diebus habendum silentium."
musculus,phi0917/phi001,data/phi0917/phi001/phi0917.phi001.perseus-lat2.xml,a8c41246b5df6a92a0574dadd7df8128d125e295d74fbcbe27c6585270fc0a7d,M. Annaeus Lucanus,Pharsalia,book=9/l=771,musculus,1,Tegmine poples erat: femorum quoque musculus omni
musculus,phi1212/phi002,data/phi1212/phi002/phi1212.phi002.perseus-lat1.xml,2232185834bc6d11312c2452de5ea35b1da661de6256acab451ef53d7b8b7aaf,Apuleius,Metamorphoses,book=2/chapter=25,musculos,1,"Sic desolatus ad cadaveris solacium perfrictis oculis et obarmatis ad vigilias animum meum permulcebam cantationibus, cum ecce crepusculum et nox provecta et nox altior et dein concubia altiora et iam nox intempesta, mihique oppido formido cumulatior quidem, cum repente introrepens mustela contra me constitit obtutumque acerrimum in me destituit, ut tantillula animalis prae nimia sui fiducia mihi turbarit animum: denique sic ad illam Quin abis inquam Impurata bestia, teque ad tui similes musculos recondis, antequam nostri vim praesentariam experiaris? Quin abis? Terga vortit et cubiculo protinus exterminatur: nec mora, cum me somnus profundus in imum barathrum repente demergit, ut ne deus quidem Delphicus ipse facile discerneret, duobus nobis iacentibus, quis esset magis mortuus: sic inanimis et indigens alio custode paene ibi non eram."
musculus,phi1212/phi002,data/phi1212/phi002/phi1212.phi002.perseus-lat1.xml,2232185834bc6d11312c2452de5ea35b1da661de6256acab451ef53d7b8b7aaf,Apuleius,Metamorphoses,book=8/chapter=27,musculos,1,"Die sequenti variis coloribus indusiati et deformiter quisque formati, facie caenoso pigmento delita et oculis obunctis graphice prodeunt; mitellis et crocotis et carbasinis et bombycinis iniecti, quidam tunicas albas in modum lanciolarum quoquoversum fluente purpura depictas cingulo subligati, pedes luteis induti calceis; deamque serico contectam amiculo mihi gerendam imponunt brachiisque suis humero tenus renudatis, attollentes immanes gladios ac secures, evantes exsiliunt incitante tibiae cantu lymphaticum tripudium. Nec paucis pererratis casulis ad quandam villam possessoris beati perveniunt et ab ingressu primo statim absonis ululatibus constrepentes fanatice pervolant, diuque capite demisso cervices lubricis intorquentes motibus crinesque pendulos in circulum rotantes, et nonnunquam morsibus suos incursantes musculos, ad postremum ancipiti ferro quod gerebant sua quisque brachia dissicant. Inter haec unus ex illis bacchatur effusius ac de imis praecordiis anhelitus crebros referens, velut numinis divino spiritu repletus, simulabat sauciam vecordiam, prorsus quasi deum praesentia soleant homines non sui fieri me liores sed debiles effici vel aegroti."
musculus,phi1318/phi001,data/phi1318/phi001/phi1318.phi001.perseus-lat1.xml,d96150c9b78247e21a2767fe17a776cbcc87e8ea0f8f570340e3c0320b813b34,Pliny the Younger,Letters,book=3/letter=6/section=2,musculi,1,"Est enim nudum, nec aut vitia si qua sunt celat, aut laudes parum ostentat. Effingit senem stantem; ossa musculi nervi, venae rugae etiam ut spirantis apparent; rari et cedentes capilli, lata frons, contracta facies, exile collum; pendent lacerti, papillae iacent, venter recessit;"
musculus,phi1318/phi001,data/phi1318/phi001/phi1318.phi001.perseus-lat1.xml,d96150c9b78247e21a2767fe17a776cbcc87e8ea0f8f570340e3c0320b813b34,Pliny the Younger,Letters,book=5/letter=8/section=10,musculi,1,"hanc saepius ossa musculi nervi, illam tori quidam et quasi iubae decent; haec vel maxime vi amaritudine instantia, illa tractu et suavitate atque etiam dulcedine placet; postremo alia verba alius sonus alia constructio."
musculus,stoa0045/stoa011,data/stoa0045/stoa011/stoa0045.stoa011.perseus-lat2.xml,8f9532aaf555227e34a235b853b6857852cd541516d923ee5af4ef9a2b6e6782,"Ausonius, Decimus Magnus",Epistularum,letter=15/l=36,musculus,1,Iunctus limicolis musculus ostreis
musculus,stoa0045/stoa011,data/stoa0045/stoa011/stoa0045.stoa011.perseus-lat2.xml,8f9532aaf555227e34a235b853b6857852cd541516d923ee5af4ef9a2b6e6782,"Ausonius, Decimus Magnus",Epistularum,letter=15/p=pr,musculis,1,"expectaveram, ut rescriberes ad ea, quae dudum ioculariter luseram de cessatione tua valde impia et mea efflagitatione, cuius rei munus reciprocum quoniam in me colendo fastidisti, inventa inter tineas epistula vetere, quam de ostreis et musculis adfectata obscuritate condideram, quae adulescens temere fuderam, iam senior retractavi. set in eundem modum instaurata est satirica et ridicula conciunatio, saltem ut nunc respondeas novissimae cantilenae, qui illam noviciam silentio condemnasti."
musculus,stoa0058/stoa001,data/stoa0058/stoa001/stoa0058.stoa001.perseus-lat2.xml,852e2f5767d7ca91cd4db3511d502b88d5e8e9292a549a007ba74822e7eb493d,Boethius,De consolatione philosophiae,book=2/section=P6,muscularum,1,"Quid autem de dignitatibus potentiaque disseram quae uos uerae dignitatis ac potestatis inscii caelo exaequatis? Quae si in improbissimum quemque ceciderunt, quae flammis Aetnae eructuantibus, quod diluuium tantas strages dederint? Certe, uti meminisse te arbitror, consulare imperium, quod libertatis principium fuerat, ob superbiam consulum uestri ueteres abolere cupiuerunt, qui ob eandem superbiam prius regium de ciuitate nomen abstulerant. At si quando, quod perrarum est, probis deferantur, quid in eis aliud quam probitas utentium placet? Ita fit ut non uirtutibus ex dignitate sed ex uirtute dignitatibus honor accedat. Quae uero est ista uestra expetibilis ac praeclara potentia? Nonne, o terrena animalia, consideratis quibus qui praesidere uideamini? Nunc si inter mures uideres unum aliquem ius sibi ac potestatem prae ceteris uindicantem, quanto mouereris cachinno! Quid uero, si corpus spectes, inbecillius homine reperire queas quos saepe muscularum quoque uel morsus uel in secreta quaeque reptantium necat introitus? Quo uero quisquam ius aliquod in quempiam nisi in solum corpus et quod infra corpus est, fortunam loquor, possit exserere? Num quidquam libero imperabis animo? Num mentem firma sibi ratione cohaerentem de statu propriae quietis amouebis? Cum liberum quendam uirum suppliciis se tyrannus adacturum Putaret, ut aduersum se factae coniurationis conscios proderet, linguam ille momordit atque abscidit et in os tyranni saeuientis abiecit; ita cruciatus, quos putabat tyrannus materiam crudelitatis, uir sapiens fecit esse uirtutis. Quid autem est quod in alium facere quisquam 1 possit, quod sustinere ab alio ipse non possit? Busiridem accipimus necare hospites solitum ab Hercule hospite fuisse mactatum. Regulus plures Poenorum bello captos in uincla coniecerat, sed mox ipse uictorum catenis manus praebuit. Vllamne igitur eius hominis potentiam putas, qui quod ipse in alio potest, ne id in se alter ualeat efficere non possit? Ad haec si ipsis dignitates ac potestatibus inesset aliquid naturalis ac proprii boni, numquam pessimis prouenirent. Neque enim sibi solent aduersa sociari; natura respuit ut contraria quaeque iungantur. Ita cum pessimos plerumque dignitatibus fungi dubium non sit, illud etiam liquet natura sui bona non esse quae se pessimis haerere patiantur. Quod quidem de cunctis fortunae muneribus dignius existimari potest, quae ad improbissimum quemque uberiora perueniunt. De quibus illud etiam considerandum puto, quod nemo dubitat esse fortem, cui fortitudinem inesse conspexerit, et cuicumque uelocitas adest manifestum est esse uelocem. Sic musica quidem musicos medicina medicos rhetorice rhetores facit. Agit enim cuiusque rei natura quod proprium est nec contrariarum rerum miscetur effectibus et ultro quae sunt auersa depellit. Atqui nec opes inexpletam restinguere auaritiam queunt nec potestas sui compotem fecerit quem uitiosae libidines insolubilibus adstrictum retinent catenis, et collata improbis dignitas non modo non efficit dignos, sed prodit potius et ostentat indignos. Cur ita prouenit? Gaudetis enim res sese aliter habentes falsis compellare nominibus quae facile ipsarum rerum redarguuntur effectu; itaque nec illae diuitiae nec illa potentia nec haec dignitas iure appellari potest. Postremo idem de tota concludere fortuna licet in qua nihil expetendum, nihil natiuae bonitatis inesse manifestum est, quae nec se bonis semper adiungit et bonos quibus fuerit adiuncta non efficit."
musculus,stoa0275/stoa012,data/stoa0275/stoa012/stoa0275.stoa012.opp-lat1.xml,9d4d73e5348b11127cf10137f91474c90187652870fd38d8594a9558c9187d82,Tertullian,De Carne Christi,chapter=5,musculis,1,"Sunt plane et alia tam stulta, quae pertinent ad contumelias et passiones dei. Aut prudentiam dicant deum crucifixum. Aufer hoc quoque, Mercion, immo hoc potius. Quid enim indignius deo, quid magis erubescendum, nasci an mori? carnem gestare an crucem? eircumcidi an suffigi? educari an sepeliri? in praesepe deponi an in menimento recondi? Sapientior eris si nec ista credideris. Sed non eris sapiens, nisi stultus in saeculo fueris, dei stulta credendo. An ideo passiones a Christo non recidisti, quia ut phantasma vacabat a sensu carum? Diximus retro aeque illum et nativitatis et infantiae imaginariae vacua ludibria subire potuisse. Sed iam hic responde, interfector veritatis, noune vere crucifixus est deus? nonae vere mortuus est, ut vere crucifixus? nonne vere resuscitatus, ut vere scilicet mortuus? Falso se statuit inter nos scire Paulus tantum Iesum crucifixum, falso sepultum ingessit, falso resuscitatum inculcavit. Falsa est igitur et fides nostra, et phantasma erit totum quod speramus a Christo. Scelestissime hominum, qui interemptores excusas dei. Nihil enim ab eis passus est Christus, si nihil vere est passus. Parce unicae spei totius orbis, qui destruis necessarium dedecus fidei. Quodcunque deo indignum est, mihi expedit. Salvus sum si non confundar de domino meo. Qui mei, inquit, confusus fuerit, confundar et ego eius. Alias non invenio materias confusionis quae me per contemptum ruboris probent bene impudentem et feliciter stultum. Crucifixus est dei filius; non pudet, quia pudendum est. Et mortuus est dei filius; prorsus credibile est, quia ineptum est. Et sepultus resurresit; certum est, quia impossibile est. Nam quomodo vera in illo erunt, si ipse non fuit verus, si non vere habuit in se quod figeretur, quod moreretur, quod sepeliretur et resuscitaretur? carnem scilicet hanc sanguine suffusam, ossibus structam, nervis intextam, venia implexam, quae nasci et mori novit, humanam sine dubio, ut natam de homine. Ideoque mortalis haec erit in Christo, quia Christus homo et filius hominis. Aut cur homo Christus et hominis filius, si nihil hominis et nihil ex homine? nisi si aut aliud est homo quam caro, aut aliunde caro hominis quam ex homine, aut aliud est Maria quam homo, aut homo deus Marcionis. Aliter non diceretur homo Christus sine carne, nec hominis filius sine aliquo parente homine, sicut nec deus sine spiritu dei, nec dei filius sine deo patre. Ita utriusque substantiae census hominem et deum exhibuit, hine natum, inde non natum,hinc carneum, inde spiritalem, hine infirmum, inde praefortem, hinc morientem, inde viventem. Quae proprietas conditionum, divinae et humanae, aequa utique naturae cuiusque veritate dispuncta est, eadem fide et spiritus et carnis. Virtutes spiritus dei deum, passiones carnem hominis probaverunt. Si virtutes non sine spiritu, perinde et passiones non sine carne. Si caro cum passionibus ficta, et spiritus ergo cum virtutibus falsus. Quid dimidias mendacio Christum? Totus veritas fuit. Maluit, crede, nasci quam ex aliqua parte mentiri, et quidem in semetipsum, ut carnem gestaret sine ossibus duram, sine musculis solidam, sine sanguine cruentam, sine tunica vestitam, sine fame esurientem, sine dentibus edentem, sine lingua loquentem, ut phantasma auribus fuerit sermo eius per imaginem vocis. Fuit itaque phantasma etiam post resurrectionem, cum manus et pedes suos discipulis inspiciendos offert, Aspicite, dicens quod ego sum quia spiritus ossa non habet, sicut me habentem videtis; sine dubio manus et pedes et ossa, quae spiritus non habet, sed caro. Quomodo hanc vocem interpretaris, Marcion, qui a deo optimo et simplici et bono tantum infers Iesum? Ecce fallit et decipit et circumvenit omnium oculos, omnium sensus, omnium accessus et contactus. Ergo iam Christum non de caelo deferre debueras, sed de aliquo circulatorio coetu, nec deum praeter hominem, sed magum hominem, nec salutis pontificem, sed spectaculi artiflcem, nec mortuorum resuscitatorem, sed vivorum avocatorom Nisi quod et si magus fuit natus est."
musculus,stoa0275/stoa012,data/stoa0275/stoa012/stoa0275.stoa012.opp-lat1.xml,9d4d73e5348b11127cf10137f91474c90187652870fd38d8594a9558c9187d82,Tertullian,De Carne Christi,chapter=9,musculos,1,"Praetendimus adhuc nihil quod ex alio acceptum sit, ut aliud sit quam id de quo sit acceptum, ita aliud esse ut non suggerat unde sit acceptum. Omnis materia sine testimonib originis suae non est, etsi demutetur in novam proprietatem. Ipsum certe corpus nostrum hoc, quod de limo figulatum etiam ad fabulas nationum veritas transmisit, utriusque originem elementi confitetur, carne terram, sanguine aquam. Nam licet alia sit species qualitatis, hoc est quod ex alio aliud fit, ceterum quid est sanguis quam rubens humor? quid caro quam terra in figura sua? Considera singulas qualitates, musculos ut glebas, ossa ut saxa, etiam circum papillas calculos quosdam. Aspice nervorum tenaces conexus ut traduces radicum, et venarum ramosos discursus ut ambages rivorum, et lanugines ut muscos, et comam ut cespitem, et ipsos medullarum in abdito thesauros ut metalla carnis. Haec omnia terrenae originis signa et in Christo fuerunt et sunt quae illum dei filium celaverunt, non alias tantummodo hominem existimatum quam extantem humana substantia corporis. Aut edite aliquid in illo caeleste de Septentrionibus et Virgiliis et Suculis emendicatum. Nam quae enumeravimus, adeo terrenae testimonia carnis sunt ut et nostrae. Sed nihil novum, nihilque peregrinum deprehendo. Denique verbis et factis tantum, doctrina et virtute sola, Christum hominem obstupescebant. Notaretur autem etiam carnis in illo novitas miraculo habita. Sed carnis terrenae non mira condicio ipsa erat quae cetera eius miranda faciebat, cum dicerent, Unde huic doctrina et signa ista? Etiam despicientium formam eius haec erat vox. Adeo nec humanae honestatis corpus fuit, nedum caelestis claritatis. Tacentibus apud nos quoque prophetis de ignobili aspectu eius, ipsae passiones ipsaeque contumeliae loquuntur. Passiones quidem humanam carnem, contumeliae vero inhonestam probavere. An ausus esset aliqui ungue summo perstringere corpus novum, sputaminibus contaminare faciem, nisi merentem? Quid dicis caelestem carnem quam unde caelestem intellegas non habes? Quid terrenam negas quam unde terrenam agnoscas habes? Esuriit sub diabolo, sitiit sub Samaritide, lacrimatue est super Lazarum, trepidat ad mortem (Caro enim, inquit, infirma), sanguinem fundit postremo. Haec sunt, opinor, signa caelestia. Sed quomodo, inquam, contemni et pati posset, sicut et dixi, si quid in illa carne de caelesti generositate radiasset? Ex hoc ergo convincimus nihil in illa de caelis fuisse, propterea ut contemni et pati posset."
