jd_tt,year,month,day,date_julian_cal,weekday,gamma,geo_sep_deg,delta_t_central_s,delta_t_sigma_s,Armagh_mag_central,Armagh_alt_central,Armagh_ut_central,Armagh_mag_max_over_dt,Armagh_mag_min_over_dt,Iona_mag_central,Iona_alt_central,Iona_ut_central,Iona_mag_max_over_dt,Iona_mag_min_over_dt,Clonmacnoise_mag_central,Clonmacnoise_alt_central,Clonmacnoise_ut_central,Clonmacnoise_mag_max_over_dt,Clonmacnoise_mag_min_over_dt,Bangor_mag_central,Bangor_alt_central,Bangor_ut_central,Bangor_mag_max_over_dt,Bangor_mag_min_over_dt,Jarrow_mag_central,Jarrow_alt_central,Jarrow_ut_central,Jarrow_mag_max_over_dt,Jarrow_mag_min_over_dt,Rome_mag_central,Rome_alt_central,Rome_ut_central,Rome_mag_max_over_dt,Rome_mag_min_over_dt,Constantinople_mag_central,Constantinople_alt_central,Constantinople_ut_central,Constantinople_mag_max_over_dt,Constantinople_mag_min_over_dt,Alexandria_mag_central,Alexandria_alt_central,Alexandria_ut_central,Alexandria_mag_max_over_dt,Alexandria_mag_min_over_dt,irish_mag_central,irish_mag_max_over_dt,irish_mag_min_over_dt
1867169.23069,400,1,12,0400-01-12,4,-0.2733,0.2466,6535.1,50.0,0.0,,,0.0,0.0,0.0,,,0.0,0.0,0.0,,,0.0,0.0,0.0,,,0.0,0.0,0.0,,,0.0,0.0,0.0,,,0.0,0.0,0.0,,,0.0,0.0,0.0,,,0.0,0.0,0.0,0.0,0.0
1867346.7192,400,7,8,0400-07-08,0,0.4166,0.4143,6535.1,50.0,0.0,,,0.0,0.0,0.0,,,0.0,0.0,0.0,,,0.0,0.0,0.0,,,0.0,0.0,0.0,,,0.0,0.0,0.0,,,0.0,0.0,0.3166,-0.7,02:36,0.3808,0.2678,0.0,,,0.0,0.0,0.0,0.0,0.0
1867523.35535,400,12,31,0400-12-31,1,-0.9473,0.8933,6535.1,50.0,0.0,,,0.0,0.0,0.0,,,0.0,0.0,0.0,,,0.0,0.0,0.0,,,0.0,0.0,0.0,,,0.0,0.0,0.0,,,0.0,0.0,0.0,,,0.0,0.0,0.0,,,0.0,0.0,0.0,0.0,0.0
1867671.70655,401,5,29,0401-05-29,3,-1.5078,1.3864,6525.7,50.0,0.0,,,0.0,0.0,0.0,,,0.0,0.0,0.0,,,0.0,0.0,0.0,,,0.0,0.0,0.0,,,0.0,0.0,0.0,,,0.0,0.0,0.0,,,0.0,0.0,0.0,,,0.0,0.0,0.0,0.0,0.0
1867701.20629,401,6,27,0401-06-27,4,1.2292,1.1594,6525.7,50.0,0.0,,,0.0,0.0,0.0,,,0.0,0.0,0.0,,,0.0,0.0,0.0,,,0.0,0.0,0.0,,,0.0,0.0,0.0,,,0.0,0.0,0.0,,,0.0,0.0,0.0,,,0.0,0.0,0.0,0.0,0.0
1867848.30947,401,11,21,0401-11-21,4,1.1532,1.1707,6525.7,50.0,0.0,,,0.0,0.0,0.0,,,0.0,0.0,0.0,,,0.0,0.0,0.0,,,0.0,0.0,0.0,,,0.0,0.0,0.0,,,0.0,0.0,0.0,,,0.0,0.0,0.0,,,0.0,0.0,0.0,0.0,0.0
1868025.77996,402,5,18,0402-05-18,0,-0.7798,0.6992,6516.2,50.0,0.0,,,0.0,0.0,0.0,,,0.0,0.0,0.0,,,0.0,0.0,0.0,,,0.0,0.0,0.0,,,0.0,0.0,0.0,,,0.0,0.0,0.0,,,0.0,0.0,0.0,,,0.0,0.0,0.0,0.0,0.0
1868202.9654,402,11,11,0402-11-11,2,0.4911,0.499,6516.2,50.0,0.8077,-0.3,07:57,0.8162,0.7967,0.7561,-0.7,08:01,0.7579,0.7445,0.8436,-0.7,07:55,0.849,0.8327,0.7916,0.0,07:57,0.8025,0.7803,0.7472,2.1,07:59,0.7584,0.7356,0.8957,17.7,07:59,0.9131,0.8786,0.6746,27.4,08:17,0.6935,0.6556,0.8608,36.9,08:21,0.8832,0.8384,0.8436,0.849,0.8327
1868379.83618,403,5,7,0403-05-07,4,-0.007,0.0065,6506.8,50.0,0.0,,,0.0,0.0,0.0,,,0.0,0.0,0.0,,,0.0,0.0,0.0,,,0.0,0.0,0.0,,,0.0,0.0,0.0,,,0.0,0.0,0.0,,,0.0,0.0,0.0,,,0.0,0.0,0.0,0.0,0.0
1868557.52957,403,11,1,0403-11-01,0,-0.1966,0.1915,6506.8,50.0,0.0,,,0.0,0.0,0.0,,,0.0,0.0,0.0,,,0.0,0.0,0.0,,,0.0,0.0,0.0,,,0.0,0.0,0.0,,,0.0,0.0,0.0,,,0.0,0.0,0.0,,,0.0,0.0,0.0,0.0,0.0
1868734.14521,404,4,25,0404-04-25,1,0.7538,0.7276,6497.3,50.0,0.4732,41.0,14:42,0.4802,0.4665,0.5266,39.6,14:42,0.5331,0.5203,0.4523,42.5,14:40,0.46,0.445,0.4764,40.2,14:44,0.4832,0.4702,0.4661,37.6,14:48,0.4714,0.4611,0.0366,30.4,15:10,0.0374,0.0364,0.0415,15.1,15:26,0.0467,0.0366,0.0,,,0.0,0.0,0.5266,0.5331,0.5203
1868911.8323,404,10,20,0404-10-20,4,-0.9413,0.8679,6497.3,50.0,0.0,,,0.0,0.0,0.0,,,0.0,0.0,0.0,,,0.0,0.0,0.0,,,0.0,0.0,0.0,,,0.0,0.0,0.0,,,0.0,0.0,0.0,,,0.0,0.0,0.0,,,0.0,0.0,0.0,0.0,0.0
1869059.40429,405,3,16,0405-03-16,4,-1.1069,1.1297,6487.8,50.0,0.0,,,0.0,0.0,0.0,,,0.0,0.0,0.0,,,0.0,0.0,0.0,,,0.0,0.0,0.0,,,0.0,0.0,0.0,,,0.0,0.0,0.0,,,0.0,0.0,0.0,,,0.0,0.0,0.0,0.0,0.0
1869088.73067,405,4,15,0405-04-15,6,1.4443,1.4596,6487.8,50.0,0.0,,,0.0,0.0,0.0,,,0.0,0.0,0.0,,,0.0,0.0,0.0,,,0.0,0.0,0.0,,,0.0,0.0,0.0,,,0.0,0.0,0.0,,,0.0167,0.0,0.0,,,0.0,0.0,0.0,0.0,0.0
1869236.12019,405,9,9,0405-09-09,6,1.3286,1.1966,6487.8,50.0,0.0,,,0.0,0.0,0.0,,,0.0,0.0,0.0,,,0.0,0.0,0.0,,,0.0,0.0,0.0,,,0.0,0.0,0.0,,,0.0,0.0,0.1207,28.5,13:44,0.1319,0.1091,0.0281,26.0,14:06,0.039,0.0168,0.0,0.0,0.0
1869414.08372,406,3,6,0406-03-06,2,-0.4141,0.4154,6478.4,50.0,0.0,,,0.0,0.0,0.0,,,0.0,0.0,0.0,,,0.0,0.0,0.0,,,0.0,0.0,0.0,,,0.0,0.0,0.0,,,0.0,0.0,0.0,,,0.0,0.0,0.0,,,0.0,0.0,0.0,0.0,0.0
1869590.24908,406,8,29,0406-08-29,3,0.5631,0.528,6478.4,50.0,0.3975,26.1,16:16,0.4069,0.3882,0.3874,25.7,16:12,0.3965,0.3784,0.4124,26.9,16:18,0.4225,0.4029,0.3889,25.4,16:16,0.398,0.3798,0.3586,22.7,16:18,0.3668,0.3505,0.3592,10.0,16:48,0.3646,0.3541,0.3102,-0.9,16:40,0.3222,0.2823,0.1216,-0.5,16:24,0.1948,0.071,0.4124,0.4225,0.4029
1869768.59074,407,2,24,0407-02-24,0,0.3195,0.3046,6468.9,50.0,0.0,,,0.0,0.0,0.0,,,0.0,0.0,0.0,,,0.0,0.0,0.0,,,0.0,0.0,0.0,,,0.0,0.0,0.0,,,0.0,0.0,0.0,,,0.0,0.0,0.0,,,0.0,0.0,0.0,0.0,0.0
1869944.68663,407,8,19,0407-08-19,1,-0.2024,0.2004,6468.9,50.0,0.0,,,0.0,0.0,0.0,,,0.0,0.0,0.0,,,0.0,0.0,0.0,,,0.0,0.0,0.0,,,0.0,0.0,0.0,,,0.0,0.0,0.0,,,0.0,0.0,0.0,,,0.0,0.0,0.0,0.0,0.0
1870122.79258,408,2,13,0408-02-13,4,1.0793,0.98,6459.4,50.0,0.0,,,0.0,0.0,0.0,,,0.0,0.0,0.0,,,0.0,0.0,0.0,,,0.0,0.0,0.0,,,0.0,0.0,0.0,,,0.0,0.0,0.389,-0.8,05:03,0.4409,0.3128,0.3069,-0.9,04:45,0.3527,0.2387,0.0,0.0,0.0
1870299.34651,408,8,7,0408-08-07,5,-0.9137,0.932,6459.4,50.0,0.0,,,0.0,0.0,0.0,,,0.0,0.0,0.0,,,0.0,0.0,0.0,,,0.0,0.0,0.0,,,0.0,0.0,0.0,,,0.0,0.0,0.0,,,0.0,0.0,0.0,,,0.0,0.0,0.0,0.0,0.0
1870447.01791,409,1,2,0409-01-02,6,-1.2407,1.1302,6450.0,50.0,0.0,,,0.0,0.0,0.0,,,0.0,0.0,0.0,,,0.0,0.0,0.0,,,0.0,0.0,0.0,,,0.0,0.0,0.0,,,0.0,0.0,0.0,,,0.0,0.0,0.0,,,0.0,0.0,0.0,0.0,0.0
1870624.69842,409,6,29,0409-06-29,2,0.9149,0.8976,6450.0,50.0,0.0,,,0.0,0.0,0.0,,,0.0,0.0,0.0,,,0.0,0.0,0.0,,,0.0,0.0,0.0,,,0.0,0.0,0.0,,,0.0,0.0,0.0,,,0.0,0.0,0.0,,,0.0,0.0,0.0,0.0,0.0
1870801.22534,409,12,22,0409-12-22,3,-0.5007,0.48,6450.0,50.0,0.0,,,0.0,0.0,0.0,,,0.0,0.0,0.0,,,0.0,0.0,0.0,,,0.0,0.0,0.0,,,0.0,0.0,0.0,,,0.0,0.0,0.0,,,0.0,0.0,0.0,,,0.0,0.0,0.0,0.0,0.0
1870979.10619,410,6,18,0410-06-18,6,0.162,0.1505,6440.5,50.0,0.3628,59.2,12:45,0.3663,0.359,0.3103,57.2,12:45,0.3135,0.3066,0.3938,60.3,12:43,0.397,0.3902,0.3517,58.7,12:47,0.3554,0.3476,0.3286,57.5,12:51,0.3334,0.3236,0.5672,55.8,13:27,0.5791,0.5551,0.4161,40.1,13:47,0.4298,0.4025,0.619,35.6,14:03,0.6346,0.6031,0.3938,0.397,0.3902
1871155.7253,410,12,12,0410-12-12,1,0.2045,0.206,6440.5,50.0,0.0,,,0.0,0.0,0.0,,,0.0,0.0,0.0,,,0.0,0.0,0.0,,,0.0,0.0,0.0,,,0.0,0.0,0.0,,,0.0,0.0,0.0,,,0.0,0.0,0.0,,,0.0,0.0,0.0,0.0,0.0
1871333.22312,411,6,7,0411-06-07,3,-0.6204,0.5572,6431.0,50.0,0.0,,,0.0,0.0,0.0,,,0.0,0.0,0.0,,,0.0,0.0,0.0,,,0.0,0.0,0.0,,,0.0,0.0,0.0,,,0.0,0.0,0.0,,,0.0,0.0,0.0,,,0.0,0.0,0.0,0.0,0.0
1871510.37222,411,12,1,0411-12-01,5,0.8626,0.8803,6431.0,50.0,0.0,,,0.0,0.0,0.0,,,0.0,0.0,0.0,,,0.0,0.0,0.0,,,0.0,0.0,0.0,,,0.0,0.0,0.0,,,0.0,0.0,0.0,,,0.0,0.0,0.0,,,0.0,0.0,0.0,0.0,0.0
1871657.70554,412,4,27,0412-04-27,6,1.4232,1.3211,6421.6,50.0,0.0,,,0.0,0.0,0.0,,,0.0,0.0,0.0,,,0.0,0.0,0.0,,,0.0,0.0,0.0,,,0.0,0.0,0.0,,,0.0,0.0,0.0,,,0.0,0.0,0.0,,,0.0,0.0,0.0,0.0,0.0
1871687.25763,412,5,26,0412-05-26,0,-1.3647,1.2397,6421.6,50.0,0.0,,,0.0,0.0,0.0,,,0.0,0.0,0.0,,,0.0,0.0,0.0,,,0.0,0.0,0.0,,,0.0,0.0,0.0,,,0.0,0.0,0.0,,,0.0,0.0,0.0,,,0.0,0.0,0.0,0.0,0.0
1871835.42968,412,10,21,0412-10-21,1,-1.2222,1.1712,6421.6,50.0,0.0,,,0.0,0.0,0.0,,,0.0,0.0,0.0,,,0.0,0.0,0.0,,,0.0,0.0,0.0,,,0.0,0.0,0.0,,,0.0,0.0,0.0,,,0.0,0.0,0.0,,,0.0,0.0,0.0,0.0,0.0
1872012.09758,413,4,16,0413-04-16,3,0.6077,0.5957,6412.1,50.0,0.9561,45.6,13:03,0.9641,0.9479,0.9115,43.6,13:05,0.918,0.9045,0.9724,46.9,13:01,0.9807,0.9637,0.9553,45.1,13:05,0.9625,0.9476,0.9708,43.7,13:11,0.9764,0.9643,0.6301,45.4,13:33,0.6352,0.6255,0.5744,30.3,13:57,0.5749,0.5742,0.2707,29.9,14:03,0.2721,0.2697,0.9724,0.9807,0.9637
1872189.64732,413,10,11,0413-10-11,6,-0.5561,0.5065,6412.1,50.0,0.0,,,0.0,0.0,0.0,,,0.0,0.0,0.0,,,0.0,0.0,0.0,,,0.0,0.0,0.0,,,0.0,0.0,0.0,,,0.0,0.0,0.0,,,0.0,0.0,0.0,,,0.0,0.0,0.0,0.0,0.0
1872366.7324,414,4,6,0414-04-06,1,-0.1459,0.1485,6402.6,50.0,0.0,,,0.0,0.0,0.0,,,0.0,0.0,0.0,,,0.0,0.0,0.0,,,0.0,0.0,0.0,,,0.0,0.0,0.0,,,0.0,0.0,0.0,,,0.0,0.0,0.0,,,0.0,0.0,0.0,0.0,0.0
1872543.63794,414,9,30,0414-09-30,3,0.1437,0.129,6402.6,50.0,0.0,,,0.0,0.0,0.0,,,0.0,0.0,0.0,,,0.0,0.0,0.0,,,0.0,0.0,0.0,,,0.0,0.0,0.0,,,0.0,0.0,0.0,,,0.0,0.0,0.0,,,0.0,0.0,0.0,0.0,0.0
1872721.43268,415,3,26,0415-03-26,5,-0.8681,0.8776,6393.2,50.0,0.0,,,0.0,0.0,0.0,,,0.0,0.0,0.0,,,0.0,0.0,0.0,,,0.0,0.0,0.0,,,0.0,0.0,0.0,,,0.0,0.0,0.0,,,0.0,0.0,0.0,,,0.0,0.0,0.0,0.0,0.0
1872897.70056,415,9,19,0415-09-19,0,0.8462,0.7841,6393.2,50.0,0.0,,,0.0,0.0,0.0,,,0.0,0.0,0.0,,,0.0,0.0,0.0,,,0.0,0.0,0.0,,,0.0,0.0,0.0,,,0.0,0.0,0.0,,,0.0,0.0,0.0,,,0.0,0.0,0.0,0.0,0.0
1873046.47133,416,2,14,0416-02-14,1,1.1228,1.0532,6383.7,50.0,0.0,,,0.0,0.0,0.0,,,0.0,0.0,0.0,,,0.0,0.0,0.0,,,0.0,0.0,0.0,,,0.0,0.0,0.0,,,0.0,0.0,0.0,,,0.0,0.0,0.0,,,0.0,0.0,0.0,0.0,0.0
1873222.66186,416,8,9,0416-08-09,3,-1.1289,1.1318,6383.7,50.0,0.0,,,0.0,0.0,0.0,,,0.0,0.0,0.0,,,0.0,0.0,0.0,,,0.0,0.0,0.0,,,0.0,0.0,0.0,,,0.0,0.0,0.0,,,0.0,0.0,0.0,,,0.0,0.0,0.0,0.0,0.0
1873252.05975,416,9,7,0416-09-07,4,1.5078,1.4761,6383.7,50.0,0.0,,,0.0,0.0,0.0,,,0.0,0.0,0.0,,,0.0,0.0,0.0,,,0.0,0.0,0.0,,,0.0,0.0,0.0,,,0.0,0.0,0.0,,,0.0,0.0,0.0,,,0.0,0.0,0.0,0.0,0.0
1873400.58689,417,2,3,0417-02-03,6,0.4396,0.3959,6374.2,50.0,0.0,,,0.0,0.0,0.0,,,0.0,0.0,0.0,,,0.0,0.0,0.0,,,0.0,0.0,0.0,,,0.0,0.0,0.0,,,0.0,0.0,0.0,,,0.0,0.0,0.0,,,0.0,0.0,0.0,0.0,0.0
1873577.35455,417,7,29,0417-07-29,0,-0.3928,0.4007,6374.2,50.0,0.0,,,0.0,0.0,0.0,,,0.0,0.0,0.0,,,0.0,0.0,0.0,,,0.0,0.0,0.0,,,0.0,0.0,0.0,,,0.0,0.0,0.0,,,0.0,0.0,0.0,,,0.0,0.0,0.0,0.0,0.0
1873754.55833,418,1,23,0418-01-23,3,-0.2568,0.2321,6364.7,50.0,0.0,,,0.0,0.0,0.0,,,0.0,0.0,0.0,,,0.0,0.0,0.0,,,0.0,0.0,0.0,,,0.0,0.0,0.0,,,0.0,0.0,0.0,,,0.0,0.0,0.0,,,0.0,0.0,0.0,0.0,0.0
1873932.02727,418,7,19,0418-07-19,5,0.3484,0.3456,6364.7,50.0,0.64,48.0,10:13,0.6439,0.636,0.5878,47.1,10:15,0.5913,0.5843,0.6634,47.7,10:11,0.6676,0.6587,0.6347,48.5,10:15,0.6381,0.6309,0.6361,50.6,10:21,0.6385,0.6335,1.0461,68.0,10:37,1.0462,1.046,0.9869,66.0,11:11,0.996,0.9771,0.774,69.5,11:23,0.7863,0.7626,0.6634,0.6676,0.6587
1874108.70214,419,1,12,0419-01-12,0,-0.9371,0.8862,6355.3,50.0,0.0,,,0.0,0.0,0.0,,,0.0,0.0,0.0,,,0.0,0.0,0.0,,,0.0,0.0,0.0,,,0.0,0.0,0.0,,,0.0,0.0,0.0,,,0.0,0.0,0.0,,,0.0,0.0,0.0,0.0,0.0
1874286.49338,419,7,8,0419-07-08,2,1.1566,1.0872,6355.3,50.0,0.0,,,0.0,0.0,0.0,,,0.0,0.0,0.0,,,0.0,0.0,0.0,,,0.0,0.0,0.0,,,0.0,0.0,0.0,,,0.0,0.0,0.0,,,0.0,0.0,0.0,,,0.0,0.0,0.0,0.0,0.0
1874433.67858,419,12,3,0419-12-03,3,1.1537,1.1727,6355.3,50.0,0.0,,,0.0,0.0,0.0,,,0.0,0.0,0.0,,,0.0,0.0,0.0,,,0.0,0.0,0.0,,,0.0,0.0,0.0,,,0.0,0.0,0.0,,,0.0,0.0,0.0,,,0.0,0.0,0.0,0.0,0.0
1874611.04526,420,5,28,0420-05-28,5,-0.8673,0.7777,6345.8,50.0,0.0,,,0.0,0.0,0.0,,,0.0,0.0,0.0,,,0.0,0.0,0.0,,,0.0,0.0,0.0,,,0.0,0.0,0.0,,,0.0,0.0,0.0,,,0.0,0.0,0.0,,,0.0,0.0,0.0,0.0,0.0
1874788.33257,420,11,21,0420-11-21,0,0.496,0.5033,6345.8,50.0,0.0,,,0.0,0.0,0.0,,,0.0,0.0,0.0,,,0.0,0.0,0.0,,,0.0,0.0,0.0,,,0.0,0.0,0.0,,,0.0,0.0,0.0,,,0.0,0.0,0.0,,,0.0,0.0,0.0,0.0,0.0
1874965.11356,421,5,17,0421-05-17,2,-0.0888,0.0816,6336.3,50.0,0.0,,,0.0,0.0,0.0,,,0.0,0.0,0.0012,52.9,13:47,0.0073,0.0,0.0,,,0.0,0.0,0.0,,,0.0,0.0,0.3822,43.9,14:15,0.3825,0.3813,0.3619,28.7,14:31,0.3679,0.3558,0.6387,25.8,14:37,0.6465,0.6309,0.0012,0.0073,0.0
1875142.88421,421,11,11,0421-11-11,5,-0.1898,0.1844,6336.3,50.0,0.0,,,0.0,0.0,0.0,,,0.0,0.0,0.0,,,0.0,0.0,0.0,,,0.0,0.0,0.0,,,0.0,0.0,0.0,,,0.0,0.0,0.0,,,0.0,0.0,0.1068,12.3,05:35,0.1228,0.0904,0.0,0.0,0.0
1875319.44498,422,5,6,0422-05-06,6,0.6802,0.6589,6326.8,50.0,0.0,,,0.0,0.0,0.0,,,0.0,0.0,0.0,,,0.0,0.0,0.0,,,0.0,0.0,0.0,,,0.0,0.0,0.0,,,0.0,0.0,0.0,,,0.0,0.0,0.0,,,0.0,0.0,0.0,0.0,0.0
1875497.16652,422,10,31,0422-10-31,2,-0.9284,0.854,6326.8,50.0,0.0,,,0.0,0.0,0.0,,,0.0,0.0,0.0,,,0.0,0.0,0.0,,,0.0,0.0,0.0,,,0.0,0.0,0.0,,,0.0,0.0,0.0,,,0.0,0.0,0.0,,,0.0,0.0,0.0,0.0,0.0
1875644.7354,423,3,28,0423-03-28,3,-1.1554,1.1793,6317.3,50.0,0.0,,,0.0,0.0,0.0,,,0.0,0.0,0.0,,,0.0,0.0,0.0,,,0.0,0.0,0.0,,,0.0,0.0,0.0,,,0.0,0.0,0.0,,,0.0,0.0,0.0,,,0.0,0.0,0.0,0.0,0.0
1875674.04677,423,4,26,0423-04-26,4,1.3794,1.3963,6317.3,50.0,0.0,,,0.0,0.0,0.0,,,0.0,0.0,0.0,,,0.0,0.0,0.0,,,0.0,0.0,0.0,,,0.0,0.0,0.0,,,0.0,0.0,0.0,,,0.0,0.0,0.0,,,0.0,0.0,0.0,0.0,0.0
1875821.42596,423,9,20,0423-09-20,4,1.3681,1.2337,6317.3,50.0,0.0,,,0.0,0.0,0.0,,,0.0,0.0,0.0,,,0.0,0.0,0.0,,,0.0,0.0,0.0,,,0.0,0.0,0.0,,,0.0,0.0,0.0,,,0.0,0.0,0.0,,,0.0,0.0,0.0,0.0,0.0
1875999.41574,424,3,16,0424-03-16,0,-0.4598,0.4601,6307.8,50.0,0.0,,,0.0,0.0,0.0,,,0.0,0.0,0.0,,,0.0,0.0,0.0,,,0.0,0.0,0.0,,,0.0,0.0,0.0,,,0.0,0.0,0.0,,,0.0,0.0,0.0,,,0.0,0.0,0.0,0.0,0.0
1876175.56444,424,9,9,0424-09-09,2,0.6062,0.5702,6307.8,50.0,0.0,,,0.0,0.0,0.0,,,0.0,0.0,0.0,,,0.0,0.0,0.0,,,0.0,0.0,0.0,,,0.0,0.0,0.0,,,0.0,0.0,0.0,,,0.0,0.0,0.0,,,0.0,0.0,0.0,0.0,0.0
1876353.91439,425,3,6,0425-03-06,5,0.281,0.267,6298.4,50.0,0.0,,,0.0,0.0,0.0,,,0.0,0.0,0.0,,,0.0,0.0,0.0,,,0.0,0.0,0.0,,,0.0,0.0,0.0,,,0.0,0.0,0.0575,37.7,08:27,0.0739,0.0417,0.1884,43.7,08:11,0.2069,0.1705,0.0,0.0,0.0
1876530.01266,425,8,29,0425-08-29,6,-0.1531,0.1521,6298.4,50.0,0.0,,,0.0,0.0,0.0,,,0.0,0.0,0.0,,,0.0,0.0,0.0,,,0.0,0.0,0.0,,,0.0,0.0,0.0745,50.4,09:27,0.0895,0.059,0.0,,,0.0,0.0,0.0623,68.2,10:01,0.0866,0.0378,0.0,0.0,0.0
1876708.10552,426,2,23,0426-02-23,2,1.0458,0.9477,6288.9,50.0,0.3951,25.1,13:45,0.409,0.3814,0.4209,23.1,13:45,0.4337,0.408,0.3953,26.4,13:41,0.4096,0.3811,0.389,24.6,13:45,0.4025,0.3754,0.3489,23.1,13:51,0.3622,0.3357,0.0,,,0.0,0.0,0.0,,,0.0,0.0,0.0,,,0.0,0.0,0.4209,0.4337,0.408
1876884.67396,426,8,19,0426-08-19,4,-0.8598,0.8775,6288.9,50.0,0.0,,,0.0,0.0,0.0,,,0.0,0.0,0.0,,,0.0,0.0,0.0,,,0.0,0.0,0.0,,,0.0,0.0,0.0,,,0.0,0.0,0.0,,,0.0,0.0,0.0,,,0.0,0.0,0.0,0.0,0.0
1877032.35289,427,1,13,0427-01-13,4,-1.2489,1.14,6279.4,50.0,0.0,,,0.0,0.0,0.0,,,0.0,0.0,0.0,,,0.0,0.0,0.0,,,0.0,0.0,0.0,,,0.0,0.0,0.0,,,0.0,0.0,0.0,,,0.0,0.0,0.0,,,0.0,0.0,0.0,0.0,0.0
1877209.99928,427,7,10,0427-07-10,0,0.9909,0.9691,6279.4,50.0,0.062,41.3,09:10,0.0662,0.058,0.1155,41.0,09:12,0.1194,0.1121,0.0383,40.7,09:08,0.0432,0.0338,0.0674,42.0,09:12,0.0714,0.0637,0.0655,44.9,09:18,0.0684,0.0631,0.0,,,0.0,0.0,0.0,,,0.0,0.0,0.0,,,0.0,0.0,0.1155,0.1194,0.1121
1877386.57942,428,1,3,0428-01-03,2,-0.5031,0.4837,6269.9,50.0,0.0,,,0.0,0.0,0.0,,,0.0,0.0,0.0,,,0.0,0.0,0.0,,,0.0,0.0,0.0,,,0.0,0.0,0.0,,,0.0,0.0,0.0,,,0.0,0.0,0.0,,,0.0,0.0,0.0,0.0,0.0
1877564.38606,428,6,28,0428-06-28,4,0.245,0.2269,6269.9,50.0,0.0,,,0.0,0.0,0.0,,,0.0,0.0,0.0,,,0.0,0.0,0.0,,,0.0,0.0,0.0,,,0.0,0.0,0.0,,,0.0,0.0,0.0,,,0.0,0.0,0.0,,,0.0,0.0,0.0,0.0,0.0
1877741.09279,428,12,22,0428-12-22,6,0.2024,0.2043,6269.9,50.0,0.0,,,0.0,0.0,0.0,,,0.0,0.0,0.0,,,0.0,0.0,0.0,,,0.0,0.0,0.0,,,0.0,0.0,0.0,,,0.0,0.0,0.0958,7.0,13:53,0.1107,0.0811,0.3406,11.2,14:01,0.3576,0.3236,0.0,0.0,0.0
1877918.48827,429,6,17,0429-06-17,1,-0.5325,0.4779,6260.4,50.0,0.0,,,0.0,0.0,0.0,,,0.0,0.0,0.0,,,0.0,0.0,0.0,,,0.0,0.0,0.0,,,0.0,0.0,0.0,,,0.0,0.0,0.0,,,0.0,0.0,0.0,,,0.0,0.0,0.0,0.0,0.0
1878095.74289,429,12,12,0429-12-12,4,0.8624,0.8794,6260.4,50.0,0.0,,,0.0,0.0,0.0,,,0.0,0.0,0.0,,,0.0,0.0,0.0,,,0.0,0.0,0.0,,,0.0,0.0,0.0,,,0.0,0.0,0.0,,,0.0,0.0,0.0,,,0.0,0.0,0.0,0.0,0.0
1878242.99078,430,5,8,0430-05-08,4,1.4921,1.3894,6250.9,50.0,0.0,,,0.0,0.0,0.0,,,0.0,0.0,0.0,,,0.0,0.0,0.0,,,0.0,0.0,0.0,,,0.0,0.0,0.0,,,0.0,0.0,0.0,,,0.0,0.0,0.0,,,0.0,0.0,0.0,0.0,0.0
1878272.5286,430,6,7,0430-06-07,6,-1.2782,1.1638,6250.9,50.0,0.0,,,0.0,0.0,0.0,,,0.0,0.0,0.0,,,0.0,0.0,0.0,,,0.0,0.0,0.0,,,0.0,0.0,0.0,,,0.0,0.0,0.0,,,0.0,0.0,0.0,,,0.0,0.0,0.0,0.0,0.0
1878420.77649,430,11,2,0430-11-02,0,-1.2366,1.1815,6250.9,50.0,0.0,,,0.0,0.0,0.0,,,0.0,0.0,0.0,,,0.0,0.0,0.0,,,0.0,0.0,0.0,,,0.0,0.0,0.0,,,0.0,0.0,0.0,,,0.0,0.0,0.0,,,0.0,0.0,0.0,0.0,0.0
1878597.4051,431,4,27,0431-04-27,1,0.6713,0.6602,6241.4,50.0,0.0,,,0.0,0.0,0.0,,,0.0,0.0,0.0,,,0.0,0.0,0.0,,,0.0,0.0,0.0,,,0.0,0.0,0.0,,,0.0,0.0,0.0,,,0.0,0.0,0.0,,,0.0,0.0,0.0,0.0,0.0
1878774.97347,431,10,22,0431-10-22,4,-0.5768,0.5243,6241.4,50.0,0.0,,,0.0,0.0,0.0,,,0.0,0.0,0.0,,,0.0,0.0,0.0,,,0.0,0.0,0.0,,,0.0,0.0,0.0,,,0.0,0.0,0.0,,,0.0,0.0,0.0,,,0.0,0.0,0.0,0.0,0.0
1878952.05379,432,4,16,0432-04-16,6,-0.086,0.0875,6232.0,50.0,0.0,,,0.0,0.0,0.0,,,0.0,0.0,0.0,,,0.0,0.0,0.0,,,0.0,0.0,0.0,,,0.0,0.0,0.0,,,0.0,0.0,0.1096,44.4,12:37,0.1138,0.1049,0.43,47.1,12:41,0.4343,0.4251,0.0,0.0,0.0
1879128.95376,432,10,10,0432-10-10,1,0.1157,0.1039,6232.0,50.0,0.0876,5.4,07:33,0.0926,0.0824,0.0423,5.3,07:37,0.0471,0.0373,0.1163,5.0,07:33,0.1213,0.1113,0.0766,6.1,07:35,0.0816,0.0714,0.0513,8.2,07:35,0.057,0.0457,0.2746,22.1,07:31,0.284,0.2648,0.1489,34.5,07:51,0.1613,0.1363,0.3639,42.9,07:53,0.379,0.3487,0.1163,0.1213,0.1113
1879306.75755,433,4,6,0433-04-06,4,-0.8167,0.8239,6222.5,50.0,0.0,,,0.0,0.0,0.0,,,0.0,0.0,0.0,,,0.0,0.0,0.0,,,0.0,0.0,0.0,,,0.0,0.0,0.0,,,0.0,0.0,0.0,,,0.0,0.0,0.0,,,0.0,0.0,0.0,0.0,0.0
1879483.02268,433,9,29,0433-09-29,5,0.812,0.7545,6222.5,50.0,0.7441,24.4,09:40,0.7519,0.7366,0.7876,23.2,09:42,0.7947,0.7802,0.7137,24.4,09:38,0.7216,0.7062,0.7568,24.8,09:42,0.7644,0.7492,0.7897,26.4,09:46,0.798,0.7817,0.6344,44.0,10:10,0.6477,0.6212,0.7917,44.8,10:44,0.8042,0.7789,0.6187,51.9,11:02,0.633,0.6039,0.7876,0.7947,0.7802
1879631.79534,434,2,25,0434-02-25,0,1.1588,1.0836,6213.0,50.0,0.0,,,0.0,0.0,0.0,,,0.0,0.0,0.0,,,0.0,0.0,0.0,,,0.0,0.0,0.0,,,0.0,0.0,0.0,,,0.0,0.0,0.3094,-0.7,04:45,0.3561,0.2716,0.1255,-0.6,04:33,0.1677,0.0914,0.0,0.0,0.0
1879807.98623,434,8,20,0434-08-20,1,-1.1779,1.1836,6213.0,50.0,0.0,,,0.0,0.0,0.0,,,0.0,0.0,0.0,,,0.0,0.0,0.0,,,0.0,0.0,0.0,,,0.0,0.0,0.0,,,0.0,0.0,0.0,,,0.0,0.0,0.0,,,0.0,0.0,0.0,0.0,0.0
1879837.39326,434,9,18,0434-09-18,2,1.4687,1.4422,6213.0,50.0,0.0,,,0.0,0.0,0.0,,,0.0,0.0,0.0,,,0.0,0.0,0.0,,,0.0,0.0,0.0,,,0.0,0.0,0.0,,,0.0,0.0,0.0,,,0.0,0.0,0.0,,,0.0,0.0,0.0,0.0,0.0
1879985.90225,435,2,14,0435-02-14,4,0.4698,0.4227,6203.5,50.0,0.0358,-0.9,07:49,0.0642,0.0,0.0059,-0.7,07:55,0.0479,0.0,0.0,,,0.0443,0.0,0.0522,-0.7,07:47,0.0905,0.023,0.138,-0.7,07:31,0.1556,0.1219,0.3049,7.4,06:55,0.3085,0.3016,0.2966,21.5,07:15,0.2974,0.2962,0.4602,25.6,06:59,0.4604,0.4602,0.0522,0.0905,0.023
1880162.67747,435,8,10,0435-08-10,6,-0.4518,0.4607,6203.5,50.0,0.0,,,0.0,0.0,0.0,,,0.0,0.0,0.0,,,0.0,0.0,0.0,,,0.0,0.0,0.0,,,0.0,0.0,0.0,,,0.0,0.0,0.0,,,0.0,0.0,0.0,,,0.0,0.0,0.0,0.0,0.0
1880339.88088,436,2,3,0436-02-03,1,-0.2339,0.2117,6194.0,50.0,0.0,,,0.0,0.0,0.0,,,0.0,0.0,0.0,,,0.0,0.0,0.0,,,0.0,0.0,0.0,,,0.0,0.0,0.0,,,0.0,0.0,0.0,,,0.0,0.0,0.0,,,0.0,0.0,0.0,0.0,0.0
1880517.33819,436,7,29,0436-07-29,3,0.2845,0.2814,6194.0,50.0,0.0,,,0.0,0.0,0.0,,,0.0,0.0,0.0,,,0.0,0.0,0.0,,,0.0,0.0,0.0,,,0.0,0.0,0.0,,,0.0,0.0,0.0,,,0.0,0.0,0.0,,,0.0,0.0,0.0,0.0,0.0
1880694.04479,437,1,22,0437-01-22,5,-0.9214,0.8739,6184.5,50.0,0.0,,,0.0,0.0,0.0,,,0.0,0.0,0.0,,,0.0,0.0,0.0,,,0.0,0.0,0.0,,,0.0,0.0,0.0,,,0.0,0.0,0.0,,,0.0,0.0,0.0,,,0.0,0.0,0.0,0.0,0.0
1880871.78273,437,7,19,0437-07-19,1,1.0874,1.0187,6184.5,50.0,0.4633,-0.8,04:14,0.4866,0.4143,0.5537,-0.7,04:02,0.5566,0.5471,0.3168,-0.7,04:26,0.3784,0.2732,0.5057,-0.9,04:08,0.5167,0.4723,0.5121,0.1,03:58,0.519,0.5051,0.1866,-0.8,03:48,0.1965,0.1603,0.0803,6.2,03:26,0.0906,0.0699,0.0,,,0.0,0.0,0.5537,0.5566,0.5471
1881019.04848,437,12,13,0437-12-13,1,1.1534,1.1736,6184.5,50.0,0.555,9.7,10:50,0.5639,0.5456,0.5757,8.0,10:52,0.584,0.5672,0.5341,10.2,10:48,0.5436,0.5242,0.565,9.7,10:52,0.5737,0.5561,0.5961,10.4,10:56,0.6039,0.5879,0.5373,24.8,11:18,0.543,0.531,0.5526,21.3,11:46,0.5543,0.5504,0.3902,28.6,11:56,0.3934,0.3863,0.5757,0.584,0.5672
1881196.3093,438,6,8,0438-06-08,3,-0.9559,0.8573,6175.0,50.0,0.0,,,0.0,0.0,0.0,,,0.0,0.0,0.0,,,0.0,0.0,0.0,,,0.0,0.0,0.0,,,0.0,0.0,0.0,,,0.0,0.0,0.0,,,0.0,0.0,0.0,,,0.0,0.0,0.0,0.0,0.0
1881373.70152,438,12,3,0438-12-03,6,0.4984,0.5051,6175.0,50.0,0.0,,,0.0,0.0,0.0,,,0.0,0.0,0.0,,,0.0,0.0,0.0,,,0.0,0.0,0.0,,,0.0,0.0,0.0,,,0.0,0.0,0.0,,,0.0,0.0,0.0,,,0.0,0.0,0.0,0.0,0.0
1881550.38953,439,5,28,0439-05-28,0,-0.173,0.1593,6165.5,50.0,0.0,,,0.0,0.0,0.0,,,0.0,0.0,0.0,,,0.0,0.0,0.0,,,0.0,0.0,0.0,,,0.0,0.0,0.0,,,0.0,0.0,0.0,,,0.0,0.0,0.0,,,0.0,0.0,0.0,0.0,0.0
1881728.24143,439,11,22,0439-11-22,3,-0.1867,0.1808,6165.5,50.0,0.0,,,0.0,0.0,0.0,,,0.0,0.0,0.0,,,0.0,0.0,0.0,,,0.0,0.0,0.0,,,0.0,0.0,0.0,,,0.0,0.0,0.0,,,0.0,0.0,0.0,,,0.0,0.0,0.0,0.0,0.0
1881904.74243,440,5,17,0440-05-17,5,0.6027,0.5858,6156.0,50.0,0.1557,-0.9,04:14,0.1928,0.0919,0.2557,-0.7,04:04,0.2819,0.2313,0.0,,,0.072,0.0,0.1955,-0.7,04:10,0.2427,0.159,0.301,-0.9,03:50,0.3036,0.2864,0.3118,-0.8,03:44,0.3509,0.2444,0.5133,5.3,03:16,0.5203,0.5064,0.6529,-0.4,03:02,0.6601,0.6394,0.2557,0.2819,0.2313
1882082.50462,440,11,11,0440-11-11,1,-0.9206,0.8448,6156.0,50.0,0.0,,,0.0,0.0,0.0,,,0.0,0.0,0.0,,,0.0,0.0,0.0,,,0.0,0.0,0.0,,,0.0,0.0,0.0,,,0.0,0.0,0.0,,,0.0,0.0,0.0,,,0.0,0.0,0.0,0.0,0.0
1882230.06199,441,4,7,0441-04-07,1,-1.2092,1.2343,6146.5,50.0,0.0,,,0.0,0.0,0.0,,,0.0,0.0,0.0,,,0.0,0.0,0.0,,,0.0,0.0,0.0,,,0.0,0.0,0.0,,,0.0,0.0,0.0,,,0.0,0.0,0.0,,,0.0,0.0,0.0,0.0,0.0
1882259.36047,441,5,6,0441-05-06,2,1.3112,1.3293,6146.5,50.0,0.0,,,0.0,0.0,0.0,,,0.0,0.0,0.0,,,0.0,0.0,0.0,,,0.0,0.0,0.0,,,0.0,0.0,0.0,,,0.0,0.0,0.0,,,0.0,0.0,0.0,,,0.0,0.0,0.0,0.0,0.0
1882406.73822,441,10,1,0441-10-01,3,1.4003,1.2645,6146.5,50.0,0.0,,,0.0,0.0,0.0,,,0.0,0.0,0.0,,,0.0,0.0,0.0,,,0.0,0.0,0.0,,,0.0,0.0,0.0,,,0.0,0.0,0.0,,,0.0,0.0,0.0,,,0.0,0.0,0.0,0.0,0.0
1882584.74293,442,3,28,0442-03-28,6,-0.5105,0.5095,6137.0,50.0,0.0,,,0.0,0.0,0.0,,,0.0,0.0,0.0,,,0.0,0.0,0.0,,,0.0,0.0,0.0,,,0.0,0.0,0.0,,,0.0,0.0,0.0,,,0.0,0.0,0.0,,,0.0,0.0,0.0,0.0,0.0
1882760.88631,442,9,20,0442-09-20,0,0.6424,0.6061,6137.0,50.0,0.5035,-0.8,06:10,0.5367,0.4434,0.5817,-0.8,06:08,0.612,0.5235,0.4136,-0.7,06:16,0.4725,0.3694,0.5462,-0.8,06:06,0.5726,0.4938,0.6075,-0.3,05:52,0.6079,0.607,0.2359,8.9,05:48,0.2385,0.2335,0.278,23.3,06:00,0.2865,0.27,0.0,,,0.0067,0.0,0.5817,0.612,0.5235
1882939.23163,443,3,17,0443-03-17,3,0.2358,0.2232,6127.5,50.0,0.6359,8.5,17:31,0.6394,0.6322,0.581,8.2,17:29,0.5843,0.5775,0.6608,9.6,17:31,0.6645,0.6568,0.6299,7.9,17:31,0.6331,0.6264,0.6305,5.5,17:31,0.6328,0.628,0.6514,-0.7,17:19,0.7463,0.556,0.0,,,0.0,0.0,0.0,,,0.0,0.0,0.6608,0.6645,0.6568
1883115.34443,443,9,9,0443-09-09,4,-0.1101,0.1096,6127.5,50.0,0.0,,,0.0,0.0,0.0,,,0.0,0.0,0.0,,,0.0,0.0,0.0,,,0.0,0.0,0.0,,,0.0,0.0,0.0,,,0.0,0.0,0.0,,,0.0,0.0,0.0,,,0.0,0.0,0.0,0.0,0.0
1883293.4117,444,3,5,0444-03-05,0,1.0047,0.909,6118.0,50.0,0.0,,,0.0,0.0,0.0,,,0.0,0.0,0.0,,,0.0,0.0,0.0,,,0.0,0.0,0.0,,,0.0,0.0,0.0,,,0.0,0.0,0.0,,,0.0,0.0,0.0,,,0.0,0.0,0.0,0.0,0.0
1883470.00675,444,8,29,0444-08-29,2,-0.8122,0.8292,6118.0,50.0,0.0,,,0.0,0.0,0.0,,,0.0,0.0,0.0,,,0.0,0.0,0.0,,,0.0,0.0,0.0,,,0.0,0.0,0.0,,,0.0,0.0,0.0,,,0.0,0.0,0.0,,,0.0,0.0,0.0,0.0,0.0
1883617.68315,445,1,24,0445-01-24,3,-1.2632,1.1555,6108.5,50.0,0.0,,,0.0,0.0,0.0,,,0.0,0.0,0.0,,,0.0,0.0,0.0,,,0.0,0.0,0.0,,,0.0,0.0,0.0,,,0.0,0.0,0.0,,,0.0,0.0,0.0,,,0.0,0.0,0.0,0.0,0.0
1883795.30302,445,7,20,0445-07-20,5,1.0625,1.0357,6108.5,50.0,0.6688,19.2,18:12,0.6771,0.6603,0.6829,19.9,18:08,0.691,0.6747,0.6525,19.5,18:14,0.6611,0.6437,0.6772,18.6,18:12,0.6852,0.669,0.7057,16.6,18:10,0.7132,0.698,0.6719,0.9,18:26,0.6772,0.6657,0.0,,,0.0447,0.0,0.0,,,0.0,0.0,0.6829,0.691,0.6747
1883824.68158,445,8,19,0445-08-19,0,-1.5396,1.5389,6108.5,50.0,0.0,,,0.0,0.0,0.0,,,0.0,0.0,0.0,,,0.0,0.0,0.0,,,0.0,0.0,0.0,,,0.0,0.0,0.0,,,0.0,0.0,0.0,,,0.0,0.0,0.0,,,0.0,0.0,0.0,0.0,0.0
1883971.9305,446,1,13,0446-01-13,0,-0.5103,0.4921,6099.0,50.0,0.0,,,0.0,0.0,0.0,,,0.0,0.0,0.0,,,0.0,0.0,0.0,,,0.0,0.0,0.0,,,0.0,0.0,0.0,,,0.0,0.0,0.0,,,0.0,0.0,0.0,,,0.0,0.0,0.0,0.0,0.0
1884149.66707,446,7,10,0446-07-10,3,0.3257,0.3008,6099.0,50.0,0.0,,,0.0,0.0,0.0,,,0.0,0.0,0.0,,,0.0,0.0,0.0,,,0.0,0.0,0.0,,,0.0,0.0,0.0,,,0.0,0.0,0.0,,,0.0,0.0,0.0,,,0.0,0.0,0.0,0.0,0.0
1884326.45846,447,1,2,0447-01-02,4,0.1976,0.1998,6089.5,50.0,0.0,,,0.0,0.0,0.0,,,0.0,0.0,0.0,,,0.0,0.0,0.0,,,0.0,0.0,0.0,,,0.0,0.0,0.0,,,0.0,0.0,0.0,,,0.0,0.0,0.0,,,0.0,0.0,0.0,0.0,0.0
1884503.75388,447,6,29,0447-06-29,0,-0.4448,0.399,6089.5,50.0,0.0,,,0.0,0.0,0.0,,,0.0,0.0,0.0,,,0.0,0.0,0.0,,,0.0,0.0,0.0,,,0.0,0.0,0.0,,,0.0,0.0,0.0,,,0.0,0.0,0.0,,,0.0,0.0,0.0,0.0,0.0
1884681.11228,447,12,23,0447-12-23,2,0.8608,0.8772,6089.5,50.0,0.8598,11.2,13:28,0.8666,0.8531,0.845,9.3,13:28,0.8517,0.839,0.8613,12.5,13:26,0.8684,0.8546,0.8622,10.8,13:28,0.8698,0.8554,0.885,9.5,13:34,0.8928,0.8771,0.834,14.2,14:00,0.8483,0.8194,0.6222,3.9,14:14,0.6368,0.6074,0.3671,7.9,14:20,0.3838,0.3502,0.8622,0.8698,0.8554
1884857.79994,448,6,17,0448-06-17,4,-1.1909,1.0868,6080.0,50.0,0.0,,,0.0,0.0,0.0,,,0.0,0.0,0.0,,,0.0,0.0,0.0,,,0.0,0.0,0.0,,,0.0,0.0,0.0,,,0.0,0.0,0.0,,,0.0,0.0,0.0,,,0.0,0.0,0.0,0.0,0.0
1885006.12676,448,11,12,0448-11-12,5,-1.2462,1.1871,6080.0,50.0,0.0,,,0.0,0.0,0.0,,,0.0,0.0,0.0,,,0.0,0.0,0.0,,,0.0,0.0,0.0,,,0.0,0.0,0.0,,,0.0,0.0,0.0,,,0.0,0.0,0.0,,,0.0,0.0,0.0,0.0,0.0
1885182.70976,449,5,8,0449-05-08,0,0.7392,0.7291,6070.5,50.0,0.0,,,0.0,0.0,0.0,,,0.0,0.0,0.0,,,0.0,0.0,0.0,,,0.0,0.0,0.0,,,0.0,0.0,0.0,,,0.0,0.0,0.4323,-0.8,02:50,0.5006,0.3272,0.0,,,0.0,0.0,0.0,0.0,0.0
1885360.30385,449,11,1,0449-11-01,2,-0.592,0.5371,6070.5,50.0,0.0,,,0.0,0.0,0.0,,,0.0,0.0,0.0,,,0.0,0.0,0.0,,,0.0,0.0,0.0,,,0.0,0.0,0.0,,,0.0,0.0,0.0,,,0.0,0.0,0.0,,,0.0,0.0,0.0,0.0,0.0
1885537.37147,450,4,27,0450-04-27,4,-0.0212,0.0216,6061.0,50.0,0.0,,,0.0,0.0,0.0,,,0.0,0.0,0.0,,,0.0,0.0,0.0,,,0.0,0.0,0.0,,,0.0,0.0,0.0,,,0.0,0.0,0.0,,,0.0,0.0,0.0,,,0.0,0.0,0.0,0.0,0.0
1885714.27558,450,10,21,0450-10-21,6,0.0944,0.0849,6061.0,50.0,0.0,,,0.0,0.0,0.0,,,0.0,0.0,0.0,,,0.0,0.0,0.0,,,0.0,0.0,0.0,,,0.0,0.0,0.0,,,0.0,0.0,0.0,,,0.0,0.0,0.0,,,0.0,0.0,0.0,0.0,0.0
1885892.07659,451,4,17,0451-04-17,2,-0.7585,0.7636,6051.5,50.0,0.0,,,0.0,0.0,0.0,,,0.0,0.0,0.0,,,0.0,0.0,0.0,,,0.0,0.0,0.0,,,0.0,0.0,0.0,,,0.0,0.0,0.0,,,0.0,0.0,0.0,,,0.0,0.0,0.0,0.0,0.0
1886068.35179,451,10,10,0451-10-10,3,0.7852,0.7317,6051.5,50.0,0.0,,,0.0,0.0,0.0,,,0.0,0.0,0.0,,,0.0,0.0,0.0,,,0.0,0.0,0.0,,,0.0,0.0,0.0,,,0.0,0.0,0.0,,,0.0,0.0,0.0,,,0.0,0.0,0.0,0.0,0.0
1886217.11249,452,3,7,0452-03-07,5,1.2018,1.1205,6042.1,50.0,0.2021,29.8,13:41,0.2115,0.1927,0.2341,27.8,13:43,0.243,0.2253,0.1945,31.1,13:39,0.2043,0.1847,0.2001,29.3,13:43,0.2095,0.1908,0.1752,27.7,13:49,0.1842,0.1661,0.0,,,0.0,0.0,0.0,,,0.0,0.0,0.0,,,0.0,0.0,0.2341,0.243,0.2253
1886393.31628,452,8,30,0452-08-30,6,-1.2206,1.2293,6042.1,50.0,0.0,,,0.0,0.0,0.0,,,0.0,0.0,0.0,,,0.0,0.0,0.0,,,0.0,0.0,0.0,,,0.0,0.0,0.0,,,0.0,0.0,0.0,,,0.0,0.0,0.0,,,0.0,0.0,0.0,0.0,0.0
1886422.73339,452,9,29,0452-09-29,1,1.4367,1.4151,6042.1,50.0,0.0,,,0.0,0.0,0.0,,,0.0,0.0,0.0,,,0.0,0.0,0.0,,,0.0,0.0,0.0,,,0.0,0.0,0.0,,,0.0,0.0,0.0,,,0.0,0.0,0.0,,,0.0,0.0,0.0,0.0,0.0
1886571.21134,453,2,24,0453-02-24,2,0.507,0.4557,6032.6,50.0,0.6993,8.2,16:51,0.7055,0.6931,0.6578,7.4,16:49,0.6634,0.6518,0.7151,9.1,16:53,0.7218,0.7085,0.6973,7.6,16:51,0.7034,0.6913,0.71,4.9,16:53,0.7153,0.7043,0.7442,-0.8,16:57,0.7893,0.6704,0.0,,,0.0,0.0,0.0,,,0.0,0.0,0.7151,0.7218,0.7085
1886748.00509,453,8,20,0453-08-20,4,-0.5048,0.5145,6032.6,50.0,0.0,,,0.0,0.0,0.0,,,0.0,0.0,0.0,,,0.0,0.0,0.0,,,0.0,0.0,0.0,,,0.0,0.0,0.0,,,0.0,0.0,0.0,,,0.0,0.0,0.0,,,0.0,0.0,0.0,0.0,0.0
1886925.19958,454,2,13,0454-02-13,6,-0.2062,0.1869,6023.1,50.0,0.0,,,0.0,0.0,0.0,,,0.0,0.0,0.0,,,0.0,0.0,0.0,,,0.0,0.0,0.0,,,0.0,0.0,0.0,,,0.0,0.0,0.0,,,0.0,0.0,0.0,,,0.0,0.0,0.0,0.0,0.0
1887102.65178,454,8,10,0454-08-10,2,0.2246,0.2215,6023.1,50.0,0.0,,,0.0,0.0,0.0,,,0.0,0.0,0.0,,,0.0,0.0,0.0,,,0.0,0.0,0.0,,,0.0,0.0,0.0,,,0.0,0.0,0.0,,,0.0,0.0,0.0,,,0.0,0.0,0.0,0.0,0.0
1887279.3847,455,2,2,0455-02-02,3,-0.9018,0.858,6013.6,50.0,0.0,,,0.0,0.0,0.0,,,0.0,0.0,0.0,,,0.0,0.0,0.0,,,0.0,0.0,0.0,,,0.0,0.0,0.0,,,0.0,0.0,0.0,,,0.0,0.0,0.0,,,0.0,0.0,0.0,0.0,0.0
1887457.07412,455,7,30,0455-07-30,6,1.0214,0.9538,6013.6,50.0,0.1573,53.4,11:44,0.1605,0.1545,0.2085,51.5,11:44,0.2115,0.2057,0.1276,54.0,11:42,0.1306,0.1251,0.1678,53.3,11:46,0.1712,0.1647,0.1887,53.7,11:54,0.1932,0.1845,0.0,,,0.0,0.0,0.0923,45.9,13:06,0.1055,0.0792,0.0,,,0.0,0.0,0.2085,0.2115,0.2057
1887604.41737,455,12,24,0455-12-24,6,1.1548,1.1763,6013.6,50.0,0.0,,,0.0,0.0,0.0,,,0.0,0.0,0.0,,,0.0,0.0,0.0,,,0.0,0.0,0.0,,,0.0,0.0,0.0,,,0.0,0.0,0.0,,,0.0,0.0,0.0,,,0.0,0.0,0.0,0.0,0.0
1887633.86521,456,1,23,0456-01-23,1,-1.5338,1.5375,6004.1,50.0,0.0,,,0.0,0.0,0.0,,,0.0,0.0,0.0,,,0.0,0.0,0.0,,,0.0,0.0,0.0,,,0.0,0.0,0.0,,,0.0,0.0,0.0,,,0.0,0.0,0.0,,,0.0,0.0,0.0,0.0,0.0
1887781.57404,456,6,19,0456-06-19,2,-1.0434,0.9361,6004.1,50.0,0.0,,,0.0,0.0,0.0,,,0.0,0.0,0.0,,,0.0,0.0,0.0,,,0.0,0.0,0.0,,,0.0,0.0,0.0,,,0.0,0.0,0.0,,,0.0,0.0,0.0,,,0.0,0.0,0.0,0.0,0.0
1887959.07011,456,12,13,0456-12-13,4,0.501,0.507,6004.1,50.0,0.195,11.3,11:26,0.2028,0.1875,0.1778,9.5,11:28,0.185,0.1709,0.2125,12.0,11:24,0.221,0.2044,0.1865,11.2,11:28,0.194,0.1793,0.1614,11.4,11:34,0.1678,0.1554,0.2364,23.5,12:04,0.2387,0.2345,0.2763,16.0,12:40,0.2825,0.2706,0.4531,21.4,12:52,0.4616,0.4452,0.2125,0.221,0.2044
1888135.66707,457,6,8,0457-06-08,6,-0.2561,0.2366,5994.6,50.0,0.0,,,0.0,0.0,0.0,,,0.0,0.0,0.0,,,0.0,0.0,0.0,,,0.0,0.0,0.0,,,0.0,0.0,0.0,,,0.0,0.0,0.0,,,0.0,0.0,0.0,,,0.0,0.0,0.0,0.0,0.0
1888313.5985,457,12,3,0457-12-03,2,-0.1841,0.1778,5994.6,50.0,0.0,,,0.0,0.0,0.0,,,0.0,0.0,0.0,,,0.0,0.0,0.0,,,0.0,0.0,0.0,,,0.0,0.0,0.0,,,0.0,0.0,0.0,,,0.0,0.0,0.0,,,0.0,0.0,0.0,0.0,0.0
1888490.0402,458,5,28,0458-05-28,3,0.5248,0.5118,5985.1,50.0,0.9358,55.4,11:18,0.946,0.9248,0.8938,53.8,11:20,0.904,0.8829,0.9464,55.7,11:14,0.9585,0.9338,0.9368,55.5,11:20,0.9479,0.9265,0.9642,56.2,11:24,0.9747,0.9541,0.5981,68.9,11:36,0.6081,0.5885,0.4976,55.9,12:12,0.4989,0.4969,0.18,57.1,12:16,0.1808,0.1799,0.9464,0.9585,0.9338
1888667.84448,458,11,22,0458-11-22,6,-0.9155,0.8382,5985.1,50.0,0.0,,,0.0,0.0,0.0,,,0.0,0.0,0.0,,,0.0,0.0,0.0,,,0.0,0.0,0.0,,,0.0,0.0,0.0,,,0.0,0.0,0.0,,,0.0,0.0,0.0,,,0.0,0.0,0.0,0.0,0.0
1888815.38332,459,4,18,0459-04-18,6,-1.2694,1.2955,5975.6,50.0,0.0,,,0.0,0.0,0.0,,,0.0,0.0,0.0,,,0.0,0.0,0.0,,,0.0,0.0,0.0,,,0.0,0.0,0.0,,,0.0,0.0,0.0,,,0.0,0.0,0.0,,,0.0,0.0,0.0,0.0,0.0
1888844.67121,459,5,18,0459-05-18,1,1.239,1.2579,5975.6,50.0,0.0,,,0.0,0.0,0.0,,,0.0,0.0,0.0,,,0.0,0.0,0.0,,,0.0,0.0,0.0,,,0.0,0.0,0.0,,,0.0,0.0,0.0,,,0.0,0.0,0.0,,,0.0,0.0,0.0,0.0,0.0
1888992.05742,459,10,12,0459-10-12,1,1.4247,1.2885,5975.6,50.0,0.0,,,0.0,0.0,0.0,,,0.0,0.0,0.0,,,0.0,0.0,0.0,,,0.0,0.0,0.0,,,0.0,0.0,0.0,,,0.0,0.0,0.0,,,0.0,0.0,0.0,,,0.0,0.0,0.0,0.0,0.0
1889170.06309,460,4,7,0460-04-07,4,-0.5691,0.5665,5966.1,50.0,0.0,,,0.0,0.0,0.0,,,0.0,0.0,0.0,,,0.0,0.0,0.0,,,0.0,0.0,0.0,,,0.0,0.0,0.0,,,0.0,0.0,0.0,,,0.0,0.0,0.0,,,0.0,0.0,0.0,0.0,0.0
1889346.21582,460,9,30,0460-09-30,5,0.6702,0.6345,5966.1,50.0,0.5117,20.3,15:25,0.5198,0.5038,0.5042,19.3,15:21,0.5118,0.4967,0.5242,21.5,15:25,0.5327,0.5159,0.5046,19.6,15:25,0.5122,0.497,0.4799,17.0,15:29,0.4866,0.4737,0.5044,7.7,16:05,0.5065,0.5027,0.373,-0.7,15:45,0.428,0.3312,0.2384,-0.8,15:45,0.2938,0.1536,0.5242,0.5327,0.5159
1889524.54099,461,3,28,0461-03-28,2,0.182,0.1717,5956.6,50.0,0.0,,,0.0,0.0,0.0,,,0.0,0.0,0.0,,,0.0,0.0,0.0,,,0.0,0.0,0.0,,,0.0,0.0,0.0,,,0.0,0.0,0.0,,,0.0,0.0,0.0,,,0.0,0.0,0.0,0.0,0.0
1889700.68316,461,9,20,0461-09-20,3,-0.075,0.0748,5956.6,50.0,0.0,,,0.0,0.0,0.0,,,0.0,0.0,0.0,,,0.0,0.0,0.0,,,0.0,0.0,0.0,,,0.0,0.0,0.0,,,0.0,0.0,0.0,,,0.0,0.0,0.0,,,0.0,0.0,0.0,0.0,0.0
1889878.71089,462,3,17,0462-03-17,6,0.9558,0.8633,5947.1,50.0,0.0,,,0.0,0.0,0.0,,,0.0,0.0,0.0,,,0.0,0.0,0.0,,,0.0,0.0,0.0,,,0.0,0.0,0.0,,,0.0,0.0,0.0,,,0.0,0.0,0.0,,,0.0,0.0,0.0,0.0,0.0
1890055.34432,462,9,9,0462-09-09,0,-0.7703,0.7866,5947.1,50.0,0.0,,,0.0,0.0,0.0,,,0.0,0.0,0.0,,,0.0,0.0,0.0,,,0.0,0.0,0.0,,,0.0,0.0,0.0,,,0.0,0.0,0.0,,,0.0,0.0,0.0,,,0.0,0.0,0.0,0.0,0.0
1890203.01026,463,2,4,0463-02-04,1,-1.2815,1.175,5937.6,50.0,0.0,,,0.0,0.0,0.0,,,0.0,0.0,0.0,,,0.0,0.0,0.0,,,0.0,0.0,0.0,,,0.0,0.0,0.0,,,0.0,0.0,0.0,,,0.0,0.0,0.0,,,0.0,0.0,0.0,0.0,0.0
1890380.6084,463,8,1,0463-08-01,4,1.1313,1.0992,5937.6,50.0,0.0,,,0.0,0.0,0.0,,,0.0,0.0,0.0,,,0.0,0.0,0.0,,,0.0,0.0,0.0,,,0.0,0.0,0.0,,,0.0,0.0,0.0,,,0.0,0.0,0.0,,,0.0,0.0,0.0,0.0,0.0
1890410.00764,463,8,30,0463-08-30,5,-1.4963,1.492,5937.6,50.0,0.0,,,0.0,0.0,0.0,,,0.0,0.0,0.0,,,0.0,0.0,0.0,,,0.0,0.0,0.0,,,0.0,0.0,0.0,,,0.0,0.0,0.0,,,0.0,0.0,0.0,,,0.0,0.0,0.0,0.0,0.0
1890557.27883,464,1,24,0464-01-24,5,-0.5214,0.5043,5928.1,50.0,0.0,,,0.0,0.0,0.0,,,0.0,0.0,0.0,,,0.0,0.0,0.0,,,0.0,0.0,0.0,,,0.0,0.0,0.0,,,0.0,0.0,0.0,,,0.0,0.0,0.0,,,0.0,0.0,0.0,0.0,0.0
1890734.94945,464,7,20,0464-07-20,1,0.4039,0.3719,5928.1,50.0,0.8225,27.5,07:44,0.8278,0.8166,0.7751,27.8,07:46,0.7807,0.7701,0.8412,26.4,07:42,0.8469,0.8348,0.8189,28.3,07:46,0.8248,0.8136,0.8287,31.0,07:48,0.8331,0.8235,0.7317,42.2,07:48,0.7349,0.729,0.7156,59.3,08:18,0.7209,0.7109,0.4265,65.8,08:26,0.4342,0.4199,0.8412,0.8469,0.8348
1890911.8221,465,1,13,0465-01-13,3,0.19,0.1924,5918.6,50.0,0.0,,,0.0,0.0,0.0,,,0.0,0.0,0.0,,,0.0,0.0,0.0,,,0.0,0.0,0.0,,,0.0,0.0,0.0,,,0.0,0.0,0.0,,,0.0,0.0,0.0,,,0.0,0.0,0.0,0.0,0.0
1891089.02183,465,7,9,0465-07-09,5,-0.36,0.3229,5918.6,50.0,0.0,,,0.0,0.0,0.0,,,0.0,0.0,0.0,,,0.0,0.0,0.0,,,0.0,0.0,0.0,,,0.0,0.0,0.0,,,0.0,0.0,0.0,,,0.0,0.0,0.0,,,0.0,0.0,0.0,0.0,0.0
1891266.48002,466,1,2,0466-01-02,0,0.8577,0.873,5909.1,50.0,0.0,,,0.0,0.0,0.0,,,0.0,0.0,0.0,,,0.0,0.0,0.0,,,0.0,0.0,0.0,,,0.0,0.0,0.0,,,0.0,0.0,0.0,,,0.0,0.0,0.0,,,0.0,0.0,0.0,0.0,0.0
1891443.07426,466,6,28,0466-06-28,2,-1.1058,1.0117,5909.1,50.0,0.0,,,0.0,0.0,0.0,,,0.0,0.0,0.0,,,0.0,0.0,0.0,,,0.0,0.0,0.0,,,0.0,0.0,0.0,,,0.0,0.0,0.0,,,0.0,0.0,0.0,,,0.0,0.0,0.0,0.0,0.0
1891591.47853,466,11,23,0466-11-23,3,-1.2533,1.1904,5909.1,50.0,0.0,,,0.0,0.0,0.0,,,0.0,0.0,0.0,,,0.0,0.0,0.0,,,0.0,0.0,0.0,,,0.0,0.0,0.0,,,0.0,0.0,0.0,,,0.0,0.0,0.0,,,0.0,0.0,0.0,0.0,0.0
1891768.01293,467,5,19,0467-05-19,5,0.8095,0.8009,5899.6,50.0,0.6664,48.3,10:14,0.6753,0.6574,0.7082,47.4,10:18,0.7168,0.7002,0.6532,47.9,10:10,0.6628,0.644,0.6663,48.7,10:16,0.6752,0.6575,0.6454,50.4,10:20,0.6537,0.6376,0.2036,67.1,10:30,0.2122,0.1956,0.1141,64.1,11:10,0.1153,0.1137,0.0,,,0.0,0.0,0.7082,0.7168,0.7002
1891945.63727,467,11,13,0467-11-13,1,-0.6031,0.5463,5899.6,50.0,0.0,,,0.0,0.0,0.0,,,0.0,0.0,0.0,,,0.0,0.0,0.0,,,0.0,0.0,0.0,,,0.0,0.0,0.0,,,0.0,0.0,0.0,,,0.0,0.0,0.0,,,0.0,0.0,0.0,0.0,0.0
1892122.68631,468,5,8,0468-05-08,3,0.0473,0.0482,5890.1,50.0,0.0,,,0.0,0.0,0.0,,,0.0,0.0,0.0,,,0.0,0.0,0.0,,,0.0,0.0,0.0,,,0.0,0.0,0.0,,,0.0,0.0,0.0,,,0.0,0.0,0.0,,,0.0,0.0,0.0,0.0,0.0
1892299.60208,468,11,1,0468-11-01,5,0.0784,0.0705,5890.1,50.0,0.0,,,0.0,0.0,0.0,,,0.0,0.0,0.0,,,0.0,0.0,0.0,,,0.0,0.0,0.0,,,0.0,0.0,0.0,,,0.0,0.0,0.0,,,0.0,0.0,0.0,,,0.0,0.0,0.0,0.0,0.0
1892477.39155,469,4,27,0469-04-27,0,-0.696,0.6991,5880.6,50.0,0.0,,,0.0,0.0,0.0,,,0.0,0.0,0.0,,,0.0,0.0,0.0,,,0.0,0.0,0.0,,,0.0,0.0,0.0,,,0.0,0.0,0.0,,,0.0,0.0,0.0,,,0.0,0.0,0.0,0.0,0.0
1892653.68711,469,10,21,0469-10-21,2,0.7648,0.7147,5880.6,50.0,0.0,,,0.0,0.0,0.0,,,0.0,0.0,0.0,,,0.0,0.0,0.0,,,0.0,0.0,0.0,,,0.0,0.0,0.0,,,0.0,0.0,0.0,,,0.0,0.0,0.0,,,0.0,0.0,0.0,0.0,0.0
1892802.42245,470,3,18,0470-03-18,3,1.2521,1.1639,5871.1,50.0,0.0,,,0.0,0.0,0.0,,,0.0,0.0,0.0,,,0.0,0.0,0.0,,,0.0,0.0,0.0,,,0.0,0.0,0.0,,,0.0,0.0,0.0,,,0.0,0.0,0.0,,,0.0,0.0,0.0,0.0,0.0
1892831.93508,470,4,17,0470-04-17,5,-1.4981,1.4318,5871.1,50.0,0.0,,,0.0,0.0,0.0,,,0.0,0.0,0.0,,,0.0,0.0,0.0,,,0.0,0.0,0.0,,,0.0,0.0,0.0,,,0.0,0.0,0.0,,,0.0,0.0,0.0,,,0.0,0.0,0.0,0.0,0.0
1892978.65206,470,9,11,0470-09-11,5,-1.257,1.2687,5871.1,50.0,0.0,,,0.0,0.0,0.0,,,0.0,0.0,0.0,,,0.0,0.0,0.0,,,0.0,0.0,0.0,,,0.0,0.0,0.0,,,0.0,0.0,0.0,,,0.0,0.0,0.0,,,0.0,0.0,0.0,0.0,0.0
1893008.07922,470,10,10,0470-10-10,6,1.4108,1.3936,5871.1,50.0,0.0,,,0.0,0.0,0.0,,,0.0,0.0,0.0,,,0.0,0.0,0.0,,,0.0,0.0,0.0,,,0.0,0.0,0.0,,,0.0,0.0,0.0,,,0.0,0.0,0.0,,,0.0,0.0,0.0,0.0,0.0
1893156.5134,471,3,8,0471-03-08,1,0.552,0.4957,5861.6,50.0,0.0,,,0.0,0.0,0.0,,,0.0,0.0,0.0,,,0.0,0.0,0.0,,,0.0,0.0,0.0,,,0.0,0.0,0.0,,,0.0,0.0,0.0,,,0.0,0.0,0.0,,,0.0,0.0,0.0,0.0,0.0
1893333.33785,471,8,31,0471-08-31,2,-0.5511,0.5615,5861.6,50.0,0.0,,,0.0,0.0,0.0,,,0.0,0.0,0.0,,,0.0,0.0,0.0,,,0.0,0.0,0.0,,,0.0,0.0,0.0,,,0.0,0.0,0.0,,,0.0,0.0,0.0,,,0.0,0.0,0.0,0.0,0.0
1893510.51121,472,2,25,0472-02-25,5,-0.1695,0.154,5852.1,50.0,0.0,,,0.0,0.0,0.0,,,0.0,0.0,0.0,,,0.0,0.0,0.0,,,0.0,0.0,0.0,,,0.0,0.0,0.0,,,0.0,0.0,0.0,,,0.0,0.0,0.0,,,0.0,0.0,0.0,0.0,0.0
1893687.97004,472,8,20,0472-08-20,0,0.1712,0.1684,5852.1,50.0,0.2531,27.1,08:27,0.2542,0.2516,0.2018,26.9,08:29,0.2029,0.2007,0.2784,26.3,08:25,0.2799,0.2767,0.2459,27.8,08:29,0.247,0.2447,0.24,30.2,08:31,0.2402,0.2395,0.6004,45.0,08:35,0.6031,0.5973,0.5501,58.1,09:01,0.5587,0.541,0.832,67.6,09:09,0.8431,0.8205,0.2784,0.2799,0.2767
1893864.71925,473,2,13,0473-02-13,2,-0.8752,0.8352,5842.6,50.0,0.0,,,0.0,0.0,0.0,,,0.0,0.0,0.0,,,0.0,0.0,0.0,,,0.0,0.0,0.0,,,0.0,0.0,0.0,,,0.0,0.0,0.0,,,0.0,0.0,0.0,,,0.0,0.0,0.0,0.0,0.0
1894042.3691,473,8,9,0473-08-09,4,0.9603,0.8939,5842.6,50.0,0.9331,0.9,19:54,0.9363,0.9281,0.9464,1.9,19:52,0.9511,0.9459,0.9205,0.9,19:56,0.9242,0.9153,0.9372,0.5,19:54,0.9391,0.9352,0.9207,-0.7,19:48,0.9474,0.8635,0.0,,,0.0,0.0,0.0,,,0.0,0.0,0.0,,,0.0,0.0,0.9464,0.9511,0.9459
1894189.78466,474,1,4,0474-01-04,5,1.1584,1.1809,5833.1,50.0,0.0,,,0.0,0.0,0.0,,,0.0,0.0,0.0,,,0.0,0.0,0.0,,,0.0,0.0,0.0,,,0.0,0.0,0.0,,,0.0,0.0,0.0,,,0.0,0.0,0.0,,,0.0,0.0,0.0,0.0,0.0
1894219.21903,474,2,2,0474-02-02,6,-1.5151,1.5219,5833.1,50.0,0.0,,,0.0,0.0,0.0,,,0.0,0.0,0.0,,,0.0,0.0,0.0,,,0.0,0.0,0.0,,,0.0,0.0,0.0,,,0.0,0.0,0.0,,,0.0,0.0,0.0,,,0.0,0.0,0.0,0.0,0.0
1894366.84,474,6,30,0474-06-30,0,-1.1289,1.0133,5833.1,50.0,0.0,,,0.0,0.0,0.0,,,0.0,0.0,0.0,,,0.0,0.0,0.0,,,0.0,0.0,0.0,,,0.0,0.0,0.0,,,0.0,0.0,0.0,,,0.0,0.0,0.0,,,0.0,0.0,0.0,0.0,0.0
1894544.43836,474,12,24,0474-12-24,2,0.5037,0.5089,5833.1,50.0,0.0,,,0.0,0.0,0.0,,,0.0,0.0,0.0,,,0.0,0.0,0.0,,,0.0,0.0,0.0,,,0.0,0.0,0.0,,,0.0,0.0,0.0,,,0.0,0.0,0.0,,,0.0,0.0,0.0,0.0,0.0
1894720.94436,475,6,19,0475-06-19,4,-0.3402,0.3153,5823.6,50.0,0.0,,,0.0,0.0,0.0,,,0.0,0.0,0.0,,,0.0,0.0,0.0,,,0.0,0.0,0.0,,,0.0,0.0,0.0,,,0.0,0.0,0.0,,,0.0,0.0,0.0481,71.7,08:42,0.0608,0.035,0.0,0.0,0.0
1894898.95637,475,12,14,0475-12-14,0,-0.1833,0.1765,5823.6,50.0,0.0,,,0.0,0.0,0.0,,,0.0,0.0,0.0,,,0.0,0.0,0.0,,,0.0,0.0,0.0,,,0.0,0.0,0.0,,,0.0,0.0,0.0,,,0.0,0.0,0.0,,,0.0,0.0,0.0,0.0,0.0
1895075.33764,476,6,7,0476-06-07,1,0.4456,0.436,5814.1,50.0,0.5291,7.8,19:41,0.5386,0.5196,0.496,8.9,19:39,0.5052,0.4868,0.5559,7.7,19:43,0.5657,0.546,0.5166,7.4,19:41,0.5262,0.5073,0.4807,5.8,19:39,0.49,0.4714,0.0,,,0.0,0.0,0.0,,,0.0,0.0,0.0,,,0.0,0.0,0.5559,0.5657,0.546
1895253.1855,476,12,2,0476-12-02,4,-0.9124,0.8336,5814.1,50.0,0.0,,,0.0,0.0,0.0,,,0.0,0.0,0.0,,,0.0,0.0,0.0,,,0.0,0.0,0.0,,,0.0,0.0,0.0,,,0.0,0.0,0.0,,,0.0,0.0,0.0,,,0.0,0.0,0.0,0.0,0.0
1895400.70126,477,4,29,0477-04-29,5,-1.3334,1.3603,5804.7,50.0,0.0,,,0.0,0.0,0.0,,,0.0,0.0,0.0,,,0.0,0.0,0.0,,,0.0,0.0,0.0,,,0.0,0.0,0.0,,,0.0,0.0,0.0,,,0.0,0.0,0.0,,,0.0,0.0,0.0,0.0,0.0
1895429.98123,477,5,28,0477-05-28,6,1.1658,1.185,5804.7,50.0,0.0739,43.7,09:24,0.087,0.0609,0.1038,43.4,09:28,0.1161,0.0915,0.0712,43.1,09:22,0.0845,0.0578,0.069,44.3,09:26,0.0817,0.0559,0.0314,46.7,09:30,0.0441,0.0186,0.0,,,0.0,0.0,0.0,,,0.0,0.0,0.0,,,0.0,0.0,0.1038,0.1161,0.0915
1895577.38244,477,10,22,0477-10-22,6,1.4426,1.3068,5804.7,50.0,0.0,,,0.0,0.0,0.0,,,0.0,0.0,0.0,,,0.0,0.0,0.0,,,0.0,0.0,0.0,,,0.0,0.0,0.0,,,0.0,0.0,0.0,,,0.0,0.0,0.0,,,0.0,0.0,0.0,0.0,0.0
1895755.37886,478,4,18,0478-04-18,2,-0.6322,0.6275,5795.2,50.0,0.0,,,0.0,0.0,0.0,,,0.0,0.0,0.0,,,0.0,0.0,0.0,,,0.0,0.0,0.0,,,0.0,0.0,0.0,,,0.0,0.0,0.0,,,0.0,0.0,0.0,,,0.0,0.0,0.0,0.0,0.0
1895931.55086,478,10,12,0478-10-12,4,0.6925,0.6576,5795.2,50.0,0.0,,,0.0,0.0,0.0,,,0.0,0.0,0.0,,,0.0,0.0,0.0,,,0.0,0.0,0.0,,,0.0,0.0,0.0,,,0.0,0.0,0.0,,,0.0,0.0,0.0,,,0.0,0.0,0.0,0.0,0.0
1896109.84461,479,4,8,0479-04-08,0,0.1222,0.115,5785.7,50.0,0.0,,,0.0,0.0,0.0,,,0.0,0.0,0.0,,,0.0,0.0,0.0,,,0.0,0.0,0.0,,,0.0,0.0,0.0,,,0.0,0.0,0.0,,,0.0,0.0,0.0,,,0.0,0.0,0.0,0.0,0.0
1896286.02757,479,10,1,0479-10-01,1,-0.046,0.0461,5785.7,50.0,0.0,,,0.0,0.0,0.0,,,0.0,0.0,0.0,,,0.0,0.0,0.0,,,0.0,0.0,0.0,,,0.0,0.0,0.0,,,0.0,0.0,0.0,,,0.0,0.0,0.0,,,0.0,0.0,0.0,0.0,0.0
1896464.00275,480,3,27,0480-03-27,4,0.8984,0.8103,5776.2,50.0,0.8131,34.6,10:43,0.8259,0.8003,0.8248,33.3,10:47,0.8372,0.8129,0.8194,34.6,10:39,0.8319,0.8062,0.8053,34.6,10:43,0.8182,0.7927,0.7646,35.9,10:49,0.7777,0.7511,0.4254,50.9,10:41,0.4451,0.4056,0.1511,50.2,11:07,0.17,0.1324,0.0,,,0.0,0.0,0.8248,0.8372,0.8129
1896640.68778,480,9,20,0480-09-20,6,-0.7357,0.7512,5776.2,50.0,0.0,,,0.0,0.0,0.0,,,0.0,0.0,0.0,,,0.0,0.0,0.0,,,0.0,0.0,0.0,,,0.0,0.0,0.0,,,0.0,0.0,0.0,,,0.0,0.0,0.0,,,0.0,0.0,0.0,0.0,0.0
1896788.33175,481,2,14,0481-02-14,6,-1.3071,1.2013,5766.7,50.0,0.0,,,0.0,0.0,0.0,,,0.0,0.0,0.0,,,0.0,0.0,0.0,,,0.0,0.0,0.0,,,0.0,0.0,0.0,,,0.0,0.0,0.0,,,0.0,0.0,0.0,,,0.0,0.0,0.0,0.0,0.0
1896965.91762,481,8,11,0481-08-11,2,1.1945,1.1568,5766.7,50.0,0.0,,,0.0,0.0,0.0,,,0.0,0.0,0.0,,,0.0,0.0,0.0,,,0.0,0.0,0.0,,,0.0,0.0,0.0,,,0.0,0.0,0.0,,,0.0,0.0,0.0,,,0.0,0.0,0.0,0.0,0.0
1896995.33855,481,9,9,0481-09-09,3,-1.4591,1.4513,5766.7,50.0,0.0,,,0.0,0.0,0.0,,,0.0,0.0,0.0,,,0.0,0.0,0.0,,,0.0,0.0,0.0,,,0.0,0.0,0.0,,,0.0,0.0,0.0,,,0.0,0.0,0.0,,,0.0,0.0,0.0,0.0,0.0
1897142.62258,482,2,4,0482-02-04,4,-0.5388,0.5227,5757.2,50.0,0.0,,,0.0,0.0,0.0,,,0.0,0.0,0.0,,,0.0,0.0,0.0,,,0.0,0.0,0.0,,,0.0,0.0,0.0,,,0.0,0.0,0.0,,,0.0,0.0,0.0,,,0.0,0.0,0.0,0.0,0.0
1897320.23504,482,7,31,0482-07-31,6,0.4772,0.4382,5757.2,50.0,0.398,33.2,16:22,0.409,0.387,0.3805,33.1,16:18,0.391,0.37,0.4183,34.0,16:24,0.4298,0.407,0.387,32.6,16:22,0.3978,0.3763,0.3495,29.9,16:24,0.3598,0.3396,0.347,15.9,16:52,0.3562,0.3381,0.2599,4.1,16:50,0.2656,0.2545,0.3387,-0.5,16:52,0.3701,0.3112,0.4183,0.4298,0.407
1897497.18176,483,1,24,0483-01-24,1,0.1772,0.1797,5747.7,50.0,0.0775,4.6,16:09,0.09,0.0649,0.039,3.4,16:07,0.0508,0.0271,0.0856,5.9,16:09,0.0985,0.0725,0.0807,4.0,16:09,0.0929,0.0683,0.1139,1.9,16:09,0.1255,0.1022,0.5805,-0.8,16:19,0.5805,0.5627,0.0,,,0.0,0.0,0.0112,-0.6,15:31,0.1193,0.0,0.0856,0.0985,0.0725
1897674.29215,483,7,20,0483-07-20,3,-0.2779,0.2492,5747.7,50.0,0.0,,,0.0,0.0,0.0,,,0.0,0.0,0.0,,,0.0,0.0,0.0,,,0.0,0.0,0.0,,,0.0,0.0,0.0,,,0.0,0.0,0.0,,,0.0,0.0,0.0,,,0.0,0.0,0.0,0.0,0.0
1897851.84455,484,1,14,0484-01-14,6,0.8509,0.8651,5738.2,50.0,0.0,,,0.0,0.0,0.0,,,0.0,0.0,0.0,,,0.0,0.0,0.0,,,0.0,0.0,0.0,,,0.0,0.0,0.1157,-0.6,06:40,0.2222,0.0407,0.9521,2.8,05:52,0.9579,0.9437,0.9039,5.9,05:38,0.9136,0.8946,0.0,0.0,0.0
1898028.35151,484,7,8,0484-07-08,0,-1.0229,0.9384,5738.2,50.0,0.0,,,0.0,0.0,0.0,,,0.0,0.0,0.0,,,0.0,0.0,0.0,,,0.0,0.0,0.0,,,0.0,0.0,0.0,,,0.0,0.0,0.0,,,0.0,0.0,0.0,,,0.0,0.0,0.0,0.0,0.0
1898176.83092,484,12,4,0484-12-04,2,-1.2592,1.1925,5738.2,50.0,0.0,,,0.0,0.0,0.0,,,0.0,0.0,0.0,,,0.0,0.0,0.0,,,0.0,0.0,0.0,,,0.0,0.0,0.0,,,0.0,0.0,0.0,,,0.0,0.0,0.0,,,0.0,0.0,0.0,0.0,0.0
1898353.31535,485,5,29,0485-05-29,3,0.8814,0.8746,5728.7,50.0,0.7807,11.6,19:04,0.7896,0.7718,0.8119,12.4,19:02,0.82,0.8036,0.756,11.7,19:06,0.765,0.7468,0.7925,11.2,19:04,0.801,0.7838,0.8251,9.3,19:02,0.8337,0.8163,0.1491,-0.6,18:32,0.2469,0.0844,0.0,,,0.0,0.0,0.0,,,0.0,0.0,0.8119,0.82,0.8036
1898530.97351,485,11,23,0485-11-23,6,-0.6106,0.5522,5728.7,50.0,0.0,,,0.0,0.0,0.0,,,0.0,0.0,0.0,,,0.0,0.0,0.0,,,0.0,0.0,0.0,,,0.0,0.0,0.0,,,0.0,0.0,0.0,,,0.0,0.0,0.0,,,0.0,0.0,0.0,0.0,0.0
1898707.99843,486,5,19,0486-05-19,1,0.1192,0.1216,5719.3,50.0,0.0228,46.8,10:00,0.0321,0.0135,0.0,,,0.0,0.0,0.0357,46.5,09:58,0.0454,0.0259,0.0231,47.3,10:02,0.032,0.0138,0.0451,49.2,10:06,0.0536,0.0365,0.4983,65.8,10:12,0.5073,0.4889,0.6074,67.2,10:42,0.6097,0.6044,0.9344,74.2,10:44,0.9368,0.9312,0.0357,0.0454,0.0259
1898884.93321,486,11,12,0486-11-12,3,0.0676,0.0608,5719.3,50.0,0.0,,,0.0,0.0,0.0,,,0.0,0.0,0.0,,,0.0,0.0,0.0,,,0.0,0.0,0.0,,,0.0,0.0,0.0,,,0.0,0.0,0.0,,,0.0,0.0,0.023,29.3,07:20,0.0378,0.0083,0.0,0.0,0.0
1899062.70205,487,5,9,0487-05-09,6,-0.6286,0.6298,5709.8,50.0,0.0,,,0.0,0.0,0.0,,,0.0,0.0,0.0,,,0.0,0.0,0.0,,,0.0,0.0,0.0,,,0.0,0.0,0.0,,,0.0,0.0,0.0,,,0.0,0.0,0.0,,,0.0,0.0,0.0,0.0,0.0
1899239.02817,487,11,1,0487-11-01,0,0.7507,0.7035,5709.8,50.0,0.8487,16.0,10:09,0.8582,0.8398,0.8177,14.3,10:09,0.8265,0.8094,0.8745,16.1,10:05,0.8843,0.8655,0.8372,16.0,10:09,0.8459,0.8283,0.8028,17.2,10:15,0.8116,0.7939,0.889,33.1,10:37,0.8992,0.8785,0.7968,30.7,11:15,0.8022,0.7921,0.9562,37.6,11:29,0.9565,0.9519,0.8745,0.8843,0.8655
1899387.72502,488,3,29,0488-03-29,2,1.3099,1.214,5700.3,50.0,0.0,,,0.0,0.0,0.0,,,0.0,0.0,0.0,,,0.0,0.0,0.0,,,0.0,0.0,0.0,,,0.0,0.0,0.0,,,0.0,0.0,0.0,,,0.0,0.0,0.0,,,0.0,0.0,0.0,0.0,0.0
1899417.23354,488,4,27,0488-04-27,3,-1.4368,1.3684,5700.3,50.0,0.0,,,0.0,0.0,0.0,,,0.0,0.0,0.0,,,0.0,0.0,0.0,,,0.0,0.0,0.0,,,0.0,0.0,0.0,,,0.0,0.0,0.0,,,0.0,0.0,0.0,,,0.0,0.0,0.0,0.0,0.0
1899563.99418,488,9,21,0488-09-21,3,-1.2864,1.3008,5700.3,50.0,0.0,,,0.0,0.0,0.0,,,0.0,0.0,0.0,,,0.0,0.0,0.0,,,0.0,0.0,0.0,,,0.0,0.0,0.0,,,0.0,0.0,0.0,,,0.0,0.0,0.0,,,0.0,0.0,0.0,0.0,0.0
1899593.43117,488,10,20,0488-10-20,4,1.3918,1.3786,5700.3,50.0,0.0,,,0.0,0.0,0.0,,,0.0,0.0,0.0,,,0.0,0.0,0.0,,,0.0,0.0,0.0,,,0.0,0.0,0.0,,,0.0,0.0,0.0,,,0.0,0.0,0.0,,,0.0,0.0,0.0,0.0,0.0
1899741.80948,489,3,18,0489-03-18,6,0.6035,0.5416,5690.8,50.0,0.0,,,0.0,0.0,0.0,,,0.0,0.0,0.0,,,0.0,0.0,0.0,,,0.0,0.0,0.0,,,0.0239,0.0,0.4082,-0.9,05:14,0.4414,0.3518,0.5437,7.0,04:50,0.5451,0.5425,0.7104,5.0,04:32,0.7115,0.7097,0.0,0.0,0.0
1899918.67527,489,9,11,0489-09-11,1,-0.5918,0.6024,5690.8,50.0,0.0,,,0.0,0.0,0.0,,,0.0,0.0,0.0,,,0.0,0.0,0.0,,,0.0,0.0,0.0,,,0.0,0.0,0.0,,,0.0,0.0,0.0,,,0.0,0.0,0.0,,,0.0,0.0,0.0,0.0,0.0
1900095.81863,490,3,7,0490-03-07,3,-0.1274,0.116,5681.3,50.0,0.0,,,0.0,0.0,0.0,,,0.0,0.0,0.0,,,0.0,0.0,0.0,,,0.0,0.0,0.0,,,0.0,0.0,0.0,,,0.0,0.0,0.0,,,0.0,0.0,0.0,,,0.0,0.0,0.0,0.0,0.0
1900273.29217,490,8,31,0490-08-31,5,0.1233,0.1209,5681.3,50.0,0.0,,,0.0,0.0,0.0,,,0.0,0.0,0.0,,,0.0,0.0,0.0,,,0.0,0.0,0.0,,,0.0,0.0,0.0,,,0.0,0.0,0.0,,,0.0,0.0,0.0,,,0.0,0.0,0.0,0.0,0.0
1900450.04954,491,2,24,0491-02-24,0,-0.8427,0.8067,5671.9,50.0,0.0,,,0.0,0.0,0.0,,,0.0,0.0,0.0,,,0.0,0.0,0.0,,,0.0,0.0,0.0,,,0.0,0.0,0.0,,,0.0,0.0,0.0,,,0.0,0.0,0.0,,,0.0,0.0,0.0,0.0,0.0
1900627.66759,491,8,21,0491-08-21,3,0.9039,0.8388,5671.9,50.0,0.0,,,0.0,0.0,0.0,,,0.0,0.0,0.0,,,0.0,0.0,0.0,,,0.0,0.0,0.0,,,0.0,0.0,0.0,,,0.0,0.0,0.0,,,0.0,0.0,0.0,,,0.0,0.0,0.0,0.0,0.0
1900775.14907,492,1,15,0492-01-15,3,1.1658,1.1892,5662.4,50.0,0.5209,10.9,14:36,0.5288,0.5128,0.5418,9.0,14:36,0.5494,0.5341,0.5173,12.1,14:36,0.5253,0.5088,0.5182,10.2,14:38,0.5263,0.51,0.494,8.3,14:42,0.5027,0.4855,0.141,9.2,15:04,0.1538,0.1279,0.0,,,0.0,0.0,0.0,,,0.0,0.0,0.5418,0.5494,0.5341
1900804.56811,492,2,14,0492-02-14,5,-1.4905,1.5001,5662.4,50.0,0.0,,,0.0,0.0,0.0,,,0.0,0.0,0.0,,,0.0,0.0,0.0,,,0.0,0.0,0.0,,,0.0,0.0,0.0,,,0.0,0.0,0.0,,,0.0,0.0,0.0,,,0.0,0.0,0.0,0.0,0.0
1900952.10905,492,7,10,0492-07-10,5,-1.2103,1.0873,5662.4,50.0,0.0,,,0.0,0.0,0.0,,,0.0,0.0,0.0,,,0.0,0.0,0.0,,,0.0,0.0,0.0,,,0.0,0.0,0.0,,,0.0,0.0,0.0,,,0.0,0.0,0.0,,,0.0,0.0,0.0,0.0,0.0
1901129.80337,493,1,4,0493-01-04,1,0.5101,0.5144,5652.9,50.0,0.0,,,0.0,0.0,0.0,,,0.0,0.0,0.0,,,0.0,0.0,0.0,,,0.0,0.0,0.0,,,0.0,0.0,0.0,,,0.0,0.0,0.0,,,0.0,0.0,0.153,-0.6,05:04,0.2577,0.0809,0.0,0.0,0.0
1901306.22564,493,6,29,0493-06-29,2,-0.4202,0.3906,5652.9,50.0,0.0,,,0.0,0.0,0.0,,,0.0,0.0,0.0,,,0.0,0.0,0.0,,,0.0,0.0,0.0,,,0.0,0.0,0.0,,,0.0,0.0,0.0,,,0.0,0.0,0.0,,,0.0,0.0,0.0,0.0,0.0
1901484.31209,493,12,24,0493-12-24,5,-0.181,0.1738,5652.9,50.0,0.0,,,0.0,0.0,0.0,,,0.0,0.0,0.0,,,0.0,0.0,0.0,,,0.0,0.0,0.0,,,0.0,0.0,0.0,,,0.0,0.0,0.0,,,0.0,0.0,0.0,,,0.0,0.0,0.0,0.0,0.0
1901660.63647,494,6,19,0494-06-19,0,0.3672,0.3605,5643.4,50.0,0.0,,,0.0,0.0,0.0,,,0.0,0.0,0.0,,,0.0,0.0,0.0,,,0.0,0.0,0.0,,,0.0,0.0,0.0,,,0.0,0.0,0.0,,,0.0,0.0,0.0,,,0.0,0.0,0.0,0.0,0.0
1901838.526,494,12,14,0494-12-14,3,-0.9094,0.8292,5643.4,50.0,0.0,,,0.0,0.0,0.0,,,0.0,0.0,0.0,,,0.0,0.0,0.0,,,0.0,0.0,0.0,,,0.0,0.0,0.0,,,0.0,0.0,0.0,,,0.0,0.0,0.0,,,0.0,0.0,0.0,0.0,0.0
1901986.01545,495,5,10,0495-05-10,3,-1.4015,1.4291,5634.0,50.0,0.0,,,0.0,0.0,0.0,,,0.0,0.0,0.0,,,0.0,0.0,0.0,,,0.0,0.0,0.0,,,0.0,0.0,0.0,,,0.0,0.0,0.0,,,0.0,0.0,0.0,,,0.0,0.0,0.0,0.0,0.0
1902015.29028,495,6,8,0495-06-08,4,1.0913,1.1104,5634.0,50.0,0.153,15.8,18:42,0.1629,0.143,0.1929,16.5,18:40,0.2023,0.1835,0.1221,15.9,18:44,0.1323,0.1119,0.1668,15.3,18:42,0.1767,0.1569,0.2056,13.4,18:40,0.2156,0.1958,0.0451,-0.8,18:40,0.0525,0.0204,0.0,,,0.0,0.0,0.0,,,0.0,0.0,0.1929,0.2023,0.1835
1902162.71298,495,11,3,0495-11-03,5,1.4546,1.3199,5634.0,50.0,0.0,,,0.0,0.0,0.0,,,0.0,0.0,0.0,,,0.0,0.0,0.0,,,0.0,0.0,0.0,,,0.0,0.0,0.0,,,0.0,0.0,0.0,,,0.0,0.0,0.0,,,0.0,0.0,0.0,0.0,0.0
1902340.68851,496,4,29,0496-04-29,1,-0.7021,0.6948,5624.5,50.0,0.0,,,0.0,0.0,0.0,,,0.0,0.0,0.0,,,0.0,0.0,0.0,,,0.0,0.0,0.0,,,0.0,0.0,0.0,,,0.0,0.0,0.0,,,0.0,0.0,0.0,,,0.0,0.0,0.0,0.0,0.0
1902516.89291,496,10,22,0496-10-22,2,0.7071,0.6735,5624.5,50.0,0.0,,,0.036,0.0,0.0,,,0.0286,0.0,0.0,,,0.0,0.0,0.015,-0.7,07:12,0.101,0.0,0.2521,-0.7,06:56,0.3318,0.1951,0.2896,5.8,06:12,0.2997,0.28,0.4267,19.1,06:24,0.4417,0.4123,0.1831,26.0,06:28,0.2008,0.1658,0.015,0.101,0.0
1902695.14148,497,4,18,0497-04-18,5,0.0553,0.0518,5615.0,50.0,0.2606,36.4,15:08,0.2668,0.2539,0.2083,35.1,15:08,0.2142,0.2021,0.2812,37.7,15:08,0.2882,0.2741,0.2571,35.8,15:08,0.263,0.2508,0.2668,33.1,15:12,0.2715,0.2617,0.6852,26.1,15:28,0.6856,0.684,0.6892,12.3,15:36,0.6931,0.6849,0.9719,9.6,15:40,0.9754,0.9704,0.2812,0.2882,0.2741
1902871.37775,497,10,11,0497-10-11,6,-0.0236,0.0237,5615.0,50.0,0.0,,,0.0,0.0,0.0,,,0.0,0.0,0.0,,,0.0,0.0,0.0,,,0.0,0.0,0.0,,,0.0,0.0,0.0,,,0.0,0.0,0.0,,,0.0,0.0,0.0,,,0.0,0.0,0.0,0.0,0.0
1903049.28851,498,4,7,0498-04-07,2,0.8341,0.7513,5605.5,50.0,0.3072,-0.1,19:10,0.3115,0.303,0.3573,0.5,19:08,0.3614,0.3534,0.2768,0.2,19:12,0.2811,0.2727,0.3183,-0.6,19:10,0.3214,0.314,0.3125,-0.9,18:56,0.3235,0.2861,0.0,,,0.0,0.0,0.0,,,0.0,0.0,0.0,,,0.0,0.0,0.3573,0.3614,0.3534
1903226.03643,498,10,1,0498-10-01,4,-0.7074,0.7223,5605.5,50.0,0.0,,,0.0,0.0,0.0,,,0.0,0.0,0.0,,,0.0,0.0,0.0,,,0.0,0.0,0.0,,,0.0,0.0,0.0,,,0.0,0.0,0.0,,,0.0,0.0,0.0,,,0.0,0.0,0.0,0.0,0.0
1903373.64842,499,2,26,0499-02-26,5,-1.3385,1.2334,5596.1,50.0,0.0,,,0.0,0.0,0.0,,,0.0,0.0,0.0,,,0.0,0.0,0.0,,,0.0,0.0,0.0,,,0.0,0.0,0.0,,,0.0,0.0,0.0,,,0.0,0.0,0.0,,,0.0,0.0,0.0,0.0,0.0
1903551.23011,499,8,22,0499-08-22,0,1.2529,1.2093,5596.1,50.0,0.2947,28.3,16:16,0.3049,0.2842,0.3073,27.9,16:12,0.3171,0.2972,0.2774,29.1,16:18,0.2881,0.2664,0.3044,27.6,16:16,0.3144,0.2941,0.3385,25.2,16:16,0.3476,0.3291,0.3434,12.7,16:44,0.3502,0.3363,0.4003,1.0,16:40,0.4032,0.3969,0.1645,-0.5,16:32,0.2079,0.1312,0.3073,0.3171,0.2972
1903580.67437,499,9,21,0499-09-21,2,-1.4282,1.417,5596.1,50.0,0.0,,,0.0,0.0,0.0,,,0.0,0.0,0.0,,,0.0,0.0,0.0,,,0.0,0.0,0.0,,,0.0,0.0,0.0,,,0.0,0.0,0.0,,,0.0,0.0,0.0,,,0.0,0.0,0.0,0.0,0.0
1903727.96238,500,2,15,0500-02-15,2,-0.5616,0.5464,5586.6,40.0,0.0,,,0.0,0.0,0.0,,,0.0,0.0,0.0,,,0.0,0.0,0.0,,,0.0,0.0,0.0,,,0.0,0.0,0.0,,,0.0,0.0,0.0,,,0.0,0.0,0.0,,,0.0,0.0,0.0,0.0,0.0
1903905.52404,500,8,11,0500-08-11,5,0.5456,0.4997,5586.6,40.0,0.0,,,0.0,0.0,0.0,,,0.0,0.0,0.0,,,0.0,0.0,0.0,,,0.0,0.0,0.0,,,0.0,0.0,0.0,,,0.0,0.0,0.0,,,0.0,0.0,0.0,,,0.0,0.0,0.0,0.0,0.0
1904082.53752,501,2,4,0501-02-04,0,0.1593,0.1617,5577.1,40.0,0.0,,,0.0,0.0,0.0,,,0.0,0.0,0.0,,,0.0,0.0,0.0,,,0.0,0.0,0.0,,,0.0,0.0,0.0,,,0.0,0.0,0.0,,,0.0,0.0,0.0,,,0.0,0.0,0.0,0.0,0.0
1904259.56719,501,7,31,0501-07-31,2,-0.2013,0.1805,5577.1,40.0,0.0,,,0.0,0.0,0.0,,,0.0,0.0,0.0,,,0.0,0.0,0.0,,,0.0,0.0,0.0,,,0.0,0.0,0.0,,,0.0,0.0,0.0,,,0.0,0.0,0.0,,,0.0,0.0,0.0,0.0,0.0
1904437.20589,502,1,24,0502-01-24,4,0.8406,0.8535,5567.7,40.0,0.6215,1.1,16:41,0.6334,0.6103,0.6641,0.0,16:39,0.6749,0.6533,0.6107,2.3,16:41,0.6229,0.599,0.6197,0.4,16:41,0.6312,0.6086,0.5677,-0.8,16:33,0.5959,0.514,0.0,,,0.0053,0.0,0.0,,,0.0,0.0,0.0,,,0.0,0.0,0.6641,0.6749,0.6533
1904613.63267,502,7,20,0502-07-20,6,-0.9434,0.8678,5567.7,40.0,0.0,,,0.0,0.0,0.0,,,0.0,0.0,0.0,,,0.0,0.0,0.0,,,0.0,0.0,0.0,,,0.0,0.0,0.0,,,0.0,0.0,0.0,,,0.0,0.0,0.0,,,0.0,0.0,0.0,0.0,0.0
1904762.18286,502,12,15,0502-12-15,0,-1.2649,1.1944,5567.7,40.0,0.0,,,0.0,0.0,0.0,,,0.0,0.0,0.0,,,0.0,0.0,0.0,,,0.0,0.0,0.0,,,0.0,0.0,0.0,,,0.0,0.0,0.0,,,0.0,0.0,0.0,,,0.0,0.0,0.0,0.0,0.0
1904938.61822,503,6,10,0503-06-10,2,0.9535,0.9488,5558.2,40.0,0.0,,,0.0,0.0,0.0,,,0.0,0.0,0.0,,,0.0,0.0,0.0,,,0.0,0.0,0.0,,,0.0,0.0,0.0,,,0.0,0.0,0.0,,,0.0,0.0,0.0,,,0.0,0.0,0.0,0.0,0.0
1905116.31019,503,12,4,0503-12-04,4,-0.617,0.5572,5558.2,40.0,0.0,,,0.0,0.0,0.0,,,0.0,0.0,0.0,,,0.0,0.0,0.0,,,0.0,0.0,0.0,,,0.0,0.0,0.0,,,0.0,0.0,0.0,,,0.0,0.0,0.0,,,0.0,0.0,0.0,0.0,0.0
1905293.30936,504,5,29,0504-05-29,6,0.1926,0.1965,5548.7,40.0,0.0,,,0.0,0.0,0.0,,,0.0,0.0,0.0,,,0.0,0.0,0.0,,,0.0,0.0,0.0,,,0.0,0.0,0.0,,,0.0,0.0,0.0,,,0.0,0.0,0.0,,,0.0,0.0,0.0,0.0,0.0
1905470.2671,504,11,22,0504-11-22,1,0.0595,0.0537,5548.7,40.0,0.0,,,0.0,0.0,0.0,,,0.0,0.0,0.0,,,0.0,0.0,0.0,,,0.0,0.0,0.0,,,0.0,0.0,0.0,,,0.0,0.0,0.0,,,0.0,0.0,0.0,,,0.0,0.0,0.0,0.0,0.0
1905648.00997,505,5,19,0505-05-19,4,-0.5588,0.5584,5539.3,40.0,0.0,,,0.0,0.0,0.0,,,0.0,0.0,0.0,,,0.0,0.0,0.0,,,0.0,0.0,0.0,,,0.0,0.0,0.0,,,0.0,0.0,0.0,,,0.0,0.0,0.0,,,0.0,0.0,0.0,0.0,0.0
1905824.373,505,11,11,0505-11-11,5,0.7401,0.6957,5539.3,40.0,0.0,,,0.0,0.0,0.0,,,0.0,0.0,0.0,,,0.0,0.0,0.0,,,0.0,0.0,0.0,,,0.0,0.0,0.0,,,0.0,0.0,0.0,,,0.0,0.0,0.0,,,0.0,0.0,0.0,0.0,0.0
1905973.02107,506,4,9,0506-04-09,0,1.3742,1.2698,5529.8,40.0,0.0,,,0.0,0.0,0.0,,,0.0,0.0,0.0,,,0.0,0.0,0.0,,,0.0,0.0,0.0,,,0.0,0.0,0.0,,,0.0,0.0,0.0,,,0.0,0.0,0.0,,,0.0,0.0,0.0,0.0,0.0
1906002.52754,506,5,9,0506-05-09,2,-1.371,1.3011,5529.8,40.0,0.0,,,0.0,0.0,0.0,,,0.0,0.0,0.0,,,0.0,0.0,0.0,,,0.0,0.0,0.0,,,0.0,0.0,0.0,,,0.0,0.0,0.0,,,0.0,0.0,0.0,,,0.0,0.0,0.0,0.0,0.0
1906149.34205,506,10,2,0506-10-02,1,-1.3096,1.3266,5529.8,40.0,0.0,,,0.0,0.0,0.0,,,0.0,0.0,0.0,,,0.0,0.0,0.0,,,0.0,0.0,0.0,,,0.0,0.0,0.0,,,0.0,0.0,0.0,,,0.0,0.0,0.0,,,0.0,0.0,0.0,0.0,0.0
1906178.78776,506,11,1,0506-11-01,3,1.3778,1.3682,5529.8,40.0,0.0,,,0.0,0.0,0.0,,,0.0,0.0,0.0,,,0.0,0.0,0.0,,,0.0,0.0,0.0,,,0.0,0.0,0.0,,,0.0,0.0,0.0,,,0.0,0.0,0.0,,,0.0,0.0,0.0,0.0,0.0
1906327.09755,507,3,29,0507-03-29,4,0.6642,0.5958,5520.4,40.0,0.9321,38.1,13:34,0.9341,0.9238,0.8942,36.2,13:34,0.9019,0.8863,0.9344,39.5,13:30,0.9345,0.9343,0.9317,37.5,13:36,0.934,0.9239,0.9337,35.9,13:40,0.9338,0.9336,0.5871,36.1,14:06,0.5941,0.5805,0.5034,21.7,14:26,0.506,0.5013,0.2247,21.3,14:34,0.227,0.2228,0.9344,0.9345,0.9343
1906504.01835,507,9,22,0507-09-22,6,-0.6253,0.6359,5520.4,40.0,0.0,,,0.0,0.0,0.0,,,0.0,0.0,0.0,,,0.0,0.0,0.0,,,0.0,0.0,0.0,,,0.0,0.0,0.0,,,0.0,0.0,0.0,,,0.0,0.0,0.0,,,0.0,0.0,0.0,0.0,0.0
1906681.11913,508,3,17,0508-03-17,1,-0.0763,0.0696,5510.9,40.0,0.0,,,0.0,0.0,0.0,,,0.0,0.0,0.0,,,0.0,0.0,0.0,,,0.0,0.0,0.0,,,0.0,0.0,0.0602,25.5,14:55,0.0667,0.0534,0.1484,12.2,15:05,0.1514,0.1452,0.4304,11.9,15:11,0.4332,0.4273,0.0,0.0,0.0
1906858.61963,508,9,11,0508-09-11,4,0.0827,0.0808,5510.9,40.0,0.0,,,0.0,0.0,0.0,,,0.0,0.0,0.0,,,0.0,0.0,0.0,,,0.0,0.0,0.0,,,0.0,0.0,0.0,,,0.0,0.0,0.0,,,0.0,0.0,0.0,,,0.0,0.0,0.0,0.0,0.0
1907035.37399,509,3,6,0509-03-06,5,-0.8022,0.7704,5501.5,40.0,0.0,,,0.0,0.0,0.0,,,0.0,0.0,0.0,,,0.0,0.0,0.0,,,0.0,0.0,0.0,,,0.0,0.0,0.0,,,0.0,0.0,0.0,,,0.0,0.0,0.0,,,0.0,0.0,0.0,0.0,0.0
1907212.97113,509,8,31,0509-08-31,1,0.8541,0.7904,5501.5,40.0,0.5033,24.1,08:26,0.5039,0.5025,0.5521,23.8,08:28,0.553,0.5514,0.4771,23.4,08:24,0.4775,0.4767,0.5114,24.8,08:28,0.5125,0.5108,0.5236,27.4,08:32,0.5254,0.5221,0.2174,43.5,08:42,0.2236,0.2117,0.3099,56.1,09:20,0.3215,0.2986,0.0701,66.6,09:36,0.0852,0.0555,0.5521,0.553,0.5514
1907360.51031,510,1,26,0510-01-26,2,1.177,1.2012,5492.0,40.0,0.0,,,0.0,0.0,0.0,,,0.0,0.0,0.0,,,0.0,0.0,0.0,,,0.0,0.0,0.0,,,0.0,0.0,0.0,,,0.0,0.0,0.0,,,0.0,0.0,0.0,,,0.0,0.0,0.0,0.0,0.0
1907389.91261,510,2,24,0510-02-24,3,-1.4606,1.4727,5492.0,40.0,0.0,,,0.0,0.0,0.0,,,0.0,0.0,0.0,,,0.0,0.0,0.0,,,0.0,0.0,0.0,,,0.0,0.0,0.0,,,0.0,0.0,0.0,,,0.0,0.0,0.0,,,0.0,0.0,0.0,0.0,0.0
1907537.38055,510,7,21,0510-07-21,3,-1.2885,1.1586,5492.0,40.0,0.0,,,0.0,0.0,0.0,,,0.0,0.0,0.0,,,0.0,0.0,0.0,,,0.0,0.0,0.0,,,0.0,0.0,0.0,,,0.0,0.0,0.0,,,0.0,0.0,0.0,,,0.0,0.0,0.0,0.0,0.0
1907715.16631,511,1,15,0511-01-15,6,0.5184,0.5217,5482.5,40.0,0.344,7.5,15:20,0.3531,0.3349,0.3197,6.0,15:18,0.3282,0.3112,0.3485,8.8,15:20,0.3577,0.3392,0.3467,6.9,15:20,0.3559,0.3379,0.3728,4.7,15:24,0.382,0.3636,0.7497,2.6,15:48,0.762,0.7373,0.2028,-0.9,15:06,0.273,0.0997,0.3466,-0.6,15:24,0.4501,0.2746,0.3485,0.3577,0.3392
1907891.50914,511,7,11,0511-07-11,1,-0.498,0.4644,5482.5,40.0,0.0,,,0.0,0.0,0.0,,,0.0,0.0,0.0,,,0.0,0.0,0.0,,,0.0,0.0,0.0,,,0.0,0.0,0.0,,,0.0,0.0,0.0,,,0.0,0.0,0.0,,,0.0,0.0,0.0,0.0,0.0
1908069.66559,512,1,5,0512-01-05,4,-0.1768,0.1692,5473.1,40.0,0.0,,,0.0,0.0,0.0,,,0.0,0.0,0.0,,,0.0,0.0,0.0,,,0.0,0.0,0.0,,,0.0,0.0,0.0,,,0.0,0.0,0.0,,,0.0,0.0,0.0,,,0.0,0.0,0.0,0.0,0.0
1908245.9372,512,6,29,0512-06-29,5,0.2902,0.2858,5473.1,40.0,0.3108,33.5,08:08,0.3208,0.3007,0.2766,33.9,08:12,0.286,0.267,0.3188,32.5,08:06,0.329,0.3085,0.3129,34.3,08:10,0.3229,0.3028,0.3399,36.9,08:12,0.3495,0.3301,0.7603,47.4,08:04,0.7726,0.7476,0.9309,63.0,08:26,0.9395,0.9218,0.8081,66.1,08:18,0.8193,0.7973,0.3188,0.329,0.3085
1908423.86557,512,12,24,0512-12-24,1,-0.906,0.8245,5473.1,40.0,0.0,,,0.0,0.0,0.0,,,0.0,0.0,0.0,,,0.0,0.0,0.0,,,0.0,0.0,0.0,,,0.0,0.0,0.0,,,0.0,0.0,0.0,,,0.0,0.0,0.0,,,0.0,0.0,0.0,0.0,0.0
1908571.32788,513,5,20,0513-05-20,1,-1.4714,1.4995,5463.6,40.0,0.0,,,0.0,0.0,0.0,,,0.0,0.0,0.0,,,0.0,0.0,0.0,,,0.0,0.0,0.0,,,0.0,0.0,0.0,,,0.0,0.0,0.0,,,0.0,0.0,0.0,,,0.0,0.0,0.0,0.0,0.0
1908600.60025,513,6,19,0513-06-19,3,1.0175,1.0363,5463.6,40.0,0.0,,,0.0,0.0,0.0,,,0.0,0.0,0.0,,,0.0,0.0,0.0,,,0.0,0.0,0.0,,,0.0,0.0,0.0,,,0.0,0.0,0.0,,,0.0,0.0,0.0,,,0.0,0.0,0.0,0.0,0.0
1908748.04704,513,11,13,0513-11-13,3,1.463,1.3299,5463.6,40.0,0.0,,,0.0,0.0,0.0,,,0.0,0.0,0.0,,,0.0,0.0,0.0,,,0.0,0.0,0.0,,,0.0,0.0,0.0,,,0.0,0.0,0.0192,24.3,11:50,0.0253,0.0126,0.0,,,0.0,0.0,0.0,0.0,0.0
1908925.99513,514,5,10,0514-05-10,6,-0.7746,0.7642,5454.2,40.0,0.0,,,0.0,0.0,0.0,,,0.0,0.0,0.0,,,0.0,0.0,0.0,,,0.0,0.0,0.0,,,0.0,0.0,0.0,,,0.0,0.0,0.0,,,0.0,0.0,0.0,,,0.0,0.0,0.0,0.0,0.0
1909102.23939,514,11,2,0514-11-02,0,0.7173,0.6854,5454.2,40.0,0.5058,1.5,16:29,0.5072,0.5046,0.498,0.9,16:25,0.4993,0.4972,0.5094,2.4,16:31,0.5107,0.5085,0.5055,0.8,16:29,0.5071,0.5042,0.4954,-0.7,16:23,0.5076,0.4771,0.0338,-0.7,16:01,0.1204,0.0,0.0,,,0.0,0.0,0.0,,,0.0,0.0,0.5094,0.5107,0.5085
1909280.43273,515,4,29,0515-04-29,3,-0.0175,0.0163,5444.8,40.0,0.0,,,0.0,0.0,0.0,,,0.0,0.0,0.0,,,0.0,0.0,0.0,,,0.0,0.0,0.0,,,0.0,0.0,0.0,,,0.0,0.0,0.0,,,0.0,0.0,0.0,,,0.0,0.0,0.0,0.0,0.0
1909456.73306,515,10,23,0515-10-23,5,-0.007,0.0071,5444.8,40.0,0.0,,,0.0,0.0,0.0,,,0.0,0.0,0.0,,,0.0,0.0,0.0,,,0.0,0.0,0.0,,,0.0,0.0,0.0,,,0.0,0.0,0.0,,,0.0,0.0,0.0,,,0.0,0.0,0.0,0.0,0.0
1909634.56836,516,4,18,0516-04-18,1,0.7631,0.6865,5435.3,40.0,0.0,,,0.0,0.0,0.0,,,0.0,0.0,0.0,,,0.0,0.0,0.0,,,0.0,0.0,0.0,,,0.0,0.0,0.0,,,0.0,0.0,0.0,,,0.0,0.0,0.0,,,0.0,0.0,0.0,0.0,0.0
1909811.39015,516,10,11,0516-10-11,2,-0.6855,0.6998,5435.3,40.0,0.0,,,0.0,0.0,0.0,,,0.0,0.0,0.0,,,0.0,0.0,0.0,,,0.0,0.0,0.0,,,0.0,0.0,0.0,,,0.0,0.0,0.0,,,0.0,0.0,0.0,,,0.0,0.0,0.0,0.0,0.0
1909958.95917,517,3,8,0517-03-08,3,-1.3773,1.2725,5425.9,40.0,0.0,,,0.0,0.0,0.0,,,0.0,0.0,0.0,,,0.0,0.0,0.0,,,0.0,0.0,0.0,,,0.0,0.0,0.0,,,0.0,0.0,0.0,,,0.0,0.0,0.0,,,0.0,0.0,0.0,0.0,0.0
1909988.58236,517,4,7,0517-04-07,5,1.4896,1.3486,5425.9,40.0,0.0,,,0.0,0.0,0.0,,,0.0,0.0,0.0,,,0.0,0.0,0.0,,,0.0,0.0,0.0,,,0.0,0.0,0.0,,,0.0,0.0,0.0,,,0.0,0.0,0.0,,,0.0,0.0,0.0,0.0,0.0
1910136.54776,517,9,2,0517-09-02,6,1.304,1.2547,5425.9,40.0,0.0,,,0.0,0.0,0.0,,,0.0,0.0,0.0,,,0.0,0.0,0.0,,,0.0,0.0,0.0,,,0.0,0.0,0.0,,,0.0,0.0,0.0,,,0.0,0.0,0.0,,,0.0,0.0,0.0,0.0,0.0
1910166.01536,517,10,1,0517-10-01,0,-1.4042,1.3895,5425.9,40.0,0.0,,,0.0,0.0,0.0,,,0.0,0.0,0.0,,,0.0,0.0,0.0,,,0.0,0.0,0.0,,,0.0,0.0,0.0,,,0.0,0.0,0.0,,,0.0,0.0,0.0,,,0.0,0.0,0.0,0.0,0.0
1910313.2971,518,2,25,0518-02-25,0,-0.5913,0.5771,5416.4,40.0,0.0,,,0.0,0.0,0.0,,,0.0,0.0,0.0,,,0.0,0.0,0.0,,,0.0,0.0,0.0,,,0.0,0.0,0.0,,,0.0,0.0,0.0,,,0.0,0.0,0.0,,,0.0,0.0,0.0,0.0,0.0
1910490.81719,518,8,22,0518-08-22,3,0.6082,0.5556,5416.4,40.0,0.1921,-0.7,05:16,0.2788,0.1347,0.3228,-0.7,05:10,0.4103,0.265,0.0546,-0.7,05:24,0.1416,0.0,0.2863,-0.9,05:10,0.3431,0.1982,0.5158,-0.7,04:54,0.597,0.4609,0.396,-0.8,04:24,0.4073,0.3669,0.3203,8.9,04:12,0.3254,0.3155,0.0346,7.0,04:06,0.0407,0.0289,0.3228,0.4103,0.265
1910667.88833,519,2,15,0519-02-15,5,0.135,0.1373,5407.0,40.0,0.0,,,0.0,0.0,0.0,,,0.0,0.0,0.0,,,0.0,0.0,0.0,,,0.0,0.0,0.0,,,0.0,0.0,0.0,,,0.0,0.0,0.0,,,0.0,0.0,0.0,,,0.0,0.0,0.0,0.0,0.0
1910844.84703,519,8,11,0519-08-11,0,-0.1301,0.1167,5407.0,40.0,0.0,,,0.0,0.0,0.0,,,0.0,0.0,0.0,,,0.0,0.0,0.0,,,0.0,0.0,0.0,,,0.0,0.0,0.2459,8.0,05:01,0.253,0.2385,0.3474,20.9,05:05,0.3515,0.3431,0.6315,19.6,04:59,0.6362,0.6263,0.0,0.0,0.0
1911022.56155,520,2,5,0520-02-05,3,0.8237,0.8351,5397.6,40.0,0.0,,,0.0,0.0,0.0,,,0.0,0.0,0.0,,,0.0,0.0,0.0,,,0.0,0.0,0.0,,,0.0,0.0,0.0,,,0.0,0.0,0.0,,,0.0,0.0,0.0,,,0.0,0.0,0.0,0.0,0.0
1911198.91934,520,7,30,0520-07-30,4,-0.8693,0.8019,5397.6,40.0,0.0,,,0.0,0.0,0.0,,,0.0,0.0,0.0,,,0.0,0.0,0.0,,,0.0,0.0,0.0,,,0.0,0.0,0.0,,,0.0,0.0,0.0,,,0.0,0.0,0.0,,,0.0,0.0,0.0,0.0,0.0
1911347.53329,520,12,26,0520-12-26,6,-1.2719,1.1975,5397.6,40.0,0.0,,,0.0,0.0,0.0,,,0.0,0.0,0.0,,,0.0,0.0,0.0,,,0.0,0.0,0.0,,,0.0,0.0,0.0,,,0.0,0.0,0.0,,,0.0,0.0,0.0,,,0.0,0.0,0.0,0.0,0.0
1911523.92214,521,6,20,0521-06-20,0,1.0248,1.0226,5388.1,40.0,0.2465,28.1,07:28,0.2561,0.2369,0.285,28.8,07:32,0.2939,0.276,0.2359,26.9,07:26,0.2458,0.226,0.2453,28.7,07:28,0.2549,0.236,0.221,31.7,07:32,0.2302,0.212,0.0,,,0.0,0.0,0.0,,,0.0,0.0,0.0,,,0.0,0.0,0.285,0.2939,0.276
1911701.64702,521,12,15,0521-12-15,3,-0.6228,0.5617,5388.1,40.0,0.0,,,0.0,0.0,0.0,,,0.0,0.0,0.0,,,0.0,0.0,0.0,,,0.0,0.0,0.0,,,0.0,0.0,0.0,,,0.0,0.0,0.0,,,0.0,0.0,0.0,,,0.0,0.0,0.0,0.0,0.0
1911878.6193,522,6,10,0522-06-10,5,0.2674,0.2728,5378.7,40.0,0.0,,,0.0,0.0,0.0,,,0.0,0.0,0.0,,,0.0,0.0,0.0,,,0.0,0.0,0.0,,,0.0,0.0,0.0,,,0.0,0.0,0.0,,,0.0,0.0,0.0,,,0.0,0.0,0.0,0.0,0.0
1912055.60371,522,12,4,0522-12-04,0,0.0545,0.0492,5378.7,40.0,0.0,,,0.0,0.0,0.0,,,0.0,0.0,0.0,,,0.0,0.0,0.0,,,0.0,0.0,0.0,,,0.0,0.0,0.0,,,0.0,0.0,0.0,,,0.0,0.0,0.0,,,0.0,0.0,0.0,0.0,0.0
1912233.31426,523,5,30,0523-05-30,2,-0.485,0.4834,5369.3,40.0,0.0,,,0.0,0.0,0.0,,,0.0,0.0,0.0,,,0.0,0.0,0.0,,,0.0,0.0,0.0,,,0.0,0.0,0.0,,,0.0,0.0,0.0,,,0.0,0.0,0.0,,,0.0,0.0,0.0,0.0,0.0
1912409.72212,523,11,23,0523-11-23,4,0.734,0.6919,5369.3,40.0,0.0,,,0.0,0.0,0.0,,,0.0,0.0,0.0,,,0.0,0.0,0.0,,,0.0,0.0,0.0,,,0.0,0.0,0.0,,,0.0,0.0,0.0,,,0.0,0.0,0.0,,,0.0,0.0,0.0,0.0,0.0
1912558.3108,524,4,19,0524-04-19,5,1.4447,1.3312,5359.8,40.0,0.0,,,0.0,0.0,0.0,,,0.0,0.0,0.0,,,0.0,0.0,0.0,,,0.0,0.0,0.0,,,0.0,0.0,0.0,,,0.0,0.0,0.0,,,0.0,0.0,0.0,,,0.0,0.0,0.0,0.0,0.0
1912587.81726,524,5,19,0524-05-19,0,-1.3007,1.2301,5359.8,40.0,0.0,,,0.0,0.0,0.0,,,0.0,0.0,0.0,,,0.0,0.0,0.0,,,0.0,0.0,0.0,,,0.0,0.0,0.0,,,0.0,0.0,0.0,,,0.0,0.0,0.0,,,0.0,0.0,0.0,0.0,0.0
1912734.69529,524,10,13,0524-10-13,0,-1.327,1.3464,5359.8,40.0,0.0,,,0.0,0.0,0.0,,,0.0,0.0,0.0,,,0.0,0.0,0.0,,,0.0,0.0,0.0,,,0.0,0.0,0.0,,,0.0,0.0,0.0,,,0.0,0.0,0.0,,,0.0,0.0,0.0,0.0,0.0
1912764.14825,524,11,11,0524-11-11,1,1.3679,1.3618,5359.8,40.0,0.2559,12.6,14:20,0.2564,0.2553,0.2717,10.9,14:18,0.2721,0.2711,0.2474,14.0,14:18,0.2476,0.2471,0.2581,12.0,14:20,0.2587,0.2571,0.2567,10.1,14:24,0.2582,0.2548,0.0411,8.8,14:54,0.0476,0.0345,0.0,,,0.0,0.0,0.0,,,0.0,0.0,0.2717,0.2721,0.2711
1912912.38077,525,4,8,0525-04-08,2,0.7303,0.6549,5350.4,40.0,0.0,,,0.0,0.0,0.0,,,0.0,0.0,0.0,,,0.0,0.0,0.0,,,0.0,0.0,0.0,,,0.0,0.0,0.0,,,0.0,0.0,0.0,,,0.0,0.0,0.0,,,0.0,0.0,0.0,0.0,0.0
1913089.36637,525,10,2,0525-10-02,4,-0.6528,0.6632,5350.4,40.0,0.0,,,0.0,0.0,0.0,,,0.0,0.0,0.0,,,0.0,0.0,0.0,,,0.0,0.0,0.0,,,0.0,0.0,0.0,,,0.0,0.0,0.0,,,0.0,0.0,0.0,,,0.0,0.0,0.0,0.0,0.0
1913266.41585,526,3,28,0526-03-28,6,-0.0201,0.0184,5341.0,40.0,0.0,,,0.0,0.0,0.0,,,0.0,0.0,0.0,,,0.0,0.0,0.0,,,0.0,0.0,0.0,,,0.0,0.0,0.0,,,0.0,0.0,0.0,,,0.0,0.0,0.0,,,0.0,0.0,0.0,0.0,0.0
1913443.9511,526,9,22,0526-09-22,2,0.0476,0.0464,5341.0,40.0,0.0,,,0.0,0.0,0.0,,,0.0,0.0,0.0064,13.1,07:54,0.0097,0.0029,0.0,,,0.0,0.0,0.0,,,0.0,0.0,0.2229,31.1,07:58,0.2312,0.2142,0.1084,43.3,08:18,0.1207,0.0959,0.3562,52.1,08:22,0.3712,0.3409,0.0064,0.0097,0.0029
1913620.69436,527,3,18,0527-03-18,4,-0.7562,0.7286,5331.6,40.0,0.0,,,0.0,0.0,0.0,,,0.0,0.0,0.0,,,0.0,0.0,0.0,,,0.0,0.0,0.0,,,0.0,0.0,0.0,,,0.0,0.0,0.0,,,0.0,0.0,0.0,,,0.0,0.0,0.0,0.0,0.0
1913798.27949,527,9,11,0527-09-11,6,0.8109,0.7483,5331.6,40.0,0.7517,8.3,17:47,0.7546,0.7492,0.7349,8.6,17:43,0.7377,0.7326,0.7638,8.9,17:49,0.7668,0.761,0.7474,7.7,17:47,0.75,0.7449,0.7374,5.3,17:47,0.7395,0.7356,0.2427,-0.7,17:23,0.3327,0.183,0.0,,,0.0,0.0,0.0,,,0.0,0.0,0.7638,0.7668,0.761
1913945.86644,528,2,6,0528-02-06,0,1.1946,1.2196,5322.2,40.0,0.0,,,0.0,0.0,0.0,,,0.0,0.0,0.0,,,0.0,0.0,0.0,,,0.0,0.0,0.0,,,0.0,0.0,0.3296,0.3,06:24,0.3361,0.3229,0.3824,13.1,06:32,0.3859,0.3787,0.1909,16.8,06:20,0.1955,0.1861,0.0,0.0,0.0
1913975.25133,528,3,6,0528-03-06,1,-1.4236,1.4378,5322.2,40.0,0.0,,,0.0,0.0,0.0,,,0.0,0.0,0.0,,,0.0,0.0,0.0,,,0.0,0.0,0.0,,,0.0,0.0,0.0,,,0.0,0.0,0.0,,,0.0,0.0,0.0,,,0.0,0.0,0.0,0.0,0.0
1914122.65771,528,8,1,0528-08-01,2,-1.3599,1.224,5322.2,40.0,0.0,,,0.0,0.0,0.0,,,0.0,0.0,0.0,,,0.0,0.0,0.0,,,0.0,0.0,0.0,,,0.0,0.0,0.0,,,0.0,0.0,0.0,,,0.0,0.0,0.0,,,0.0,0.0,0.0,0.0,0.0
1914300.52428,529,1,26,0529-01-26,5,0.5322,0.5345,5312.7,40.0,0.0,,,0.0,0.0,0.0,,,0.0,0.0,0.0,,,0.0,0.0,0.0,,,0.0,0.0,0.0,,,0.0,0.0,0.0,,,0.0,0.0,0.0,,,0.0,0.0,0.0,,,0.0,0.0,0.0,0.0,0.0
1914476.79794,529,7,21,0529-07-21,6,-0.5702,0.5335,5312.7,40.0,0.0,,,0.0,0.0,0.0,,,0.0,0.0,0.0,,,0.0,0.0,0.0,,,0.0,0.0,0.0,,,0.0,0.0,0.0,,,0.0,0.0,0.0,,,0.0,0.0,0.0,,,0.0,0.0,0.0,0.0,0.0
1914655.01458,530,1,15,0530-01-15,2,-0.168,0.1603,5303.3,40.0,0.0,,,0.0,0.0,0.0,,,0.0,0.0,0.0,,,0.0,0.0,0.0,,,0.0,0.0,0.0,,,0.0,0.0,0.0,,,0.0,0.0,0.0,,,0.0,0.0,0.0,,,0.0,0.0,0.0,0.0,0.0
1914831.24127,530,7,10,0530-07-10,3,0.2166,0.214,5303.3,40.0,0.1045,29.5,17:09,0.1141,0.0948,0.0688,29.8,17:05,0.0781,0.0596,0.1328,30.3,17:09,0.1429,0.1229,0.0916,28.9,17:09,0.1011,0.082,0.0544,26.5,17:09,0.0638,0.0449,0.1596,11.7,17:29,0.1706,0.1486,0.0414,0.7,17:25,0.0507,0.0323,0.0,,,0.0657,0.0,0.1328,0.1429,0.1229
1915009.20192,531,1,4,0531-01-04,6,-0.8993,0.8168,5293.9,40.0,0.0,,,0.0,0.0,0.0,,,0.0,0.0,0.0,,,0.0,0.0,0.0,,,0.0,0.0,0.0,,,0.0,0.0,0.0,,,0.0,0.0,0.0,,,0.0,0.0,0.0,,,0.0,0.0,0.0,0.0,0.0
1915185.91068,531,6,30,0531-06-30,1,0.9439,0.9621,5293.9,40.0,0.5583,27.1,07:25,0.5685,0.548,0.5897,27.6,07:27,0.5996,0.5797,0.5519,26.0,07:23,0.5623,0.5414,0.5557,27.7,07:25,0.5659,0.5453,0.5268,30.4,07:27,0.537,0.5166,0.1163,37.4,07:11,0.1299,0.1026,0.0,,,0.0,0.0,0.0,,,0.0,0.0,0.5897,0.5996,0.5797
1915333.38502,531,11,24,0531-11-24,1,1.4672,1.3363,5293.9,40.0,0.0,,,0.0,0.0,0.0,,,0.0,0.0,0.0,,,0.0,0.0,0.0,,,0.0,0.0,0.0,,,0.0,0.0,0.0,,,0.0,0.0,0.0,,,0.0,0.0,0.0,,,0.0,0.0,0.0,0.0,0.0
1915511.2974,532,5,20,0532-05-20,4,-0.8513,0.8372,5284.5,40.0,0.0,,,0.0,0.0,0.0,,,0.0,0.0,0.0,,,0.0,0.0,0.0,,,0.0,0.0,0.0,,,0.0,0.0,0.0,,,0.0,0.0,0.0,,,0.0,0.0,0.0,,,0.0,0.0,0.0,0.0,0.0
1915687.59059,532,11,13,0532-11-13,6,0.7225,0.6924,5284.5,40.0,0.0,,,0.0,0.0,0.0,,,0.0,0.0,0.0,,,0.0,0.0,0.0,,,0.0,0.0,0.0,,,0.0,0.0,0.0,,,0.0,0.0,0.0,,,0.0,0.0,0.0,,,0.0,0.0,0.0,0.0,0.0
1915865.71903,533,5,10,0533-05-10,2,-0.0951,0.0885,5275.1,40.0,0.0,,,0.0,0.0,0.0,,,0.0,0.0,0.0,,,0.0,0.0,0.0,,,0.0,0.0,0.0,,,0.0,0.0,0.0,,,0.0,0.0,0.0,,,0.0,0.0,0.0,,,0.0,0.0,0.0,0.0,0.0
1916042.09344,533,11,2,0533-11-02,3,0.0035,0.0035,5275.1,40.0,0.0,,,0.0,0.0,0.0,,,0.0,0.0,0.0,,,0.0,0.0,0.0,,,0.0,0.0,0.0,,,0.0,0.0,0.0,,,0.0,0.0,0.0,,,0.0,0.0,0.0,,,0.0,0.0,0.0,0.0,0.0
1916219.84287,534,4,29,0534-04-29,6,0.6858,0.6164,5265.7,40.0,0.5107,12.3,06:23,0.5158,0.5058,0.5058,13.3,06:27,0.5109,0.5009,0.5092,11.1,06:21,0.514,0.5045,0.5138,12.9,06:23,0.5191,0.5087,0.5313,15.4,06:23,0.5373,0.5255,0.6975,20.0,05:59,0.7072,0.6881,0.8576,33.1,06:03,0.8717,0.8441,0.9409,30.6,05:43,0.9411,0.94,0.5138,0.5191,0.5087
1916396.74854,534,10,23,0534-10-23,1,-0.6696,0.6832,5265.7,40.0,0.0,,,0.0,0.0,0.0,,,0.0,0.0,0.0,,,0.0,0.0,0.0,,,0.0,0.0,0.0,,,0.0,0.0,0.0,,,0.0,0.0,0.0,,,0.0,0.0,0.0,,,0.0,0.0,0.0,0.0,0.0
1916544.26541,535,3,19,0535-03-19,1,-1.4217,1.3173,5256.3,40.0,0.0,,,0.0,0.0,0.0,,,0.0,0.0,0.0,,,0.0,0.0,0.0,,,0.0,0.0,0.0,,,0.0,0.0,0.0,,,0.0,0.0,0.0,,,0.0,0.0,0.0,,,0.0,0.0,0.0,0.0,0.0
1916573.86482,535,4,18,0535-04-18,3,1.4183,1.2865,5256.3,40.0,0.1703,13.4,06:53,0.1754,0.165,0.1744,14.1,06:57,0.1794,0.1692,0.1724,12.3,06:51,0.1772,0.1673,0.167,13.9,06:53,0.1722,0.1616,0.1488,16.7,06:55,0.1547,0.1425,0.0,,,0.0,0.0,0.0,,,0.0,0.0,0.0,,,0.0,0.0,0.1744,0.1794,0.1692
1916721.86998,535,9,13,0535-09-13,4,1.3491,1.2939,5256.3,40.0,0.0,,,0.0,0.0,0.0,,,0.0,0.0,0.0,,,0.0,0.0,0.0,,,0.0,0.0,0.0,,,0.0,0.0,0.0,,,0.0,0.0,0.0,,,0.0,0.0,0.0,,,0.0,0.0,0.0,0.0,0.0
1916751.3613,535,10,12,0535-10-12,5,-1.3864,1.3683,5256.3,40.0,0.0,,,0.0,0.0,0.0,,,0.0,0.0,0.0,,,0.0,0.0,0.0,,,0.0,0.0,0.0,,,0.0,0.0,0.0,,,0.0,0.0,0.0,,,0.0,0.0,0.0,,,0.0,0.0,0.0,0.0,0.0
1916898.62684,536,3,8,0536-03-08,6,-0.6278,0.6145,5246.9,40.0,0.0,,,0.0,0.0,0.0,,,0.0,0.0,0.0,,,0.0,0.0,0.0,,,0.0,0.0,0.0,,,0.0,0.0,0.0,,,0.0,0.0,0.0,,,0.0,0.0,0.0,,,0.0,0.0,0.0,0.0,0.0
1917076.11551,536,9,1,0536-09-01,1,0.6639,0.6051,5246.9,40.0,0.9459,43.3,12:44,0.9459,0.9459,0.9428,41.3,12:40,0.9455,0.9313,0.9375,44.4,12:42,0.9461,0.9236,0.9458,42.9,12:42,0.9458,0.9458,0.9098,42.0,12:48,0.9227,0.896,0.8839,43.6,13:30,0.9012,0.8672,0.7003,29.9,13:48,0.7129,0.6885,0.7956,26.9,14:10,0.8082,0.7841,0.9459,0.9461,0.9459
1917253.23459,537,2,25,0537-02-25,3,0.1049,0.1067,5237.5,40.0,0.3417,1.5,17:44,0.3476,0.3355,0.2854,1.1,17:42,0.291,0.2795,0.3651,2.6,17:44,0.3713,0.3585,0.3372,0.9,17:44,0.3429,0.3313,0.3386,-0.7,17:38,0.3423,0.3281,0.0263,-0.6,16:58,0.1325,0.0,0.0,,,0.0,0.0,0.0,,,0.0,0.0,0.3651,0.3713,0.3585
1917430.1321,537,8,21,0537-08-21,5,-0.065,0.0583,5237.5,40.0,0.0,,,0.0,0.0,0.0,,,0.0,0.0,0.0,,,0.0,0.0,0.0,,,0.0,0.0,0.0,,,0.0,0.0,0.0,,,0.0,0.0,0.0,,,0.0,0.0,0.0,,,0.0,0.0,0.0,0.0,0.0
1917607.9129,538,2,15,0538-02-15,1,0.8021,0.8118,5228.1,40.0,0.6614,3.2,08:15,0.6614,0.6613,0.6546,3.0,08:19,0.6548,0.6542,0.6661,2.7,08:13,0.6664,0.6659,0.6602,3.8,08:17,0.6609,0.6599,0.6621,6.1,08:19,0.6639,0.661,0.789,19.8,08:09,0.7953,0.7831,0.9256,31.5,08:31,0.9393,0.9124,0.9756,38.3,08:17,0.99,0.9604,0.6661,0.6664,0.6659
1917784.21149,538,8,10,0538-08-10,2,-0.8004,0.7405,5228.1,40.0,0.0,,,0.0,0.0,0.0,,,0.0,0.0,0.0,,,0.0,0.0,0.0,,,0.0,0.0,0.0,,,0.0,0.0,0.0,,,0.0,0.0,0.0,,,0.0,0.0,0.0,,,0.0,0.0,0.0,0.0,0.0
1917932.88066,539,1,6,0539-01-06,4,-1.2816,1.2031,5218.7,40.0,0.0,,,0.0,0.0,0.0,,,0.0,0.0,0.0,,,0.0,0.0,0.0,,,0.0,0.0,0.0,,,0.0,0.0,0.0,,,0.0,0.0,0.0,,,0.0,0.0,0.0,,,0.0,0.0,0.0,0.0,0.0
1918109.22767,539,7,1,0539-07-01,5,1.0948,1.0954,5218.7,40.0,0.3163,33.0,16:48,0.3277,0.3047,0.3461,33.2,16:44,0.3569,0.3352,0.289,33.5,16:50,0.3009,0.277,0.3295,32.4,16:48,0.3409,0.3181,0.3712,29.9,16:48,0.3821,0.3602,0.3206,15.2,17:10,0.3324,0.3088,0.4461,4.1,17:06,0.4551,0.4365,0.2419,-0.7,17:04,0.257,0.2044,0.3461,0.3569,0.3352
1918138.58213,539,7,31,0539-07-31,0,-1.4926,1.4582,5218.7,40.0,0.0,,,0.0,0.0,0.0,,,0.0,0.0,0.0,,,0.0,0.0,0.0,,,0.0,0.0,0.0,,,0.0,0.0,0.0,,,0.0,0.0,0.0,,,0.0,0.0,0.0,,,0.0,0.0,0.0,0.0,0.0
1918286.98201,539,12,26,0539-12-26,1,-0.6305,0.5679,5218.7,40.0,0.0,,,0.0,0.0,0.0,,,0.0,0.0,0.0,,,0.0,0.0,0.0,,,0.0,0.0,0.0,,,0.0,0.0,0.0,,,0.0,0.0,0.0,,,0.0,0.0,0.0,,,0.0,0.0,0.0,0.0,0.0
1918463.92993,540,6,20,0540-06-20,3,0.3412,0.348,5209.3,40.0,0.5316,31.6,07:52,0.5407,0.5223,0.4892,32.2,07:56,0.498,0.4802,0.5445,30.5,07:50,0.554,0.5348,0.5318,32.4,07:54,0.5411,0.5225,0.5544,35.1,07:56,0.563,0.5455,1.0762,45.2,07:50,1.0765,0.9961,0.9434,61.2,08:12,0.9484,0.9395,0.6165,64.4,08:08,0.6223,0.6115,0.5445,0.554,0.5348
1918640.93988,540,12,14,0540-12-14,5,0.0484,0.0437,5209.3,40.0,0.0,,,0.0,0.0,0.0,,,0.0,0.0,0.0,,,0.0,0.0,0.0,,,0.0,0.0,0.0,,,0.0,0.0,0.0,,,0.0,0.0,0.0,,,0.0,0.0,0.0,,,0.0,0.0,0.0,0.0,0.0
1918818.61792,541,6,10,0541-06-10,1,-0.4111,0.4086,5199.9,40.0,0.0,,,0.0,0.0,0.0,,,0.0,0.0,0.0,,,0.0,0.0,0.0,,,0.0,0.0,0.0,,,0.0,0.0,0.0,,,0.0,0.0,0.0,,,0.0,0.0,0.0,,,0.0,0.0,0.0,0.0,0.0
1918995.07305,541,12,3,0541-12-03,2,0.7289,0.6891,5199.9,40.0,0.5545,13.2,12:14,0.5556,0.5537,0.5417,11.2,12:14,0.5427,0.541,0.5631,14.1,12:12,0.5648,0.5619,0.5517,12.9,12:16,0.5525,0.5512,0.5494,12.4,12:22,0.5501,0.549,0.7254,20.4,12:58,0.7326,0.7187,0.8595,10.5,13:24,0.8698,0.849,0.8877,14.8,13:34,0.9002,0.8745,0.5631,0.5648,0.5619
1919143.59475,542,5,1,0542-05-01,4,1.5207,1.3973,5190.5,40.0,0.0,,,0.0,0.0,0.0,,,0.0,0.0,0.0,,,0.0,0.0,0.0,,,0.0,0.0,0.0,,,0.0,0.0,0.0,,,0.0,0.0,0.0,,,0.0,0.0,0.0,,,0.0,0.0,0.0,0.0,0.0
1919173.10353,542,5,30,0542-05-30,5,-1.2269,1.1563,5190.5,40.0,0.0,,,0.0,0.0,0.0,,,0.0,0.0,0.0,,,0.0,0.0,0.0,,,0.0,0.0,0.0,,,0.0,0.0,0.0,,,0.0,0.0,0.0,,,0.0,0.0,0.0,,,0.0,0.0,0.0,0.0,0.0
1919320.05345,542,10,24,0542-10-24,5,-1.3392,1.3607,5190.5,40.0,0.0,,,0.0,0.0,0.0,,,0.0,0.0,0.0,,,0.0,0.0,0.0,,,0.0,0.0,0.0,,,0.0,0.0,0.0,,,0.0,0.0,0.0,,,0.0,0.0,0.0,,,0.0,0.0,0.0,0.0,0.0
1919349.51176,542,11,23,0542-11-23,0,1.3612,1.3583,5190.5,40.0,0.0,,,0.0,0.0,0.0,,,0.0,0.0,0.0,,,0.0,0.0,0.0,,,0.0,0.0,0.0,,,0.0,0.0,0.0,,,0.0,0.0,0.0,,,0.0,0.0,0.0,,,0.0,0.0,0.0,0.0,0.0
1919497.65764,543,4,20,0543-04-20,1,0.8037,0.7206,5181.2,40.0,0.0,,,0.0,0.0,0.0,,,0.0,0.0,0.0,,,0.0,0.0,0.0,,,0.0,0.0,0.0,,,0.0,0.0,0.0,,,0.0,0.0,0.0,,,0.0,0.0,0.0,,,0.0,0.0,0.0,0.0,0.0
1919674.71979,543,10,14,0543-10-14,3,-0.6733,0.6832,5181.2,40.0,0.0,,,0.0,0.0,0.0,,,0.0,0.0,0.0,,,0.0,0.0,0.0,,,0.0,0.0,0.0,,,0.0,0.0,0.0,,,0.0,0.0,0.0,,,0.0,0.0,0.0,,,0.0,0.0,0.0,0.0,0.0
1919851.70631,544,4,8,0544-04-08,5,0.0443,0.0406,5171.8,40.0,0.0,,,0.0,0.0,0.0,,,0.0,0.0,0.0,,,0.0,0.0,0.0,,,0.0,0.0,0.0,,,0.0,0.0,0.0,,,0.0,0.0,0.0,,,0.0,0.0,0.0,,,0.0,0.0,0.0,0.0,0.0
1920029.28841,544,10,2,0544-10-02,0,0.0206,0.02,5171.8,40.0,0.0,,,0.0,0.0,0.0,,,0.0,0.0,0.0,,,0.0,0.0,0.0,,,0.0,0.0,0.0,,,0.0,0.0,0.0,,,0.0,0.0,0.0,,,0.0,0.0,0.0,,,0.0,0.0,0.0,0.0,0.0
1920206.00975,545,3,28,0545-03-28,2,-0.7034,0.6799,5162.4,40.0,0.0,,,0.0,0.0,0.0,,,0.0,0.0,0.0,,,0.0,0.0,0.0,,,0.0,0.0,0.0,,,0.0,0.0,0.0,,,0.0,0.0,0.0,,,0.0,0.0,0.0,,,0.0,0.0,0.0,0.0,0.0
1920383.59272,545,9,22,0545-09-22,5,0.774,0.7124,5162.4,40.0,0.0,,,0.0,0.0,0.0,,,0.0,0.0,0.0,,,0.0,0.0,0.0,,,0.0,0.0,0.0,,,0.0,0.0,0.0,,,0.0,0.0,0.0,,,0.0,0.0,0.0,,,0.0,0.0,0.0,0.0,0.0
1920531.21837,546,2,16,0546-02-16,5,1.2172,1.243,5153.0,40.0,0.0,,,0.0,0.0,0.0292,4.4,16:56,0.0366,0.022,0.0,,,0.0,0.0,0.0,,,0.0,0.0,0.0,,,0.0,0.0,0.0,,,0.0,0.0,0.0,,,0.0,0.0,0.0,,,0.0,0.0,0.0292,0.0366,0.022
1920560.58555,546,3,18,0546-03-18,0,-1.3812,1.3973,5153.0,40.0,0.0,,,0.0,0.0,0.0,,,0.0,0.0,0.0,,,0.0,0.0,0.0,,,0.0,0.0,0.0,,,0.0,0.0,0.0,,,0.0,0.0,0.0,,,0.0,0.0,0.0,,,0.0,0.0,0.0,0.0,0.0
1920707.93949,546,8,12,0546-08-12,0,-1.4256,1.2848,5153.0,40.0,0.0,,,0.0,0.0,0.0,,,0.0,0.0,0.0,,,0.0,0.0,0.0,,,0.0,0.0,0.0,,,0.0,0.0,0.0,,,0.0,0.0,0.0,,,0.0,0.0,0.0,,,0.0,0.0,0.0,0.0,0.0
1920737.63041,546,9,11,0546-09-11,2,1.5085,1.3526,5153.0,40.0,0.0,,,0.0,0.0,0.0,,,0.0,0.0,0.0,,,0.0,0.0,0.0,,,0.0,0.0,0.0,,,0.0,0.0,0.0,,,0.0,0.0,0.0,,,0.0,0.0,0.0,,,0.0,0.0,0.0,0.0,0.0
1920885.87792,547,2,6,0547-02-06,3,0.551,0.5521,5143.6,40.0,0.0,,,0.0,0.0,0.0,,,0.0,0.0,0.0,,,0.0,0.0,0.0,,,0.0,0.0,0.0,,,0.0025,0.0,0.4671,3.1,06:40,0.4729,0.4612,0.4243,16.5,06:54,0.427,0.4219,0.6095,20.5,06:40,0.6131,0.6063,0.0,0.0,0.0
1921062.09092,547,8,1,0547-08-01,4,-0.6383,0.5993,5143.6,40.0,0.0,,,0.0,0.0,0.0,,,0.0,0.0,0.0,,,0.0,0.0,0.0,,,0.0,0.0,0.0,,,0.0,0.0,0.0,,,0.0,0.0,0.0,,,0.0,0.0,0.0,,,0.0,0.0,0.0,0.0,0.0
1921240.35953,548,1,26,0548-01-26,0,-0.1551,0.1476,5134.3,40.0,0.0,,,0.0,0.0,0.0,,,0.0,0.0,0.0,,,0.0,0.0,0.0,,,0.0,0.0,0.0,,,0.0,0.0,0.0,,,0.0,0.0,0.0,,,0.0,0.0,0.0,,,0.0,0.0,0.0,0.0,0.0
1921416.54919,548,7,21,0548-07-21,2,0.1468,0.1455,5134.3,40.0,0.0,,,0.0,0.0,0.0,,,0.0,0.0,0.0,,,0.0,0.0,0.0,,,0.0,0.0,0.0,,,0.0,0.0,0.0,,,0.0,0.0,0.0,,,0.0,0.0,0.0,,,0.0,0.0,0.0,0.0,0.0
1921594.53467,549,1,15,0549-01-15,5,-0.8888,0.8059,5124.9,40.0,0.0,,,0.0,0.0,0.0,,,0.0,0.0,0.0,,,0.0,0.0,0.0,,,0.0,0.0,0.0,,,0.0,0.0,0.0,,,0.0,0.0,0.0,,,0.0,0.0,0.0,,,0.0,0.0,0.0,0.0,0.0
1921771.22401,549,7,10,0549-07-10,6,0.8738,0.8912,5124.9,40.0,0.6554,32.1,16:51,0.6656,0.6451,0.694,32.3,16:47,0.7034,0.6844,0.6251,33.0,16:51,0.6353,0.6149,0.6689,31.5,16:51,0.6791,0.6589,0.7081,29.0,16:51,0.7178,0.6982,0.5943,14.4,17:13,0.6061,0.5824,0.7217,3.0,17:11,0.7323,0.7121,0.4164,-0.7,17:03,0.4672,0.3756,0.694,0.7034,0.6844
1921918.72492,549,12,5,0549-12-05,0,1.4694,1.341,5124.9,40.0,0.0,,,0.0,0.0,0.0,,,0.0,0.0,0.0,,,0.0,0.0,0.0,,,0.0,0.0,0.0,,,0.0,0.0,0.0,,,0.0,0.0,0.0,,,0.0,0.0,0.0,,,0.0,0.0,0.0,0.0,0.0
1922096.59758,550,6,1,0550-06-01,3,-0.9295,0.9112,5115.5,40.0,0.0,,,0.0,0.0,0.0,,,0.0,0.0,0.0,,,0.0,0.0,0.0,,,0.0,0.0,0.0,,,0.0,0.0,0.0,,,0.0,0.0,0.0,,,0.0,0.0,0.0,,,0.0,0.0,0.0,0.0,0.0
1922272.94477,550,11,24,0550-11-24,4,0.7249,0.6968,5115.5,40.0,0.5949,-0.9,08:19,0.6603,0.5016,0.4951,-0.9,08:29,0.5615,0.4005,0.5352,-0.7,08:21,0.6269,0.4699,0.637,-0.8,08:17,0.7025,0.5436,0.8676,-0.7,08:03,0.932,0.8048,0.8005,13.9,07:55,0.8168,0.7845,0.9731,23.8,08:15,0.9753,0.9567,0.8323,33.4,08:19,0.852,0.8124,0.637,0.7025,0.5436
1922451.00174,551,5,21,0551-05-21,0,-0.1758,0.1632,5106.2,40.0,0.0,,,0.0,0.0,0.0,,,0.0,0.0,0.0,,,0.0,0.0,0.0,,,0.0,0.0,0.0,,,0.0,0.0,0.0328,68.8,10:59,0.0464,0.0187,0.1993,62.5,11:25,0.2062,0.1918,0.4985,67.4,11:23,0.5067,0.4895,0.0,0.0,0.0
1922627.45711,551,11,13,0551-11-13,1,0.0106,0.0106,5106.2,40.0,0.0,,,0.0,0.0,0.0,,,0.0,0.0,0.0,,,0.0,0.0,0.0,,,0.0,0.0,0.0,,,0.0,0.0,0.0,,,0.0,0.0,0.0,,,0.0,0.0,0.0,,,0.0,0.0,0.0,0.0,0.0
1922805.1134,552,5,9,0552-05-09,4,0.6039,0.5423,5096.8,40.0,0.737,47.7,14:14,0.7428,0.7317,0.7874,46.2,14:14,0.7926,0.7825,0.7165,49.2,14:12,0.7228,0.7105,0.7408,46.9,14:16,0.7462,0.7358,0.7343,44.3,14:22,0.7384,0.7309,0.3511,36.6,14:50,0.3528,0.3499,0.382,20.9,15:08,0.3886,0.3755,0.1158,16.7,15:18,0.1243,0.1077,0.7874,0.7926,0.7825
1922982.11106,552,11,2,0552-11-02,6,-0.659,0.672,5096.8,40.0,0.0,,,0.0,0.0,0.0,,,0.0,0.0,0.0,,,0.0,0.0,0.0,,,0.0,0.0,0.0,,,0.0,0.0,0.0,,,0.0,0.0,0.0,,,0.0,0.0,0.0,,,0.0,0.0,0.0,0.0,0.0
1923129.56671,553,3,30,0553-03-30,0,-1.4724,1.3684,5087.5,40.0,0.0,,,0.0,0.0,0.0,,,0.0,0.0,0.0,,,0.0,0.0,0.0,,,0.0,0.0,0.0,,,0.0,0.0,0.0,,,0.0,0.0,0.0,,,0.0,0.0,0.0,,,0.0,0.0,0.0,0.0,0.0
1923159.14407,553,4,28,0553-04-28,1,1.3422,1.22,5087.5,40.0,0.0,,,0.0,0.0,0.0,,,0.0,0.0,0.0,,,0.0,0.0,0.0,,,0.0,0.0,0.0,,,0.0,0.0,0.0,,,0.0,0.0,0.0,,,0.0,0.0,0.0,,,0.0,0.0,0.0,0.0,0.0
1923307.19694,553,9,23,0553-09-23,2,1.3878,1.3268,5087.5,40.0,0.1375,23.3,15:20,0.1465,0.1282,0.1466,22.4,15:16,0.1552,0.1377,0.1231,24.3,15:22,0.1326,0.1132,0.1458,22.7,15:20,0.1545,0.1368,0.175,20.3,15:22,0.1827,0.167,0.1697,11.7,15:54,0.1737,0.1653,0.1848,-0.8,15:56,0.1851,0.1795,0.0,,,0.0268,0.0,0.1466,0.1552,0.1377
1923336.711,553,10,23,0553-10-23,4,-1.3736,1.352,5087.5,40.0,0.0,,,0.0,0.0,0.0,,,0.0,0.0,0.0,,,0.0,0.0,0.0,,,0.0,0.0,0.0,,,0.0,0.0,0.0,,,0.0,0.0,0.0,,,0.0,0.0,0.0,,,0.0,0.0,0.0,0.0,0.0
1923483.95156,554,3,19,0554-03-19,4,-0.6711,0.6588,5078.1,40.0,0.0,,,0.0,0.0,0.0,,,0.0,0.0,0.0,,,0.0,0.0,0.0,,,0.0,0.0,0.0,,,0.0,0.0,0.0,,,0.0,0.0,0.0,,,0.0,0.0,0.0,,,0.0,0.0,0.0,0.0,0.0
1923661.41914,554,9,12,0554-09-12,6,0.7126,0.6481,5078.1,40.0,0.0,,,0.0,0.0,0.0,,,0.0,0.0,0.0,,,0.0,0.0,0.0,,,0.0,0.0,0.0,,,0.0,0.0,0.0,,,0.0,0.0,0.0,,,0.0,0.0,0.0,,,0.0,0.0,0.0,0.0,0.0
1923838.57457,555,3,9,0555-03-09,2,0.0667,0.0679,5068.8,40.0,0.0,,,0.0,0.0,0.0,,,0.0,0.0,0.0,,,0.0,0.0,0.0,,,0.0,0.0,0.0,,,0.0,0.0,0.0,,,0.0,0.0,0.0,,,0.0,0.0,0.0,,,0.0,0.0,0.0,0.0,0.0
1924015.42372,555,9,1,0555-09-01,3,-0.0075,0.0067,5068.8,40.0,0.0,,,0.0,0.0,0.0,,,0.0,0.0,0.0,,,0.0,0.0,0.0,,,0.0,0.0,0.0,,,0.0,0.0,0.0,,,0.0,0.0,0.0,,,0.0,0.0,0.0,,,0.0,0.0,0.0,0.0,0.0
1924193.25762,556,2,26,0556-02-26,6,0.7729,0.7809,5059.4,40.0,0.322,-0.7,18:00,0.3668,0.2829,0.3505,-0.7,17:56,0.4047,0.3057,0.3443,-0.8,18:08,0.3641,0.3041,0.2939,-0.7,17:56,0.3478,0.2498,0.0816,-0.6,17:38,0.1626,0.0231,0.0,,,0.0,0.0,0.0,,,0.0,0.0,0.0,,,0.0,0.0,0.3505,0.4047,0.3057
1924369.51047,556,8,21,0556-08-21,1,-0.7387,0.6854,5059.4,40.0,0.0,,,0.0,0.0,0.0,,,0.0,0.0,0.0,,,0.0,0.0,0.0,,,0.0,0.0,0.0,,,0.0,0.0,0.0,,,0.0,0.0,0.0,,,0.0,0.0,0.0,,,0.0,0.0,0.0,0.0,0.0
1924518.2237,557,1,16,0557-01-16,2,-1.2958,1.213,5050.1,40.0,0.0,,,0.0,0.0,0.0,,,0.0,0.0,0.0,,,0.0,0.0,0.0,,,0.0,0.0,0.0,,,0.0,0.0,0.0,,,0.0,0.0,0.0,,,0.0,0.0,0.0,,,0.0,0.0,0.0,0.0,0.0
1924547.80487,557,2,15,0557-02-15,4,1.5321,1.4771,5050.1,40.0,0.0,,,0.0,0.0,0.0,,,0.0,0.0,0.0,,,0.0,0.0,0.0,,,0.0,0.0,0.0,,,0.0,0.0,0.0,,,0.0,0.0,0.0,,,0.0,0.0,0.0,,,0.0,0.0,0.0,0.0,0.0
1924694.53639,557,7,12,0557-07-12,4,1.1616,1.1652,5050.1,40.0,0.0,,,0.0,0.0,0.0,,,0.0,0.0,0.0,,,0.0,0.0,0.0,,,0.0,0.0,0.0,,,0.0,0.0,0.0,,,0.0,0.0,0.0,,,0.0,0.0,0.0,,,0.0,0.0,0.0,0.0,0.0
1924723.89438,557,8,10,0557-08-10,5,-1.4289,1.4005,5050.1,40.0,0.0,,,0.0,0.0,0.0,,,0.0,0.0,0.0,,,0.0,0.0,0.0,,,0.0,0.0,0.0,,,0.0,0.0,0.0,,,0.0,0.0,0.0,,,0.0,0.0,0.0,,,0.0,0.0,0.0,0.0,0.0
1924872.31537,558,1,5,0558-01-05,6,-0.6398,0.5758,5040.7,40.0,0.0,,,0.0,0.0,0.0,,,0.0,0.0,0.0,,,0.0,0.0,0.0,,,0.0,0.0,0.0,,,0.0,0.0,0.0,,,0.0,0.0,0.0,,,0.0,0.0,0.0,,,0.0,0.0,0.0,0.0,0.0
1925049.24068,558,7,1,0558-07-01,1,0.415,0.4233,5040.7,40.0,0.383,31.2,17:00,0.3947,0.3716,0.3542,31.2,16:58,0.3651,0.3434,0.4099,31.8,17:02,0.4218,0.3981,0.37,30.7,17:00,0.3814,0.3586,0.3285,27.9,17:02,0.3395,0.3178,0.3788,13.1,17:22,0.3904,0.3674,0.2587,2.2,17:18,0.2675,0.2499,0.2211,-0.7,17:04,0.2987,0.1648,0.4099,0.4218,0.3981
1925226.27691,558,12,25,0558-12-25,3,0.0428,0.0387,5040.7,40.0,0.0,,,0.0,0.0,0.0,,,0.0,0.0,0.0,,,0.0,0.0,0.0,,,0.0,0.0,0.0,,,0.0,0.0,0.0,,,0.0,0.0,0.0,,,0.0,0.0,0.0,,,0.0,0.0,0.0,0.0,0.0
1925403.92009,559,6,21,0559-06-21,6,-0.3358,0.3328,5031.4,40.0,0.0,,,0.0,0.0,0.0,,,0.0,0.0,0.0,,,0.0,0.0,0.0,,,0.0,0.0,0.0,,,0.0,0.0,0.0,,,0.0,0.0,0.0,,,0.0,0.0,0.1257,62.0,07:57,0.1317,0.1192,0.0,0.0,0.0
1925580.42551,559,12,14,0559-12-14,0,0.7251,0.6875,5031.4,40.0,0.0,,,0.0,0.0,0.0,,,0.0,0.0,0.0,,,0.0,0.0,0.0,,,0.0,0.0,0.0,,,0.0,0.0,0.0,,,0.0,0.0,0.0,,,0.0,0.0,0.0,,,0.0,0.0,0.0,0.0,0.0
1925758.38783,560,6,9,0560-06-09,3,-1.1514,1.0813,5022.1,40.0,0.0,,,0.0,0.0,0.0,,,0.0,0.0,0.0,,,0.0,0.0,0.0,,,0.0,0.0,0.0,,,0.0,0.0,0.0,,,0.0,0.0,0.0,,,0.0,0.0,0.0,,,0.0,0.0,0.0,0.0,0.0
1925905.41607,560,11,3,0560-11-03,3,-1.3467,1.37,5022.1,40.0,0.0,,,0.0,0.0,0.0,,,0.0,0.0,0.0,,,0.0,0.0,0.0,,,0.0,0.0,0.0,,,0.0,0.0,0.0,,,0.0,0.0,0.0,,,0.0,0.0,0.0,,,0.0,0.0,0.0,0.0,0.0
1925934.8774,560,12,3,0560-12-03,5,1.3565,1.3568,5022.1,40.0,0.0,,,0.0,0.0,0.0,,,0.0,0.0,0.0,,,0.0,0.0,0.0,,,0.0,0.0,0.0,,,0.0,0.0,0.0,,,0.0,0.0,0.0,,,0.0,0.0,0.0,,,0.0,0.0,0.0,0.0,0.0
1926082.93131,561,4,30,0561-04-30,6,0.8804,0.7894,5012.7,40.0,0.8318,28.9,08:15,0.8397,0.8238,0.8534,29.1,08:19,0.8606,0.8454,0.8283,27.8,08:11,0.8367,0.8199,0.8291,29.4,08:15,0.8374,0.8208,0.8053,32.2,08:19,0.8133,0.7967,0.4894,43.0,08:03,0.5018,0.4769,0.3027,57.4,08:25,0.3157,0.2898,0.0736,60.4,08:05,0.0894,0.0578,0.8534,0.8606,0.8454
1926260.07676,561,10,24,0561-10-24,1,-0.6894,0.6986,5012.7,40.0,0.0,,,0.0,0.0,0.0,,,0.0,0.0,0.0,,,0.0,0.0,0.0,,,0.0,0.0,0.0,,,0.0,0.0,0.0,,,0.0,0.0,0.0,,,0.0,0.0,0.0,,,0.0,0.0,0.0,0.0,0.0
1926436.99431,562,4,19,0562-04-19,3,0.1123,0.1033,5003.4,40.0,0.0,,,0.0,0.0,0.0,,,0.0,0.0,0.0,,,0.0,0.0,0.0,,,0.0,0.0,0.0,,,0.0,0.0,0.2806,59.5,10:40,0.2928,0.2682,0.4427,57.1,11:12,0.4509,0.4342,0.7235,64.5,11:10,0.7331,0.7131,0.0,0.0,0.0
1926614.62967,562,10,14,0562-10-14,6,-0.001,0.001,5003.4,40.0,0.0,,,0.0,0.0,0.0,,,0.0,0.0,0.0,,,0.0,0.0,0.0,,,0.0,0.0,0.0,,,0.0,0.0,0.0,,,0.0,0.0,0.0,,,0.0,0.0,0.0,,,0.0,0.0,0.0,0.0,0.0
1926791.32076,563,4,8,0563-04-08,0,-0.6443,0.6248,4994.1,40.0,0.0,,,0.0,0.0,0.0,,,0.0,0.0,0.0,,,0.0,0.0,0.0,,,0.0,0.0,0.0,,,0.0,0.0,0.0,,,0.0,0.0,0.0,,,0.0,0.0,0.0,,,0.0,0.0,0.0,0.0,0.0
1926968.9114,563,10,3,0563-10-03,3,0.7442,0.6832,4994.1,40.0,0.7277,2.3,06:57,0.7308,0.7249,0.7754,2.6,07:01,0.7787,0.7723,0.6999,1.7,06:57,0.7029,0.697,0.7377,3.0,06:59,0.741,0.7344,0.7566,5.3,06:59,0.7606,0.7532,0.4857,18.2,06:57,0.4931,0.4788,0.5823,32.0,07:15,0.5934,0.5714,0.3411,39.4,07:19,0.3546,0.328,0.7754,0.7787,0.7723
1927116.56438,564,2,28,0564-02-28,4,1.2473,1.2738,4984.8,40.0,0.0,,,0.0,0.0,0.0,,,0.0,0.0,0.0,,,0.0,0.0,0.0,,,0.0,0.0,0.0,,,0.0,0.0,0.0,,,0.0,0.0,0.0,,,0.0,0.0,0.0,,,0.0,0.0,0.0,0.0,0.0
1927145.91437,564,3,28,0564-03-28,5,-1.3319,1.3494,4984.8,40.0,0.0,,,0.0,0.0,0.0,,,0.0,0.0,0.0,,,0.0,0.0,0.0,,,0.0,0.0,0.0,,,0.0,0.0,0.0,,,0.0,0.0,0.0,,,0.0,0.0,0.0,,,0.0,0.0,0.0,0.0,0.0
1927293.22825,564,8,22,0564-08-22,5,-1.4834,1.3388,4984.8,40.0,0.0,,,0.0,0.0,0.0,,,0.0,0.0,0.0,,,0.0,0.0,0.0,,,0.0,0.0,0.0,,,0.0,0.0,0.0,,,0.0,0.0,0.0,,,0.0,0.0,0.0,,,0.0,0.0,0.0,0.0,0.0
1927322.9336,564,9,21,0564-09-21,0,1.4677,1.3158,4984.8,40.0,0.0,,,0.0,0.0,0.0,,,0.0,0.0,0.0,,,0.0,0.0,0.0,,,0.0,0.0,0.0,,,0.0,0.0,0.0,,,0.0,0.0,0.0,,,0.0,0.0,0.0,,,0.0,0.0,0.0,0.0,0.0
1927471.22517,565,2,16,0565-02-16,1,0.5772,0.577,4975.5,40.0,0.852,2.3,17:21,0.8591,0.845,0.806,1.6,17:19,0.8129,0.7997,0.8699,3.4,17:21,0.8769,0.8624,0.8497,1.6,17:21,0.8568,0.843,0.8641,-0.8,17:21,0.8641,0.8371,0.1761,-0.8,16:49,0.2453,0.0742,0.0,,,0.0,0.0,0.0,,,0.0,0.0,0.8699,0.8769,0.8624
1927647.39099,565,8,11,0565-08-11,2,-0.6987,0.6581,4975.5,40.0,0.0,,,0.0,0.0,0.0,,,0.0,0.0,0.0,,,0.0,0.0,0.0,,,0.0,0.0,0.0,,,0.0,0.0,0.0,,,0.0,0.0,0.0,,,0.0,0.0,0.0,,,0.0,0.0,0.0,0.0,0.0
1927825.69845,566,2,6,0566-02-06,6,-0.136,0.1289,4966.1,40.0,0.0,,,0.0,0.0,0.0,,,0.0,0.0,0.0,,,0.0,0.0,0.0,,,0.0,0.0,0.0,,,0.0,0.0,0.0,,,0.0,0.0,0.0,,,0.0,0.0,0.0,,,0.0,0.0,0.0,0.0,0.0
1928001.86136,566,8,1,0566-08-01,0,0.0815,0.081,4966.1,40.0,0.0,,,0.0,0.0,0.0,,,0.0,0.0,0.0,,,0.0,0.0,0.0,,,0.0,0.0,0.0,,,0.0,0.0,0.3054,19.1,05:53,0.3141,0.2965,0.436,32.9,06:01,0.4427,0.4287,0.7324,32.2,05:53,0.7407,0.7239,0.0,0.0,0.0
1928179.86247,567,1,26,0567-01-26,3,-0.8732,0.7904,4956.8,40.0,0.0,,,0.0,0.0,0.0,,,0.0,0.0,0.0,,,0.0,0.0,0.0,,,0.0,0.0,0.0,,,0.0,0.0,0.0,,,0.0,0.0,0.0,,,0.0,0.0,0.0,,,0.0,0.0,0.0,0.0,0.0
1928356.53983,567,7,22,0567-07-22,5,0.8067,0.8231,4956.8,40.0,0.0,,,0.0,0.0,0.0,,,0.0,0.0,0.0,,,0.0,0.0,0.0,,,0.0,0.0,0.0,,,0.0,0.0,0.0,,,0.0,0.0,0.0,,,0.0,0.0,0.0,,,0.0,0.0,0.0,0.0,0.0
1928504.06578,567,12,16,0567-12-16,5,1.471,1.3452,4956.8,40.0,0.0872,11.9,11:52,0.0924,0.0817,0.101,10.0,11:54,0.1058,0.096,0.0738,12.8,11:52,0.0795,0.0678,0.0934,11.7,11:54,0.0983,0.0882,0.1105,11.6,12:00,0.1142,0.1064,0.0175,22.3,12:28,0.0179,0.0164,0.0,,,0.0,0.0,0.0,,,0.0,0.0,0.101,0.1058,0.096
1928681.89553,568,6,11,0568-06-11,1,-1.0092,0.9861,4947.5,40.0,0.0,,,0.0,0.0,0.0,,,0.0,0.0,0.0,,,0.0,0.0,0.0,,,0.0,0.0,0.0,,,0.0,0.0,0.0,,,0.0,0.0,0.0,,,0.0,0.0,0.0,,,0.0,0.0,0.0,0.0,0.0
1928858.30167,568,12,4,0568-12-04,2,0.7245,0.6985,4947.5,40.0,0.0,,,0.0,0.0,0.0,,,0.0,0.0,0.0,,,0.0,0.0,0.0,,,0.0,0.0,0.0,,,0.0,0.0,0.0,,,0.0,0.0,0.0,,,0.0,0.0,0.0,,,0.0,0.0,0.0,0.0,0.0
1929036.28109,569,5,31,0569-05-31,5,-0.2597,0.2403,4938.2,40.0,0.0,,,0.0,0.0,0.0,,,0.0,0.0,0.0,,,0.0,0.0,0.0,,,0.0,0.0,0.0,,,0.0,0.0,0.0,,,0.0,0.0,0.0,,,0.0,0.0,0.0,,,0.0,0.0,0.0,0.0,0.0
1929212.82371,569,11,24,0569-11-24,0,0.0143,0.0145,4938.2,40.0,0.0,,,0.0,0.0,0.0,,,0.0,0.0,0.0,,,0.0,0.0,0.0,,,0.0,0.0,0.0,,,0.0,0.0,0.0,,,0.0,0.0,0.1203,-0.8,05:07,0.1407,0.0784,0.4883,-0.6,04:41,0.493,0.4752,0.0,0.0,0.0
1929390.38056,570,5,20,0570-05-20,2,0.518,0.4649,4928.9,40.0,0.318,-0.8,20:31,0.3698,0.2375,0.4565,-0.8,20:41,0.5195,0.411,0.3054,-0.8,20:31,0.3587,0.2232,0.2957,-0.8,20:29,0.3476,0.2152,0.0848,-0.7,20:13,0.1672,0.0301,0.0,,,0.0,0.0,0.0,,,0.0,0.0,0.0,,,0.0,0.0,0.4565,0.5195,0.411
1929567.47704,570,11,13,0570-11-13,4,-0.6528,0.6652,4928.9,40.0,0.0,,,0.0,0.0,0.0,,,0.0,0.0,0.0,,,0.0,0.0,0.0,,,0.0,0.0,0.0,,,0.0,0.0,0.0,,,0.0,0.0,0.0,,,0.0,0.0,0.0,,,0.0,0.0,0.0,0.0,0.0
1929714.86316,571,4,10,0571-04-10,5,-1.5293,1.4255,4919.6,40.0,0.0,,,0.0,0.0,0.0,,,0.0,0.0,0.0,,,0.0,0.0,0.0,,,0.0,0.0,0.0,,,0.0,0.0,0.0,,,0.0,0.0,0.0,,,0.0,0.0,0.0,,,0.0,0.0,0.0,0.0,0.0
1929744.41955,571,5,9,0571-05-09,6,1.2604,1.1482,4919.6,40.0,0.0,,,0.0,0.0,0.0,,,0.0,0.0,0.0,,,0.0,0.0,0.0,,,0.0,0.0,0.0,,,0.0,0.0,0.0,,,0.0,0.0,0.0,,,0.0,0.0,0.0,,,0.0,0.0,0.0,0.0,0.0
1929892.52891,571,10,5,0571-10-05,1,1.4198,1.3532,4919.6,40.0,0.0,,,0.0,0.0,0.0,,,0.0,0.0,0.0,,,0.0,0.0,0.0,,,0.0,0.0,0.0,,,0.0,0.0,0.0,,,0.0,0.0,0.0,,,0.0,0.0,0.0,,,0.0,0.0,0.0,0.0,0.0
1929922.06492,571,11,3,0571-11-03,2,-1.3663,1.3413,4919.6,40.0,0.0,,,0.0,0.0,0.0,,,0.0,0.0,0.0,,,0.0,0.0,0.0,,,0.0,0.0,0.0,,,0.0,0.0,0.0,,,0.0,0.0,0.0,,,0.0,0.0,0.0,,,0.0,0.0,0.0,0.0,0.0
1930069.27192,572,3,29,0572-03-29,2,-0.7202,0.7092,4910.3,40.0,0.0,,,0.0,0.0,0.0,,,0.0,0.0,0.0,,,0.0,0.0,0.0,,,0.0,0.0,0.0,,,0.0,0.0,0.0,,,0.0,0.0,0.0,,,0.0,0.0,0.0,,,0.0,0.0,0.0,0.0,0.0
1930246.72803,572,9,23,0572-09-23,5,0.7543,0.6847,4910.3,40.0,0.0,,,0.0,0.0,0.0,,,0.0,0.0,0.0,,,0.0,0.0,0.0,,,0.0,0.0,0.0,,,0.0,0.0,0.0,,,0.0,0.0,0.0,,,0.0,0.0,0.0,,,0.0,0.0,0.0,0.0,0.0
1930423.91016,573,3,19,0573-03-19,0,0.0231,0.0236,4901.0,40.0,0.0,,,0.0,0.0,0.0,,,0.0,0.0,0.0,,,0.0,0.0,0.0,,,0.0,0.0,0.0,,,0.0,0.0,0.0,,,0.0,0.0,0.0,,,0.0,0.0,0.0,,,0.0,0.0,0.0,0.0,0.0
1930600.72173,573,9,12,0573-09-12,2,0.0427,0.0383,4901.0,40.0,0.0,,,0.0,0.0,0.0,,,0.0,0.0,0.0,,,0.0,0.0,0.0,,,0.0,0.0,0.0,,,0.0,0.0,0.0,,,0.0,0.0,0.0,,,0.0,0.0,0.0,,,0.0,0.0,0.0,0.0,0.0
1930778.59737,574,3,9,0574-03-09,5,0.7382,0.7444,4891.8,40.0,0.0,,,0.0,0.0,0.0,,,0.0,0.0,0.0,,,0.0,0.0,0.0,,,0.0,0.0,0.0,,,0.0,0.0,0.0,,,0.0,0.0,0.0,,,0.0,0.0,0.0,,,0.0,0.0,0.0,0.0,0.0
1930954.8156,574,9,1,0574-09-01,6,-0.6831,0.6357,4891.8,40.0,0.0,,,0.0,0.0,0.0,,,0.0,0.0,0.0,,,0.0,0.0,0.0,,,0.0,0.0,0.0,,,0.0,0.0,0.0,,,0.0,0.0,0.0,,,0.0,0.0,0.0,,,0.0,0.0,0.0,0.0,0.0
1931103.56216,575,1,28,0575-01-28,1,-1.3146,1.2271,4882.5,40.0,0.0,,,0.0,0.0,0.0,,,0.0,0.0,0.0,,,0.0,0.0,0.0,,,0.0,0.0,0.0,,,0.0,0.0,0.0,,,0.0,0.0,0.0,,,0.0,0.0,0.0,,,0.0,0.0,0.0,0.0,0.0
1931133.13758,575,2,26,0575-02-26,2,1.5068,1.4479,4882.5,40.0,0.0,,,0.0,0.0,0.0,,,0.0,0.0,0.0,,,0.0,0.0,0.0,,,0.0,0.0,0.0,,,0.0,0.0,0.0,,,0.0,0.0,0.0,,,0.0,0.0,0.0,,,0.0,0.0,0.0,0.0,0.0
1931279.84875,575,7,23,0575-07-23,2,1.2249,1.2315,4882.5,40.0,0.0,,,0.0,0.0,0.0,,,0.0,0.0,0.0,,,0.0,0.0,0.0,,,0.0,0.0,0.0,,,0.0,0.0,0.0,,,0.0,0.0,0.0,,,0.0,0.0,0.0,,,0.0,0.0,0.0,0.0,0.0
1931309.21255,575,8,21,0575-08-21,3,-1.371,1.348,4882.5,40.0,0.0,,,0.0,0.0,0.0,,,0.0,0.0,0.0,,,0.0,0.0,0.0,,,0.0,0.0,0.0,,,0.0,0.0,0.0,,,0.0,0.0,0.0,,,0.0,0.0,0.0,,,0.0,0.0,0.0,0.0,0.0
1931457.64383,576,1,17,0576-01-17,5,-0.6548,0.5887,4873.2,40.0,0.0,,,0.0,0.0,0.0,,,0.0,0.0,0.0,,,0.0,0.0,0.0,,,0.0,0.0,0.0,,,0.0,0.0,0.0,,,0.0,0.0,0.0,,,0.0,0.0,0.0,,,0.0,0.0,0.0,0.0,0.0
1931634.5542,576,7,12,0576-07-12,0,0.4854,0.4948,4873.2,40.0,0.0,,,0.0,0.0,0.0,,,0.0,0.0,0.0,,,0.0,0.0,0.0,,,0.0,0.0,0.0,,,0.0,0.0,0.0,,,0.0,0.0,0.0,,,0.0,0.0,0.0,,,0.0,0.0,0.0,0.0,0.0
1931811.61141,577,1,5,0577-01-05,2,0.0333,0.0302,4863.9,40.0,0.0,,,0.0,0.0,0.0,,,0.0,0.0,0.0,,,0.0,0.0,0.0,,,0.0,0.0,0.0,,,0.0,0.0,0.0,,,0.0,0.0,0.0,,,0.0,0.0,0.0,,,0.0,0.0,0.0,0.0,0.0
1931989.22308,577,7,1,0577-07-01,4,-0.2622,0.2591,4863.9,40.0,0.0,,,0.0,0.0,0.0,,,0.0,0.0,0.0,,,0.0,0.0,0.0,,,0.0,0.0,0.0,,,0.0,0.0,0.0,,,0.0,0.0,0.0,,,0.0,0.0,0.0,,,0.0,0.0,0.0,0.0,0.0
1932165.77728,577,12,25,0577-12-25,6,0.7194,0.6841,4863.9,40.0,0.0,,,0.0,0.0,0.0,,,0.0,0.0,0.0,,,0.0,0.0,0.0,,,0.0,0.0,0.0,,,0.0,0.0,0.0,,,0.0,0.0,0.0,,,0.0,0.0,0.0,,,0.0238,0.0,0.0,0.0,0.0
1932343.67091,578,6,21,0578-06-21,2,-1.0748,1.006,4854.6,40.0,0.0,,,0.0,0.0,0.0,,,0.0,0.0,0.0,,,0.0,0.0,0.0,,,0.0,0.0,0.0,,,0.0,0.0,0.0,,,0.0,0.0,0.0,,,0.0,0.0,0.0,,,0.0,0.0,0.0,0.0,0.0
1932490.78212,578,11,15,0578-11-15,2,-1.3505,1.3754,4854.6,40.0,0.0,,,0.0,0.0,0.0,,,0.0,0.0,0.0,,,0.0,0.0,0.0,,,0.0,0.0,0.0,,,0.0,0.0,0.0,,,0.0,0.0,0.0,,,0.0,0.0,0.0,,,0.0,0.0,0.0,0.0,0.0
1932520.24365,578,12,14,0578-12-14,3,1.3524,1.3555,4854.6,40.0,0.0,,,0.0,0.0,0.0,,,0.0,0.0,0.0,,,0.0,0.0,0.0,,,0.0,0.0,0.0,,,0.0,0.0,0.0,,,0.0,0.0,0.0,,,0.0,0.0,0.0,,,0.0,0.0,0.0,0.0,0.0
1932668.19972,579,5,11,0579-05-11,4,0.9631,0.8638,4845.4,40.0,0.3382,28.5,16:46,0.3439,0.3326,0.3816,28.6,16:42,0.3868,0.3764,0.3099,29.4,16:46,0.3156,0.3043,0.3493,27.8,16:46,0.3549,0.3436,0.3754,25.1,16:48,0.3814,0.3694,0.1848,10.5,17:12,0.1938,0.1759,0.2835,-0.7,17:08,0.2882,0.275,0.0,,,0.0,0.0,0.3816,0.3868,0.3764
1932845.43842,579,11,4,0579-11-04,6,-0.6996,0.7079,4845.4,40.0,0.0,,,0.0,0.0,0.0,,,0.0,0.0,0.0,,,0.0,0.0,0.0,,,0.0,0.0,0.0,,,0.0,0.0,0.0,,,0.0,0.0,0.0,,,0.0,0.0,0.0,,,0.0,0.0,0.0,0.0,0.0
1933022.27808,580,4,29,0580-04-29,1,0.1865,0.1719,4836.1,40.0,0.1658,9.8,18:39,0.1718,0.1597,0.1256,10.3,18:37,0.1313,0.1199,0.193,10.0,18:41,0.1992,0.1869,0.155,9.3,18:39,0.161,0.1489,0.1283,7.0,18:39,0.1345,0.1221,0.0,,,0.0658,0.0,0.0,,,0.0,0.0,0.0,,,0.0,0.0,0.193,0.1992,0.1869
1933199.97565,580,10,24,0580-10-24,4,-0.0163,0.0157,4836.1,40.0,0.0,,,0.0,0.0,0.0,,,0.0,0.0,0.0,,,0.0,0.0,0.0,,,0.0,0.0,0.0,,,0.0,0.0,0.0,,,0.0,0.0,0.0,,,0.0,0.0,0.0,,,0.0,0.0,0.0,0.0,0.0
1933376.62825,581,4,19,0581-04-19,6,-0.5799,0.5642,4826.9,40.0,0.0,,,0.0,0.0,0.0,,,0.0,0.0,0.0,,,0.0,0.0,0.0,,,0.0,0.0,0.0,,,0.0,0.0,0.0,,,0.0,0.0,0.0,,,0.0,0.0,0.0,,,0.0,0.0,0.0,0.0,0.0
1933554.23538,581,10,13,0581-10-13,1,0.7209,0.6603,4826.9,40.0,0.5736,4.3,16:52,0.5746,0.5727,0.5565,3.9,16:48,0.5575,0.5558,0.5823,5.1,16:54,0.5832,0.5812,0.5716,3.6,16:52,0.5727,0.5706,0.5735,0.9,16:54,0.5752,0.5717,0.1907,-0.7,16:28,0.2737,0.1338,0.0,,,0.0,0.0,0.0,,,0.0,0.0,0.5823,0.5832,0.5812
1933701.90567,582,3,10,0582-03-10,2,1.2831,1.3102,4817.6,40.0,0.3818,8.6,07:55,0.383,0.3803,0.3995,8.7,07:59,0.401,0.3981,0.3728,7.9,07:53,0.3738,0.3717,0.3836,9.1,07:55,0.3851,0.3818,0.3801,11.5,07:57,0.3823,0.3776,0.1724,23.4,07:43,0.1775,0.1667,0.057,36.0,07:57,0.0669,0.047,0.0,,,0.0,0.0,0.3995,0.401,0.3981
1933731.23895,582,4,8,0582-04-08,3,-1.2774,1.296,4817.6,40.0,0.0,,,0.0,0.0,0.0,,,0.0,0.0,0.0,,,0.0,0.0,0.0,,,0.0,0.0,0.0,,,0.0,0.0,0.0,,,0.0,0.0,0.0,,,0.0,0.0,0.0,,,0.0,0.0,0.0,0.0,0.0
1933878.52287,582,9,3,0582-09-03,4,-1.5345,1.3871,4817.6,40.0,0.0,,,0.0,0.0,0.0,,,0.0,0.0,0.0,,,0.0,0.0,0.0,,,0.0,0.0,0.0,,,0.0,0.0,0.0,,,0.0,0.0,0.0,,,0.0,0.0,0.0,,,0.0,0.0,0.0,0.0,0.0
1933908.24296,582,10,2,0582-10-02,5,1.4335,1.2853,4817.6,40.0,0.1485,6.7,17:03,0.149,0.1478,0.1647,6.5,16:59,0.1653,0.164,0.1388,7.5,17:05,0.1394,0.1379,0.1516,6.0,17:03,0.152,0.151,0.1549,3.6,17:03,0.155,0.1548,0.0,,,0.0,0.0,0.0,,,0.0,0.0,0.0,,,0.0,0.0,0.1647,0.1653,0.164
1934056.56743,583,2,28,0583-02-28,0,0.6088,0.6071,4808.3,40.0,0.0,,,0.0,0.0,0.0,,,0.0,0.0,0.0,,,0.0,0.0,0.0,,,0.0,0.0,0.0,,,0.0,0.0,0.0,,,0.0,0.0,0.0,,,0.0,0.0,0.0,,,0.0,0.0,0.0,0.0,0.0
1934232.69705,583,8,23,0583-08-23,1,-0.7527,0.7114,4808.3,40.0,0.0,,,0.0,0.0,0.0,,,0.0,0.0,0.0,,,0.0,0.0,0.0,,,0.0,0.0,0.0,,,0.0,0.0,0.0,,,0.0,0.0,0.0,,,0.0,0.0,0.0,,,0.0,0.0,0.0,0.0,0.0
1934411.03126,584,2,17,0584-02-17,4,-0.1103,0.1043,4799.1,40.0,0.0,,,0.0,0.0,0.0,,,0.0,0.0,0.0,,,0.0,0.0,0.0,,,0.0,0.0,0.0,,,0.0,0.0,0.0,,,0.0,0.0,0.0,,,0.0,0.0,0.0,,,0.0,0.0,0.0,0.0,0.0
1934587.17913,584,8,11,0584-08-11,5,0.0223,0.0223,4799.1,40.0,0.0,,,0.0,0.0,0.0,,,0.0,0.0,0.0,,,0.0,0.0,0.0,,,0.0,0.0,0.0,,,0.0,0.0,0.0,,,0.0,0.0,0.0,,,0.0,0.0,0.0,,,0.0,0.0,0.0,0.0,0.0
1934765.18551,585,2,5,0585-02-05,1,-0.8526,0.7705,4789.8,40.0,0.0,,,0.0,0.0,0.0,,,0.0,0.0,0.0,,,0.0,0.0,0.0,,,0.0,0.0,0.0,,,0.0,0.0,0.0,,,0.0,0.0,0.0,,,0.0,0.0,0.0,,,0.0,0.0,0.0,0.0,0.0
1934941.85927,585,8,1,0585-08-01,3,0.7439,0.7592,4789.8,40.0,0.8966,10.5,06:03,0.9041,0.889,0.9333,11.7,06:07,0.9408,0.9263,0.8831,9.4,06:03,0.8913,0.8749,0.8964,11.1,06:03,0.9038,0.889,0.8774,13.8,06:05,0.8848,0.8702,0.4714,18.3,05:49,0.4805,0.4623,0.3365,32.1,05:57,0.3437,0.3293,0.0323,30.9,05:47,0.0411,0.0237,0.9333,0.9408,0.9263
1935089.40616,585,12,26,0585-12-26,3,1.4736,1.3505,4789.8,40.0,0.0,,,0.0,0.0,0.0,,,0.0,0.0,0.0,,,0.0,0.0,0.0,,,0.0,0.0,0.0,,,0.0,0.0,0.0,,,0.0,0.0,0.0,,,0.0,0.0,0.0,,,0.0,0.0,0.0,0.0,0.0
1935119.15746,586,1,25,0586-01-25,5,-1.5359,1.3834,4780.6,40.0,0.0,,,0.0,0.0,0.0,,,0.0,0.0,0.0,,,0.0,0.0,0.0,,,0.0,0.0,0.0,,,0.0,0.0,0.0,,,0.0,0.0,0.0,,,0.0,0.0,0.0,,,0.0,0.0,0.0,0.0,0.0
1935267.19308,586,6,22,0586-06-22,6,-1.0883,1.0598,4780.6,40.0,0.0,,,0.0,0.0,0.0,,,0.0,0.0,0.0,,,0.0,0.0,0.0,,,0.0,0.0,0.0,,,0.0,0.0,0.0,,,0.0,0.0,0.0,,,0.0,0.0,0.0,,,0.0,0.0,0.0,0.0,0.0
1935296.54641,586,7,22,0586-07-22,1,1.4883,1.4859,4780.6,40.0,0.0,,,0.0,0.0,0.0,,,0.0,0.0,0.0,,,0.0,0.0,0.0,,,0.0,0.0,0.0,,,0.0,0.0,0.0,,,0.0,0.0,0.0,,,0.0,0.0,0.0,,,0.0,0.0,0.0,0.0,0.0
1935443.65898,586,12,16,0586-12-16,1,0.7247,0.7007,4780.6,40.0,0.0,,,0.0,0.0,0.0,,,0.0,0.0,0.0,,,0.0,0.0,0.0,,,0.0,0.0,0.0,,,0.0,0.0,0.0,,,0.0,0.0,0.0,,,0.0,0.0,0.0,,,0.0,0.0,0.0,0.0,0.0
1935621.55837,587,6,12,0587-06-12,4,-0.3452,0.3185,4771.4,40.0,0.0,,,0.0,0.0,0.0,,,0.0,0.0,0.0,,,0.0,0.0,0.0,,,0.0,0.0,0.0,,,0.0,0.0,0.0,,,0.0,0.0,0.0,,,0.0,0.0,0.0,,,0.0,0.0,0.0,0.0,0.0
1935798.19169,587,12,5,0587-12-05,5,0.0168,0.017,4771.4,40.0,0.0,,,0.0,0.0,0.0,,,0.0,0.0,0.0,,,0.0,0.0,0.0,,,0.0,0.0,0.0,,,0.0,0.0,0.0,,,0.0,0.0,0.0,,,0.0,0.0,0.0,,,0.0,0.0,0.0,0.0,0.0
1935975.64625,588,5,31,0588-05-31,1,0.4302,0.3859,4762.1,40.0,0.0,,,0.0,0.0,0.0,,,0.0,0.0,0.0,,,0.0,0.0,0.0,,,0.0,0.0,0.0,,,0.0,0.0,0.0,,,0.0,0.0,0.0,,,0.0,0.0,0.0,,,0.0,0.0,0.0,0.0,0.0
1936152.84456,588,11,24,0588-11-24,3,-0.6487,0.6604,4762.1,40.0,0.0,,,0.0,0.0,0.0,,,0.0,0.0,0.0,,,0.0,0.0,0.0,,,0.0,0.0,0.0,,,0.0,0.0,0.0,,,0.0,0.0,0.0,,,0.0,0.0,0.0,,,0.0,0.0,0.0,0.0,0.0
1936329.69426,589,5,20,0589-05-20,5,1.1766,1.0744,4752.9,40.0,0.0,,,0.0,0.0,0.0954,-0.9,03:56,0.1505,0.0089,0.0,,,0.0,0.0,0.0,,,0.0023,0.0,0.2081,-0.9,03:44,0.2612,0.1241,0.0,,,0.0,0.0,0.4379,-0.7,02:38,0.4545,0.3999,0.0,,,0.0,0.0,0.0954,0.1505,0.0089
1936477.86569,589,10,15,0589-10-15,6,1.4453,1.3733,4752.9,40.0,0.0,,,0.0,0.0,0.0,,,0.0,0.0,0.0,,,0.0,0.0,0.0,,,0.0,0.0,0.0,,,0.0,0.0,0.0,,,0.0,0.0,0.0,,,0.0,0.0,0.0,,,0.0,0.0,0.0,0.0,0.0
1936507.42155,589,11,13,0589-11-13,0,-1.3631,1.3345,4752.9,40.0,0.0,,,0.0,0.0,0.0,,,0.0,0.0,0.0,,,0.0,0.0,0.0,,,0.0,0.0,0.0,,,0.0,0.0,0.0,,,0.0,0.0,0.0,,,0.0,0.0,0.0,,,0.0,0.0,0.0,0.0,0.0
1936654.58766,590,4,10,0590-04-10,1,-0.7757,0.766,4743.7,40.0,0.0,,,0.0,0.0,0.0,,,0.0,0.0,0.0,,,0.0,0.0,0.0,,,0.0,0.0,0.0,,,0.0,0.0,0.0,,,0.0,0.0,0.0,,,0.0,0.0,0.0,,,0.0,0.0,0.0,0.0,0.0
1936832.0427,590,10,4,0590-10-04,3,0.7886,0.7146,4743.7,40.0,0.6807,26.7,10:30,0.6939,0.6678,0.7193,25.0,10:30,0.7317,0.7071,0.6476,27.1,10:30,0.6608,0.6345,0.6966,26.8,10:32,0.7095,0.6837,0.7463,27.8,10:36,0.7596,0.7329,0.7302,43.0,11:08,0.7494,0.7109,0.9308,38.4,11:34,0.9309,0.9306,0.8606,42.3,11:58,0.8772,0.8434,0.7193,0.7317,0.7071
1937009.2399,591,3,30,0591-03-30,5,-0.0279,0.0285,4734.5,40.0,0.1598,8.4,17:58,0.1598,0.1597,0.0998,8.4,17:56,0.0998,0.0996,0.191,9.2,17:58,0.1911,0.1906,0.1503,7.8,17:58,0.1504,0.15,0.1385,5.4,17:58,0.1394,0.1373,0.2516,-0.8,17:34,0.3082,0.1619,0.0,,,0.0,0.0,0.0,,,0.0,0.0,0.191,0.1911,0.1906
1937186.02724,591,9,23,0591-09-23,0,0.0844,0.0759,4734.5,40.0,0.1904,26.9,09:48,0.201,0.1796,0.1446,25.6,09:48,0.1547,0.1343,0.225,26.9,09:46,0.2356,0.214,0.1751,27.1,09:48,0.1858,0.1641,0.1308,28.7,09:52,0.1422,0.1192,0.2216,45.9,10:10,0.2407,0.2024,0.0,,,0.0,0.0,0.0921,54.9,10:54,0.1148,0.0696,0.225,0.2356,0.214
1937363.93001,592,3,19,0592-03-19,3,0.6953,0.6995,4725.2,40.0,0.5676,20.9,09:00,0.5763,0.5595,0.5625,20.4,09:04,0.5707,0.5545,0.563,20.4,08:58,0.5712,0.5548,0.5732,21.4,09:02,0.5818,0.5645,0.6024,23.7,09:06,0.6122,0.5929,0.8478,38.0,08:56,0.8643,0.8314,0.9403,47.8,09:16,0.9612,0.9192,0.766,55.5,09:00,0.79,0.7417,0.5732,0.5818,0.5645
1937540.12877,592,9,11,0592-09-11,4,-0.636,0.5937,4725.2,40.0,0.0,,,0.0,0.0,0.0,,,0.0,0.0,0.0,,,0.0,0.0,0.0,,,0.0,0.0,0.0,,,0.0,0.0,0.0,,,0.0,0.0,0.0,,,0.0,0.0,0.0,,,0.0,0.0,0.0,0.0,0.0
1937688.89498,593,2,7,0593-02-07,6,-1.3395,1.2468,4716.0,40.0,0.0,,,0.0,0.0,0.0,,,0.0,0.0,0.0,,,0.0,0.0,0.0,,,0.0,0.0,0.0,,,0.0,0.0,0.0,,,0.0,0.0,0.0,,,0.0,0.0,0.0,,,0.0,0.0,0.0,0.0,0.0
1937718.46354,593,3,8,0593-03-08,0,1.4742,1.412,4716.0,40.0,0.0,,,0.0,0.0,0.0,,,0.0,0.0,0.0,,,0.0,0.0,0.0,,,0.0,0.0,0.0,,,0.0,0.0,0.0,,,0.0,0.0,0.0,,,0.0,0.0,0.0,,,0.0,0.0,0.0,0.0,0.0
1937865.16506,593,8,2,0593-08-02,0,1.2841,1.2939,4716.0,40.0,0.0,,,0.0,0.0,0.0,,,0.0,0.0,0.0,,,0.0,0.0,0.0,,,0.0,0.0,0.0,,,0.0,0.0,0.0,,,0.0,0.0,0.1358,17.4,15:35,0.1462,0.1252,0.0077,12.0,15:49,0.0183,0.0,0.0,0.0,0.0
1937894.53655,593,9,1,0593-09-01,2,-1.3189,1.3008,4716.0,40.0,0.0,,,0.0,0.0,0.0,,,0.0,0.0,0.0,,,0.0,0.0,0.0,,,0.0,0.0,0.0,,,0.0,0.0,0.0,,,0.0,0.0,0.0,,,0.0,0.0,0.0,,,0.0,0.0,0.0,0.0,0.0
1938042.96881,594,1,27,0594-01-27,3,-0.6736,0.605,4706.8,40.0,0.0,,,0.0,0.0,0.0,,,0.0,0.0,0.0,,,0.0,0.0,0.0,,,0.0,0.0,0.0,,,0.0,0.0,0.0,,,0.0,0.0,0.0,,,0.0,0.0,0.0,,,0.0,0.0,0.0,0.0,0.0
1938219.86962,594,7,23,0594-07-23,5,0.5536,0.564,4706.8,40.0,1.061,13.4,06:11,1.0612,1.0607,0.9893,14.4,06:13,0.9974,0.981,1.0605,12.1,06:09,1.0608,1.0604,1.0612,14.1,06:11,1.0614,1.0609,1.0619,16.5,06:11,1.062,0.9953,0.5567,21.9,06:01,0.5655,0.548,0.4384,36.5,06:13,0.4431,0.4341,0.1123,36.1,06:07,0.1181,0.1072,1.0612,1.0614,1.0609
1938396.94401,595,1,16,0595-01-16,0,0.0213,0.0193,4697.6,40.0,0.0,,,0.0,0.0,0.0,,,0.0,0.0,0.0,,,0.0,0.0,0.0,,,0.0,0.0,0.0,,,0.0,0.0,0.0,,,0.0,0.0,0.0,,,0.0,0.0,0.0,,,0.0,0.0,0.0,0.0,0.0
1938574.52634,595,7,13,0595-07-13,3,-0.1895,0.1867,4697.6,40.0,0.0,,,0.0,0.0,0.0,,,0.0,0.0,0.0,,,0.0,0.0,0.0,,,0.0,0.0,0.0,,,0.0,0.0,0.0,,,0.0,0.0,0.0,,,0.0,0.0,0.0,,,0.0,0.0,0.0,0.0,0.0
1938751.12848,596,1,5,0596-01-05,4,0.7124,0.6794,4688.4,40.0,0.756,8.4,14:46,0.7669,0.7448,0.7335,6.8,14:44,0.744,0.7227,0.757,9.7,14:46,0.7687,0.7458,0.7607,7.8,14:46,0.7719,0.7494,0.7939,5.9,14:50,0.8048,0.7823,0.7789,6.3,15:12,0.7937,0.7644,0.4387,-0.7,14:54,0.4894,0.3642,0.2988,-0.8,15:16,0.3197,0.2649,0.7607,0.7719,0.7494
1938928.95426,596,7,1,0596-07-01,0,-0.9991,0.932,4688.4,40.0,0.0,,,0.0,0.0,0.0,,,0.0,0.0,0.0,,,0.0,0.0,0.0,,,0.0,0.0,0.0,,,0.0,0.0,0.0,,,0.0,0.0,0.0,,,0.0,0.0,0.0,,,0.0,0.0,0.0,0.0,0.0
1939076.15026,596,11,25,0596-11-25,0,-1.3525,1.3788,4688.4,40.0,0.0,,,0.0,0.0,0.0,,,0.0,0.0,0.0,,,0.0,0.0,0.0,,,0.0,0.0,0.0,,,0.0,0.0,0.0,,,0.0,0.0,0.0,,,0.0,0.0,0.0,,,0.0,0.0,0.0,0.0,0.0
1939105.60937,596,12,25,0596-12-25,2,1.3472,1.3531,4688.4,40.0,0.0,,,0.0,0.0,0.0,,,0.0,0.0,0.0,,,0.0,0.0,0.0,,,0.0,0.0,0.0,,,0.0,0.0,0.0,,,0.0,0.0,0.0,,,0.0,0.0,0.0,,,0.0,0.0,0.0,0.0,0.0
1939253.46729,597,5,21,0597-05-21,2,1.0467,0.9391,4679.2,40.0,0.0,,,0.0,0.0,0.0,,,0.0,0.0,0.0,,,0.0,0.0,0.0,,,0.0,0.0,0.0,,,0.0,0.0,0.0,,,0.0,0.0,0.0,,,0.0,0.0,0.0,,,0.0,0.0,0.0,0.0,0.0
1939430.80265,597,11,15,0597-11-15,5,-0.7067,0.7141,4679.2,40.0,0.0,,,0.0,0.0,0.0,,,0.0,0.0,0.0,,,0.0,0.0,0.0,,,0.0,0.0,0.0,,,0.0,0.0,0.0,,,0.0,0.0,0.0,,,0.0,0.0,0.0,,,0.0,0.0,0.0,0.0,0.0
1939607.56021,598,5,11,0598-05-11,0,0.2634,0.2435,4670.0,40.0,0.0,,,0.0,0.0,0.0,,,0.0,0.0,0.0,,,0.0,0.0,0.0,,,0.0,0.0,0.0,,,0.0,0.0,0.0,,,0.0,0.0,0.0,,,0.0,0.0,0.0,,,0.0,0.0,0.0,0.0,0.0
1939785.32483,598,11,4,0598-11-04,2,-0.0271,0.0261,4670.0,40.0,0.0,,,0.0,0.0,0.0,,,0.0,0.0,0.0,,,0.0,0.0,0.0,,,0.0,0.0,0.0,,,0.0,0.0,0.0,,,0.0,0.0,0.0,,,0.0,0.0,0.0,,,0.0,0.0,0.0,0.0,0.0
1939961.93291,599,4,30,0599-04-30,4,-0.5109,0.4987,4660.8,40.0,0.0,,,0.0,0.0,0.0,,,0.0,0.0,0.0,,,0.0,0.0,0.0,,,0.0,0.0,0.0,,,0.0,0.0,0.0,,,0.0,0.0,0.0,,,0.0,0.0,0.0,,,0.0,0.0,0.0,0.0,0.0
1940139.564,599,10,25,0599-10-25,0,0.7036,0.643,4660.8,40.0,0.0,,,0.0,0.0,0.0,,,0.0,0.0,0.0,,,0.0,0.0,0.0,,,0.0,0.0,0.0,,,0.0,0.0,0.0,,,0.0,0.0,0.0,,,0.0,0.0,0.0,,,0.0,0.0,0.0,0.0,0.0
1940287.24074,600,3,20,0600-03-20,0,1.3263,1.354,4651.7,40.0,0.0,,,0.0,0.0,0.0,,,0.0,0.0,0.0,,,0.0,0.0,0.0,,,0.0,0.0,0.0,,,0.0,0.0,0.0,,,0.0,0.0,0.0,,,0.0,0.0,0.0,,,0.0,0.0,0.0,0.0,0.0
1940316.55907,600,4,19,0600-04-19,2,-1.2171,1.2363,4651.7,40.0,0.0,,,0.0,0.0,0.0,,,0.0,0.0,0.0,,,0.0,0.0,0.0,,,0.0,0.0,0.0,,,0.0,0.0,0.0,,,0.0,0.0,0.0,,,0.0,0.0,0.0,,,0.0,0.0,0.0,0.0,0.0
1940493.55895,600,10,13,0600-10-13,4,1.4065,1.2613,4651.7,40.0,0.0,,,0.0,0.0,0.0,,,0.0,0.0,0.0,,,0.0,0.0,0.0,,,0.0,0.0,0.0,,,0.0,0.0,0.0,,,0.0,0.0,0.0,,,0.0,0.0,0.0,,,0.0,0.0,0.0,0.0,0.0
1940641.90295,601,3,10,0601-03-10,5,0.648,0.6444,4642.5,40.0,0.4503,8.6,07:54,0.4518,0.449,0.4326,8.7,07:58,0.4343,0.4314,0.459,7.6,07:50,0.4603,0.4581,0.4485,9.1,07:54,0.45,0.4471,0.4517,11.8,07:58,0.4542,0.4497,0.6551,23.7,07:44,0.6608,0.6501,0.7706,37.3,08:06,0.7808,0.7608,0.9624,42.6,07:52,0.9744,0.9516,0.459,0.4603,0.4581
1940818.00992,601,9,2,0601-09-02,6,-0.7994,0.758,4642.5,40.0,0.0,,,0.0,0.0,0.0,,,0.0,0.0,0.0,,,0.0,0.0,0.0,,,0.0,0.0,0.0,,,0.0,0.0,0.0,,,0.0,0.0,0.0,,,0.0,0.0,0.0,,,0.0,0.0,0.0,0.0,0.0
1940996.35717,602,2,27,0602-02-27,2,-0.0774,0.0729,4633.3,40.0,0.0,,,0.0,0.0,0.0,,,0.0,0.0,0.0,,,0.0,0.0,0.0,,,0.0,0.0,0.0,,,0.0,0.0,0.0,,,0.0,0.0,0.0,,,0.0,0.0,0.0,,,0.0,0.0,0.0,0.0,0.0
1941172.50233,602,8,23,0602-08-23,4,-0.0308,0.0308,4633.3,40.0,0.0,,,0.0,0.0,0.0,,,0.0,0.0,0.0,,,0.0,0.0,0.0,,,0.0,0.0,0.0,,,0.0,0.0,0.0,,,0.0,0.0,0.0,,,0.0,0.0,0.0,,,0.0,0.0,0.0,0.0,0.0
1941350.50114,603,2,17,0603-02-17,0,-0.8235,0.7431,4624.1,40.0,0.0,,,0.0,0.0,0.0,,,0.0,0.0,0.0,,,0.0,0.0,0.0,,,0.0,0.0,0.0,,,0.0,0.0,0.0,,,0.0,0.0,0.0,,,0.0,0.0,0.0,,,0.0,0.0,0.0,0.0,0.0
1941527.18271,603,8,12,0603-08-12,1,0.6858,0.7,4624.1,40.0,0.8932,37.1,15:30,0.904,0.8839,0.8603,36.2,15:28,0.8691,0.8504,0.9216,38.1,15:32,0.9319,0.9111,0.8805,36.2,15:32,0.891,0.8712,0.8432,33.7,15:34,0.8527,0.8338,0.9364,22.8,16:02,0.9478,0.9262,0.8324,9.6,16:06,0.8403,0.8247,1.0551,3.9,16:20,1.0555,0.9952,0.9216,0.9319,0.9111
1941674.74511,604,1,7,0604-01-07,2,1.4783,1.3579,4615.0,40.0,0.0,,,0.0,0.0,0.0,,,0.0,0.0,0.0,,,0.0,0.0,0.0,,,0.0,0.0,0.0,,,0.0,0.0,0.0,,,0.0,0.0,0.0,,,0.0,0.0,0.0,,,0.0,0.0,0.0,0.0,0.0
1941704.47818,604,2,5,0604-02-05,3,-1.5117,1.3632,4615.0,40.0,0.0,,,0.0,0.0,0.0,,,0.0,0.0,0.0,,,0.0,0.0,0.0,,,0.0,0.0,0.0,,,0.0,0.0,0.0,,,0.0,0.0,0.0,,,0.0,0.0,0.0,,,0.0,0.0,0.0,0.0,0.0
1941852.49062,604,7,2,0604-07-02,4,-1.1664,1.132,4615.0,40.0,0.0,,,0.0,0.0,0.0,,,0.0,0.0,0.0,,,0.0,0.0,0.0,,,0.0,0.0,0.0,,,0.0,0.0,0.0,,,0.0,0.0,0.0,,,0.0,0.0,0.0,,,0.0,0.0,0.0,0.0,0.0
1941881.85926,604,8,1,0604-08-01,6,1.4305,1.4244,4615.0,40.0,0.0,,,0.0,0.0,0.0,,,0.0,0.0,0.0,,,0.0,0.0,0.0,,,0.0,0.0,0.0,,,0.0,0.0,0.0,,,0.0,0.0,0.0,,,0.0,0.0,0.0,,,0.0,0.0,0.0,0.0,0.0
1942029.01618,604,12,26,0604-12-26,6,0.7256,0.7037,4615.0,40.0,0.6232,8.0,10:28,0.6304,0.6162,0.6039,6.4,10:30,0.6105,0.5974,0.6413,8.2,10:24,0.6489,0.6339,0.6147,8.1,10:30,0.6218,0.6082,0.5908,9.1,10:34,0.5968,0.5851,0.6755,24.7,10:54,0.679,0.6723,0.6978,23.0,11:32,0.703,0.6935,0.8665,30.9,11:42,0.8737,0.8601,0.6413,0.6489,0.6339
1942206.8349,605,6,22,0605-06-22,2,-0.4306,0.3962,4605.8,40.0,0.0,,,0.0,0.0,0.0,,,0.0,0.0,0.0,,,0.0,0.0,0.0,,,0.0,0.0,0.0,,,0.0,0.0,0.0,,,0.0,0.0,0.0,,,0.0,0.0,0.0,,,0.0,0.0,0.0,0.0,0.0
1942383.56083,605,12,16,0605-12-16,4,0.018,0.0182,4605.8,40.0,0.0,,,0.0,0.0,0.0,,,0.0,0.0,0.0,,,0.0,0.0,0.0,,,0.0,0.0,0.0,,,0.0,0.0,0.0,,,0.0,0.0,0.0,,,0.0,0.0,0.0,,,0.0,0.0,0.0,0.0,0.0
1942560.91001,606,6,11,0606-06-11,6,0.34,0.3049,4596.6,40.0,0.2785,31.3,07:49,0.2886,0.2683,0.2571,31.9,07:53,0.2668,0.2474,0.2798,30.2,07:47,0.2902,0.2695,0.2826,31.8,07:49,0.2928,0.2726,0.3128,34.8,07:53,0.3232,0.3026,0.6542,43.1,07:37,0.6686,0.6398,0.8634,58.5,07:55,0.8774,0.8491,0.8494,58.2,07:37,0.8666,0.8324,0.2826,0.2928,0.2726
1942738.21415,606,12,5,0606-12-05,1,-0.6476,0.6586,4596.6,40.0,0.0,,,0.0,0.0,0.0,,,0.0,0.0,0.0,,,0.0,0.0,0.0,,,0.0,0.0,0.0,,,0.0,0.0,0.0,,,0.0,0.0,0.0,,,0.0,0.0,0.0,,,0.0,0.0,0.0,0.0,0.0
1942914.96785,607,5,31,0607-05-31,3,1.0904,0.9983,4587.5,40.0,0.2418,43.3,09:19,0.2534,0.2299,0.2682,43.1,09:23,0.2794,0.2572,0.2395,42.5,09:15,0.2516,0.2275,0.2371,44.0,09:21,0.2488,0.2255,0.2032,46.4,09:25,0.2147,0.1916,0.0,,,0.0,0.0,0.0,,,0.0,0.0,0.0,,,0.0,0.0,0.2682,0.2794,0.2572
1943063.20683,607,10,26,0607-10-26,4,1.465,1.3879,4587.5,40.0,0.1368,8.3,15:49,0.1387,0.1344,0.143,7.4,15:45,0.145,0.1408,0.1305,9.3,15:51,0.1328,0.1278,0.1394,7.6,15:49,0.1411,0.1373,0.1451,5.2,15:51,0.1457,0.144,0.011,-0.6,16:09,0.0264,0.0,0.0,,,0.0,0.0,0.0,,,0.0,0.0,0.143,0.145,0.1408
1943092.78042,607,11,25,0607-11-25,6,-1.3632,1.3308,4587.5,40.0,0.0,,,0.0,0.0,0.0,,,0.0,0.0,0.0,,,0.0,0.0,0.0,,,0.0,0.0,0.0,,,0.0,0.0,0.0,,,0.0,0.0,0.0,,,0.0,0.0,0.0,,,0.0,0.0,0.0,0.0,0.0
1943239.90015,608,4,20,0608-04-20,6,-0.8357,0.8277,4578.3,40.0,0.0,,,0.0,0.0,0.0,,,0.0,0.0,0.0,,,0.0,0.0,0.0,,,0.0,0.0,0.0,,,0.0,0.0,0.0,,,0.0,0.0,0.0,,,0.0,0.0,0.0,,,0.0,0.0,0.0,0.0,0.0
1943417.36267,608,10,14,0608-10-14,1,0.8162,0.7383,4578.3,40.0,0.0,,,0.0,0.0,0.0,,,0.0,0.0,0.0,,,0.0,0.0,0.0,,,0.0,0.0,0.0,,,0.0,0.0,0.0,,,0.0,0.0,0.0,,,0.0,0.0,0.0,,,0.0,0.0,0.0,0.0,0.0
1943594.5661,609,4,10,0609-04-10,4,-0.0834,0.0851,4569.2,40.0,0.0,,,0.0,0.0,0.0,,,0.0,0.0,0.0,,,0.0,0.0,0.0,,,0.0,0.0,0.0,,,0.0,0.0,0.0,,,0.0,0.0,0.0,,,0.0,0.0,0.0,,,0.0,0.0,0.0,0.0,0.0
1943771.3383,609,10,3,0609-10-03,5,0.12,0.108,4569.2,40.0,0.0,,,0.0,0.0,0.0,,,0.0,0.0,0.0,,,0.0,0.0,0.0,,,0.0,0.0,0.0,,,0.0,0.0,0.0,,,0.0,0.0,0.0,,,0.0,0.0,0.0,,,0.0,0.0,0.0,0.0,0.0
1943949.25798,610,3,30,0610-03-30,1,0.6473,0.6497,4560.1,40.0,0.5979,4.0,18:29,0.5997,0.5963,0.6561,4.2,18:27,0.6578,0.6547,0.5657,4.4,18:31,0.5674,0.5641,0.6085,3.4,18:29,0.6105,0.6067,0.6257,1.0,18:29,0.6285,0.6231,0.0,,,0.0,0.0,0.0,,,0.0,0.0,0.0,,,0.0,0.0,0.6561,0.6578,0.6547
1944125.44858,610,9,22,0610-09-22,2,-0.5957,0.5578,4560.1,40.0,0.0,,,0.0,0.0,0.0,,,0.0,0.0,0.0,,,0.0,0.0,0.0,,,0.0,0.0,0.0,,,0.0,0.0,0.0,,,0.0,0.0,0.0,,,0.0,0.0,0.0,,,0.0,0.0,0.0,0.0,0.0
1944274.2208,611,2,18,0611-02-18,4,-1.3718,1.2732,4550.9,40.0,0.0,,,0.0,0.0,0.0,,,0.0,0.0,0.0,,,0.0,0.0,0.0,,,0.0,0.0,0.0,,,0.0,0.0,0.0,,,0.0,0.0,0.0,,,0.0,0.0,0.0,,,0.0,0.0,0.0,0.0,0.0
1944303.78215,611,3,20,0611-03-20,6,1.4339,1.3688,4550.9,40.0,0.0,,,0.0,0.0,0.0,,,0.0,0.0,0.0,,,0.0,0.0,0.0,,,0.0,0.0,0.0,,,0.0,0.0,0.0587,-0.5,05:12,0.0853,0.0359,0.0849,7.7,04:50,0.0878,0.0817,0.0,,,0.0,0.0,0.0,0.0,0.0
1944450.48657,611,8,13,0611-08-13,5,1.3377,1.3508,4550.9,40.0,0.0,,,0.0,0.0,0.0,,,0.0,0.0,0.0,,,0.0,0.0,0.0,,,0.0,0.0,0.0,,,0.0,0.0,0.0,,,0.0,0.0,0.0,,,0.0,0.0,0.0,,,0.0,0.0,0.0,0.0,0.0
1944479.86736,611,9,12,0611-09-12,0,-1.2742,1.2604,4550.9,40.0,0.0,,,0.0,0.0,0.0,,,0.0,0.0,0.0,,,0.0,0.0,0.0,,,0.0,0.0,0.0,,,0.0,0.0,0.0,,,0.0,0.0,0.0,,,0.0,0.0,0.0,,,0.0,0.0,0.0,0.0,0.0
1944628.28736,612,2,7,0612-02-07,1,-0.6997,0.6281,4541.8,40.0,0.0,,,0.0,0.0,0.0,,,0.0,0.0,0.0,,,0.0,0.0,0.0,,,0.0,0.0,0.0,,,0.0,0.0,0.0,,,0.0,0.0,0.0,,,0.0,0.0,0.0,,,0.0,0.0,0.0,0.0,0.0
1944805.18936,612,8,2,0612-08-02,3,0.6162,0.6273,4541.8,40.0,0.7578,39.7,15:28,0.7711,0.7441,0.7322,39.0,15:24,0.7453,0.7198,0.7842,40.6,15:30,0.7987,0.7708,0.7438,39.0,15:28,0.757,0.7302,0.697,36.4,15:30,0.7096,0.6842,0.6925,24.8,16:00,0.7052,0.68,0.5616,12.1,16:02,0.5705,0.553,0.6908,6.1,16:16,0.6994,0.6824,0.7842,0.7987,0.7708
1944982.27187,613,1,26,0613-01-26,5,0.0029,0.0026,4532.7,40.0,0.0,,,0.0,0.0,0.0,,,0.0,0.0,0.0,,,0.0,0.0,0.0,,,0.0,0.0,0.0,,,0.0,0.0,0.0,,,0.0,0.0,0.0,,,0.0,0.0,0.0,,,0.0,0.0,0.0,0.0,0.0
1945159.83256,613,7,23,0613-07-23,1,-0.1212,0.119,4532.7,40.0,0.0,,,0.0,0.0,0.0,,,0.0,0.0,0.0,,,0.0,0.0,0.0,,,0.0,0.0,0.0,,,0.0,0.0,0.1136,12.6,05:11,0.1237,0.1035,0.2575,25.4,05:15,0.265,0.2497,0.5595,23.7,05:09,0.5685,0.5502,0.0,0.0,0.0
1945336.47704,614,1,15,0614-01-15,2,0.7012,0.6708,4523.6,40.0,0.0,,,0.0,0.0,0.0,,,0.0,0.0,0.0,,,0.0,0.0,0.0,,,0.0,0.0,0.0,,,0.0,0.0,0.0,,,0.0,0.0,0.0,,,0.0,0.0,0.0,,,0.0,0.0,0.0,0.0,0.0
1945514.23792,614,7,12,0614-07-12,5,-0.9241,0.8593,4523.6,40.0,0.0,,,0.0,0.0,0.0,,,0.0,0.0,0.0,,,0.0,0.0,0.0,,,0.0,0.0,0.0,,,0.0,0.0,0.0,,,0.0,0.0,0.0,,,0.0,0.0,0.0,,,0.0,0.0,0.0,0.0,0.0
1945661.52027,614,12,7,0614-12-07,6,-1.3528,1.3802,4523.6,40.0,0.0,,,0.0,0.0,0.0,,,0.0,0.0,0.0,,,0.0,0.0,0.0,,,0.0,0.0,0.0,,,0.0,0.0,0.0,,,0.0,0.0,0.0,,,0.0,0.0,0.0,,,0.0,0.0,0.0,0.0,0.0
1945690.9739,615,1,5,0615-01-05,0,1.3403,1.3487,4514.4,40.0,0.3346,5.6,09:51,0.3368,0.3323,0.3464,4.2,09:53,0.348,0.3442,0.3252,5.5,09:47,0.3278,0.3223,0.3383,5.7,09:51,0.3401,0.3361,0.3446,7.1,09:55,0.3453,0.3438,0.2163,23.3,10:01,0.22,0.2121,0.1027,26.7,10:25,0.1138,0.0911,0.0,,,0.0,0.0,0.3464,0.348,0.3442
1945838.73232,615,6,2,0615-06-02,1,1.1333,1.0175,4514.4,40.0,0.3901,-0.7,03:55,0.4505,0.3479,0.5831,-0.9,03:39,0.5936,0.5501,0.2441,-0.9,04:05,0.29,0.1693,0.4595,-0.7,03:49,0.5097,0.4223,0.5722,-0.9,03:29,0.5722,0.5597,0.1546,-0.8,03:33,0.1866,0.0985,0.2392,2.3,02:49,0.2482,0.2303,0.026,-0.9,02:53,0.0327,0.0066,0.5831,0.5936,0.5501
1946016.16942,615,11,26,0615-11-26,3,-0.7106,0.7168,4514.4,40.0,0.0,,,0.0,0.0,0.0,,,0.0,0.0,0.0,,,0.0,0.0,0.0,,,0.0,0.0,0.0,,,0.0,0.0,0.0,,,0.0,0.0,0.0,,,0.0,0.0,0.0,,,0.0,0.0,0.0,0.0,0.0
1946192.84038,616,5,21,0616-05-21,5,0.3437,0.3188,4505.3,40.0,0.1211,14.2,06:03,0.1286,0.1137,0.1014,15.4,06:07,0.1086,0.0943,0.1244,12.8,06:01,0.132,0.117,0.1235,14.8,06:03,0.131,0.116,0.1454,17.5,06:05,0.1532,0.1376,0.4377,20.7,05:43,0.4487,0.4268,0.6096,34.1,05:49,0.6221,0.597,0.8239,31.1,05:33,0.8381,0.8092,0.1244,0.132,0.117
1946370.67765,616,11,15,0616-11-15,1,-0.033,0.0317,4505.3,40.0,0.0,,,0.0,0.0,0.0,,,0.0,0.0,0.0,,,0.0,0.0,0.0,,,0.0,0.0,0.0,,,0.0,0.0,0.0,,,0.0,0.0,0.0,,,0.0,0.0,0.0,,,0.0,0.0,0.0,0.0,0.0
1946547.23542,617,5,10,0617-05-10,2,-0.4384,0.4293,4496.2,40.0,0.0,,,0.0,0.0,0.0,,,0.0,0.0,0.0,,,0.0,0.0,0.0,,,0.0,0.0,0.0,,,0.0,0.0,0.0,,,0.0,0.0,0.0,,,0.0,0.0,0.0,,,0.0,0.0,0.0,0.0,0.0
1946724.89647,617,11,4,0617-11-04,5,0.6914,0.6305,4496.2,40.0,0.2751,-0.8,07:41,0.334,0.19,0.2066,-0.7,07:49,0.2913,0.148,0.2234,-0.8,07:43,0.2824,0.1383,0.3119,-0.7,07:39,0.3968,0.253,0.5479,-0.8,07:23,0.6062,0.4633,0.7817,7.9,06:43,0.7929,0.7712,0.918,20.6,06:59,0.9262,0.9055,0.711,27.7,06:57,0.726,0.6961,0.3119,0.3968,0.253
1946872.57128,618,4,1,0618-04-01,6,1.3749,1.403,4487.1,40.0,0.0,,,0.0,0.0,0.0,,,0.0,0.0,0.0,,,0.0,0.0,0.0,,,0.0,0.0,0.0,,,0.0,0.0,0.0,,,0.0,0.0,0.0,,,0.0,0.0,0.0,,,0.0,0.0,0.0,0.0,0.0
1946901.87597,618,4,30,0618-04-30,0,-1.1527,1.1722,4487.1,40.0,0.0,,,0.0,0.0,0.0,,,0.0,0.0,0.0,,,0.0,0.0,0.0,,,0.0,0.0,0.0,,,0.0,0.0,0.0,,,0.0,0.0,0.0,,,0.0,0.0,0.0,,,0.0,0.0,0.0,0.0,0.0
1947078.88058,618,10,24,0618-10-24,2,1.3857,1.2431,4487.1,40.0,0.0,,,0.0,0.0,0.0,,,0.0,0.0,0.0,,,0.0,0.0,0.0,,,0.0,0.0,0.0,,,0.0,0.0,0.0,,,0.0,0.0,0.0,,,0.0,0.0,0.0,,,0.0,0.0,0.0,0.0,0.0
1947227.23225,619,3,21,0619-03-21,3,0.6941,0.6884,4478.0,40.0,0.819,8.2,17:43,0.8201,0.8179,0.8704,8.0,17:41,0.8714,0.8695,0.7931,9.2,17:43,0.7948,0.7914,0.8262,7.6,17:43,0.8271,0.8252,0.8319,5.1,17:43,0.8325,0.8314,0.2415,-0.9,17:25,0.2896,0.1632,0.0,,,0.0,0.0,0.0,,,0.0,0.0,0.8704,0.8714,0.8695
1947403.32975,619,9,13,0619-09-13,4,-0.8388,0.798,4478.0,40.0,0.0,,,0.0,0.0,0.0,,,0.0,0.0,0.0,,,0.0,0.0,0.0,,,0.0,0.0,0.0,,,0.0,0.0,0.0,,,0.0,0.0,0.0,,,0.0,0.0,0.0,,,0.0,0.0,0.0,0.0,0.0
1947581.67652,620,3,10,0620-03-10,1,-0.0373,0.035,4468.9,40.0,0.0,,,0.0,0.0,0.0,,,0.0,0.0,0.0,,,0.0,0.0,0.0,,,0.0,0.0,0.0,,,0.0,0.0,0.0,,,0.0,0.0,0.0,,,0.0,0.0,0.0,,,0.0,0.0,0.0,0.0,0.0
1947757.83146,620,9,2,0620-09-02,2,-0.0775,0.0776,4468.9,40.0,0.0,,,0.0,0.0,0.0,,,0.0,0.0,0.0,,,0.0,0.0,0.0,,,0.0,0.0,0.0,,,0.0,0.0,0.0885,5.3,05:10,0.0919,0.0849,0.1446,18.0,05:12,0.1454,0.1437,0.4514,18.3,05:06,0.4524,0.45,0.0,0.0,0.0
1947935.81106,621,2,27,0621-02-27,5,-0.7879,0.7101,4459.9,40.0,0.0,,,0.0,0.0,0.0,,,0.0,0.0,0.0,,,0.0,0.0,0.0,,,0.0,0.0,0.0,,,0.0,0.0,0.0,,,0.0,0.0,0.0,,,0.0,0.0,0.0,,,0.0,0.0,0.0,0.0,0.0
1948112.51111,621,8,23,0621-08-23,0,0.6337,0.6467,4459.9,40.0,0.0,,,0.0,0.0,0.0,,,0.0,0.0,0.0,,,0.0,0.0,0.0,,,0.0,0.0,0.0,,,0.0,0.0,0.0,,,0.0,0.0,0.0,,,0.0,0.0,0.0,,,0.0,0.0,0.0,0.0,0.0
1948260.08176,622,1,17,0622-01-17,0,1.4861,1.3684,4450.8,40.0,0.0445,15.5,12:57,0.0488,0.0398,0.0591,13.5,12:59,0.0633,0.0547,0.0405,16.6,12:55,0.0447,0.036,0.0435,15.1,12:59,0.048,0.0386,0.029,14.3,13:05,0.0344,0.0233,0.0,,,0.0,0.0,0.0,,,0.0,0.0,0.0,,,0.0,0.0,0.0591,0.0633,0.0547
1948289.79444,622,2,16,0622-02-16,2,-1.4818,1.3381,4450.8,40.0,0.0,,,0.0,0.0,0.0,,,0.0,0.0,0.0,,,0.0,0.0,0.0,,,0.0,0.0,0.0,,,0.0,0.0,0.0,,,0.0,0.0,0.0,,,0.0,0.0,0.0,,,0.0,0.0,0.0,0.0,0.0
1948437.78895,622,7,14,0622-07-14,3,-1.2424,1.2017,4450.8,40.0,0.0,,,0.0,0.0,0.0,,,0.0,0.0,0.0,,,0.0,0.0,0.0,,,0.0,0.0,0.0,,,0.0,0.0,0.0,,,0.0,0.0,0.0,,,0.0,0.0,0.0,,,0.0,0.0,0.0,0.0,0.0
1948467.17524,622,8,12,0622-08-12,4,1.3767,1.3672,4450.8,40.0,0.0,,,0.0,0.0,0.0,,,0.0,0.0,0.0,,,0.0,0.0,0.0,,,0.0,0.0,0.0,,,0.0,0.0,0.0,,,0.0,0.0,0.0,,,0.0,0.0,0.0,,,0.0,0.0,0.0,0.0,0.0
1948614.37195,623,1,6,0623-01-06,4,0.729,0.7089,4441.7,40.0,0.0,,,0.0,0.0,0.0,,,0.0,0.0,0.0,,,0.0,0.0,0.0,,,0.0,0.0,0.0,,,0.0,0.0,0.0,,,0.0,0.0,0.0,,,0.0,0.0,0.0,,,0.0,0.0,0.0,0.0,0.0
1948792.11183,623,7,3,0623-07-03,0,-0.5143,0.4719,4441.7,40.0,0.0,,,0.0,0.0,0.0,,,0.0,0.0,0.0,,,0.0,0.0,0.0,,,0.0,0.0,0.0,,,0.0,0.0,0.0,,,0.0,0.0,0.0,,,0.0,0.0,0.0,,,0.0,0.0,0.0,0.0,0.0
1948968.92852,623,12,27,0623-12-27,2,0.0213,0.0216,4441.7,40.0,0.0,,,0.0,0.0,0.0,,,0.0,0.0,0.0,,,0.0,0.0,0.0,,,0.0,0.0,0.0,,,0.0,0.0,0.0,,,0.0,0.0,0.0,,,0.0,0.0,0.0,,,0.0,0.0,0.0,0.0,0.0
1949146.1751,624,6,21,0624-06-21,4,0.2514,0.2254,4432.6,40.0,0.4407,40.6,15:56,0.4479,0.4335,0.3965,40.4,15:52,0.4031,0.3897,0.471,41.6,15:56,0.4782,0.4636,0.4284,39.9,15:56,0.4355,0.4211,0.3968,37.2,15:58,0.4042,0.389,0.556,23.2,16:26,0.5674,0.5447,0.4248,10.7,16:28,0.436,0.4138,0.6089,4.2,16:38,0.6211,0.5969,0.471,0.4782,0.4636
1949323.5834,624,12,16,0624-12-16,0,-0.6465,0.6568,4432.6,40.0,0.0,,,0.0,0.0,0.0,,,0.0,0.0,0.0,,,0.0,0.0,0.0,,,0.0,0.0,0.0,,,0.0,0.0,0.0,,,0.0,0.0,0.0,,,0.0,0.0,0.0,,,0.0,0.0,0.0,0.0,0.0
1949500.24227,625,6,10,0625-06-10,1,1.0039,0.9216,4423.6,40.0,0.2911,22.2,17:59,0.2999,0.2824,0.3294,22.7,17:57,0.3378,0.3211,0.2624,22.5,18:01,0.2714,0.2535,0.3038,21.7,17:59,0.3125,0.2951,0.3389,19.4,17:59,0.3477,0.3302,0.2159,3.2,18:17,0.2268,0.2049,0.0873,-0.8,17:33,0.1218,0.0276,0.0,,,0.0,0.0,0.3294,0.3378,0.3211
1949648.55111,625,11,6,0625-11-06,3,1.4805,1.3984,4423.6,40.0,0.0,,,0.0,0.0,0.0,,,0.0,0.0,0.0,,,0.0,0.0,0.0,,,0.0,0.0,0.0,,,0.0,0.0,0.0,,,0.0,0.0,0.0,,,0.0,0.0,0.0,,,0.0,0.0,0.0,0.0,0.0
1949678.13978,625,12,5,0625-12-05,4,-1.3645,1.3283,4423.6,40.0,0.0,,,0.0,0.0,0.0,,,0.0,0.0,0.0,,,0.0,0.0,0.0,,,0.0,0.0,0.0,,,0.0,0.0,0.0,,,0.0,0.0,0.0,,,0.0,0.0,0.0,,,0.0,0.0,0.0,0.0,0.0
1949825.20937,626,5,1,0626-05-01,4,-0.9003,0.8941,4414.5,40.0,0.0,,,0.0,0.0,0.0,,,0.0,0.0,0.0,,,0.0,0.0,0.0,,,0.0,0.0,0.0,,,0.0,0.0,0.0,,,0.0,0.0,0.0,,,0.0,0.0,0.0,,,0.0,0.0,0.0,0.0,0.0
1950002.68788,626,10,26,0626-10-26,0,0.8372,0.7562,4414.5,40.0,0.0,,,0.0,0.0,0.0,,,0.0,0.0,0.0,,,0.0,0.0,0.0,,,0.0,0.0,0.0,,,0.0,0.0,0.0,,,0.0,0.0,0.0,,,0.0,0.0,0.0,,,0.0,0.0,0.0,0.0,0.0
1950179.88661,627,4,21,0627-04-21,2,-0.1462,0.1492,4405.5,40.0,0.0,,,0.0,0.0,0.0,,,0.0,0.0,0.0,,,0.0,0.0,0.0,,,0.0,0.0,0.0,,,0.0,0.0,0.0,,,0.0,0.0,0.0,,,0.0,0.0,0.0,,,0.0,0.0,0.0,0.0,0.0
1950356.65699,627,10,15,0627-10-15,4,0.1469,0.1324,4405.5,40.0,0.0,,,0.0,0.0,0.0,,,0.0,0.0,0.0,,,0.0,0.0,0.0,,,0.0,0.0,0.0,,,0.0,0.0,0.0,,,0.0,0.0,0.0,,,0.0,0.0,0.0,,,0.0,0.0,0.0,0.0,0.0
1950534.57954,628,4,10,0628-04-10,0,0.592,0.5928,4396.4,40.0,0.0,,,0.0,0.0,0.0,,,0.0,0.0,0.0,,,0.0,0.0,0.0,,,0.0,0.0,0.0,,,0.0,0.0,0.0,,,0.0,0.0,0.0,,,0.0,0.0,0.0,,,0.0,0.0,0.0,0.0,0.0
1950710.77567,628,10,3,0628-10-03,1,-0.5632,0.529,4396.4,40.0,0.0,,,0.0,0.0,0.0,,,0.0,0.0,0.0,,,0.0,0.0,0.0,,,0.0,0.0,0.0,,,0.0,0.0,0.0,,,0.0,0.0,0.0,,,0.0,0.0,0.0,,,0.0,0.0,0.0,0.0,0.0
1950859.54015,629,3,1,0629-03-01,3,-1.4107,1.3056,4387.4,40.0,0.0,,,0.0,0.0,0.0,,,0.0,0.0,0.0,,,0.0,0.0,0.0,,,0.0,0.0,0.0,,,0.0,0.0,0.0,,,0.0,0.0,0.0,,,0.0,0.0,0.0,,,0.0,0.0,0.0,0.0,0.0
1950889.09443,629,3,30,0629-03-30,4,1.3871,1.3196,4387.4,40.0,0.0,,,0.0,0.0,0.0,,,0.0,0.0,0.0,,,0.0,0.0,0.0,,,0.0,0.0,0.0,,,0.0,0.0,0.0,,,0.0,0.0,0.0,,,0.0,0.0,0.0,,,0.0,0.0,0.0,0.0,0.0
1951035.8135,629,8,24,0629-08-24,4,1.3855,1.4017,4387.4,40.0,0.0,,,0.0,0.0,0.0,,,0.0,0.0,0.0,,,0.0,0.0,0.0,,,0.0,0.0,0.0,,,0.0,0.0,0.0,,,0.0,0.0,0.0,,,0.0,0.0,0.0,,,0.0,0.0,0.0,0.0,0.0
1951065.2047,629,9,22,0629-09-22,5,-1.2365,1.2266,4387.4,40.0,0.0,,,0.0,0.0,0.0,,,0.0,0.0,0.0,,,0.0,0.0,0.0,,,0.0,0.0,0.0,,,0.0,0.0,0.0,,,0.0,0.0,0.0,,,0.0,0.0,0.0,,,0.0,0.0,0.0,0.0,0.0
1951213.60113,630,2,18,0630-02-18,0,-0.7313,0.6561,4378.3,40.0,0.0,,,0.0,0.0,0.0,,,0.0,0.0,0.0,,,0.0,0.0,0.0,,,0.0,0.0,0.0,,,0.0,0.0,0.0,,,0.0,0.0,0.0,,,0.0,0.0,0.0,,,0.0,0.0,0.0,0.0,0.0
1951390.51215,630,8,14,0630-08-14,2,0.6753,0.6868,4378.3,40.0,0.0,,,0.0,0.0,0.0,,,0.0,0.0,0.0,,,0.0,0.0,0.0,,,0.0,0.0,0.0,,,0.0,0.0,0.0,,,0.0,0.0,0.0,,,0.0,0.0,0.0,,,0.0,0.0,0.0,0.0,0.0
1951567.5966,631,2,7,0631-02-07,4,-0.0199,0.0181,4369.3,40.0,0.0,,,0.0,0.0,0.0,,,0.0,0.0,0.0,,,0.0,0.0,0.0,,,0.0,0.0,0.0,,,0.0,0.0,0.0,,,0.0,0.0,0.0,,,0.0,0.0,0.0,,,0.0,0.0,0.0,0.0,0.0
1951745.14109,631,8,3,0631-08-03,6,-0.0561,0.0549,4369.3,40.0,0.0,,,0.0,0.0,0.0,,,0.0,0.0,0.0,,,0.0,0.0,0.0,,,0.0,0.0,0.0,,,0.0,0.0,0.0,,,0.0,0.0,0.0,,,0.0,0.0,0.0,,,0.0,0.0,0.0,0.0,0.0
1951921.82268,632,1,27,0632-01-27,1,0.6856,0.6578,4360.3,40.0,0.0,,,0.0,0.0,0.0,,,0.0,0.0,0.0,,,0.0,0.0,0.0,,,0.0,0.0,0.0,,,0.0,0.0,0.2019,-0.9,06:27,0.2582,0.1182,0.5794,3.5,05:45,0.5843,0.575,0.7298,5.6,05:29,0.7361,0.7238,0.0,0.0,0.0
1952099.52414,632,7,23,0632-07-23,4,-0.8525,0.7903,4360.3,40.0,0.0,,,0.0,0.0,0.0,,,0.0,0.0,0.0,,,0.0,0.0,0.0,,,0.0,0.0,0.0,,,0.0,0.0,0.0,,,0.0,0.0,0.0,,,0.0,0.0,0.0,,,0.0,0.0,0.0,0.0,0.0
1952246.89053,632,12,17,0632-12-17,4,-1.3536,1.3818,4360.3,40.0,0.0,,,0.0,0.0,0.0,,,0.0,0.0,0.0,,,0.0,0.0,0.0,,,0.0,0.0,0.0,,,0.0,0.0,0.0,,,0.0,0.0,0.0,,,0.0,0.0,0.0,,,0.0,0.0,0.0,0.0,0.0
1952276.33621,633,1,15,0633-01-15,5,1.3302,1.341,4351.2,40.0,0.0,,,0.0,0.0,0.0,,,0.0,0.0,0.0,,,0.0,0.0,0.0,,,0.0,0.0,0.0,,,0.0,0.0,0.0,,,0.0,0.0,0.0,,,0.0,0.0,0.0,,,0.0,0.0,0.0,0.0,0.0
1952423.99789,633,6,12,0633-06-12,6,1.219,1.0953,4351.2,40.0,0.0,,,0.0,0.0,0.0,,,0.0,0.0,0.0,,,0.0,0.0,0.0,,,0.0,0.0,0.0,,,0.0,0.0,0.0,,,0.0,0.0,0.0,,,0.0,0.0,0.0,,,0.0,0.0,0.0,0.0,0.0
1952601.53662,633,12,7,0633-12-07,2,-0.7139,0.7188,4351.2,40.0,0.0,,,0.0,0.0,0.0,,,0.0,0.0,0.0,,,0.0,0.0,0.0,,,0.0,0.0,0.0,,,0.0,0.0,0.0,,,0.0,0.0,0.0,,,0.0,0.0,0.0,,,0.0,0.0,0.0,0.0,0.0
1952778.12092,634,6,1,0634-06-01,3,0.4244,0.3949,4342.2,40.0,0.7796,52.0,14:13,0.7841,0.7748,0.7292,50.6,14:11,0.7334,0.7248,0.8106,53.2,14:13,0.8151,0.8057,0.768,51.1,14:15,0.7729,0.7628,0.7425,48.6,14:19,0.748,0.7366,0.9597,38.9,14:53,0.9709,0.9496,0.8277,24.3,15:05,0.8394,0.8159,0.9405,18.7,15:19,0.9532,0.9274,0.8106,0.8151,0.8057
1952956.03162,634,11,26,0634-11-26,6,-0.0368,0.0352,4342.2,40.0,0.0,,,0.0,0.0,0.0,,,0.0,0.0,0.0,,,0.0,0.0,0.0,,,0.0,0.0,0.0,,,0.0,0.0,0.0,,,0.0,0.0,0.0,,,0.0,0.0,0.0,,,0.0,0.0,0.0,0.0,0.0
1953132.53628,635,5,22,0635-05-22,1,-0.3629,0.3565,4333.2,40.0,0.0,,,0.0,0.0,0.0,,,0.0,0.0,0.0,,,0.0,0.0,0.0,,,0.0,0.0,0.0,,,0.0,0.0,0.0,,,0.0,0.0,0.0,,,0.0,0.0,0.0,,,0.0,0.0,0.0,0.0,0.0
1953310.23199,635,11,15,0635-11-15,3,0.6831,0.6217,4333.2,40.0,0.2146,-0.8,16:23,0.285,0.164,0.1337,-0.8,16:13,0.1839,0.06,0.3143,-0.8,16:33,0.3607,0.2441,0.148,-0.7,16:17,0.2205,0.0961,0.0,,,0.0002,0.0,0.0,,,0.0,0.0,0.0,,,0.0,0.0,0.0,,,0.0,0.0,0.3143,0.3607,0.2441
1953457.89653,636,4,11,0636-04-11,4,1.4298,1.4581,4324.2,40.0,0.0,,,0.0,0.0,0.0012,19.1,07:46,0.0074,0.0,0.0,,,0.0,0.0,0.0,,,0.0,0.0,0.0,,,0.0,0.0,0.0,,,0.0,0.0,0.0,,,0.0,0.0,0.0,,,0.0,0.0,0.0012,0.0074,0.0
1953487.19017,636,5,10,0636-05-10,5,-1.0847,1.1041,4324.2,40.0,0.0,,,0.0,0.0,0.0,,,0.0,0.0,0.0,,,0.0,0.0,0.0,,,0.0,0.0,0.0,,,0.0,0.0,0.0,,,0.0,0.0,0.0,,,0.0,0.0,0.0,,,0.0,0.0,0.0,0.0,0.0
1953664.2066,636,11,3,0636-11-03,0,1.3695,1.2292,4324.2,40.0,0.2381,1.7,16:23,0.2418,0.2344,0.2561,1.0,16:19,0.2594,0.2525,0.2318,2.9,16:23,0.2354,0.2279,0.2382,1.0,16:23,0.242,0.2344,0.2256,-0.8,16:19,0.2322,0.2146,0.0,,,0.0,0.0,0.0,,,0.0,0.0,0.0,,,0.0,0.0,0.2561,0.2594,0.2525
1953812.55536,637,4,1,0637-04-01,2,0.7471,0.7388,4315.2,40.0,0.0,,,0.0,0.0,0.0,,,0.0,0.0,0.0,,,0.0,0.0,0.0,,,0.0,0.0,0.0,,,0.0,0.0,0.0,,,0.0,0.0,0.0,,,0.0,0.0,0.0,,,0.0,0.0,0.0,0.0,0.0
1953988.65695,637,9,24,0637-09-24,3,-0.8704,0.8308,4315.2,40.0,0.0,,,0.0,0.0,0.0,,,0.0,0.0,0.0,,,0.0,0.0,0.0,,,0.0,0.0,0.0,,,0.0,0.0,0.0,,,0.0,0.0,0.0,,,0.0,0.0,0.0,,,0.0,0.0,0.0,0.0,0.0
1954166.98821,638,3,21,0638-03-21,6,0.0112,0.0105,4306.2,40.0,0.0,,,0.0,0.0,0.0,,,0.0,0.0,0.0,,,0.0,0.0,0.0,,,0.0,0.0,0.0,,,0.0,0.0,0.0,,,0.0,0.0,0.0542,46.7,11:29,0.0665,0.0417,0.3136,54.5,11:29,0.3283,0.2985,0.0,0.0,0.0
1954343.16679,638,9,13,0638-09-13,0,-0.1173,0.1178,4306.2,40.0,0.0,,,0.0,0.0,0.0,,,0.0,0.0,0.0,,,0.0,0.0,0.0,,,0.0,0.0,0.0,,,0.0,0.0,0.0,,,0.0,0.0,0.0,,,0.0,0.0,0.0,,,0.0,0.0,0.0,0.0,0.0
1954521.1134,639,3,10,0639-03-10,3,-0.7436,0.6694,4297.2,40.0,0.0,,,0.0,0.0,0.0,,,0.0,0.0,0.0,,,0.0,0.0,0.0,,,0.0,0.0,0.0,,,0.0,0.0,0.0,,,0.0,0.0,0.0,,,0.0,0.0,0.0,,,0.0,0.0,0.0,0.0,0.0
1954697.84485,639,9,3,0639-09-03,5,0.5882,0.6002,4297.2,40.0,0.9748,-0.1,05:44,0.9794,0.9722,0.9294,0.7,05:46,0.9325,0.9261,0.9447,-0.8,05:46,1.047,0.8338,0.9718,0.5,05:44,0.9746,0.9688,0.9759,3.0,05:44,0.9788,0.9729,0.672,8.9,05:30,0.675,0.6696,0.6295,22.8,05:38,0.6299,0.6288,0.3159,24.3,05:34,0.3167,0.3157,0.9748,1.047,0.9722
1954845.41445,640,1,28,0640-01-28,5,1.4989,1.3836,4288.2,40.0,0.0,,,0.0,0.0,0.0,,,0.0,0.0,0.0,,,0.0,0.0,0.0,,,0.0,0.0,0.0,,,0.0,0.0,0.0,,,0.0,0.0,0.0,,,0.0,0.0,0.0,,,0.0,0.0,0.0,0.0,0.0
1954875.1043,640,2,27,0640-02-27,0,-1.4439,1.3059,4288.2,40.0,0.0,,,0.0,0.0,0.0,,,0.0,0.0,0.0,,,0.0,0.0,0.0,,,0.0,0.0,0.0,,,0.0,0.0,0.0,,,0.0,0.0,0.0,,,0.0,0.0,0.0,,,0.0,0.0,0.0,0.0,0.0
1955023.08959,640,7,24,0640-07-24,1,-1.3144,1.267,4288.2,40.0,0.0,,,0.0,0.0,0.0,,,0.0,0.0,0.0,,,0.0,0.0,0.0,,,0.0,0.0,0.0,,,0.0,0.0,0.0,,,0.0,0.0,0.0,,,0.0,0.0,0.0,,,0.0,0.0,0.0,0.0,0.0
1955052.49588,640,8,22,0640-08-22,2,1.329,1.3163,4288.2,40.0,0.0,,,0.0,0.0,0.0,,,0.0,0.0,0.0,,,0.0,0.0,0.0,,,0.0,0.0,0.0,,,0.0,0.0,0.0,,,0.0,0.0,0.0,,,0.0,0.0,0.0,,,0.0,0.0,0.0,0.0,0.0
1955199.72591,641,1,17,0641-01-17,3,0.7349,0.7167,4279.2,40.0,0.0,,,0.0,0.0,0.0,,,0.0,0.0,0.0,,,0.0,0.0,0.0,,,0.0,0.0,0.0,,,0.0,0.0,0.0,,,0.0,0.0,0.0,,,0.0,0.0,0.0,,,0.0,0.0,0.0,0.0,0.0
1955377.38938,641,7,13,0641-07-13,5,-0.5963,0.5457,4279.2,40.0,0.0,,,0.0,0.0,0.0,,,0.0,0.0,0.0,,,0.0,0.0,0.0,,,0.0,0.0,0.0,,,0.0,0.0,0.0,,,0.0,0.0,0.0,,,0.0,0.0,0.0,,,0.0,0.0,0.0,0.0,0.0
1955554.29541,642,1,6,0642-01-06,0,0.0257,0.0261,4270.3,40.0,0.0,,,0.0,0.0,0.0,,,0.0,0.0,0.0,,,0.0,0.0,0.0,,,0.0,0.0,0.0,,,0.0,0.0,0.0,,,0.0,0.0,0.0,,,0.0,0.0,0.0,,,0.0,0.0,0.0,0.0,0.0
1955731.44081,642,7,2,0642-07-02,2,0.1635,0.1466,4270.3,40.0,0.0,,,0.0,0.0,0.0,,,0.0,0.0,0.0,,,0.0,0.0,0.0,,,0.0,0.0,0.0,,,0.0,0.0,0.0,,,0.0,0.0,0.0,,,0.0,0.0,0.0,,,0.0,0.0,0.0,0.0,0.0
1955908.95215,642,12,27,0642-12-27,5,-0.6451,0.6544,4270.3,40.0,0.0,,,0.0,0.0,0.0,,,0.0,0.0,0.0,,,0.0,0.0,0.0,,,0.0,0.0,0.0,,,0.0,0.0,0.0,,,0.0,0.0,0.0,,,0.0,0.0,0.0,,,0.0,0.0,0.0,0.0,0.0
1956085.51774,643,6,22,0643-06-22,0,0.9173,0.8445,4261.3,40.0,0.0,,,0.0,0.0,0.0,,,0.0,0.0,0.0,,,0.0,0.0,0.0,,,0.0,0.0,0.0,,,0.0,0.0,0.0,,,0.0,0.0,0.0,,,0.0,0.0,0.0,,,0.0,0.0,0.0,0.0,0.0
1956233.89851,643,11,17,0643-11-17,1,1.4916,1.4049,4261.3,40.0,0.0,,,0.0,0.0,0.0,,,0.0,0.0,0.0,,,0.0,0.0,0.0,,,0.0,0.0,0.0,,,0.0,0.0,0.0,,,0.0,0.0,0.0,,,0.0,0.0,0.0,,,0.0,0.0,0.0,0.0,0.0
1956263.49932,643,12,16,0643-12-16,2,-1.3667,1.3267,4261.3,40.0,0.0,,,0.0,0.0,0.0,,,0.0,0.0,0.0,,,0.0,0.0,0.0,,,0.0,0.0,0.0,,,0.0,0.0,0.0,,,0.0,0.0,0.0,,,0.0,0.0,0.0,,,0.0,0.0,0.0,0.0,0.0
1956410.51715,644,5,12,0644-05-12,3,-0.9672,0.9632,4252.3,40.0,0.0,,,0.0,0.0,0.0,,,0.0,0.0,0.0,,,0.0,0.0,0.0,,,0.0,0.0,0.0,,,0.0,0.0,0.0,,,0.0,0.0,0.0,,,0.0,0.0,0.0,,,0.0,0.0,0.0,0.0,0.0
1956588.01643,644,11,5,0644-11-05,5,0.8538,0.7702,4252.3,40.0,0.734,13.5,09:58,0.7465,0.7213,0.767,12.0,10:00,0.779,0.7554,0.7038,13.7,09:56,0.7168,0.691,0.7485,13.7,10:00,0.7612,0.7363,0.7952,14.8,10:04,0.8076,0.7828,0.7789,31.1,10:26,0.7956,0.7619,0.9182,30.3,10:56,0.9183,0.9181,0.8577,37.2,11:18,0.8704,0.845,0.767,0.779,0.7554
1956765.2049,645,5,1,0645-05-01,0,-0.2116,0.216,4243.4,40.0,0.0,,,0.0,0.0,0.0,,,0.0,0.0,0.0,,,0.0,0.0,0.0,,,0.0,0.0,0.0,,,0.0,0.0,0.0283,8.5,17:16,0.0368,0.0196,0.0,,,0.0,0.0,0.0,,,0.0,0.0,0.0,0.0,0.0
1956941.98079,645,10,25,0645-10-25,2,0.1681,0.1516,4243.4,40.0,0.2547,9.0,08:39,0.2652,0.2441,0.2105,8.1,08:41,0.2204,0.2003,0.2883,9.0,08:39,0.2987,0.2777,0.2398,9.5,08:41,0.2503,0.2292,0.1968,11.3,08:43,0.2077,0.1856,0.3045,27.7,08:47,0.3218,0.2869,0.078,35.2,09:11,0.0968,0.0593,0.2172,45.3,09:19,0.2396,0.1949,0.2883,0.2987,0.2777
1957119.89642,646,4,21,0646-04-21,5,0.5316,0.531,4234.4,40.0,0.3372,25.4,08:08,0.3471,0.3275,0.3289,25.6,08:12,0.3385,0.3195,0.3326,24.6,08:06,0.3424,0.323,0.3431,25.9,08:08,0.3531,0.3335,0.3755,28.7,08:12,0.3864,0.3651,0.6486,39.5,07:56,0.6651,0.632,0.9038,52.9,08:10,0.9244,0.8839,0.9597,55.9,07:52,0.983,0.9376,0.3431,0.3531,0.3335
1957296.10929,646,10,14,0646-10-14,6,-0.5376,0.5064,4234.4,40.0,0.0,,,0.0,0.0,0.0,,,0.0,0.0,0.0,,,0.0,0.0,0.0,,,0.0,0.0,0.0,,,0.0,0.0,0.0,,,0.0,0.0,0.0,,,0.0,0.0,0.0,,,0.0,0.0,0.0,0.0,0.0
1957444.85214,647,3,12,0647-03-12,1,-1.4573,1.345,4225.5,40.0,0.0,,,0.0,0.0,0.0,,,0.0,0.0,0.0,,,0.0,0.0,0.0,,,0.0,0.0,0.0,,,0.0,0.0,0.0,,,0.0,0.0,0.0,,,0.0,0.0,0.0,,,0.0,0.0,0.0,0.0,0.0
1957474.39999,647,4,10,0647-04-10,2,1.3333,1.2641,4225.5,40.0,0.0,,,0.0,0.0,0.0,,,0.0,0.0,0.0,,,0.0,0.0,0.0,,,0.0,0.0,0.0,,,0.0,0.0,0.0,,,0.0,0.0,0.0,,,0.0,0.0,0.0,,,0.0,0.0,0.0,0.0,0.0
1957621.14658,647,9,4,0647-09-04,2,1.4267,1.446,4225.5,40.0,0.0,,,0.0,0.0,0.0,,,0.0,0.0,0.0,,,0.0,0.0,0.0,,,0.0,0.0,0.0,,,0.0,0.0,0.0,,,0.0,0.0,0.0055,15.7,15:00,0.0127,0.0,0.0,,,0.0,0.0,0.0,0.0,0.0
1957650.54859,647,10,4,0647-10-04,4,-1.206,1.1995,4225.5,40.0,0.0,,,0.0,0.0,0.0,,,0.0,0.0,0.0,,,0.0,0.0,0.0,,,0.0,0.0,0.0,,,0.0,0.0,0.0,,,0.0,0.0,0.0,,,0.0,0.0,0.0,,,0.0,0.0,0.0,0.0,0.0
1957798.90702,648,2,29,0648-02-29,5,-0.7721,0.6924,4216.6,40.0,0.0,,,0.0,0.0,0.0,,,0.0,0.0,0.0,,,0.0,0.0,0.0,,,0.0,0.0,0.0,,,0.0,0.0,0.0,,,0.0,0.0,0.0,,,0.0,0.0,0.0,,,0.0,0.0,0.0,0.0,0.0
1957975.84055,648,8,24,0648-08-24,0,0.7273,0.7389,4216.6,40.0,0.5427,-0.1,05:28,0.5491,0.5364,0.594,1.0,05:30,0.6001,0.5881,0.5187,-0.8,05:30,0.5191,0.5002,0.5461,0.6,05:28,0.5523,0.54,0.5352,3.0,05:28,0.5408,0.5298,0.0888,8.3,05:18,0.0938,0.0841,0.0276,22.5,05:28,0.0282,0.0275,0.0,,,0.0,0.0,0.594,0.6001,0.5881
1958152.91578,649,2,17,0649-02-17,2,-0.0502,0.0458,4207.6,40.0,0.0,,,0.0,0.0,0.0,,,0.0,0.0,0.0,,,0.0,0.0,0.0,,,0.0,0.0,0.0,,,0.0,0.0,0.0,,,0.0,0.0,0.0,,,0.0,0.0,0.0,,,0.0,0.0,0.0,0.0,0.0
1958330.45308,649,8,13,0649-08-13,4,0.0042,0.0041,4207.6,40.0,0.0,,,0.0,0.0,0.0,,,0.0,0.0,0.0,,,0.0,0.0,0.0,,,0.0,0.0,0.0,,,0.0,0.0,0.0,,,0.0,0.0,0.0,,,0.0,0.0,0.0,,,0.0,0.0,0.0,0.0,0.0
1958507.16418,650,2,6,0650-02-06,6,0.6641,0.6391,4198.7,40.0,0.8829,8.4,16:10,0.895,0.8717,0.9243,7.0,16:10,0.9342,0.9138,0.8728,9.6,16:10,0.8852,0.8609,0.8806,7.5,16:12,0.8926,0.8702,0.8516,5.4,16:12,0.8627,0.8415,0.3929,1.5,16:24,0.4032,0.3829,0.0,,,0.0,0.0,0.0,,,0.0,0.0,0.9243,0.9342,0.9138
1958684.81259,650,8,3,0650-08-03,2,-0.7839,0.7245,4198.7,40.0,0.0,,,0.0,0.0,0.0,,,0.0,0.0,0.0,,,0.0,0.0,0.0,,,0.0,0.0,0.0,,,0.0,0.0,0.0,,,0.0,0.0,0.0,,,0.0,0.0,0.0,,,0.0,0.0,0.0,0.0,0.0
1958832.25981,650,12,28,0650-12-28,2,-1.3558,1.3847,4198.7,40.0,0.0,,,0.0,0.0,0.0,,,0.0,0.0,0.0,,,0.0,0.0,0.0,,,0.0,0.0,0.0,,,0.0,0.0,0.0,,,0.0,0.0,0.0,,,0.0,0.0,0.0,,,0.0,0.0,0.0,0.0,0.0
1958861.69459,651,1,27,0651-01-27,4,1.3152,1.3282,4189.8,40.0,0.0,,,0.0,0.0,0.0,,,0.0,0.0,0.0,,,0.0,0.0,0.0,,,0.0,0.0,0.0,,,0.0,0.0,0.0,,,0.0,0.0,0.0,,,0.0,0.0,0.0,,,0.0,0.0,0.0,0.0,0.0
1959009.26325,651,6,23,0651-06-23,4,1.3047,1.1735,4189.8,40.0,0.0874,20.5,18:15,0.0962,0.0785,0.1086,21.3,18:11,0.1171,0.1,0.0673,20.7,18:17,0.0764,0.0581,0.0975,20.3,18:13,0.1062,0.0887,0.1291,18.0,18:13,0.1374,0.1207,0.081,2.2,18:27,0.0892,0.0729,0.0,,,0.0,0.0,0.0,,,0.0,0.0,0.1086,0.1171,0.1
1959186.90424,651,12,18,0651-12-18,0,-0.7164,0.72,4189.8,40.0,0.0,,,0.0,0.0,0.0,,,0.0,0.0,0.0,,,0.0,0.0,0.0,,,0.0,0.0,0.0,,,0.0,0.0,0.0,,,0.0,0.0,0.0,,,0.0,0.0,0.0,,,0.0,0.0,0.0,0.0,0.0
1959363.4019,652,6,11,0652-06-11,1,0.5055,0.4719,4180.9,40.0,0.2226,-0.8,20:59,0.2426,0.1846,0.2389,-0.5,21:09,0.2438,0.234,0.2117,-0.7,20:57,0.2479,0.1821,0.2106,-0.8,20:57,0.2318,0.1708,0.1082,-0.9,20:43,0.1419,0.0512,0.0,,,0.0,0.0,0.0,,,0.0,0.0,0.0,,,0.0,0.0,0.2389,0.2479,0.234
1959541.38644,652,12,6,0652-12-06,4,-0.0389,0.0372,4180.9,40.0,0.0,,,0.0,0.0,0.0,,,0.0,0.0,0.0,,,0.0,0.0,0.0,,,0.0,0.0,0.0,,,0.0,0.0,0.0,,,0.0,0.0,0.0,,,0.0,0.0,0.0,,,0.0,0.0,0.0,0.0,0.0
1959717.83701,653,6,1,0653-06-01,6,-0.2862,0.282,4171.9,40.0,0.0,,,0.0,0.0,0.0,,,0.0,0.0,0.0,,,0.0,0.0,0.0,,,0.0,0.0,0.0,,,0.0,0.0,0.0,,,0.0,0.0,0.0,,,0.0,0.0,0.0,,,0.0,0.0,0.0,0.0,0.0
1959895.5701,653,11,26,0653-11-26,2,0.6781,0.616,4171.9,40.0,0.0,,,0.0,0.0,0.0,,,0.0,0.0,0.0,,,0.0,0.0,0.0,,,0.0,0.0,0.0,,,0.0,0.0,0.0,,,0.0,0.0,0.0,,,0.0,0.0,0.0,,,0.0,0.0,0.0,0.0,0.0
1960043.21735,654,4,22,0654-04-22,2,1.4898,1.5182,4163.0,40.0,0.0,,,0.0,0.0,0.0,,,0.0,0.0,0.0,,,0.0,0.0,0.0,,,0.0,0.0,0.0,,,0.0,0.0,0.0,,,0.0,0.0,0.0,,,0.0,0.0,0.0,,,0.0,0.0,0.0,0.0,0.0
1960072.50183,654,5,22,0654-05-22,4,-1.0132,1.0322,4163.0,40.0,0.0,,,0.0,0.0,0.0,,,0.0,0.0,0.0,,,0.0,0.0,0.0,,,0.0,0.0,0.0,,,0.0,0.0,0.0,,,0.0,0.0,0.0,,,0.0,0.0,0.0,,,0.0,0.0,0.0,0.0,0.0
1960249.53745,654,11,15,0654-11-15,6,1.3583,1.2199,4163.0,40.0,0.0,,,0.0,0.0,0.0,,,0.0,0.0,0.0,,,0.0,0.0,0.0,,,0.0,0.0,0.0,,,0.0,0.0,0.0,,,0.0,0.0,0.0,,,0.0,0.0,0.0,,,0.0,0.0,0.0,0.0,0.0
1960397.87279,655,4,12,0655-04-12,0,0.8064,0.795,4154.1,40.0,0.823,14.6,07:13,0.8287,0.8179,0.8057,14.9,07:15,0.8107,0.8008,0.8276,13.3,07:09,0.8331,0.8227,0.8248,15.2,07:13,0.8304,0.8194,0.8405,17.8,07:15,0.8468,0.8342,0.9265,26.4,06:57,0.9367,0.9183,0.7689,40.1,07:07,0.7814,0.7567,0.5631,41.4,06:51,0.577,0.5487,0.8276,0.8331,0.8227
1960573.99086,655,10,5,0655-10-05,1,-0.895,0.857,4154.1,40.0,0.0,,,0.0,0.0,0.0,,,0.0,0.0,0.0,,,0.0,0.0,0.0,,,0.0,0.0,0.0,,,0.0,0.0,0.0,,,0.0,0.0,0.0,,,0.0,0.0,0.0,,,0.0,0.0,0.0,0.0,0.0
1960752.29349,656,3,31,0656-03-31,4,0.0665,0.062,4145.2,40.0,0.0,,,0.0066,0.0,0.0,,,0.0,0.0,0.0265,-0.8,19:09,0.0403,0.0,0.0,,,0.0,0.0,0.0,,,0.0,0.0,0.0,,,0.0,0.0,0.0,,,0.0,0.0,0.0,,,0.0,0.0,0.0265,0.0403,0.0
1960928.50836,656,9,24,0656-09-24,6,-0.1501,0.151,4145.2,40.0,0.0,,,0.0,0.0,0.0,,,0.0,0.0,0.0,,,0.0,0.0,0.0,,,0.0,0.0,0.0,,,0.0,0.0,0.0,,,0.0,0.0,0.0,,,0.0,0.0,0.0,,,0.0,0.0,0.0,0.0,0.0
1961106.41028,657,3,20,0657-03-20,1,-0.6932,0.6233,4136.4,40.0,0.0,,,0.0,0.0,0.0,,,0.0,0.0,0.0,,,0.0,0.0,0.0,,,0.0,0.0,0.0,,,0.0,0.0,0.0,,,0.0,0.0,0.0,,,0.0,0.0,0.0,,,0.0,0.0,0.0,0.0,0.0
1961283.18327,657,9,13,0657-09-13,3,0.5485,0.5595,4136.4,40.0,0.3808,25.9,15:28,0.3879,0.3737,0.3577,24.8,15:26,0.3645,0.3511,0.4003,27.2,15:28,0.408,0.3931,0.3717,25.3,15:28,0.3788,0.365,0.3464,22.6,15:32,0.3527,0.3404,0.4576,13.2,16:02,0.4619,0.4533,0.4389,-0.2,16:08,0.44,0.438,0.5127,-0.8,16:04,0.5566,0.4351,0.4003,0.408,0.3931
1961430.74349,658,2,8,0658-02-08,4,1.5163,1.4033,4127.5,40.0,0.0,,,0.0,0.0,0.0,,,0.0,0.0,0.0,,,0.0,0.0,0.0,,,0.0,0.0,0.0,,,0.0,0.0,0.0,,,0.0,0.0,0.0,,,0.0,0.0,0.0,,,0.0,0.0,0.0,0.0,0.0
1961460.40948,658,3,9,0658-03-09,5,-1.3999,1.2683,4127.5,40.0,0.0,,,0.0,0.0,0.0,,,0.0,0.0,0.0,,,0.0,0.0,0.0,,,0.0,0.0,0.0,,,0.0,0.0,0.0,,,0.0,0.0,0.0,,,0.0,0.0,0.0,,,0.0,0.0,0.0,0.0,0.0
1961608.39277,658,8,4,0658-08-04,6,-1.3822,1.3279,4127.5,40.0,0.0,,,0.0,0.0,0.0,,,0.0,0.0,0.0,,,0.0,0.0,0.0,,,0.0,0.0,0.0,,,0.0,0.0,0.0,,,0.0,0.0,0.0,,,0.0,0.0,0.0,,,0.0,0.0,0.0,0.0,0.0
1961637.82073,658,9,3,0658-09-03,1,1.2868,1.271,4127.5,40.0,0.0,,,0.0,0.0,0.0,,,0.0,0.0,0.0,,,0.0,0.0,0.0,,,0.0,0.0,0.0,,,0.0,0.0,0.0,,,0.0,0.0,0.0,,,0.0,0.0,0.0,,,0.0,0.0,0.0,0.0,0.0
1961785.07576,659,1,28,0659-01-28,1,0.7466,0.7302,4118.6,40.0,0.6832,18.2,13:06,0.6901,0.6765,0.6648,16.2,13:06,0.6713,0.6585,0.6868,19.3,13:04,0.6937,0.6802,0.6854,17.8,13:08,0.6924,0.6787,0.7062,16.9,13:14,0.7138,0.6987,0.9699,23.2,13:40,0.9831,0.9565,0.7794,12.9,13:58,0.792,0.7665,0.522,16.9,14:04,0.5366,0.5074,0.6868,0.6937,0.6802
1961962.66966,659,7,25,0659-07-25,4,-0.6741,0.6154,4118.6,40.0,0.0,,,0.0,0.0,0.0,,,0.0,0.0,0.0,,,0.0,0.0,0.0,,,0.0,0.0,0.0,,,0.0,0.0,0.0,,,0.0,0.0,0.0,,,0.0,0.0,0.0,,,0.0,0.0,0.0,0.0,0.0
1962139.65881,660,1,18,0660-01-18,6,0.0347,0.0353,4109.7,40.0,0.0,,,0.0,0.0,0.0,,,0.0,0.0,0.0,,,0.0,0.0,0.0,,,0.0,0.0,0.0,,,0.0,0.0,0.0,,,0.0,0.0,0.0,,,0.0,0.0,0.0,,,0.0,0.0,0.0,0.0,0.0
1962316.71014,660,7,13,0660-07-13,1,0.0796,0.0714,4109.7,40.0,0.0,,,0.0,0.0,0.0,,,0.0,0.0,0.0,,,0.0,0.0,0.0,,,0.0,0.0,0.0,,,0.0,0.0,0.0,,,0.0,0.0,0.0,,,0.0,0.0,0.0,,,0.0,0.0,0.0,0.0,0.0
1962494.31793,661,1,6,0661-01-06,3,-0.6404,0.6487,4100.9,40.0,0.0,,,0.0,0.0,0.0,,,0.0,0.0,0.0,,,0.0,0.0,0.0,,,0.0,0.0,0.0,,,0.0,0.0,0.0,,,0.0,0.0,0.0,,,0.0,0.0,0.0,,,0.0,0.0,0.0,0.0,0.0
1962670.79657,661,7,2,0661-07-02,5,0.8336,0.7696,4100.9,40.0,0.9631,6.2,04:56,0.9633,0.963,0.9578,7.9,05:00,0.9599,0.9516,0.9628,5.0,04:56,0.963,0.9626,0.9633,6.9,04:56,0.9635,0.9632,0.9622,9.2,04:56,0.9639,0.9526,0.684,8.3,04:32,0.6942,0.6735,0.5234,19.0,04:28,0.5351,0.5116,0.3177,13.9,04:12,0.3308,0.3046,0.9633,0.9635,0.9632
1962819.24758,661,11,27,0661-11-27,6,1.5001,1.4088,4100.9,40.0,0.0,,,0.0,0.0,0.0,,,0.0,0.0,0.0,,,0.0,0.0,0.0,,,0.0,0.0,0.0,,,0.0,0.0,0.0,,,0.0,0.0,0.0,,,0.0,0.0,0.0,,,0.0,0.0,0.0,0.0,0.0
1962848.85732,661,12,27,0661-12-27,1,-1.3679,1.324,4100.9,40.0,0.0,,,0.0,0.0,0.0,,,0.0,0.0,0.0,,,0.0,0.0,0.0,,,0.0,0.0,0.0,,,0.0,0.0,0.0,,,0.0,0.0,0.0,,,0.0,0.0,0.0,,,0.0,0.0,0.0,0.0,0.0
1962995.82252,662,5,23,0662-05-23,1,-1.0375,1.036,4092.0,40.0,0.0,,,0.0,0.0,0.0,,,0.0,0.0,0.0,,,0.0,0.0,0.0,,,0.0,0.0,0.0,,,0.0,0.0,0.0,,,0.0,0.0,0.0,,,0.0,0.0,0.0,,,0.0,0.0,0.0,0.0,0.0
1963025.16552,662,6,21,0662-06-21,2,1.5377,1.4984,4092.0,40.0,0.0,,,0.0,0.0,0.0,,,0.0,0.0,0.0,,,0.0,0.0,0.0,,,0.0,0.0,0.0,,,0.0,0.0,0.0,,,0.0,0.0,0.0,,,0.0,0.0,0.0,,,0.0,0.0,0.0,0.0,0.0
1963173.34921,662,11,16,0662-11-16,3,0.865,0.7793,4092.0,40.0,0.0,,,0.0,0.0,0.0,,,0.0,0.0,0.0,,,0.0,0.0,0.0,,,0.0,0.0,0.0,,,0.0,0.0,0.0,,,0.0,0.0,0.0,,,0.0,0.0,0.0,,,0.0,0.0,0.0,0.0,0.0
1963350.51908,663,5,13,0663-05-13,6,-0.282,0.2877,4083.2,40.0,0.0,,,0.0,0.0,0.0,,,0.0,0.0,0.0,,,0.0,0.0,0.0,,,0.0,0.0,0.0,,,0.0,0.0,0.0,,,0.0,0.0,0.0,,,0.0,0.0,0.0,,,0.0,0.0,0.0,0.0,0.0
1963527.31067,663,11,5,0663-11-05,0,0.1825,0.1649,4083.2,40.0,0.0,,,0.0,0.0,0.0,,,0.0,0.0,0.0,,,0.0,0.0,0.0,,,0.0,0.0,0.0,,,0.0,0.0,0.0,,,0.0,0.0,0.0,,,0.0,0.0,0.0,,,0.0,0.0,0.0,0.0,0.0
1963705.20817,664,5,1,0664-05-01,3,0.4657,0.4639,4074.3,40.0,0.9936,22.5,17:15,0.9968,0.9928,0.9862,22.5,17:13,0.9916,0.9828,0.9618,23.1,17:17,0.9666,0.9593,1.0418,22.0,17:15,1.042,1.0415,1.041,19.2,17:17,1.0412,1.0408,0.7387,5.7,17:31,0.7479,0.7296,0.413,-0.6,16:59,0.5122,0.3462,0.0,,,0.0,0.0,1.0418,1.042,1.0415
1963881.44957,664,10,24,0664-10-24,4,-0.5192,0.4906,4074.3,40.0,0.0,,,0.0,0.0,0.0,,,0.0,0.0,0.0,,,0.0,0.0,0.0,,,0.0,0.0,0.0,,,0.0,0.0,0.0,,,0.0,0.0,0.0,,,0.0,0.0,0.0,,,0.0,0.0,0.0,0.0,0.0
1964030.15763,665,3,22,0665-03-22,6,-1.5106,1.3904,4065.5,40.0,0.0,,,0.0,0.0,0.0,,,0.0,0.0,0.0,,,0.0,0.0,0.0,,,0.0,0.0,0.0,,,0.0,0.0,0.0,,,0.0,0.0,0.0,,,0.0,0.0,0.0,,,0.0,0.0,0.0,0.0,0.0
1964059.69983,665,4,21,0665-04-21,1,1.2734,1.2032,4065.5,40.0,0.0,,,0.0,0.0,0.0,,,0.0,0.0,0.0,,,0.0,0.0,0.0,,,0.0,0.0,0.0,,,0.0,0.0,0.0,,,0.0,0.0,0.3247,-0.7,03:11,0.3437,0.2847,0.0,,,0.0103,0.0,0.0,0.0,0.0
1964206.48477,665,9,14,0665-09-14,0,1.4626,1.4848,4065.5,40.0,0.0,,,0.0,0.0,0.0,,,0.0,0.0,0.0,,,0.0,0.0,0.0,,,0.0,0.0,0.0,,,0.0,0.0,0.0,,,0.0,0.0,0.0,,,0.0,0.0,0.0,,,0.0,0.0,0.0,0.0,0.0
1964235.89793,665,10,14,0665-10-14,2,-1.1813,1.178,4065.5,40.0,0.0,,,0.0,0.0,0.0,,,0.0,0.0,0.0,,,0.0,0.0,0.0,,,0.0,0.0,0.0,,,0.0,0.0,0.0,,,0.0,0.0,0.0,,,0.0,0.0,0.0,,,0.0,0.0,0.0,0.0,0.0
1964384.20791,666,3,11,0666-03-11,3,-0.8185,0.7339,4056.7,40.0,0.0,,,0.0,0.0,0.0,,,0.0,0.0,0.0,,,0.0,0.0,0.0,,,0.0,0.0,0.0,,,0.0,0.0,0.0,,,0.0,0.0,0.0,,,0.0,0.0,0.0,,,0.0,0.0,0.0,0.0,0.0
1964561.17305,666,9,4,0666-09-04,5,0.7744,0.7858,4056.7,40.0,0.9076,33.2,14:55,0.9211,0.8954,0.8911,31.9,14:53,0.9029,0.8788,0.93,34.3,14:57,0.9435,0.9168,0.895,32.3,14:57,0.9086,0.8834,0.8529,30.0,14:59,0.8646,0.8414,0.8276,21.9,15:31,0.8373,0.8177,0.7414,8.6,15:37,0.7462,0.7368,0.8642,4.1,15:53,0.8681,0.8607,0.93,0.9435,0.9168
1964738.22999,667,2,28,0667-02-28,0,-0.087,0.0797,4047.8,40.0,0.0654,-0.8,18:07,0.0654,0.0603,0.011,-0.8,18:03,0.0115,0.0033,0.0901,-0.5,18:11,0.0928,0.086,0.0555,-0.9,18:03,0.0572,0.0453,0.0,,,0.0127,0.0,0.0,,,0.0,0.0,0.0,,,0.0,0.0,0.0,,,0.0,0.0,0.0901,0.0928,0.086
1964915.76892,667,8,25,0667-08-25,3,0.059,0.0574,4047.8,40.0,0.0,,,0.0,0.0,0.0,,,0.0,0.0,0.0,,,0.0,0.0,0.0,,,0.0,0.0,0.0,,,0.0,0.0,0.0071,-0.7,04:29,0.0997,0.0,0.6587,1.3,03:35,0.6651,0.6522,0.9589,-0.8,03:31,0.9663,0.8936,0.0,0.0,0.0
1965092.50166,668,2,18,0668-02-18,5,0.637,0.6149,4039.0,40.0,0.0,,,0.0,0.0,0.0,,,0.0,0.0,0.0,,,0.0,0.0,0.0,,,0.0,0.0,0.0,,,0.0,0.0,0.0,,,0.0,0.0,0.0,,,0.0,0.0,0.0,,,0.0,0.0,0.0,0.0,0.0
1965270.10494,668,8,13,0668-08-13,0,-0.7205,0.6641,4039.0,40.0,0.0,,,0.0,0.0,0.0,,,0.0,0.0,0.0,,,0.0,0.0,0.0,,,0.0,0.0,0.0,,,0.0,0.0,0.0,,,0.0,0.0,0.0,,,0.0,0.0,0.0,,,0.0,0.0,0.0,0.0,0.0
1965417.62696,669,1,8,0669-01-08,1,-1.361,1.3904,4030.2,40.0,0.0,,,0.0,0.0,0.0,,,0.0,0.0,0.0,,,0.0,0.0,0.0,,,0.0,0.0,0.0,,,0.0,0.0,0.0,,,0.0,0.0,0.0,,,0.0,0.0,0.0,,,0.0,0.0,0.0,0.0,0.0
1965447.04924,669,2,6,0669-02-06,2,1.2957,1.3105,4030.2,40.0,0.1765,21.2,12:35,0.1892,0.1637,0.1924,19.3,12:37,0.2044,0.1803,0.1803,22.2,12:33,0.1931,0.1673,0.1695,20.9,12:35,0.1822,0.1567,0.1293,20.5,12:41,0.1425,0.116,0.0,,,0.0,0.0,0.0,,,0.0,0.0,0.0,,,0.0,0.0,0.1924,0.2044,0.1803
1965594.53182,669,7,4,0669-07-04,3,1.3866,1.2486,4030.2,40.0,0.0,,,0.0,0.0,0.0,,,0.0,0.0,0.0,,,0.0,0.0,0.0,,,0.0,0.0,0.0,,,0.0,0.0,0.0,,,0.0,0.0,0.0,,,0.0,0.0,0.0,,,0.0,0.0,0.0,0.0,0.0
1965624.17072,669,8,2,0669-08-02,4,-1.4859,1.3326,4030.2,40.0,0.0,,,0.0,0.0,0.0,,,0.0,0.0,0.0,,,0.0,0.0,0.0,,,0.0,0.0,0.0,,,0.0,0.0,0.0,,,0.0,0.0,0.0,,,0.0,0.0,0.0,,,0.0,0.0,0.0,0.0,0.0
1965772.27028,669,12,28,0669-12-28,5,-0.7207,0.7228,4030.2,40.0,0.0,,,0.0,0.0,0.0,,,0.0,0.0,0.0,,,0.0,0.0,0.0,,,0.0,0.0,0.0,,,0.0,0.0,0.0,,,0.0,0.0,0.0,,,0.0,0.0,0.0,,,0.0,0.0,0.0,0.0,0.0
1965948.68456,670,6,23,0670-06-23,0,0.5855,0.5483,4021.4,40.0,0.0,,,0.0,0.0,0.0,,,0.0,0.0,0.0,,,0.0,0.0,0.0,,,0.0,0.0,0.0,,,0.0,0.0,0.0,,,0.0,0.0,0.3543,-0.7,02:30,0.4503,0.2914,0.0,,,0.0,0.0,0.0,0.0,0.0
1966126.7406,670,12,18,0670-12-18,3,-0.0414,0.0394,4021.4,40.0,0.0,,,0.0,0.0,0.0,,,0.0,0.0,0.0,,,0.0,0.0,0.0,,,0.0,0.0,0.0,,,0.0,0.0,0.0,,,0.0,0.0,0.0,,,0.0,0.0,0.0,,,0.0,0.0,0.0,0.0,0.0
1966303.13834,671,6,12,0671-06-12,4,-0.2091,0.2067,4012.6,40.0,0.0,,,0.0,0.0,0.0,,,0.0,0.0,0.0,,,0.0,0.0,0.0,,,0.0,0.0,0.0,,,0.0,0.0,0.0,,,0.0,0.0,0.0,,,0.0,0.0,0.0,,,0.0,0.0,0.0,0.0,0.0
1966480.90837,671,12,7,0671-12-07,0,0.6735,0.6108,4012.6,40.0,0.121,-0.9,08:39,0.174,0.0443,0.0154,-0.8,08:51,0.0688,0.0,0.0978,-0.8,08:39,0.1517,0.0201,0.1541,-0.9,08:37,0.2064,0.0782,0.3342,-0.8,08:23,0.401,0.2854,0.7619,8.1,07:29,0.7727,0.751,0.6485,19.6,07:53,0.6567,0.6405,0.8083,27.7,07:47,0.8182,0.7985,0.1541,0.2064,0.0782
1966657.81276,672,6,1,0672-06-01,2,-0.9405,0.9587,4003.8,40.0,0.0,,,0.0,0.0,0.0,,,0.0,0.0,0.0,,,0.0,0.0,0.0,,,0.0,0.0,0.0,,,0.0,0.0,0.0,,,0.0,0.0,0.0,,,0.0,0.0,0.0,,,0.0,0.0,0.0,0.0,0.0
1966834.87098,672,11,25,0672-11-25,4,1.3494,1.2128,4003.8,40.0,0.0,,,0.0,0.0,0.0,,,0.0,0.0,0.0,,,0.0,0.0,0.0,,,0.0,0.0,0.0,,,0.0,0.0,0.0,,,0.0,0.0,0.0,,,0.0,0.0,0.0,,,0.0,0.0,0.0,0.0,0.0
1966983.18476,673,4,22,0673-04-22,5,0.8713,0.8563,3995.0,40.0,0.4609,26.6,16:33,0.4634,0.4586,0.5124,26.2,16:31,0.5148,0.5105,0.4316,27.7,16:33,0.4339,0.4293,0.4709,26.0,16:33,0.4734,0.4684,0.4885,23.3,16:35,0.4916,0.4853,0.1995,10.5,16:57,0.2063,0.1927,0.2668,-0.7,16:51,0.2694,0.2602,0.0,,,0.0,0.0,0.5124,0.5148,0.5105
1967159.33103,673,10,15,0673-10-15,6,-0.9131,0.8771,3995.0,40.0,0.0,,,0.0,0.0,0.0,,,0.0,0.0,0.0,,,0.0,0.0,0.0,,,0.0,0.0,0.0,,,0.0,0.0,0.0,,,0.0,0.0,0.0,,,0.0,0.0,0.0,,,0.0,0.0,0.0,0.0,0.0
1967337.5918,674,4,12,0674-04-12,3,0.1293,0.1203,3986.3,40.0,0.0,,,0.0,0.0,0.0,,,0.0,0.0,0.0,,,0.0,0.0,0.0,,,0.0,0.0,0.0,,,0.0,0.0,0.0,,,0.0,0.0,0.0,,,0.0,0.0,0.0,,,0.0,0.0,0.0,0.0,0.0
1967513.85618,674,10,5,0674-10-05,4,-0.1756,0.177,3986.3,40.0,0.0,,,0.0,0.0,0.0,,,0.0,0.0,0.0,,,0.0,0.0,0.0,,,0.0,0.0,0.0,,,0.0,0.0,0.0,,,0.0,0.0,0.0,,,0.0,0.0,0.0886,22.3,05:50,0.0985,0.0783,0.0,0.0,0.0
1967691.69894,675,4,1,0675-04-01,0,-0.6331,0.5688,3977.5,40.0,0.0,,,0.0,0.0,0.0,,,0.0,0.0,0.0,,,0.0,0.0,0.0,,,0.0,0.0,0.0,,,0.0,0.0,0.0,,,0.0,0.0,0.0,,,0.0,0.0,0.0,,,0.0,0.0,0.0,0.0,0.0
1967868.52773,675,9,25,0675-09-25,2,0.5165,0.5265,3977.5,40.0,0.0,,,0.0,0.0,0.0,,,0.0,0.0,0.0,,,0.0,0.0,0.0,,,0.0,0.0,0.0,,,0.0,0.0,0.0,,,0.0,0.0,0.0,,,0.0,0.0,0.0,,,0.0,0.0,0.0,0.0,0.0
1968016.06756,676,2,19,0676-02-19,2,1.5399,1.4291,3968.7,40.0,0.0,,,0.0,0.0,0.0,,,0.0,0.0,0.0,,,0.0,0.0,0.0,,,0.0,0.0,0.0,,,0.0,0.0,0.0,,,0.0,0.0,0.0,,,0.0,0.0,0.0,,,0.0,0.0,0.0,0.0,0.0
1968045.70862,676,3,20,0676-03-20,4,-1.3481,1.2237,3968.7,40.0,0.0,,,0.0,0.0,0.0,,,0.0,0.0,0.0,,,0.0,0.0,0.0,,,0.0,0.0,0.0,,,0.0,0.0,0.0,,,0.0,0.0,0.0,,,0.0,0.0,0.0,,,0.0,0.0,0.0,0.0,0.0
1968193.69959,676,8,15,0676-08-15,5,-1.4447,1.3832,3968.7,40.0,0.0,,,0.0,0.0,0.0,,,0.0,0.0,0.0,,,0.0,0.0,0.0,,,0.0,0.0,0.0,,,0.0,0.0,0.0,,,0.0,0.0,0.0,,,0.0,0.0,0.0,,,0.0,0.0,0.0,0.0,0.0
1968223.15057,676,9,13,0676-09-13,6,1.2511,1.2323,3968.7,40.0,0.265,30.8,14:42,0.2732,0.2566,0.2899,29.4,14:40,0.2977,0.282,0.2431,31.9,14:44,0.2518,0.2345,0.275,30.2,14:42,0.2832,0.267,0.305,27.8,14:46,0.3123,0.2973,0.2137,20.8,15:20,0.2197,0.2073,0.2579,7.7,15:26,0.2605,0.255,0.0817,3.9,15:42,0.0837,0.0794,0.2899,0.2977,0.282
1968370.42223,677,2,7,0677-02-07,6,0.763,0.7484,3960.0,40.0,0.0,,,0.0,0.0,0.0,,,0.0,0.0,0.0,,,0.0,0.0,0.0,,,0.0,0.0,0.0,,,0.0,0.0,0.0,,,0.0,0.0,0.0,,,0.0,0.0,0.0,,,0.0,0.0,0.0,0.0,0.0
1968547.9529,677,8,4,0677-08-04,2,-0.7475,0.6807,3960.0,40.0,0.0,,,0.0,0.0,0.0,,,0.0,0.0,0.0,,,0.0,0.0,0.0,,,0.0,0.0,0.0,,,0.0,0.0,0.0,,,0.0,0.0,0.0,,,0.0,0.0,0.0,,,0.0,0.0,0.0,0.0,0.0
1968725.01948,678,1,28,0678-01-28,4,0.0472,0.0481,3951.2,40.0,0.0,,,0.0,0.0,0.0,,,0.0,0.0,0.0,,,0.0,0.0,0.0,,,0.0,0.0,0.0,,,0.0,0.0,0.0,,,0.0,0.0,0.0,,,0.0,0.0,0.0,,,0.0,0.0,0.0,0.0,0.0
1968901.98184,678,7,24,0678-07-24,6,-0.0016,0.0014,3951.2,40.0,0.0,,,0.0024,0.0,0.0,,,0.0,0.0,0.0189,41.3,09:31,0.0229,0.0146,0.0,,,0.0,0.0,0.0,,,0.0,0.0,0.3581,61.6,09:49,0.3582,0.3575,0.3325,68.5,10:23,0.3395,0.325,0.595,76.7,10:33,0.6047,0.5847,0.0189,0.0229,0.0146
1969079.68152,679,1,18,0679-01-18,2,-0.6335,0.6407,3942.5,40.0,0.0,,,0.0,0.0,0.0,,,0.0,0.0,0.0,,,0.0,0.0,0.0,,,0.0,0.0,0.0,,,0.0,0.0,0.0,,,0.0,0.0,0.0,,,0.0,0.0,0.0,,,0.0,0.0,0.0,0.0,0.0
1969256.07877,679,7,13,0679-07-13,3,0.7529,0.6972,3942.5,40.0,0.6054,57.3,12:49,0.6088,0.6024,0.6567,55.3,12:49,0.6599,0.6538,0.5755,58.4,12:49,0.5787,0.5727,0.616,56.9,12:51,0.6196,0.6128,0.6375,55.5,12:59,0.6421,0.6331,0.3995,53.0,13:41,0.4108,0.3883,0.5384,37.4,14:01,0.551,0.526,0.3348,32.2,14:21,0.3493,0.3205,0.6567,0.6599,0.6538
1969404.59705,679,12,9,0679-12-09,5,1.5073,1.4116,3942.5,40.0,0.0,,,0.0,0.0,0.0,,,0.0,0.0,0.0,,,0.0,0.0,0.0,,,0.0,0.0,0.0,,,0.0,0.0,0.0,,,0.0,0.0,0.0,,,0.0,0.0,0.0,,,0.0,0.0,0.0,0.0,0.0
1969434.21254,680,1,7,0680-01-07,6,-1.3668,1.319,3933.7,40.0,0.0,,,0.0,0.0,0.0,,,0.0,0.0,0.0,,,0.0,0.0,0.0,,,0.0,0.0,0.0,,,0.0,0.0,0.0,,,0.0,0.0,0.0,,,0.0,0.0,0.0,,,0.0,0.0,0.0,0.0,0.0
1969581.12816,680,6,2,0680-06-02,6,-1.1079,1.1091,3933.7,40.0,0.0,,,0.0,0.0,0.0,,,0.0,0.0,0.0,,,0.0,0.0,0.0,,,0.0,0.0,0.0,,,0.0,0.0,0.0,,,0.0,0.0,0.0,,,0.0,0.0,0.0,,,0.0,0.0,0.0,0.0,0.0
1969610.46521,680,7,1,0680-07-01,0,1.4605,1.4279,3933.7,40.0,0.0,,,0.0,0.0,0.0,,,0.0,0.0,0.0,,,0.0,0.0,0.0,,,0.0,0.0,0.0,,,0.0,0.0,0.0,,,0.0,0.0,0.0,,,0.0,0.0,0.0,,,0.0,0.0,0.0,0.0,0.0
1969758.68373,680,11,27,0680-11-27,2,0.8736,0.7862,3933.7,40.0,0.0,,,0.0,0.0,0.0,,,0.0,0.0,0.0,,,0.0,0.0,0.0,,,0.0,0.0,0.0,,,0.0,0.0,0.0,,,0.0,0.0,0.0,,,0.0,0.0,0.0,,,0.0,0.0,0.0,0.0,0.0
1969935.83187,681,5,23,0681-05-23,4,-0.3541,0.3612,3925.0,40.0,0.0,,,0.0,0.0,0.0,,,0.0,0.0,0.0,,,0.0,0.0,0.0,,,0.0,0.0,0.0,,,0.0,0.0,0.0,,,0.0,0.0,0.0,,,0.0,0.0,0.0,,,0.0,0.0,0.0,0.0,0.0
1970112.64375,681,11,16,0681-11-16,6,0.1936,0.1752,3925.0,40.0,0.0,,,0.0,0.0,0.0,,,0.0,0.0,0.0,,,0.0,0.0,0.0,,,0.0,0.0,0.0,,,0.0,0.0,0.0,,,0.0,0.0,0.0,,,0.0,0.0,0.0,,,0.0,0.0,0.0,0.0,0.0
1970290.51636,682,5,13,0682-05-13,2,0.3962,0.3935,3916.3,40.0,0.0,,,0.0,0.0,0.0,,,0.0,0.0,0.0,,,0.0,0.0,0.0,,,0.0,0.0,0.0,,,0.0,0.0,0.0,,,0.0,0.0,0.0,,,0.0,0.0,0.0,,,0.0,0.0,0.0,0.0,0.0
1970466.79463,682,11,5,0682-11-05,3,-0.5055,0.4791,3916.3,40.0,0.0,,,0.0,0.0,0.0,,,0.0,0.0,0.0,,,0.0,0.0,0.0,,,0.0,0.0,0.0,,,0.0,0.0,0.0,,,0.0,0.0,0.0,,,0.0,0.0,0.0,,,0.0,0.0,0.0,0.0,0.0
1970644.99353,683,5,2,0683-05-02,6,1.207,1.1365,3907.5,40.0,0.0306,46.8,10:35,0.0443,0.017,0.056,45.8,10:41,0.0689,0.0431,0.031,46.8,10:33,0.045,0.0169,0.0244,47.0,10:37,0.0379,0.0109,0.0,,,0.0,0.0,0.0,,,0.0,0.0,0.0,,,0.0,0.0,0.0,,,0.0,0.0,0.056,0.0689,0.0431
1970791.82936,683,9,26,0683-09-26,6,1.4916,1.5163,3907.5,40.0,0.0,,,0.0,0.0,0.0,,,0.0,0.0,0.0,,,0.0,0.0,0.0,,,0.0,0.0,0.0,,,0.0,0.0,0.0,,,0.0,0.0,0.0,,,0.0,0.0,0.0,,,0.0,0.0,0.0,0.0,0.0
1970821.2529,683,10,25,0683-10-25,0,-1.1629,1.1625,3907.5,40.0,0.0,,,0.0,0.0,0.0,,,0.0,0.0,0.0,,,0.0,0.0,0.0,,,0.0,0.0,0.0,,,0.0,0.0,0.0,,,0.0,0.0,0.0,,,0.0,0.0,0.0,,,0.0,0.0,0.0,0.0,0.0
1970969.50136,684,3,22,0684-03-22,2,-0.8736,0.7832,3898.8,40.0,0.0,,,0.0,0.0,0.0,,,0.0,0.0,0.0,,,0.0,0.0,0.0,,,0.0,0.0,0.0,,,0.0,0.0,0.0,,,0.0,0.0,0.0,,,0.0,0.0,0.0,,,0.0,0.0,0.0,0.0,0.0
1971146.51103,684,9,15,0684-09-15,4,0.8146,0.8256,3898.8,40.0,0.0,,,0.0,0.0,0.0,,,0.0,0.0,0.0,,,0.0,0.0,0.0,,,0.0,0.0,0.0,,,0.0,0.0,0.0,,,0.0,0.0,0.0,,,0.0,0.0,0.0,,,0.0,0.0,0.0,0.0,0.0
1971323.5384,685,3,11,0685-03-11,6,-0.1315,0.1207,3890.1,40.0,0.0,,,0.0,0.0,0.0,,,0.0,0.0,0.0,,,0.0,0.0,0.0,,,0.0,0.0,0.0,,,0.0,0.0,0.0,,,0.0,0.0,0.0,,,0.0,0.0,0.0,,,0.0,0.0,0.0,0.0,0.0
1971501.08957,685,9,4,0685-09-04,1,0.1072,0.104,3890.1,40.0,0.0098,41.9,12:12,0.0243,0.0,0.0,,,0.0,0.0,0.0437,42.9,12:12,0.0585,0.0287,0.0,,,0.0075,0.0,0.0,,,0.0,0.0,0.0,,,0.0,0.0,0.0,,,0.0,0.0,0.0,,,0.0,0.0,0.0437,0.0585,0.0287
1971677.83371,686,2,28,0686-02-28,3,0.6025,0.5834,3881.4,40.0,0.1202,-0.7,07:13,0.1754,0.0787,0.1505,-0.9,07:13,0.185,0.0928,0.0609,-0.7,07:17,0.1236,0.0151,0.1623,-0.7,07:09,0.2109,0.1246,0.2703,-0.7,06:53,0.2869,0.2518,0.3782,6.2,06:21,0.3789,0.3779,0.4328,20.1,06:33,0.4399,0.4264,0.5535,21.7,06:15,0.5603,0.5472,0.1623,0.2109,0.1246
1971855.40115,686,8,24,0686-08-24,5,-0.6622,0.6087,3881.4,40.0,0.0,,,0.0,0.0,0.0,,,0.0,0.0,0.0,,,0.0,0.0,0.0,,,0.0,0.0,0.0,,,0.0,0.0,0.0,,,0.0,0.0,0.0,,,0.0,0.0,0.0,,,0.0,0.0,0.0,0.0,0.0
1972002.99136,687,1,19,0687-01-19,6,-1.3699,1.3997,3872.7,40.0,0.0,,,0.0,0.0,0.0,,,0.0,0.0,0.0,,,0.0,0.0,0.0,,,0.0,0.0,0.0,,,0.0,0.0,0.0,,,0.0,0.0,0.0,,,0.0,0.0,0.0,,,0.0,0.0,0.0,0.0,0.0
1972032.39888,687,2,17,0687-02-17,0,1.2698,1.2862,3872.7,40.0,0.0,,,0.0,0.0,0.0,,,0.0,0.0,0.0,,,0.0,0.0,0.0,,,0.0,0.0,0.0,,,0.0,0.0,0.0,,,0.0,0.0,0.0,,,0.0,0.0,0.0,,,0.0,0.0,0.0,0.0,0.0
1972179.80285,687,7,15,0687-07-15,1,1.4657,1.3216,3872.7,40.0,0.0,,,0.0,0.0,0.0,,,0.0,0.0,0.0,,,0.0,0.0,0.0,,,0.0,0.0,0.0,,,0.0,0.0,0.0,,,0.0,0.0,0.0,,,0.0,0.0,0.0,,,0.0,0.0,0.0,0.0,0.0
1972209.45136,687,8,13,0687-08-13,2,-1.4179,1.2713,3872.7,40.0,0.0,,,0.0,0.0,0.0,,,0.0,0.0,0.0,,,0.0,0.0,0.0,,,0.0,0.0,0.0,,,0.0,0.0,0.0,,,0.0,0.0,0.0,,,0.0,0.0,0.0,,,0.0,0.0,0.0,0.0,0.0
1972357.63392,688,1,9,0688-01-09,4,-0.7278,0.7283,3864.1,40.0,0.0,,,0.0,0.0,0.0,,,0.0,0.0,0.0,,,0.0,0.0,0.0,,,0.0,0.0,0.0,,,0.0,0.0,0.0,,,0.0,0.0,0.0,,,0.0,0.0,0.0,,,0.0,0.0,0.0,0.0,0.0
1972533.97008,688,7,3,0688-07-03,5,0.663,0.623,3864.1,40.0,0.6941,41.5,09:08,0.6987,0.6895,0.744,41.4,09:12,0.7487,0.7402,0.6727,40.8,09:06,0.6781,0.6676,0.6986,42.2,09:10,0.7031,0.6941,0.694,44.8,09:14,0.6975,0.691,0.2983,61.7,09:30,0.2994,0.298,0.3426,72.0,10:12,0.3529,0.333,0.0727,79.7,10:30,0.087,0.0591,0.744,0.7487,0.7402
1972712.09374,688,12,28,0688-12-28,1,-0.0446,0.0423,3864.1,40.0,0.0,,,0.0,0.0,0.0,,,0.0,0.0,0.0,,,0.0,0.0,0.0,,,0.0,0.0,0.0,,,0.0,0.0,0.0,,,0.0,0.0,0.0,,,0.0,0.0,0.1684,0.9,15:02,0.1833,0.1533,0.0,0.0,0.0
1972888.44052,689,6,22,0689-06-22,2,-0.1321,0.131,3855.4,40.0,0.0,,,0.0,0.0,0.0,,,0.0,0.0,0.0,,,0.0,0.0,0.0,,,0.0,0.0,0.0,,,0.0,0.0,0.0,,,0.0,0.0,0.0,,,0.0,0.0,0.0,,,0.0,0.0,0.0,0.0,0.0
1973066.24716,689,12,17,0689-12-17,5,0.6699,0.6065,3855.4,40.0,0.0,,,0.0,0.0,0.0,,,0.0,0.0,0.0,,,0.0,0.0,0.0,,,0.0,0.0,0.0,,,0.0,0.0,0.0,,,0.0,0.0,0.0,,,0.0,0.0,0.0,,,0.0,0.0,0.0,0.0,0.0
1973243.12285,690,6,12,0690-06-12,0,-0.8663,0.8836,3846.7,40.0,0.0,,,0.0,0.0,0.0,,,0.0,0.0,0.0,,,0.0,0.0,0.0,,,0.0,0.0,0.0,,,0.0,0.0,0.0,,,0.0,0.0,0.0,,,0.0,0.0,0.0,,,0.0,0.0,0.0,0.0,0.0
1973420.20675,690,12,6,0690-12-06,2,1.3429,1.2081,3846.7,40.0,0.0,,,0.0,0.0,0.0,,,0.0,0.0,0.0,,,0.0279,0.0,0.0,,,0.0,0.0,0.0,,,0.0,0.0,0.0,,,0.0,0.0,0.0,,,0.0,0.0,0.0,,,0.0,0.0,0.0,0.0279,0.0
1973568.49168,691,5,3,0691-05-03,3,0.9414,0.9222,3838.1,40.0,0.0,,,0.0,0.0,0.0,,,0.0,0.0,0.0,,,0.0,0.0,0.0,,,0.0,0.0,0.0,,,0.0,0.0,0.0,,,0.0,0.0,0.0,,,0.0,0.0,0.0,,,0.0,0.0,0.0,0.0,0.0
1973744.67708,691,10,27,0691-10-27,5,-0.925,0.8913,3838.1,40.0,0.0,,,0.0,0.0,0.0,,,0.0,0.0,0.0,,,0.0,0.0,0.0,,,0.0,0.0,0.0,,,0.0,0.0,0.0,,,0.0,0.0,0.0,,,0.0,0.0,0.0,,,0.0,0.0,0.0,0.0,0.0
1973922.88495,692,4,22,0692-04-22,1,0.1972,0.183,3829.4,40.0,0.0,,,0.0,0.0,0.0,,,0.0,0.0,0.0,,,0.0,0.0,0.0,,,0.0,0.0,0.0,,,0.0,0.0,0.1171,34.7,07:26,0.1285,0.106,0.2962,49.5,07:44,0.3095,0.283,0.5112,51.6,07:28,0.5269,0.4956,0.0,0.0,0.0
1974099.20878,692,10,15,0692-10-15,2,-0.1958,0.1978,3829.4,40.0,0.0,,,0.0,0.0,0.0,,,0.0,0.0,0.0,,,0.0,0.0,0.0,,,0.0,0.0,0.0,,,0.0,0.0,0.0,,,0.0,0.0,0.0,,,0.0,0.0,0.0,,,0.0,0.0,0.0,0.0,0.0
1974276.98323,693,4,11,0693-04-11,5,-0.5679,0.5099,3820.8,40.0,0.0,,,0.0,0.0,0.0,,,0.0,0.0,0.0,,,0.0,0.0,0.0,,,0.0,0.0,0.0,,,0.0,0.0,0.0,,,0.0,0.0,0.0,,,0.0,0.0,0.0,,,0.0,0.0,0.0,0.0,0.0
1974453.87706,693,10,5,0693-10-05,0,0.4904,0.4996,3820.8,40.0,0.7766,-0.7,06:43,0.8032,0.7357,0.7427,-0.9,06:43,0.7512,0.6968,0.7413,-0.7,06:47,0.8089,0.6836,0.7927,-0.8,06:39,0.7951,0.7543,0.7754,1.3,06:37,0.7792,0.7713,0.9564,13.0,06:31,0.964,0.9476,0.9909,26.3,06:43,1.0437,0.9786,0.7776,32.4,06:43,0.7909,0.7649,0.7927,0.8089,0.7543
1974631.00264,694,3,31,0694-03-31,2,-1.2894,1.1729,3812.1,40.0,0.0,,,0.0,0.0,0.0,,,0.0,0.0,0.0,,,0.0,0.0,0.0,,,0.0,0.0,0.0,,,0.0,0.0,0.0,,,0.0,0.0,0.0,,,0.0,0.0,0.0,,,0.0,0.0,0.0,0.0,0.0
1974779.01027,694,8,26,0694-08-26,3,-1.5016,1.433,3812.1,40.0,0.0,,,0.0,0.0,0.0,,,0.0,0.0,0.0,,,0.0,0.0,0.0,,,0.0,0.0,0.0,,,0.0,0.0,0.0,,,0.0,0.0,0.0,,,0.0,0.0,0.0,,,0.0,0.0,0.0,0.0,0.0
1974808.48529,694,9,24,0694-09-24,4,1.2217,1.1999,3812.1,40.0,0.0,,,0.0,0.0,0.0,,,0.0,0.0,0.0,,,0.0,0.0,0.0,,,0.0,0.0,0.0,,,0.0,0.0,0.0,,,0.0,0.0,0.0,,,0.0,0.0,0.0,,,0.0,0.0,0.0,0.0,0.0
1974955.76351,695,2,19,0695-02-19,5,0.7864,0.7735,3803.5,40.0,0.0,,,0.0,0.0,0.0,,,0.0,0.0,0.0,,,0.0,0.0,0.0,,,0.0,0.0,0.0,,,0.0,0.0,0.0,,,0.0,0.0,0.4126,-0.7,04:52,0.5127,0.344,0.3994,-0.6,04:38,0.4994,0.3306,0.0,0.0,0.0
1975133.2408,695,8,15,0695-08-15,0,-0.8143,0.74,3803.5,40.0,0.0,,,0.0,0.0,0.0,,,0.0,0.0,0.0,,,0.0,0.0,0.0,,,0.0,0.0,0.0,,,0.0,0.0,0.0,,,0.0,0.0,0.0,,,0.0,0.0,0.0,,,0.0,0.0,0.0,0.0,0.0
1975310.37477,696,2,8,0696-02-08,2,0.0666,0.0678,3794.9,40.0,0.0,,,0.0,0.0,0.0,,,0.0,0.0,0.0,,,0.0,0.0,0.0,,,0.0,0.0,0.0,,,0.0,0.0,0.0,,,0.0,0.0,0.0,,,0.0,0.0,0.0,,,0.0,0.0,0.0,0.0,0.0
1975487.2594,696,8,3,0696-08-03,4,-0.0758,0.0681,3794.9,40.0,0.0,,,0.0,0.0,0.0,,,0.0,0.0,0.0,,,0.0,0.0,0.0,,,0.0,0.0,0.0,,,0.0,0.0,0.0,,,0.0,0.0,0.0,,,0.0,0.0,0.0,,,0.0,0.0,0.0,0.0,0.0
1975665.04051,697,1,28,0697-01-28,0,-0.6217,0.6276,3786.2,40.0,0.0,,,0.0,0.0,0.0,,,0.0,0.0,0.0,,,0.0,0.0,0.0,,,0.0,0.0,0.0,,,0.0,0.0,0.0,,,0.0,0.0,0.0,,,0.0,0.0,0.0,,,0.0,0.0,0.0,0.0,0.0
1975841.36505,697,7,23,0697-07-23,1,0.6759,0.6279,3786.2,40.0,0.5545,0.3,20:26,0.5593,0.5504,0.5381,1.7,20:22,0.5422,0.5339,0.5683,0.1,20:28,0.5732,0.5639,0.5488,0.2,20:24,0.553,0.5445,0.5279,-0.9,20:18,0.5364,0.5014,0.0,,,0.0,0.0,0.0,,,0.0,0.0,0.0,,,0.0,0.0,0.5683,0.5732,0.5639
1975989.94589,697,12,19,0697-12-19,3,1.5144,1.4144,3786.2,40.0,0.0,,,0.0,0.0,0.0,,,0.0,0.0,0.0,,,0.0,0.0,0.0,,,0.0,0.0,0.0,,,0.0,0.0,0.0,,,0.0,0.0,0.0,,,0.0,0.0,0.0,,,0.0,0.0,0.0,0.0,0.0
1976019.56409,698,1,18,0698-01-18,5,-1.3623,1.3106,3777.6,40.0,0.0,,,0.0,0.0,0.0,,,0.0,0.0,0.0,,,0.0,0.0,0.0,,,0.0,0.0,0.0,,,0.0,0.0,0.0,,,0.0,0.0,0.0,,,0.0,0.0,0.0,,,0.0,0.0,0.0,0.0,0.0
1976166.43334,698,6,13,0698-06-13,4,-1.1792,1.1834,3777.6,40.0,0.0,,,0.0,0.0,0.0,,,0.0,0.0,0.0,,,0.0,0.0,0.0,,,0.0,0.0,0.0,,,0.0,0.0,0.0,,,0.0,0.0,0.0,,,0.0,0.0,0.0,,,0.0,0.0,0.0,0.0,0.0
1976195.76736,698,7,13,0698-07-13,6,1.3851,1.3587,3777.6,40.0,0.0,,,0.0,0.0,0.0,,,0.0021,0.0,0.0,,,0.0,0.0,0.0,,,0.0,0.0,0.0,,,0.0,0.0,0.0,,,0.0,0.0,0.0,,,0.0,0.0,0.0,,,0.0,0.0,0.0,0.0021,0.0
1976344.01976,698,12,8,0698-12-08,0,0.8801,0.7913,3777.6,40.0,0.9078,9.3,10:37,0.9079,0.9077,0.9074,7.6,10:37,0.9075,0.9073,0.9079,9.8,10:35,0.908,0.9078,0.9078,9.4,10:39,0.9079,0.9077,0.9,10.1,10:41,0.9079,0.8917,0.9116,25.1,11:09,0.9116,0.9116,0.9018,21.3,11:47,0.9027,0.9011,0.8692,28.1,12:01,0.8715,0.8661,0.9079,0.908,0.9078
1976521.14216,699,6,3,0699-06-03,2,-0.4292,0.4376,3769.0,40.0,0.0,,,0.0,0.0,0.0,,,0.0,0.0,0.0,,,0.0,0.0,0.0,,,0.0,0.0,0.0,,,0.0,0.0,0.0,,,0.0,0.0,0.0,,,0.0,0.0,0.0,,,0.0,0.0,0.0,0.0,0.0
1976697.98085,699,11,27,0699-11-27,4,0.2003,0.1815,3769.0,40.0,0.0263,3.1,09:01,0.0375,0.015,0.0,,,0.0033,0.0,0.0555,3.0,08:59,0.067,0.0439,0.0125,3.5,09:03,0.0237,0.0012,0.0,,,0.0,0.0,0.0256,21.4,09:09,0.0411,0.0102,0.0,,,0.0,0.0,0.0,,,0.0,0.0,0.0555,0.067,0.0439
1976875.82121,700,5,23,0700-05-23,0,0.3232,0.3201,3760.4,30.0,0.0,,,0.0,0.0,0.0,,,0.0,0.0,0.0,,,0.0,0.0,0.0,,,0.0,0.0,0.0,,,0.0,0.0,0.2004,21.8,05:47,0.2128,0.1881,0.398,34.9,05:51,0.4136,0.3825,0.5796,31.9,05:35,0.597,0.5624,0.0,0.0,0.0
1977052.14393,700,11,15,0700-11-15,1,-0.4962,0.4717,3760.4,30.0,0.0,,,0.0,0.0,0.0,,,0.0,0.0,0.0,,,0.0,0.0,0.0,,,0.0,0.0,0.0,,,0.0,0.0,0.0,,,0.0,0.0,0.0,,,0.0,0.0,0.0,,,0.0,0.0,0.0,0.0,0.0
1977230.28325,701,5,12,0701-05-12,4,1.1365,1.0665,3751.8,30.0,0.0,,,0.0,0.0,0.0227,7.7,19:19,0.0309,0.0146,0.0,,,0.0,0.0,0.0,,,0.0028,0.0,0.0292,4.4,19:21,0.0378,0.0207,0.0,,,0.0,0.0,0.0,,,0.0,0.0,0.0,,,0.0,0.0,0.0227,0.0309,0.0146
1977377.17934,701,10,6,0701-10-06,4,1.5148,1.5418,3751.8,30.0,0.0,,,0.0,0.0,0.0,,,0.0,0.0,0.0,,,0.0,0.0,0.0,,,0.0,0.0,0.0,,,0.0,0.0,0.0,,,0.0,0.0,0.0,,,0.0,0.0,0.0,,,0.0,0.0,0.0,0.0,0.0
1977406.6125,701,11,5,0701-11-05,6,-1.1498,1.1519,3751.8,30.0,0.0,,,0.0,0.0,0.0,,,0.0,0.0,0.0,,,0.0,0.0,0.0,,,0.0,0.0,0.0,,,0.0,0.0,0.0,,,0.0,0.0,0.0,,,0.0,0.0,0.0,,,0.0,0.0,0.0,0.0,0.0
1977554.7892,702,4,2,0702-04-02,0,-0.9349,0.8383,3743.2,30.0,0.0,,,0.0,0.0,0.0,,,0.0,0.0,0.0,,,0.0,0.0,0.0,,,0.0,0.0,0.0,,,0.0,0.0,0.0,,,0.0,0.0,0.0,,,0.0,0.0,0.0,,,0.0,0.0,0.0,0.0,0.0
1977731.85385,702,9,26,0702-09-26,2,0.8488,0.859,3743.2,30.0,0.0249,-0.7,06:25,0.0842,0.0,0.0895,-0.7,06:25,0.1496,0.0443,0.0,,,0.0,0.0,0.0757,-0.8,06:21,0.1126,0.0134,0.2039,-0.7,06:05,0.2244,0.1822,0.0,,,0.0,0.0,0.0,,,0.0,0.0,0.0,,,0.0,0.0,0.0895,0.1496,0.0443
1977908.84215,703,3,22,0703-03-22,4,-0.1821,0.1676,3734.7,30.0,0.0,,,0.0,0.0,0.0,,,0.0,0.0,0.0,,,0.0,0.0,0.0,,,0.0,0.0,0.0,,,0.0,0.0,0.0,,,0.0,0.0,0.0,,,0.0,0.0,0.0,,,0.0,0.0,0.0,0.0,0.0
1978086.41492,703,9,15,0703-09-15,6,0.1491,0.1441,3734.7,30.0,0.0,,,0.0,0.0,0.0,,,0.0,0.0,0.0,,,0.0,0.0,0.0,,,0.0,0.0,0.0,,,0.0,0.0,0.0,,,0.0,0.0,0.0,,,0.0,0.0,0.0,,,0.0,0.0,0.0,0.0,0.0
1978263.16127,704,3,10,0704-03-10,1,0.5618,0.5457,3726.1,30.0,0.858,17.2,16:18,0.8664,0.8491,0.9088,16.1,16:18,0.9167,0.9015,0.8397,18.4,16:18,0.8482,0.8306,0.8595,16.6,16:18,0.8681,0.8517,0.843,14.0,16:20,0.8505,0.8362,0.3924,7.2,16:32,0.3971,0.3883,0.19,-0.5,16:08,0.2442,0.1487,0.0,,,0.0,0.0,0.9088,0.9167,0.9015
1978440.70272,704,9,4,0704-09-04,4,-0.6108,0.56,3726.1,30.0,0.0,,,0.0,0.0,0.0,,,0.0,0.0,0.0,,,0.0,0.0,0.0,,,0.0,0.0,0.0,,,0.0,0.0,0.0,,,0.0,0.0,0.0,,,0.0,0.0,0.0,,,0.0,0.0,0.0,0.0,0.0
1978588.35215,705,1,29,0705-01-29,4,-1.3834,1.4135,3717.5,30.0,0.0,,,0.0,0.0,0.0,,,0.0,0.0,0.0,,,0.0,0.0,0.0,,,0.0,0.0,0.0,,,0.0,0.0,0.0,,,0.0,0.0,0.0,,,0.0,0.0,0.0,,,0.0,0.0,0.0,0.0,0.0
1978617.74417,705,2,28,0705-02-28,6,1.2386,1.2563,3717.5,30.0,0.0,,,0.0,0.0,0.0,,,0.0,0.0,0.0,,,0.0,0.0,0.0,,,0.0,0.0,0.0,,,0.0,0.0,0.0,,,0.0,0.0,0.2847,-0.6,04:37,0.3459,0.2367,0.1057,-0.5,04:27,0.1682,0.058,0.0,0.0,0.0
1978765.078,705,7,25,0705-07-25,6,1.5399,1.3906,3717.5,30.0,0.0,,,0.0,0.0,0.0,,,0.0,0.0,0.0,,,0.0,0.0,0.0,,,0.0,0.0,0.0,,,0.0,0.0,0.0,,,0.0,0.0,0.0,,,0.0,0.0,0.0,,,0.0,0.0,0.0,0.0,0.0
1978794.73704,705,8,24,0705-08-24,1,-1.3552,1.2151,3717.5,30.0,0.0,,,0.0,0.0,0.0,,,0.0,0.0,0.0,,,0.0,0.0,0.0,,,0.0,0.0,0.0,,,0.0,0.0,0.0,,,0.0,0.0,0.0,,,0.0,0.0,0.0,,,0.0,0.0,0.0,0.0,0.0
1978942.99409,706,1,19,0706-01-19,2,-0.7389,0.7377,3709.0,30.0,0.0,,,0.0,0.0,0.0,,,0.0,0.0,0.0,,,0.0,0.0,0.0,,,0.0,0.0,0.0,,,0.0,0.0,0.0,,,0.0,0.0,0.0,,,0.0,0.0,0.0,,,0.0,0.0,0.0,0.0,0.0
1979119.25938,706,7,14,0706-07-14,3,0.737,0.6949,3709.0,30.0,0.7945,23.0,17:49,0.8039,0.7853,0.7779,23.3,17:47,0.7869,0.7692,0.8127,23.5,17:51,0.8225,0.8032,0.7853,22.5,17:49,0.7945,0.7763,0.7537,20.1,17:49,0.7622,0.7453,0.7796,4.6,18:07,0.7867,0.7723,0.3867,-0.8,17:31,0.4448,0.2957,0.0,,,0.0,0.0,0.8127,0.8225,0.8032
1979297.44298,707,1,8,0707-01-08,6,-0.0518,0.0491,3700.4,30.0,0.0,,,0.0,0.0,0.0,,,0.0,0.0,0.0,,,0.0,0.0,0.0,,,0.0,0.0,0.0,,,0.0,0.0,0.0,,,0.0,0.0,0.0,,,0.0,0.0,0.0,,,0.0,0.0,0.0,0.0,0.0
1979473.74531,707,7,4,0707-07-04,1,-0.0575,0.0572,3700.4,30.0,0.0,,,0.0,0.0,0.0,,,0.0,0.0,0.0,,,0.0,0.0,0.0,,,0.0,0.0,0.0,,,0.0,0.0,0.0,,,0.0,0.0,0.0,,,0.0,0.0,0.2266,3.1,03:19,0.2404,0.2127,0.0,0.0,0.0
1979651.58357,707,12,29,0707-12-29,4,0.6636,0.6,3700.4,30.0,0.0,,,0.0,0.0,0.0,,,0.0,0.0,0.0,,,0.0,0.0,0.0,,,0.0,0.0,0.0,,,0.0,0.0,0.0,,,0.0,0.0,0.0,,,0.0,0.0,0.0,,,0.0,0.0,0.0,0.0,0.0
1979828.43398,708,6,22,0708-06-22,5,-0.7935,0.8095,3691.9,30.0,0.0,,,0.0,0.0,0.0,,,0.0,0.0,0.0,,,0.0,0.0,0.0,,,0.0,0.0,0.0,,,0.0,0.0,0.0,,,0.0,0.0,0.0,,,0.0,0.0,0.0,,,0.0,0.0,0.0,0.0,0.0
1980005.54222,708,12,17,0708-12-17,1,1.3355,1.2026,3691.9,30.0,0.0,,,0.0,0.0,0.0,,,0.0,0.0,0.0,,,0.0,0.0,0.0,,,0.0,0.0,0.0,,,0.0,0.0,0.0,,,0.0,0.0,0.0,,,0.0,0.0,0.0,,,0.0,0.0,0.0,0.0,0.0
1980153.79462,709,5,14,0709-05-14,2,1.0153,0.9912,3683.4,30.0,0.7741,6.4,05:14,0.7799,0.7679,0.7909,7.6,05:16,0.7967,0.7855,0.7696,5.0,05:12,0.7757,0.7641,0.7725,7.1,05:14,0.7782,0.7663,0.7544,9.5,05:14,0.761,0.7479,0.4954,10.4,04:50,0.5047,0.4859,0.3434,21.5,04:46,0.3549,0.3318,0.1415,17.8,04:32,0.1541,0.1287,0.7909,0.7967,0.7855
1980330.02829,709,11,6,0709-11-06,3,-0.9316,0.9004,3683.4,30.0,0.0,,,0.0,0.0,0.0,,,0.0,0.0,0.0,,,0.0,0.0,0.0,,,0.0,0.0,0.0,,,0.0,0.0,0.0,,,0.0,0.0,0.0,,,0.0,0.0,0.0,,,0.0,0.0,0.0,0.0,0.0
1980508.17122,710,5,3,0710-05-03,6,0.2727,0.2522,3674.9,30.0,0.4441,31.7,16:15,0.4476,0.4403,0.3962,31.2,16:13,0.3995,0.3928,0.4728,32.7,16:15,0.4762,0.4689,0.4338,31.0,16:15,0.4373,0.4298,0.4127,28.3,16:17,0.4168,0.4083,0.6554,15.6,16:39,0.6634,0.6474,0.567,3.0,16:41,0.5757,0.5582,0.7288,-0.6,16:39,0.7882,0.6789,0.4728,0.4762,0.4689
1980684.56728,710,10,27,0710-10-27,1,-0.2092,0.2117,3674.9,30.0,0.0,,,0.0,0.0,0.0,,,0.0,0.0,0.0,,,0.0,0.0,0.0,,,0.0,0.0,0.0,,,0.0,0.0,0.0,,,0.0,0.0,0.0,,,0.0,0.0,0.0,,,0.0,0.0,0.0,0.0,0.0
1980862.26062,711,4,22,0711-04-22,3,-0.4943,0.4435,3666.3,30.0,0.0,,,0.0,0.0,0.0,,,0.0,0.0,0.0,,,0.0,0.0,0.0,,,0.0,0.0,0.0,,,0.0,0.0,0.0,,,0.0,0.0,0.0,,,0.0,0.0,0.0,,,0.0,0.0,0.0,0.0,0.0
1981039.23184,711,10,16,0711-10-16,5,0.4713,0.4797,3666.3,30.0,0.117,1.2,17:06,0.1194,0.1146,0.0975,0.9,17:02,0.0997,0.0954,0.1256,2.2,17:06,0.128,0.1235,0.1156,0.5,17:06,0.1181,0.1131,0.1095,-0.8,16:58,0.1161,0.0887,0.0,,,0.0,0.0,0.0,,,0.0,0.0,0.0,,,0.0,0.0,0.1256,0.128,0.1235
1981216.29145,712,4,10,0712-04-10,0,-1.2236,1.1154,3657.8,30.0,0.0,,,0.0,0.0,0.0,,,0.0,0.0,0.0,,,0.0,0.0,0.0,,,0.0,0.0,0.0,,,0.0,0.0,0.0,,,0.0,0.0,0.0,,,0.0,0.0,0.0,,,0.0,0.0,0.0,0.0,0.0
1981393.82527,712,10,5,0712-10-05,3,1.199,1.1743,3657.8,30.0,0.0,,,0.0,0.0,0.0,,,0.0,0.0,0.0,,,0.0,0.0,0.0,,,0.0,0.0,0.0,,,0.0,0.0,0.0,,,0.0,0.0,0.0,,,0.0,0.0,0.0,,,0.0,0.0,0.0,0.0,0.0
1981541.10085,713,3,1,0713-03-01,3,0.815,0.8038,3649.3,30.0,0.8914,26.5,14:14,0.9009,0.8821,0.9266,24.6,14:14,0.9348,0.9177,0.8823,27.7,14:14,0.8927,0.8723,0.89,25.8,14:16,0.8996,0.88,0.8649,24.0,14:20,0.8737,0.8557,0.4415,24.3,14:40,0.4518,0.4314,0.304,11.3,14:54,0.3109,0.2972,0.004,12.2,15:00,0.0115,0.0,0.9266,0.9348,0.9177
1981718.53213,713,8,26,0713-08-26,6,-0.8762,0.7946,3649.3,30.0,0.0,,,0.0,0.0,0.0,,,0.0,0.0,0.0,,,0.0,0.0,0.0,,,0.0,0.0,0.0,,,0.0,0.0,0.0,,,0.0,0.0,0.0,,,0.0,0.0,0.0,,,0.0,0.0,0.0,0.0,0.0
1981895.72633,714,2,19,0714-02-19,1,0.0905,0.0923,3640.9,30.0,0.0,,,0.0,0.0,0.0,,,0.0,0.0,0.0,,,0.0,0.0,0.0,,,0.0,0.0,0.0,,,0.0,0.0,0.0,,,0.0,0.0,0.0,,,0.0,0.0,0.0,,,0.0,0.0,0.0,0.0,0.0
1982072.54109,714,8,15,0714-08-15,3,-0.1452,0.1305,3640.9,30.0,0.0,,,0.0,0.0,0.0,,,0.0,0.0,0.0,,,0.0,0.0,0.0,,,0.0,0.0,0.0,,,0.0,0.0,0.0,,,0.0,0.0,0.0,,,0.0,0.0,0.0,,,0.0,0.0,0.0,0.0,0.0
1982250.39482,715,2,8,0715-02-08,5,-0.6048,0.6093,3632.4,30.0,0.0,,,0.0,0.0,0.0,,,0.0,0.0,0.0,,,0.0,0.0,0.0,,,0.0,0.0,0.0,,,0.0,0.0,0.0,,,0.0,0.0,0.0,,,0.0,0.0,0.0,,,0.0,0.0,0.0,0.0,0.0
1982426.65672,715,8,4,0715-08-04,0,0.6044,0.5632,3632.4,30.0,0.0,,,0.0,0.0,0.0,,,0.0,0.0,0.0,,,0.0,0.0,0.0,,,0.0,0.0,0.0,,,0.0,0.0,0.0,,,0.0,0.0,0.0,,,0.0,0.0,0.0,,,0.0,0.0,0.0,0.0,0.0
1982575.29285,715,12,30,0715-12-30,1,1.5229,1.4184,3632.4,30.0,0.0,,,0.0,0.0,0.0,,,0.0,0.0,0.0,,,0.0,0.0,0.0,,,0.0,0.0,0.0,,,0.0,0.0,0.0,,,0.0,0.0,0.0,,,0.0,0.0,0.0,,,0.0,0.0,0.0,0.0,0.0
1982604.91109,716,1,29,0716-01-29,3,-1.3535,1.2982,3623.9,30.0,0.0,,,0.0,0.0,0.0,,,0.0,0.0,0.0,,,0.0,0.0,0.0,,,0.0,0.0,0.0,,,0.0,0.0,0.0,,,0.0,0.0,0.0,,,0.0,0.0,0.0,,,0.0,0.0,0.0,0.0,0.0
1982751.74048,716,6,24,0716-06-24,3,-1.2486,1.256,3623.9,30.0,0.0,,,0.0,0.0,0.0,,,0.0,0.0,0.0,,,0.0,0.0,0.0,,,0.0,0.0,0.0,,,0.0,0.0,0.0,,,0.0,0.0,0.0,,,0.0,0.0,0.0,,,0.0,0.0,0.0,0.0,0.0
1982781.07405,716,7,23,0716-07-23,4,1.314,1.2931,3623.9,30.0,0.0,,,0.0,0.0,0.0,,,0.0,0.0,0.0,,,0.0,0.0,0.0,,,0.0,0.0,0.0,,,0.0,0.0,0.0,,,0.0,0.0,0.0,,,0.0,0.0,0.0,,,0.0,0.0,0.0,0.0,0.0
1982929.35461,716,12,18,0716-12-18,5,0.8877,0.7975,3623.9,30.0,0.0,,,0.0,0.0,0.0,,,0.0,0.0,0.0,,,0.0,0.0,0.0,,,0.0,0.0,0.0,,,0.0,0.0,0.0,,,0.0,0.0,0.0,,,0.0,0.0,0.0,,,0.0,0.0,0.0,0.0,0.0
1983106.4528,717,6,13,0717-06-13,0,-0.5035,0.5131,3615.4,30.0,0.0,,,0.0,0.0,0.0,,,0.0,0.0,0.0,,,0.0,0.0,0.0,,,0.0,0.0,0.0,,,0.0,0.0,0.0,,,0.0,0.0,0.0,,,0.0,0.0,0.0,,,0.0,0.0,0.0,0.0,0.0
1983283.31915,717,12,7,0717-12-07,2,0.206,0.187,3615.4,30.0,0.0,,,0.0,0.0,0.0,,,0.0,0.0,0.0,,,0.0,0.0,0.0,,,0.0,0.0,0.0,,,0.0,0.0,0.0,,,0.0,0.0,0.0,,,0.0,0.0,0.0,,,0.0,0.0,0.0,0.0,0.0
1983461.12334,718,6,3,0718-06-03,5,0.2477,0.2446,3607.0,30.0,0.58,48.7,14:45,0.5815,0.5781,0.5228,47.7,14:43,0.524,0.5211,0.6113,50.2,14:43,0.6124,0.6099,0.5697,48.1,14:45,0.5712,0.5676,0.5524,45.4,14:49,0.555,0.5492,0.8599,35.2,15:15,0.8689,0.8507,0.7452,20.9,15:25,0.7568,0.7334,0.9957,15.7,15:35,1.0347,0.9816,0.6113,0.6124,0.6099
1983637.4964,718,11,26,0718-11-26,6,-0.49,0.4672,3607.0,30.0,0.0,,,0.0,0.0,0.0,,,0.0,0.0,0.0,,,0.0,0.0,0.0,,,0.0,0.0,0.0,,,0.0,0.0,0.0,,,0.0,0.0,0.0,,,0.0,0.0,0.0,,,0.0,0.0,0.0,0.0,0.0
1983815.56872,719,5,24,0719-05-24,3,1.0619,0.9932,3598.5,30.0,0.0,,,0.0,0.0,0.0,,,0.0,0.0,0.0,,,0.0,0.0,0.0,,,0.0,0.0,0.0,,,0.0,0.0,0.0,,,0.0,0.0,0.0,,,0.0,0.0,0.0,,,0.0,0.0,0.0,0.0,0.0
1983962.5347,719,10,18,0719-10-18,3,1.5321,1.5612,3598.5,30.0,0.0,,,0.0,0.0,0.0,,,0.0,0.0,0.0,,,0.0,0.0,0.0,,,0.0,0.0,0.0,,,0.0,0.0,0.0,,,0.0,0.0,0.0,,,0.0,0.0,0.0,,,0.0,0.0,0.0,0.0,0.0
1983991.97543,719,11,16,0719-11-16,4,-1.1404,1.145,3598.5,30.0,0.0,,,0.0,0.0,0.0,,,0.0,0.0,0.0,,,0.0,0.0,0.0,,,0.0,0.0,0.0,,,0.0,0.0,0.0,,,0.0,0.0,0.0,,,0.0,0.0,0.0,,,0.0,0.0,0.0,0.0,0.0
1984140.07081,720,4,12,0720-04-12,5,-1.0033,0.8999,3590.1,30.0,0.0,,,0.0,0.0,0.0,,,0.0,0.0,0.0,,,0.0,0.0,0.0,,,0.0,0.0,0.0,,,0.0,0.0,0.0,,,0.0,0.0,0.0,,,0.0,0.0,0.0,,,0.0,0.0,0.0,0.0,0.0
1984317.20224,720,10,6,0720-10-06,0,0.8758,0.8849,3590.1,30.0,0.8412,13.9,15:53,0.8468,0.836,0.8348,13.2,15:49,0.8399,0.829,0.8509,15.2,15:53,0.8568,0.8449,0.8361,13.3,15:53,0.8412,0.8311,0.8199,10.8,15:55,0.8235,0.8159,0.8896,1.5,16:25,0.8903,0.8891,0.0,,,0.0918,0.0,0.0,,,0.0,0.0,0.8509,0.8568,0.8449
1984494.14067,721,4,1,0721-04-01,2,-0.2399,0.2214,3581.6,30.0,0.0,,,0.0,0.0,0.0,,,0.0,0.0,0.0,,,0.0,0.0,0.0,,,0.0,0.0,0.0,,,0.0,0.0,0.1765,15.4,16:10,0.1776,0.1751,0.191,2.7,16:12,0.1938,0.1879,0.4788,0.1,16:16,0.4825,0.4748,0.0,0.0,0.0
1984671.74503,721,9,26,0721-09-26,5,0.1844,0.1777,3581.6,30.0,0.0,,,0.0,0.0,0.0,,,0.0,0.0,0.0,,,0.0,0.0,0.0,,,0.0,0.0,0.0,,,0.0,0.0,0.0,,,0.0,0.0,0.1182,-0.7,03:59,0.1838,0.0197,0.1352,-0.8,03:53,0.1972,0.0414,0.0,0.0,0.0
1984848.48359,722,3,21,0722-03-21,6,0.5139,0.5007,3573.2,30.0,0.0,,,0.0,0.0,0.0,,,0.0,0.0,0.0,,,0.0,0.0,0.0,,,0.0,0.0,0.0,,,0.0,0.0,0.0,,,0.0,0.0,0.0,,,0.0,0.0,0.0,,,0.0,0.0,0.0,0.0,0.0
1985026.00939,722,9,15,0722-09-15,2,-0.5658,0.5175,3573.2,30.0,0.0,,,0.0,0.0,0.0,,,0.0,0.0,0.0,,,0.0,0.0,0.0,,,0.0,0.0,0.0,,,0.0,0.0,0.0,,,0.0,0.0,0.0,,,0.0,0.0,0.0,,,0.0,0.0,0.0,0.0,0.0
1985173.70789,723,2,10,0723-02-10,3,-1.4033,1.4335,3564.8,30.0,0.0,,,0.0,0.0,0.0,,,0.0,0.0,0.0,,,0.0,0.0,0.0,,,0.0,0.0,0.0,,,0.0,0.0,0.0,,,0.0,0.0,0.0,,,0.0,0.0,0.0,,,0.0,0.0,0.0,0.0,0.0
1985203.0833,723,3,11,0723-03-11,4,1.1998,1.2184,3564.8,30.0,0.0,,,0.0,0.0,0.0,,,0.0,0.0,0.0,,,0.0,0.0,0.0,,,0.0,0.0,0.0,,,0.0,0.0,0.0,,,0.0,0.0,0.0,,,0.0,0.0,0.0,,,0.0,0.0,0.0,0.0,0.0
1985380.02933,723,9,4,0723-09-04,6,-1.2996,1.1654,3564.8,30.0,0.0,,,0.0,0.0,0.0,,,0.0,0.0,0.0,,,0.0,0.0,0.0,,,0.0,0.0,0.0,,,0.0,0.0,0.0,,,0.0,0.0,0.0,,,0.0,0.0,0.0,,,0.0,0.0,0.0,0.0,0.0
1985528.35011,724,1,30,0724-01-30,0,-0.7546,0.7516,3556.4,30.0,0.0,,,0.0,0.0,0.0,,,0.0,0.0,0.0,,,0.0,0.0,0.0,,,0.0,0.0,0.0,,,0.0,0.0,0.0,,,0.0,0.0,0.0,,,0.0,0.0,0.0,,,0.0,0.0,0.0,0.0,0.0
1985704.55305,724,7,25,0724-07-25,2,0.8065,0.763,3556.4,30.0,0.0,,,0.0,0.0,0.0,,,0.0,0.0,0.0,,,0.0,0.0,0.0,,,0.0,0.0,0.0,,,0.0,0.0,0.0,,,0.0,0.0,0.0,,,0.0,0.0,0.0,,,0.0,0.0,0.0,0.0,0.0
1985882.78882,725,1,19,0725-01-19,5,-0.0623,0.0588,3548.0,30.0,0.0,,,0.0,0.0,0.0,,,0.0,0.0,0.0,,,0.0,0.0,0.0,,,0.0,0.0,0.0,,,0.0,0.0,0.0,,,0.0,0.0,0.0,,,0.0,0.0,0.0,,,0.0,0.0,0.0,0.0,0.0
1986059.05288,725,7,14,0725-07-14,6,0.0145,0.0144,3548.0,30.0,0.1018,56.2,11:47,0.1084,0.0949,0.0455,54.4,11:47,0.0517,0.039,0.1379,56.8,11:45,0.1442,0.1311,0.0879,56.1,11:47,0.0945,0.0808,0.054,56.4,11:53,0.0619,0.0459,0.2625,65.2,12:21,0.2786,0.2462,0.056,51.9,12:43,0.0736,0.0384,0.2459,49.4,13:01,0.2664,0.2255,0.1379,0.1442,0.1311
1986236.91819,726,1,8,0726-01-08,2,0.6558,0.5921,3539.6,30.0,0.4127,-0.8,08:45,0.428,0.3806,0.3713,-0.9,08:55,0.3926,0.3322,0.4093,-0.9,08:45,0.4284,0.3722,0.4212,-0.8,08:43,0.4324,0.3944,0.4309,-0.3,08:33,0.4348,0.427,0.51,15.0,08:29,0.5125,0.5081,0.5436,25.4,09:07,0.5501,0.5377,0.6763,34.4,08:59,0.6839,0.6696,0.4212,0.4324,0.3944
1986413.74549,726,7,4,0726-07-04,4,-0.7208,0.7355,3539.6,30.0,0.0,,,0.0,0.0,0.0,,,0.0,0.0,0.0,,,0.0,0.0,0.0,,,0.0,0.0,0.0,,,0.0,0.0,0.0,,,0.0,0.0,0.0,,,0.0,0.0,0.0,,,0.0,0.0,0.0,0.0,0.0
1986590.87789,726,12,28,0726-12-28,6,1.3279,1.1971,3539.6,30.0,0.0,,,0.0,0.0,0.0,,,0.0,0.0,0.0,,,0.0,0.0,0.0,,,0.0,0.0,0.0,,,0.0,0.0,0.1616,3.9,07:11,0.17,0.1529,0.2394,15.8,07:29,0.2438,0.2345,0.0928,22.5,07:19,0.0986,0.0865,0.0,0.0,0.0
1986739.09414,727,5,25,0727-05-25,0,1.0923,1.0629,3531.2,30.0,0.0,,,0.0,0.0,0.0193,52.0,13:44,0.0214,0.0177,0.0,,,0.0,0.0,0.0,,,0.0,0.0,0.0,,,0.0,0.0,0.0,,,0.0,0.0,0.0,,,0.0,0.0,0.0,,,0.0,0.0,0.0193,0.0214,0.0177
1986768.44035,727,6,23,0727-06-23,1,-1.4768,1.4731,3531.2,30.0,0.0,,,0.0,0.0,0.0,,,0.0,0.0,0.0,,,0.0,0.0,0.0,,,0.0,0.0,0.0,,,0.0,0.0,0.0,,,0.0,0.0,0.0,,,0.0,0.0,0.0,,,0.0,0.0,0.0,0.0,0.0
1986915.38308,727,11,17,0727-11-17,1,-0.9349,0.9063,3531.2,30.0,0.0,,,0.0,0.0,0.0,,,0.0,0.0,0.0,,,0.0,0.0,0.0,,,0.0,0.0,0.0,,,0.0,0.0,0.0,,,0.0,0.0,0.0,,,0.0,0.0,0.0,,,0.0,0.0,0.0,0.0,0.0
1987093.45409,728,5,13,0728-05-13,4,0.3513,0.3239,3522.8,30.0,0.0,,,0.0,0.0,0.0,,,0.0,0.0,0.0,,,0.0,0.0,0.0,,,0.0,0.0,0.0,,,0.0,0.0,0.0,,,0.0,0.0,0.0,,,0.0,0.0,0.0,,,0.0,0.0,0.0,0.0,0.0
1987269.92949,728,11,6,0728-11-06,6,-0.2187,0.2217,3522.8,30.0,0.0,,,0.0,0.0,0.0,,,0.0,0.0,0.0,,,0.0,0.0,0.0,,,0.0,0.0,0.0,,,0.0,0.0,0.0,,,0.0,0.0,0.0,,,0.0,0.0,0.0,,,0.0,0.0,0.0,0.0,0.0
1987447.53444,729,5,3,0729-05-03,2,-0.4166,0.3736,3514.4,30.0,0.0,,,0.0,0.0,0.0,,,0.0,0.0,0.0,,,0.0,0.0,0.0,,,0.0,0.0,0.0,,,0.0,0.0,0.0,,,0.0,0.0,0.0,,,0.0,0.0,0.0,,,0.0,0.0,0.0,0.0,0.0
1987624.59031,729,10,27,0729-10-27,4,0.4568,0.4646,3514.4,30.0,0.0,,,0.0,0.0,0.0,,,0.0,0.0,0.0,,,0.0,0.0,0.0,,,0.0,0.0,0.0,,,0.0,0.0,0.0,,,0.0,0.0,0.0,,,0.0,0.0,0.0,,,0.0,0.0,0.0,0.0,0.0
1987801.57654,730,4,22,0730-04-22,6,-1.1523,1.053,3506.1,30.0,0.0,,,0.0,0.0,0.0,,,0.0,0.0,0.0,,,0.0,0.0,0.0,,,0.0,0.0,0.0,,,0.0,0.0,0.0,,,0.0,0.0,0.0,,,0.0,0.0,0.0,,,0.0,0.0,0.0,0.0,0.0
1987979.16967,730,10,16,0730-10-16,1,1.1824,1.1547,3506.1,30.0,0.5771,13.8,15:25,0.5784,0.5754,0.5939,12.6,15:23,0.5954,0.5924,0.5659,15.0,15:25,0.5677,0.5642,0.5809,13.1,15:25,0.5821,0.5795,0.5867,10.6,15:29,0.5873,0.5862,0.4059,3.4,15:59,0.4089,0.4026,0.002,-0.7,15:17,0.0548,0.0,0.0,,,0.0,0.0,0.5939,0.5954,0.5924
1988126.43199,731,3,12,0731-03-12,1,0.8516,0.8422,3497.7,30.0,0.0,,,0.0,0.0,0.0,,,0.0,0.0,0.0,,,0.0,0.0,0.0,,,0.0,0.0,0.0,,,0.0,0.0,0.0,,,0.0,0.0,0.0,,,0.0,0.0,0.0,,,0.0,0.0,0.0,0.0,0.0
1988303.82964,731,9,6,0731-09-06,4,-0.9298,0.8417,3497.7,30.0,0.0,,,0.0,0.0,0.0,,,0.0,0.0,0.0,,,0.0,0.0,0.0,,,0.0,0.0,0.0,,,0.0,0.0,0.0,,,0.0,0.0,0.0,,,0.0,0.0,0.0,,,0.0,0.0,0.0,0.0,0.0
1988481.07181,732,3,1,0732-03-01,6,0.1219,0.1243,3489.4,30.0,0.0,,,0.0,0.0,0.0,,,0.0,0.0,0.0,,,0.0,0.0,0.0,,,0.0,0.0,0.0,,,0.0,0.0,0.1934,30.4,13:59,0.2053,0.1811,0.358,18.5,14:13,0.3667,0.3488,0.6631,21.0,14:17,0.6729,0.6533,0.0,0.0,0.0
1988657.8294,732,8,25,0732-08-25,1,-0.2068,0.1861,3489.4,30.0,0.0,,,0.0,0.0,0.0,,,0.0,0.0,0.0,,,0.0,0.0,0.0,,,0.0,0.0,0.0,,,0.0,0.0,0.0,,,0.0,0.0,0.0,,,0.0,0.0,0.2313,19.9,05:10,0.2338,0.2285,0.0,0.0,0.0
1988835.74327,733,2,19,0733-02-19,4,-0.5813,0.5844,3481.0,30.0,0.0,,,0.0,0.0,0.0,,,0.0,0.0,0.0,,,0.0,0.0,0.0,,,0.0,0.0,0.0,,,0.0,0.0,0.0,,,0.0,0.0,0.0,,,0.0,0.0,0.0,,,0.0,0.0,0.0,0.0,0.0
1989011.95436,733,8,14,0733-08-14,5,0.539,0.5038,3481.0,30.0,0.9237,30.4,08:44,0.9255,0.9222,0.8754,30.1,08:46,0.8759,0.8732,0.9463,29.7,08:42,0.9498,0.9457,0.9172,30.9,08:44,0.9188,0.9159,0.9127,33.5,08:48,0.9135,0.912,0.7177,49.5,08:58,0.7211,0.7148,0.7755,61.8,09:34,0.7853,0.7664,0.5147,72.1,09:46,0.5274,0.5025,0.9463,0.9498,0.9457
1989160.63661,734,1,10,0734-01-10,0,1.5343,1.4252,3472.7,30.0,0.0,,,0.0,0.0,0.0,,,0.0,0.0,0.0,,,0.0,0.0,0.0,,,0.0,0.0,0.0,,,0.0,0.0,0.0,,,0.0,0.0,0.0,,,0.0,0.0,0.0,,,0.0,0.0,0.0,0.0,0.0
1989190.25206,734,2,8,0734-02-08,1,-1.3385,1.2797,3472.7,30.0,0.0,,,0.0,0.0,0.0,,,0.0,0.0,0.0,,,0.0,0.0,0.0,,,0.0,0.0,0.0,,,0.0,0.0,0.0,,,0.0,0.0,0.0,,,0.0,0.0,0.0,,,0.0,0.0,0.0,0.0,0.0
1989337.04855,734,7,5,0734-07-05,1,-1.3174,1.328,3472.7,30.0,0.0,,,0.0,0.0,0.0,,,0.0,0.0,0.0,,,0.0,0.0,0.0,,,0.0,0.0,0.0,,,0.0,0.0,0.0,,,0.0,0.0,0.0,,,0.0,0.0,0.0,,,0.0,0.0,0.0,0.0,0.0
1989366.38473,734,8,3,0734-08-03,2,1.2467,1.2307,3472.7,30.0,0.1392,-0.9,20:16,0.1901,0.0558,0.2776,-0.7,20:22,0.3429,0.2302,0.1,-0.7,20:16,0.179,0.0458,0.0937,-0.7,20:12,0.175,0.0382,0.0,,,0.0,0.0,0.0,,,0.0,0.0,0.0,,,0.0,0.0,0.0,,,0.0,0.0,0.2776,0.3429,0.2302
1989514.68882,734,12,30,0734-12-30,4,0.8955,0.804,3472.7,30.0,0.0,,,0.0,0.0,0.0,,,0.0,0.0,0.0,,,0.0,0.0,0.0,,,0.0,0.0,0.0,,,0.0,0.0,0.0,,,0.0,0.0,0.0,,,0.0,0.0,0.0,,,0.0,0.0,0.0,0.0,0.0
1989691.76303,735,6,25,0735-06-25,6,-0.5781,0.5887,3464.4,30.0,0.0,,,0.0,0.0,0.0,,,0.0,0.0,0.0,,,0.0,0.0,0.0,,,0.0,0.0,0.0,,,0.0,0.0,0.0,,,0.0,0.0,0.0,,,0.0,0.0,0.0,,,0.0,0.0,0.0,0.0,0.0
1989868.65841,735,12,19,0735-12-19,1,0.2109,0.1918,3464.4,30.0,0.0,,,0.0,0.0,0.0,,,0.0,0.0,0.0,,,0.0,0.0,0.0,,,0.0,0.0,0.0,,,0.0,0.0,0.0,,,0.0,0.0,0.0,,,0.0,0.0,0.0,,,0.0,0.0,0.0,0.0,0.0
1990046.42411,736,6,13,0736-06-13,3,0.1715,0.1688,3456.1,30.0,0.0,,,0.0,0.0,0.0,,,0.0,0.0,0.0,,,0.0,0.0,0.0,,,0.0,0.0,0.0,,,0.0,0.0,0.0,,,0.0,0.0,0.0,,,0.0,0.0,0.0,,,0.0,0.0,0.0,0.0,0.0
1990222.85139,736,12,7,0736-12-07,5,-0.4865,0.4652,3456.1,30.0,0.0,,,0.0,0.0,0.0,,,0.0,0.0,0.0,,,0.0,0.0,0.0,,,0.0,0.0,0.0,,,0.0,0.0,0.0,,,0.0,0.0,0.0,,,0.0,0.0,0.0,,,0.0,0.0,0.0,0.0,0.0
1990400.85113,737,6,3,0737-06-03,1,0.9843,0.9176,3447.8,30.0,0.719,20.5,06:38,0.7277,0.7101,0.7338,21.6,06:42,0.7422,0.7252,0.7193,19.3,06:36,0.7279,0.7105,0.7144,21.4,06:40,0.7233,0.7054,0.6871,23.9,06:40,0.6963,0.6777,0.4042,27.7,06:16,0.4173,0.3909,0.2003,40.8,06:20,0.2156,0.1848,0.0063,37.3,06:00,0.0237,0.0,0.7338,0.7422,0.7252
1990577.34138,737,11,26,0737-11-26,2,-1.1345,1.1414,3447.8,30.0,0.0,,,0.0,0.0,0.0,,,0.0,0.0,0.0,,,0.0,0.0,0.0,,,0.0,0.0,0.0,,,0.0,0.0,0.0,,,0.0,0.0,0.0,,,0.0,0.0,0.0,,,0.0,0.0,0.0,0.0,0.0
1990725.34813,738,4,23,0738-04-23,3,-1.0764,0.9659,3439.5,30.0,0.0,,,0.0,0.0,0.0,,,0.0,0.0,0.0,,,0.0,0.0,0.0,,,0.0,0.0,0.0,,,0.0,0.0,0.0,,,0.0,0.0,0.0,,,0.0,0.0,0.0,,,0.0,0.0,0.0,0.0,0.0
1990902.55517,738,10,18,0738-10-18,6,0.8972,0.9051,3439.5,30.0,0.0,,,0.0,0.0,0.0,,,0.0,0.0,0.0,,,0.0,0.0,0.0,,,0.0,0.0,0.0,,,0.0,0.0,0.0,,,0.0,0.0,0.0,,,0.0,0.0,0.0,,,0.0,0.0,0.0,0.0,0.0
1991079.43481,739,4,12,0739-04-12,0,-0.3036,0.281,3431.2,30.0,0.0,,,0.0,0.0,0.0,,,0.0,0.0,0.0,,,0.0,0.0,0.0,,,0.0,0.0,0.0,,,0.0,0.0,0.0,,,0.0,0.0,0.0,,,0.0,0.0,0.0,,,0.0,0.0,0.0,0.0,0.0
1991257.08006,739,10,7,0739-10-07,3,0.2131,0.2047,3431.2,30.0,0.0134,29.0,11:58,0.0279,0.0,0.0,,,0.0,0.0,0.0426,29.9,11:56,0.0576,0.0277,0.0,,,0.0125,0.0,0.0,,,0.0,0.0,0.0,,,0.0,0.0,0.0,,,0.0,0.0,0.0,,,0.0,0.0,0.0426,0.0576,0.0277
1991433.80212,740,4,1,0740-04-01,5,0.4606,0.4502,3422.9,30.0,0.0267,1.4,06:06,0.0277,0.026,0.0212,2.1,06:08,0.0223,0.0203,0.0299,0.2,06:04,0.0305,0.0295,0.0265,2.0,06:06,0.0276,0.0256,0.0303,4.5,06:06,0.0323,0.0286,0.1462,9.8,05:44,0.151,0.1417,0.2505,23.3,05:50,0.2607,0.2407,0.3735,22.1,05:32,0.3839,0.3634,0.0299,0.0305,0.0295
1991611.32095,740,9,25,0740-09-25,0,-0.5272,0.481,3422.9,30.0,0.0,,,0.0,0.0,0.0,,,0.0,0.0,0.0,,,0.0,0.0,0.0,,,0.0,0.0,0.0,,,0.0,0.0,0.0,,,0.0,0.0,0.0,,,0.0,0.0,0.0,,,0.0,0.0,0.0,0.0,0.0
1991759.05893,741,2,20,0741-02-20,1,-1.4288,1.4591,3414.6,30.0,0.0,,,0.0,0.0,0.0,,,0.0,0.0,0.0,,,0.0,0.0,0.0,,,0.0,0.0,0.0,,,0.0,0.0,0.0,,,0.0,0.0,0.0,,,0.0,0.0,0.0,,,0.0,0.0,0.0,0.0,0.0
1991788.41812,741,3,21,0741-03-21,2,1.1557,1.1749,3414.6,30.0,0.0,,,0.0,0.0,0.0,,,0.0,0.0,0.0,,,0.0,0.0,0.0,,,0.0,0.0,0.0,,,0.0,0.0,0.0,,,0.0,0.0,0.0,,,0.0,0.0,0.0,,,0.0,0.0,0.0,0.0,0.0
1991965.32777,741,9,14,0741-09-14,4,-1.2507,1.1219,3414.6,30.0,0.0,,,0.0,0.0,0.0,,,0.0,0.0,0.0,,,0.0,0.0,0.0,,,0.0,0.0,0.0,,,0.0,0.0,0.0,,,0.0,0.0,0.0,,,0.0,0.0,0.0,,,0.0,0.0,0.0,0.0,0.0
1992113.7004,742,2,10,0742-02-10,6,-0.7768,0.7717,3406.4,30.0,0.0,,,0.0,0.0,0.0,,,0.0,0.0,0.0,,,0.0,0.0,0.0,,,0.0,0.0,0.0,,,0.0,0.0,0.0,,,0.0,0.0,0.0,,,0.0,0.0,0.0,,,0.0,0.0,0.0,0.0,0.0
1992289.85191,742,8,5,0742-08-05,0,0.8705,0.8265,3406.4,30.0,0.3521,7.8,05:51,0.3594,0.3449,0.3965,9.0,05:55,0.4034,0.3897,0.3362,6.7,05:51,0.3439,0.3286,0.3536,8.7,05:53,0.3608,0.3466,0.3383,11.1,05:53,0.345,0.3318,0.0,,,0.0,0.0,0.0,,,0.0,0.0,0.0,,,0.0,0.0,0.3965,0.4034,0.3897
1992468.1289,743,1,30,0743-01-30,3,-0.0791,0.0744,3398.1,30.0,0.0,,,0.0,0.0,0.0,,,0.0,0.0,0.0,,,0.0,0.0,0.0,,,0.0,0.0,0.0,,,0.0,0.0,0.1438,4.0,16:00,0.1557,0.1316,0.1092,-0.8,15:24,0.1404,0.0552,0.4381,-0.8,15:38,0.4731,0.3759,0.0,0.0,0.0
1992644.36477,743,7,25,0743-07-25,4,0.0819,0.0819,3398.1,30.0,0.0,,,0.0,0.0,0.0,,,0.0,0.0,0.0,,,0.0,0.0,0.0,,,0.0,0.0,0.0,,,0.0,0.0,0.0,,,0.0,0.0,0.0,,,0.0,0.0,0.0,,,0.0,0.0,0.0,0.0,0.0
1992822.24747,744,1,19,0744-01-19,0,0.6418,0.5786,3389.9,30.0,0.0,,,0.0,0.0,0.0,,,0.0,0.0,0.0,,,0.0,0.0,0.0,,,0.0,0.0,0.0,,,0.0,0.0,0.0,,,0.0,0.0,0.0,,,0.0,0.0,0.0,,,0.0,0.0,0.0,0.0,0.0
1992999.05976,744,7,14,0744-07-14,2,-0.6514,0.6646,3389.9,30.0,0.0,,,0.0,0.0,0.0,,,0.0,0.0,0.0,,,0.0,0.0,0.0,,,0.0,0.0,0.0,,,0.0,0.0,0.0,,,0.0,0.0,0.0,,,0.0,0.0,0.0,,,0.0,0.0,0.0,0.0,0.0
1993176.21125,745,1,7,0745-01-07,4,1.3169,1.1887,3381.7,30.0,0.0,,,0.0,0.0,0.0,,,0.0,0.0,0.0,,,0.0,0.0,0.0,,,0.0,0.0,0.0,,,0.0,0.0,0.0,,,0.0,0.0,0.0,,,0.0,0.0,0.0,,,0.0,0.0,0.0,0.0,0.0
1993324.39048,745,6,4,0745-06-04,5,1.1722,1.1366,3381.7,30.0,0.3493,-0.8,20:53,0.3864,0.2821,0.5003,-0.8,21:05,0.5111,0.4829,0.2848,-0.7,20:51,0.3478,0.2397,0.3412,-0.8,20:51,0.3802,0.2716,0.1905,-0.9,20:37,0.2417,0.1062,0.0,,,0.0,0.0,0.0,,,0.0,0.0,0.0,,,0.0,0.0,0.5003,0.5111,0.4829
1993353.74503,745,7,4,0745-07-04,0,-1.4091,1.4018,3381.7,30.0,0.0,,,0.0,0.0,0.0,,,0.0,0.0,0.0,,,0.0,0.0,0.0,,,0.0,0.0,0.0,,,0.0,0.0,0.0,,,0.0,0.0,0.0,,,0.0,0.0,0.0,,,0.0,0.0,0.0,0.0,0.0
1993500.74115,745,11,28,0745-11-28,0,-0.9352,0.9092,3381.7,30.0,0.0,,,0.0,0.0,0.0,,,0.0,0.0,0.0,,,0.0,0.0,0.0,,,0.0,0.0,0.0,,,0.0,0.0,0.0,,,0.0,0.0,0.0,,,0.0,0.0,0.0,,,0.0,0.0,0.0,0.0,0.0
1993678.73193,746,5,25,0746-05-25,3,0.4352,0.4002,3373.4,30.0,0.1313,-0.8,04:01,0.1427,0.1079,0.1255,0.2,03:57,0.1302,0.1212,0.0755,-0.7,04:13,0.1117,0.047,0.1414,-0.8,03:55,0.1465,0.1291,0.1553,0.8,03:51,0.1606,0.1504,0.3598,-0.8,03:37,0.3783,0.3245,0.5014,7.3,03:21,0.5107,0.4921,0.682,1.5,03:07,0.6926,0.672,0.1414,0.1465,0.1291
1993855.2956,746,11,17,0746-11-17,4,-0.2235,0.2269,3373.4,30.0,0.0,,,0.0,0.0,0.0,,,0.0,0.0,0.0,,,0.0,0.0,0.0,,,0.0,0.0,0.0,,,0.0,0.0,0.0,,,0.0,0.0,0.0,,,0.0,0.0,0.0,,,0.0,0.0,0.0,0.0,0.0
1994032.80314,747,5,14,0747-05-14,0,-0.3326,0.2982,3365.2,30.0,0.0,,,0.0,0.0,0.0,,,0.0,0.0,0.0,,,0.0,0.0,0.0,,,0.0,0.0,0.0,,,0.0,0.0,0.0,,,0.0,0.0,0.0,,,0.0,0.0,0.0,,,0.0,0.0,0.0,0.0,0.0
1994209.95322,747,11,7,0747-11-07,2,0.4482,0.4553,3365.2,30.0,0.376,6.5,08:50,0.3856,0.3662,0.3384,5.5,08:52,0.3475,0.329,0.4058,6.3,08:48,0.4156,0.3958,0.3626,6.7,08:50,0.3723,0.353,0.3247,8.6,08:54,0.3342,0.315,0.4428,25.0,08:58,0.4558,0.43,0.3063,31.6,09:28,0.3163,0.2968,0.4861,41.5,09:34,0.4976,0.475,0.4058,0.4156,0.3958
1994386.85842,748,5,2,0748-05-02,4,-1.0763,0.986,3357.0,30.0,0.0,,,0.0,0.0,0.0,,,0.0,0.0,0.0,,,0.0,0.0,0.0,,,0.0,0.0,0.0,,,0.0,0.0,0.0,,,0.0,0.0,0.0,,,0.0,0.0,0.0,,,0.0,0.0,0.0,0.0,0.0
1994564.5179,748,10,27,0748-10-27,0,1.1709,1.1403,3357.0,30.0,0.0,,,0.0,0.0,0.0,,,0.0,0.0,0.0,,,0.0,0.0,0.0,,,0.0,0.0,0.0,,,0.0,0.0,0.0,,,0.0,0.0,0.0,,,0.0,0.0,0.0,,,0.0,0.0,0.0,0.0,0.0
1994711.75935,749,3,23,0749-03-23,0,0.8932,0.8858,3348.8,30.0,0.0,,,0.0,0.0,0.0,,,0.0,0.0,0.0,,,0.0,0.0,0.0,,,0.0,0.0,0.0,,,0.0,0.0,0.3144,-0.7,05:03,0.42,0.2442,0.9305,4.1,04:23,0.9319,0.9291,0.7485,1.5,04:07,0.7497,0.747,0.0,0.0,0.0
1994889.13188,749,9,16,0749-09-16,2,-0.9771,0.883,3348.8,30.0,0.0,,,0.0,0.0,0.0,,,0.0,0.0,0.0,,,0.0,0.0,0.0,,,0.0,0.0,0.0,,,0.0,0.0,0.0,,,0.0,0.0,0.0,,,0.0,0.0,0.0,,,0.0,0.0,0.0,0.0,0.0
1995066.41241,750,3,12,0750-03-12,4,0.1593,0.1626,3340.6,30.0,0.0,,,0.0,0.0,0.0,,,0.0,0.0,0.0,,,0.0,0.0,0.0,,,0.0,0.0,0.0,,,0.0,0.0,0.0,,,0.0,0.0,0.0,,,0.0,0.0,0.0,,,0.0,0.0,0.0,0.0,0.0
1995243.12341,750,9,5,0750-09-05,6,-0.262,0.236,3340.6,30.0,0.0,,,0.0,0.0,0.0,,,0.0,0.0,0.0,,,0.0,0.0,0.0,,,0.0,0.0,0.0,,,0.0,0.0,0.0,,,0.0,0.0,0.0,,,0.0,0.0,0.0,,,0.0,0.0,0.0,0.0,0.0
1995421.08627,751,3,2,0751-03-02,2,-0.5518,0.5535,3332.4,30.0,0.0,,,0.0,0.0,0.0,,,0.0,0.0,0.0,,,0.0,0.0,0.0,,,0.0,0.0,0.0,,,0.0,0.0,0.0,,,0.0,0.0,0.0,,,0.0,0.0,0.0,,,0.0,0.0,0.0,0.0,0.0
1995597.25861,751,8,25,0751-08-25,3,0.4806,0.4507,3332.4,30.0,0.2201,12.8,17:52,0.2248,0.2156,0.2019,13.2,17:48,0.2064,0.1975,0.2348,13.3,17:54,0.2397,0.23,0.2137,12.3,17:52,0.2182,0.2093,0.1967,9.8,17:52,0.2007,0.1929,0.2041,-0.7,17:48,0.2505,0.1685,0.0,,,0.0,0.0,0.0,,,0.0,0.0,0.2348,0.2397,0.23
1995775.58689,752,2,20,0752-02-20,0,-1.3173,1.2555,3324.3,30.0,0.0,,,0.0,0.0,0.0,,,0.0,0.0,0.0,,,0.0,0.0,0.0,,,0.0,0.0,0.0,,,0.0,0.0,0.0,,,0.0,0.0,0.0,,,0.0,0.0,0.0,,,0.0,0.0,0.0,0.0,0.0
1995922.36046,752,7,15,0752-07-15,6,-1.3818,1.3958,3324.3,30.0,0.0,,,0.0,0.0,0.0,,,0.0,0.0,0.0,,,0.0,0.0,0.0,,,0.0,0.0,0.0,,,0.0,0.0,0.0,,,0.0,0.0,0.0,,,0.0,0.0,0.0,,,0.0,0.0,0.0,0.0,0.0
1995951.70142,752,8,14,0752-08-14,1,1.1858,1.1741,3324.3,30.0,0.0,,,0.0,0.0,0.0,,,0.0,0.0,0.0,,,0.0,0.0,0.0,,,0.0,0.0,0.0,,,0.0,0.0,0.0,,,0.0,0.0,0.0,,,0.0,0.0,0.0,,,0.0,0.0,0.0,0.0,0.0
1996100.02003,753,1,9,0753-01-09,2,0.9063,0.8132,3316.1,30.0,0.8555,12.3,11:17,0.8574,0.8539,0.8417,10.6,11:19,0.8433,0.8404,0.865,12.8,11:13,0.8674,0.8628,0.852,12.3,11:19,0.8536,0.8508,0.8466,12.9,11:27,0.8472,0.8465,0.9112,26.3,11:53,0.9124,0.9058,0.7896,20.5,12:27,0.8,0.7789,0.6004,27.4,12:33,0.6133,0.5873,0.865,0.8674,0.8628
1996277.07444,753,7,5,0753-07-05,4,-0.6509,0.6622,3316.1,30.0,0.0,,,0.0,0.0,0.0,,,0.0,0.0,0.0,,,0.0,0.0,0.0,,,0.0,0.0,0.0,,,0.0,0.0,0.0,,,0.0,0.0,0.0,,,0.0,0.0,0.0,,,0.0,0.0,0.0,0.0,0.0
1996453.99676,753,12,29,0753-12-29,6,0.2172,0.1979,3316.1,30.0,0.0,,,0.0,0.0,0.0,,,0.0,0.0,0.0,,,0.0,0.0,0.0,,,0.0,0.0,0.0,,,0.0,0.0,0.0,,,0.0,0.0,0.0,,,0.0,0.0,0.0032,30.6,11:50,0.012,0.0,0.0,0.0,0.0
1996631.7242,754,6,25,0754-06-25,2,0.0955,0.0937,3307.9,30.0,0.0,,,0.0,0.0,0.0,,,0.0,0.0,0.0,,,0.0,0.0,0.0,,,0.0,0.0,0.0,,,0.0,0.0,0.0,,,0.0,0.0,0.0,,,0.0,0.0,0.0714,1.8,03:09,0.0833,0.0599,0.0,0.0,0.0
1996808.20646,754,12,18,0754-12-18,3,-0.4824,0.4626,3307.9,30.0,0.0,,,0.0,0.0,0.0,,,0.0,0.0,0.0,,,0.0,0.0,0.0,,,0.0,0.0,0.0,,,0.0,0.0,0.0,,,0.0,0.0,0.0,,,0.0,0.0,0.0,,,0.0,0.0,0.0,0.0,0.0
1996986.13167,755,6,14,0755-06-14,6,0.9052,0.8411,3299.8,30.0,0.2817,46.8,15:08,0.2868,0.277,0.3328,45.9,15:06,0.3374,0.3285,0.2503,48.0,15:08,0.2552,0.2457,0.2935,45.9,15:10,0.2985,0.2886,0.3196,43.0,15:14,0.3255,0.3139,0.1002,29.9,15:48,0.1114,0.0891,0.233,16.1,15:56,0.2449,0.2212,0.0245,9.8,16:08,0.0379,0.0112,0.3328,0.3374,0.3285
1997162.70861,755,12,8,0755-12-08,1,-1.13,1.1391,3299.8,30.0,0.0,,,0.0,0.0,0.0,,,0.0,0.0,0.0,,,0.0,0.0,0.0,,,0.0,0.0,0.0,,,0.0,0.0,0.0,,,0.0,0.0,0.0,,,0.0,0.0,0.0,,,0.0,0.0,0.0,0.0,0.0
1997310.62128,756,5,4,0756-05-04,2,-1.1541,1.0363,3291.7,30.0,0.0,,,0.0,0.0,0.0,,,0.0,0.0,0.0,,,0.0,0.0,0.0,,,0.0,0.0,0.0,,,0.0,0.0,0.0,,,0.0,0.0,0.0,,,0.0,0.0,0.0,,,0.0,0.0,0.0,0.0,0.0
1997487.9121,756,10,28,0756-10-28,4,0.9135,0.9199,3291.7,30.0,0.2998,-0.2,07:34,0.309,0.2909,0.3531,-0.7,07:36,0.3619,0.3396,0.2629,-0.8,07:32,0.2721,0.2487,0.315,0.2,07:34,0.3242,0.306,0.3552,2.4,07:36,0.365,0.3454,0.163,18.1,07:40,0.1793,0.1469,0.3781,29.0,07:58,0.3974,0.3588,0.1778,38.6,08:06,0.201,0.1548,0.3531,0.3619,0.3396
1997664.72522,757,4,23,0757-04-23,6,-0.3725,0.3457,3283.5,30.0,0.0,,,0.0,0.0,0.0,,,0.0,0.0,0.0,,,0.0,0.0,0.0,,,0.0,0.0,0.0,,,0.0,0.0,0.0,,,0.0,0.0,0.0,,,0.0,0.0,0.0,,,0.0,0.0,0.0,0.0,0.0
1997842.41996,757,10,17,0757-10-17,1,0.235,0.2251,3283.5,30.0,0.0,,,0.0,0.0,0.0,,,0.0,0.0,0.0,,,0.0,0.0,0.0,,,0.0,0.0,0.0,,,0.0,0.0,0.0,,,0.0,0.0,0.0,,,0.0,0.0,0.0,,,0.0,0.0,0.0,0.0,0.0
1998019.11523,758,4,12,0758-04-12,3,0.3999,0.392,3275.4,30.0,0.8783,35.9,15:03,0.8862,0.871,0.825,34.7,15:01,0.8324,0.8181,0.899,37.3,15:01,0.9065,0.8902,0.876,35.2,15:03,0.8825,0.8681,0.889,32.6,15:07,0.8946,0.8828,0.6855,26.3,15:23,0.6881,0.6834,0.6635,11.7,15:35,0.6671,0.6609,0.3564,9.4,15:39,0.3609,0.3523,0.899,0.9065,0.8902
1998196.63843,758,10,7,0758-10-07,6,-0.4962,0.4518,3275.4,30.0,0.0,,,0.0,0.0,0.0,,,0.0,0.0,0.0,,,0.0,0.0,0.0,,,0.0,0.0,0.0,,,0.0,0.0,0.0,,,0.0,0.0,0.0,,,0.0,0.0,0.0,,,0.0,0.0,0.0,0.0,0.0
1998344.40408,759,3,3,0759-03-03,6,-1.4613,1.4916,3267.3,30.0,0.0,,,0.0,0.0,0.0,,,0.0,0.0,0.0,,,0.0,0.0,0.0,,,0.0,0.0,0.0,,,0.0,0.0,0.0,,,0.0,0.0,0.0,,,0.0,0.0,0.0,,,0.0,0.0,0.0,0.0,0.0
1998373.7471,759,4,2,0759-04-02,1,1.1046,1.1241,3267.3,30.0,0.0,,,0.0,0.0,0.0215,-0.9,05:45,0.0942,0.0,0.0,,,0.0,0.0,0.0,,,0.0368,0.0,0.263,-0.6,05:29,0.3703,0.1913,0.5314,-0.6,04:47,0.6122,0.4719,0.6779,7.1,04:23,0.6817,0.6737,0.5464,4.1,04:07,0.5498,0.5426,0.0215,0.0942,0.0
1998550.63309,759,9,26,0759-09-26,3,-1.2094,1.0854,3267.3,30.0,0.0,,,0.0,0.0,0.0,,,0.0,0.0,0.0,,,0.0,0.0,0.0,,,0.0,0.0,0.0,,,0.0,0.0,0.0,,,0.0,0.0,0.0,,,0.0,0.0,0.0,,,0.0,0.0,0.0,0.0,0.0
1998699.04509,760,2,21,0760-02-21,4,-0.8053,0.7977,3259.2,30.0,0.0,,,0.0,0.0,0.0,,,0.0,0.0,0.0,,,0.0,0.0,0.0,,,0.0,0.0,0.0,,,0.0,0.0,0.0,,,0.0,0.0,0.0,,,0.0,0.0,0.0,,,0.0,0.0,0.0,0.0,0.0
1998875.15682,760,8,15,0760-08-15,5,0.9282,0.8843,3259.2,30.0,0.7027,39.5,14:57,0.7157,0.6895,0.7243,38.5,14:53,0.7364,0.7116,0.6782,40.8,14:57,0.6918,0.6646,0.7159,38.9,14:57,0.7286,0.7028,0.7609,36.5,14:59,0.7728,0.7483,0.784,26.9,15:33,0.7954,0.772,0.9016,13.8,15:37,0.909,0.894,0.7872,8.1,15:55,0.794,0.7802,0.7243,0.7364,0.7116
1999053.46423,761,2,9,0761-02-09,1,-0.1006,0.0944,3251.1,30.0,0.0,,,0.0,0.0,0.0,,,0.0,0.0,0.0,,,0.0,0.0,0.0,,,0.0,0.0,0.0,,,0.0,0.0,0.0,,,0.0,0.0,0.0,,,0.0,0.0,0.0,,,0.0,0.0,0.0,0.0,0.0
1999229.68002,761,8,5,0761-08-05,3,0.146,0.1464,3251.1,30.0,0.0,,,0.0,0.0,0.0,,,0.0,0.0,0.0,,,0.0,0.0,0.0,,,0.0,0.0,0.0,,,0.0,0.0,0.0,,,0.0,0.0,0.0,,,0.0,0.0,0.0,,,0.0,0.0,0.0,0.0,0.0
1999407.57333,762,1,30,0762-01-30,6,0.6241,0.562,3243.0,30.0,0.0,,,0.0,0.0,0.0,,,0.0,0.0,0.0,,,0.0,0.0,0.0,,,0.0,0.0,0.0,,,0.0,0.0,0.0,,,0.0,0.0,0.0,,,0.0,0.0,0.0,,,0.0,0.0,0.0,0.0,0.0
1999584.37623,762,7,25,0762-07-25,0,-0.5844,0.5962,3243.0,30.0,0.0,,,0.0,0.0,0.0,,,0.0,0.0,0.0,,,0.0,0.0,0.0,,,0.0,0.0,0.0,,,0.0,0.0,0.0,,,0.0,0.0,0.0,,,0.0,0.0,0.0,,,0.0,0.0,0.0,0.0,0.0
1999761.54178,763,1,19,0763-01-19,3,1.3021,1.1771,3235.0,30.0,0.0,,,0.0,0.0,0.0,,,0.0,0.0,0.0,,,0.0,0.0,0.0,,,0.0,0.0,0.0,,,0.0,0.0,0.0,,,0.0,0.0,0.0,,,0.0,0.0,0.0,,,0.0,0.0,0.0,0.0,0.0
1999909.68549,763,6,16,0763-06-16,4,1.2523,1.2102,3235.0,30.0,0.0,,,0.0,0.0,0.0,,,0.0,0.0,0.0,,,0.0,0.0,0.0,,,0.0,0.0,0.0,,,0.0012,0.0,0.0,,,0.0,0.0,0.0,,,0.0,0.0,0.0,,,0.0,0.0,0.0,0.0,0.0
1999939.05134,763,7,15,0763-07-15,5,-1.3438,1.3331,3235.0,30.0,0.0,,,0.0,0.0,0.0,,,0.0,0.0,0.0,,,0.0,0.0,0.0,,,0.0,0.0,0.0,,,0.0,0.0,0.0,,,0.0,0.0,0.0,,,0.0,0.0,0.0,,,0.0,0.0,0.0,0.0,0.0
2000086.10064,763,12,9,0763-12-09,5,-0.9345,0.9112,3235.0,30.0,0.0,,,0.0,0.0,0.0,,,0.0,0.0,0.0,,,0.0,0.0,0.0,,,0.0,0.0,0.0,,,0.0,0.0,0.0,,,0.0,0.0,0.0,,,0.0,0.0,0.0,,,0.0,0.0,0.0,0.0,0.0
2000264.00831,764,6,4,0764-06-04,1,0.5196,0.4765,3226.9,30.0,0.9568,54.4,10:52,0.9614,0.9518,0.9083,53.1,10:54,0.9126,0.9037,0.9681,54.5,10:50,0.9682,0.968,0.9526,54.7,10:54,0.9568,0.9481,0.9569,56.1,11:00,0.96,0.9529,0.6349,70.8,11:26,0.6367,0.6336,0.6815,58.1,12:06,0.6904,0.6729,0.4224,56.7,12:22,0.4342,0.4109,0.9681,0.9682,0.968
2000440.66306,764,11,28,0764-11-28,3,-0.2271,0.2309,3226.9,30.0,0.0,,,0.0,0.0,0.0,,,0.0,0.0,0.0,,,0.0,0.0,0.0,,,0.0,0.0,0.0,,,0.0,0.0,0.0,,,0.0,0.0,0.0,,,0.0,0.0,0.0,,,0.0,0.0,0.0,0.0,0.0
2000618.07049,765,5,24,0765-05-24,5,-0.2469,0.2214,3218.8,30.0,0.0,,,0.0,0.0,0.0,,,0.0,0.0,0.0,,,0.0,0.0,0.0,,,0.0,0.0,0.0,,,0.0,0.0,0.0,,,0.0,0.0,0.0,,,0.0,0.0,0.0422,32.4,14:11,0.0538,0.0303,0.0,0.0,0.0
2000795.3185,765,11,17,0765-11-17,0,0.4428,0.4492,3218.8,30.0,0.0,,,0.0,0.0,0.0,,,0.0,0.0,0.0,,,0.0,0.0,0.0,,,0.0,0.0,0.0,,,0.0,0.0,0.0,,,0.0,0.0,0.0,,,0.0,0.0,0.0,,,0.0,0.0,0.0,0.0,0.0
2000972.1373,766,5,13,0766-05-13,2,-0.9956,0.9145,3210.8,30.0,0.0,,,0.0,0.0,0.0,,,0.0,0.0,0.0,,,0.0,0.0,0.0,,,0.0,0.0,0.0,,,0.0,0.0,0.0,,,0.0,0.0,0.0,,,0.0,0.0,0.0,,,0.0,0.0,0.0,0.0,0.0
2001149.86976,766,11,7,0766-11-07,5,1.1645,1.1307,3210.8,30.0,0.0,,,0.0,0.0,0.0,,,0.0,0.0,0.0,,,0.0,0.0,0.0,,,0.0,0.0,0.0,,,0.0,0.0,0.0,,,0.0,0.0,0.1042,19.0,06:54,0.1172,0.0912,0.0,,,0.0,0.0,0.0,0.0,0.0
2001297.08111,767,4,3,0767-04-03,5,0.9423,0.937,3202.8,30.0,0.4657,40.1,13:43,0.4737,0.4579,0.5106,38.2,13:43,0.5181,0.5033,0.45,41.5,13:41,0.4585,0.4417,0.467,39.6,13:43,0.4747,0.4595,0.4506,37.7,13:49,0.4575,0.4438,0.0198,37.0,14:11,0.0251,0.0148,0.0,,,0.0,0.0,0.0,,,0.0,0.0,0.5106,0.5181,0.5033
2001474.44049,767,9,27,0767-09-27,0,-1.0163,0.9171,3202.8,30.0,0.0,,,0.0,0.0,0.0,,,0.0,0.0,0.0,,,0.0,0.0,0.0,,,0.0,0.0,0.0,,,0.0,0.0,0.0,,,0.0,0.0,0.0,,,0.0,0.0,0.0,,,0.0,0.0,0.0,0.0,0.0
2001651.74695,768,3,23,0768-03-23,3,0.2044,0.2086,3194.7,30.0,0.0,,,0.0,0.0,0.0,,,0.0,0.0,0.0,,,0.0,0.0,0.0,,,0.0,0.0,0.0,,,0.0,0.0,0.0,,,0.0,0.0,0.0,,,0.0,0.0,0.0,,,0.0,0.0,0.0,0.0,0.0
2001828.42519,768,9,15,0768-09-15,4,-0.3083,0.278,3194.7,30.0,0.0,,,0.0,0.0,0.0,,,0.0,0.0,0.0,,,0.0,0.0,0.0,,,0.0,0.0,0.0,,,0.0,0.0,0.0,,,0.0,0.0,0.0,,,0.0,0.0,0.0,,,0.0,0.0,0.0,0.0,0.0
2002006.42277,769,3,12,0769-03-12,0,-0.515,0.5154,3186.7,30.0,0.0,,,0.0,0.0,0.0,,,0.0,0.0,0.0,,,0.0,0.0,0.0,,,0.0,0.0,0.0,,,0.0,0.0,0.0,,,0.0,0.0,0.0,,,0.0,0.0,0.0,,,0.0,0.0,0.0,0.0,0.0
2002182.56926,769,9,5,0769-09-05,2,0.4289,0.4035,3186.7,30.0,0.0,,,0.0,0.0,0.0,,,0.0,0.0,0.0,,,0.0,0.0,0.0,,,0.0,0.0,0.0,,,0.0,0.0,0.0,,,0.0,0.0,0.0,,,0.0,0.0,0.0,,,0.0,0.0,0.0,0.0,0.0
2002360.91488,770,3,2,0770-03-02,5,-1.2891,1.2246,3178.7,30.0,0.0,,,0.0,0.0,0.0,,,0.0,0.0,0.0,,,0.0,0.0,0.0,,,0.0,0.0,0.0,,,0.0,0.0,0.0,,,0.0,0.0,0.0,,,0.0,0.0,0.0,,,0.0,0.0,0.0,0.0,0.0
2002507.67522,770,7,27,0770-07-27,5,-1.4431,1.4604,3178.7,30.0,0.0,,,0.0,0.0,0.0,,,0.0,0.0,0.0,,,0.0,0.0,0.0,,,0.0,0.0,0.0,,,0.0,0.0,0.0,,,0.0,0.0,0.0,,,0.0,0.0,0.0,,,0.0,0.0,0.0,0.0,0.0
2002537.02356,770,8,25,0770-08-25,6,1.1307,1.1228,3178.7,30.0,0.0479,42.5,11:02,0.0544,0.0416,0.0984,40.8,11:02,0.1045,0.0925,0.0151,42.9,11:00,0.0215,0.0089,0.0607,42.6,11:04,0.0673,0.0543,0.0916,43.6,11:10,0.0989,0.0845,0.0,,,0.0,0.0,0.0543,47.5,12:14,0.068,0.0405,0.0,,,0.0,0.0,0.0984,0.1045,0.0925
2002685.34745,771,1,20,0771-01-20,0,0.9212,0.8262,3170.7,30.0,0.0,,,0.0,0.0,0.0,,,0.0,0.0,0.0,,,0.0,0.0,0.0,,,0.0,0.0,0.0,,,0.0,0.0,0.0,,,0.0,0.0,0.0,,,0.0,0.0,0.0,,,0.0,0.0,0.0,0.0,0.0
2002862.38752,771,7,16,0771-07-16,2,-0.7212,0.7331,3170.7,30.0,0.0,,,0.0,0.0,0.0,,,0.0,0.0,0.0,,,0.0,0.0,0.0,,,0.0,0.0,0.0,,,0.0,0.0,0.0,,,0.0,0.0,0.0,,,0.0,0.0,0.0,,,0.0,0.0,0.0,0.0,0.0
2003039.33392,772,1,9,0772-01-09,4,0.2251,0.2055,3162.7,30.0,0.0,,,0.0,0.0,0.0,,,0.0,0.0,0.0,,,0.0,0.0,0.0,,,0.0,0.0,0.0,,,0.0,0.0,0.0,,,0.0,0.0,0.0,,,0.0,0.0,0.0,,,0.0,0.0,0.0,0.0,0.0
2003217.02442,772,7,5,0772-07-05,0,0.0204,0.02,3162.7,30.0,0.0579,56.3,11:26,0.0604,0.0551,0.0044,54.6,11:26,0.0066,0.0018,0.083,56.5,11:22,0.0861,0.0798,0.0514,56.3,11:26,0.0536,0.0488,0.0484,57.1,11:32,0.0494,0.0471,0.4203,68.9,11:54,0.4244,0.4156,0.3467,56.1,12:22,0.3568,0.3363,0.6159,55.3,12:34,0.6289,0.6027,0.083,0.0861,0.0798
2003393.56167,772,12,29,0772-12-29,2,-0.4778,0.4596,3162.7,30.0,0.0,,,0.0,0.0,0.0,,,0.0,0.0,0.0,,,0.0,0.0,0.0,,,0.0,0.0,0.0,,,0.0,0.0,0.0,,,0.0,0.0,0.0,,,0.0,0.0,0.0,,,0.0,0.0,0.0,0.0,0.0
2003571.41119,773,6,24,0773-06-24,4,0.8255,0.7647,3154.7,30.0,0.1245,-0.7,21:01,0.2196,0.0629,0.4121,-0.8,21:15,0.5053,0.3513,0.0919,-0.9,21:01,0.1536,0.0,0.1043,-0.7,20:59,0.1993,0.0427,0.0,,,0.0,0.0,0.0,,,0.0,0.0,0.0,,,0.0,0.0,0.0,,,0.0,0.0,0.4121,0.5053,0.3513
2003748.07669,773,12,18,0773-12-18,6,-1.1265,1.1375,3154.7,30.0,0.0,,,0.0,0.0,0.0,,,0.0,0.0,0.0,,,0.0,0.0,0.0,,,0.0,0.0,0.0,,,0.0,0.0,0.0,,,0.0,0.0,0.0,,,0.0,0.0,0.0,,,0.0,0.0,0.0,0.0,0.0
2003895.89071,774,5,15,0774-05-15,0,-1.2359,1.1107,3146.8,30.0,0.0,,,0.0,0.0,0.0,,,0.0,0.0,0.0,,,0.0,0.0,0.0,,,0.0,0.0,0.0,,,0.0,0.0,0.0,,,0.0,0.0,0.0,,,0.0,0.0,0.0,,,0.0,0.0,0.0,0.0,0.0
2004073.27282,774,11,8,0774-11-08,2,0.9249,0.9296,3146.8,30.0,0.0,,,0.0,0.0,0.0,,,0.0,0.0,0.0,,,0.0,0.0,0.0,,,0.0,0.0,0.0,,,0.0,0.0,0.0,,,0.0,0.0,0.0,,,0.0,0.0,0.0,,,0.0,0.0,0.0,0.0,0.0
2004250.01293,775,5,4,0775-05-04,4,-0.4451,0.4145,3138.8,30.0,0.0,,,0.0,0.0,0.0,,,0.0,0.0,0.0,,,0.0,0.0,0.0,,,0.0,0.0,0.0,,,0.0,0.0,0.0,,,0.0,0.0,0.0,,,0.0,0.0,0.0713,49.1,12:44,0.0761,0.0659,0.0,0.0,0.0
2004427.76336,775,10,29,0775-10-29,0,0.2518,0.2405,3138.8,30.0,0.0,,,0.0,0.0,0.0,,,0.0,0.0,0.0,,,0.0,0.0,0.0,,,0.0,0.0,0.0,,,0.0,0.0,0.0,,,0.0,0.0,0.0948,-0.8,04:36,0.1585,0.0,0.2841,-0.6,04:18,0.3738,0.2224,0.0,0.0,0.0
2004604.4257,776,4,22,0776-04-22,1,0.3354,0.3298,3130.9,30.0,0.0,,,0.0,0.0,0.0,,,0.0,0.0,0.0,,,0.0,0.0,0.0,,,0.0,0.0,0.0,,,0.0,0.0,0.0,,,0.0,0.0,0.0,,,0.0,0.0,0.0,,,0.0,0.0,0.0,0.0,0.0
2004781.9605,776,10,17,0776-10-17,4,-0.4713,0.4283,3130.9,30.0,0.0,,,0.0,0.0,0.0,,,0.0,0.0,0.0,,,0.0,0.0,0.0,,,0.0,0.0,0.0,,,0.0,0.0,0.0,,,0.0,0.0,0.0,,,0.0,0.0,0.0,,,0.0,0.0,0.0,0.0,0.0
2004929.74412,777,3,14,0777-03-14,5,-1.4999,1.5299,3122.9,30.0,0.0,,,0.0,0.0,0.0,,,0.0,0.0,0.0,,,0.0,0.0,0.0,,,0.0,0.0,0.0,,,0.0,0.0,0.0,,,0.0,0.0,0.0,,,0.0,0.0,0.0,,,0.0,0.0,0.0,0.0,0.0
2004959.07204,777,4,12,0777-04-12,6,1.0486,1.0679,3122.9,30.0,0.0428,43.9,13:33,0.0554,0.0304,0.0887,41.9,13:35,0.1005,0.0774,0.0314,45.3,13:29,0.0447,0.0184,0.0408,43.4,13:33,0.053,0.0289,0.0103,41.5,13:39,0.0214,0.0,0.0,,,0.0,0.0,0.0,,,0.0,0.0,0.0,,,0.0,0.0,0.0887,0.1005,0.0774
2005135.94417,777,10,6,0777-10-06,1,-1.1744,1.0546,3122.9,30.0,0.0,,,0.0,0.0,0.0,,,0.0,0.0,0.0,,,0.0,0.0,0.0,,,0.0,0.0,0.0,,,0.0,0.0,0.0,,,0.0,0.0,0.0,,,0.0,0.0,0.0,,,0.0,0.0,0.0,0.0,0.0
2005284.38342,778,3,3,0778-03-03,2,-0.8408,0.8306,3115.0,30.0,0.0,,,0.0,0.0,0.0,,,0.0,0.0,0.0,,,0.0,0.0,0.0,,,0.0,0.0,0.0,,,0.0,0.0,0.0,,,0.0,0.0,0.0,,,0.0,0.0,0.0,,,0.0,0.0,0.0,0.0,0.0
2005460.46813,778,8,26,0778-08-26,3,0.9794,0.9362,3115.0,30.0,0.0,,,0.0,0.0,0.0,,,0.0,0.0,0.0,,,0.0,0.0,0.0,,,0.0,0.0,0.0,,,0.0,0.0,0.0,,,0.0,0.0,0.0,,,0.0,0.0,0.0,,,0.0,0.0,0.0,0.0,0.0
2005638.79157,779,2,21,0779-02-21,0,-0.1312,0.1227,3107.1,30.0,0.0,,,0.0,0.0,0.0,,,0.0,0.0,0.0,,,0.0,0.0,0.0,,,0.0,0.0,0.0,,,0.0,0.0,0.0,,,0.0,0.0,0.0,,,0.0,0.0,0.0,,,0.0,0.0,0.0,0.0,0.0
2005815.00119,779,8,16,0779-08-16,1,0.2035,0.2045,3107.1,30.0,0.5153,39.9,10:03,0.5223,0.5081,0.4574,38.9,10:05,0.4641,0.4505,0.5524,40.0,10:03,0.5593,0.5454,0.5008,40.3,10:05,0.508,0.4932,0.4652,42.2,10:09,0.4735,0.4565,0.6782,59.9,10:31,0.6953,0.6606,0.4442,59.9,10:57,0.4648,0.4236,0.6257,65.5,11:13,0.6501,0.6014,0.5524,0.5593,0.5454
2005992.89252,780,2,10,0780-02-10,4,0.5986,0.5385,3099.2,30.0,0.3027,2.7,08:19,0.3033,0.3025,0.2963,2.4,08:23,0.2965,0.2963,0.3077,1.9,08:15,0.3086,0.3069,0.3013,3.0,08:19,0.3017,0.3013,0.3018,5.7,08:25,0.3029,0.301,0.4098,19.6,08:15,0.4151,0.405,0.5369,31.8,08:47,0.5501,0.5241,0.6584,39.0,08:31,0.6735,0.6441,0.3077,0.3086,0.3069
2006169.6964,780,8,5,0780-08-05,6,-0.522,0.5323,3099.2,30.0,0.0,,,0.0,0.0,0.0,,,0.0,0.0,0.0,,,0.0,0.0,0.0,,,0.0,0.0,0.0,,,0.0,0.0,0.0,,,0.0,0.0,0.0,,,0.0,0.0,0.0,,,0.0,0.0,0.0,0.0,0.0
2006346.86809,781,1,29,0781-01-29,1,1.2818,1.1606,3091.3,30.0,0.214,-0.7,08:16,0.273,0.1693,0.2048,-0.8,08:22,0.2486,0.14,0.164,-0.6,08:18,0.2259,0.1175,0.2613,-0.8,08:12,0.3012,0.2012,0.3905,-0.6,07:58,0.4249,0.3597,0.3726,8.9,07:22,0.3742,0.3708,0.3468,21.2,07:38,0.3512,0.3419,0.2256,26.1,07:20,0.2295,0.221,0.2613,0.3012,0.2012
2006494.97939,781,6,26,0781-06-26,2,1.3327,1.2834,3091.3,30.0,0.0,,,0.0,0.0,0.0,,,0.0,0.0,0.0,,,0.0,0.0,0.0,,,0.0,0.0,0.0,,,0.0,0.0,0.0,,,0.0,0.0,0.0,,,0.0,0.0,0.0,,,0.0,0.0,0.0,0.0,0.0
2006524.3593,781,7,25,0781-07-25,3,-1.2808,1.267,3091.3,30.0,0.0,,,0.0,0.0,0.0,,,0.0,0.0,0.0,,,0.0,0.0,0.0,,,0.0,0.0,0.0,,,0.0,0.0,0.0,,,0.0,0.0,0.0,,,0.0,0.0,0.0,,,0.0,0.0,0.0,0.0,0.0
2006671.46105,781,12,19,0781-12-19,3,-0.9334,0.9126,3091.3,30.0,0.0,,,0.0,0.0,0.0,,,0.0,0.0,0.0,,,0.0,0.0,0.0,,,0.0,0.0,0.0,,,0.0,0.0,0.0,,,0.0,0.0,0.0,,,0.0,0.0,0.0,,,0.0,0.0,0.0,0.0,0.0
2006849.28133,782,6,15,0782-06-15,6,0.6072,0.5553,3083.4,30.0,0.6187,15.2,18:51,0.6271,0.6104,0.5974,16.2,18:47,0.6053,0.5895,0.6384,15.3,18:53,0.6471,0.6298,0.609,15.0,18:49,0.6171,0.601,0.5793,12.9,18:49,0.5872,0.5714,0.5259,-0.6,18:43,0.5881,0.4796,0.0,,,0.0,0.0,0.0,,,0.0,0.0,0.6384,0.6471,0.6298
2007026.03272,782,12,9,0782-12-09,1,-0.2282,0.2322,3083.4,30.0,0.0,,,0.0,0.0,0.0,,,0.0,0.0,0.0,,,0.0,0.0,0.0,,,0.0,0.0,0.0,,,0.0,0.0,0.0,,,0.0,0.0,0.0,,,0.0,0.0,0.0,,,0.0,0.0,0.0,0.0,0.0
2007203.33539,783,6,4,0783-06-04,3,-0.1581,0.1418,3075.5,30.0,0.0,,,0.0,0.0,0.0,,,0.0,0.0,0.0,,,0.0,0.0,0.0,,,0.0,0.0,0.0,,,0.0,0.0,0.0,,,0.0,0.0,0.0,,,0.0,0.0,0.0,,,0.0,0.0,0.0,0.0,0.0
2007380.68591,783,11,29,0783-11-29,6,0.4403,0.4461,3075.5,30.0,0.0,,,0.0,0.0,0.0,,,0.0,0.0,0.0,,,0.0,0.0,0.0,,,0.0,0.0,0.0,,,0.0,0.0,0.0,,,0.0,0.0,0.0,,,0.0,0.0,0.0,,,0.0,0.0,0.0,0.0,0.0
2007557.41535,784,5,23,0784-05-23,0,-0.9127,0.8407,3067.6,30.0,0.0,,,0.0,0.0,0.0,,,0.0,0.0,0.0,,,0.0,0.0,0.0,,,0.0,0.0,0.0,,,0.0,0.0,0.0,,,0.0,0.0,0.0,,,0.0,0.0,0.0,,,0.0,0.0,0.0,0.0,0.0
2007735.22454,784,11,17,0784-11-17,3,1.162,1.125,3067.6,30.0,0.0,,,0.0234,0.0,0.0,,,0.0,0.0,0.0451,-0.7,16:28,0.1267,0.0,0.0,,,0.0,0.0,0.0,,,0.0,0.0,0.0,,,0.0,0.0,0.0,,,0.0,0.0,0.0,,,0.0,0.0,0.0451,0.1267,0.0
2007882.3995,785,4,13,0785-04-13,3,0.9959,0.9928,3059.8,30.0,0.0,,,0.0,0.0,0.0,,,0.0,0.0,0.0,,,0.0,0.0,0.0,,,0.0,0.0,0.0,,,0.0,0.0,0.0,,,0.0,0.0,0.0,,,0.0,0.0,0.0,,,0.0,0.0,0.0,0.0,0.0
2008059.754,785,10,8,0785-10-08,6,-1.0492,0.9455,3059.8,30.0,0.0,,,0.0,0.0,0.0,,,0.0,0.0,0.0,,,0.0,0.0,0.0,,,0.0,0.0,0.0,,,0.0,0.0,0.0,,,0.0,0.0,0.0,,,0.0,0.0,0.0,,,0.0,0.0,0.0,0.0,0.0
2008237.07708,786,4,3,0786-04-03,1,0.2548,0.2601,3051.9,30.0,0.2578,40.2,13:44,0.2655,0.2497,0.2115,38.3,13:44,0.2188,0.204,0.2741,41.6,13:42,0.2824,0.2657,0.2562,39.5,13:46,0.2637,0.2485,0.2726,37.7,13:50,0.2792,0.2656,0.7133,37.3,14:10,0.7185,0.7076,0.78,23.2,14:26,0.7805,0.7788,0.9643,22.7,14:32,0.9643,0.9628,0.2741,0.2824,0.2657
2008413.73327,786,9,27,0786-09-27,3,-0.3472,0.3136,3051.9,30.0,0.0,,,0.0,0.0,0.0,,,0.0,0.0,0.0,,,0.0,0.0,0.0,,,0.0,0.0,0.0,,,0.0,0.0,0.0,,,0.0,0.0,0.0,,,0.0,0.0,0.0,,,0.0,0.0,0.0,0.0,0.0
2008591.75326,787,3,24,0787-03-24,6,-0.4718,0.4709,3044.1,30.0,0.0,,,0.0,0.0,0.0,,,0.0,0.0,0.0,,,0.0,0.0,0.0,,,0.0,0.0,0.0,,,0.0,0.0,0.0,,,0.0,0.0,0.0,,,0.0,0.0,0.0,,,0.0,0.0,0.0,0.0,0.0
2008767.88742,787,9,16,0787-09-16,0,0.3855,0.3638,3044.1,30.0,0.6195,6.6,06:57,0.6201,0.6187,0.5702,7.0,07:01,0.5709,0.5696,0.6457,5.9,06:57,0.6459,0.6453,0.6111,7.4,06:59,0.6117,0.6104,0.5999,9.7,06:59,0.6011,0.5983,0.9206,21.1,06:53,0.9253,0.9171,0.865,35.6,07:11,0.8734,0.8563,0.8418,41.5,07:11,0.8524,0.8316,0.6457,0.6459,0.6453
2008946.23655,788,3,12,0788-03-12,3,-1.2546,1.1879,3036.2,30.0,0.0,,,0.0,0.0,0.0,,,0.0,0.0,0.0,,,0.0,0.0,0.0,,,0.0,0.0,0.0,,,0.0,0.0,0.0,,,0.0,0.0,0.0,,,0.0,0.0,0.0,,,0.0,0.0,0.0,0.0,0.0
2009092.99458,788,8,6,0788-08-06,3,-1.4993,1.5199,3036.2,30.0,0.0,,,0.0,0.0,0.0,,,0.0,0.0,0.0,,,0.0,0.0,0.0,,,0.0,0.0,0.0,,,0.0,0.0,0.0,,,0.0,0.0,0.0,,,0.0,0.0,0.0,,,0.0,0.0,0.0,0.0,0.0
2009122.35164,788,9,4,0788-09-04,4,1.0821,1.0775,3036.2,30.0,0.0,,,0.0,0.0,0.0,,,0.0,0.0,0.0,,,0.0,0.0,0.0,,,0.0,0.0,0.0,,,0.0,0.0,0.0,,,0.0,0.0,0.0,,,0.0,0.0,0.0,,,0.0,0.0,0.0,0.0,0.0
2009270.67,789,1,31,0789-01-31,6,0.9414,0.8441,3028.4,30.0,0.0,,,0.0,0.0,0.0,,,0.0,0.0,0.0,,,0.0,0.0,0.0,,,0.0,0.0,0.0,,,0.0,0.0,0.0,,,0.0,0.0,0.0,,,0.0,0.0,0.0,,,0.0,0.0,0.0,0.0,0.0
2009447.70351,789,7,27,0789-07-27,1,-0.7876,0.7996,3028.4,30.0,0.0,,,0.0,0.0,0.0,,,0.0,0.0,0.0,,,0.0,0.0,0.0,,,0.0,0.0,0.0,,,0.0,0.0,0.0,,,0.0,0.0,0.0,,,0.0,0.0,0.0,,,0.0,0.0,0.0,0.0,0.0
2009624.6676,790,1,20,0790-01-20,3,0.2378,0.2176,3020.6,30.0,0.0,,,0.0,0.0,0.0,,,0.0,0.0,0.0,,,0.0,0.0,0.0,,,0.0,0.0,0.0,,,0.0,0.0,0.0,,,0.0,0.0,0.0,,,0.0,0.0,0.0,,,0.0,0.0,0.0,0.0,0.0
2009802.32568,790,7,16,0790-07-16,5,-0.0525,0.0511,3020.6,30.0,0.0,,,0.0,0.0,0.0,,,0.0,0.0,0.0,,,0.0,0.0,0.0,,,0.0,0.0,0.0,,,0.0,0.0,0.0,,,0.0,0.0,0.0,,,0.0,0.0,0.0,,,0.0,0.0,0.0,0.0,0.0
2009978.91476,791,1,9,0791-01-09,0,-0.4701,0.4535,3012.8,30.0,0.0,,,0.0,0.0,0.0,,,0.0,0.0,0.0,,,0.0,0.0,0.0,,,0.0,0.0,0.0,,,0.0,0.0,0.0,,,0.0,0.0,0.0,,,0.0,0.0,0.0,,,0.0,0.0,0.0,0.0,0.0
2010156.6912,791,7,6,0791-07-06,3,0.7472,0.69,3012.8,30.0,0.0,,,0.0,0.0,0.1256,-0.8,03:47,0.2151,0.0668,0.0,,,0.0,0.0,0.0,,,0.015,0.0,0.23,-0.7,03:37,0.3191,0.1713,0.0,,,0.0,0.0,0.7454,-0.9,02:37,0.8004,0.6559,0.1024,-0.7,03:01,0.158,0.0153,0.1256,0.2151,0.0668
2010333.44319,791,12,29,0791-12-29,4,-1.1209,1.1337,3012.8,30.0,0.0,,,0.0,0.0,0.0,,,0.0,0.0,0.0,,,0.0,0.0,0.0,,,0.0,0.0,0.0,,,0.0,0.0,0.0,,,0.0,0.0,0.0,,,0.0,0.0,0.0,,,0.0,0.0,0.0,0.0,0.0
2010481.15844,792,5,25,0792-05-25,5,-1.3193,1.1869,3005.0,30.0,0.0,,,0.0,0.0,0.0,,,0.0,0.0,0.0,,,0.0,0.0,0.0,,,0.0,0.0,0.0,,,0.0,0.0,0.0,,,0.0,0.0,0.0,,,0.0,0.0,0.0,,,0.0,0.0,0.0,0.0,0.0
2010510.7792,792,6,24,0792-06-24,0,1.5317,1.3741,3005.0,30.0,0.0,,,0.0,0.0,0.0,,,0.0,0.0,0.0,,,0.0,0.0,0.0,,,0.0,0.0,0.0,,,0.0,0.0,0.0,,,0.0,0.0,0.0,,,0.0,0.0,0.0,,,0.0,0.0,0.0,0.0,0.0
2010658.63637,792,11,19,0792-11-19,1,0.9323,0.9352,3005.0,30.0,0.0,,,0.0,0.0,0.0,,,0.0,0.0,0.0,,,0.0,0.0,0.0,,,0.0,0.0,0.0,,,0.0,0.0,0.0,,,0.0,0.0,0.0,,,0.0,0.0,0.0,,,0.0,0.0,0.0,0.0,0.0
2010835.29784,793,5,14,0793-05-14,2,-0.5219,0.4875,2997.2,30.0,0.0,,,0.0,0.0,0.0,,,0.0,0.0,0.0,,,0.0,0.0,0.0,,,0.0,0.0,0.0,,,0.0,0.0,0.0,,,0.0,0.0,0.0,,,0.0,0.0,0.0,,,0.0,0.0,0.0,0.0,0.0
2011013.11065,793,11,8,0793-11-08,5,0.2632,0.2506,2997.2,30.0,0.0,,,0.0,0.0,0.0,,,0.0,0.0,0.0,,,0.0,0.0,0.0,,,0.0,0.0,0.0,,,0.0,0.0,0.0,,,0.0,0.0,0.0,,,0.0,0.0,0.0134,-0.0,15:01,0.0211,0.0056,0.0,0.0,0.0
2011189.73234,794,5,4,0794-05-04,0,0.2655,0.2618,2989.4,30.0,0.0,,,0.0,0.0,0.0,,,0.0,0.0,0.0,,,0.0,0.0,0.0,,,0.0,0.0,0.0,,,0.0,0.0,0.0,,,0.0,0.0,0.0,,,0.0,0.0,0.0223,6.9,03:46,0.0307,0.0142,0.0,0.0,0.0
2011367.28778,794,10,28,0794-10-28,2,-0.4529,0.4109,2989.4,30.0,0.0,,,0.0,0.0,0.0,,,0.0,0.0,0.0,,,0.0,0.0,0.0,,,0.0,0.0,0.0,,,0.0,0.0,0.0,,,0.0,0.0,0.0,,,0.0,0.0,0.0,,,0.0,0.0,0.0,0.0,0.0
2011544.39208,795,4,23,0795-04-23,4,0.9863,1.0052,2981.7,30.0,0.0,,,0.0,0.0,0.0,,,0.0,0.0,0.0,,,0.0,0.0,0.0,,,0.0,0.0,0.0,,,0.0,0.0,0.0,,,0.0,0.0,0.0,,,0.0,0.0,0.0,,,0.0,0.0,0.0,0.0,0.0
2011721.26218,795,10,17,0795-10-17,6,-1.147,1.0308,2981.7,30.0,0.0,,,0.0,0.0,0.0,,,0.0,0.0,0.0,,,0.0,0.0,0.0,,,0.0,0.0,0.0,,,0.0,0.0,0.0,,,0.0,0.0,0.0,,,0.0,0.0,0.0,,,0.0,0.0,0.0,0.0,0.0
2011869.71585,796,3,14,0796-03-14,1,-0.8829,0.8695,2973.9,30.0,0.0,,,0.0,0.0,0.0,,,0.0,0.0,0.0,,,0.0,0.0,0.0,,,0.0,0.0,0.0,,,0.0,0.0,0.0,,,0.0,0.0,0.0,,,0.0,0.0,0.0,,,0.0,0.0,0.0,0.0,0.0
2012045.78557,796,9,6,0796-09-06,2,1.0242,0.9824,2973.9,30.0,0.0,,,0.0,0.0,0.0,,,0.0,0.0,0.0,,,0.0,0.0,0.0,,,0.0,0.0,0.0,,,0.0,0.0,0.0,,,0.0,0.0,0.0,,,0.0,0.0,0.0,,,0.0,0.0,0.0,0.0,0.0
2012224.11338,797,3,3,0797-03-03,5,-0.1675,0.1561,2966.2,30.0,0.0,,,0.0,0.0,0.0,,,0.0,0.0,0.0,,,0.0,0.0,0.0,,,0.0,0.0,0.0,,,0.0,0.0,0.1949,14.1,15:45,0.2035,0.1859,0.3055,2.0,15:47,0.3095,0.3012,0.6027,2.6,15:47,0.6068,0.5983,0.0,0.0,0.0
2012400.32706,797,8,26,0797-08-26,6,0.256,0.2578,2966.2,30.0,0.0,,,0.0,0.0,0.0,,,0.0,0.0,0.0,,,0.0,0.0,0.0,,,0.0,0.0,0.0,,,0.0,0.0,0.0,,,0.0,0.0,0.0,,,0.0,0.0,0.0,,,0.0,0.0,0.0,0.0,0.0
2012578.20608,798,2,20,0798-02-20,2,0.5668,0.5094,2958.5,30.0,0.7837,-0.4,17:51,0.7892,0.7759,0.8333,-0.8,17:49,0.8386,0.8006,0.7629,0.6,17:51,0.7689,0.7572,0.7855,-0.8,17:49,0.7928,0.7638,0.6293,-0.7,17:31,0.6992,0.578,0.0,,,0.0,0.0,0.0,,,0.0,0.0,0.0,,,0.0,0.0,0.8333,0.8386,0.8006
2012755.02027,798,8,16,0798-08-16,4,-0.4642,0.4732,2958.5,30.0,0.0,,,0.0,0.0,0.0,,,0.0,0.0,0.0,,,0.0,0.0,0.0,,,0.0,0.0,0.0,,,0.0,0.0,0.0,,,0.0,0.0,0.0,,,0.0,0.0,0.0,,,0.0,0.0,0.0,0.0,0.0
2012932.19009,799,2,9,0799-02-09,6,1.2561,1.1392,2950.7,30.0,0.0,,,0.0,0.0,0.0,,,0.0,0.0,0.0,,,0.0,0.0,0.0,,,0.0,0.0,0.0,,,0.0,0.0,0.0,,,0.0,0.0,0.0,,,0.0,0.0,0.0,,,0.0,0.0,0.0,0.0,0.0
2013080.27407,799,7,7,0799-07-07,0,1.4107,1.3538,2950.7,30.0,0.0,,,0.0062,0.0,0.0141,18.0,18:31,0.022,0.0059,0.0,,,0.0,0.0,0.0068,16.9,18:33,0.015,0.0,0.0356,14.9,18:31,0.0432,0.0279,0.0,,,0.0,0.0,0.0,,,0.0,0.0,0.0,,,0.0,0.0,0.0141,0.022,0.0059
2013109.67054,799,8,6,0799-08-06,2,-1.2223,1.2056,2950.7,30.0,0.0,,,0.0,0.0,0.0,,,0.0,0.0,0.0,,,0.0,0.0,0.0,,,0.0,0.0,0.0,,,0.0,0.0,0.0,,,0.0,0.0,0.0,,,0.0,0.0,0.0,,,0.0,0.0,0.0,0.0,0.0
2013256.82009,799,12,31,0799-12-31,2,-0.9348,0.9165,2950.7,30.0,0.0,,,0.0,0.0,0.0,,,0.0,0.0,0.0,,,0.0,0.0,0.0,,,0.0,0.0,0.0,,,0.0,0.0,0.0,,,0.0,0.0,0.0,,,0.0,0.0,0.0,,,0.0,0.0,0.0,0.0,0.0
2013434.55527,800,6,26,0800-06-26,5,0.6926,0.6318,2943.0,25.0,0.0,,,0.0,0.0,0.0,,,0.0,0.0,0.0,,,0.0,0.0,0.0,,,0.0,0.0,0.0,,,0.0,0.0,0.0,,,0.0,0.0,0.0,,,0.0,0.0,0.0,,,0.0,0.0,0.0,0.0,0.0
2013611.40196,800,12,19,0800-12-19,6,-0.2303,0.2346,2943.0,25.0,0.0,,,0.0,0.0,0.0,,,0.0,0.0,0.0,,,0.0,0.0,0.0,,,0.0,0.0,0.0,,,0.0,0.0,0.0,,,0.0,0.0,0.0,,,0.0,0.0,0.0,,,0.0,0.0,0.0,0.0,0.0
2013788.60009,801,6,15,0801-06-15,2,-0.0688,0.0617,2935.3,25.0,0.0,,,0.0,0.0,0.0,,,0.0,0.0,0.0,,,0.0,0.0,0.0,,,0.0,0.0,0.0,,,0.0,0.0,0.0,,,0.0,0.0,0.0,,,0.0,0.0,0.0,,,0.0,0.0,0.0,0.0,0.0
2013966.05399,801,12,9,0801-12-09,4,0.4388,0.4439,2935.3,25.0,0.0131,12.4,12:36,0.0152,0.0113,0.0008,10.4,12:36,0.0029,0.0,0.0185,13.5,12:34,0.0203,0.0171,0.0126,12.1,12:38,0.0151,0.0106,0.0201,11.3,12:46,0.0238,0.0168,0.2513,18.2,13:18,0.262,0.241,0.4271,8.1,13:40,0.4402,0.4139,0.6603,12.0,13:50,0.6756,0.645,0.0185,0.0203,0.0171
2014142.6928,802,6,4,0802-06-04,6,-0.8275,0.7645,2927.6,25.0,0.0,,,0.0,0.0,0.0,,,0.0,0.0,0.0,,,0.0,0.0,0.0,,,0.0,0.0,0.0,,,0.0,0.0,0.0,,,0.0,0.0,0.0,,,0.0,0.0,0.0,,,0.0,0.0,0.0,0.0,0.0
2014320.58064,802,11,29,0802-11-29,2,1.1617,1.1215,2927.6,25.0,0.0,,,0.0,0.0,0.0,,,0.0,0.0,0.0,,,0.0,0.0,0.0,,,0.0,0.0,0.0,,,0.0,0.0,0.0,,,0.0,0.0,0.0,,,0.0,0.0,0.0,,,0.0,0.0,0.0,0.0,0.0
2014467.71333,803,4,25,0803-04-25,2,1.0555,1.0549,2920.0,25.0,0.0,,,0.0,0.0,0.0,,,0.0093,0.0,0.0,,,0.0,0.0,0.0,,,0.0,0.0,0.1338,-0.7,04:32,0.2408,0.0635,0.0422,-0.6,04:10,0.1413,0.0,0.5748,1.6,03:18,0.5805,0.5694,0.3333,-0.6,03:18,0.3645,0.3051,0.0,0.0093,0.0
2014497.06626,803,5,24,0803-05-24,3,-1.5325,1.4945,2920.0,25.0,0.0,,,0.0,0.0,0.0,,,0.0,0.0,0.0,,,0.0,0.0,0.0,,,0.0,0.0,0.0,,,0.0,0.0,0.0,,,0.0,0.0,0.0,,,0.0,0.0,0.0,,,0.0,0.0,0.0,0.0,0.0
2014645.07362,803,10,19,0803-10-19,4,-1.0744,0.9671,2920.0,25.0,0.0,,,0.0,0.0,0.0,,,0.0,0.0,0.0,,,0.0,0.0,0.0,,,0.0,0.0,0.0,,,0.0,0.0,0.0,,,0.0,0.0,0.0,,,0.0,0.0,0.0,,,0.0,0.0,0.0,0.0,0.0
2014822.40203,804,4,13,0804-04-13,6,0.3115,0.3179,2912.3,25.0,0.0,,,0.0,0.0,0.0,,,0.0,0.0,0.0,,,0.0,0.0,0.0,,,0.0,0.0,0.0,,,0.0,0.0,0.0,,,0.0,0.0,0.0,,,0.0,0.0,0.0,,,0.0,0.0,0.0,0.0,0.0
2014999.04818,804,10,7,0804-10-07,1,-0.3785,0.3424,2912.3,25.0,0.0,,,0.0,0.0,0.0,,,0.0,0.0,0.0,,,0.0,0.0,0.0,,,0.0,0.0,0.0,,,0.0,0.0,0.0,,,0.0,0.0,0.0,,,0.0,0.0,0.0,,,0.0,0.0,0.0,0.0,0.0
2015177.07755,805,4,3,0805-04-03,4,-0.4216,0.4197,2904.6,25.0,0.0,,,0.0,0.0,0.0,,,0.0,0.0,0.0,,,0.0,0.0,0.0,,,0.0,0.0,0.0,,,0.0,0.0,0.0,,,0.0,0.0,0.0,,,0.0,0.0,0.0,,,0.0,0.0,0.0,0.0,0.0
2015353.21253,805,9,26,0805-09-26,5,0.3495,0.3308,2904.6,25.0,0.0,,,0.0,0.0,0.0,,,0.0,0.0,0.0,,,0.0,0.0,0.0,,,0.0,0.0,0.0,,,0.0,0.0,0.0232,-0.7,16:53,0.043,0.0,0.0,,,0.0,0.0,0.0,,,0.0,0.0,0.0,0.0,0.0
2015531.54994,806,3,24,0806-03-24,2,-1.2111,1.143,2897.0,25.0,0.0,,,0.0,0.0,0.0,,,0.0,0.0,0.0,,,0.0,0.0,0.0,,,0.0,0.0,0.0,,,0.0,0.0,0.0,,,0.0,0.0,0.0,,,0.0,0.0,0.0,,,0.0,0.0,0.0,0.0,0.0
2015707.68604,806,9,16,0806-09-16,3,1.0405,1.0388,2897.0,25.0,0.0,,,0.0,0.0,0.0,,,0.0,0.0,0.0,,,0.0,0.0,0.0,,,0.0,0.0,0.0,,,0.0,0.0,0.0,,,0.0,0.0,0.0,,,0.0,0.0,0.0,,,0.0,0.0,0.0,0.0,0.0
2015855.98733,807,2,11,0807-02-11,4,0.9675,0.8673,2889.4,25.0,0.9162,18.7,10:47,0.9162,0.9145,0.9159,17.5,10:53,0.916,0.9158,0.9124,18.9,10:43,0.9149,0.9095,0.9162,18.9,10:49,0.9163,0.914,0.9071,20.0,10:55,0.9112,0.9027,0.6776,35.4,11:07,0.6874,0.6674,0.5079,33.2,11:41,0.5208,0.495,0.2994,42.1,11:37,0.3149,0.2837,0.9162,0.9163,0.9158
2016033.0227,807,8,7,0807-08-07,6,-0.8498,0.8616,2889.4,25.0,0.0,,,0.0,0.0,0.0,,,0.0,0.0,0.0,,,0.0,0.0,0.0,,,0.0,0.0,0.0,,,0.0,0.0,0.0,,,0.0,0.0,0.0,,,0.0,0.0,0.0,,,0.0,0.0,0.0,0.0,0.0
2016209.99795,808,1,31,0808-01-31,1,0.255,0.2338,2881.7,25.0,0.0,,,0.0,0.0,0.0,,,0.0,0.0,0.0,,,0.0,0.0,0.0,,,0.0,0.0,0.0,,,0.0,0.0,0.0,,,0.0031,0.0,0.1605,26.4,12:21,0.1732,0.1478,0.3755,33.5,12:25,0.3907,0.3603,0.0,0.0,0.0
2016387.62892,808,7,27,0808-07-27,4,-0.122,0.1185,2881.7,25.0,0.0,,,0.0,0.0,0.0,,,0.0,0.0,0.0,,,0.0,0.0,0.0,,,0.0,0.0,0.0,,,0.0,0.0,0.0,,,0.0,0.0,0.0,,,0.0,0.0,0.0,,,0.0,0.0,0.0,0.0,0.0
2016564.26631,809,1,19,0809-01-19,5,-0.46,0.4451,2874.1,25.0,0.0,,,0.0,0.0,0.0,,,0.0,0.0,0.0,,,0.0,0.0,0.0,,,0.0,0.0,0.0,,,0.0,0.0,0.0,,,0.0,0.0,0.0,,,0.0,0.0,0.0,,,0.0,0.0,0.0,0.0,0.0
2016741.97131,809,7,16,0809-07-16,1,0.6696,0.6165,2874.1,25.0,0.7936,43.4,09:36,0.7986,0.7889,0.8397,43.0,09:40,0.8442,0.8349,0.7748,42.9,09:34,0.7803,0.7693,0.7973,44.0,09:38,0.8019,0.7927,0.7907,46.6,09:44,0.7947,0.7869,0.4067,63.9,09:58,0.408,0.4059,0.4205,68.6,10:44,0.4279,0.4139,0.1488,74.1,10:58,0.1592,0.1391,0.8397,0.8442,0.8349
2016918.80887,810,1,9,0810-01-09,3,-1.1145,1.1288,2866.5,25.0,0.0,,,0.0,0.0,0.0,,,0.0,0.0,0.0,,,0.0,0.0,0.0,,,0.0,0.0,0.0,,,0.0,0.0,0.0,,,0.0,0.0,0.0,,,0.0,0.0,0.0,,,0.0,0.0,0.0,0.0,0.0
2017066.42503,810,6,5,0810-06-05,3,-1.4034,1.2642,2866.5,25.0,0.0,,,0.0,0.0,0.0,,,0.0,0.0,0.0,,,0.0,0.0,0.0,,,0.0,0.0,0.0,,,0.0,0.0,0.0,,,0.0,0.0,0.0,,,0.0,0.0,0.0,,,0.0,0.0,0.0,0.0,0.0
2017096.04545,810,7,5,0810-07-05,5,1.448,1.2986,2866.5,25.0,0.0,,,0.0,0.0,0.0,,,0.0,0.0,0.0,,,0.0,0.0,0.0,,,0.0,0.0,0.0,,,0.0,0.0,0.0,,,0.0,0.0,0.0,,,0.0,0.0,0.0,,,0.0,0.0,0.0,0.0,0.0
2017244.00141,810,11,30,0810-11-30,6,0.9377,0.9387,2866.5,25.0,0.8504,9.5,10:24,0.8611,0.8388,0.8757,7.9,10:26,0.8866,0.8655,0.8249,9.9,10:22,0.8362,0.8128,0.8625,9.5,10:24,0.8741,0.8517,0.903,10.5,10:30,0.9126,0.8924,0.871,25.8,10:50,0.8822,0.8598,0.9583,23.7,11:22,0.962,0.9542,0.8157,31.3,11:34,0.8181,0.8129,0.8757,0.8866,0.8655
2017420.5823,811,5,26,0811-05-26,1,-0.5999,0.5623,2858.9,25.0,0.0,,,0.0,0.0,0.0,,,0.0,0.0,0.0,,,0.0,0.0,0.0,,,0.0,0.0,0.0,,,0.0,0.0,0.0,,,0.0,0.0,0.0,,,0.0,0.0,0.0,,,0.0,0.0,0.0,0.0,0.0
2017598.46002,811,11,19,0811-11-19,3,0.2712,0.2574,2858.9,25.0,0.0,,,0.0,0.0,0.0,,,0.0,0.0,0.0,,,0.0,0.0,0.0,,,0.0,0.0,0.0,,,0.0,0.0,0.0,,,0.0,0.0,0.0,,,0.0,0.0,0.0,,,0.0,0.0,0.0,0.0,0.0
2017775.03803,812,5,14,0812-05-14,5,0.1936,0.1915,2851.3,25.0,0.3864,55.4,12:33,0.3963,0.3763,0.3384,53.4,12:35,0.3475,0.3289,0.4013,56.5,12:31,0.412,0.3904,0.3863,55.0,12:35,0.3958,0.3764,0.4083,54.0,12:41,0.4166,0.3997,0.8792,57.5,12:57,0.8849,0.8728,0.9338,42.1,13:21,0.9348,0.9319,0.7895,41.1,13:27,0.7926,0.7871,0.4013,0.412,0.3904
2017952.61777,812,11,8,0812-11-08,1,-0.4382,0.3968,2851.3,25.0,0.0,,,0.0,0.0,0.0,,,0.0,0.0,0.0,,,0.0,0.0,0.0,,,0.0,0.0,0.0,,,0.0,0.0,0.0,,,0.0,0.0,0.0,,,0.0,0.0,0.0,,,0.0,0.0,0.0,0.0,0.0
2018129.70938,813,5,4,0813-05-04,3,0.9209,0.939,2843.8,25.0,0.3263,-0.9,04:34,0.4005,0.2122,0.5843,-0.9,04:24,0.6555,0.4729,0.1001,-0.8,04:44,0.1749,0.0,0.409,-0.7,04:30,0.5218,0.3349,0.7439,-0.7,04:12,0.8403,0.6747,0.5586,-0.6,03:58,0.6741,0.4832,0.9663,5.4,03:28,0.9724,0.959,0.8241,0.3,03:14,0.8302,0.8171,0.5843,0.6555,0.4729
2018306.5853,813,10,28,0813-10-28,5,-1.1251,1.012,2843.8,25.0,0.0,,,0.0,0.0,0.0,,,0.0,0.0,0.0,,,0.0,0.0,0.0,,,0.0,0.0,0.0,,,0.0,0.0,0.0,,,0.0,0.0,0.0,,,0.0,0.0,0.0,,,0.0,0.0,0.0,0.0,0.0
2018455.04087,814,3,25,0814-03-25,6,-0.9331,0.9162,2836.2,25.0,0.0,,,0.0,0.0,0.0,,,0.0,0.0,0.0,,,0.0,0.0,0.0,,,0.0,0.0,0.0,,,0.0,0.0,0.0,,,0.0,0.0,0.0,,,0.0,0.0,0.0,,,0.0,0.0,0.0,0.0,0.0
2018631.11032,814,9,17,0814-09-17,0,1.0611,1.0212,2836.2,25.0,0.4921,34.6,13:31,0.5059,0.4781,0.5136,32.9,13:27,0.5267,0.5004,0.4668,35.8,13:31,0.4811,0.4522,0.5059,34.1,13:31,0.5194,0.4921,0.5534,32.4,13:35,0.5662,0.5403,0.5932,30.8,14:13,0.6056,0.5807,0.7114,17.6,14:25,0.718,0.7042,0.6018,15.2,14:43,0.6073,0.5959,0.5136,0.5267,0.5004
2018809.42688,815,3,14,0815-03-14,3,-0.2128,0.1978,2828.7,25.0,0.0,,,0.0,0.0,0.0,,,0.0,0.0,0.0,,,0.0,0.0,0.0,,,0.0,0.0,0.0,,,0.0,0.0,0.0,,,0.0,0.0,0.0,,,0.0,0.0,0.0,,,0.0,0.0,0.0,0.0,0.0
2018985.65946,815,9,7,0815-09-07,5,0.3009,0.3036,2828.7,25.0,0.0,,,0.0,0.0,0.0,,,0.0,0.0,0.0,,,0.0,0.0,0.0,,,0.0,0.0,0.0,,,0.0,0.0,0.0,,,0.0,0.0,0.0,,,0.0,0.0,0.0,,,0.0,0.0,0.0,0.0,0.0
2019163.51216,816,3,3,0816-03-03,1,0.5263,0.4727,2821.1,25.0,0.0,,,0.0,0.0,0.0,,,0.0,0.0,0.0,,,0.0,0.0,0.0,,,0.0,0.0,0.0,,,0.0,0.0,0.0,,,0.0,0.0,0.0,,,0.0,0.0,0.0,,,0.0,0.0,0.0,0.0,0.0
2019340.34932,816,8,26,0816-08-26,2,-0.413,0.4207,2821.1,25.0,0.0,,,0.0,0.0,0.0,,,0.0,0.0,0.0,,,0.0,0.0,0.0,,,0.0,0.0,0.0,,,0.0,0.0,0.0,,,0.0,0.0,0.0,,,0.0,0.0,0.0,,,0.0,0.0,0.0,0.0,0.0
2019517.50688,817,2,20,0817-02-20,5,1.2235,1.1117,2813.6,25.0,0.0,,,0.0,0.0,0.0,,,0.0,0.0,0.0,,,0.0,0.0,0.0,,,0.0,0.0,0.0,,,0.0,0.0,0.0,,,0.0,0.0,0.0,,,0.0,0.0,0.0,,,0.0,0.0,0.0,0.0,0.0
2019665.56895,817,7,18,0817-07-18,6,1.4876,1.4226,2813.6,25.0,0.0,,,0.0,0.0,0.0,,,0.0,0.0,0.0,,,0.0,0.0,0.0,,,0.0,0.0,0.0,,,0.0,0.0,0.0,,,0.0,0.0,0.0,,,0.0,0.0,0.0,,,0.0,0.0,0.0,0.0,0.0
2019694.98459,817,8,16,0817-08-16,0,-1.1676,1.1482,2813.6,25.0,0.0,,,0.0,0.0,0.0,,,0.0,0.0,0.0,,,0.0,0.0,0.0,,,0.0,0.0,0.0,,,0.0,0.0,0.0,,,0.0,0.0,0.0,,,0.0,0.0,0.0,,,0.0,0.0,0.0,0.0,0.0
2019842.17827,818,1,10,0818-01-10,0,-0.9379,0.922,2806.1,25.0,0.0,,,0.0,0.0,0.0,,,0.0,0.0,0.0,,,0.0,0.0,0.0,,,0.0,0.0,0.0,,,0.0,0.0,0.0,,,0.0,0.0,0.0,,,0.0,0.0,0.0,,,0.0,0.0,0.0,0.0,0.0
2020019.82862,818,7,7,0818-07-07,3,0.778,0.7081,2806.1,25.0,0.7398,10.9,05:38,0.7485,0.7311,0.7709,12.1,05:40,0.7792,0.7628,0.7315,9.5,05:36,0.7403,0.7227,0.7383,11.6,05:38,0.7468,0.7297,0.7151,13.9,05:38,0.7236,0.7066,0.3413,15.7,05:18,0.3521,0.3307,0.186,28.8,05:24,0.1955,0.1769,0.0,,,0.0,0.0,0.7709,0.7792,0.7628
2020196.7706,818,12,31,0818-12-31,5,-0.2333,0.2379,2806.1,25.0,0.0,,,0.0,0.0,0.0,,,0.0,0.0,0.0,,,0.0,0.0,0.0,,,0.0,0.0,0.0,,,0.0,0.0,0.0,,,0.0,0.0,0.0,,,0.0,0.0,0.0,,,0.0,0.0,0.0,0.0,0.0
2020373.8654,819,6,26,0819-06-26,0,0.0201,0.018,2798.6,25.0,0.0,,,0.0,0.0,0.0,,,0.0,0.0,0.0,,,0.0,0.0,0.0,,,0.0,0.0,0.0,,,0.0,0.0,0.3274,30.8,06:35,0.3376,0.3171,0.4701,45.8,06:49,0.4775,0.4624,0.745,44.9,06:39,0.7543,0.7354,0.0,0.0,0.0
2020551.42243,819,12,20,0819-12-20,2,0.438,0.4424,2798.6,25.0,0.0,,,0.0,0.0,0.0,,,0.0,0.0,0.0,,,0.0,0.0,0.0,,,0.0,0.0,0.0,,,0.0,0.0,0.0,,,0.0,0.0,0.0,,,0.0,0.0,0.0,,,0.0,0.0,0.0,0.0,0.0
2020727.97128,820,6,14,0820-06-14,4,-0.7426,0.6881,2791.1,25.0,0.0,,,0.0,0.0,0.0,,,0.0,0.0,0.0,,,0.0,0.0,0.0,,,0.0,0.0,0.0,,,0.0,0.0,0.0,,,0.0,0.0,0.0,,,0.0,0.0,0.0,,,0.0,0.0,0.0,0.0,0.0
2020905.93747,820,12,9,0820-12-09,0,1.163,1.1195,2791.1,25.0,0.5241,0.9,08:59,0.5319,0.5162,0.5471,0.0,09:03,0.5543,0.5398,0.5034,0.8,08:57,0.5115,0.495,0.5337,1.3,09:01,0.5411,0.5259,0.5616,3.1,09:05,0.5684,0.5544,0.4809,19.4,09:09,0.4876,0.4739,0.5172,25.6,09:39,0.5172,0.5168,0.3625,35.4,09:39,0.3625,0.3618,0.5471,0.5543,0.5398
2021053.02508,821,5,5,0821-05-05,0,1.118,1.1201,2783.6,25.0,0.0312,52.7,11:47,0.0388,0.0238,0.0787,50.8,11:49,0.0857,0.0719,0.0139,53.4,11:45,0.0221,0.006,0.0332,52.5,11:49,0.0405,0.0261,0.0187,52.6,11:57,0.0251,0.0126,0.0,,,0.0,0.0,0.0,,,0.0,0.0,0.0,,,0.0,0.0,0.0787,0.0857,0.0719
2021082.36474,821,6,3,0821-06-03,1,-1.4545,1.4231,2783.6,25.0,0.0,,,0.0,0.0,0.0,,,0.0,0.0,0.0,,,0.0,0.0,0.0,,,0.0,0.0,0.0,,,0.0,0.0,0.0,,,0.0,0.0,0.0,,,0.0,0.0,0.0,,,0.0,0.0,0.0,0.0,0.0
2021230.39779,821,10,29,0821-10-29,2,-1.0938,0.9836,2783.6,25.0,0.0,,,0.0,0.0,0.0,,,0.0,0.0,0.0,,,0.0,0.0,0.0,,,0.0,0.0,0.0,,,0.0,0.0,0.0,,,0.0,0.0,0.0,,,0.0,0.0,0.0,,,0.0,0.0,0.0,0.0,0.0
2021407.7226,822,4,25,0822-04-25,5,0.3735,0.381,2776.1,25.0,0.0,,,0.0,0.0,0.0,,,0.0,0.0,0.0,,,0.0,0.0,0.0,,,0.0,0.0,0.0,,,0.0,0.0,0.0,,,0.0068,0.0,0.1876,5.3,03:38,0.1942,0.1813,0.3765,0.7,03:24,0.3836,0.3696,0.0,0.0,0.0
2021584.36942,822,10,18,0822-10-18,6,-0.4027,0.3648,2776.1,25.0,0.0,,,0.0,0.0,0.0,,,0.0,0.0,0.0,,,0.0,0.0,0.0,,,0.0,0.0,0.0,,,0.0,0.0,0.0,,,0.0,0.0,0.0,,,0.0,0.0,0.0,,,0.0,0.0,0.0,0.0,0.0
2021762.39644,823,4,14,0823-04-14,2,-0.3656,0.363,2768.7,25.0,0.0,,,0.0,0.0,0.0,,,0.0,0.0,0.0,,,0.0,0.0,0.0,,,0.0,0.0,0.0,,,0.0,0.0,0.0,,,0.0,0.0,0.0,,,0.0,0.0,0.0,,,0.0,0.0,0.0,0.0,0.0
2021938.54412,823,10,8,0823-10-08,4,0.3203,0.3042,2768.7,25.0,0.0,,,0.0,0.0,0.0,,,0.0,0.0,0.0,,,0.0,0.0,0.0,,,0.0,0.0,0.0,,,0.0,0.0,0.0,,,0.0,0.0,0.0,,,0.0,0.0,0.0,,,0.0,0.0,0.0,0.0,0.0
2022116.85744,824,4,3,0824-04-03,0,-1.1615,1.0926,2761.2,25.0,0.0,,,0.0,0.0,0.0,,,0.0,0.0,0.0,,,0.0,0.0,0.0,,,0.0,0.0,0.0,,,0.0,0.0,0.0,,,0.0,0.0,0.0,,,0.0,0.0,0.0,,,0.0,0.0,0.0,0.0,0.0
2022293.02667,824,9,26,0824-09-26,1,1.0057,1.0065,2761.2,25.0,0.5253,31.3,11:12,0.535,0.5155,0.5646,29.5,11:12,0.5737,0.5554,0.4946,31.9,11:10,0.5047,0.4846,0.5386,31.3,11:14,0.5485,0.5291,0.5773,31.7,11:18,0.587,0.5675,0.4664,43.8,11:50,0.4792,0.4534,0.5989,35.5,12:16,0.6081,0.5894,0.4238,38.2,12:34,0.4334,0.4138,0.5646,0.5737,0.5554
2022441.29871,825,2,21,0825-02-21,2,1.0002,0.8967,2753.8,25.0,0.0,,,0.0,0.0,0.0,,,0.0,0.0,0.0,,,0.0,0.0,0.0,,,0.0,0.0,0.0,,,0.0,0.0,0.0,,,0.0,0.0,0.0,,,0.0,0.0,0.0,,,0.0,0.0,0.0,0.0,0.0
2022618.34555,825,8,17,0825-08-17,4,-0.9072,0.9184,2753.8,25.0,0.0,,,0.0,0.0,0.0,,,0.0,0.0,0.0,,,0.0,0.0,0.0,,,0.0,0.0,0.0,,,0.0,0.0,0.0,,,0.0,0.0,0.0,,,0.0,0.0,0.0,,,0.0,0.0,0.0,0.0,0.0
2022795.32356,826,2,10,0826-02-10,6,0.2783,0.2558,2746.3,25.0,0.0,,,0.0,0.0,0.0,,,0.0,0.0,0.0,,,0.0,0.0,0.0,,,0.0,0.0,0.0,,,0.0,0.0,0.0,,,0.0,0.0,0.0,,,0.0,0.0,0.0,,,0.0,0.0,0.0,0.0,0.0
2022972.93524,826,8,7,0826-08-07,2,-0.1867,0.1808,2746.3,25.0,0.0,,,0.0,0.0,0.0,,,0.0,0.0,0.0,,,0.0,0.0,0.0,,,0.0,0.0,0.0,,,0.0,0.0,0.0,,,0.0,0.0,0.0,,,0.0,0.0,0.2408,70.1,09:08,0.2487,0.2323,0.0,0.0,0.0
2023149.61321,827,1,31,0827-01-31,4,-0.4437,0.4305,2738.9,25.0,0.0,,,0.0,0.0,0.0,,,0.0,0.0,0.0,,,0.0,0.0,0.0,,,0.0,0.0,0.0,,,0.0,0.0,0.0,,,0.0,0.0,0.0,,,0.0,0.0,0.0,,,0.0,0.0,0.0,0.0,0.0
2023327.25455,827,7,27,0827-07-27,6,0.5964,0.5477,2738.9,25.0,0.5601,17.8,18:10,0.5676,0.5528,0.5382,18.5,18:06,0.5453,0.5312,0.5793,18.2,18:12,0.587,0.5717,0.551,17.3,18:10,0.5583,0.5438,0.5243,15.2,18:08,0.5311,0.5176,0.6064,-0.5,18:26,0.6127,0.5964,0.0,,,0.0,0.0,0.0,,,0.0,0.0,0.5793,0.587,0.5717
2023504.17119,828,1,20,0828-01-20,1,-1.1041,1.1198,2731.5,25.0,0.0,,,0.0,0.0,0.0,,,0.0,0.0,0.0,,,0.0,0.0,0.0,,,0.0,0.0,0.0,,,0.0,0.0,0.0,,,0.0,0.0,0.0,,,0.0,0.0,0.0,,,0.0,0.0,0.0,0.0,0.0
2023651.69186,828,6,16,0828-06-16,2,-1.4872,1.3415,2731.5,25.0,0.0,,,0.0,0.0,0.0,,,0.0,0.0,0.0,,,0.0,0.0,0.0,,,0.0,0.0,0.0,,,0.0,0.0,0.0,,,0.0,0.0,0.0,,,0.0,0.0,0.0,,,0.0,0.0,0.0,0.0,0.0
2023681.31414,828,7,15,0828-07-15,3,1.3666,1.2254,2731.5,25.0,0.1213,6.4,19:46,0.1274,0.1152,0.1396,7.4,19:44,0.1454,0.1338,0.1053,6.3,19:48,0.1116,0.0991,0.1288,6.0,19:46,0.1346,0.1229,0.1506,4.3,19:44,0.1562,0.1451,0.0,,,0.0,0.0,0.0,,,0.0,0.0,0.0,,,0.0,0.0,0.1396,0.1454,0.1338
2023829.36712,828,12,10,0828-12-10,4,0.9418,0.9408,2731.5,25.0,0.0,,,0.0,0.0,0.0,,,0.0,0.0,0.0,,,0.0,0.0,0.0,,,0.0,0.0,0.0,,,0.0,0.0,0.0,,,0.0,0.0,0.0,,,0.0,0.0,0.0,,,0.0,0.0,0.0,0.0,0.0
2024005.86618,829,6,5,0829-06-05,6,-0.6793,0.6388,2724.1,25.0,0.0,,,0.0,0.0,0.0,,,0.0,0.0,0.0,,,0.0,0.0,0.0,,,0.0,0.0,0.0,,,0.0,0.0,0.0,,,0.0,0.0,0.0,,,0.0,0.0,0.0,,,0.0,0.0,0.0,0.0,0.0
2024183.81159,829,11,30,0829-11-30,2,0.2759,0.2611,2724.1,25.0,0.0,,,0.0,0.0,0.0,,,0.0,0.0,0.0,,,0.0,0.0,0.0,,,0.0,0.0,0.0,,,0.0,0.0,0.0,,,0.0,0.0,0.5351,-0.9,05:15,0.5473,0.5002,0.8196,1.3,04:57,0.834,0.805,0.0,0.0,0.0
2024360.34101,830,5,25,0830-05-25,3,0.1175,0.1166,2716.7,25.0,0.0,,,0.0,0.0,0.0,,,0.0,0.0,0.0,,,0.0,0.0,0.0,,,0.0,0.0,0.0,,,0.0,0.0,0.0,,,0.0,0.0,0.0,,,0.0,0.0,0.0,,,0.0,0.0,0.0,0.0,0.0
2024537.95192,830,11,19,0830-11-19,6,-0.4288,0.3877,2716.7,25.0,0.0,,,0.0,0.0,0.0,,,0.0,0.0,0.0,,,0.0,0.0,0.0,,,0.0,0.0,0.0,,,0.0,0.0,0.0,,,0.0,0.0,0.0,,,0.0,0.0,0.0,,,0.0,0.0,0.0,0.0,0.0
2024715.02341,831,5,15,0831-05-15,1,0.8513,0.8683,2709.4,25.0,0.4479,55.3,11:58,0.4598,0.4364,0.4936,53.4,12:00,0.5045,0.4829,0.4361,56.0,11:54,0.4485,0.4239,0.4464,55.1,11:58,0.4579,0.4353,0.4183,54.9,12:04,0.4287,0.4083,0.0,,,0.0,0.0,0.0,,,0.0,0.0,0.0,,,0.0,0.0,0.4936,0.5045,0.4829
2024891.91346,831,11,8,0831-11-08,3,-1.1087,0.9982,2709.4,25.0,0.0,,,0.0,0.0,0.0,,,0.0,0.0,0.0,,,0.0,0.0,0.0,,,0.0,0.0,0.0,,,0.0,0.0,0.0,,,0.0,0.0,0.0,,,0.0,0.0,0.0,,,0.0,0.0,0.0,0.0,0.0
2025040.36043,832,4,4,0832-04-04,4,-0.989,0.9679,2702.0,25.0,0.0,,,0.0,0.0,0.0,,,0.0,0.0,0.0,,,0.0,0.0,0.0,,,0.0,0.0,0.0,,,0.0,0.0,0.0,,,0.0,0.0,0.0,,,0.0,0.0,0.0,,,0.0,0.0,0.0,0.0,0.0
2025216.44175,832,9,27,0832-09-27,5,1.0909,1.0533,2702.0,25.0,0.0,,,0.0,0.0,0.0,,,0.0,0.0,0.0,,,0.0,0.0,0.0,,,0.0,0.0,0.0,,,0.0,0.0,0.0,,,0.0,0.0,0.0,,,0.0,0.0,0.0,,,0.0,0.0,0.0,0.0,0.0
2025394.73435,833,3,25,0833-03-25,2,-0.2645,0.2451,2694.6,25.0,0.0,,,0.0,0.0,0.0,,,0.0,0.0,0.0,,,0.0,0.0,0.0,,,0.0,0.0,0.0,,,0.0,0.0,0.0,,,0.0,0.0,0.0,,,0.0,0.0,0.0,,,0.0,0.0,0.0,0.0,0.0
2025570.99695,833,9,17,0833-09-17,3,0.3402,0.344,2694.6,25.0,0.6474,29.0,09:56,0.6587,0.6355,0.5956,27.6,09:56,0.6064,0.5843,0.6858,29.0,09:54,0.6973,0.674,0.6304,29.2,09:56,0.642,0.6185,0.5821,30.7,10:00,0.5942,0.5693,0.6958,47.9,10:20,0.7161,0.6752,0.4346,48.4,10:44,0.4556,0.4138,0.5781,55.7,11:00,0.6024,0.5542,0.6858,0.6973,0.674
2025748.81263,834,3,14,0834-03-14,6,0.4794,0.4302,2687.3,25.0,0.0964,-0.8,06:35,0.0977,0.0874,0.0922,-0.7,06:35,0.0923,0.091,0.0858,-0.7,06:41,0.0978,0.0734,0.0966,-0.8,06:31,0.0967,0.094,0.096,1.9,06:33,0.0965,0.0956,0.1873,9.1,06:11,0.1903,0.1846,0.2679,23.4,06:23,0.2768,0.2595,0.3747,23.6,06:03,0.3835,0.3666,0.0966,0.0978,0.094
2025925.68317,834,9,7,0834-09-07,1,-0.3676,0.3741,2687.3,25.0,0.0,,,0.0,0.0,0.0,,,0.0,0.0,0.0,,,0.0,0.0,0.0,,,0.0,0.0,0.0,,,0.0,0.0,0.0,,,0.0,0.0,0.0,,,0.0,0.0,0.0,,,0.0,0.0,0.0,0.0,0.0
2026102.81822,835,3,3,0835-03-03,3,1.1837,1.0777,2680.0,25.0,0.4841,-0.8,07:03,0.5431,0.4395,0.5294,-0.9,07:03,0.5666,0.4671,0.4135,-0.8,07:07,0.4592,0.3421,0.5315,-0.8,06:59,0.5676,0.4704,0.6356,-0.7,06:43,0.6384,0.6232,0.554,6.6,06:17,0.5548,0.5529,0.4991,19.6,06:23,0.5052,0.4924,0.3878,20.4,06:03,0.3934,0.3815,0.5315,0.5676,0.4704
2026280.30347,835,8,27,0835-08-27,5,-1.1191,1.0972,2680.0,25.0,0.0,,,0.0,0.0,0.0,,,0.0,0.0,0.0,,,0.0,0.0,0.0,,,0.0,0.0,0.0,,,0.0,0.0,0.0,,,0.0,0.0,0.0,,,0.0,0.0,0.0,,,0.0,0.0,0.0,0.0,0.0
2026427.5334,836,1,22,0836-01-22,6,-0.9456,0.9321,2672.7,25.0,0.0,,,0.0,0.0,0.0,,,0.0,0.0,0.0,,,0.0,0.0,0.0,,,0.0,0.0,0.0,,,0.0,0.0,0.0,,,0.0,0.0,0.0,,,0.0,0.0,0.0,,,0.0,0.0,0.0,0.0,0.0
2026605.10421,836,7,17,0836-07-17,1,0.8598,0.7809,2672.7,25.0,0.5194,52.9,13:53,0.5312,0.5076,0.5575,51.5,13:49,0.5687,0.5465,0.4876,54.2,13:53,0.4998,0.4755,0.5341,52.3,13:53,0.546,0.5224,0.5794,50.0,13:59,0.5914,0.5676,0.5374,41.7,14:41,0.5529,0.5219,0.7131,27.9,14:49,0.7258,0.7001,0.5862,21.8,15:09,0.5996,0.5726,0.5575,0.5687,0.5465
2026782.13687,837,1,10,0837-01-10,3,-0.2397,0.2445,2665.4,25.0,0.0,,,0.0,0.0,0.0,,,0.0,0.0,0.0,,,0.0,0.0,0.0,,,0.0,0.0,0.0,,,0.0,0.0,0.0,,,0.0,0.0,0.0,,,0.0,0.0,0.0,,,0.0,0.0,0.0,0.0,0.0
2026959.13289,837,7,6,0837-07-06,5,0.1067,0.0958,2665.4,25.0,0.0801,50.0,14:38,0.0913,0.0689,0.0437,49.0,14:34,0.0541,0.0332,0.1103,51.3,14:38,0.1217,0.0988,0.0661,49.4,14:38,0.0771,0.0549,0.0234,46.7,14:42,0.0346,0.0123,0.0774,36.0,15:16,0.0915,0.0633,0.0,,,0.0,0.0,0.0545,15.4,15:42,0.0668,0.0423,0.1103,0.1217,0.0988
2027136.78891,837,12,31,0837-12-31,1,0.4352,0.4388,2665.4,25.0,0.0,,,0.0,0.0,0.0,,,0.0,0.0,0.0,,,0.0,0.0,0.0,,,0.0,0.0,0.0,,,0.0,0.0,0.0,,,0.0,0.0,0.1901,-0.6,05:33,0.2299,0.1576,0.4839,-0.6,05:03,0.4939,0.4669,0.0,0.0,0.0
2027313.25097,838,6,25,0838-06-25,2,-0.6578,0.6115,2658.1,25.0,0.0,,,0.0,0.0,0.0,,,0.0,0.0,0.0,,,0.0,0.0,0.0,,,0.0,0.0,0.0,,,0.0,0.0,0.0,,,0.0,0.0,0.0,,,0.0,0.0,0.0,,,0.0,0.0,0.0,0.0,0.0
2027491.29343,838,12,20,0838-12-20,5,1.1639,1.1171,2658.1,25.0,0.0,,,0.0,0.0,0.0,,,0.0,0.0,0.0,,,0.0,0.0,0.0,,,0.0,0.0,0.0,,,0.0,0.0,0.0,,,0.0,0.0,0.0,,,0.0,0.0,0.0,,,0.0,0.0,0.0,0.0,0.0
2027638.33412,839,5,16,0839-05-16,5,1.1843,1.1892,2650.8,25.0,0.2688,-0.1,20:22,0.2767,0.2612,0.2983,1.2,20:20,0.3058,0.2907,0.2454,-0.3,20:24,0.2535,0.2375,0.2795,-0.4,20:22,0.2865,0.2717,0.2817,-0.7,20:10,0.2964,0.2643,0.0,,,0.0,0.0,0.0,,,0.0,0.0,0.0,,,0.0,0.0,0.2983,0.3058,0.2907
2027667.66379,839,6,15,0839-06-15,0,-1.3759,1.3506,2650.8,25.0,0.0,,,0.0,0.0,0.0,,,0.0,0.0,0.0,,,0.0,0.0,0.0,,,0.0,0.0,0.0,,,0.0,0.0,0.0,,,0.0,0.0,0.0,,,0.0,0.0,0.0,,,0.0,0.0,0.0,0.0,0.0
2027815.72587,839,11,10,0839-11-10,1,-1.1084,0.9959,2650.8,25.0,0.0,,,0.0,0.0,0.0,,,0.0,0.0,0.0,,,0.0,0.0,0.0,,,0.0,0.0,0.0,,,0.0,0.0,0.0,,,0.0,0.0,0.0,,,0.0,0.0,0.0,,,0.0,0.0,0.0,0.0,0.0
2027993.03942,840,5,5,0840-05-05,3,0.44,0.4487,2643.5,25.0,0.7536,53.3,12:26,0.7594,0.7477,0.7023,51.3,12:26,0.7076,0.6966,0.7745,54.4,12:22,0.781,0.768,0.7499,53.0,12:26,0.7555,0.744,0.7584,52.2,12:32,0.7628,0.7536,0.8896,56.0,12:56,0.8909,0.8889,0.8877,41.0,13:20,0.8925,0.8828,0.5808,39.5,13:30,0.5873,0.5747,0.7745,0.781,0.768
2028169.69684,840,10,29,0840-10-29,5,-0.4203,0.3815,2643.5,25.0,0.0,,,0.0,0.0,0.0,,,0.0,0.0,0.0,,,0.0,0.0,0.0,,,0.0,0.0,0.0,,,0.0,0.0,0.0,,,0.0,0.0,0.0,,,0.0,0.0,0.0,,,0.0,0.0,0.0,0.0,0.0
2028347.70939,841,4,25,0841-04-25,1,-0.303,0.2999,2636.3,25.0,0.0,,,0.0,0.0,0.0,,,0.0,0.0,0.0,,,0.0,0.0,0.0,,,0.0,0.0,0.0,,,0.0,0.0,0.0,,,0.0,0.0,0.0,,,0.0,0.0,0.0,,,0.0,0.0,0.0,0.0,0.0
2028523.8824,841,10,18,0841-10-18,2,0.2982,0.2841,2636.3,25.0,0.3531,-0.8,07:10,0.3675,0.3365,0.3011,-0.7,07:14,0.3173,0.2839,0.3529,-0.6,07:14,0.3803,0.328,0.3575,-0.9,07:06,0.3609,0.3397,0.3399,0.5,07:00,0.346,0.3337,0.5735,13.2,06:52,0.5833,0.5633,0.447,25.8,07:06,0.4595,0.4343,0.6799,33.0,07:06,0.6948,0.6649,0.3575,0.3803,0.3397
2028702.15769,842,4,14,0842-04-14,5,-1.104,1.035,2629.0,25.0,0.0,,,0.0,0.0,0.0,,,0.0,0.0,0.0,,,0.0,0.0,0.0,,,0.0,0.0,0.0,,,0.0,0.0,0.0,,,0.0,0.0,0.0,,,0.0,0.0,0.0,,,0.0,0.0,0.0,0.0,0.0
2028878.37358,842,10,7,0842-10-07,6,0.9781,0.9812,2629.0,25.0,0.0,,,0.0,0.0,0.0,,,0.0,0.0,0.0,,,0.0,0.0,0.0,,,0.0,0.0,0.0,,,0.0,0.0,0.0,,,0.0,0.0,0.0,,,0.0,0.0,0.0,,,0.0,0.0,0.0,0.0,0.0
2029026.60364,843,3,5,0843-03-05,1,1.0402,0.9327,2621.8,25.0,0.0,,,0.0,0.0,0.0,,,0.0,0.0,0.0,,,0.0,0.0,0.0,,,0.0,0.0,0.0,,,0.0,0.0,0.0,,,0.0,0.0,0.0,,,0.0,0.0,0.0,,,0.0,0.0,0.0,0.0,0.0
2029203.67321,843,8,29,0843-08-29,3,-0.9584,0.9687,2621.8,25.0,0.0,,,0.0,0.0,0.0,,,0.0,0.0,0.0,,,0.0,0.0,0.0,,,0.0,0.0,0.0,,,0.0,0.0,0.0,,,0.0,0.0,0.0,,,0.0,0.0,0.0,,,0.0,0.0,0.0,0.0,0.0
2029380.64528,844,2,22,0844-02-22,5,0.3067,0.2826,2614.6,25.0,0.0,,,0.0,0.0,0.0,,,0.0,0.0,0.0,,,0.0,0.0,0.0,,,0.0,0.0,0.0,,,0.0,0.0,0.0,,,0.0,0.0,0.0,,,0.0,0.0,0.0,,,0.0,0.0,0.0,0.0,0.0
2029558.24434,844,8,17,0844-08-17,0,-0.2472,0.2386,2614.6,25.0,0.0,,,0.0,0.0,0.0,,,0.0,0.0,0.0,,,0.0,0.0,0.0,,,0.0,0.0,0.0,,,0.0,0.0,0.0,,,0.0,0.0,0.0,,,0.0,0.0,0.0,,,0.0,0.0,0.0,0.0,0.0
2029734.95736,845,2,10,0845-02-10,2,-0.4234,0.4121,2607.3,25.0,0.0,,,0.0,0.0,0.0,,,0.0,0.0,0.0,,,0.0,0.0,0.0,,,0.0,0.0,0.0,,,0.0,0.0,0.0,,,0.0,0.0,0.0,,,0.0,0.0,0.0,,,0.0,0.0,0.0,0.0,0.0
2029912.54006,845,8,7,0845-08-07,5,0.5266,0.4823,2607.3,25.0,0.0,,,0.0,0.0,0.0,,,0.0,0.0,0.0,,,0.0,0.0,0.0,,,0.0,0.0,0.0,,,0.0,0.0,0.0,,,0.0,0.0,0.0,,,0.0,0.0,0.0,,,0.0,0.0,0.0,0.0,0.0
2030089.53031,846,1,31,0846-01-31,0,-1.0896,1.1065,2600.1,25.0,0.0,,,0.0,0.0,0.0,,,0.0,0.0,0.0,,,0.0,0.0,0.0,,,0.0,0.0,0.0,,,0.0,0.0,0.0,,,0.0,0.0,0.0,,,0.0,0.0,0.0,,,0.0,0.0,0.0,0.0,0.0
2030266.58609,846,7,27,0846-07-27,2,1.2883,1.1552,2600.1,25.0,0.0,,,0.0,0.0,0.0,,,0.0,0.0,0.0,,,0.0,0.0,0.0,,,0.0,0.0,0.0,,,0.0,0.0,0.0,,,0.0,0.0,0.0,,,0.0,0.0,0.0,,,0.0,0.0,0.0,0.0,0.0
2030414.73235,846,12,22,0846-12-22,3,0.9463,0.9431,2600.1,25.0,0.0,,,0.0,0.0,0.0,,,0.0,0.0,0.0,,,0.0,0.0,0.0,,,0.0,0.0,0.0,,,0.0,0.0,0.0,,,0.0,0.0,0.0,,,0.0,0.0,0.0,,,0.0,0.0,0.0,0.0,0.0
2030591.15201,847,6,16,0847-06-16,4,-0.7571,0.7144,2593.0,25.0,0.0,,,0.0,0.0,0.0,,,0.0,0.0,0.0,,,0.0,0.0,0.0,,,0.0,0.0,0.0,,,0.0,0.0,0.0,,,0.0,0.0,0.0,,,0.0,0.0,0.0,,,0.0,0.0,0.0,0.0,0.0
2030769.16244,847,12,11,0847-12-11,0,0.2807,0.265,2593.0,25.0,0.0,,,0.0,0.0,0.0,,,0.0,0.0,0.0,,,0.0,0.0,0.0,,,0.0,0.0,0.0,,,0.0,0.0,0.0,,,0.0,0.0,0.0,,,0.0,0.0,0.0,,,0.0,0.0,0.0,0.0,0.0
2030945.64508,848,6,5,0848-06-05,2,0.0422,0.042,2585.8,25.0,0.0,,,0.0,0.0,0.0,,,0.0,0.0,0.0,,,0.0,0.0,0.0,,,0.0,0.0,0.0,,,0.0,0.0,0.0,,,0.0,0.0,0.0,,,0.0,0.0,0.0,,,0.0,0.0,0.0,0.0,0.0
2031123.28729,848,11,29,0848-11-29,4,-0.4214,0.3805,2585.8,25.0,0.0,,,0.0,0.0,0.0,,,0.0,0.0,0.0,,,0.0,0.0,0.0,,,0.0,0.0,0.0,,,0.0,0.0,0.0,,,0.0,0.0,0.0,,,0.0,0.0,0.0,,,0.0,0.0,0.0,0.0,0.0
2031300.3355,849,5,25,0849-05-25,6,0.7793,0.7951,2578.6,25.0,0.902,0.4,20:32,0.9118,0.8912,0.9358,1.8,20:30,0.9449,0.9255,0.8747,0.2,20:34,0.8841,0.8644,0.9145,0.2,20:32,0.9223,0.9052,0.9252,-0.8,20:26,0.9457,0.8326,0.0,,,0.0,0.0,0.0,,,0.0,0.0,0.0,,,0.0,0.0,0.9358,0.9449,0.9255
2031477.24554,849,11,18,0849-11-18,1,-1.0964,0.9883,2578.6,25.0,0.0,,,0.0,0.0,0.0,,,0.0,0.0,0.0,,,0.0,0.0,0.0,,,0.0,0.0,0.0,,,0.0,0.0,0.0,,,0.0,0.0,0.0,,,0.0,0.0,0.0,,,0.0,0.0,0.0,0.0,0.0
2031625.6734,850,4,16,0850-04-16,3,-1.0517,1.026,2571.5,25.0,0.0,,,0.0,0.0,0.0,,,0.0,0.0,0.0,,,0.0,0.0,0.0,,,0.0,0.0,0.0,,,0.0,0.0,0.0,,,0.0,0.0,0.0,,,0.0,0.0,0.0,,,0.0,0.0,0.0,0.0,0.0
2031655.03424,850,5,15,0850-05-15,4,1.5296,1.529,2571.5,25.0,0.0,,,0.0,0.0,0.0,,,0.0,0.0,0.0,,,0.0,0.0,0.0,,,0.0,0.0,0.0,,,0.0,0.0,0.0,,,0.0,0.0,0.0,,,0.0,0.0,0.0,,,0.0,0.0,0.0,0.0,0.0
2031801.78017,850,10,9,0850-10-09,4,1.1135,1.0785,2571.5,25.0,0.0,,,0.0,0.0,0.0,,,0.0,0.0,0.0,,,0.0,0.0,0.0,,,0.0,0.0,0.0,,,0.0,0.0,0.0,,,0.0,0.0,0.0,,,0.0,0.0,0.0,,,0.0,0.0,0.0,0.0,0.0
2031980.03375,851,4,5,0851-04-05,0,-0.325,0.3003,2564.3,25.0,0.0,,,0.0,0.0,0.0,,,0.0,0.0,0.0,,,0.0,0.0,0.0,,,0.0,0.0,0.0,,,0.0,0.0,0.0,,,0.0,0.0,0.0036,31.0,13:45,0.0099,0.0,0.3008,32.8,13:45,0.3077,0.2933,0.0,0.0,0.0
2032156.34144,851,9,28,0851-09-28,1,0.3713,0.3761,2564.3,25.0,0.0,,,0.0,0.0,0.0,,,0.0,0.0,0.0,,,0.0,0.0,0.0,,,0.0,0.0,0.0,,,0.0,0.0,0.0,,,0.0,0.0,0.0,,,0.0,0.0,0.0,,,0.0,0.0,0.0,0.0,0.0
2032334.10609,852,3,24,0852-03-24,4,0.424,0.3804,2557.2,25.0,0.8416,29.2,15:16,0.8503,0.8321,0.7957,27.7,15:16,0.8035,0.7868,0.8562,30.4,15:16,0.8659,0.8469,0.8406,28.3,15:18,0.8495,0.8322,0.8601,25.9,15:20,0.8674,0.8524,0.6406,20.5,15:36,0.6458,0.6355,0.5824,6.5,15:46,0.5826,0.5824,0.2963,5.4,15:48,0.297,0.296,0.8562,0.8659,0.8469
2032511.02217,852,9,17,0852-09-17,6,-0.3286,0.3341,2557.2,25.0,0.0,,,0.0,0.0,0.0,,,0.0,0.0,0.0,,,0.0,0.0,0.0,,,0.0,0.0,0.0,,,0.0,0.0,0.0,,,0.0,0.0,0.0,,,0.0,0.0,0.0,,,0.0,0.0,0.0,0.0,0.0
2032688.12408,853,3,13,0853-03-13,1,1.1366,1.0371,2550.1,25.0,0.0,,,0.0,0.0,0.0,,,0.0,0.0,0.0,,,0.0,0.0,0.0,,,0.0,0.0,0.0,,,0.0,0.0,0.0,,,0.0,0.0,0.0,,,0.0,0.0,0.0,,,0.0,0.0,0.0,0.0,0.0
2032865.62654,853,9,7,0853-09-07,4,-1.0759,1.0517,2550.1,25.0,0.0,,,0.0,0.0,0.0,,,0.0,0.0,0.0,,,0.0,0.0,0.0,,,0.0,0.0,0.0,,,0.0,0.0,0.0,,,0.0,0.0,0.0,,,0.0,0.0,0.0,,,0.0,0.0,0.0,0.0,0.0
2033012.88518,854,2,1,0854-02-01,4,-0.9579,0.9467,2543.0,25.0,0.0,,,0.0,0.0,0.0,,,0.0,0.0,0.0,,,0.0,0.0,0.0,,,0.0,0.0,0.0,,,0.0,0.0,0.0,,,0.0,0.0,0.0,,,0.0,0.0,0.0,,,0.0,0.0,0.0,0.0,0.0
2033190.38161,854,7,28,0854-07-28,6,0.9387,0.8507,2543.0,25.0,0.6364,-0.8,20:25,0.6932,0.548,0.8077,-0.7,20:33,0.8712,0.7558,0.6007,-0.7,20:25,0.6889,0.5429,0.6193,-0.9,20:23,0.6762,0.5308,0.3976,-0.8,20:07,0.4869,0.3395,0.0,,,0.0,0.0,0.0,,,0.0,0.0,0.0,,,0.0,0.0,0.8077,0.8712,0.7558
2033367.50061,855,1,22,0855-01-22,2,-0.2493,0.2545,2535.9,25.0,0.0,,,0.0,0.0,0.0,,,0.0,0.0,0.0,,,0.0,0.0,0.0,,,0.0,0.0,0.0,,,0.0,0.0,0.0,,,0.0,0.0,0.0,,,0.0,0.0,0.0,,,0.0,0.0,0.0,0.0,0.0
2033544.4032,855,7,17,0855-07-17,3,0.1901,0.1709,2535.9,25.0,0.0,,,0.0,0.0,0.0,,,0.0,0.0,0.0,,,0.0,0.0,0.0,,,0.0,0.0,0.0,,,0.0,0.0,0.0,,,0.0,0.0,0.0,,,0.0,0.0,0.0,,,0.0,0.0,0.0,0.0,0.0
2033722.15323,856,1,11,0856-01-11,6,0.4302,0.4329,2528.8,25.0,0.4848,1.4,16:16,0.4968,0.4726,0.4487,0.3,16:14,0.4602,0.4372,0.4921,2.7,16:16,0.5045,0.4795,0.488,0.8,16:16,0.4999,0.476,0.5144,-0.8,16:12,0.5144,0.4983,0.5786,-0.8,16:06,0.6483,0.4748,0.0,,,0.0,0.0,0.0,,,0.0,0.0,0.4921,0.5045,0.4795
2033898.53397,856,7,6,0856-07-06,1,-0.5758,0.537,2528.8,25.0,0.0,,,0.0,0.0,0.0,,,0.0,0.0,0.0,,,0.0,0.0,0.0,,,0.0,0.0,0.0,,,0.0,0.0,0.0,,,0.0,0.0,0.0,,,0.0,0.0,0.0,,,0.0,0.0,0.0,0.0,0.0
2034076.64831,856,12,31,0856-12-31,4,1.1643,1.1141,2528.8,25.0,0.0,,,0.0,0.0,0.0,,,0.0,0.0,0.0,,,0.0,0.0,0.0,,,0.0,0.0,0.0,,,0.0,0.0,0.0,,,0.0,0.0,0.0,,,0.0,0.0,0.0,,,0.0,0.0,0.0,0.0,0.0
2034223.64178,857,5,27,0857-05-27,4,1.2528,1.2607,2521.7,25.0,0.0,,,0.0,0.0,0.0,,,0.0,0.0,0.0,,,0.0,0.0,0.0,,,0.0,0.0,0.0,,,0.0,0.0,0.0,,,0.0,0.0,0.0,,,0.0,0.0,0.0,,,0.0,0.0,0.0,0.0,0.0
2034252.96388,857,6,25,0857-06-25,5,-1.2974,1.2776,2521.7,25.0,0.0,,,0.0,0.0,0.0,,,0.0,0.0,0.0,,,0.0,0.0,0.0,,,0.0,0.0,0.0,,,0.0,0.0,0.0,,,0.0,0.0,0.0,,,0.0,0.0,0.0,,,0.0,0.0,0.0,0.0,0.0
2034401.05736,857,11,20,0857-11-20,6,-1.1189,1.0046,2521.7,25.0,0.0,,,0.0,0.0,0.0,,,0.0,0.0,0.0,,,0.0,0.0,0.0,,,0.0,0.0,0.0,,,0.0,0.0,0.0,,,0.0,0.0,0.0,,,0.0,0.0,0.0,,,0.0,0.0,0.0,0.0,0.0
2034578.3534,858,5,16,0858-05-16,1,0.5101,0.5198,2514.7,25.0,0.3596,-0.7,20:28,0.4133,0.3157,0.4089,-0.7,20:38,0.4188,0.3908,0.3614,-0.7,20:28,0.4218,0.3137,0.338,-0.7,20:26,0.3947,0.2927,0.1645,-0.9,20:12,0.2189,0.0765,0.0,,,0.0,0.0,0.0,,,0.0,0.0,0.0,,,0.0,0.0,0.4089,0.4218,0.3908
2034755.02888,858,11,9,0858-11-09,3,-0.433,0.3936,2514.7,25.0,0.0,,,0.0,0.0,0.0,,,0.0,0.0,0.0,,,0.0,0.0,0.0,,,0.0,0.0,0.0,,,0.0,0.0,0.0,,,0.0,0.0,0.0,,,0.0,0.0,0.0,,,0.0,0.0,0.0,0.0,0.0
2034933.01829,859,5,6,0859-05-06,6,-0.2362,0.2331,2507.6,25.0,0.0,,,0.0,0.0,0.0,,,0.0,0.0,0.0,,,0.0,0.0,0.0,,,0.0,0.0,0.0,,,0.0,0.0,0.0,,,0.0,0.0,0.0,,,0.0,0.0,0.2018,48.1,12:50,0.2054,0.1977,0.0,0.0,0.0
2035109.22632,859,10,29,0859-10-29,0,0.282,0.2695,2507.6,25.0,0.0,,,0.0,0.0,0.0,,,0.0,0.0,0.0,,,0.0,0.0,0.0,,,0.0,0.0,0.0,,,0.0,0.0,0.0,,,0.0,0.0,0.0,,,0.0,0.0,0.0,,,0.0,0.0,0.0,0.0,0.0
2035287.45299,860,4,24,0860-04-24,3,-1.0415,0.9733,2500.6,25.0,0.0,,,0.0,0.0,0.0,,,0.0,0.0,0.0,,,0.0,0.0,0.0,,,0.0,0.0,0.0,,,0.0,0.0,0.0,,,0.0,0.0,0.0,,,0.0,0.0,0.0,,,0.0,0.0,0.0,0.0,0.0
2035463.72546,860,10,18,0860-10-18,5,0.9559,0.9611,2500.6,25.0,0.0,,,0.0,0.0,0.0,,,0.0,0.0,0.0,,,0.0,0.0,0.0,,,0.0,0.0,0.0,,,0.0,0.0,0.0,,,0.0,0.0,0.0,,,0.0,0.0,0.0,,,0.0,0.0,0.0,0.0,0.0
2035611.90259,861,3,15,0861-03-15,6,1.087,0.9751,2493.6,25.0,0.695,15.8,08:28,0.6985,0.6914,0.7102,15.6,08:32,0.7138,0.7069,0.6898,15.2,08:26,0.6927,0.6863,0.6949,16.5,08:30,0.6983,0.691,0.6842,19.0,08:34,0.6884,0.6799,0.4678,31.9,08:20,0.4757,0.4596,0.322,44.0,08:42,0.3339,0.3099,0.1398,49.7,08:22,0.1535,0.1257,0.7102,0.7138,0.7069
2035789.00558,861,9,8,0861-09-08,1,-1.0035,1.0126,2493.6,25.0,0.0,,,0.0,0.0,0.0,,,0.0,0.0,0.0,,,0.0,0.0,0.0,,,0.0,0.0,0.0,,,0.0,0.0,0.0,,,0.0,0.0,0.0,,,0.0,0.0,0.0,,,0.0,0.0,0.0,0.0,0.0
2035965.96054,862,3,4,0862-03-04,3,0.3436,0.3175,2486.6,25.0,0.0,,,0.0,0.0,0.0,,,0.0,0.0,0.0,,,0.0015,0.0,0.0,,,0.0,0.0,0.0114,26.2,10:27,0.018,0.0049,0.2905,42.5,10:37,0.3027,0.2785,0.4804,42.7,11:11,0.4939,0.4669,0.7106,51.8,11:07,0.7269,0.6942,0.0,0.0015,0.0
2036143.55819,862,8,29,0862-08-29,6,-0.301,0.2895,2486.6,25.0,0.0,,,0.0,0.0,0.0,,,0.0,0.0,0.0,,,0.0,0.0,0.0,,,0.0,0.0,0.0,,,0.0,0.0,0.0,,,0.0,0.0,0.0,,,0.0,0.0,0.0,,,0.0,0.0,0.0,0.0,0.0
2036320.29586,863,2,21,0863-02-21,0,-0.3955,0.3861,2479.6,25.0,0.0,,,0.0,0.0,0.0,,,0.0,0.0,0.0,,,0.0,0.0,0.0,,,0.0,0.0,0.0,,,0.0,0.0,0.0,,,0.0,0.0,0.0,,,0.0,0.0,0.0,,,0.0,0.0,0.0,0.0,0.0
2036497.83025,863,8,18,0863-08-18,3,0.463,0.423,2479.6,25.0,0.6642,3.7,05:46,0.6695,0.6589,0.6254,4.9,05:50,0.6302,0.6205,0.6798,2.7,05:46,0.6851,0.6743,0.6619,4.6,05:48,0.667,0.6568,0.672,7.1,05:48,0.6768,0.6672,0.9095,11.8,05:32,0.9141,0.9048,0.8315,25.3,05:38,0.8345,0.8288,0.5527,25.0,05:30,0.5565,0.5494,0.6798,0.6851,0.6743
2036674.88453,864,2,11,0864-02-11,5,-1.0692,1.0869,2472.6,25.0,0.0,,,0.0,0.0,0.0,,,0.0,0.0,0.0,,,0.0,0.0,0.0,,,0.0,0.0,0.0,,,0.0,0.0,0.0,,,0.0,0.0,0.0,,,0.0,0.0,0.0,,,0.0,0.0,0.0,0.0,0.0
2036851.86289,864,8,6,0864-08-06,0,1.2151,1.0898,2472.6,25.0,0.0,,,0.0,0.0,0.017,13.2,06:31,0.0227,0.0115,0.0,,,0.0,0.0,0.0,,,0.0,0.0,0.0,,,0.0,0.0,0.0,,,0.0,0.0,0.0,,,0.0,0.0,0.0,,,0.0,0.0,0.017,0.0227,0.0115
2037000.09634,865,1,1,0865-01-01,1,0.9517,0.9462,2465.6,25.0,0.9951,10.9,14:03,1.006,0.9881,0.9898,9.1,14:01,0.9957,0.983,0.9946,12.2,14:01,0.9969,0.9877,0.9945,10.4,14:03,0.9996,0.9897,0.98,8.8,14:09,0.9874,0.9725,0.6939,10.9,14:37,0.7056,0.6817,0.5128,-0.2,14:49,0.5254,0.4979,0.2646,2.5,14:57,0.279,0.2504,0.9951,1.006,0.9897
2037176.43853,865,6,26,0865-06-26,2,-0.8348,0.7905,2465.6,25.0,0.0,,,0.0,0.0,0.0,,,0.0,0.0,0.0,,,0.0,0.0,0.0,,,0.0,0.0,0.0,,,0.0,0.0,0.0,,,0.0,0.0,0.0,,,0.0,0.0,0.0,,,0.0,0.0,0.0,0.0,0.0
2037354.51371,865,12,22,0865-12-22,6,0.2842,0.2675,2465.6,25.0,0.0,,,0.0,0.0,0.0,,,0.0,0.0,0.0,,,0.0,0.0,0.0,,,0.0,0.0,0.0,,,0.0,0.0,0.0,,,0.0,0.0,0.0,,,0.0,0.0,0.0,,,0.0,0.0,0.0,0.0,0.0
2037530.94867,866,6,16,0866-06-16,0,-0.0343,0.0342,2458.7,25.0,0.0,,,0.0,0.0,0.0,,,0.0,0.0,0.0,,,0.0,0.0,0.0,,,0.0,0.0,0.0,,,0.0,0.0,0.2663,65.1,09:47,0.2772,0.2551,0.399,72.6,10:13,0.4032,0.3943,0.7222,81.9,10:13,0.7268,0.7165,0.0,0.0,0.0
2037708.62419,866,12,11,0866-12-11,3,-0.4161,0.3752,2458.7,25.0,0.0,,,0.0,0.0,0.0,,,0.0,0.0,0.0,,,0.0,0.0,0.0,,,0.0,0.0,0.0,,,0.0,0.0,0.0,,,0.0,0.0,0.0,,,0.0,0.0,0.0,,,0.0,0.0,0.0,0.0,0.0
2037885.64634,867,6,6,0867-06-06,5,0.7058,0.7201,2451.7,25.0,0.0,,,0.0,0.0,0.0,,,0.0,0.0,0.0,,,0.0,0.0,0.0,,,0.0,0.0,0.0,,,0.0,0.0,0.0,,,0.0,0.0,0.2918,-0.7,02:29,0.4,0.2199,0.0,,,0.0,0.0,0.0,0.0,0.0
2038062.58114,867,11,30,0867-11-30,0,-1.088,0.9819,2451.7,25.0,0.0,,,0.0,0.0,0.0,,,0.0,0.0,0.0,,,0.0,0.0,0.0,,,0.0,0.0,0.0,,,0.0,0.0,0.0,,,0.0,0.0,0.0,,,0.0,0.0,0.0,,,0.0,0.0,0.0,0.0,0.0
2038210.98179,868,4,26,0868-04-26,1,-1.1191,1.0881,2444.8,25.0,0.0,,,0.0,0.0,0.0,,,0.0,0.0,0.0,,,0.0,0.0,0.0,,,0.0,0.0,0.0,,,0.0,0.0,0.0,,,0.0,0.0,0.0,,,0.0,0.0,0.0,,,0.0,0.0,0.0,0.0,0.0
2038240.34093,868,5,25,0868-05-25,2,1.4636,1.4591,2444.8,25.0,0.0,,,0.0,0.0,0.0,,,0.0,0.0,0.0,,,0.0,0.0,0.0,,,0.0,0.0,0.0,,,0.0,0.0,0.0,,,0.0,0.0,0.0,,,0.0,0.0,0.0,,,0.0,0.0,0.0,0.0,0.0
2038387.12415,868,10,19,0868-10-19,2,1.1305,1.0983,2444.8,25.0,0.6252,19.8,14:04,0.6341,0.616,0.6358,18.1,14:02,0.644,0.627,0.6101,21.1,14:04,0.6196,0.6003,0.6334,19.1,14:06,0.6421,0.6248,0.6617,17.3,14:08,0.6692,0.6543,0.6388,14.7,14:46,0.6416,0.6358,0.628,1.7,14:58,0.6307,0.6253,0.4801,0.5,15:14,0.4844,0.4753,0.6358,0.644,0.627
2038565.32797,869,4,15,0869-04-15,5,-0.3909,0.3601,2437.9,25.0,0.0,,,0.0,0.0,0.0,,,0.0,0.0,0.0,,,0.0,0.0,0.0,,,0.0,0.0,0.0,,,0.0,0.0,0.0,,,0.0,0.0,0.0,,,0.0,0.0,0.0,,,0.0,0.0,0.0,0.0,0.0
2038741.69102,869,10,9,0869-10-09,0,0.3969,0.4027,2437.9,25.0,0.0,,,0.0,0.0,0.0,,,0.0,0.0,0.0,,,0.0,0.0,0.0,,,0.0,0.0,0.0,,,0.0,0.0,0.0,,,0.0,0.0,0.0,,,0.0,0.0,0.0,,,0.0,0.0,0.0,0.0,0.0
2038919.3933,870,4,4,0870-04-04,2,0.3611,0.3238,2431.0,25.0,0.0,,,0.0,0.0,0.0,,,0.0,0.0,0.0,,,0.0,0.0,0.0,,,0.0,0.0,0.0,,,0.0,0.0,0.0,,,0.0,0.0,0.0,,,0.0,0.0,0.0,,,0.0,0.0,0.0,0.0,0.0
2039096.3664,870,9,28,0870-09-28,4,-0.2962,0.3008,2431.0,25.0,0.0,,,0.0,0.0,0.0,,,0.0,0.0,0.0,,,0.0,0.0,0.0,,,0.0,0.0,0.0,,,0.0,0.0,0.0,,,0.0,0.0,0.0,,,0.0,0.0,0.0,,,0.0,0.0,0.0,0.0,0.0
2039273.42503,871,3,24,0871-03-24,6,1.0829,0.9904,2424.1,25.0,0.0,,,0.0,0.0,0.0,,,0.0,0.0,0.0,,,0.0,0.0,0.0,,,0.0,0.0,0.0,,,0.0,0.0,0.0,,,0.0,0.0,0.0,,,0.0,0.0,0.0,,,0.0,0.0,0.0,0.0,0.0
2039450.95446,871,9,18,0871-09-18,2,-1.0391,1.0127,2424.1,25.0,0.0,,,0.0,0.0,0.0,,,0.0,0.0,0.0,,,0.0,0.0,0.0,,,0.0,0.0,0.0,,,0.0,0.0,0.0,,,0.0,0.0,0.0,,,0.0,0.0,0.0,,,0.0,0.0,0.0,0.0,0.0
2039598.2325,872,2,12,0872-02-12,2,-0.9763,0.9673,2417.2,25.0,0.0,,,0.0,0.0,0.0,,,0.0,0.0,0.0,,,0.0,0.0,0.0,,,0.0,0.0,0.0,,,0.0,0.0,0.0,,,0.0,0.0,0.0,,,0.0,0.0,0.0,,,0.0,0.0,0.0,0.0,0.0
2039775.66328,872,8,8,0872-08-08,5,1.0115,0.9151,2417.2,25.0,0.0,,,0.0,0.0,0.0,,,0.0,0.0,0.0,,,0.0,0.0,0.0,,,0.0,0.0,0.0,,,0.0,0.0,0.0,,,0.0,0.0,0.0,,,0.0,0.0,0.0,,,0.0,0.0,0.0,0.0,0.0
2039952.86026,873,2,1,0873-02-01,0,-0.2643,0.2698,2410.3,25.0,0.0,,,0.0,0.0,0.0,,,0.0,0.0,0.0,,,0.0,0.0,0.0,,,0.0,0.0,0.0,,,0.0,0.0,0.0,,,0.0,0.0,0.0,,,0.0,0.0,0.0,,,0.0,0.0,0.0,0.0,0.0
2040129.67729,873,7,28,0873-07-28,2,0.2695,0.2425,2410.3,25.0,0.0,,,0.0,0.0,0.0,,,0.0,0.0,0.0,,,0.0,0.0,0.0,,,0.0,0.0,0.0,,,0.0,0.0,0.0,,,0.0,0.0,0.0,,,0.0,0.0,0.0,,,0.0,0.0,0.0,0.0,0.0
2040307.51389,874,1,22,0874-01-22,5,0.421,0.4228,2403.4,25.0,0.0,,,0.0,0.0,0.0,,,0.0,0.0,0.0,,,0.0,0.0,0.0,,,0.0,0.0,0.0,,,0.0,0.0,0.0,,,0.0,0.0,0.0,,,0.0,0.0,0.0,,,0.0,0.0,0.0,0.0,0.0
2040483.82081,874,7,17,0874-07-17,6,-0.497,0.465,2403.4,25.0,0.0,,,0.0,0.0,0.0,,,0.0,0.0,0.0,,,0.0,0.0,0.0,,,0.0,0.0,0.0,,,0.0,0.0,0.0,,,0.0,0.0,0.0,,,0.0,0.0,0.0,,,0.0,0.0,0.0,0.0,0.0
2040661.99925,875,1,11,0875-01-11,2,1.1605,1.1071,2396.6,25.0,0.6393,13.2,11:28,0.6441,0.634,0.6474,11.4,11:30,0.6521,0.6423,0.6389,13.8,11:24,0.6434,0.6341,0.6367,13.2,11:30,0.6419,0.6313,0.6187,13.5,11:34,0.625,0.6122,0.3821,26.9,11:48,0.3958,0.3682,0.163,22.2,12:14,0.1796,0.1463,0.0,,,0.0,0.0,0.6474,0.6521,0.6423
2040808.94897,875,6,7,0875-06-07,2,1.3223,1.3335,2396.6,25.0,0.0,,,0.0,0.0,0.0,,,0.0,0.0,0.0,,,0.0,0.0,0.0,,,0.0,0.0,0.0,,,0.0,0.0,0.0,,,0.0,0.0,0.0,,,0.0,0.0,0.0,,,0.0,0.0,0.0,0.0,0.0
2040838.26694,875,7,6,0875-07-06,3,-1.2211,1.2062,2396.6,25.0,0.0,,,0.0,0.0,0.0,,,0.0,0.0,0.0,,,0.0,0.0,0.0,,,0.0,0.0,0.0,,,0.0,0.0,0.0,,,0.0,0.0,0.0,,,0.0,0.0,0.0,,,0.0,0.0,0.0,0.0,0.0
2040986.39118,875,12,1,0875-12-01,4,-1.1268,1.0111,2396.6,25.0,0.0,,,0.0,0.0,0.0,,,0.0,0.0,0.0,,,0.0,0.0,0.0,,,0.0,0.0,0.0,,,0.0,0.0,0.0,,,0.0,0.0,0.0,,,0.0,0.0,0.0,,,0.0,0.0,0.0,0.0,0.0
2041163.66502,876,5,27,0876-05-27,0,0.5829,0.5934,2389.8,25.0,0.0,,,0.0,0.0,0.0,,,0.0,0.0,0.0,,,0.0,0.0,0.0,,,0.0,0.0,0.0,,,0.0,0.0,0.0,,,0.0,0.0,0.4717,-0.6,02:33,0.5614,0.4078,0.0,,,0.0129,0.0,0.0,0.0,0.0
2041340.36527,876,11,19,0876-11-19,1,-0.4412,0.4018,2389.8,25.0,0.0,,,0.0,0.0,0.0,,,0.0,0.0,0.0,,,0.0,0.0,0.0,,,0.0,0.0,0.0,,,0.0,0.0,0.0,,,0.0,0.0,0.0,,,0.0,0.0,0.0,,,0.0,0.0,0.0,0.0,0.0
2041518.32273,877,5,16,0877-05-16,4,-0.1645,0.1618,2382.9,25.0,0.0,,,0.0,0.0,0.0,,,0.0,0.0,0.0,,,0.0,0.0,0.0,,,0.0,0.0,0.0,,,0.0,0.0,0.0,,,0.0,0.0,0.0,,,0.0,0.0,0.0,,,0.0,0.0,0.0,0.0,0.0
2041694.57571,877,11,9,0877-11-09,6,0.2717,0.2604,2382.9,25.0,0.0,,,0.0,0.0,0.0,,,0.0,0.0,0.0,,,0.0,0.0,0.0,,,0.0,0.0,0.0,,,0.0,0.0,0.0,,,0.0,0.0,0.0,,,0.0,0.0,0.0,,,0.0,0.0,0.0,0.0,0.0
2041872.74167,878,5,6,0878-05-06,2,-0.9717,0.9051,2376.1,25.0,0.0,,,0.0,0.0,0.0,,,0.0,0.0,0.0,,,0.0,0.0,0.0,,,0.0,0.0,0.0,,,0.0,0.0,0.0,,,0.0,0.0,0.0,,,0.0,0.0,0.0,,,0.0,0.0,0.0,0.0,0.0
2042049.08311,878,10,29,0878-10-29,3,0.9405,0.9475,2376.1,25.0,1.0251,19.5,13:14,1.0251,1.025,0.995,17.5,13:14,0.9995,0.988,0.996,20.7,13:14,0.9998,0.9905,1.0249,18.9,13:16,1.025,0.9972,0.9889,17.5,13:22,0.9945,0.9864,0.8907,19.5,13:56,0.8915,0.8892,0.8308,7.1,14:14,0.8359,0.8254,0.6255,8.0,14:28,0.6322,0.6186,1.0251,1.0251,1.025
2042197.1956,879,3,26,0879-03-26,4,1.1407,1.0237,2369.3,25.0,0.0264,11.5,17:34,0.0267,0.0264,0.0733,11.3,17:32,0.0736,0.0732,0.002,12.1,17:36,0.0024,0.0019,0.0338,10.9,17:34,0.0339,0.0337,0.0423,8.1,17:36,0.0429,0.0418,0.0,,,0.0,0.0,0.0,,,0.0,0.0,0.0,,,0.0,0.0,0.0733,0.0736,0.0732
2042374.343,879,9,19,0879-09-19,6,-1.0423,1.0498,2369.3,25.0,0.0,,,0.0,0.0,0.0,,,0.0,0.0,0.0,,,0.0,0.0,0.0,,,0.0,0.0,0.0,,,0.0,0.0,0.0,,,0.0,0.0,0.0,,,0.0,0.0,0.0,,,0.0,0.0,0.0,0.0,0.0
2042551.27188,880,3,14,0880-03-14,1,0.3859,0.3576,2362.6,25.0,0.1899,-0.8,18:38,0.2436,0.1076,0.1725,-0.7,18:36,0.2499,0.1194,0.2391,-0.6,18:42,0.3193,0.1844,0.1371,-0.8,18:34,0.1914,0.0541,0.0,,,0.0,0.0,0.0,,,0.0,0.0,0.0,,,0.0,0.0,0.0,,,0.0,0.0,0.2391,0.3193,0.1844
2042728.87624,880,9,8,0880-09-08,4,-0.349,0.3346,2362.6,25.0,0.0,,,0.0,0.0,0.0,,,0.0,0.0,0.0,,,0.0,0.0,0.0,,,0.0,0.0,0.0,,,0.0,0.0,0.0,,,0.0,0.0,0.0,,,0.0,0.0,0.0,,,0.0,0.0,0.0,0.0,0.0
2042905.63065,881,3,4,0881-03-04,6,-0.3625,0.3549,2355.8,25.0,0.0,,,0.0,0.0,0.0,,,0.0,0.0,0.0,,,0.0,0.0,0.0,,,0.0,0.0,0.0,,,0.0,0.0,0.0,,,0.0,0.0,0.0,,,0.0,0.0,0.0,,,0.0,0.0,0.0,0.0,0.0
2043083.12418,881,8,28,0881-08-28,1,0.4042,0.3684,2355.8,25.0,0.3188,38.4,14:21,0.3279,0.3097,0.2899,36.9,14:19,0.2984,0.2813,0.3433,39.7,14:21,0.3528,0.3339,0.3074,37.7,14:23,0.3164,0.2985,0.2737,35.4,14:27,0.2824,0.2652,0.3507,28.2,15:05,0.3597,0.3421,0.2692,13.9,15:17,0.275,0.2636,0.4274,9.2,15:35,0.4329,0.4221,0.3433,0.3528,0.3339
2043260.2347,882,2,21,0882-02-21,3,-1.0438,1.0622,2349.0,25.0,0.0,,,0.0,0.0,0.0,,,0.0,0.0,0.0,,,0.0,0.0,0.0,,,0.0,0.0,0.0,,,0.0,0.0,0.0,,,0.0,0.0,0.0,,,0.0,0.0,0.0,,,0.0,0.0,0.0,0.0,0.0
2043437.14514,882,8,17,0882-08-17,5,1.1478,1.0299,2349.0,25.0,0.3313,36.1,15:19,0.34,0.3223,0.3586,35.3,15:15,0.3668,0.3501,0.3079,37.4,15:19,0.3171,0.2987,0.3422,35.5,15:19,0.3508,0.3333,0.3748,33.0,15:21,0.3832,0.3665,0.3009,21.8,15:57,0.3091,0.2924,0.3812,9.0,15:59,0.387,0.3753,0.2273,3.3,16:15,0.2329,0.2214,0.3586,0.3668,0.3501
2043585.45702,883,1,12,0883-01-12,6,0.9607,0.9528,2342.3,25.0,0.0,,,0.0,0.0,0.0,,,0.0,0.0,0.0,,,0.0,0.0,0.0,,,0.0,0.0,0.0,,,0.0,0.0,0.0,,,0.0,0.0,0.0,,,0.0,0.0,0.0,,,0.0,0.0,0.0,0.0,0.0
2043761.72935,883,7,8,0883-07-08,1,-0.908,0.8629,2342.3,25.0,0.0,,,0.0,0.0,0.0,,,0.0,0.0,0.0,,,0.0,0.0,0.0,,,0.0,0.0,0.0,,,0.0,0.0,0.0,,,0.0,0.0,0.0,,,0.0,0.0,0.0,,,0.0,0.0,0.0,0.0,0.0
2043939.86238,884,1,2,0884-01-02,4,0.2898,0.272,2335.6,25.0,0.0,,,0.0,0.0,0.0,,,0.0,0.0,0.0,,,0.0,0.0,0.0,,,0.0,0.0,0.0,,,0.0,0.0,0.2093,-0.8,06:40,0.2128,0.1989,0.08,11.2,06:50,0.0908,0.0694,0.266,16.8,06:40,0.2788,0.2533,0.0,0.0,0.0
2044116.25441,884,6,26,0884-06-26,5,-0.1089,0.1089,2335.6,25.0,0.0,,,0.0,0.0,0.0,,,0.0,0.0,0.0,,,0.0,0.0,0.0,,,0.0,0.0,0.0,,,0.0,0.0,0.0,,,0.0,0.0,0.0,,,0.0,0.0,0.0,,,0.0,0.0,0.0,0.0,0.0
2044293.95997,884,12,21,0884-12-21,1,-0.4098,0.3691,2335.6,25.0,0.0,,,0.0,0.0,0.0,,,0.0,0.0,0.0,,,0.0,0.0,0.0,,,0.0,0.0,0.0,,,0.0,0.0,0.0,,,0.0,0.0,0.0,,,0.0,0.0,0.0,,,0.0,0.0,0.0,0.0,0.0
2044470.95684,885,6,16,0885-06-16,3,0.6319,0.6447,2328.8,25.0,0.9713,47.5,09:47,0.9814,0.9603,1.0768,47.1,09:51,1.077,1.0766,0.9586,46.8,09:43,0.9707,0.9491,0.9688,48.1,09:49,0.9807,0.9604,0.9447,50.4,09:53,0.9545,0.9349,0.4773,66.2,09:55,0.4881,0.467,0.357,71.8,10:31,0.3602,0.3546,0.0254,79.7,10:31,0.0289,0.0229,1.0768,1.077,1.0766
2044647.918,885,12,10,0885-12-10,5,-1.0803,0.9763,2328.8,25.0,0.0,,,0.0,0.0,0.0,,,0.0,0.0,0.0,,,0.0,0.0,0.0,,,0.0,0.0,0.0,,,0.0,0.0,0.0,,,0.0,0.0,0.0,,,0.0,0.0,0.0,,,0.0,0.0,0.0,0.0,0.0
2044796.28411,886,5,7,0886-05-07,6,-1.1928,1.1558,2322.1,25.0,0.0,,,0.0,0.0,0.0,,,0.0,0.0,0.0,,,0.0,0.0,0.0,,,0.0,0.0,0.0,,,0.0,0.0,0.0,,,0.0,0.0,0.0,,,0.0,0.0,0.0,,,0.0,0.0,0.0,0.0,0.0
2044825.64467,886,6,6,0886-06-06,1,1.3945,1.3863,2322.1,25.0,0.0,,,0.0,0.0,0.0,,,0.0,0.0,0.0,,,0.0,0.0,0.0,,,0.0,0.0,0.0,,,0.0,0.0,0.0,,,0.0,0.0,0.0,,,0.0,0.0,0.0,,,0.0,0.0,0.0,0.0,0.0
2044972.47422,886,10,30,0886-10-30,0,1.1411,1.112,2322.1,25.0,0.0,,,0.0,0.0,0.0,,,0.0,0.0,0.0,,,0.0,0.0,0.0,,,0.0,0.0,0.0,,,0.0,0.0,0.0,,,0.0,0.0,0.0,,,0.0,0.0,0.0,,,0.0,0.0,0.0,0.0,0.0
2045150.61538,887,4,27,0887-04-27,4,-0.4641,0.4264,2315.4,25.0,0.0,,,0.0,0.0,0.0,,,0.0,0.0,0.0,,,0.0,0.0,0.0,,,0.0,0.0,0.0,,,0.0,0.0,0.0,,,0.0,0.0,0.0,,,0.0,0.0,0.0,,,0.0,0.0,0.0,0.0,0.0
2045327.04614,887,10,20,0887-10-20,5,0.4161,0.4227,2315.4,25.0,0.3339,23.3,11:29,0.3486,0.3196,0.3049,21.4,11:31,0.3186,0.2913,0.3641,24.1,11:29,0.3792,0.349,0.3186,23.1,11:31,0.3329,0.3043,0.2673,23.1,11:35,0.2812,0.2536,0.2492,33.9,12:05,0.2653,0.2337,0.0968,24.7,12:35,0.1056,0.0886,0.2157,27.6,12:53,0.2238,0.2084,0.3641,0.3792,0.349
2045504.67471,888,4,15,0888-04-15,1,0.2913,0.2612,2308.8,25.0,0.0,,,0.0,0.0,0.0,,,0.0,0.0,0.0,,,0.0,0.0,0.0,,,0.0,0.0,0.0,,,0.0,0.0,0.0,,,0.0,0.0,0.0,,,0.0,0.0,0.0,,,0.0,0.0,0.0,0.0,0.0
2045681.71601,888,10,9,0888-10-09,3,-0.2707,0.2747,2308.8,25.0,0.0,,,0.0,0.0,0.0,,,0.0,0.0,0.0,,,0.0,0.0,0.0,,,0.0,0.0,0.0,,,0.0,0.0,0.0,,,0.0,0.0,0.0,,,0.0,0.0,0.0,,,0.0,0.0,0.0,0.0,0.0
2045858.72038,889,4,4,0889-04-04,5,1.0216,0.9366,2302.1,25.0,0.0,,,0.0,0.0,0.0,,,0.0506,0.0,0.0,,,0.0,0.0,0.0,,,0.0,0.0,0.1871,-0.8,05:18,0.2468,0.0966,0.3473,-0.7,04:40,0.4055,0.2586,0.815,3.2,03:56,0.8173,0.8123,0.6954,-0.6,03:40,0.6958,0.687,0.0,0.0506,0.0
2046036.28727,889,9,28,0889-09-28,0,-1.0088,0.9802,2302.1,25.0,0.0,,,0.0,0.0,0.0,,,0.0,0.0,0.0,,,0.0,0.0,0.0,,,0.0,0.0,0.0,,,0.0,0.0,0.0,,,0.0,0.0,0.0,,,0.0,0.0,0.0,,,0.0,0.0,0.0,0.0,0.0
2046183.57554,890,2,23,0890-02-23,1,-1.0005,0.9938,2295.4,25.0,0.0,,,0.0,0.0,0.0,,,0.0,0.0,0.0,,,0.0,0.0,0.0,,,0.0,0.0,0.0,,,0.0,0.0,0.0,,,0.0,0.0,0.0,,,0.0,0.0,0.0,,,0.0,0.0,0.0,0.0,0.0
2046360.94905,890,8,19,0890-08-19,3,1.079,0.9745,2295.4,25.0,0.0,,,0.0,0.0,0.0,,,0.0,0.0,0.0,,,0.0,0.0,0.0,,,0.0,0.0,0.0,,,0.0,0.0,0.0,,,0.0,0.0,0.0,,,0.0,0.0,0.0,,,0.0,0.0,0.0,0.0,0.0
2046538.21556,891,2,12,0891-02-12,5,-0.2848,0.2909,2288.8,25.0,0.0,,,0.0,0.0,0.0,,,0.0,0.0,0.0,,,0.0,0.0,0.0,,,0.0,0.0,0.0,,,0.0,0.0,0.0,,,0.0,0.0,0.0,,,0.0,0.0,0.0,,,0.0,0.0,0.0,0.0,0.0
2046714.95664,891,8,8,0891-08-08,0,0.343,0.3091,2288.8,25.0,0.805,33.2,08:55,0.8058,0.8032,0.7514,32.8,08:57,0.7525,0.7498,0.834,32.5,08:53,0.8343,0.8324,0.7952,33.6,08:55,0.7969,0.7938,0.7795,36.4,09:01,0.7823,0.7769,0.8701,53.8,09:19,0.8805,0.8601,0.9152,64.1,09:51,0.9323,0.8984,0.8293,74.0,10:13,0.8511,0.8079,0.834,0.8343,0.8324
2046892.871,892,2,2,0892-02-02,3,0.4078,0.4086,2282.2,25.0,0.0,,,0.0,0.0,0.0,,,0.0,0.0,0.0,,,0.0,0.0,0.0,,,0.0,0.0,0.0,,,0.0,0.0,0.0241,14.1,07:50,0.0257,0.0231,0.1027,26.9,08:18,0.1124,0.0935,0.2383,33.8,08:06,0.2492,0.2283,0.0,0.0,0.0
2047069.11174,892,7,27,0892-07-27,4,-0.4218,0.396,2282.2,25.0,0.0,,,0.0,0.0,0.0,,,0.0,0.0,0.0,,,0.0,0.0,0.0,,,0.0,0.0,0.0,,,0.0,0.0,0.0,,,0.0,0.0,0.0,,,0.0,0.0,0.0,,,0.0,0.0,0.0,0.0,0.0
2047247.34727,893,1,21,0893-01-21,0,1.1539,1.0975,2275.6,25.0,0.0,,,0.0,0.0,0.0,,,0.0,0.0,0.0,,,0.0,0.0,0.0,,,0.0,0.0,0.0,,,0.0,0.0,0.0,,,0.0,0.0,0.0,,,0.0,0.0,0.0,,,0.0,0.0,0.0,0.0,0.0
2047394.25656,893,6,17,0893-06-17,0,1.3919,1.4065,2275.6,25.0,0.0,,,0.0,0.0,0.0,,,0.0,0.0,0.0,,,0.0,0.0,0.0,,,0.0,0.0,0.0,,,0.0,0.0,0.0,,,0.0,0.0,0.0,,,0.0,0.0,0.0,,,0.0,0.0,0.0,0.0,0.0
2047423.57286,893,7,17,0893-07-17,2,-1.147,1.1365,2275.6,25.0,0.0,,,0.0,0.0,0.0,,,0.0,0.0,0.0,,,0.0,0.0,0.0,,,0.0,0.0,0.0,,,0.0,0.0,0.0,,,0.0,0.0,0.0,,,0.0,0.0,0.0,,,0.0,0.0,0.0,0.0,0.0
2047571.72592,893,12,12,0893-12-12,3,-1.1332,1.0164,2275.6,25.0,0.0,,,0.0,0.0,0.0,,,0.0,0.0,0.0,,,0.0,0.0,0.0,,,0.0,0.0,0.0,,,0.0,0.0,0.0,,,0.0,0.0,0.0,,,0.0,0.0,0.0,,,0.0,0.0,0.0,0.0,0.0
2047748.97515,894,6,7,0894-06-07,5,0.6572,0.6685,2269.0,25.0,0.8115,50.5,10:12,0.8183,0.8057,0.8635,49.6,10:14,0.8694,0.8574,0.7913,50.0,10:08,0.7979,0.7847,0.8153,50.7,10:12,0.8212,0.8097,0.806,52.9,10:18,0.811,0.8012,0.3679,70.3,10:34,0.3698,0.3666,0.3741,66.9,11:12,0.3812,0.3676,0.0658,69.6,11:22,0.0757,0.0566,0.8635,0.8694,0.8574
2047925.70436,894,12,1,0894-12-01,0,-0.4468,0.4078,2269.0,25.0,0.0,,,0.0,0.0,0.0,,,0.0,0.0,0.0,,,0.0,0.0,0.0,,,0.0,0.0,0.0,,,0.0,0.0,0.0,,,0.0,0.0,0.0,,,0.0,0.0,0.0,,,0.0,0.0,0.0,0.0,0.0
2048103.62487,895,5,28,0895-05-28,3,-0.091,0.0892,2262.4,25.0,0.0,,,0.0,0.0,0.0,,,0.0,0.0,0.0,,,0.0,0.0,0.0,,,0.0,0.0,0.0,,,0.0,0.0,0.0,,,0.0,0.0,0.0,,,0.0,0.0,0.0,,,0.0,0.0,0.0,0.0,0.0
2048279.9281,895,11,20,0895-11-20,4,0.264,0.2538,2262.4,25.0,0.0,,,0.0037,0.0,0.0,,,0.0,0.0,0.0214,0.5,08:26,0.0308,0.0118,0.0,,,0.0,0.0,0.0,,,0.0,0.0,0.0455,18.9,08:32,0.0572,0.0339,0.0,,,0.0,0.0,0.0923,37.2,09:06,0.1017,0.0837,0.0214,0.0308,0.0118
2048458.02723,896,5,16,0896-05-16,0,-0.8988,0.8346,2255.8,25.0,0.0,,,0.0,0.0,0.0,,,0.0,0.0,0.0,,,0.0,0.0,0.0,,,0.0,0.0,0.0,,,0.0,0.0,0.0,,,0.0,0.0,0.0,,,0.0,0.0,0.0,,,0.0,0.0,0.0,0.0,0.0
2048634.44464,896,11,8,0896-11-08,1,0.9292,0.9379,2255.8,25.0,0.0,,,0.0,0.0,0.0,,,0.0,0.0,0.0,,,0.0,0.0,0.0,,,0.0,0.0,0.0,,,0.0,0.0,0.0,,,0.0,0.0,0.0,,,0.0,0.0,0.0,,,0.0,0.0,0.0,0.0,0.0
2048782.48246,897,4,5,0897-04-05,2,1.2014,1.079,2249.2,25.0,0.0,,,0.0,0.0,0.0,,,0.0,0.0,0.0,,,0.0,0.0,0.0,,,0.0,0.0,0.0,,,0.0,0.0,0.0,,,0.0,0.0,0.0,,,0.0,0.0,0.0,,,0.0,0.0,0.0,0.0,0.0
2048959.68553,897,9,30,0897-09-30,5,-1.0746,1.0804,2249.2,25.0,0.0,,,0.0,0.0,0.0,,,0.0,0.0,0.0,,,0.0,0.0,0.0,,,0.0,0.0,0.0,,,0.0,0.0,0.0,,,0.0,0.0,0.0,,,0.0,0.0,0.0,,,0.0,0.0,0.0,0.0,0.0
2049136.57728,898,3,26,0898-03-26,0,0.4363,0.4054,2242.7,25.0,0.0,,,0.0,0.0,0.0,,,0.0,0.0,0.0,,,0.0,0.0,0.0,,,0.0,0.0,0.0,,,0.0,0.0,0.0,,,0.0,0.0,0.0,,,0.0,0.0,0.0,,,0.0,0.0,0.0,0.0,0.0
2049314.19998,898,9,19,0898-09-19,2,-0.3891,0.372,2242.7,25.0,0.0,,,0.0,0.0,0.0,,,0.0,0.0,0.0,,,0.0,0.0,0.0,,,0.0,0.0,0.0,,,0.0,0.0,0.0,,,0.0,0.0,0.0,,,0.0,0.0,0.0,,,0.0,0.0,0.0,0.0,0.0
2049490.95942,899,3,15,0899-03-15,4,-0.3213,0.3154,2236.2,25.0,0.0,,,0.0,0.0,0.0,,,0.0,0.0,0.0,,,0.0,0.0,0.0,,,0.0,0.0,0.0,,,0.0,0.0,0.0,,,0.0,0.0,0.0,,,0.0,0.0,0.0,,,0.0,0.0,0.0,0.0,0.0
2049668.42448,899,9,8,0899-09-08,6,0.3536,0.3216,2236.2,25.0,0.0,,,0.0,0.0,0.0,,,0.0,0.0,0.0,,,0.0,0.0,0.0,,,0.0,0.0,0.0,,,0.0,0.0,0.0,,,0.0,0.0,0.0,,,0.0,0.0,0.0,,,0.0,0.0,0.0,0.0,0.0
2049845.57947,900,3,4,0900-03-04,2,-1.0119,1.0306,2229.6,20.0,0.0,,,0.0,0.0,0.0,,,0.0,0.0,0.0,,,0.0,0.0,0.0,,,0.0,0.0,0.0,,,0.0,0.0,0.0,,,0.0,0.0,0.0,,,0.0,0.0,0.0,,,0.0,0.0,0.0,0.0,0.0
2050022.43282,900,8,27,0900-08-27,3,1.0863,0.9753,2229.6,20.0,0.0,,,0.0,0.0,0.0,,,0.0,0.0,0.0,,,0.0,0.0,0.0,,,0.0,0.0,0.0,,,0.0,0.0,0.0,,,0.0,0.0,0.0,,,0.0,0.0,0.0,,,0.0,0.0,0.0,0.0,0.0
2050170.81466,901,1,23,0901-01-23,5,0.9728,0.9623,2223.1,20.0,0.0,,,0.0,0.0,0.0,,,0.0,0.0,0.0,,,0.0,0.0,0.0,,,0.0,0.0,0.0,,,0.0,0.0,0.2952,-0.6,06:30,0.384,0.2304,0.7244,5.4,05:58,0.7317,0.7163,0.5261,8.7,05:46,0.5351,0.5169,0.0,0.0,0.0
2050347.02299,901,7,18,0901-07-18,6,-0.9785,0.9332,2223.1,20.0,0.0,,,0.0,0.0,0.0,,,0.0,0.0,0.0,,,0.0,0.0,0.0,,,0.0,0.0,0.0,,,0.0,0.0,0.0,,,0.0,0.0,0.0,,,0.0,0.0,0.0,,,0.0,0.0,0.0,0.0,0.0
2050525.20844,902,1,12,0902-01-12,2,0.298,0.2789,2216.6,20.0,0.0,,,0.0,0.0,0.0,,,0.0,0.0,0.0,,,0.0,0.0,0.0,,,0.0,0.0,0.0,,,0.0,0.0,0.0,,,0.0,0.0,0.0,,,0.0,0.0,0.0,,,0.0,0.0,0.0,0.0,0.0
2050701.56152,902,7,8,0902-07-08,4,-0.1826,0.1831,2216.6,20.0,0.0,,,0.0,0.0,0.0,,,0.0,0.0,0.0,,,0.0,0.0,0.0,,,0.0,0.0,0.0,,,0.0,0.0,0.0,,,0.0,0.0,0.0,,,0.0,0.0,0.0,,,0.0,0.0,0.0,0.0,0.0
2050879.29493,903,1,1,0903-01-01,6,-0.4028,0.3625,2210.2,20.0,0.0,,,0.0,0.0,0.0,,,0.0,0.0,0.0,,,0.0,0.0,0.0,,,0.0,0.0,0.0,,,0.0,0.0,0.0,,,0.0,0.0,0.0,,,0.0,0.0,0.0,,,0.0,0.0,0.0,0.0,0.0
2051056.2679,903,6,27,0903-06-27,1,0.5586,0.5697,2210.2,20.0,0.661,15.7,18:48,0.6707,0.6513,0.6293,16.7,18:44,0.6386,0.6203,0.6871,15.9,18:50,0.6971,0.6771,0.6486,15.3,18:48,0.6583,0.639,0.6127,13.4,18:46,0.6219,0.6035,0.6333,-0.9,18:46,0.6798,0.5495,0.0,,,0.0,0.0,0.0,,,0.0,0.0,0.6871,0.6971,0.6771
2051233.2555,903,12,21,0903-12-21,3,-1.0729,0.971,2210.2,20.0,0.0,,,0.0,0.0,0.0,,,0.0,0.0,0.0,,,0.0,0.0,0.0,,,0.0,0.0,0.0,,,0.0,0.0,0.0,,,0.0,0.0,0.0,,,0.0,0.0,0.0,,,0.0,0.0,0.0,0.0,0.0
2051381.58345,904,5,18,0904-05-18,5,-1.2689,1.2253,2203.7,20.0,0.0,,,0.0,0.0,0.0,,,0.0,0.0,0.0,,,0.0,0.0,0.0,,,0.0,0.0,0.0,,,0.0,0.0,0.0,,,0.0,0.0,0.0,,,0.0,0.0,0.0,,,0.0,0.0,0.0,0.0,0.0
2051410.94783,904,6,16,0904-06-16,6,1.3252,1.3136,2203.7,20.0,0.0,,,0.0,0.0,0.0,,,0.0,0.0,0.0,,,0.0,0.0,0.0,,,0.0,0.0,0.0,,,0.0,0.0,0.0,,,0.0,0.0,0.0,,,0.0,0.0,0.0,,,0.0,0.0,0.0,0.0,0.0
2051557.82871,904,11,10,0904-11-10,6,1.1473,1.1212,2203.7,20.0,0.0,,,0.0,0.0,0.0,,,0.0,0.0,0.0,,,0.0,0.0,0.0,,,0.0,0.0,0.0,,,0.0,0.0,0.0,,,0.0,0.0,0.0,,,0.0,0.0,0.0,,,0.0,0.0,0.0,0.0,0.0
2051735.898,905,5,7,0905-05-07,2,-0.542,0.4967,2197.2,20.0,0.0,,,0.0,0.0,0.0,,,0.0,0.0,0.0,,,0.0,0.0,0.0,,,0.0,0.0,0.0,,,0.0,0.0,0.0,,,0.0,0.0,0.0,,,0.0,0.0,0.0,,,0.0,0.0,0.0,0.0,0.0
2051912.40581,905,10,30,0905-10-30,3,0.4301,0.4375,2197.2,20.0,0.0,,,0.0,0.0,0.0,,,0.0,0.0,0.0,,,0.0,0.0,0.0,,,0.0,0.0,0.0,,,0.0,0.0,0.0,,,0.0,0.0,0.0,,,0.0,0.0,0.0,,,0.0,0.0,0.0,0.0,0.0
2052089.9516,906,4,26,0906-04-26,6,0.2162,0.1938,2190.8,20.0,0.1052,44.6,10:25,0.1184,0.0921,0.085,43.4,10:27,0.0975,0.0727,0.1028,44.4,10:21,0.1163,0.0894,0.1119,45.0,10:27,0.125,0.0989,0.1519,46.5,10:31,0.1649,0.1387,0.5392,62.2,10:31,0.5574,0.5208,0.7801,61.2,10:57,0.7946,0.7654,0.9078,70.3,10:45,0.9271,0.8903,0.1119,0.125,0.0989
2052267.07021,906,10,20,0906-10-20,1,-0.251,0.2544,2190.8,20.0,0.0,,,0.0,0.0,0.0,,,0.0,0.0,0.0,,,0.0,0.0,0.0,,,0.0,0.0,0.0,,,0.0,0.0,0.0,,,0.0,0.0,0.0,,,0.0,0.0,0.0,,,0.0,0.0,0.0,0.0,0.0
2052444.01195,907,4,15,0907-04-15,3,0.9547,0.8776,2184.4,20.0,0.4038,46.9,12:02,0.4176,0.3901,0.4339,45.0,12:06,0.4468,0.4211,0.402,47.7,12:00,0.4164,0.3877,0.3983,46.7,12:04,0.4119,0.3848,0.3594,46.5,12:10,0.3724,0.3465,0.0,,,0.0,0.0,0.0,,,0.0,0.0,0.0,,,0.0,0.0,0.4339,0.4468,0.4211
2052621.62518,907,10,10,0907-10-10,6,-0.9852,0.9544,2184.4,20.0,0.0,,,0.0,0.0,0.0,,,0.0,0.0,0.0,,,0.0,0.0,0.0,,,0.0,0.0,0.0,,,0.0,0.0,0.0,,,0.0,0.0,0.0,,,0.0,0.0,0.0,,,0.0,0.0,0.0,0.0,0.0
2052768.91387,908,3,5,0908-03-05,6,-1.031,1.0267,2178.0,20.0,0.0,,,0.0,0.0,0.0,,,0.0,0.0,0.0,,,0.0,0.0,0.0,,,0.0,0.0,0.0,,,0.0,0.0,0.0,,,0.0,0.0,0.0,,,0.0,0.0,0.0,,,0.0,0.0,0.0,0.0,0.0
2052946.23963,908,8,29,0908-08-29,1,1.1402,1.0283,2178.0,20.0,0.6503,14.9,17:24,0.6555,0.645,0.656,15.1,17:20,0.661,0.6508,0.6415,15.3,17:28,0.647,0.6358,0.6554,14.3,17:24,0.6603,0.6502,0.6719,11.9,17:24,0.676,0.6675,0.5966,-0.6,17:38,0.6204,0.5712,0.0,,,0.0,0.0,0.0,,,0.0,0.0,0.656,0.661,0.6508
2053123.56586,909,2,23,0909-02-23,4,-0.3118,0.3184,2171.6,20.0,0.0,,,0.0,0.0,0.0,,,0.0,0.0,0.0,,,0.0,0.0,0.0,,,0.0,0.0,0.0,,,0.0,0.0,0.0,,,0.0,0.0,0.0,,,0.0,0.0,0.0,,,0.0,0.0,0.0,0.0,0.0
2053300.24175,909,8,18,0909-08-18,5,0.4102,0.3702,2171.6,20.0,0.0707,18.4,17:25,0.0774,0.0642,0.0635,18.7,17:21,0.07,0.0572,0.0815,19.0,17:27,0.0886,0.0747,0.0645,17.8,17:25,0.071,0.0583,0.0436,15.4,17:25,0.0493,0.0382,0.0742,0.3,17:51,0.0768,0.0719,0.0,,,0.0,0.0,0.0,,,0.0,0.0,0.0815,0.0886,0.0747
2053478.22194,910,2,12,0910-02-12,1,0.3874,0.3873,2165.2,20.0,0.3534,-0.7,17:39,0.4536,0.2853,0.2673,-0.7,17:33,0.3657,0.2002,0.4811,-0.8,17:47,0.5805,0.3797,0.288,-0.8,17:35,0.3558,0.1861,0.0,,,0.052,0.0,0.0,,,0.0,0.0,0.0,,,0.0,0.0,0.0,,,0.0,0.0,0.4811,0.5805,0.3797
2053654.40866,910,8,7,0910-08-07,2,-0.3527,0.3322,2165.2,20.0,0.0,,,0.0,0.0,0.0,,,0.0,0.0,0.0,,,0.0,0.0,0.0,,,0.0,0.0,0.0,,,0.0,0.0,0.0,,,0.0,0.0,0.0,,,0.0,0.0,0.0,,,0.0,0.0,0.0,0.0,0.0
2053832.6894,911,2,2,0911-02-02,6,1.141,1.0819,2158.8,20.0,0.0,,,0.0,0.0,0.0,,,0.0,0.0,0.0,,,0.0,0.0,0.0,,,0.0,0.0,0.0,,,0.0,0.0,0.0,,,0.0,0.0,0.0,,,0.0,0.0,0.0,,,0.0,0.0,0.0,0.0,0.0
2053979.5656,911,6,29,0911-06-29,6,1.4601,1.478,2158.8,20.0,0.0,,,0.0,0.0,0.0,,,0.0,0.0,0.0,,,0.0,0.0,0.0,,,0.0,0.0,0.0,,,0.0,0.0,0.0,,,0.0,0.0,0.0,,,0.0,0.0,0.0,,,0.0,0.0,0.0,0.0,0.0
2054008.88328,911,7,28,0911-07-28,0,-1.0774,1.0706,2158.8,20.0,0.0,,,0.0,0.0,0.0,,,0.0,0.0,0.0,,,0.0,0.0,0.0,,,0.0,0.0,0.0,,,0.0,0.0,0.0,,,0.0,0.0,0.0,,,0.0,0.0,0.0,,,0.0,0.0,0.0,0.0,0.0
2054157.05996,911,12,23,0911-12-23,1,-1.1405,1.0226,2158.8,20.0,0.0,,,0.0,0.0,0.0,,,0.0,0.0,0.0,,,0.0,0.0,0.0,,,0.0,0.0,0.0,,,0.0,0.0,0.0,,,0.0,0.0,0.0,,,0.0,0.0,0.0,,,0.0,0.0,0.0,0.0,0.0
2054334.28486,912,6,17,0912-06-17,3,0.7319,0.7436,2152.5,20.0,0.83,13.6,19:04,0.839,0.821,0.8073,14.7,19:00,0.8158,0.7992,0.8507,13.7,19:06,0.8601,0.8413,0.8192,13.2,19:04,0.8284,0.8105,0.7881,11.3,19:02,0.7965,0.7795,0.4509,-0.8,18:46,0.524,0.3381,0.0,,,0.0,0.0,0.0,,,0.0,0.0,0.8507,0.8601,0.8413
2054511.04588,912,12,11,0912-12-11,5,-0.4502,0.4118,2152.5,20.0,0.0,,,0.0,0.0,0.0,,,0.0,0.0,0.0,,,0.0,0.0,0.0,,,0.0,0.0,0.0,,,0.0,0.0,0.0,,,0.0,0.0,0.0,,,0.0,0.0,0.0,,,0.0,0.0,0.0,0.0,0.0
2054688.92347,913,6,7,0913-06-07,1,-0.0136,0.0133,2146.1,20.0,0.0,,,0.0,0.0,0.0,,,0.0,0.0,0.0,,,0.0,0.0,0.0,,,0.0,0.0,0.0,,,0.0,0.0,0.3164,56.4,08:52,0.3247,0.3077,0.4174,70.4,09:20,0.4194,0.4149,0.733,78.3,09:18,0.735,0.7301,0.0,0.0,0.0
2054865.28456,913,11,30,0913-11-30,2,0.2605,0.2512,2146.1,20.0,0.0,,,0.0,0.0,0.0,,,0.0,0.0,0.0,,,0.0,0.0,0.0,,,0.0,0.0,0.0,,,0.0,0.0,0.0,,,0.0,0.0,0.0,,,0.0,0.0,0.0,,,0.0,0.0,0.0,0.0,0.0
2055043.30824,914,5,27,0914-05-27,5,-0.8207,0.7597,2139.8,20.0,0.0,,,0.0,0.0,0.0,,,0.0,0.0,0.0,,,0.0,0.0,0.0,,,0.0,0.0,0.0,,,0.0,0.0,0.0,,,0.0,0.0,0.0,,,0.0,0.0,0.0,,,0.0,0.0,0.0,0.0,0.0
2055219.80996,914,11,20,0914-11-20,0,0.9223,0.9325,2139.8,20.0,0.0,,,0.0,0.0,0.0,,,0.0,0.0,0.0,,,0.0,0.0,0.0,,,0.0,0.0,0.0,,,0.0,0.0,0.051,-0.6,06:14,0.1353,0.0,0.5101,4.4,05:36,0.5228,0.4972,0.2729,9.2,05:30,0.2876,0.2582,0.0,0.0,0.0
2055367.76446,915,4,17,0915-04-17,1,1.2678,1.1397,2133.5,20.0,0.4106,-0.7,05:11,0.4143,0.4014,0.4307,-0.1,05:09,0.4325,0.4286,0.3664,-0.7,05:19,0.3912,0.3442,0.4166,-0.6,05:07,0.4175,0.4144,0.4115,1.5,05:05,0.4139,0.4089,0.231,2.3,04:37,0.2352,0.2267,0.1456,13.6,04:33,0.1524,0.1387,0.0,,,0.0,0.0,0.4307,0.4325,0.4286
2055545.03344,915,10,11,0915-10-11,3,-1.1004,1.1041,2133.5,20.0,0.0,,,0.0,0.0,0.0,,,0.0,0.0,0.0,,,0.0,0.0,0.0,,,0.0,0.0,0.0,,,0.0,0.0,0.0,,,0.0,0.0,0.0,,,0.0,0.0,0.0,,,0.0,0.0,0.0,0.0,0.0
2055721.87934,916,4,5,0916-04-05,5,0.4912,0.4578,2127.2,20.0,0.2748,20.0,08:00,0.2806,0.2689,0.2574,20.1,08:04,0.2631,0.2518,0.2786,19.2,07:58,0.2845,0.273,0.2763,20.7,08:02,0.2824,0.2705,0.294,23.2,08:04,0.3005,0.2876,0.5579,34.5,07:50,0.5686,0.5476,0.7314,48.8,08:12,0.7447,0.7182,0.9375,52.9,07:56,0.9534,0.9218,0.2786,0.2845,0.273
2055899.52773,916,9,30,0916-09-30,1,-0.4238,0.4038,2127.2,20.0,0.0,,,0.0,0.0,0.0,,,0.0,0.0,0.0,,,0.0,0.0,0.0,,,0.0,0.0,0.0,,,0.0,0.0,0.0,,,0.0,0.0,0.0,,,0.0,0.0,0.0,,,0.0,0.0,0.0,0.0,0.0
2056076.28453,917,3,25,0917-03-25,2,-0.275,0.2707,2120.9,20.0,0.0,,,0.0,0.0,0.0,,,0.0,0.0,0.0,,,0.0,0.0,0.0,,,0.0,0.0,0.0,,,0.0,0.0,0.0,,,0.0,0.0,0.0,,,0.0,0.0,0.0,,,0.0,0.0,0.0,0.0,0.0
2056253.72939,917,9,19,0917-09-19,5,0.309,0.2805,2120.9,20.0,0.0,,,0.0,0.0,0.0,,,0.0,0.0,0.0,,,0.0,0.0,0.0,,,0.0,0.0,0.0,,,0.0,0.0,0.0,,,0.0,0.0,0.2863,-0.8,03:52,0.3429,0.201,0.2542,-0.9,03:48,0.3109,0.1687,0.0,0.0,0.0
2056430.91896,918,3,15,0918-03-15,0,-0.9736,0.9923,2114.6,20.0,0.0,,,0.0,0.0,0.0,,,0.0,0.0,0.0,,,0.0,0.0,0.0,,,0.0,0.0,0.0,,,0.0,0.0,0.0,,,0.0,0.0,0.0,,,0.0,0.0,0.0,,,0.0,0.0,0.0,0.0,0.0
2056607.72728,918,9,8,0918-09-08,2,1.0322,0.9273,2114.6,20.0,0.0,,,0.0,0.0,0.0,,,0.0,0.0,0.0,,,0.0,0.0,0.0,,,0.0,0.0,0.0,,,0.0,0.0,0.0,,,0.0,0.0,0.0,,,0.0,0.0,0.0,,,0.0,0.0,0.0,0.0,0.0
2056756.16722,919,2,3,0919-02-03,3,0.9906,0.9772,2108.3,20.0,0.5221,5.0,16:35,0.5312,0.5135,0.5607,4.0,16:33,0.5693,0.5526,0.5105,6.3,16:35,0.5198,0.5014,0.5218,4.4,16:35,0.5306,0.5132,0.4998,1.9,16:37,0.5084,0.4918,0.037,-0.8,16:35,0.0636,0.0,0.0,,,0.0,0.0,0.0,,,0.0,0.0,0.5607,0.5693,0.5526
2056932.32204,919,7,29,0919-07-29,4,-1.0436,0.9986,2108.3,20.0,0.0,,,0.0,0.0,0.0,,,0.0,0.0,0.0,,,0.0,0.0,0.0,,,0.0,0.0,0.0,,,0.0,0.0,0.0,,,0.0,0.0,0.0,,,0.0,0.0,0.0,,,0.0,0.0,0.0,0.0,0.0
2057110.54939,920,1,24,0920-01-24,1,0.3117,0.2908,2102.1,20.0,0.0,,,0.0,0.0,0.0,,,0.0,0.0,0.0,,,0.0,0.0,0.0,,,0.0,0.0,0.0,,,0.0,0.0,0.0,,,0.0,0.0,0.0,,,0.0,0.0,0.0,,,0.0,0.0,0.0,0.0,0.0
2057286.87249,920,7,18,0920-07-18,2,-0.252,0.2533,2102.1,20.0,0.0,,,0.0,0.0,0.0,,,0.0,0.0,0.0,,,0.0,0.0,0.0,,,0.0,0.0,0.0,,,0.0,0.0,0.0,,,0.0,0.0,0.0,,,0.0,0.0,0.1691,52.8,07:25,0.1758,0.162,0.0,0.0,0.0
2057464.62653,921,1,12,0921-01-12,5,-0.3921,0.3525,2095.9,20.0,0.0,,,0.0,0.0,0.0,,,0.0,0.0,0.0,,,0.0,0.0,0.0,,,0.0,0.0,0.0,,,0.0,0.0,0.0,,,0.0,0.0,0.0,,,0.0,0.0,0.0,,,0.0,0.0,0.0,0.0,0.0
2057641.57982,921,7,8,0921-07-08,0,0.4863,0.4957,2095.9,20.0,0.0,,,0.0,0.0,0.0,,,0.0,0.0,0.0,,,0.0,0.0,0.0,,,0.0,0.0,0.0,,,0.0,0.0,0.0,,,0.0,0.0,0.0,,,0.0,0.0,0.0,,,0.0,0.0,0.0,0.0,0.0
2057818.59215,922,1,1,0922-01-01,2,-1.064,0.9645,2089.7,20.0,0.0,,,0.0,0.0,0.0,,,0.0,0.0,0.0,,,0.0,0.0,0.0,,,0.0,0.0,0.0,,,0.0,0.0,0.0,,,0.0,0.0,0.0,,,0.0,0.0,0.0,,,0.0,0.0,0.0,0.0,0.0
2057966.87865,922,5,29,0922-05-29,3,-1.3485,1.2976,2089.7,20.0,0.0,,,0.0,0.0,0.0,,,0.0,0.0,0.0,,,0.0,0.0,0.0,,,0.0,0.0,0.0,,,0.0,0.0,0.0,,,0.0,0.0,0.0,,,0.0,0.0,0.0,,,0.0,0.0,0.0,0.0,0.0
2057996.2502,922,6,27,0922-06-27,4,1.2557,1.241,2089.7,20.0,0.0309,17.6,18:35,0.0404,0.0213,0.0619,18.5,18:31,0.0709,0.0527,0.005,17.8,18:37,0.0147,0.0,0.0428,17.1,18:35,0.0522,0.0334,0.0787,15.2,18:33,0.0878,0.0695,0.0,,,0.0,0.0,0.0,,,0.0,0.0,0.0,,,0.0,0.0,0.0619,0.0709,0.0527
2058143.18695,922,11,21,0922-11-21,4,1.1498,1.1269,2089.7,20.0,0.6395,-0.7,16:12,0.6629,0.6072,0.607,-0.9,16:02,0.6442,0.5425,0.6559,-0.4,16:20,0.6606,0.6473,0.6148,-0.9,16:08,0.6457,0.5572,0.3889,-0.7,15:48,0.4688,0.3284,0.0,,,0.0,0.0,0.0,,,0.0,0.0,0.0,,,0.0,0.0,0.6559,0.6629,0.6473
2058321.17594,923,5,18,0923-05-18,0,-0.6246,0.5709,2083.4,20.0,0.0,,,0.0,0.0,0.0,,,0.0,0.0,0.0,,,0.0,0.0,0.0,,,0.0,0.0,0.0,,,0.0,0.0,0.0,,,0.0,0.0,0.0,,,0.0,0.0,0.0,,,0.0,0.0,0.0,0.0,0.0
2058497.77003,923,11,11,0923-11-11,2,0.4386,0.4466,2083.4,20.0,0.0,,,0.0,0.0,0.0,,,0.0,0.0,0.0,,,0.0,0.0,0.0,,,0.0,0.0,0.0,,,0.0,0.0,0.0,,,0.0,0.0,0.3725,-0.8,04:54,0.4459,0.2653,0.4954,-0.7,04:30,0.5372,0.4266,0.0,0.0,0.0
2058675.22396,924,5,6,0924-05-06,4,0.1353,0.1214,2077.3,20.0,0.3308,14.4,18:21,0.3372,0.3242,0.285,14.9,18:19,0.291,0.2788,0.361,15.0,18:21,0.3675,0.3543,0.3187,13.9,18:21,0.3251,0.3121,0.2891,11.9,18:19,0.2959,0.2822,0.4287,-0.7,18:15,0.4697,0.3938,0.0,,,0.0,0.0,0.0,,,0.0,0.0,0.361,0.3675,0.3543
2058852.42878,924,10,30,0924-10-30,6,-0.237,0.2398,2077.3,20.0,0.0,,,0.0,0.0,0.0,,,0.0,0.0,0.0,,,0.0,0.0,0.0,,,0.0,0.0,0.0,,,0.0,0.0,0.0,,,0.0,0.0,0.0,,,0.0,0.0,0.0,,,0.0,0.0,0.0,0.0,0.0
2059029.29938,925,4,25,0925-04-25,1,0.8819,0.813,2071.1,20.0,0.33,-0.8,19:54,0.365,0.2844,0.4275,-0.7,20:00,0.4458,0.4085,0.3082,-0.8,19:56,0.3296,0.2654,0.3288,-0.9,19:52,0.3544,0.2802,0.1971,-0.8,19:36,0.2375,0.1299,0.0,,,0.0,0.0,0.0,,,0.0,0.0,0.0,,,0.0,0.0,0.4275,0.4458,0.4085
2059206.96783,925,10,20,0925-10-20,4,-0.9676,0.9346,2071.1,20.0,0.0,,,0.0,0.0,0.0,,,0.0,0.0,0.0,,,0.0,0.0,0.0,,,0.0,0.0,0.0,,,0.0,0.0,0.0,,,0.0,0.0,0.0,,,0.0,0.0,0.0,,,0.0,0.0,0.0,0.0,0.0
2059354.24683,926,3,16,0926-03-16,4,-1.0688,1.0668,2064.9,20.0,0.0,,,0.0,0.0,0.0,,,0.0,0.0,0.0,,,0.0,0.0,0.0,,,0.0,0.0,0.0,,,0.0,0.0,0.0,,,0.0,0.0,0.0,,,0.0,0.0,0.0,,,0.0,0.0,0.0,0.0,0.0
2059531.53601,926,9,10,0926-09-10,0,1.1942,1.0755,2064.9,20.0,0.0,,,0.0,0.0,0.0,,,0.0,0.0,0.0,,,0.0,0.0,0.0,,,0.0,0.0,0.0,,,0.0,0.0,0.0,,,0.0,0.0,0.0,,,0.0,0.0,0.0,,,0.0,0.0,0.0,0.0,0.0
2059708.91123,927,3,6,0927-03-06,2,-0.3449,0.3522,2058.8,20.0,0.0,,,0.0,0.0,0.0,,,0.0,0.0,0.0,,,0.0,0.0,0.0,,,0.0,0.0,0.0,,,0.0,0.0,0.0,,,0.0,0.0,0.0,,,0.0,0.0,0.0,,,0.0,0.0,0.0,0.0,0.0
2059885.53285,927,8,30,0927-08-30,4,0.4708,0.4255,2058.8,20.0,0.0,,,0.0,0.0,0.0,,,0.0,0.0,0.0,,,0.0,0.0,0.0,,,0.0,0.0,0.0,,,0.0,0.0,0.0,,,0.0,0.0,0.0,,,0.0,0.0,0.0,,,0.0,0.0,0.0,0.0,0.0
2060063.56825,928,2,24,0928-02-24,0,0.362,0.361,2052.6,20.0,0.0,,,0.0,0.0,0.0,,,0.0,0.0,0.0,,,0.0,0.0,0.0,,,0.0,0.0,0.0,,,0.0,0.0,0.0,,,0.0,0.0,0.0,,,0.0,0.0,0.0,,,0.0,0.0,0.0,0.0,0.0
2060239.71128,928,8,18,0928-08-18,1,-0.2893,0.2734,2052.6,20.0,0.0,,,0.0,0.0,0.0,,,0.0,0.0,0.0,,,0.0,0.0,0.0,,,0.0,0.0,0.0,,,0.0,0.0,0.0,,,0.0,0.0,0.0,,,0.0,0.0,0.0,,,0.0,0.0,0.0,0.0,0.0
2060418.02671,929,2,12,0929-02-12,4,1.1233,1.0619,2046.5,20.0,0.4346,23.9,12:44,0.4478,0.4213,0.4518,22.0,12:46,0.4642,0.4393,0.4383,25.0,12:40,0.4518,0.4249,0.4274,23.6,12:44,0.4406,0.4143,0.3865,23.0,12:50,0.3998,0.373,0.0,,,0.0161,0.0,0.0,,,0.0,0.0,0.0,,,0.0,0.0,0.4518,0.4642,0.4393
2060564.8762,929,7,9,0929-07-09,4,1.5269,1.5482,2046.5,20.0,0.0,,,0.0,0.0,0.0,,,0.0,0.0,0.0,,,0.0,0.0,0.0,,,0.0,0.0,0.0,,,0.0,0.0,0.0,,,0.0,0.0,0.0,,,0.0,0.0,0.0,,,0.0,0.0,0.0,0.0,0.0
2060594.19777,929,8,7,0929-08-07,5,-1.0118,1.0082,2046.5,20.0,0.0,,,0.0,0.0,0.0,,,0.0,0.0,0.0,,,0.0,0.0,0.0,,,0.0,0.0,0.0,,,0.0,0.0,0.0,,,0.0,0.0,0.0,,,0.0,0.0,0.0,,,0.0,0.0,0.0,0.0,0.0
2060742.39293,930,1,2,0930-01-02,6,-1.1489,1.03,2040.4,20.0,0.0,,,0.0,0.0,0.0,,,0.0,0.0,0.0,,,0.0,0.0,0.0,,,0.0,0.0,0.0,,,0.0,0.0,0.0,,,0.0,0.0,0.0,,,0.0,0.0,0.0,,,0.0,0.0,0.0,0.0,0.0
2060919.59511,930,6,29,0930-06-29,2,0.8058,0.8175,2040.4,20.0,0.0,,,0.0,0.0,0.0,,,0.0,0.0,0.0,,,0.0,0.0,0.0,,,0.0,0.0,0.0,,,0.0,0.0,0.0,,,0.0,0.0,0.0,,,0.0,0.0,0.0,,,0.0,0.0,0.0,0.0,0.0
2061096.38705,930,12,22,0930-12-22,3,-0.4549,0.4169,2040.4,20.0,0.0,,,0.0,0.0,0.0,,,0.0,0.0,0.0,,,0.0,0.0,0.0,,,0.0,0.0,0.0,,,0.0,0.0,0.0,,,0.0,0.0,0.0,,,0.0,0.0,0.0,,,0.0,0.0,0.0,0.0,0.0
2061274.22188,931,6,18,0931-06-18,6,0.0631,0.0614,2034.3,20.0,0.0,,,0.0,0.0,0.0,,,0.0,0.0,0.0,,,0.0,0.0,0.0,,,0.0,0.0,0.0,,,0.0,0.0,0.0,,,0.0,0.0,0.0,,,0.0,0.0,0.0,,,0.0,0.0,0.0,0.0,0.0
2061450.64212,931,12,12,0931-12-12,1,0.2571,0.2486,2034.3,20.0,0.0,,,0.0,0.0,0.0,,,0.0,0.0,0.0,,,0.0,0.0,0.0,,,0.0,0.0,0.0,,,0.0,0.0,0.0,,,0.0,0.0,0.0,,,0.0,0.0,0.0,,,0.0,0.0,0.0,0.0,0.0
2061628.58722,932,6,7,0932-06-07,4,-0.7408,0.6837,2028.2,20.0,0.0,,,0.0,0.0,0.0,,,0.0,0.0,0.0,,,0.0,0.0,0.0,,,0.0,0.0,0.0,,,0.0,0.0,0.0,,,0.0,0.0,0.0,,,0.0,0.0,0.0,,,0.0,0.0,0.0,0.0,0.0
2061805.17728,932,11,30,0932-11-30,5,0.9173,0.929,2028.2,20.0,0.5614,-0.7,16:05,0.6646,0.4874,0.4239,-0.9,15:53,0.4984,0.319,0.7268,-0.9,16:17,0.7968,0.626,0.4678,-0.7,15:59,0.5718,0.3935,0.1565,-0.8,15:41,0.2613,0.082,0.0,,,0.0,0.0,0.0,,,0.0,0.0,0.0,,,0.0,0.0,0.7268,0.7968,0.626
2061953.04183,933,4,27,0933-04-27,6,1.3396,1.2055,2022.2,20.0,0.0,,,0.0,0.0,0.0,,,0.0,0.0,0.0,,,0.0,0.0,0.0,,,0.0,0.0,0.0,,,0.0,0.0,0.0,,,0.0,0.0,0.0,,,0.0,0.0,0.0,,,0.0,0.0,0.0,0.0,0.0
2061982.67401,933,5,27,0933-05-27,1,-1.5262,1.369,2022.2,20.0,0.0,,,0.0,0.0,0.0,,,0.0,0.0,0.0,,,0.0,0.0,0.0,,,0.0,0.0,0.0,,,0.0,0.0,0.0,,,0.0,0.0,0.0,,,0.0,0.0,0.0,,,0.0,0.0,0.0,0.0,0.0
2062130.38595,933,10,21,0933-10-21,1,-1.1201,1.1216,2022.2,20.0,0.0,,,0.0,0.0,0.0,,,0.0,0.0,0.0,,,0.0,0.0,0.0,,,0.0,0.0,0.0,,,0.0,0.0,0.0,,,0.0,0.0,0.0,,,0.0,0.0,0.0,,,0.0,0.0,0.0,0.0,0.0
2062307.17572,934,4,16,0934-04-16,3,0.5538,0.5178,2016.1,20.0,0.9321,21.7,17:01,0.9346,0.9304,0.884,21.7,16:57,0.8868,0.8818,0.9608,22.6,17:01,0.9614,0.957,0.9228,21.1,17:01,0.925,0.9207,0.9055,18.6,17:01,0.9091,0.9021,0.7924,5.4,17:21,0.7985,0.7864,0.4473,-0.7,16:47,0.5366,0.3877,0.0,,,0.0489,0.0,0.9608,0.9614,0.957
2062484.86122,934,10,11,0934-10-11,6,-0.4507,0.4281,2016.1,20.0,0.0,,,0.0,0.0,0.0,,,0.0,0.0,0.0,,,0.0,0.0,0.0,,,0.0,0.0,0.0,,,0.0,0.0,0.0,,,0.0,0.0,0.0,,,0.0,0.0,0.0,,,0.0,0.0,0.0,0.0,0.0
2062661.6044,935,4,6,0935-04-06,1,-0.2215,0.2187,2010.1,20.0,0.0,,,0.0,0.0,0.0,,,0.0,0.0,0.0,,,0.0,0.0,0.0,,,0.0,0.0,0.0,,,0.0,0.0,0.0,,,0.0,0.0,0.0,,,0.0,0.0,0.0,,,0.0,0.0,0.0,0.0,0.0
2062839.04018,935,9,30,0935-09-30,3,0.2718,0.2463,2010.1,20.0,0.0869,30.6,11:34,0.0961,0.0776,0.0549,28.7,11:36,0.0636,0.0462,0.1132,31.4,11:32,0.1228,0.1037,0.0749,30.5,11:36,0.0841,0.0658,0.0398,30.5,11:42,0.0488,0.0309,0.1193,40.2,12:18,0.1302,0.1088,0.0232,28.2,12:56,0.0292,0.0177,0.1795,29.1,13:16,0.1851,0.1745,0.1132,0.1228,0.1037
2063016.25323,936,3,25,0936-03-25,5,-0.9289,0.9472,2004.1,20.0,0.0,,,0.0,0.0,0.0,,,0.0,0.0,0.0,,,0.0,0.0,0.0,,,0.0,0.0,0.0,,,0.0,0.0,0.0,,,0.0,0.0,0.0,,,0.0,0.0,0.0,,,0.0,0.0,0.0,0.0,0.0
2063193.02832,936,9,18,0936-09-18,0,0.9851,0.8858,2004.1,20.0,0.5293,34.6,11:27,0.5383,0.5204,0.5657,32.8,11:27,0.5742,0.5574,0.5011,35.3,11:25,0.5103,0.4919,0.5418,34.5,11:27,0.5508,0.5328,0.5773,34.8,11:33,0.5864,0.5683,0.4831,45.0,12:15,0.4952,0.4707,0.6089,34.2,12:43,0.6174,0.5999,0.4548,34.7,13:05,0.4635,0.4457,0.5657,0.5742,0.5574
2063341.51471,937,2,14,0937-02-14,2,1.0139,0.9973,1998.1,20.0,0.0,,,0.0,0.0,0.0,,,0.0,0.0,0.0,,,0.0,0.0,0.0,,,0.0,0.0,0.0,,,0.0,0.0,0.0,,,0.0,0.0,0.0,,,0.0,0.0,0.0,,,0.0,0.0,0.0,0.0,0.0
2063517.6255,937,8,9,0937-08-09,3,-1.1042,1.0603,1998.1,20.0,0.0,,,0.0,0.0,0.0,,,0.0,0.0,0.0,,,0.0,0.0,0.0,,,0.0,0.0,0.0,,,0.0,0.0,0.0,,,0.0,0.0,0.0,,,0.0,0.0,0.0,,,0.0,0.0,0.0,0.0,0.0
2063695.88606,938,2,3,0938-02-03,6,0.3296,0.3067,1992.1,20.0,0.0,,,0.0,0.0,0.0,,,0.0,0.0,0.0,,,0.0,0.0,0.0,,,0.0,0.0,0.0,,,0.0,0.0,0.0365,14.9,07:52,0.0394,0.0339,0.0471,28.1,08:24,0.0502,0.0444,0.2122,35.2,08:12,0.2155,0.2096,0.0,0.0,0.0
2063872.1869,938,7,29,0938-07-29,0,-0.3179,0.3202,1992.1,20.0,0.0,,,0.0,0.0,0.0,,,0.0,0.0,0.0,,,0.0,0.0,0.0,,,0.0,0.0,0.0,,,0.0,0.0,0.0,,,0.0,0.0,0.0,,,0.0,0.0,0.0,,,0.0,0.0,0.0,0.0,0.0
2064049.95454,939,1,23,0939-01-23,3,-0.3775,0.339,1986.1,20.0,0.0,,,0.0,0.0,0.0,,,0.0,0.0,0.0,,,0.0,0.0,0.0,,,0.0,0.0,0.0,,,0.0,0.0,0.0,,,0.0,0.0,0.0,,,0.0,0.0,0.0,,,0.0,0.0,0.0,0.0,0.0
2064226.89427,939,7,19,0939-07-19,5,0.4173,0.4251,1986.1,20.0,0.6363,28.2,07:52,0.6442,0.6283,0.593,28.4,07:54,0.6001,0.5857,0.6513,27.1,07:50,0.6595,0.6428,0.6354,28.7,07:52,0.6428,0.6276,0.6526,31.4,07:54,0.6597,0.6455,0.9812,41.8,07:48,0.9897,0.9748,0.8815,57.9,08:12,0.8845,0.8789,0.5584,61.8,08:08,0.5621,0.5551,0.6513,0.6595,0.6428
2064403.92772,940,1,12,0940-01-12,0,-1.0535,0.9567,1980.2,20.0,0.0,,,0.0,0.0,0.0,,,0.0,0.0,0.0,,,0.0,0.0,0.0,,,0.0,0.0,0.0,,,0.0,0.0,0.0,,,0.0,0.0,0.0,,,0.0,0.0,0.0,,,0.0,0.0,0.0,0.0,0.0
2064552.1719,940,6,8,0940-06-08,1,-1.4292,1.3704,1980.2,20.0,0.0,,,0.0,0.0,0.0,,,0.0,0.0,0.0,,,0.0,0.0,0.0,,,0.0,0.0,0.0,,,0.0,0.0,0.0,,,0.0,0.0,0.0,,,0.0,0.0,0.0,,,0.0,0.0,0.0,0.0,0.0
2064581.55295,940,7,8,0940-07-08,3,1.1871,1.1696,1980.2,20.0,0.0,,,0.0,0.0,0.0,,,0.0,0.0,0.0,,,0.0,0.0,0.0,,,0.0,0.0,0.0,,,0.0,0.0,0.0,,,0.0,0.0,0.0,,,0.0,0.0,0.0,,,0.0,0.0,0.0,0.0,0.0
2064728.54782,940,12,2,0940-12-02,3,1.1499,1.1301,1980.2,20.0,0.0,,,0.0,0.0,0.0,,,0.0,0.0,0.0,,,0.0,0.0,0.0,,,0.0,0.0,0.0,,,0.0,0.0,0.0,,,0.0,0.0,0.0,,,0.0,0.0,0.0,,,0.0,0.0,0.0,0.0,0.0
2064906.45096,941,5,28,0941-05-28,5,-0.7096,0.647,1974.2,20.0,0.0,,,0.0,0.0,0.0,,,0.0,0.0,0.0,,,0.0,0.0,0.0,,,0.0,0.0,0.0,,,0.0,0.0,0.0,,,0.0,0.0,0.0,,,0.0,0.0,0.0,,,0.0,0.0,0.0,0.0,0.0
2065083.13698,941,11,21,0941-11-21,0,0.4443,0.4529,1974.2,20.0,0.0,,,0.0,0.0,0.0,,,0.0,0.0,0.0019,8.6,14:54,0.0021,0.0019,0.0,,,0.0,0.0,0.0,,,0.0,0.0,0.1895,0.4,15:36,0.1979,0.1815,0.0,,,0.0,0.0,0.0,,,0.0,0.0,0.0019,0.0021,0.0019
2065260.49332,942,5,17,0942-05-17,2,0.0506,0.0454,1968.3,20.0,0.0,,,0.0,0.0,0.0,,,0.0,0.0,0.0,,,0.0,0.0,0.0,,,0.0,0.0,0.0,,,0.0,0.0,0.0,,,0.0,0.0,0.0,,,0.0,0.0,0.0,,,0.0,0.0,0.0,0.0,0.0
2065437.79078,942,11,11,0942-11-11,5,-0.2275,0.2298,1968.3,20.0,0.0,,,0.0,0.0,0.0,,,0.0,0.0,0.0,,,0.0,0.0,0.0,,,0.0,0.0,0.0,,,0.0,0.0,0.0,,,0.0,0.0,0.0,,,0.0,0.0,0.1505,0.7,04:37,0.1638,0.1369,0.0,0.0,0.0
2065614.58489,943,5,7,0943-05-07,0,0.8056,0.7448,1962.4,20.0,0.0,,,0.0,0.0,0.0,,,0.0,0.0,0.0,,,0.0,0.0,0.0,,,0.0,0.0,0.0,,,0.0,0.0,0.0,,,0.0,0.0,0.0,,,0.0,0.0,0.0,,,0.0,0.0,0.0,0.0,0.0
2065792.31383,943,10,31,0943-10-31,2,-0.9547,0.9194,1962.4,20.0,0.0,,,0.0,0.0,0.0,,,0.0,0.0,0.0,,,0.0,0.0,0.0,,,0.0,0.0,0.0,,,0.0,0.0,0.0,,,0.0,0.0,0.0,,,0.0,0.0,0.0,,,0.0,0.0,0.0,0.0,0.0
2065939.57531,944,3,27,0944-03-27,3,-1.1123,1.1129,1956.5,20.0,0.0,,,0.0,0.0,0.0,,,0.0,0.0,0.0,,,0.0,0.0,0.0,,,0.0,0.0,0.0,,,0.0,0.0,0.0,,,0.0,0.0,0.0,,,0.0,0.0,0.0,,,0.0,0.0,0.0,0.0,0.0
2065968.95555,944,4,25,0944-04-25,4,1.5041,1.4682,1956.5,20.0,0.0,,,0.0,0.0,0.0,,,0.0,0.0,0.0,,,0.0,0.0,0.0,,,0.0,0.0,0.0,,,0.0,0.0,0.0,,,0.0,0.0,0.0,,,0.0,0.0,0.0,,,0.0,0.0,0.0,0.0,0.0
2066116.83821,944,9,20,0944-09-20,5,1.2407,1.1161,1956.5,20.0,0.0,,,0.0,0.0,0.0,,,0.0,0.0,0.0,,,0.0,0.0,0.0,,,0.0,0.0,0.0,,,0.0,0.0,0.0,,,0.0,0.0,0.0,,,0.0,0.0,0.0,,,0.0,0.0,0.0,0.0,0.0
2066294.25055,945,3,16,0945-03-16,0,-0.3856,0.3936,1950.6,20.0,0.0,,,0.0,0.0,0.0,,,0.0,0.0,0.0,,,0.0,0.0,0.0,,,0.0,0.0,0.0,,,0.0,0.0,0.0,,,0.0,0.0,0.0,,,0.0,0.0,0.0,,,0.0,0.0,0.0,0.0,0.0
2066470.83106,945,9,9,0945-09-09,2,0.5233,0.4737,1950.6,20.0,0.6571,-0.9,05:56,0.7044,0.5804,0.7314,-0.7,05:54,0.8031,0.6791,0.5569,-0.9,06:02,0.607,0.4781,0.7126,-0.8,05:52,0.7552,0.6393,0.817,-0.4,05:38,0.8182,0.815,0.4412,7.0,05:30,0.4414,0.4412,0.4479,21.3,05:40,0.4534,0.4428,0.1671,24.6,05:42,0.174,0.1608,0.7314,0.8031,0.6791
2066648.90758,946,3,6,0946-03-06,5,0.3286,0.3269,1944.7,20.0,0.0,,,0.0,0.0,0.0,,,0.0,0.0,0.0,,,0.0,0.0,0.0,,,0.0,0.0,0.0,,,0.0,0.0,0.1307,37.6,09:26,0.1473,0.1145,0.3906,45.1,09:50,0.4114,0.3699,0.5706,54.5,09:40,0.5953,0.5463,0.0,0.0,0.0
2066825.02125,946,8,29,0946-08-29,6,-0.2338,0.2216,1944.7,20.0,0.0,,,0.0,0.0,0.0,,,0.0,0.0,0.0,,,0.0,0.0,0.0,,,0.0,0.0,0.0,,,0.0,0.0,0.0,,,0.0,0.0,0.0,,,0.0,0.0,0.0,,,0.0,0.0,0.0,0.0,0.0
2067003.35633,947,2,23,0947-02-23,2,1.0972,1.034,1938.9,20.0,0.0,,,0.0,0.0,0.0,,,0.0,0.0,0.0,,,0.0,0.0,0.0,,,0.0,0.0,0.0,,,0.0,0.0,0.0,,,0.0,0.0,0.0,,,0.0,0.0,0.0,,,0.0,0.0,0.0,0.0,0.0
2067179.51832,947,8,19,0947-08-19,4,-0.9526,0.9518,1938.9,20.0,0.0,,,0.0,0.0,0.0,,,0.0,0.0,0.0,,,0.0,0.0,0.0,,,0.0,0.0,0.0,,,0.0,0.0,0.0,,,0.0,0.0,0.0,,,0.0,0.0,0.0,,,0.0,0.0,0.0,0.0,0.0
2067327.72346,948,1,14,0948-01-14,5,-1.1604,1.0403,1933.0,20.0,0.0,,,0.0,0.0,0.0,,,0.0,0.0,0.0,,,0.0,0.0,0.0,,,0.0,0.0,0.0,,,0.0,0.0,0.0,,,0.0,0.0,0.0,,,0.0,0.0,0.0,,,0.0,0.0,0.0,0.0,0.0
2067504.90579,948,7,9,0948-07-09,0,0.8789,0.8905,1933.0,20.0,0.3134,30.3,07:58,0.3203,0.3068,0.3643,30.6,08:00,0.3707,0.358,0.2938,29.3,07:56,0.3012,0.2867,0.3165,30.9,07:58,0.3231,0.3099,0.3045,33.8,08:02,0.3103,0.2989,0.0,,,0.0,0.0,0.0,,,0.0,0.0,0.0,,,0.0,0.0,0.3643,0.3707,0.358
2067681.72858,949,1,2,0949-01-02,2,-0.4598,0.4224,1927.2,20.0,0.0,,,0.0,0.0,0.0,,,0.0,0.0,0.0,,,0.0,0.0,0.0,,,0.0,0.0,0.0,,,0.0,0.0,0.0,,,0.0,0.0,0.0,,,0.0,0.0,0.0,,,0.0,0.0,0.0,0.0,0.0
2067859.51853,949,6,29,0949-06-29,5,0.1414,0.1373,1927.2,20.0,0.0,,,0.0,0.0,0.0,,,0.0,0.0,0.0,,,0.0,0.0,0.0,,,0.0,0.0,0.0,,,0.0,0.0,0.0,,,0.0,0.0,0.0,,,0.0,0.0,0.0,,,0.0,0.0,0.0,0.0,0.0
2068036.00085,949,12,22,0949-12-22,6,0.2547,0.247,1927.2,20.0,0.0,,,0.0,0.0,0.0,,,0.0,0.0,0.0,,,0.0,0.0,0.0,,,0.0,0.0,0.0,,,0.0,0.0,0.0,,,0.0,0.0,0.0787,16.3,12:43,0.0932,0.0643,0.2913,22.5,12:51,0.3085,0.2742,0.0,0.0,0.0
2068213.86364,950,6,18,0950-06-18,2,-0.6583,0.6058,1921.4,20.0,0.0,,,0.0,0.0,0.0,,,0.0,0.0,0.0,,,0.0,0.0,0.0,,,0.0,0.0,0.0,,,0.0,0.0,0.0,,,0.0,0.0,0.0,,,0.0,0.0,0.0,,,0.0,0.0,0.0,0.0,0.0
2068390.5464,950,12,12,0950-12-12,4,0.9144,0.9274,1921.4,20.0,0.0,,,0.0,0.0,0.0,,,0.0,0.0,0.0,,,0.0,0.0,0.0,,,0.0,0.0,0.0,,,0.0,0.0,0.0,,,0.0,0.0,0.0,,,0.0,0.0,0.0,,,0.0,0.0,0.0,0.0,0.0
2068538.31618,951,5,8,0951-05-08,4,1.4147,1.2746,1915.6,20.0,0.0,,,0.0,0.0,0.0,,,0.0,0.0,0.0,,,0.0,0.0,0.0,,,0.0,0.0,0.0,,,0.0,0.0,0.0,,,0.0,0.0,0.0,,,0.0,0.0,0.0,,,0.0,0.0,0.0,0.0,0.0
2068567.93993,951,6,7,0951-06-07,6,-1.4417,1.2929,1915.6,20.0,0.0,,,0.0,0.0,0.0,,,0.0,0.0,0.0,,,0.0,0.0,0.0,,,0.0,0.0,0.0,,,0.0,0.0,0.0,,,0.0,0.0,0.0,,,0.0,0.0,0.0,,,0.0,0.0,0.0,0.0,0.0
2068715.74206,951,11,2,0951-11-02,0,-1.1354,1.1345,1915.6,20.0,0.0,,,0.0,0.0,0.0,,,0.0,0.0,0.0,,,0.0,0.0,0.0,,,0.0,0.0,0.0,,,0.0,0.0,0.0,,,0.0,0.0,0.0,,,0.0,0.0,0.0,,,0.0,0.0,0.0,0.0,0.0
2068892.47014,952,4,26,0952-04-26,1,0.6195,0.5811,1909.8,20.0,0.0,,,0.0,0.0,0.0,,,0.0,0.0,0.0,,,0.0,0.0,0.0,,,0.0,0.0,0.0,,,0.0,0.0,0.0,,,0.0,0.0,0.0,,,0.0,0.0,0.0,,,0.0,0.0,0.0,0.0,0.0
2069070.19853,952,10,21,0952-10-21,4,-0.4723,0.4473,1909.8,20.0,0.0,,,0.0,0.0,0.0,,,0.0,0.0,0.0,,,0.0,0.0,0.0,,,0.0,0.0,0.0,,,0.0,0.0,0.0,,,0.0,0.0,0.0,,,0.0,0.0,0.0,,,0.0,0.0,0.0,0.0,0.0
2069246.92056,953,4,16,0953-04-16,6,-0.1627,0.1611,1904.0,20.0,0.0,,,0.0,0.0,0.0,,,0.0,0.0,0.0,,,0.0,0.0,0.0,,,0.0,0.0,0.0,,,0.0,0.0,0.0,,,0.0,0.0,0.0,,,0.0,0.0,0.0736,70.7,09:47,0.0885,0.0583,0.0,0.0,0.0
2069424.35605,953,10,10,0953-10-10,1,0.241,0.218,1904.0,20.0,0.0,,,0.0,0.0,0.0,,,0.0,0.0,0.0,,,0.0,0.0,0.0,,,0.0,0.0,0.0,,,0.0,0.0,0.0,,,0.0,0.0,0.0,,,0.0,0.0,0.0,,,0.0,0.0,0.0,0.0,0.0
2069601.58269,954,4,6,0954-04-06,4,-0.8782,0.8958,1898.3,20.0,0.0,,,0.0,0.0,0.0,,,0.0,0.0,0.0,,,0.0,0.0,0.0,,,0.0,0.0,0.0,,,0.0,0.0,0.0,,,0.0,0.0,0.0,,,0.0,0.0,0.0,,,0.0,0.0,0.0,0.0,0.0
2069778.33624,954,9,29,0954-09-29,5,0.9456,0.8511,1898.3,20.0,0.0,,,0.0,0.0,0.0,,,0.0,0.0,0.0,,,0.0,0.0,0.0,,,0.0,0.0,0.0,,,0.0,0.0,0.0,,,0.0,0.0,0.0,,,0.0,0.0,0.0,,,0.0,0.0,0.0,0.0,0.0
2069926.85571,955,2,25,0955-02-25,0,1.0444,1.0243,1892.5,20.0,0.8236,0.8,07:26,0.8252,0.8222,0.8432,1.0,07:30,0.844,0.842,0.8112,-0.0,07:24,0.8126,0.8095,0.8283,1.6,07:28,0.8297,0.8266,0.8351,4.1,07:30,0.8358,0.8338,0.6709,15.1,07:14,0.6714,0.6696,0.6158,28.2,07:28,0.6212,0.6102,0.4366,32.5,07:14,0.4422,0.4306,0.8432,0.844,0.842
2070102.93585,955,8,20,0955-08-20,1,-1.1573,1.1152,1892.5,20.0,0.0,,,0.0,0.0,0.0,,,0.0,0.0,0.0,,,0.0,0.0,0.0,,,0.0,0.0,0.0,,,0.0,0.0,0.0,,,0.0,0.0,0.0,,,0.0,0.0,0.0,,,0.0,0.0,0.0,0.0,0.0
2070281.21641,956,2,14,0956-02-14,4,0.3541,0.3286,1886.8,20.0,0.3593,-0.9,17:44,0.3914,0.3036,0.2926,-0.8,17:38,0.3259,0.236,0.4167,-0.6,17:50,0.4564,0.3844,0.3019,-0.7,17:38,0.3566,0.2617,0.1031,-0.6,17:20,0.1737,0.054,0.0,,,0.0,0.0,0.0,,,0.0,0.0,0.0,,,0.0,0.0,0.4167,0.4564,0.3844
2070457.50564,956,8,9,0956-08-09,6,-0.3788,0.3824,1886.8,20.0,0.0,,,0.0,0.0,0.0,,,0.0,0.0,0.0,,,0.0,0.0,0.0,,,0.0,0.0,0.0,,,0.0,0.0,0.0,,,0.0,0.0,0.0,,,0.0,0.0,0.0,,,0.0,0.0,0.0,0.0,0.0
2070635.27751,957,2,2,0957-02-02,1,-0.3571,0.3206,1881.1,20.0,0.0,,,0.0,0.0,0.0,,,0.0,0.0,0.0,,,0.0,0.0,0.0,,,0.0,0.0,0.0,,,0.0,0.0,0.0,,,0.0,0.0,0.0,,,0.0,0.0,0.0,,,0.0,0.0,0.0,0.0,0.0
2070812.21137,957,7,29,0957-07-29,3,0.3519,0.3582,1881.1,20.0,0.1602,25.8,17:11,0.1693,0.1512,0.1316,26.0,17:07,0.1403,0.1231,0.1844,26.4,17:13,0.1937,0.1751,0.1489,25.2,17:11,0.1578,0.1401,0.1155,22.8,17:11,0.1241,0.1071,0.2091,8.2,17:33,0.2177,0.2007,0.0948,-0.9,17:17,0.1177,0.0521,0.0,,,0.0,0.0,0.1844,0.1937,0.1751
2070989.25926,958,1,22,0958-01-22,5,-1.0377,0.9441,1875.4,20.0,0.0,,,0.0,0.0,0.0,,,0.0,0.0,0.0,,,0.0,0.0,0.0,,,0.0,0.0,0.0,,,0.0,0.0,0.0,,,0.0,0.0,0.0,,,0.0,0.0,0.0,,,0.0,0.0,0.0,0.0,0.0
2071137.46308,958,6,19,0958-06-19,6,-1.511,1.4438,1875.4,20.0,0.0,,,0.0,0.0,0.0,,,0.0,0.0,0.0,,,0.0,0.0,0.0,,,0.0,0.0,0.0,,,0.0,0.0,0.0,,,0.0,0.0,0.0,,,0.0,0.0,0.0,,,0.0,0.0,0.0,0.0,0.0
2071166.85708,958,7,19,0958-07-19,1,1.1207,1.1008,1875.4,20.0,0.1605,18.5,06:46,0.1688,0.1523,0.1965,19.5,06:50,0.2044,0.1888,0.1497,17.3,06:44,0.1582,0.1412,0.1601,19.1,06:46,0.1683,0.1519,0.1393,21.9,06:48,0.1472,0.1314,0.0,,,0.0,0.0,0.0,,,0.0,0.0,0.0,,,0.0,0.0,0.1965,0.2044,0.1888
2071313.91019,958,12,13,0958-12-13,1,1.1489,1.1321,1875.4,20.0,0.2029,-0.7,08:47,0.2609,0.1548,0.1451,-0.7,08:59,0.2156,0.0899,0.1789,-0.9,08:45,0.2224,0.1146,0.2368,-0.7,08:45,0.2913,0.1907,0.3721,-0.8,08:29,0.3908,0.3377,0.2906,14.3,08:23,0.3043,0.2769,0.4416,23.2,08:45,0.4523,0.4305,0.2787,32.8,08:47,0.2912,0.2656,0.2368,0.2913,0.1907
2071491.72352,959,6,9,0959-06-09,4,-0.7967,0.7247,1869.7,20.0,0.0,,,0.0,0.0,0.0,,,0.0,0.0,0.0,,,0.0,0.0,0.0,,,0.0,0.0,0.0,,,0.0,0.0,0.0,,,0.0,0.0,0.0,,,0.0,0.0,0.0,,,0.0,0.0,0.0,0.0,0.0
2071668.50599,959,12,3,0959-12-03,6,0.4477,0.4567,1869.7,20.0,0.0,,,0.0,0.0,0.0,,,0.0,0.0,0.0,,,0.0,0.0,0.0,,,0.0,0.0,0.0,,,0.0,0.0,0.0,,,0.0,0.0,0.0,,,0.0,0.0,0.0,,,0.0,0.0,0.0,0.0,0.0
2071845.76055,960,5,28,0960-05-28,1,-0.0368,0.033,1864.1,20.0,0.0,,,0.0,0.0,0.0,,,0.0,0.0,0.0,,,0.0,0.0,0.0,,,0.0,0.0,0.0,,,0.0,0.0,0.0,,,0.0,0.0,0.0,,,0.0,0.0,0.0,,,0.0,0.0,0.0,0.0,0.0
2072023.15595,960,11,21,0960-11-21,3,-0.2223,0.2242,1864.1,20.0,0.0,,,0.0,0.0,0.0,,,0.0,0.0,0.0,,,0.0,0.0,0.0,,,0.0,0.0,0.0,,,0.0,0.0,0.0,,,0.0,0.0,0.0,,,0.0,0.0,0.0,,,0.0,0.0,0.0,0.0,0.0
2072199.8671,961,5,17,0961-05-17,5,0.7242,0.6716,1858.4,20.0,0.8136,28.4,07:43,0.8238,0.8033,0.8,29.0,07:47,0.8099,0.7902,0.8109,27.4,07:41,0.8213,0.8006,0.8188,29.0,07:43,0.8288,0.8088,0.8512,31.6,07:45,0.8615,0.8408,0.8252,39.5,07:25,0.8404,0.8094,0.5934,54.2,07:39,0.6109,0.5761,0.397,53.2,07:17,0.4172,0.3767,0.8188,0.8288,0.8088
2072377.66394,961,11,11,0961-11-11,1,-0.9475,0.9097,1858.4,20.0,0.0,,,0.0,0.0,0.0,,,0.0,0.0,0.0,,,0.0,0.0,0.0,,,0.0,0.0,0.0,,,0.0,0.0,0.0,,,0.0,0.0,0.0,,,0.0,0.0,0.0,,,0.0,0.0,0.0,0.0,0.0
2072524.89904,962,4,7,0962-04-07,1,-1.1619,1.1651,1852.8,20.0,0.0,,,0.0,0.0,0.0,,,0.0,0.0,0.0,,,0.0,0.0,0.0,,,0.0,0.0,0.0,,,0.0,0.0,0.0,,,0.0,0.0,0.0,,,0.0,0.0,0.0,,,0.0,0.0,0.0,0.0,0.0
2072554.26054,962,5,6,0962-05-06,2,1.4331,1.4033,1852.8,20.0,0.0,,,0.0,0.0,0.0,,,0.0,0.0,0.0,,,0.0,0.0,0.0,,,0.0,0.0,0.0,,,0.0,0.0,0.0,,,0.0,0.0,0.0,,,0.0,0.0,0.0,,,0.0,0.0,0.0,0.0,0.0
2072702.1467,962,10,1,0962-10-01,3,1.2794,1.1499,1852.8,20.0,0.3572,21.7,14:56,0.3656,0.3486,0.3653,20.6,14:52,0.3733,0.357,0.344,22.8,14:58,0.3529,0.3349,0.3649,21.1,14:56,0.3729,0.3565,0.3915,18.7,15:00,0.3986,0.3843,0.3815,11.5,15:36,0.3844,0.3783,0.38,-0.8,15:38,0.3825,0.3674,0.1959,-0.5,15:38,0.2254,0.171,0.3653,0.3733,0.357
2072879.58496,963,3,28,0963-03-28,6,-0.432,0.4409,1847.2,20.0,0.0,,,0.0,0.0,0.0,,,0.0,0.0,0.0,,,0.0,0.0,0.0,,,0.0,0.0,0.0,,,0.0,0.0,0.0,,,0.0,0.0,0.0,,,0.0,0.0,0.0,,,0.0,0.0,0.0,0.0,0.0
2073056.13631,963,9,20,0963-09-20,0,0.5678,0.515,1847.2,20.0,0.4591,29.1,14:25,0.4707,0.4479,0.4465,27.7,14:21,0.4573,0.4358,0.4775,30.4,14:25,0.4897,0.4657,0.4487,28.5,14:25,0.4599,0.4376,0.4116,26.3,14:29,0.4218,0.4015,0.3854,19.6,15:11,0.3928,0.3786,0.3373,5.5,15:23,0.3391,0.3358,0.454,1.4,15:43,0.4544,0.454,0.4775,0.4897,0.4657
2073234.24177,964,3,16,0964-03-16,3,0.2897,0.2874,1841.6,20.0,0.7081,-0.9,18:43,0.7427,0.637,0.6559,-0.7,18:41,0.6965,0.6152,0.7639,-0.7,18:47,0.7936,0.7233,0.6591,-0.9,18:39,0.7031,0.5798,0.3971,-0.7,18:21,0.4903,0.333,0.0,,,0.0,0.0,0.0,,,0.0,0.0,0.0,,,0.0,0.0,0.7639,0.7936,0.7233
2073410.33688,964,9,8,0964-09-08,4,-0.1839,0.1749,1841.6,20.0,0.0,,,0.0,0.0,0.0,,,0.0,0.0,0.0,,,0.0,0.0,0.0,,,0.0,0.0,0.0,,,0.0,0.0,0.0,,,0.0,0.0,0.0,,,0.0,0.0,0.0,,,0.0,0.0,0.0,0.0,0.0
2073588.68045,965,3,6,0965-03-06,1,1.0655,1.0009,1836.0,20.0,0.0,,,0.0,0.0,0.0,,,0.0,0.0,0.0,,,0.0,0.0,0.0,,,0.0,0.0,0.0,,,0.0,0.0,0.0,,,0.0,0.0,0.0,,,0.0,0.0,0.0,,,0.0,0.0,0.0,0.0,0.0
2073764.84401,965,8,29,0965-08-29,2,-0.8987,0.9002,1836.0,20.0,0.0,,,0.0,0.0,0.0,,,0.0,0.0,0.0,,,0.0,0.0,0.0,,,0.0,0.0,0.0,,,0.0,0.0,0.0,,,0.0,0.0,0.0,,,0.0,0.0,0.0,,,0.0,0.0,0.0,0.0,0.0
2073913.04977,966,1,24,0966-01-24,3,-1.1766,1.0549,1830.4,20.0,0.0,,,0.0,0.0,0.0,,,0.0,0.0,0.0,,,0.0,0.0,0.0,,,0.0,0.0,0.0,,,0.0,0.0,0.0,,,0.0,0.0,0.0,,,0.0,0.0,0.0,,,0.0,0.0,0.0,0.0,0.0
2074090.21876,966,7,20,0966-07-20,5,0.9489,0.9598,1830.4,20.0,0.8137,26.8,17:16,0.8239,0.8033,0.8314,27.1,17:12,0.8415,0.8216,0.7937,27.3,17:18,0.8043,0.7828,0.8247,26.2,17:16,0.8348,0.8144,0.8605,23.8,17:16,0.87,0.8508,0.8398,9.1,17:36,0.8481,0.8309,0.8495,-0.6,17:24,0.9097,0.7884,0.0553,-0.7,16:58,0.1253,0.0,0.8314,0.8415,0.8216
2074267.06741,967,1,13,0967-01-13,0,-0.4688,0.4317,1824.9,20.0,0.0,,,0.0,0.0,0.0,,,0.0,0.0,0.0,,,0.0,0.0,0.0,,,0.0,0.0,0.0,,,0.0,0.0,0.0,,,0.0,0.0,0.0,,,0.0,0.0,0.0,,,0.0,0.0,0.0,0.0,0.0
2074444.81655,967,7,10,0967-07-10,3,0.217,0.2099,1824.9,20.0,0.2604,11.5,05:47,0.2695,0.2512,0.2241,12.7,05:49,0.2328,0.2154,0.2703,10.4,05:47,0.2796,0.261,0.2615,12.2,05:47,0.2705,0.2524,0.285,14.6,05:47,0.2938,0.2762,0.6954,17.9,05:33,0.7061,0.6844,0.8491,31.1,05:39,0.8572,0.8399,0.8712,29.2,05:31,0.8815,0.8616,0.2703,0.2796,0.261
2074621.35797,968,1,2,0968-01-02,4,0.2493,0.2425,1819.3,20.0,0.0,,,0.0,0.0,0.0,,,0.0,0.0,0.0,,,0.0,0.0,0.0,,,0.0,0.0,0.0,,,0.0,0.0,0.0,,,0.0,0.0,0.0,,,0.0,0.0,0.0,,,0.0,0.0,0.0,0.0,0.0
2074799.14033,968,6,28,0968-06-28,0,-0.5766,0.5291,1819.3,20.0,0.0,,,0.0,0.0,0.0,,,0.0,0.0,0.0,,,0.0,0.0,0.0,,,0.0,0.0,0.0,,,0.0,0.0,0.0,,,0.0,0.0,0.0,,,0.0,0.0,0.0,,,0.0,0.0,0.0,0.0,0.0
2074975.91519,968,12,22,0968-12-22,2,0.9109,0.925,1819.3,20.0,0.9621,-0.7,08:51,0.9636,0.929,0.8906,-0.9,09:01,0.9331,0.7974,0.9799,-0.8,08:49,0.9799,0.8998,0.9537,-0.3,08:53,0.9563,0.9474,0.9309,1.6,08:57,0.9367,0.9254,1.0285,17.6,08:57,1.0287,0.9988,1.0306,25.1,09:27,1.0307,0.9971,0.8458,34.7,09:23,0.8498,0.8411,0.9799,0.9799,0.9474
2075123.58679,969,5,19,0969-05-19,3,1.494,1.348,1813.8,20.0,0.0,,,0.0,0.0,0.0,,,0.0,0.0,0.0,,,0.0,0.0,0.0,,,0.0,0.0,0.0,,,0.0,0.0,0.0,,,0.0,0.0,0.0,,,0.0,0.0,0.0,,,0.0,0.0,0.0,0.0,0.0
2075153.20443,969,6,17,0969-06-17,4,-1.3548,1.2148,1813.8,20.0,0.0,,,0.0,0.0,0.0,,,0.0,0.0,0.0,,,0.0,0.0,0.0,,,0.0,0.0,0.0,,,0.0,0.0,0.0,,,0.0,0.0,0.0,,,0.0,0.0,0.0,,,0.0,0.0,0.0,0.0,0.0
2075301.10187,969,11,12,0969-11-12,5,-1.146,1.1425,1813.8,20.0,0.0,,,0.0,0.0,0.0,,,0.0,0.0,0.0,,,0.0,0.0,0.0,,,0.0,0.0,0.0,,,0.0,0.0,0.0,,,0.0,0.0,0.0,,,0.0,0.0,0.0,,,0.0,0.0,0.0,0.0,0.0
2075477.76084,970,5,8,0970-05-08,0,0.6907,0.65,1808.3,20.0,0.5966,3.8,05:01,0.6015,0.5917,0.5806,5.0,05:03,0.5856,0.576,0.6004,2.6,05:01,0.6055,0.5959,0.5977,4.4,05:01,0.6027,0.5927,0.6119,6.8,05:01,0.6173,0.6068,0.8429,7.2,04:37,0.8509,0.8355,0.9775,18.3,04:33,0.9838,0.9675,0.818,14.0,04:17,0.8288,0.807,0.6004,0.6055,0.5959
2075655.54033,970,11,2,0970-11-02,3,-0.4879,0.4607,1808.3,20.0,0.0,,,0.0,0.0,0.0,,,0.0,0.0,0.0,,,0.0,0.0,0.0,,,0.0,0.0,0.0,,,0.0,0.0,0.0,,,0.0,0.0,0.0,,,0.0,0.0,0.0,,,0.0,0.0,0.0,0.0,0.0
2075832.23281,971,4,27,0971-04-27,4,-0.0982,0.0976,1802.8,20.0,0.0,,,0.0,0.0,0.0,,,0.0,0.0,0.0,,,0.0,0.0,0.0,,,0.0,0.0,0.0,,,0.0,0.0,0.0,,,0.0,0.0,0.0,,,0.0,0.0,0.0,,,0.0,0.0,0.0,0.0,0.0
2076009.67787,971,10,22,0971-10-22,0,0.2174,0.1964,1802.8,20.0,0.0,,,0.0,0.0,0.0,,,0.0,0.0,0.0,,,0.0,0.0,0.0,,,0.0,0.0,0.0,,,0.0,0.0,0.0,,,0.0,0.0,0.0,,,0.0,0.0,0.0,,,0.0,0.0,0.0,0.0,0.0
2076186.90733,972,4,16,0972-04-16,2,-0.8216,0.8383,1797.3,20.0,0.0,,,0.0,0.0,0.0,,,0.0,0.0,0.0,,,0.0,0.0,0.0,,,0.0,0.0,0.0,,,0.0,0.0,0.0,,,0.0,0.0,0.0,,,0.0,0.0,0.0,,,0.0,0.0,0.0,0.0,0.0
2076363.65052,972,10,10,0972-10-10,4,0.913,0.8227,1797.3,20.0,0.0,,,0.0,0.0,0.0,,,0.0,0.0,0.0,,,0.0,0.0,0.0,,,0.0,0.0,0.0,,,0.0,0.0,0.0,,,0.0,0.0,0.0,,,0.0,0.0,0.0,,,0.0,0.0,0.0,0.0,0.0
2076512.19089,973,3,7,0973-03-07,5,1.0811,1.0569,1791.9,20.0,0.1319,7.6,17:27,0.1355,0.1285,0.1816,7.2,17:25,0.185,0.1783,0.1093,8.7,17:27,0.1131,0.1055,0.1372,7.0,17:27,0.1406,0.134,0.1354,4.3,17:29,0.1381,0.1329,0.0,,,0.0,0.0,0.0,,,0.0,0.0,0.0,,,0.0,0.0,0.1816,0.185,0.1783
2076688.252,973,8,30,0973-08-30,6,-1.2044,1.1644,1791.9,20.0,0.0,,,0.0,0.0,0.0,,,0.0,0.0,0.0,,,0.0,0.0,0.0,,,0.0,0.0,0.0,,,0.0,0.0,0.0,,,0.0,0.0,0.0,,,0.0,0.0,0.0,,,0.0,0.0,0.0,0.0,0.0
2076866.54012,974,2,25,0974-02-25,3,0.3857,0.357,1786.4,20.0,0.0,,,0.0,0.0,0.0,,,0.0,0.0,0.0,,,0.0,0.0,0.0,,,0.0,0.0,0.0,,,0.0,0.0,0.0,,,0.0,0.0,0.0,,,0.0,0.0,0.0,,,0.0,0.0,0.0,0.0,0.0
2077042.82938,974,8,20,0974-08-20,4,-0.4342,0.4391,1786.4,20.0,0.0,,,0.0,0.0,0.0,,,0.0,0.0,0.0,,,0.0,0.0,0.0,,,0.0,0.0,0.0,,,0.0,0.0,0.0,,,0.0,0.0,0.0,,,0.0,0.0,0.0,,,0.0,0.0,0.0,0.0,0.0
2077220.59555,975,2,14,0975-02-14,0,-0.3313,0.2972,1781.0,20.0,0.0,,,0.0,0.0,0.0,,,0.0,0.0,0.0,,,0.0,0.0,0.0,,,0.0,0.0,0.0,,,0.0,0.0,0.0,,,0.0,0.0,0.0,,,0.0,0.0,0.0,,,0.0,0.0,0.0,0.0,0.0
2077397.53186,975,8,10,0975-08-10,2,0.2907,0.2957,1781.0,20.0,0.0,,,0.0,0.0,0.0,,,0.0,0.0,0.0,,,0.0,0.0,0.0,,,0.0,0.0,0.0,,,0.0,0.0,0.0,,,0.0,0.0,0.0,,,0.0,0.0,0.0,,,0.0,0.0,0.0,0.0,0.0
2077574.58788,976,2,3,0976-02-03,4,-1.0179,0.9279,1775.6,20.0,0.0,,,0.0,0.0,0.0,,,0.0,0.0,0.0,,,0.0,0.0,0.0,,,0.0,0.0,0.0,,,0.0,0.0,0.0,,,0.0,0.0,0.0,,,0.0,0.0,0.0,,,0.0,0.0,0.0,0.0,0.0
2077752.1633,976,7,29,0976-07-29,6,1.0574,1.0354,1775.6,20.0,0.4176,35.1,16:05,0.4272,0.4079,0.45,34.8,16:01,0.4592,0.4409,0.3907,35.9,16:07,0.4007,0.3806,0.43,34.4,16:05,0.4394,0.4204,0.4665,31.8,16:07,0.4756,0.4571,0.3761,18.7,16:35,0.3861,0.3658,0.4803,6.4,16:35,0.488,0.4725,0.3102,0.2,16:47,0.3182,0.3019,0.45,0.4592,0.4409
2077899.27296,976,12,23,0976-12-23,6,1.1481,1.1343,1775.6,20.0,0.0,,,0.0,0.0,0.0,,,0.0,0.0,0.0,,,0.0,0.0,0.0,,,0.0,0.0,0.0,,,0.0,0.0,0.0,,,0.0,0.0,0.0,,,0.0,0.0,0.0,,,0.0,0.0,0.0,0.0,0.0
2078076.99448,977,6,19,0977-06-19,2,-0.8846,0.803,1770.2,20.0,0.0,,,0.0,0.0,0.0,,,0.0,0.0,0.0,,,0.0,0.0,0.0,,,0.0,0.0,0.0,,,0.0,0.0,0.0,,,0.0,0.0,0.0,,,0.0,0.0,0.0,,,0.0,0.0,0.0,0.0,0.0
2078253.87604,977,12,13,0977-12-13,4,0.45,0.4593,1770.2,20.0,0.0,,,0.0,0.0,0.0,,,0.0,0.0,0.0,,,0.0,0.0,0.0,,,0.0,0.0,0.0,,,0.0,0.0,0.5753,5.1,07:13,0.5897,0.5609,0.4029,16.2,07:27,0.4172,0.3888,0.5979,23.9,07:23,0.6147,0.5812,0.0,0.0,0.0
2078431.02723,978,6,8,0978-06-08,6,-0.1249,0.1122,1764.8,20.0,0.0,,,0.0,0.0,0.0,,,0.0,0.0,0.0,,,0.0,0.0,0.0,,,0.0,0.0,0.0,,,0.0,0.0,0.2571,61.2,12:53,0.2581,0.2554,0.2212,45.2,13:19,0.2285,0.2135,0.4828,42.7,13:29,0.4923,0.473,0.0,0.0,0.0
2078608.52206,978,12,3,0978-12-03,2,-0.2187,0.2202,1764.8,20.0,0.0,,,0.0,0.0,0.0,,,0.0,0.0,0.0,,,0.0,0.0,0.0,,,0.0,0.0,0.0,,,0.0,0.0,0.0,,,0.0,0.0,0.0,,,0.0,0.0,0.0,,,0.0,0.0,0.0,0.0,0.0
2078785.14947,979,5,28,0979-05-28,3,0.6421,0.5973,1759.4,20.0,0.7323,35.7,16:19,0.7376,0.727,0.7824,35.4,16:17,0.7878,0.7779,0.7007,36.6,16:19,0.7059,0.6954,0.7443,35.0,16:19,0.7495,0.7387,0.7713,32.3,16:21,0.7775,0.7654,0.5521,17.8,16:47,0.5628,0.5414,0.6777,5.8,16:47,0.6891,0.6662,0.4622,-0.5,16:55,0.4678,0.4503,0.7824,0.7878,0.7779
2078963.01618,979,11,22,0979-11-22,6,-0.9437,0.9034,1759.4,20.0,0.0,,,0.0,0.0,0.0,,,0.0,0.0,0.0,,,0.0,0.0,0.0,,,0.0,0.0,0.0,,,0.0,0.0,0.0,,,0.0,0.0,0.0,,,0.0,0.0,0.0,,,0.0,0.0,0.0,0.0,0.0
2079110.21875,980,4,17,0980-04-17,6,-1.2168,1.2228,1754.1,20.0,0.0,,,0.0,0.0,0.0,,,0.0,0.0,0.0,,,0.0,0.0,0.0,,,0.0,0.0,0.0,,,0.0,0.0,0.0,,,0.0,0.0,0.0,,,0.0,0.0,0.0,,,0.0,0.0,0.0,0.0,0.0
2079139.56372,980,5,17,0980-05-17,1,1.3589,1.3349,1754.1,20.0,0.0,,,0.0,0.0,0.0,,,0.0,0.0,0.0,,,0.0,0.0,0.0,,,0.0,0.0,0.0,,,0.0,0.0,0.0,,,0.0,0.0,0.0,,,0.0,0.0,0.0,,,0.0,0.0,0.0,0.0,0.0
2079287.46051,980,10,11,0980-10-11,1,1.3115,1.1778,1754.1,20.0,0.0,,,0.0,0.0,0.0,,,0.0,0.0,0.0,,,0.0,0.0,0.0,,,0.0,0.0,0.0,,,0.0,0.0,0.0,,,0.0,0.0,0.0,,,0.0,0.0,0.0,,,0.0,0.0,0.0,0.0,0.0
2079464.91365,981,4,7,0981-04-07,4,-0.4855,0.4951,1748.7,20.0,0.0,,,0.0,0.0,0.0,,,0.0,0.0,0.0,,,0.0,0.0,0.0,,,0.0,0.0,0.0,,,0.0,0.0,0.0,,,0.0,0.0,0.0,,,0.0,0.0,0.0,,,0.0,0.0,0.0,0.0,0.0
2079641.44878,981,9,30,0981-09-30,5,0.6045,0.5493,1748.7,20.0,0.0,,,0.0,0.0,0.0,,,0.0,0.0,0.0,,,0.0,0.0,0.0,,,0.0,0.0,0.0,,,0.0,0.0,0.0,,,0.0,0.0,0.0,,,0.0,0.0,0.0,,,0.0,0.0,0.0,0.0,0.0
2079819.56821,982,3,28,0982-03-28,2,0.2418,0.2392,1743.4,20.0,0.0,,,0.0,0.0,0.0,,,0.0,0.0,0.0,,,0.0,0.0,0.0,,,0.0,0.0,0.0,,,0.0,0.0,0.0,,,0.0,0.0,0.0,,,0.0,0.0,0.0,,,0.0,0.0,0.0,0.0,0.0
2079995.66045,982,9,20,0982-09-20,3,-0.1426,0.1361,1743.4,20.0,0.0,,,0.0,0.0,0.0,,,0.0,0.0,0.0,,,0.0,0.0,0.0,,,0.0,0.0,0.0,,,0.0,0.0,0.0,,,0.0,0.0,0.0,,,0.0,0.0,0.0,,,0.0,0.0,0.0,0.0,0.0
2080173.99666,983,3,17,0983-03-17,6,1.0251,0.9599,1738.1,20.0,0.4868,35.9,11:54,0.501,0.4725,0.5064,34.0,11:58,0.5198,0.4928,0.4906,36.6,11:52,0.5052,0.4759,0.4792,35.7,11:56,0.4933,0.465,0.4354,35.8,12:02,0.4497,0.4212,0.0282,47.7,12:02,0.0479,0.0088,0.0,,,0.0,0.0,0.0,,,0.0,0.0,0.5064,0.5198,0.4928
2080350.17556,983,9,9,0983-09-09,0,-0.8513,0.8547,1738.1,20.0,0.0,,,0.0,0.0,0.0,,,0.0,0.0,0.0,,,0.0,0.0,0.0,,,0.0,0.0,0.0,,,0.0,0.0,0.0,,,0.0,0.0,0.0,,,0.0,0.0,0.0,,,0.0,0.0,0.0,0.0,0.0
2080498.37165,984,2,4,0984-02-04,1,-1.198,1.0744,1732.8,20.0,0.0,,,0.0,0.0,0.0,,,0.0,0.0,0.0,,,0.0,0.0,0.0,,,0.0,0.0,0.0,,,0.0,0.0,0.0,,,0.0,0.0,0.0,,,0.0,0.0,0.0,,,0.0,0.0,0.0,0.0,0.0
2080675.53394,984,7,31,0984-07-31,4,1.0159,1.0259,1732.8,20.0,0.0,,,0.0,0.0,0.0,,,0.0,0.0,0.0,,,0.0,0.0,0.0,,,0.0,0.0,0.0,,,0.0,0.0,0.0,,,0.0,0.0,0.0,,,0.0,0.0,0.0,,,0.0,0.0,0.0,0.0,0.0
2080704.85788,984,8,29,0984-08-29,5,-1.5261,1.5572,1732.8,20.0,0.0,,,0.0,0.0,0.0,,,0.0,0.0,0.0,,,0.0,0.0,0.0,,,0.0,0.0,0.0,,,0.0,0.0,0.0,,,0.0,0.0,0.0,,,0.0,0.0,0.0,,,0.0,0.0,0.0,0.0,0.0
2080852.40416,985,1,23,0985-01-23,5,-0.4807,0.4438,1727.5,20.0,0.0,,,0.0,0.0,0.0,,,0.0,0.0,0.0,,,0.0,0.0,0.0,,,0.0,0.0,0.0,,,0.0,0.0,0.0,,,0.0,0.0,0.0,,,0.0,0.0,0.0,,,0.0,0.0,0.0,0.0,0.0
2081030.11453,985,7,20,0985-07-20,1,0.2919,0.2814,1727.5,20.0,0.3589,50.2,14:16,0.3718,0.3459,0.3223,48.7,14:14,0.3344,0.31,0.391,51.5,14:16,0.4042,0.3776,0.3433,49.6,14:16,0.3563,0.3305,0.2951,47.2,14:20,0.3078,0.2822,0.3254,39.0,14:54,0.3414,0.3099,0.1503,24.7,15:04,0.1631,0.1378,0.282,18.9,15:22,0.2953,0.2691,0.391,0.4042,0.3776
2081206.71429,986,1,13,0986-01-13,3,0.2425,0.2366,1722.3,20.0,0.0,,,0.0,0.0,0.0,,,0.0,0.0,0.0,,,0.0,0.0,0.0,,,0.0,0.0,0.0,,,0.0,0.0,0.0,,,0.0,0.0,0.0,,,0.0,0.0,0.0,,,0.0,0.0,0.0,0.0,0.0
2081384.41703,986,7,9,0986-07-09,5,-0.4953,0.4534,1722.3,20.0,0.0,,,0.0,0.0,0.0,,,0.0,0.0,0.0,,,0.0,0.0,0.0,,,0.0,0.0,0.0,,,0.0,0.0,0.0,,,0.0,0.0,0.0,,,0.0,0.0,0.0,,,0.0,0.0,0.0,0.0,0.0
2081561.28315,987,1,2,0987-01-02,0,0.9062,0.9213,1717.0,20.0,0.0,,,0.0,0.0,0.0,,,0.0,0.0,0.0,,,0.0,0.0,0.0,,,0.0,0.0,0.0,,,0.0,0.0,0.0,,,0.0,0.0,0.0,,,0.0,0.0,0.0,,,0.0,0.0,0.0,0.0,0.0
2081738.47044,987,6,28,0987-06-28,2,-1.269,1.138,1717.0,20.0,0.0,,,0.0,0.0,0.0,,,0.0,0.0,0.0,,,0.0,0.0,0.0,,,0.0,0.0,0.0,,,0.0,0.0,0.0,,,0.0,0.0,0.0,,,0.0,0.0,0.0,,,0.0,0.0,0.0,0.0,0.0
2081886.4642,987,11,23,0987-11-23,3,-1.1534,1.1472,1717.0,20.0,0.0,,,0.0,0.0,0.0,,,0.0,0.0,0.0,,,0.0,0.0,0.0,,,0.0,0.0,0.0,,,0.0,0.0,0.0,,,0.0,0.0,0.0,,,0.0,0.0,0.0,,,0.0,0.0,0.0,0.0,0.0
2082063.05055,988,5,18,0988-05-18,5,0.7637,0.7212,1711.8,20.0,0.5891,55.7,13:02,0.5905,0.588,0.6413,53.7,13:02,0.6426,0.6403,0.5632,57.0,12:58,0.5652,0.5617,0.5965,55.2,13:02,0.5977,0.5957,0.6038,53.5,13:10,0.6042,0.6037,0.2761,50.2,13:46,0.2825,0.2699,0.3608,34.1,14:08,0.3707,0.3512,0.1134,29.5,14:24,0.1251,0.1016,0.6413,0.6426,0.6403
2082240.88483,988,11,12,0988-11-12,1,-0.4995,0.4703,1711.8,20.0,0.0,,,0.0,0.0,0.0,,,0.0,0.0,0.0,,,0.0,0.0,0.0,,,0.0,0.0,0.0,,,0.0,0.0,0.0,,,0.0,0.0,0.0,,,0.0,0.0,0.0,,,0.0,0.0,0.0,0.0,0.0
2082417.54278,989,5,8,0989-05-08,3,-0.0303,0.0302,1706.6,20.0,0.0,,,0.0,0.0,0.0,,,0.0,0.0,0.0,,,0.0,0.0,0.0,,,0.0,0.0,0.0,,,0.0,0.0,0.0,,,0.0,0.0,0.0,,,0.0,0.0,0.0,,,0.0,0.0,0.0,0.0,0.0
2082595.00373,989,11,1,0989-11-01,5,0.1992,0.1797,1706.6,20.0,0.0,,,0.0,0.0,0.0,,,0.0,0.0,0.0,,,0.0,0.0,0.0,,,0.0,0.0,0.0,,,0.0,0.0,0.0,,,0.0,0.0,0.0,,,0.0,0.0,0.0,,,0.0,0.0,0.0,0.0,0.0
2082772.22789,990,4,27,0990-04-27,0,-0.7601,0.7757,1701.4,20.0,0.0,,,0.0,0.0,0.0,,,0.0,0.0,0.0,,,0.0,0.0,0.0,,,0.0,0.0,0.0,,,0.0,0.0,0.0,,,0.0,0.0,0.0,,,0.0,0.0,0.0,,,0.0,0.0,0.0,0.0,0.0
2082948.97123,990,10,21,0990-10-21,2,0.8874,0.8007,1701.4,20.0,0.7754,16.4,09:46,0.7842,0.7664,0.8095,15.1,09:48,0.8177,0.8011,0.7482,16.6,09:44,0.7572,0.739,0.7873,16.7,09:48,0.7965,0.7787,0.8226,18.1,09:52,0.8315,0.8136,0.7282,34.8,10:14,0.74,0.716,0.8495,34.7,10:50,0.8573,0.8415,0.6959,42.2,11:06,0.704,0.6872,0.8095,0.8177,0.8011
2083097.51939,991,3,19,0991-03-19,4,1.1248,1.0962,1696.2,20.0,0.0,,,0.0,0.0,0.0,,,0.0,0.0,0.0,,,0.0,0.0,0.0,,,0.0,0.0,0.0,,,0.0,0.0,0.0,,,0.0,0.0,0.0,,,0.0,0.0,0.0,,,0.0,0.0,0.0,0.0,0.0
2083126.91664,991,4,17,0991-04-17,5,-1.5015,1.5002,1696.2,20.0,0.0,,,0.0,0.0,0.0,,,0.0,0.0,0.0,,,0.0,0.0,0.0,,,0.0,0.0,0.0,,,0.0,0.0,0.0,,,0.0,0.0,0.0,,,0.0,0.0,0.0,,,0.0,0.0,0.0,0.0,0.0
2083273.57473,991,9,11,0991-09-11,5,-1.2445,1.2072,1696.2,20.0,0.0,,,0.0,0.0,0.0,,,0.0,0.0,0.0,,,0.0,0.0,0.0,,,0.0,0.0,0.0,,,0.0,0.0,0.0,,,0.0,0.0,0.0,,,0.0,0.0,0.0,,,0.0,0.0,0.0,0.0,0.0
2083303.10496,991,10,10,0991-10-10,6,1.5371,1.4482,1696.2,20.0,0.0,,,0.0,0.0,0.0,,,0.0,0.0,0.0,,,0.0,0.0,0.0,,,0.0,0.0,0.0,,,0.0,0.0,0.0,,,0.0,0.0,0.0,,,0.0,0.0,0.0,,,0.0,0.0,0.0,0.0,0.0
2083451.85686,992,3,7,0992-03-07,1,0.4248,0.392,1691.1,20.0,0.0656,5.5,07:31,0.0661,0.0653,0.0488,5.7,07:35,0.0495,0.0483,0.0748,4.6,07:29,0.0751,0.0747,0.0633,6.2,07:33,0.064,0.0627,0.0636,8.8,07:35,0.065,0.0625,0.2409,19.9,07:21,0.2447,0.2374,0.3328,34.3,07:43,0.3414,0.3246,0.5056,38.4,07:27,0.5152,0.4965,0.0748,0.0751,0.0747
2083628.15865,992,8,30,0992-08-30,2,-0.4831,0.4895,1691.1,20.0,0.0,,,0.0,0.0,0.0,,,0.0,0.0,0.0,,,0.0,0.0,0.0,,,0.0,0.0,0.0,,,0.0,0.0,0.0,,,0.0,0.0,0.0,,,0.0,0.0,0.0,,,0.0,0.0,0.0,0.0,0.0
2083805.90654,993,2,24,0993-02-24,5,-0.2971,0.2665,1685.9,20.0,0.0,,,0.0,0.0,0.0,,,0.0,0.0,0.0,,,0.0,0.0,0.0,,,0.0,0.0,0.0,,,0.0,0.0,0.0,,,0.0,0.0,0.0,,,0.0,0.0,0.0,,,0.0,0.0,0.0,0.0,0.0
2083982.85654,993,8,20,0993-08-20,0,0.2349,0.2387,1685.9,20.0,0.318,11.6,06:47,0.3219,0.314,0.2691,12.1,06:49,0.2727,0.2654,0.3394,10.5,06:45,0.3436,0.3351,0.3131,12.2,06:47,0.3168,0.3093,0.317,14.9,06:49,0.3202,0.3136,0.7189,24.0,06:41,0.7214,0.7162,0.7527,38.7,06:55,0.7546,0.7508,0.9914,41.7,06:51,0.9944,0.9878,0.3394,0.3436,0.3351
2084159.91096,994,2,13,0994-02-13,2,-0.9908,0.9052,1680.8,20.0,0.0,,,0.0,0.0,0.0,,,0.0,0.0,0.0,,,0.0,0.0,0.0,,,0.0,0.0,0.0,,,0.0,0.0,0.0,,,0.0,0.0,0.0,,,0.0,0.0,0.0,,,0.0,0.0,0.0,0.0,0.0
2084337.47289,994,8,9,0994-08-09,4,0.9988,0.975,1680.8,20.0,0.0,,,0.0,0.0,0.0,,,0.0,0.0,0.0,,,0.0,0.0,0.0,,,0.0,0.0,0.0,,,0.0,0.0,0.0,,,0.0,0.0,0.0,,,0.0,0.0,0.0,,,0.0,0.0,0.0,0.0,0.0
2084484.63442,995,1,4,0995-01-04,5,1.1494,1.1384,1675.7,20.0,0.0,,,0.0,0.0,0.0,,,0.0,0.0,0.0,,,0.0,0.0,0.0,,,0.0,0.0,0.0,,,0.0,0.0,0.0,,,0.0,0.0,0.0,,,0.0,0.0,0.0,,,0.0,0.0,0.0,0.0,0.0
2084662.26565,995,6,30,0995-06-30,0,-0.9711,0.8798,1675.7,20.0,0.0,,,0.0,0.0,0.0,,,0.0,0.0,0.0,,,0.0,0.0,0.0,,,0.0,0.0,0.0,,,0.0,0.0,0.0,,,0.0,0.0,0.0,,,0.0,0.0,0.0,,,0.0,0.0,0.0,0.0,0.0
2084839.24638,995,12,24,0995-12-24,2,0.4517,0.4613,1675.7,20.0,0.0,,,0.0,0.0,0.0,,,0.0,0.0,0.0,,,0.0,0.0,0.0,,,0.0,0.0,0.0,,,0.0,0.0,0.0,,,0.0,0.0,0.0,,,0.0,0.0,0.0,,,0.0,0.0,0.0,0.0,0.0
2085016.29291,996,6,18,0996-06-18,4,-0.2143,0.1927,1670.6,20.0,0.0,,,0.0,0.0,0.0,,,0.0,0.0,0.0,,,0.0,0.0,0.0,,,0.0,0.0,0.0,,,0.0,0.0,0.0,,,0.0,0.0,0.0,,,0.0,0.0,0.0,,,0.0,0.0,0.0,0.0,0.0
2085193.88961,996,12,13,0996-12-13,0,-0.2174,0.2185,1670.6,20.0,0.0,,,0.0,0.0,0.0,,,0.0,0.0,0.0,,,0.0,0.0,0.0,,,0.0,0.0,0.0,,,0.0,0.0,0.0,,,0.0,0.0,0.0,,,0.0,0.0,0.0,,,0.0,0.0,0.0,0.0,0.0
2085370.43075,997,6,7,0997-06-07,1,0.5578,0.5205,1665.5,20.0,0.0,,,0.0,0.0,0.0,,,0.0,0.0,0.0,,,0.0,0.0,0.0,,,0.0,0.0,0.0,,,0.0,0.0,0.0,,,0.0,0.0,0.0,,,0.0,0.0,0.0,,,0.0,0.0,0.0,0.0,0.0
2085548.37028,997,12,2,0997-12-02,4,-0.9428,0.8999,1665.5,20.0,0.0,,,0.0,0.0,0.0,,,0.0,0.0,0.0,,,0.0,0.0,0.0,,,0.0,0.0,0.0,,,0.0,0.0,0.0,,,0.0,0.0,0.0,,,0.0,0.0,0.0,,,0.0,0.0,0.0,0.0,0.0
2085695.53447,998,4,29,0998-04-29,5,-1.2768,1.2858,1660.5,20.0,0.0,,,0.0,0.0,0.0,,,0.0,0.0,0.0,,,0.0,0.0,0.0,,,0.0,0.0,0.0,,,0.0,0.0,0.0,,,0.0,0.0,0.0,,,0.0,0.0,0.0,,,0.0,0.0,0.0,0.0,0.0
2085724.86536,998,5,28,0998-05-28,6,1.2818,1.2631,1660.5,20.0,0.0872,27.8,07:30,0.0979,0.0763,0.1055,28.4,07:34,0.1158,0.095,0.0879,26.6,07:28,0.0987,0.0769,0.082,28.6,07:32,0.0928,0.0712,0.0486,31.0,07:32,0.0598,0.0374,0.0,,,0.0,0.0,0.0,,,0.0,0.0,0.0,,,0.0,0.0,0.1055,0.1158,0.095
2085872.78021,998,10,23,0998-10-23,0,1.3365,1.1994,1660.5,20.0,0.0,,,0.0,0.0,0.0,,,0.0,0.0,0.0,,,0.0,0.0,0.0,,,0.0,0.0,0.0,,,0.0,0.0,0.0,,,0.0,0.0,0.0,,,0.0,0.0,0.0,,,0.0,0.0,0.0,0.0,0.0
2086050.2383,999,4,18,0999-04-18,2,-0.5437,0.5541,1655.4,20.0,0.0,,,0.0,0.0,0.0,,,0.0,0.0,0.0,,,0.0,0.0,0.0,,,0.0,0.0,0.0,,,0.0,0.0,0.0,,,0.0,0.0,0.0,,,0.0,0.0,0.0,,,0.0,0.0,0.0,0.0,0.0
2086226.76706,999,10,12,0999-10-12,4,0.6349,0.578,1655.4,20.0,0.0,,,0.0,0.0,0.0,,,0.0,0.0,0.0,,,0.0,0.0,0.0,,,0.0,0.0,0.0,,,0.0,0.0,0.0,,,0.0,0.0,0.2563,-0.7,04:18,0.2777,0.2348,0.0,,,0.0045,0.0,0.0,0.0,0.0
2086404.88994,1000,4,7,1000-04-07,0,0.1891,0.1865,1650.4,15.0,0.0,,,0.0,0.0,0.0,,,0.0,0.0,0.0,,,0.0,0.0,0.0,,,0.0,0.0,0.0,,,0.0,0.0,0.0477,45.6,08:54,0.066,0.0297,0.3213,56.2,09:14,0.3422,0.3005,0.5185,63.8,09:00,0.5432,0.4939,0.0,0.0,0.0
2086580.98999,1000,9,30,1000-09-30,1,-0.1076,0.103,1650.4,15.0,0.0,,,0.0,0.0,0.0,,,0.0,0.0,0.0,,,0.0,0.0,0.0,,,0.0,0.0,0.0,,,0.0,0.0,0.0,,,0.0,0.0,0.0,,,0.0,0.0,0.0,,,0.0,0.0,0.0,0.0,0.0
2086759.30614,1001,3,27,1001-03-27,4,0.9775,0.9126,1645.4,15.0,0.0,,,0.0,0.0,0.0,,,0.0,0.0,0.0,,,0.0,0.0,0.0,,,0.0,0.0,0.0,,,0.0,0.0,0.0,,,0.0,0.0,0.0,,,0.0,0.0,0.0,,,0.0,0.0,0.0,0.0,0.0
2086935.51303,1001,9,20,1001-09-20,6,-0.8106,0.8157,1645.4,15.0,0.0,,,0.0,0.0,0.0,,,0.0,0.0,0.0,,,0.0,0.0,0.0,,,0.0,0.0,0.0,,,0.0,0.0,0.0,,,0.0,0.0,0.0,,,0.0,0.0,0.0,,,0.0,0.0,0.0,0.0,0.0
2087083.68794,1002,2,15,1002-02-15,0,-1.2256,1.0996,1640.4,15.0,0.0,,,0.0,0.0,0.0,,,0.0,0.0,0.0,,,0.0,0.0,0.0,,,0.0,0.0,0.0,,,0.0,0.0,0.0,,,0.0,0.0,0.0,,,0.0,0.0,0.0,,,0.0,0.0,0.0,0.0,0.0
2087260.85305,1002,8,11,1002-08-11,2,1.0777,1.0862,1640.4,15.0,0.0,,,0.0,0.0,0.0,,,0.0,0.0,0.0,,,0.0,0.0,0.0,,,0.0,0.0,0.0,,,0.0,0.0,0.0,,,0.0,0.0,0.0,,,0.0,0.0,0.0,,,0.0,0.0,0.0,0.0,0.0
2087290.19311,1002,9,9,1002-09-09,3,-1.4837,1.5134,1640.4,15.0,0.0,,,0.0,0.0,0.0,,,0.0,0.0,0.0,,,0.0,0.0,0.0,,,0.0,0.0,0.0,,,0.0,0.0,0.0,,,0.0,0.0,0.0,,,0.0,0.0,0.0,,,0.0,0.0,0.0,0.0,0.0
2087437.73604,1003,2,4,1003-02-04,4,-0.4992,0.462,1635.4,15.0,0.0,,,0.0,0.0,0.0,,,0.0,0.0,0.0,,,0.0,0.0,0.0,,,0.0,0.0,0.0,,,0.0,0.0,0.0,,,0.0,0.0,0.0,,,0.0,0.0,0.0,,,0.0,0.0,0.0,0.0,0.0
2087615.41587,1003,7,31,1003-07-31,6,0.3616,0.3474,1635.4,15.0,0.0,,,0.0,0.0,0.0,,,0.0,0.0,0.0,,,0.0,0.0,0.0,,,0.0,0.0,0.0,,,0.0,0.0,0.0,,,0.0,0.0,0.0,,,0.0,0.0,0.0,,,0.0,0.0,0.0,0.0,0.0
2087792.06731,1004,1,24,1004-01-24,1,0.2308,0.2258,1630.4,15.0,0.0,,,0.0,0.0,0.0,,,0.0,0.0,0.0,,,0.0,0.0,0.0,,,0.0019,0.0,0.0279,12.8,14:23,0.041,0.0149,0.4578,14.8,14:43,0.4738,0.4414,0.6733,3.9,14:51,0.6863,0.6602,0.9577,7.3,14:53,0.972,0.9426,0.0,0.0019,0.0
2087969.69509,1004,7,20,1004-07-20,4,-0.4162,0.38,1630.4,15.0,0.0,,,0.0,0.0,0.0,,,0.0,0.0,0.0,,,0.0,0.0,0.0,,,0.0,0.0,0.0,,,0.0,0.0,0.0,,,0.0,0.0,0.0,,,0.0,0.0,0.0,,,0.0,0.0,0.0,0.0,0.0
2088146.64888,1005,1,13,1005-01-13,6,0.8986,0.9145,1625.5,15.0,0.0,,,0.0,0.0,0.0,,,0.0,0.0,0.0,,,0.0,0.0,0.0,,,0.0,0.0,0.0,,,0.0,0.0,0.0,,,0.0,0.0,0.0,,,0.0,0.0,0.0,,,0.0,0.0,0.0,0.0,0.0
2088323.73763,1005,7,9,1005-07-09,1,-1.1836,1.0617,1625.5,15.0,0.0,,,0.0,0.0,0.0,,,0.0,0.0,0.0,,,0.0,0.0,0.0,,,0.0,0.0,0.0,,,0.0,0.0,0.0,,,0.0,0.0,0.0,,,0.0,0.0,0.0,,,0.0,0.0,0.0,0.0,0.0
2088471.82783,1005,12,4,1005-12-04,2,-1.1589,1.1499,1625.5,15.0,0.0,,,0.0,0.0,0.0,,,0.0,0.0,0.0,,,0.0,0.0,0.0,,,0.0,0.0,0.0,,,0.0,0.0,0.0,,,0.0,0.0,0.0,,,0.0,0.0,0.0,,,0.0,0.0,0.0,0.0,0.0
2088648.33852,1006,5,29,1006-05-29,3,0.8396,0.7956,1620.6,15.0,0.9589,0.7,20:36,0.969,0.9565,0.9418,2.0,20:34,0.9458,0.9358,0.9735,0.4,20:38,0.9836,0.9721,0.955,0.4,20:36,0.9591,0.9465,0.9262,-0.8,20:32,0.9366,0.8823,0.0,,,0.0,0.0,0.0,,,0.0,0.0,0.0,,,0.0,0.0,0.9735,0.9836,0.9721
2088826.23223,1006,11,23,1006-11-23,6,-0.507,0.4761,1620.6,15.0,0.0,,,0.0,0.0,0.0,,,0.0,0.0,0.0,,,0.0,0.0,0.0,,,0.0,0.0,0.0,,,0.0,0.0,0.0,,,0.0,0.0,0.0,,,0.0,0.0,0.0,,,0.0,0.0,0.0,0.0,0.0
2089002.85045,1007,5,19,1007-05-19,1,0.041,0.041,1615.6,15.0,0.0,,,0.0,0.0,0.0,,,0.0,0.0,0.0,,,0.0,0.0,0.0,,,0.0,0.0,0.0,,,0.0,0.0,0.0299,35.2,07:01,0.043,0.017,0.2231,50.5,07:17,0.236,0.2103,0.4913,50.4,07:03,0.5067,0.4759,0.0,0.0,0.0
2089180.33351,1007,11,12,1007-11-12,3,0.1859,0.1674,1615.6,15.0,0.0,,,0.0,0.0,0.0,,,0.0,0.0,0.0,,,0.0,0.0,0.0,,,0.0,0.0,0.0,,,0.0,0.0,0.0,,,0.0,0.0,0.0,,,0.0,0.0,0.0,,,0.0,0.0,0.0,0.0,0.0
2089357.54485,1008,5,8,1008-05-08,6,-0.6942,0.7084,1610.7,15.0,0.0,,,0.0,0.0,0.0,,,0.0,0.0,0.0,,,0.0,0.0,0.0,,,0.0,0.0,0.0,,,0.0,0.0,0.0,,,0.0,0.0,0.0,,,0.0,0.0,0.0,,,0.0,0.0,0.0,0.0,0.0
2089534.29768,1008,10,31,1008-10-31,0,0.8681,0.7843,1610.7,15.0,0.0,,,0.0,0.0,0.0,,,0.0,0.0,0.0,,,0.0,0.0,0.0,,,0.0,0.0,0.0,,,0.0,0.0,0.0,,,0.0,0.0,0.0,,,0.0,0.0,0.0,,,0.0,0.0,0.0,0.0,0.0
2089682.84091,1009,3,29,1009-03-29,2,1.1761,1.1424,1605.9,15.0,0.5511,10.4,07:10,0.5544,0.5477,0.5678,10.6,07:12,0.5712,0.5643,0.5449,9.4,07:08,0.548,0.5416,0.5514,10.9,07:10,0.5549,0.5478,0.5412,13.6,07:12,0.5453,0.5371,0.318,21.7,06:50,0.3251,0.3107,0.186,35.4,07:00,0.1966,0.1752,0.0,,,0.0073,0.0,0.5678,0.5712,0.5643
2089712.23124,1009,4,27,1009-04-27,3,-1.4447,1.4396,1605.9,15.0,0.0,,,0.0,0.0,0.0,,,0.0,0.0,0.0,,,0.0,0.0,0.0,,,0.0,0.0,0.0,,,0.0,0.0,0.0,,,0.0,0.0,0.0,,,0.0,0.0,0.0,,,0.0,0.0,0.0,0.0,0.0
2089858.90418,1009,9,21,1009-09-21,3,-1.2776,1.2433,1605.9,15.0,0.0,,,0.0,0.0,0.0,,,0.0,0.0,0.0,,,0.0,0.0,0.0,,,0.0,0.0,0.0,,,0.0,0.0,0.0,,,0.0,0.0,0.0,,,0.0,0.0,0.0,,,0.0,0.0,0.0,0.0,0.0
2089888.44162,1009,10,20,1009-10-20,4,1.5125,1.4293,1605.9,15.0,0.0,,,0.0,0.0,0.0,,,0.0,0.0,0.0,,,0.0,0.0,0.0,,,0.0,0.0,0.0,,,0.0,0.0,0.0,,,0.0,0.0,0.0,,,0.0,0.0,0.0,,,0.0,0.0,0.0,0.0,0.0
2090037.16659,1010,3,18,1010-03-18,6,0.4715,0.434,1601.0,15.0,0.7496,14.3,17:01,0.7519,0.7468,0.7021,13.8,16:59,0.7044,0.6994,0.772,15.4,17:01,0.7743,0.7693,0.7439,13.7,17:01,0.746,0.7413,0.7424,11.0,17:03,0.7442,0.7407,0.857,0.4,17:19,0.8577,0.8565,0.0624,-0.7,16:19,0.1216,0.0,0.0,,,0.0,0.0,0.772,0.7743,0.7693
2090213.49355,1010,9,10,1010-09-10,0,-0.5257,0.5335,1601.0,15.0,0.0,,,0.0,0.0,0.0,,,0.0,0.0,0.0,,,0.0,0.0,0.0,,,0.0,0.0,0.0,,,0.0,0.0,0.0,,,0.0,0.0,0.0,,,0.0,0.0,0.0,,,0.0,0.0,0.0,0.0,0.0
2090391.21169,1011,3,7,1011-03-07,3,-0.2561,0.2296,1596.1,15.0,0.0,,,0.0,0.0,0.0,,,0.0,0.0,0.0,,,0.0,0.0,0.0,,,0.0,0.0,0.0,,,0.0,0.0,0.0,,,0.0,0.0,0.0,,,0.0,0.0,0.0,,,0.0,0.0,0.0,0.0,0.0
2090568.18576,1011,8,31,1011-08-31,5,0.185,0.1877,1596.1,15.0,0.0,,,0.0,0.0,0.0,,,0.0,0.0,0.0,,,0.0,0.0,0.0,,,0.0,0.0,0.0,,,0.0,0.0,0.0,,,0.0,0.0,0.0,,,0.0,0.0,0.0,,,0.0,0.0,0.0,0.0,0.0
2090745.23034,1012,2,24,1012-02-24,0,-0.959,0.8781,1591.3,15.0,0.0,,,0.0,0.0,0.0,,,0.0,0.0,0.0,,,0.0,0.0,0.0,,,0.0,0.0,0.0,,,0.0,0.0,0.0,,,0.0,0.0,0.0,,,0.0,0.0,0.0,,,0.0,0.0,0.0,0.0,0.0
2090922.78512,1012,8,20,1012-08-20,3,0.9441,0.9186,1591.3,15.0,0.3513,-0.6,05:22,0.4009,0.3127,0.4781,-0.9,05:14,0.4953,0.4363,0.2598,-0.9,05:28,0.3007,0.19,0.4115,-0.8,05:16,0.4353,0.3622,0.4661,-0.6,05:00,0.4699,0.4608,0.0845,2.2,04:44,0.0908,0.0783,0.0,,,0.0,0.0,0.0,,,0.0,0.0,0.4781,0.4953,0.4363
2091069.99448,1013,1,14,1013-01-14,3,1.1528,1.1446,1586.5,15.0,0.6587,13.5,11:15,0.6588,0.6581,0.6735,11.7,11:17,0.6735,0.673,0.6496,14.0,11:13,0.65,0.6487,0.6612,13.5,11:17,0.6613,0.661,0.6619,14.1,11:23,0.6629,0.6606,0.4747,28.0,11:39,0.4811,0.4677,0.3367,23.8,12:07,0.3481,0.3251,0.1267,31.5,12:11,0.1406,0.1126,0.6735,0.6735,0.673
2091247.53733,1013,7,11,1013-07-11,6,-1.0558,0.9547,1586.5,15.0,0.0,,,0.0,0.0,0.0,,,0.0,0.0,0.0,,,0.0,0.0,0.0,,,0.0,0.0,0.0,,,0.0,0.0,0.0,,,0.0,0.0,0.0,,,0.0,0.0,0.0,,,0.0,0.0,0.0,0.0,0.0
2091424.61482,1014,1,4,1014-01-04,1,0.456,0.4658,1581.7,15.0,0.0,,,0.0,0.0,0.0,,,0.0,0.0,0.0,,,0.0,0.0,0.0,,,0.0,0.0,0.0,,,0.0,0.0,0.0,,,0.0,0.0,0.0,,,0.0,0.0,0.0,,,0.0,0.0,0.0,0.0,0.0
2091601.56057,1014,6,30,1014-06-30,3,-0.3015,0.2715,1581.7,15.0,0.0,,,0.0,0.0,0.0,,,0.0,0.0,0.0,,,0.0,0.0,0.0,,,0.0,0.0,0.0,,,0.0,0.0,0.0,,,0.0,0.0,0.0,,,0.0,0.0,0.0,,,0.0,0.0,0.0,0.0,0.0
2091779.2559,1014,12,24,1014-12-24,5,-0.2153,0.2159,1581.7,15.0,0.0,,,0.0,0.0,0.0,,,0.0,0.0,0.0,,,0.0,0.0,0.0,,,0.0,0.0,0.0,,,0.0,0.0,0.0,,,0.0,0.0,0.0,,,0.0,0.0,0.0,,,0.0,0.0,0.0,0.0,0.0
2091955.71397,1015,6,19,1015-06-19,0,0.4746,0.4443,1576.9,15.0,0.1962,0.2,03:59,0.2016,0.1912,0.1831,1.8,04:01,0.1884,0.1783,0.1983,-0.9,04:01,0.204,0.1836,0.1981,0.8,03:59,0.2035,0.1928,0.2139,2.7,03:57,0.2197,0.2083,0.4336,-0.4,03:35,0.4417,0.4247,0.5697,8.7,03:27,0.58,0.5594,0.7461,2.7,03:13,0.758,0.7352,0.1983,0.204,0.1928
2092133.72369,1015,12,14,1015-12-14,3,-0.9418,0.8963,1576.9,15.0,0.0,,,0.0,0.0,0.0,,,0.0,0.0,0.0,,,0.0,0.0,0.0,,,0.0,0.0,0.0,,,0.0,0.0,0.0,,,0.0,0.0,0.0,,,0.0,0.0,0.0,,,0.0,0.0,0.0,0.0,0.0
2092280.84763,1016,5,9,1016-05-09,3,-1.3402,1.3523,1572.1,15.0,0.0,,,0.0,0.0,0.0,,,0.0,0.0,0.0,,,0.0,0.0,0.0,,,0.0,0.0,0.0,,,0.0,0.0,0.0,,,0.0,0.0,0.0,,,0.0,0.0,0.0,,,0.0,0.0,0.0,0.0,0.0
2092310.16713,1016,6,7,1016-06-07,4,1.204,1.1901,1572.1,15.0,0.0,,,0.0,0.0,0.0,,,0.0,0.0,0.0,,,0.0,0.0,0.0,,,0.0,0.0,0.0,,,0.0,0.0,0.0,,,0.0,0.0,0.0,,,0.0,0.0,0.0,,,0.0,0.0,0.0,0.0,0.0
2092458.10443,1016,11,2,1016-11-02,5,1.3559,1.2163,1572.1,15.0,0.2805,15.8,13:54,0.287,0.2736,0.2893,14.0,13:52,0.2953,0.2828,0.2686,17.0,13:54,0.2756,0.2612,0.2868,15.1,13:56,0.293,0.2804,0.3071,13.3,14:00,0.3121,0.3019,0.2537,12.1,14:38,0.2537,0.2534,0.2077,-0.2,14:50,0.2125,0.2021,0.0531,-0.5,15:06,0.0598,0.0443,0.2893,0.2953,0.2828
2092635.55743,1017,4,29,1017-04-29,1,-0.6086,0.6197,1567.4,15.0,0.0,,,0.0,0.0,0.0,,,0.0,0.0,0.0,,,0.0,0.0,0.0,,,0.0,0.0,0.0,,,0.0,0.0,0.0,,,0.0,0.0,0.0,,,0.0,0.0,0.0,,,0.0,0.0,0.0,0.0,0.0
2092812.09245,1017,10,22,1017-10-22,2,0.6573,0.5996,1567.4,15.0,0.5566,21.4,13:13,0.5673,0.5463,0.5433,19.4,13:13,0.5533,0.5336,0.5747,22.6,13:13,0.586,0.5637,0.5467,20.8,13:15,0.5571,0.5366,0.5127,19.4,13:21,0.522,0.5038,0.51,19.8,14:05,0.5155,0.5051,0.4969,6.2,14:27,0.4986,0.4956,0.6317,4.8,14:49,0.6356,0.6287,0.5747,0.586,0.5637
2092990.20471,1018,4,18,1018-04-18,5,0.1288,0.1266,1562.6,15.0,0.4141,14.0,17:58,0.4178,0.4101,0.3582,14.2,17:56,0.3617,0.3545,0.4468,14.4,18:00,0.4503,0.4431,0.4024,13.4,17:58,0.4063,0.3984,0.3793,11.0,17:58,0.3838,0.3746,0.6251,-0.9,17:58,0.6588,0.5612,0.0,,,0.0,0.0,0.0,,,0.0,0.0,0.4468,0.4503,0.4431
2093166.32675,1018,10,11,1018-10-11,6,-0.0806,0.0774,1562.6,15.0,0.0,,,0.0,0.0,0.0,,,0.0,0.0,0.0,,,0.0,0.0,0.0,,,0.0,0.0,0.0,,,0.0,0.0,0.0,,,0.0,0.0,0.0,,,0.0,0.0,0.0,,,0.0,0.0,0.0,0.0,0.0
2093344.60829,1019,4,8,1019-04-08,3,0.9222,0.8583,1557.9,15.0,0.0,,,0.0,0.0,0.0,,,0.0,0.0,0.0,,,0.0,0.0,0.0,,,0.0,0.0,0.0,,,0.0,0.0,0.0,,,0.0,0.0,0.0,,,0.0,0.0,0.0,,,0.0,0.0,0.0,0.0,0.0
2093520.85685,1019,10,1,1019-10-01,4,-0.7774,0.7839,1557.9,15.0,0.0,,,0.0,0.0,0.0,,,0.0,0.0,0.0,,,0.0,0.0,0.0,,,0.0,0.0,0.0,,,0.0,0.0,0.0,,,0.0,0.0,0.0,,,0.0,0.0,0.0,,,0.0,0.0,0.0,0.0,0.0
2093668.99897,1020,2,26,1020-02-26,5,-1.2593,1.1304,1553.2,15.0,0.0,,,0.0,0.0,0.0,,,0.0,0.0,0.0,,,0.0,0.0,0.0,,,0.0,0.0,0.0,,,0.0,0.0,0.0,,,0.0,0.0,0.0,,,0.0,0.0,0.0,,,0.0,0.0,0.0,0.0,0.0
2093846.17521,1020,8,21,1020-08-21,0,1.1355,1.1423,1553.2,15.0,0.5015,29.4,15:58,0.5124,0.4903,0.5154,28.9,15:54,0.5257,0.5048,0.4827,30.3,16:00,0.4942,0.4709,0.512,28.8,15:58,0.5227,0.501,0.5484,26.4,15:58,0.5584,0.5385,0.5555,14.9,16:26,0.563,0.5477,0.6183,2.5,16:26,0.6214,0.6147,0.4376,-0.6,16:28,0.4712,0.4059,0.5154,0.5257,0.5048
2093875.53303,1020,9,20,1020-09-20,2,-1.4469,1.4751,1553.2,15.0,0.0,,,0.0,0.0,0.0,,,0.0,0.0,0.0,,,0.0,0.0,0.0,,,0.0,0.0,0.0,,,0.0,0.0,0.0,,,0.0,0.0,0.0,,,0.0,0.0,0.0,,,0.0,0.0,0.0,0.0,0.0
2094023.0647,1021,2,14,1021-02-14,2,-0.5221,0.4846,1548.5,15.0,0.0,,,0.0,0.0,0.0,,,0.0,0.0,0.0,,,0.0,0.0,0.0,,,0.0,0.0,0.0,,,0.0,0.0,0.0,,,0.0,0.0,0.0,,,0.0,0.0,0.0,,,0.0,0.0,0.0,0.0,0.0
2094200.71924,1021,8,11,1021-08-11,5,0.4282,0.41,1548.5,15.0,0.0,,,0.0,0.0,0.0,,,0.0,0.0,0.0,,,0.0,0.0,0.0,,,0.0,0.0,0.0,,,0.0,0.0,0.0,,,0.0,0.0,0.723,-0.7,03:13,0.7626,0.6827,0.3095,-0.7,03:25,0.366,0.2679,0.0,0.0,0.0
2094377.41704,1022,2,3,1022-02-03,6,0.2145,0.2104,1543.8,15.0,0.0,,,0.0,0.0,0.0,,,0.0,0.0,0.0,,,0.0,0.0,0.0,,,0.0,0.0,0.0,,,0.0,0.0,0.0,,,0.0,0.0,0.0,,,0.0,0.0,0.0,,,0.0,0.0,0.0,0.0,0.0
2094554.97568,1022,7,31,1022-07-31,2,-0.3406,0.3102,1543.8,15.0,0.0,,,0.0,0.0,0.0,,,0.0,0.0,0.0,,,0.0,0.0,0.0,,,0.0,0.0,0.0,,,0.0,0.0,0.0,,,0.0,0.0,0.0,,,0.0,0.0,0.0,,,0.0,0.0,0.0,0.0,0.0
2094732.01208,1023,1,24,1023-01-24,4,0.8878,0.9043,1539.2,15.0,0.9888,17.9,12:21,1.0361,0.9806,0.979,15.9,12:23,0.989,0.968,0.9871,18.8,12:19,0.9992,0.9766,0.9976,17.6,12:23,1.036,0.9854,1.0359,17.4,12:29,1.0359,0.9877,0.6532,27.8,12:43,0.6717,0.6345,0.39,20.3,13:01,0.4082,0.3721,0.1347,27.0,13:01,0.1559,0.1139,0.9976,1.0361,0.9854
2094909.00789,1023,7,20,1023-07-20,6,-1.1013,0.9883,1539.2,15.0,0.0,,,0.0,0.0,0.0,,,0.0,0.0,0.0,,,0.0,0.0,0.0,,,0.0,0.0,0.0,,,0.0,0.0,0.0,,,0.0,0.0,0.0,,,0.0,0.0,0.0,,,0.0,0.0,0.0,0.0,0.0
2095057.19161,1023,12,15,1023-12-15,0,-1.1638,1.152,1539.2,15.0,0.0,,,0.0,0.0,0.0,,,0.0,0.0,0.0,,,0.0,0.0,0.0,,,0.0,0.0,0.0,,,0.0,0.0,0.0,,,0.0,0.0,0.0,,,0.0,0.0,0.0,,,0.0,0.0,0.0,0.0,0.0
2095233.62757,1024,6,9,1024-06-09,2,0.9148,0.8699,1534.5,15.0,0.0,,,0.0,0.0,0.0,,,0.0,0.0,0.0,,,0.0,0.0,0.0,,,0.0,0.0,0.0,,,0.0,0.0,0.0,,,0.0,0.0,0.0,,,0.0,0.0,0.0,,,0.0,0.0,0.0,0.0,0.0
2095411.58058,1024,12,4,1024-12-04,5,-0.5126,0.4799,1534.5,15.0,0.0,,,0.0,0.0,0.0,,,0.0,0.0,0.0,,,0.0,0.0,0.0,,,0.0,0.0,0.0,,,0.0,0.0,0.0,,,0.0,0.0,0.0,,,0.0,0.0,0.0,,,0.0,0.0,0.0,0.0,0.0
2095588.15681,1025,5,29,1025-05-29,6,0.1146,0.1147,1529.9,15.0,0.0669,37.5,16:08,0.0754,0.0581,0.0214,37.2,16:06,0.0295,0.0133,0.0993,38.6,16:08,0.1081,0.0904,0.0532,36.9,16:08,0.0618,0.0445,0.017,34.2,16:10,0.0257,0.0081,0.1761,20.8,16:32,0.1884,0.1639,0.0394,8.4,16:34,0.0508,0.028,0.2404,1.9,16:44,0.2529,0.2279,0.0993,0.1081,0.0904
2095765.66606,1025,11,23,1025-11-23,2,0.1761,0.1585,1529.9,15.0,0.0,,,0.0,0.0,0.0,,,0.0,0.0,0.0,,,0.0,0.0,0.0,,,0.0,0.0,0.0,,,0.0,0.0,0.0,,,0.0,0.0,0.0,,,0.0,0.0,0.0,,,0.0,0.0,0.0,0.0,0.0
2095942.85932,1026,5,19,1026-05-19,4,-0.6253,0.6379,1525.3,15.0,0.0,,,0.0,0.0,0.0,,,0.0,0.0,0.0,,,0.0,0.0,0.0,,,0.0,0.0,0.0,,,0.0,0.0,0.0,,,0.0,0.0,0.0,,,0.0,0.0,0.0,,,0.0,0.0,0.0,0.0,0.0
2096119.62842,1026,11,12,1026-11-12,6,0.8531,0.7719,1525.3,15.0,0.0,,,0.0,0.0,0.0,,,0.0,0.0,0.0,,,0.0,0.0,0.0,,,0.0,0.0,0.0,,,0.0,0.0,0.0,,,0.0,0.0,0.0,,,0.0,0.0,0.0,,,0.0,0.0,0.0,0.0,0.0
2096268.15625,1027,4,9,1027-04-09,0,1.2337,1.1945,1520.7,15.0,0.0,,,0.0,0.0,0.0,,,0.0,0.0,0.0,,,0.0,0.0,0.0,,,0.0,0.0,0.0,,,0.0,0.0,0.0,,,0.0,0.0,0.0,,,0.0,0.0,0.0,,,0.0,0.0,0.0,0.0,0.0
2096297.54208,1027,5,9,1027-05-09,2,-1.3842,1.3753,1520.7,15.0,0.0,,,0.0,0.0,0.0,,,0.0,0.0,0.0,,,0.0,0.0,0.0,,,0.0,0.0,0.0,,,0.0,0.0,0.0,,,0.0,0.0,0.0,,,0.0,0.0,0.0,,,0.0,0.0,0.0,0.0,0.0
2096444.24046,1027,10,2,1027-10-02,1,-1.3036,1.2726,1520.7,15.0,0.0,,,0.0,0.0,0.0,,,0.0,0.0,0.0,,,0.0,0.0,0.0,,,0.0,0.0,0.0,,,0.0,0.0,0.0,,,0.0,0.0,0.0,,,0.0,0.0,0.0,,,0.0,0.0,0.0,0.0,0.0
2096473.78378,1027,11,1,1027-11-01,3,1.4931,1.4153,1520.7,15.0,0.0,,,0.0,0.0,0.0,,,0.0,0.0,0.0,,,0.0,0.0,0.0,,,0.0,0.0,0.0,,,0.0,0.0,0.0,,,0.0,0.0,0.0,,,0.0,0.0,0.0,,,0.0,0.0,0.0,0.0,0.0
2096622.46895,1028,3,28,1028-03-28,4,0.5259,0.4828,1516.1,15.0,0.0,,,0.0,0.0,0.0,,,0.0,0.0,0.0,,,0.0,0.0,0.0,,,0.0,0.0,0.0,,,0.0,0.0,0.0,,,0.0,0.0,0.0,,,0.0,0.0,0.0,,,0.0,0.0,0.0,0.0,0.0
2096798.83397,1028,9,21,1028-09-21,6,-0.5619,0.571,1516.1,15.0,0.0,,,0.0,0.0,0.0,,,0.0,0.0,0.0,,,0.0,0.0,0.0,,,0.0,0.0,0.0,,,0.0,0.0,0.0,,,0.0,0.0,0.0,,,0.0,0.0,0.0,,,0.0,0.0,0.0,0.0,0.0
2096976.50974,1029,3,18,1029-03-18,2,-0.2068,0.1854,1511.5,15.0,0.0,,,0.0,0.0,0.0,,,0.0,0.0,0.0,,,0.0,0.0,0.0,,,0.0,0.0,0.0,,,0.0,0.0,0.0,,,0.0,0.0,0.0,,,0.0,0.0,0.0,,,0.0,0.0,0.0,0.0,0.0
2097153.52017,1029,9,11,1029-09-11,4,0.1419,0.1438,1511.5,15.0,0.0,,,0.0,0.0,0.0,,,0.0,0.0,0.0,,,0.0,0.0,0.0,,,0.0,0.0,0.0,,,0.0,0.0,0.0,,,0.0,0.0,0.0,,,0.0,0.0,0.0,,,0.0,0.0,0.0,0.0,0.0
2097330.5428,1030,3,7,1030-03-07,6,-0.9182,0.8428,1506.9,15.0,0.0,,,0.0,0.0,0.0,,,0.0,0.0,0.0,,,0.0,0.0,0.0,,,0.0,0.0,0.0,,,0.0,0.0,0.0,,,0.0,0.0,0.0,,,0.0,0.0,0.0,,,0.0,0.0,0.0,0.0,0.0
2097508.10223,1030,8,31,1030-08-31,1,0.896,0.8691,1506.9,15.0,0.7933,38.3,14:06,0.8026,0.7837,0.824,36.7,14:04,0.8333,0.8154,0.7672,39.6,14:06,0.7769,0.7573,0.8054,37.7,14:06,0.8148,0.7956,0.8409,35.6,14:10,0.8499,0.8314,0.7555,30.1,14:48,0.7648,0.7459,0.8435,16.4,14:58,0.8492,0.8373,0.6739,12.8,15:14,0.6798,0.6681,0.824,0.8333,0.8154
2097655.35134,1031,1,25,1031-01-25,1,1.1604,1.1548,1502.4,15.0,0.0,,,0.0,0.0,0.0,,,0.0,0.0,0.0,,,0.0,0.0,0.0,,,0.0,0.0,0.0,,,0.0,0.0,0.0,,,0.0,0.0,0.0,,,0.0,0.0,0.0,,,0.0,0.0,0.0,0.0,0.0
2097832.81083,1031,7,22,1031-07-22,4,-1.1373,1.0267,1502.4,15.0,0.0,,,0.0,0.0,0.0,,,0.0,0.0,0.0,,,0.0,0.0,0.0,,,0.0,0.0,0.0,,,0.0,0.0,0.0,,,0.0,0.0,0.0,,,0.0,0.0,0.0,,,0.0,0.0,0.0,0.0,0.0
2098009.98142,1032,1,15,1032-01-15,6,0.4625,0.4726,1497.9,15.0,0.0674,12.2,10:52,0.0691,0.066,0.0515,10.6,10:54,0.053,0.0503,0.0783,12.5,10:48,0.0805,0.0764,0.0637,12.3,10:54,0.0651,0.0625,0.0588,13.2,11:00,0.0591,0.0587,0.2336,28.2,11:20,0.2393,0.2285,0.3617,25.1,11:54,0.373,0.3506,0.5729,32.8,12:00,0.5869,0.5592,0.0783,0.0805,0.0764
2098186.82982,1032,7,10,1032-07-10,1,-0.3869,0.3488,1497.9,15.0,0.0,,,0.0,0.0,0.0,,,0.0,0.0,0.0,,,0.0,0.0,0.0,,,0.0,0.0,0.0,,,0.0,0.0,0.0,,,0.0,0.0,0.0,,,0.0,0.0,0.0,,,0.0,0.0,0.0,0.0,0.0
2098364.6212,1033,1,4,1033-01-04,4,-0.2123,0.2124,1493.4,15.0,0.0,,,0.0,0.0,0.0,,,0.0,0.0,0.0,,,0.0,0.0,0.0,,,0.0,0.0,0.0,,,0.0,0.0,0.0,,,0.0,0.0,0.0,,,0.0,0.0,0.0,,,0.0,0.0,0.0,0.0,0.0
2098540.9979,1033,6,29,1033-06-29,5,0.3911,0.3674,1493.4,15.0,0.742,55.6,11:12,0.746,0.7376,0.6917,54.2,11:14,0.6953,0.6878,0.7637,55.7,11:08,0.7684,0.7586,0.737,55.8,11:14,0.7409,0.733,0.74,56.9,11:20,0.7425,0.7371,0.8728,70.1,11:44,0.875,0.8706,0.9244,56.8,12:20,0.9336,0.9153,0.6599,55.5,12:34,0.6719,0.6483,0.7637,0.7684,0.7586
2098719.07707,1033,12,24,1033-12-24,1,-0.9416,0.8935,1493.4,15.0,0.0,,,0.0,0.0,0.0,,,0.0,0.0,0.0,,,0.0,0.0,0.0,,,0.0,0.0,0.0,,,0.0,0.0,0.0,,,0.0,0.0,0.0,,,0.0,0.0,0.0,,,0.0,0.0,0.0,0.0,0.0
2098866.15855,1034,5,20,1034-05-20,1,-1.4063,1.4216,1488.9,15.0,0.0,,,0.0,0.0,0.0,,,0.0,0.0,0.0,,,0.0,0.0,0.0,,,0.0,0.0,0.0,,,0.0,0.0,0.0,,,0.0,0.0,0.0,,,0.0,0.0,0.0,,,0.0,0.0,0.0,0.0,0.0
2098895.4695,1034,6,18,1034-06-18,2,1.1261,1.1163,1488.9,15.0,0.0,,,0.0,0.0,0.0,,,0.0,0.0,0.0,,,0.0,0.0,0.0,,,0.0,0.0,0.0,,,0.0,0.0,0.0,,,0.0,0.0,0.0,,,0.0,0.0,0.0,,,0.0,0.0,0.0,0.0,0.0
2099043.43265,1034,11,13,1034-11-13,3,1.3704,1.2288,1488.9,15.0,0.0,,,0.0,0.0,0.0,,,0.0,0.0,0.0,,,0.0,0.0,0.0,,,0.0,0.0,0.0,,,0.0,0.0,0.0,,,0.0,0.0,0.0,,,0.0,0.0,0.0,,,0.0,0.0,0.0,0.0,0.0
2099220.87384,1035,5,10,1035-05-10,6,-0.6763,0.6878,1484.4,15.0,0.0,,,0.0,0.0,0.0,,,0.0,0.0,0.0,,,0.0,0.0,0.0,,,0.0,0.0,0.0,,,0.0,0.0,0.0,,,0.0,0.0,0.0,,,0.0,0.0,0.0,,,0.0,0.0,0.0,0.0,0.0
2099397.42312,1035,11,2,1035-11-02,0,0.6738,0.616,1484.4,15.0,0.0,,,0.0,0.0,0.0,,,0.0,0.0,0.0,,,0.0,0.0,0.0,,,0.0,0.0,0.0,,,0.0,0.0,0.0,,,0.0,0.0,0.0,,,0.0,0.0,0.0,,,0.0,0.0,0.0,0.0,0.0
2099575.51499,1036,4,29,1036-04-29,4,0.0639,0.0626,1479.9,15.0,0.0,,,0.0,0.0,0.0,,,0.0,0.0,0.0,,,0.0,0.0,0.0,,,0.0,0.0,0.0,,,0.0,0.0,0.0,,,0.0,0.0,0.0,,,0.0,0.0,0.0,,,0.0,0.0,0.0,0.0,0.0
2099751.66888,1036,10,22,1036-10-22,5,-0.0592,0.0571,1479.9,15.0,0.0,,,0.0,0.0,0.0,,,0.0,0.0,0.0,,,0.0,0.0,0.0,,,0.0,0.0,0.0,,,0.0,0.0,0.0,,,0.0,0.0,0.0,,,0.0,0.0,0.0,,,0.0,0.0,0.0,0.0,0.0
2099929.90452,1037,4,18,1037-04-18,1,0.8608,0.7986,1475.5,15.0,0.9238,33.4,09:05,0.9354,0.9122,0.9341,33.0,09:09,0.946,0.924,0.929,32.8,09:03,0.9388,0.9176,0.9174,34.0,09:07,0.9273,0.9056,0.8801,36.4,09:11,0.8925,0.8686,0.574,49.3,08:55,0.592,0.556,0.3093,60.1,09:13,0.3289,0.2897,0.1136,66.3,08:51,0.137,0.0902,0.9341,0.946,0.924
2100106.20625,1037,10,11,1037-10-11,2,-0.7504,0.7581,1475.5,15.0,0.0,,,0.0,0.0,0.0,,,0.0,0.0,0.0,,,0.0,0.0,0.0,,,0.0,0.0,0.0,,,0.0,0.0,0.0,,,0.0,0.0,0.0,,,0.0,0.0,0.0,,,0.0,0.0,0.0,0.0,0.0
2100254.30307,1038,3,8,1038-03-08,3,-1.301,1.1687,1471.0,15.0,0.0,,,0.0,0.0,0.0,,,0.0,0.0,0.0,,,0.0,0.0,0.0,,,0.0,0.0,0.0,,,0.0,0.0,0.0,,,0.0,0.0,0.0,,,0.0,0.0,0.0,,,0.0,0.0,0.0,0.0,0.0
2100431.50253,1038,9,2,1038-09-02,6,1.1866,1.1913,1471.0,15.0,0.0,,,0.0,0.0,0.0,,,0.0,0.0,0.0,,,0.0,0.0,0.0,,,0.0,0.0,0.0,,,0.0,0.0,0.0,,,0.0,0.0,0.0,,,0.0,0.0,0.0,,,0.0,0.0,0.0,0.0,0.0
2100460.87867,1038,10,1,1038-10-01,0,-1.4172,1.4438,1471.0,15.0,0.0,,,0.0,0.0,0.0,,,0.0,0.0,0.0,,,0.0,0.0,0.0,,,0.0,0.0,0.0,,,0.0,0.0,0.0,,,0.0,0.0,0.0,,,0.0,0.0,0.0,,,0.0,0.0,0.0,0.0,0.0
2100608.38788,1039,2,25,1039-02-25,0,-0.5525,0.5141,1466.6,15.0,0.0,,,0.0,0.0,0.0,,,0.0,0.0,0.0,,,0.0,0.0,0.0,,,0.0,0.0,0.0,,,0.0,0.0,0.0,,,0.0,0.0,0.0,,,0.0,0.0,0.0,,,0.0,0.0,0.0,0.0,0.0
2100786.0265,1039,8,22,1039-08-22,3,0.4891,0.4668,1466.6,15.0,0.892,44.0,11:21,0.904,0.8795,0.8447,42.2,11:19,0.8562,0.8338,0.9281,44.5,11:19,0.9393,0.9163,0.8755,44.0,11:21,0.8872,0.8636,0.8271,44.6,11:27,0.8399,0.8143,0.894,56.4,12:01,0.9138,0.8741,0.6526,46.3,12:25,0.671,0.6346,0.7724,46.4,12:45,0.7922,0.7528,0.9281,0.9393,0.9163
2100962.7622,1040,2,15,1040-02-15,5,0.1919,0.1887,1462.2,15.0,0.0,,,0.0,0.0,0.0,,,0.0,0.0,0.0,,,0.0,0.0,0.0,,,0.0,0.0,0.0,,,0.0,0.0,0.0,,,0.0,0.0,0.0,,,0.0,0.0,0.0,,,0.0,0.0,0.0,0.0,0.0
2101140.25973,1040,8,10,1040-08-10,0,-0.2696,0.245,1462.2,15.0,0.0,,,0.0,0.0,0.0,,,0.0,0.0,0.0,,,0.0,0.0,0.0,,,0.0,0.0,0.0,,,0.0,0.0,0.0,,,0.0,0.0,0.0,,,0.0,0.0,0.0,,,0.0,0.0,0.0,0.0,0.0
2101317.37064,1041,2,3,1041-02-03,2,0.8713,0.8882,1457.8,15.0,0.0,,,0.0,0.0,0.0,,,0.0,0.0,0.0,,,0.0,0.0,0.0,,,0.0,0.0,0.0,,,0.0,0.0,0.0,,,0.0,0.0,0.0,,,0.0,0.0,0.0,,,0.0,0.0,0.0,0.0,0.0
2101494.28166,1041,7,30,1041-07-30,4,-1.0225,0.9182,1457.8,15.0,0.0,,,0.0,0.0,0.0,,,0.0,0.0,0.0,,,0.0,0.0,0.0,,,0.0,0.0,0.0,,,0.0,0.0,0.0,,,0.0,0.0,0.0,,,0.0,0.0,0.0,,,0.0,0.0,0.0,0.0,0.0
2101642.55469,1041,12,26,1041-12-26,6,-1.1693,1.1544,1457.8,15.0,0.0,,,0.0,0.0,0.0,,,0.0,0.0,0.0,,,0.0,0.0,0.0,,,0.0,0.0,0.0,,,0.0,0.0,0.0,,,0.0,0.0,0.0,,,0.0,0.0,0.0,,,0.0,0.0,0.0,0.0,0.0
2101818.91725,1042,6,20,1042-06-20,0,0.9901,0.9449,1453.4,15.0,0.202,36.5,08:28,0.2098,0.1943,0.2459,36.8,08:32,0.2533,0.2389,0.1868,35.3,08:24,0.1952,0.1788,0.2031,37.3,08:30,0.2108,0.1957,0.1865,40.1,08:34,0.1935,0.1798,0.0,,,0.0,0.0,0.0,,,0.0,0.0,0.0,,,0.0,0.0,0.2459,0.2533,0.2389
2101996.92895,1042,12,15,1042-12-15,3,-0.5176,0.4833,1453.4,15.0,0.0,,,0.0,0.0,0.0,,,0.0,0.0,0.0,,,0.0,0.0,0.0,,,0.0,0.0,0.0,,,0.0,0.0,0.0,,,0.0,0.0,0.0,,,0.0,0.0,0.0,,,0.0,0.0,0.0,0.0,0.0
2102173.46276,1043,6,9,1043-06-09,4,0.1893,0.19,1449.1,15.0,0.0,,,0.0,0.0,0.0,,,0.0,0.0,0.0,,,0.0,0.0,0.0,,,0.0,0.0,0.0,,,0.0,0.0,0.0,,,0.0,0.0,0.0,,,0.0,0.0,0.0,,,0.0,0.0,0.0,0.0,0.0
2102351.0011,1043,12,4,1043-12-04,0,0.1693,0.1522,1449.1,15.0,0.0,,,0.0,0.0,0.0,,,0.0,0.0,0.0,,,0.0,0.0,0.0,,,0.0,0.0,0.0,,,0.0,0.0,0.0,,,0.0,0.0,0.0,,,0.0,0.0,0.0675,19.3,13:05,0.0806,0.0545,0.0,0.0,0.0
2102528.17087,1044,5,29,1044-05-29,2,-0.5528,0.5637,1444.7,15.0,0.0,,,0.0,0.0,0.0,,,0.0,0.0,0.0,,,0.0,0.0,0.0,,,0.0,0.0,0.0,,,0.0,0.0,0.0,,,0.0,0.0,0.0,,,0.0,0.0,0.0,,,0.0,0.0,0.0,0.0,0.0
2102704.96364,1044,11,22,1044-11-22,4,0.8429,0.7639,1444.7,15.0,0.8603,8.5,09:55,0.8679,0.8527,0.8378,7.0,09:57,0.8445,0.831,0.8796,8.7,09:53,0.8882,0.8723,0.8509,8.7,09:57,0.8585,0.8435,0.8241,10.0,10:03,0.831,0.8176,0.9035,26.1,10:21,0.9098,0.8982,0.8872,25.7,11:01,0.8897,0.8863,0.8763,33.9,11:11,0.8791,0.8726,0.8796,0.8882,0.8723
2102853.4653,1045,4,19,1045-04-19,5,1.2978,1.2523,1440.4,15.0,0.0,,,0.0,0.0,0.0,,,0.0,0.0,0.0,,,0.0,0.0,0.0,,,0.0,0.0,0.0,,,0.0,0.0,0.0,,,0.0,0.0,0.0,,,0.0,0.0,0.0,,,0.0,0.0,0.0,0.0,0.0
2102882.84836,1045,5,19,1045-05-19,0,-1.3186,1.3063,1440.4,15.0,0.0,,,0.0,0.0,0.0,,,0.0,0.0,0.0,,,0.0,0.0,0.0,,,0.0,0.0,0.0,,,0.0,0.0,0.0,,,0.0,0.0,0.0,,,0.0,0.0,0.0,,,0.0,0.0,0.0,0.0,0.0
2103029.58298,1045,10,13,1045-10-13,0,-1.3229,1.2954,1440.4,15.0,0.0,,,0.0,0.0,0.0,,,0.0,0.0,0.0,,,0.0,0.0,0.0,,,0.0,0.0,0.0,,,0.0,0.0,0.0,,,0.0,0.0,0.0,,,0.0,0.0,0.0,,,0.0,0.0,0.0,0.0,0.0
2103059.13108,1045,11,11,1045-11-11,1,1.4793,1.4064,1440.4,15.0,0.0487,7.2,15:12,0.0521,0.0451,0.0655,5.8,15:10,0.0686,0.0621,0.0426,8.5,15:12,0.0459,0.0391,0.0487,6.6,15:12,0.0523,0.045,0.0385,4.2,15:16,0.0427,0.0341,0.0,,,0.0,0.0,0.0,,,0.0,0.0,0.0,,,0.0,0.0,0.0655,0.0686,0.0621
2103207.76447,1046,4,9,1046-04-09,3,0.5876,0.5381,1436.1,15.0,0.3444,-0.8,05:26,0.3516,0.3239,0.3349,-0.3,05:24,0.3365,0.3327,0.3132,-0.7,05:34,0.342,0.2882,0.349,-0.7,05:22,0.3509,0.3428,0.3528,1.5,05:20,0.355,0.3507,0.5335,4.0,04:56,0.5375,0.5297,0.6158,16.2,04:56,0.6226,0.6091,0.7843,13.2,04:38,0.7913,0.7775,0.349,0.3516,0.3428
2103384.18023,1046,10,2,1046-10-02,4,-0.5912,0.6016,1436.1,15.0,0.0,,,0.0,0.0,0.0,,,0.0,0.0,0.0,,,0.0,0.0,0.0,,,0.0,0.0,0.0,,,0.0,0.0,0.0,,,0.0,0.0,0.0,,,0.0,0.0,0.0,,,0.0,0.0,0.0,0.0,0.0
2103561.80269,1047,3,29,1047-03-29,0,-0.1515,0.1359,1431.8,15.0,0.0,,,0.0,0.0,0.0,,,0.0,0.0,0.0,,,0.0,0.0,0.0,,,0.0,0.0,0.0,,,0.0,0.0,0.0,,,0.0,0.0,0.0,,,0.0,0.0,0.0,,,0.0,0.0,0.0,0.0,0.0
2103738.85876,1047,9,22,1047-09-22,2,0.1042,0.1055,1431.8,15.0,0.0878,3.2,06:48,0.0895,0.0858,0.035,3.3,06:50,0.0368,0.033,0.1171,2.2,06:46,0.1186,0.1153,0.078,3.7,06:48,0.0799,0.0759,0.0618,6.3,06:50,0.0642,0.0591,0.3887,17.5,06:42,0.3941,0.3828,0.3145,31.0,06:54,0.324,0.3046,0.598,36.8,06:54,0.6095,0.5865,0.1171,0.1186,0.1153
2103915.85153,1048,3,17,1048-03-17,4,-0.8724,0.8028,1427.5,15.0,0.0,,,0.0,0.0,0.0,,,0.0,0.0,0.0,,,0.0,0.0,0.0,,,0.0,0.0,0.0,,,0.0,0.0,0.0,,,0.0,0.0,0.0,,,0.0,0.0,0.0,,,0.0,0.0,0.0,0.0,0.0
2104093.42315,1048,9,10,1048-09-10,6,0.8533,0.825,1427.5,15.0,0.0,,,0.0,0.0,0.0,,,0.0,0.0,0.0,,,0.0,0.0,0.0,,,0.0,0.0,0.0,,,0.0,0.0,0.0,,,0.0,0.0,0.0,,,0.0,0.0,0.0,,,0.0,0.0,0.0,0.0,0.0
2104240.70451,1049,2,5,1049-02-05,0,1.173,1.1701,1423.2,15.0,0.0,,,0.0,0.0,0.0,,,0.0,0.0,0.0,,,0.0,0.0,0.0,,,0.0,0.0,0.0,,,0.0,0.0,0.0,,,0.0,0.0,0.0,,,0.0,0.0,0.0,,,0.0,0.0,0.0,0.0,0.0
2104270.16718,1049,3,6,1049-03-06,1,-1.5373,1.4933,1423.2,15.0,0.0,,,0.0,0.0,0.0,,,0.0,0.0,0.0,,,0.0,0.0,0.0,,,0.0,0.0,0.0,,,0.0,0.0,0.0,,,0.0,0.0,0.0,,,0.0,0.0,0.0,,,0.0,0.0,0.0,0.0,0.0
2104418.08715,1049,8,1,1049-08-01,2,-1.2146,1.0949,1423.2,15.0,0.0,,,0.0,0.0,0.0,,,0.0,0.0,0.0,,,0.0,0.0,0.0,,,0.0,0.0,0.0,,,0.0,0.0,0.0,,,0.0,0.0,0.0,,,0.0,0.0,0.0,,,0.0,0.0,0.0,0.0,0.0
2104595.34428,1050,1,25,1050-01-25,4,0.4738,0.4841,1418.9,15.0,0.0,,,0.0,0.0,0.0,,,0.0,0.0,0.0,,,0.0,0.0,0.0,,,0.0,0.0,0.0,,,0.0,0.0,0.0,,,0.0,0.0,0.0,,,0.0,0.0,0.0,,,0.0,0.0,0.0,0.0,0.0
2104772.10348,1050,7,21,1050-07-21,6,-0.4673,0.4219,1418.9,15.0,0.0,,,0.0,0.0,0.0,,,0.0,0.0,0.0,,,0.0,0.0,0.0,,,0.0,0.0,0.0,,,0.0,0.0,0.0,,,0.0,0.0,0.0,,,0.0,0.0,0.0,,,0.0,0.0,0.0,0.0,0.0
2104949.98264,1051,1,15,1051-01-15,2,-0.2052,0.2048,1414.7,15.0,0.0,,,0.0,0.0,0.0,,,0.0,0.0,0.0,,,0.0,0.0,0.0,,,0.0,0.0,0.0,,,0.0,0.0,0.0,,,0.0,0.0,0.0,,,0.0,0.0,0.0,,,0.0,0.0,0.0,0.0,0.0
2105126.28615,1051,7,10,1051-07-10,3,0.312,0.2941,1414.7,15.0,0.044,10.4,19:20,0.0513,0.0368,0.0216,11.3,19:18,0.0287,0.0147,0.0632,10.5,19:22,0.0708,0.0558,0.035,10.0,19:20,0.0422,0.0278,0.0084,8.2,19:18,0.0152,0.0016,0.0,,,0.0,0.0,0.0,,,0.0,0.0,0.0,,,0.0,0.0,0.0632,0.0708,0.0558
2105304.4278,1052,1,4,1052-01-04,6,-0.9393,0.8887,1410.4,15.0,0.0,,,0.0,0.0,0.0,,,0.0,0.0,0.0,,,0.0,0.0,0.0,,,0.0,0.0,0.0,,,0.0,0.0,0.0,,,0.0,0.0,0.0,,,0.0,0.0,0.0,,,0.0,0.0,0.0,0.0,0.0
2105451.46779,1052,5,30,1052-05-30,6,-1.4746,1.4933,1410.4,15.0,0.0,,,0.0,0.0,0.0,,,0.0,0.0,0.0,,,0.0,0.0,0.0,,,0.0,0.0,0.0,,,0.0,0.0,0.0,,,0.0,0.0,0.0,,,0.0,0.0,0.0,,,0.0,0.0,0.0,0.0,0.0
2105480.77306,1052,6,29,1052-06-29,1,1.0488,1.0427,1410.4,15.0,0.5889,7.7,05:09,0.5968,0.5807,0.6098,9.0,05:11,0.6175,0.6022,0.585,6.5,05:09,0.5933,0.5769,0.5862,8.3,05:09,0.5942,0.578,0.5621,10.7,05:09,0.5706,0.5537,0.2483,10.4,04:45,0.2596,0.2367,0.0696,21.6,04:43,0.0824,0.0567,0.0,,,0.0,0.0,0.6098,0.6175,0.6022
2105628.76401,1052,11,24,1052-11-24,2,1.3809,1.238,1410.4,15.0,0.0,,,0.0,0.0,0.0,,,0.0,0.0,0.0,,,0.0,0.0,0.0,,,0.0,0.0,0.0,,,0.0,0.0,0.0,,,0.0,0.0,0.0,,,0.0,0.0,0.0,,,0.0,0.0,0.0,0.0,0.0
2105806.18635,1053,5,20,1053-05-20,4,-0.7482,0.76,1406.2,15.0,0.0,,,0.0,0.0,0.0,,,0.0,0.0,0.0,,,0.0,0.0,0.0,,,0.0,0.0,0.0,,,0.0,0.0,0.0,,,0.0,0.0,0.0,,,0.0,0.0,0.0,,,0.0,0.0,0.0,0.0,0.0
2105982.75905,1053,11,13,1053-11-13,6,0.6846,0.6273,1406.2,15.0,0.0,,,0.0,0.0,0.0,,,0.0,0.0,0.0,,,0.0,0.0,0.0,,,0.0,0.0,0.0,,,0.0,0.0,0.0,,,0.0,0.0,0.0559,-0.9,04:57,0.1076,0.0,0.0373,-0.6,04:33,0.0827,0.0002,0.0,0.0,0.0
2106160.81965,1054,5,10,1054-05-10,2,-0.0069,0.0067,1402.0,15.0,0.0,,,0.0,0.0,0.0,,,0.0,0.0,0.0,,,0.0,0.0,0.0,,,0.0,0.0,0.0,,,0.0,0.0,0.0,,,0.0,0.0,0.0,,,0.0,0.0,0.0099,43.5,06:34,0.0295,0.0,0.0,0.0,0.0
2106337.01733,1054,11,2,1054-11-02,3,-0.045,0.0435,1402.0,15.0,0.0,,,0.0,0.0,0.0,,,0.0,0.0,0.0,,,0.0,0.0,0.0,,,0.0,0.0,0.0,,,0.0,0.0,0.0,,,0.0,0.0,0.0,,,0.0,0.0,0.0,,,0.0,0.0,0.0,0.0,0.0
2106515.19467,1055,4,29,1055-04-29,6,0.7927,0.7333,1397.8,15.0,0.4124,17.0,17:55,0.4176,0.4074,0.463,17.5,17:51,0.4679,0.4586,0.3811,17.7,17:55,0.3861,0.3762,0.4242,16.4,17:55,0.4294,0.4191,0.4503,14.1,17:55,0.456,0.4447,0.2147,-0.6,18:09,0.2209,0.2052,0.0,,,0.0,0.0,0.0,,,0.0,0.0,0.463,0.4679,0.4586
2106691.56074,1055,10,23,1055-10-23,1,-0.7293,0.7382,1397.8,15.0,0.0,,,0.0,0.0,0.0,,,0.0,0.0,0.0,,,0.0,0.0,0.0,,,0.0,0.0,0.0,,,0.0,0.0,0.0,,,0.0,0.0,0.0,,,0.0,0.0,0.0,,,0.0,0.0,0.0,0.0,0.0
2106839.6019,1056,3,19,1056-03-19,2,-1.3486,1.2127,1393.6,15.0,0.0,,,0.0,0.0,0.0,,,0.0,0.0,0.0,,,0.0,0.0,0.0,,,0.0,0.0,0.0,,,0.0,0.0,0.0,,,0.0,0.0,0.0,,,0.0,0.0,0.0,,,0.0,0.0,0.0,0.0,0.0
2107016.83419,1056,9,12,1056-09-12,4,1.2322,1.2344,1393.6,15.0,0.0,,,0.0,0.0,0.0,,,0.0,0.0,0.0,,,0.0,0.0,0.0,,,0.0,0.0,0.0,,,0.0,0.0,0.0,,,0.0,0.0,0.0,,,0.0,0.0,0.0,,,0.0,0.0,0.0,0.0,0.0
2107046.2293,1056,10,11,1056-10-11,5,-1.3936,1.4187,1393.6,15.0,0.0,,,0.0,0.0,0.0,,,0.0,0.0,0.0,,,0.0,0.0,0.0,,,0.0,0.0,0.0,,,0.0,0.0,0.0,,,0.0,0.0,0.0,,,0.0,0.0,0.0,,,0.0,0.0,0.0,0.0,0.0
2107193.70617,1057,3,8,1057-03-08,6,-0.5892,0.5499,1389.5,15.0,0.0,,,0.0,0.0,0.0,,,0.0,0.0,0.0,,,0.0,0.0,0.0,,,0.0,0.0,0.0,,,0.0,0.0,0.0,,,0.0,0.0,0.0,,,0.0,0.0,0.0,,,0.0,0.0,0.0,0.0,0.0
2107371.33764,1057,9,1,1057-09-01,1,0.5443,0.5178,1389.5,15.0,0.0,,,0.0,0.0,0.0,,,0.0,0.0,0.0,,,0.0,0.0,0.0,,,0.0,0.0,0.0,,,0.0,0.0,0.0,,,0.0,0.0,0.0,,,0.0,0.0,0.0,,,0.0,0.0,0.0,0.0,0.0
2107548.10305,1058,2,25,1058-02-25,3,0.1636,0.1613,1385.3,15.0,0.2598,19.3,15:31,0.2715,0.248,0.2155,17.8,15:31,0.2265,0.2042,0.2714,20.6,15:31,0.2835,0.2589,0.2615,18.6,15:31,0.273,0.25,0.2906,16.2,15:35,0.3012,0.2801,0.7683,13.2,15:45,0.7775,0.7586,0.8906,0.8,15:49,0.8952,0.8856,0.8023,1.2,15:51,0.8078,0.7973,0.2714,0.2835,0.2589
2107725.54796,1058,8,22,1058-08-22,6,-0.2042,0.1852,1385.3,15.0,0.0,,,0.0,0.0,0.0,,,0.0,0.0,0.0,,,0.0,0.0,0.0,,,0.0,0.0,0.0,,,0.0,0.0,0.0,,,0.0,0.0,0.0,,,0.0,0.0,0.0,,,0.0,0.0,0.0,0.0,0.0
2107902.72523,1059,2,15,1059-02-15,1,0.8501,0.8671,1381.2,15.0,0.0,,,0.0,0.0,0.0,,,0.0,0.0,0.0,,,0.0,0.0,0.0,,,0.0,0.0,0.0,,,0.0,0.0,0.0,,,0.0,0.0,0.4435,-0.7,04:53,0.5486,0.3708,0.4248,-0.5,04:39,0.5342,0.3498,0.0,0.0,0.0
2108079.5606,1059,8,11,1059-08-11,3,-0.9491,0.853,1381.2,15.0,0.0,,,0.0,0.0,0.0,,,0.0,0.0,0.0,,,0.0,0.0,0.0,,,0.0,0.0,0.0,,,0.0,0.0,0.0,,,0.0,0.0,0.0,,,0.0,0.0,0.0,,,0.0,0.0,0.0,0.0,0.0
2108227.91609,1060,1,6,1060-01-06,4,-1.1763,1.1582,1377.1,15.0,0.0,,,0.0,0.0,0.0,,,0.0,0.0,0.0,,,0.0,0.0,0.0,,,0.0,0.0,0.0,,,0.0,0.0,0.0,,,0.0,0.0,0.0,,,0.0,0.0,0.0,,,0.0,0.0,0.0,0.0,0.0
2108257.38997,1060,2,4,1060-02-04,5,1.5342,1.546,1377.1,15.0,0.0,,,0.0,0.0,0.0,,,0.0,0.0,0.0,,,0.0,0.0,0.0,,,0.0,0.0,0.0,,,0.0,0.0,0.0,,,0.0,0.0,0.0,,,0.0,0.0,0.0,,,0.0,0.0,0.0,0.0,0.0
2108404.20877,1060,6,30,1060-06-30,5,1.064,1.019,1377.1,15.0,0.4834,27.2,17:27,0.4937,0.473,0.5064,27.7,17:23,0.5163,0.4964,0.4608,27.7,17:29,0.4715,0.45,0.4947,27.0,17:25,0.5047,0.4845,0.5314,24.5,17:25,0.541,0.5216,0.494,9.1,17:45,0.5035,0.4841,0.5861,-0.6,17:35,0.5886,0.5765,0.0,,,0.029,0.0,0.5064,0.5163,0.4964
2108582.27629,1060,12,25,1060-12-25,1,-0.5231,0.4871,1377.1,15.0,0.0,,,0.0,0.0,0.0,,,0.0,0.0,0.0,,,0.0,0.0,0.0,,,0.0,0.0,0.0,,,0.0,0.0,0.0,,,0.0,0.0,0.0,,,0.0,0.0,0.0,,,0.0,0.0,0.0,0.0,0.0
2108758.76929,1061,6,20,1061-06-20,3,0.2641,0.2656,1372.9,15.0,0.0867,7.5,05:02,0.096,0.0774,0.0599,8.9,05:04,0.0689,0.051,0.0918,6.3,05:02,0.1013,0.0825,0.0894,8.1,05:02,0.0987,0.0802,0.1157,10.4,05:02,0.1251,0.1064,0.4808,10.5,04:42,0.4933,0.4683,0.6674,22.1,04:42,0.6799,0.6548,0.9288,18.4,04:32,0.9437,0.9139,0.0918,0.1013,0.0825
2108936.33588,1061,12,14,1061-12-14,5,0.1625,0.1459,1372.9,15.0,0.0,,,0.0,0.0,0.0,,,0.0,0.0,0.0,,,0.0,0.0,0.0,,,0.0,0.0,0.0,,,0.0,0.0,0.0,,,0.0,0.0,0.0,,,0.0,0.0,0.0,,,0.0,0.0,0.0,0.0,0.0
2109113.48174,1062,6,9,1062-06-09,0,-0.4795,0.4887,1368.9,15.0,0.0,,,0.0,0.0,0.0,,,0.0,0.0,0.0,,,0.0,0.0,0.0,,,0.0,0.0,0.0,,,0.0,0.0,0.0,,,0.0,0.0,0.0,,,0.0,0.0,0.0,,,0.0,0.0,0.0,0.0,0.0
2109290.30099,1062,12,3,1062-12-03,2,0.8344,0.7575,1368.9,15.0,0.0,,,0.0,0.0,0.0,,,0.0,0.0,0.0,,,0.0,0.0,0.0,,,0.0,0.0,0.0,,,0.0,0.0,0.0,,,0.0,0.0,0.0,,,0.0,0.0,0.0,,,0.0,0.0,0.0,0.0,0.0
2109438.76922,1063,5,1,1063-05-01,4,1.3668,1.3142,1364.8,15.0,0.1722,4.6,05:18,0.1767,0.1675,0.1882,6.0,05:22,0.1928,0.1834,0.1678,3.4,05:18,0.1724,0.163,0.1713,5.2,05:18,0.1759,0.1665,0.1574,7.6,05:18,0.1626,0.1521,0.0,,,0.0,0.0,0.0,,,0.0,0.0,0.0,,,0.0,0.0,0.1882,0.1928,0.1834
2109468.15226,1063,5,30,1063-05-30,5,-1.251,1.2356,1364.8,15.0,0.0,,,0.0,0.0,0.0,,,0.0,0.0,0.0,,,0.0,0.0,0.0,,,0.0,0.0,0.0,,,0.0,0.0,0.0,,,0.0,0.0,0.0,,,0.0,0.0,0.0,,,0.0,0.0,0.0,0.0,0.0
2109614.93072,1063,10,24,1063-10-24,5,-1.337,1.313,1364.8,15.0,0.0,,,0.0,0.0,0.0,,,0.0,0.0,0.0,,,0.0,0.0,0.0,,,0.0,0.0,0.0,,,0.0,0.0,0.0,,,0.0,0.0,0.0,,,0.0,0.0,0.0,,,0.0,0.0,0.0,0.0,0.0
2109644.48152,1063,11,22,1063-11-22,6,1.4682,1.4001,1364.8,15.0,0.0,,,0.0,0.0,0.0,,,0.0,0.0,0.0,,,0.0,0.0,0.0,,,0.0,0.0,0.0,,,0.0,0.0,0.0,,,0.0,0.0,0.0,,,0.0,0.0,0.0,,,0.0,0.0,0.0,0.0,0.0
2109793.05364,1064,4,19,1064-04-19,1,0.6559,0.5992,1360.7,15.0,0.877,46.9,13:32,0.8822,0.8719,0.9229,45.1,13:32,0.9279,0.9181,0.8581,48.3,13:30,0.8637,0.8526,0.8804,46.4,13:32,0.8853,0.8758,0.8733,44.5,13:38,0.8775,0.8698,0.5006,41.6,14:08,0.5012,0.5004,0.5018,25.7,14:30,0.5058,0.4979,0.2318,22.7,14:42,0.2373,0.2267,0.9229,0.9279,0.9181
2109969.53197,1064,10,13,1064-10-13,3,-0.6141,0.6255,1360.7,15.0,0.0,,,0.0,0.0,0.0,,,0.0,0.0,0.0,,,0.0,0.0,0.0,,,0.0,0.0,0.0,,,0.0,0.0,0.0,,,0.0,0.0,0.0,,,0.0,0.0,0.0,,,0.0,0.0,0.0,0.0,0.0
2110147.08795,1065,4,8,1065-04-08,5,-0.087,0.078,1356.6,15.0,0.0,,,0.0,0.0,0.0,,,0.0,0.0,0.0,,,0.0,0.0,0.0,,,0.0,0.0,0.0,,,0.0,0.0,0.144,27.0,15:18,0.1442,0.1436,0.1425,13.3,15:26,0.1458,0.1391,0.4061,10.4,15:34,0.4104,0.4017,0.0,0.0,0.0
2110324.20322,1065,10,2,1065-10-02,0,0.0742,0.075,1356.6,15.0,0.0,,,0.0,0.0,0.0,,,0.0,0.0,0.0,,,0.0,0.0,0.0,,,0.0,0.0,0.0,,,0.0,0.0,0.0,,,0.0,0.0,0.0,,,0.0,0.0,0.0,,,0.0,0.0,0.0,0.0,0.0
2110501.15385,1066,3,28,1066-03-28,2,-0.8179,0.7547,1352.6,15.0,0.0,,,0.0,0.0,0.0,,,0.0,0.0,0.0,,,0.0,0.0,0.0,,,0.0,0.0,0.0,,,0.0,0.0,0.0,,,0.0,0.0,0.0,,,0.0,0.0,0.0,,,0.0,0.0,0.0,0.0,0.0
2110678.74942,1066,9,22,1066-09-22,5,0.8176,0.788,1352.6,15.0,0.0,,,0.0,0.0,0.0,,,0.0,0.0,0.0,,,0.0,0.0,0.0,,,0.0,0.0,0.0,,,0.0,0.0,0.0,,,0.0,0.0,0.2194,-0.9,03:56,0.2204,0.2117,0.0,,,0.0,0.0,0.0,0.0,0.0
2110826.05306,1067,2,16,1067-02-16,5,1.1917,1.1914,1348.6,15.0,0.3337,24.8,13:27,0.3433,0.324,0.361,22.9,13:27,0.3699,0.352,0.3284,26.1,13:25,0.3382,0.3185,0.3308,24.4,13:27,0.3403,0.3213,0.3038,23.2,13:33,0.3134,0.2941,0.0,,,0.0,0.0,0.0,,,0.0,0.0,0.0,,,0.0,0.0,0.361,0.3699,0.352
2110855.49362,1067,3,17,1067-03-17,6,-1.4938,1.4555,1348.6,15.0,0.0,,,0.0,0.0,0.0,,,0.0,0.0,0.0,,,0.0,0.0,0.0,,,0.0,0.0,0.0,,,0.0,0.0,0.0,,,0.0,0.0,0.0,,,0.0,0.0,0.0,,,0.0,0.0,0.0,0.0,0.0
2111003.36761,1067,8,12,1067-08-12,0,-1.2861,1.1578,1348.6,15.0,0.0,,,0.0,0.0,0.0,,,0.0,0.0,0.0,,,0.0,0.0,0.0,,,0.0,0.0,0.0,,,0.0,0.0,0.0,,,0.0,0.0,0.0,,,0.0,0.0,0.0,,,0.0,0.0,0.0,0.0,0.0
2111180.70379,1068,2,6,1068-02-06,3,0.489,0.4995,1344.6,15.0,0.0,,,0.0,0.0,0.0,,,0.0,0.0,0.0,,,0.0,0.0,0.0,,,0.0,0.0,0.0,,,0.0,0.0,0.0,,,0.0,0.0,0.0,,,0.0,0.0,0.0,,,0.0,0.0,0.0,0.0,0.0
2111357.3801,1068,7,31,1068-07-31,4,-0.5444,0.4923,1344.6,15.0,0.0,,,0.0,0.0,0.0,,,0.0,0.0,0.0,,,0.0,0.0,0.0,,,0.0,0.0,0.0,,,0.0,0.0,0.0,,,0.0,0.0,0.0,,,0.0,0.0,0.0,,,0.0,0.0,0.0,0.0,0.0
2111535.34147,1069,1,25,1069-01-25,0,-0.1956,0.1948,1340.6,15.0,0.0,,,0.0,0.0,0.0,,,0.0,0.0,0.0,,,0.0,0.0,0.0,,,0.0,0.0,0.0,,,0.0,0.0,0.0,,,0.0,0.0,0.0,,,0.0,0.0,0.0,,,0.0,0.0,0.0,0.0,0.0
2111711.57737,1069,7,21,1069-07-21,2,0.2356,0.2228,1340.6,15.0,0.0,,,0.0,0.0,0.0,,,0.0,0.0,0.0,,,0.0,0.0,0.0,,,0.0,0.0,0.0,,,0.0,0.0,0.0,,,0.0,0.0,0.0,,,0.0,0.0,0.0,,,0.0,0.0,0.0,0.0,0.0
2111889.77558,1070,1,15,1070-01-15,5,-0.9344,0.8815,1336.6,15.0,0.0,,,0.0,0.0,0.0,,,0.0,0.0,0.0,,,0.0,0.0,0.0,,,0.0,0.0,0.0,,,0.0,0.0,0.0,,,0.0,0.0,0.0,,,0.0,0.0,0.0,,,0.0,0.0,0.0,0.0,0.0
2112066.07929,1070,7,10,1070-07-10,6,0.9739,0.9709,1336.6,15.0,0.2351,54.0,13:51,0.2416,0.2288,0.2874,52.3,13:49,0.2935,0.2815,0.2013,55.2,13:51,0.2078,0.1952,0.2481,53.2,13:53,0.2548,0.2418,0.2795,51.1,13:57,0.2869,0.2722,0.0748,43.3,14:35,0.0879,0.0618,0.2282,28.4,14:49,0.2413,0.2152,0.0207,23.4,15:03,0.0353,0.0061,0.2874,0.2935,0.2815
2112214.09767,1070,12,5,1070-12-05,0,1.3883,1.2446,1336.6,15.0,0.2764,9.4,14:08,0.2767,0.2758,0.2861,7.6,14:06,0.2864,0.2855,0.2711,10.6,14:08,0.2711,0.2707,0.2776,8.7,14:10,0.2782,0.2767,0.275,7.0,14:14,0.2767,0.273,0.0927,7.2,14:48,0.1003,0.085,0.0,,,0.0,0.0,0.0,,,0.0,0.0,0.2861,0.2864,0.2855
2112391.49747,1071,5,31,1071-05-31,2,-0.8213,0.8331,1332.6,15.0,0.0,,,0.0,0.0,0.0,,,0.0,0.0,0.0,,,0.0,0.0,0.0,,,0.0,0.0,0.0,,,0.0,0.0,0.0,,,0.0,0.0,0.0,,,0.0,0.0,0.0,,,0.0,0.0,0.0,0.0,0.0
2112568.09815,1071,11,24,1071-11-24,4,0.6923,0.6358,1332.6,15.0,0.476,11.1,13:57,0.4787,0.4739,0.4673,9.3,13:55,0.4697,0.4652,0.4838,12.3,13:57,0.4869,0.4812,0.4729,10.4,13:59,0.4752,0.471,0.4668,8.6,14:05,0.4677,0.4662,0.6054,7.4,14:49,0.6114,0.6,0.565,-0.9,14:39,0.6045,0.4994,0.6964,-0.8,14:59,0.7515,0.614,0.4838,0.4869,0.4812
2112746.12127,1072,5,20,1072-05-20,0,-0.0804,0.0782,1328.6,15.0,0.0,,,0.0,0.0,0.0,,,0.0,0.0,0.0142,42.2,15:34,0.0159,0.0121,0.0,,,0.0,0.0,0.0,,,0.0,0.0,0.2532,26.2,15:58,0.2619,0.2443,0.1451,13.1,16:02,0.1561,0.1341,0.3966,7.7,16:10,0.4093,0.3838,0.0142,0.0159,0.0121
2112922.36978,1072,11,12,1072-11-12,1,-0.0347,0.0336,1328.6,15.0,0.0,,,0.0,0.0,0.0,,,0.0,0.0,0.0,,,0.0,0.0,0.0,,,0.0,0.0,0.0,,,0.0,0.0,0.0,,,0.0,0.0,0.0,,,0.0,0.0,0.0,,,0.0,0.0,0.0,0.0,0.0
2113100.47942,1073,5,9,1073-05-09,4,0.7189,0.6631,1324.7,15.0,0.0,,,0.0,0.0,0.0,,,0.0,0.0,0.0,,,0.0,0.0,0.0,,,0.0,0.0,0.0,,,0.0,0.0,0.0,,,0.0,0.0,0.0,,,0.0,0.0,0.0,,,0.0,0.0,0.0,0.0,0.0
2113276.92014,1073,11,2,1073-11-02,6,-0.7141,0.7239,1324.7,15.0,0.0,,,0.0,0.0,0.0,,,0.0,0.0,0.0,,,0.0,0.0,0.0,,,0.0,0.0,0.0,,,0.0,0.0,0.0,,,0.0,0.0,0.0,,,0.0,0.0,0.0,,,0.0,0.0,0.0,0.0,0.0
2113424.89446,1074,3,30,1074-03-30,0,-1.4034,1.2633,1320.7,15.0,0.0,,,0.0,0.0,0.0,,,0.0,0.0,0.0,,,0.0,0.0,0.0,,,0.0,0.0,0.0,,,0.0,0.0,0.0,,,0.0,0.0,0.0,,,0.0,0.0,0.0,,,0.0,0.0,0.0,0.0,0.0
2113454.55803,1074,4,29,1074-04-29,2,1.4969,1.3426,1320.7,15.0,0.0,,,0.0,0.0,0.0,,,0.0,0.0,0.0,,,0.0,0.0,0.0,,,0.0,0.0,0.0,,,0.0,0.0,0.0,,,0.0,0.0,0.0,,,0.0,0.0,0.0,,,0.0,0.0,0.0,0.0,0.0
2113602.17107,1074,9,23,1074-09-23,2,1.271,1.2705,1320.7,15.0,0.3993,18.6,15:48,0.4065,0.3915,0.4069,17.8,15:44,0.4138,0.3996,0.3871,19.8,15:48,0.3949,0.3792,0.406,17.9,15:48,0.413,0.3986,0.4289,15.4,15:50,0.4349,0.4228,0.3929,6.2,16:18,0.3944,0.391,0.1863,-0.8,15:50,0.2311,0.1134,0.0,,,0.0,0.0,0.4069,0.4138,0.3996
2113631.58447,1074,10,23,1074-10-23,4,-1.3759,1.3992,1320.7,15.0,0.0,,,0.0,0.0,0.0,,,0.0,0.0,0.0,,,0.0,0.0,0.0,,,0.0,0.0,0.0,,,0.0,0.0,0.0,,,0.0,0.0,0.0,,,0.0,0.0,0.0,,,0.0,0.0,0.0,0.0,0.0
2113779.01901,1075,3,19,1075-03-19,4,-0.6331,0.5927,1316.8,15.0,0.0,,,0.0,0.0,0.0,,,0.0,0.0,0.0,,,0.0,0.0,0.0,,,0.0,0.0,0.0,,,0.0,0.0,0.0,,,0.0,0.0,0.0,,,0.0,0.0,0.0,,,0.0,0.0,0.0,0.0,0.0
2113956.6538,1075,9,13,1075-09-13,0,0.5925,0.5618,1316.8,15.0,0.0,,,0.0,0.0,0.0,,,0.0,0.0,0.0,,,0.0,0.0,0.0,,,0.0,0.0,0.0,,,0.0,0.0,0.0,,,0.0,0.0,0.0,,,0.0,0.0,0.0,,,0.0,0.0,0.0,0.0,0.0
2114133.43865,1076,3,7,1076-03-07,1,0.1281,0.1267,1312.9,15.0,0.0,,,0.0,0.0,0.0,,,0.0,0.0,0.0,,,0.0,0.0,0.0,,,0.0,0.0,0.0,,,0.0,0.0,0.0,,,0.0,0.0,0.0,,,0.0,0.0,0.0,,,0.0,0.0,0.0,0.0,0.0
2114310.84072,1076,9,1,1076-09-01,4,-0.1447,0.131,1312.9,15.0,0.0,,,0.0,0.0,0.0,,,0.0,0.0,0.0044,1.2,06:04,0.0074,0.0013,0.0,,,0.0,0.0,0.0,,,0.0,0.0,0.3479,13.3,05:56,0.3482,0.3473,0.3352,27.1,06:04,0.3408,0.3293,0.6156,30.2,06:04,0.6224,0.6083,0.0044,0.0074,0.0013
2114488.07437,1077,2,25,1077-02-25,6,0.8222,0.839,1309.0,15.0,0.6589,25.0,14:29,0.6732,0.6448,0.6968,23.2,14:29,0.71,0.6834,0.6532,26.4,14:27,0.6679,0.6383,0.6544,24.4,14:29,0.6682,0.6405,0.6159,22.5,14:33,0.629,0.6026,0.1219,23.2,14:45,0.1362,0.1079,0.0,,,0.0,0.0,0.0,,,0.0,0.0,0.6968,0.71,0.6834
2114664.84507,1077,8,21,1077-08-21,1,-0.8815,0.793,1309.0,15.0,0.0,,,0.0,0.0,0.0,,,0.0,0.0,0.0,,,0.0,0.0,0.0,,,0.0,0.0,0.0,,,0.0,0.0,0.0,,,0.0,0.0,0.0,,,0.0,0.0,0.0,,,0.0,0.0,0.0,0.0,0.0
2114813.27377,1078,1,16,1078-01-16,2,-1.1875,1.166,1305.1,15.0,0.0,,,0.0,0.0,0.0,,,0.0,0.0,0.0,,,0.0,0.0,0.0,,,0.0,0.0,0.0,,,0.0,0.0,0.0,,,0.0,0.0,0.0,,,0.0,0.0,0.0,,,0.0,0.0,0.0,0.0,0.0
2114842.74152,1078,2,15,1078-02-15,4,1.5166,1.5251,1305.1,15.0,0.0,,,0.0,0.0,0.0,,,0.0,0.0,0.0,,,0.0,0.0,0.0,,,0.0,0.0,0.0,,,0.0,0.0,0.0,,,0.0,0.0,0.0,,,0.0,0.0,0.0,,,0.0,0.0,0.0,0.0,0.0
2114989.5034,1078,7,12,1078-07-12,4,1.135,1.0908,1305.1,15.0,0.0,,,0.0,0.0,0.0,,,0.0,0.0,0.0,,,0.0,0.0,0.0,,,0.0,0.0,0.0,,,0.0,0.0,0.0,,,0.0,0.0,0.0,,,0.0,0.0,0.0,,,0.0,0.0,0.0,0.0,0.0
2115167.62167,1079,1,6,1079-01-06,0,-0.5306,0.4927,1301.3,15.0,0.0,,,0.0,0.0,0.0,,,0.0,0.0,0.0,,,0.0,0.0,0.0,,,0.0,0.0,0.0,,,0.0,0.0,0.0,,,0.0,0.0,0.0,,,0.0,0.0,0.0,,,0.0,0.0,0.0,0.0,0.0
2115344.07686,1079,7,1,1079-07-01,1,0.3382,0.3408,1301.3,15.0,0.6195,56.5,13:30,0.629,0.6096,0.5685,54.8,13:28,0.5775,0.5593,0.6559,57.8,13:30,0.6656,0.6458,0.604,55.9,13:32,0.6139,0.5941,0.5623,54.0,13:36,0.5727,0.5516,0.7022,48.4,14:10,0.7188,0.6857,0.5073,33.9,14:22,0.523,0.4918,0.6844,28.9,14:38,0.7017,0.6671,0.6559,0.6656,0.6458
2115521.67081,1079,12,26,1079-12-26,4,0.1559,0.14,1301.3,15.0,0.0,,,0.0,0.0,0.0,,,0.0,0.0,0.0,,,0.0,0.0,0.0,,,0.0,0.0,0.0,,,0.0,0.0,0.0,,,0.0,0.0,0.0,,,0.0,0.0,0.0,,,0.0,0.0,0.0,0.0,0.0
2115698.79161,1080,6,20,1080-06-20,6,-0.405,0.4124,1297.4,15.0,0.0,,,0.0,0.0,0.0,,,0.0,0.0,0.0,,,0.0,0.0,0.0,,,0.0,0.0,0.0,,,0.0,0.0,0.0,,,0.0,0.0,0.0,,,0.0,0.0,0.0,,,0.0,0.0,0.0,0.0,0.0
2115875.64057,1080,12,14,1080-12-14,1,0.8282,0.7532,1297.4,15.0,0.0,,,0.0,0.0,0.0,,,0.0,0.0,0.0,,,0.0,0.0,0.0,,,0.0,0.0,0.0,,,0.0,0.0,0.0,,,0.0,0.0,0.0,,,0.0,0.0,0.0,,,0.0,0.0,0.0,0.0,0.0
2116024.06751,1081,5,11,1081-05-11,2,1.4411,1.3809,1293.6,15.0,0.0,,,0.0,0.0,0.0,,,0.0,0.0,0.0,,,0.0,0.0,0.0,,,0.0,0.0,0.0,,,0.0,0.0,0.0,,,0.0,0.0,0.0,,,0.0,0.0,0.0,,,0.0,0.0,0.0,0.0,0.0
2116053.45305,1081,6,9,1081-06-09,3,-1.1802,1.1621,1293.6,15.0,0.0,,,0.0,0.0,0.0,,,0.0,0.0,0.0,,,0.0,0.0,0.0,,,0.0,0.0,0.0,,,0.0,0.0,0.0,,,0.0,0.0,0.0,,,0.0,0.0,0.0,,,0.0,0.0,0.0,0.0,0.0
2116200.28416,1081,11,3,1081-11-03,3,-1.3452,1.3247,1293.6,15.0,0.0,,,0.0,0.0,0.0,,,0.0,0.0,0.0,,,0.0,0.0,0.0,,,0.0,0.0,0.0,,,0.0,0.0,0.0,,,0.0,0.0,0.0,,,0.0,0.0,0.0,,,0.0,0.0,0.0,0.0,0.0
2116229.83555,1081,12,3,1081-12-03,5,1.4608,1.3971,1293.6,15.0,0.0,,,0.0,0.0,0.0,,,0.0,0.0,0.0,,,0.0,0.0,0.0,,,0.0,0.0,0.0,,,0.0,0.0,0.0,,,0.0,0.0,0.0,,,0.0,0.0,0.0,,,0.0,0.0,0.0,0.0,0.0
2116378.33749,1082,4,30,1082-04-30,6,0.7297,0.665,1289.7,15.0,0.1231,-0.9,20:06,0.1826,0.0323,0.2607,-0.7,20:12,0.3513,0.2014,0.0946,-0.7,20:06,0.1854,0.0352,0.0694,-0.7,20:02,0.1602,0.01,0.0,,,0.0,0.0,0.0,,,0.0,0.0,0.0,,,0.0,0.0,0.0,,,0.0,0.0,0.2607,0.3513,0.2014
2116554.88841,1082,10,24,1082-10-24,1,-0.6316,0.6441,1289.7,15.0,0.0,,,0.0,0.0,0.0,,,0.0,0.0,0.0,,,0.0,0.0,0.0,,,0.0,0.0,0.0,,,0.0,0.0,0.0,,,0.0,0.0,0.0,,,0.0,0.0,0.0,,,0.0,0.0,0.0,0.0,0.0
2116732.36953,1083,4,19,1083-04-19,3,-0.0179,0.0161,1285.9,15.0,0.0,,,0.0,0.0,0.0,,,0.0,0.0,0.0,,,0.0,0.0,0.0,,,0.0,0.0,0.0,,,0.0,0.0,0.0,,,0.0,0.0,0.0,,,0.0,0.0,0.0,,,0.0,0.0,0.0,0.0,0.0
2116909.5521,1083,10,14,1083-10-14,6,0.0498,0.0502,1285.9,15.0,0.0,,,0.0,0.0,0.0,,,0.0,0.0,0.0,,,0.0,0.0,0.0,,,0.0,0.0,0.0,,,0.0,0.0,0.0,,,0.0,0.0,0.0,,,0.0,0.0,0.0,,,0.0,0.0,0.0,0.0,0.0
2117086.45254,1084,4,7,1084-04-07,0,-0.7583,0.7016,1282.1,15.0,0.0,,,0.0,0.0,0.0,,,0.0,0.0,0.0,,,0.0,0.0,0.0,,,0.0,0.0,0.0,,,0.0,0.0,0.0,,,0.0,0.0,0.0,,,0.0,0.0,0.0,,,0.0,0.0,0.0,0.0,0.0
2117264.07994,1084,10,2,1084-10-02,3,0.7876,0.7568,1282.1,15.0,0.832,28.0,13:23,0.8401,0.8244,0.8085,26.1,13:21,0.8161,0.801,0.8532,29.3,13:21,0.8614,0.845,0.8228,27.5,13:23,0.8304,0.8152,0.7947,25.8,13:29,0.8019,0.7879,0.8891,25.5,14:07,0.8939,0.8844,0.8681,11.9,14:25,0.8683,0.8675,0.9343,10.8,14:41,0.936,0.9336,0.8532,0.8614,0.845
2117411.39719,1085,2,26,1085-02-26,3,1.216,1.2184,1278.3,15.0,0.0,,,0.0,0.0,0.0,,,0.0,0.0,0.0,,,0.0,0.0,0.0,,,0.0,0.0,0.0,,,0.0,0.0,0.0,,,0.0,0.0,0.0,,,0.0,0.0,0.0,,,0.0,0.0,0.0,0.0,0.0
2117440.81562,1085,3,28,1085-03-28,5,-1.4442,1.4115,1278.3,15.0,0.0,,,0.0,0.0,0.0,,,0.0,0.0,0.0,,,0.0,0.0,0.0,,,0.0,0.0,0.0,,,0.0,0.0,0.0,,,0.0,0.0,0.0,,,0.0,0.0,0.0,,,0.0,0.0,0.0,0.0,0.0
2117588.65296,1085,8,23,1085-08-23,6,-1.3509,1.2148,1278.3,15.0,0.0,,,0.0,0.0,0.0,,,0.0,0.0,0.0,,,0.0,0.0,0.0,,,0.0,0.0,0.0,,,0.0,0.0,0.0,,,0.0,0.0,0.0,,,0.0,0.0,0.0,,,0.0,0.0,0.0,0.0,0.0
2117766.0577,1086,2,16,1086-02-16,1,0.5111,0.5219,1274.5,15.0,0.4338,24.3,13:45,0.4437,0.4239,0.4042,22.4,13:45,0.4134,0.3949,0.4399,25.5,13:45,0.4502,0.4299,0.4365,23.7,13:47,0.4461,0.4267,0.4639,22.3,13:51,0.4736,0.454,0.8763,25.3,14:13,0.8883,0.8638,0.9934,13.4,14:27,0.9991,0.9833,0.6955,16.1,14:31,0.7068,0.684,0.4399,0.4502,0.4299
2117942.66336,1086,8,12,1086-08-12,3,-0.6137,0.556,1274.5,15.0,0.0,,,0.0,0.0,0.0,,,0.0,0.0,0.0,,,0.0,0.0,0.0,,,0.0,0.0,0.0,,,0.0,0.0,0.0,,,0.0,0.0,0.0,,,0.0,0.0,0.0,,,0.0,0.0,0.0,0.0,0.0
2118120.69497,1087,2,6,1087-02-06,6,-0.1803,0.1791,1270.8,15.0,0.0,,,0.0,0.0,0.0,,,0.0,0.0,0.0,,,0.0,0.0,0.0,,,0.0,0.0,0.0,,,0.0,0.0,0.0,,,0.0,0.0,0.0,,,0.0,0.0,0.0,,,0.0,0.0,0.0,0.0,0.0
2118296.87381,1087,8,1,1087-08-01,0,0.1645,0.1562,1270.8,15.0,0.1793,21.1,07:23,0.185,0.1735,0.1368,21.5,07:25,0.142,0.1314,0.1959,20.0,07:21,0.2019,0.1897,0.1769,21.7,07:23,0.1824,0.1712,0.1877,24.4,07:25,0.1928,0.1825,0.5803,33.8,07:17,0.5856,0.5749,0.6503,49.5,07:37,0.651,0.6491,0.9491,52.8,07:33,0.9499,0.9475,0.1959,0.2019,0.1897
2118475.11858,1088,1,26,1088-01-26,3,-0.9247,0.8698,1267.0,15.0,0.0,,,0.0,0.0,0.0,,,0.0,0.0,0.0,,,0.0,0.0,0.0,,,0.0,0.0,0.0,,,0.0,0.0,0.0,,,0.0,0.0,0.0,,,0.0,0.0,0.0,,,0.0,0.0,0.0,0.0,0.0
2118651.38866,1088,7,20,1088-07-20,4,0.9022,0.9019,1267.0,15.0,0.0,,,0.0,0.0,0.1241,-0.8,20:44,0.1962,0.0131,0.0,,,0.0,0.0,0.0,,,0.0,0.0,0.0,,,0.0,0.0,0.0,,,0.0,0.0,0.0,,,0.0,0.0,0.0,,,0.0,0.0,0.1241,0.1962,0.0131
2118799.43198,1088,12,15,1088-12-15,5,1.395,1.2506,1267.0,15.0,0.0,,,0.0,0.0,0.0,,,0.0,0.0,0.0,,,0.0,0.0,0.0,,,0.0,0.0,0.0,,,0.0,0.0,0.0,,,0.0,0.0,0.0,,,0.0,0.0,0.0,,,0.0,0.0,0.0,0.0,0.0
2118976.80608,1089,6,11,1089-06-11,1,-0.8972,0.9087,1263.3,15.0,0.0,,,0.0,0.0,0.0,,,0.0,0.0,0.0,,,0.0,0.0,0.0,,,0.0,0.0,0.0,,,0.0,0.0,0.0,,,0.0,0.0,0.0,,,0.0,0.0,0.0,,,0.0,0.0,0.0,0.0,0.0
2119153.44067,1089,12,4,1089-12-04,2,0.6965,0.6411,1263.3,15.0,0.0,,,0.0,0.0,0.0,,,0.0,0.0,0.0,,,0.0,0.0,0.0,,,0.0,0.0,0.0,,,0.0,0.0,0.0,,,0.0,0.0,0.0,,,0.0,0.0,0.0,,,0.0,0.0,0.0,0.0,0.0
2119331.41909,1090,5,31,1090-05-31,5,-0.1576,0.1528,1259.5,15.0,0.0,,,0.0,0.0,0.0,,,0.0,0.0,0.0,,,0.0,0.0,0.0,,,0.0,0.0,0.0,,,0.0,0.0,0.0,,,0.0,0.0,0.0,,,0.0,0.0,0.0,,,0.0,0.0,0.0,0.0,0.0
2119507.7261,1090,11,24,1090-11-24,0,-0.0285,0.0277,1259.5,15.0,0.0,,,0.0,0.0,0.0,,,0.0,0.0,0.0,,,0.0,0.0,0.0,,,0.0,0.0,0.0,,,0.0,0.0,0.0,,,0.0,0.0,0.0,,,0.0,0.0,0.0,,,0.0,0.0,0.0,0.0,0.0
2119685.75993,1091,5,21,1091-05-21,3,0.6407,0.5893,1255.8,15.0,0.4614,8.4,05:19,0.4667,0.4562,0.4529,9.9,05:23,0.4583,0.448,0.4612,7.0,05:17,0.4665,0.4562,0.464,9.1,05:19,0.4695,0.4586,0.4813,11.5,05:19,0.4872,0.4755,0.6723,11.8,04:53,0.6814,0.6633,0.822,23.3,04:51,0.8344,0.8099,0.9617,18.5,04:33,0.962,0.9578,0.464,0.4695,0.4586
2119862.28377,1091,11,13,1091-11-13,4,-0.704,0.7147,1255.8,15.0,0.0,,,0.0,0.0,0.0,,,0.0,0.0,0.0,,,0.0,0.0,0.0,,,0.0,0.0,0.0,,,0.0,0.0,0.0,,,0.0,0.0,0.0,,,0.0,0.0,0.0,,,0.0,0.0,0.0,0.0,0.0
2120010.18159,1092,4,9,1092-04-09,5,-1.4643,1.3198,1252.1,15.0,0.0,,,0.0,0.0,0.0,,,0.0,0.0,0.0,,,0.0,0.0,0.0,,,0.0,0.0,0.0,,,0.0,0.0,0.0,,,0.0,0.0,0.0,,,0.0,0.0,0.0,,,0.0,0.0,0.0,0.0,0.0
2120039.82978,1092,5,9,1092-05-09,0,1.4185,1.272,1252.1,15.0,0.0602,19.7,06:52,0.0678,0.0524,0.0684,20.6,06:56,0.0758,0.0608,0.0629,18.5,06:50,0.0704,0.0552,0.0557,20.3,06:52,0.0634,0.0478,0.0302,23.0,06:54,0.0386,0.0218,0.0,,,0.0,0.0,0.0,,,0.0,0.0,0.0,,,0.0,0.0,0.0684,0.0758,0.0608
2120187.51261,1092,10,4,1092-10-04,1,1.304,1.3005,1252.1,15.0,0.0,,,0.0,0.0,0.0,,,0.0,0.0,0.0,,,0.0,0.0,0.0,,,0.0,0.0,0.0,,,0.0,0.0,0.0,,,0.0,0.0,0.0,,,0.0,0.0,0.0,,,0.0,0.0,0.0,0.0,0.0
2120216.94409,1092,11,2,1092-11-02,2,-1.3638,1.3854,1252.1,15.0,0.0,,,0.0,0.0,0.0,,,0.0,0.0,0.0,,,0.0,0.0,0.0,,,0.0,0.0,0.0,,,0.0,0.0,0.0,,,0.0,0.0,0.0,,,0.0,0.0,0.0,,,0.0,0.0,0.0,0.0,0.0
2120364.32738,1093,3,29,1093-03-29,2,-0.6829,0.6413,1248.4,15.0,0.0,,,0.0,0.0,0.0,,,0.0,0.0,0.0,,,0.0,0.0,0.0,,,0.0,0.0,0.0,,,0.0,0.0,0.0,,,0.0,0.0,0.0,,,0.0,0.0,0.0,,,0.0,0.0,0.0,0.0,0.0
2120541.97469,1093,9,23,1093-09-23,5,0.6343,0.5996,1248.4,15.0,0.8288,25.0,09:42,0.8406,0.8179,0.8763,23.8,09:44,0.8874,0.866,0.793,25.2,09:42,0.8044,0.7818,0.8452,25.3,09:44,0.8563,0.8337,0.8917,27.0,09:48,0.9035,0.8797,0.8011,44.5,10:12,0.821,0.7813,0.925,45.5,10:38,0.9449,0.9053,0.9285,52.7,10:58,0.9508,0.9057,0.8763,0.8874,0.866
2120718.76948,1094,3,19,1094-03-19,0,0.0862,0.0855,1244.7,15.0,0.0,,,0.0,0.0,0.0,,,0.0,0.0,0.0,,,0.0,0.0,0.0,,,0.0,0.0,0.0,,,0.0,0.0,0.0,,,0.0,0.0,0.0,,,0.0,0.0,0.0,,,0.0,0.0,0.0,0.0,0.0
2120896.13904,1094,9,12,1094-09-12,2,-0.0922,0.0833,1244.7,15.0,0.0,,,0.0,0.0,0.0,,,0.0,0.0,0.0,,,0.0,0.0,0.0,,,0.0,0.0,0.0,,,0.0,0.0,0.0,,,0.0,0.0,0.0,,,0.0,0.0,0.0,,,0.0,0.0,0.0,0.0,0.0
2121073.41912,1095,3,8,1095-03-08,4,0.789,0.8054,1241.1,15.0,0.0,,,0.0,0.0,0.0,,,0.0,0.0,0.0,,,0.0,0.0,0.0,,,0.0,0.0,0.0,,,0.0,0.0,0.0,,,0.0,0.0,0.0,,,0.0,0.0,0.0,,,0.0,0.0,0.0,0.0,0.0
2121250.13497,1095,9,1,1095-09-01,6,-0.8196,0.7382,1241.1,15.0,0.0,,,0.0,0.0,0.0,,,0.0,0.0,0.0,,,0.0,0.0,0.0,,,0.0,0.0,0.0,,,0.0,0.0,0.0,,,0.0,0.0,0.0,,,0.0,0.0,0.0,,,0.0,0.0,0.0,0.0,0.0
2121398.62797,1096,1,28,1096-01-28,1,-1.2023,1.1772,1237.4,15.0,0.0,,,0.0,0.0,0.0,,,0.0,0.0,0.0,,,0.0,0.0,0.0,,,0.0,0.0,0.0,,,0.0,0.0,0.0,,,0.0,0.0,0.0,,,0.0,0.0,0.0,,,0.0,0.0,0.0,0.0,0.0
2121428.08847,1096,2,26,1096-02-26,2,1.4943,1.4993,1237.4,15.0,0.0,,,0.0,0.0,0.0,,,0.0,0.0,0.0,,,0.0,0.0,0.0,,,0.0,0.0,0.0,,,0.0,0.0,0.0,,,0.0,0.0,0.0,,,0.0,0.0,0.0,,,0.0,0.0,0.0,0.0,0.0
2121574.80182,1096,7,22,1096-07-22,2,1.2023,1.1596,1237.4,15.0,0.0,,,0.0,0.0,0.0,,,0.0,0.0,0.0,,,0.0,0.0,0.0,,,0.0,0.0,0.0,,,0.0,0.0,0.0,,,0.0,0.0,0.0,,,0.0,0.0,0.0,,,0.0,0.0,0.0,0.0,0.0
2121604.27445,1096,8,20,1096-08-20,3,-1.511,1.4167,1237.4,15.0,0.0,,,0.0,0.0,0.0,,,0.0,0.0,0.0,,,0.0,0.0,0.0,,,0.0,0.0,0.0,,,0.0,0.0,0.0,,,0.0,0.0,0.0,,,0.0,0.0,0.0,,,0.0,0.0,0.0,0.0,0.0
2121752.96311,1097,1,16,1097-01-16,5,-0.5419,0.5019,1233.7,15.0,0.0,,,0.0,0.0,0.0,,,0.0,0.0,0.0,,,0.0,0.0,0.0,,,0.0,0.0,0.0,,,0.0,0.0,0.0,,,0.0,0.0,0.0,,,0.0,0.0,0.0,,,0.0,0.0,0.0,0.0,0.0
2121929.38672,1097,7,11,1097-07-11,6,0.4099,0.4139,1233.7,15.0,0.0,,,0.0,0.0,0.0,,,0.0,0.0,0.0,,,0.0,0.0,0.0,,,0.0,0.0,0.0,,,0.0,0.0,0.0,,,0.0,0.0,0.0,,,0.0,0.0,0.0,,,0.0,0.0,0.0,0.0,0.0
2122107.00319,1098,1,5,1098-01-05,2,0.1464,0.1314,1230.1,15.0,0.0,,,0.0,0.0,0.0,,,0.0,0.0,0.0,,,0.0,0.0,0.0,,,0.0,0.0,0.0,,,0.0,0.0,0.0,,,0.0,0.0,0.1417,13.2,13:26,0.1569,0.1263,0.365,18.4,13:32,0.3826,0.3473,0.0,0.0,0.0
2122284.10271,1098,7,1,1098-07-01,4,-0.3323,0.3381,1230.1,15.0,0.0,,,0.0,0.0,0.0,,,0.0,0.0,0.0,,,0.0,0.0,0.0,,,0.0,0.0,0.0,,,0.0,0.0,0.0,,,0.0,0.0,0.0,,,0.0,0.0,0.0,,,0.0,0.0,0.0,0.0,0.0
2122460.97928,1098,12,25,1098-12-25,6,0.8201,0.7473,1230.1,15.0,0.6902,10.4,11:03,0.691,0.6898,0.6807,8.7,11:07,0.6816,0.6802,0.6957,10.9,11:01,0.696,0.6955,0.6892,10.4,11:05,0.6903,0.6885,0.6928,11.1,11:13,0.6952,0.6908,0.8664,24.9,11:37,0.8758,0.8573,0.8873,20.2,12:09,0.9012,0.8733,0.6981,27.7,12:13,0.7147,0.6812,0.6957,0.696,0.6955
2122609.36241,1099,5,22,1099-05-22,0,1.5183,1.4498,1226.5,15.0,0.0,,,0.0,0.0,0.0,,,0.0,0.0,0.0,,,0.0,0.0,0.0,,,0.0,0.0,0.0,,,0.0,0.0,0.0,,,0.0,0.0,0.0,,,0.0,0.0,0.0,,,0.0,0.0,0.0,0.0,0.0
2122638.75345,1099,6,21,1099-06-21,2,-1.1095,1.089,1226.5,15.0,0.0,,,0.0,0.0,0.0,,,0.0,0.0,0.0,,,0.0,0.0,0.0,,,0.0,0.0,0.0,,,0.0,0.0,0.0,,,0.0,0.0,0.0,,,0.0,0.0,0.0,,,0.0,0.0,0.0,0.0,0.0
2122785.64164,1099,11,15,1099-11-15,2,-1.3496,1.3328,1226.5,15.0,0.0,,,0.0,0.0,0.0,,,0.0,0.0,0.0,,,0.0,0.0,0.0,,,0.0,0.0,0.0,,,0.0,0.0,0.0,,,0.0,0.0,0.0,,,0.0,0.0,0.0,,,0.0,0.0,0.0,0.0,0.0
2122815.19082,1099,12,14,1099-12-14,3,1.4539,1.3946,1226.5,15.0,0.0,,,0.0,0.0,0.0,,,0.0,0.0,0.0,,,0.0,0.0,0.0,,,0.0,0.0,0.0,,,0.0,0.0,0.0,,,0.0,0.0,0.0,,,0.0,0.0,0.0,,,0.0,0.0,0.0,0.0,0.0
2122963.61552,1100,5,11,1100-05-11,5,0.8096,0.7361,1222.9,15.0,0.0,,,0.0,0.0,0.0,,,0.0,0.0,0.0,,,0.0,0.0,0.0,,,0.0,0.0,0.0,,,0.0,0.0,0.0,,,0.0,0.0,0.0,,,0.0,0.0,0.0,,,0.0,0.0,0.0,0.0,0.0
2123140.24963,1100,11,3,1100-11-03,6,-0.6437,0.6569,1222.9,15.0,0.0,,,0.0,0.0,0.0,,,0.0,0.0,0.0,,,0.0,0.0,0.0,,,0.0,0.0,0.0,,,0.0,0.0,0.0,,,0.0,0.0,0.0,,,0.0,0.0,0.0,,,0.0,0.0,0.0,0.0,0.0
2123317.64516,1101,4,30,1101-04-30,2,0.0587,0.0527,1219.3,15.0,0.0,,,0.0,0.0,0.0,,,0.0,0.0,0.0,,,0.0,0.0,0.0,,,0.0,0.0,0.0,,,0.0,0.0,0.0,,,0.0,0.0,0.0,,,0.0,0.0,0.0,,,0.0,0.0,0.0,0.0,0.0
2123494.90623,1101,10,24,1101-10-24,4,0.0323,0.0325,1219.3,15.0,0.0,,,0.0,0.0,0.0,,,0.0,0.0,0.0,,,0.0,0.0,0.0,,,0.0,0.0,0.0,,,0.0,0.0,0.0,,,0.0,0.0,0.0,,,0.0,0.0,0.0,,,0.0,0.0,0.0,0.0,0.0
2123671.74596,1102,4,19,1102-04-19,6,-0.6912,0.6415,1215.7,15.0,0.0,,,0.0,0.0,0.0,,,0.0,0.0,0.0,,,0.0,0.0,0.0,,,0.0,0.0,0.0,,,0.0,0.0,0.0,,,0.0,0.0,0.0,,,0.0,0.0,0.0,,,0.0,0.0,0.0,0.0,0.0
2123849.41602,1102,10,13,1102-10-13,1,0.765,0.7328,1215.7,15.0,0.0,,,0.0,0.0,0.0,,,0.0,0.0,0.0,,,0.0,0.0,0.0,,,0.0,0.0,0.0,,,0.0,0.0,0.0,,,0.0,0.0,0.0,,,0.0,0.0,0.0,,,0.0,0.0,0.0,0.0,0.0
2123996.73651,1103,3,10,1103-03-10,2,1.2464,1.2515,1212.1,15.0,0.0,,,0.0,0.0,0.0,,,0.0,0.0,0.0,,,0.0,0.0,0.0,,,0.0,0.0,0.0,,,0.0,0.0,0.0,,,0.0,0.0,0.2776,1.2,04:26,0.2778,0.2771,0.0886,-0.4,04:12,0.0894,0.0849,0.0,0.0,0.0
2124026.13328,1103,4,8,1103-04-08,3,-1.3889,1.3615,1212.1,15.0,0.0,,,0.0,0.0,0.0,,,0.0,0.0,0.0,,,0.0,0.0,0.0,,,0.0,0.0,0.0,,,0.0,0.0,0.0,,,0.0,0.0,0.0,,,0.0,0.0,0.0,,,0.0,0.0,0.0,0.0,0.0
2124173.94303,1103,9,3,1103-09-03,4,-1.4095,1.2664,1212.1,15.0,0.0,,,0.0,0.0,0.0,,,0.0,0.0,0.0,,,0.0,0.0,0.0,,,0.0,0.0,0.0,,,0.0,0.0,0.0,,,0.0,0.0,0.0,,,0.0,0.0,0.0,,,0.0,0.0,0.0,0.0,0.0
2124203.63726,1103,10,3,1103-10-03,6,1.532,1.3951,1212.1,15.0,0.0,,,0.0,0.0,0.0,,,0.0,0.0,0.0,,,0.0,0.0,0.0,,,0.0,0.0,0.0,,,0.0,0.0,0.0,,,0.0,0.0,0.0,,,0.0,0.0,0.0,,,0.0,0.0,0.0,0.0,0.0
2124351.40743,1104,2,27,1104-02-27,6,0.5381,0.5492,1208.6,15.0,0.0,,,0.0,0.0,0.0,,,0.0,0.0,0.0,,,0.0,0.0,0.0,,,0.0,0.0,0.0,,,0.0,0.0,0.0,,,0.0,0.0,0.0,,,0.0,0.0,0.0,,,0.0,0.0,0.0,0.0,0.0
2124527.95163,1104,8,22,1104-08-22,1,-0.6773,0.6148,1208.6,15.0,0.0,,,0.0,0.0,0.0,,,0.0,0.0,0.0,,,0.0,0.0,0.0,,,0.0,0.0,0.0,,,0.0,0.0,0.0,,,0.0,0.0,0.0,,,0.0,0.0,0.0,,,0.0,0.0,0.0,0.0,0.0
2124706.04347,1105,2,16,1105-02-16,4,-0.1595,0.1581,1205.0,15.0,0.0,,,0.0,0.0,0.0,,,0.0,0.0,0.0,,,0.0,0.0,0.0,,,0.0,0.0,0.0,,,0.0,0.0,0.0,,,0.0,0.0,0.0,,,0.0,0.0,0.0553,17.6,14:24,0.0666,0.0438,0.0,0.0,0.0
2124882.17519,1105,8,11,1105-08-11,5,0.0984,0.0937,1205.0,15.0,0.0,,,0.0,0.0,0.0,,,0.0,0.0,0.0,,,0.0,0.0,0.0,,,0.0,0.0,0.0,,,0.0,0.0,0.0,,,0.0,0.0,0.0,,,0.0,0.0,0.0,,,0.0,0.0,0.0,0.0,0.0
2125060.457,1106,2,5,1106-02-05,1,-0.9104,0.8538,1201.5,15.0,0.0,,,0.0,0.0,0.0,,,0.0,0.0,0.0,,,0.0,0.0,0.0,,,0.0,0.0,0.0,,,0.0,0.0,0.0,,,0.0,0.0,0.0,,,0.0,0.0,0.0,,,0.0,0.0,0.0,0.0,0.0
2125236.70217,1106,8,1,1106-08-01,3,0.8347,0.8365,1201.5,15.0,0.0,,,0.0,0.0,0.0,,,0.0,0.0,0.0,,,0.0,0.0,0.0,,,0.0,0.0,0.0,,,0.0,0.0,0.0,,,0.0,0.0,0.4364,-0.6,03:05,0.4404,0.4259,0.019,-0.8,03:19,0.0502,0.0,0.0,0.0,0.0
2125384.76571,1106,12,27,1106-12-27,4,1.4022,1.2573,1201.5,15.0,0.0,,,0.0,0.0,0.0,,,0.0,0.0,0.0,,,0.0,0.0,0.0,,,0.0,0.0,0.0,,,0.0,0.0,0.0,,,0.0,0.0,0.0,,,0.0,0.0,0.0,,,0.0,0.0,0.0,0.0,0.0
2125562.11503,1107,6,22,1107-06-22,6,-0.9721,0.9828,1197.9,15.0,0.0,,,0.0,0.0,0.0,,,0.0,0.0,0.0,,,0.0,0.0,0.0,,,0.0,0.0,0.0,,,0.0,0.0,0.0,,,0.0,0.0,0.0,,,0.0,0.0,0.0,,,0.0,0.0,0.0,0.0,0.0
2125591.40088,1107,7,21,1107-07-21,0,1.5286,1.5595,1197.9,15.0,0.0,,,0.0,0.0,0.0,,,0.0,0.0,0.0,,,0.0,0.0,0.0,,,0.0,0.0,0.0,,,0.0,0.0,0.0,,,0.0,0.0,0.0,,,0.0,0.0,0.0,,,0.0,0.0,0.0,0.0,0.0
2125738.78447,1107,12,16,1107-12-16,1,0.6997,0.6456,1197.9,15.0,0.0,,,0.0,0.0,0.0,,,0.0,0.0,0.0,,,0.0,0.0,0.0,,,0.0,0.0,0.0,,,0.0,0.0,0.0,,,0.0,0.0,0.553,-0.9,05:27,0.6119,0.4694,0.5569,-0.8,04:57,0.5759,0.5218,0.0,0.0,0.0
2125916.71465,1108,6,11,1108-06-11,4,-0.2365,0.2286,1194.4,15.0,0.0,,,0.0,0.0,0.0,,,0.0,0.0,0.0,,,0.0,0.0,0.0,,,0.0,0.0,0.0,,,0.0,0.0,0.0,,,0.0,0.0,0.0,,,0.0,0.0,0.0,,,0.0,0.0,0.0,0.0,0.0
2126093.0848,1108,12,4,1108-12-04,5,-0.0246,0.024,1194.4,15.0,0.0,,,0.0,0.0,0.0,,,0.0,0.0,0.0,,,0.0,0.0,0.0,,,0.0,0.0,0.0,,,0.0,0.0,0.0,,,0.0,0.0,0.0,,,0.0,0.0,0.0,,,0.0,0.0,0.0,0.0,0.0
2126271.03718,1109,5,31,1109-05-31,1,0.5595,0.5132,1190.9,15.0,0.8681,58.0,12:55,0.8732,0.8635,0.9192,56.0,12:55,0.9238,0.9149,0.8473,59.3,12:51,0.853,0.8419,0.8728,57.6,12:55,0.8775,0.8685,0.8687,56.0,13:03,0.872,0.8658,0.4912,54.0,13:33,0.4942,0.4889,0.5426,36.8,14:01,0.551,0.5343,0.2815,32.5,14:15,0.2922,0.271,0.9192,0.9238,0.9149
2126447.65,1109,11,24,1109-11-24,3,-0.6969,0.7084,1190.9,15.0,0.0,,,0.0,0.0,0.0,,,0.0,0.0,0.0,,,0.0,0.0,0.0,,,0.0,0.0,0.0,,,0.0,0.0,0.0,,,0.0,0.0,0.0,,,0.0,0.0,0.0,,,0.0,0.0,0.0,0.0,0.0
2126595.4638,1110,4,20,1110-04-20,3,-1.5308,1.3817,1187.4,15.0,0.0,,,0.0,0.0,0.0,,,0.0,0.0,0.0,,,0.0,0.0,0.0,,,0.0,0.0,0.0,,,0.0,0.0,0.0,,,0.0,0.0,0.0,,,0.0,0.0,0.0,,,0.0,0.0,0.0,0.0,0.0
2126625.0988,1110,5,20,1110-05-20,5,1.3365,1.1984,1187.4,15.0,0.0,,,0.0,0.0,0.0,,,0.0,0.0,0.0,,,0.0,0.0,0.0,,,0.0,0.0,0.0,,,0.0,0.0,0.0,,,0.0,0.0,0.0,,,0.0,0.0,0.0,,,0.0,0.0,0.0,0.0,0.0
2126772.8593,1110,10,15,1110-10-15,6,1.3302,1.3236,1187.4,15.0,0.0,,,0.0,0.0,0.0,,,0.0,0.0,0.0,,,0.0,0.0,0.0,,,0.0,0.0,0.0,,,0.0,0.0,0.0,,,0.0,0.0,0.0,,,0.0,0.0,0.0,,,0.0,0.0,0.0,0.0,0.0
2126802.30709,1110,11,13,1110-11-13,0,-1.3563,1.3762,1187.4,15.0,0.0,,,0.0,0.0,0.0,,,0.0,0.0,0.0,,,0.0,0.0,0.0,,,0.0,0.0,0.0,,,0.0,0.0,0.0,,,0.0,0.0,0.0,,,0.0,0.0,0.0,,,0.0,0.0,0.0,0.0,0.0
2126949.63141,1111,4,10,1111-04-10,1,-0.7388,0.696,1183.9,15.0,0.0,,,0.0,0.0,0.0,,,0.0,0.0,0.0,,,0.0,0.0,0.0,,,0.0,0.0,0.0,,,0.0,0.0,0.0,,,0.0,0.0,0.0,,,0.0,0.0,0.0,,,0.0,0.0,0.0,0.0,0.0
2127127.30018,1111,10,4,1111-10-04,3,0.6698,0.6312,1183.9,15.0,0.0,,,0.0,0.0,0.0,,,0.0,0.0,0.0,,,0.0,0.0,0.0,,,0.0,0.0,0.0,,,0.0,0.0,0.0,,,0.0,0.0,0.0,,,0.0,0.0,0.0,,,0.0,0.0,0.0,0.0,0.0
2127304.09543,1112,3,29,1112-03-29,5,0.0376,0.0374,1180.5,15.0,0.1741,31.1,15:17,0.1827,0.1653,0.1217,30.0,15:15,0.1297,0.1133,0.1928,32.6,15:15,0.2019,0.1833,0.1723,30.5,15:17,0.1805,0.1637,0.1895,28.1,15:19,0.1964,0.1821,0.653,22.4,15:33,0.657,0.6486,0.6996,9.0,15:39,0.7005,0.6982,1.0252,7.6,15:41,1.0256,0.9966,0.1928,0.2019,0.1833
2127481.44314,1112,9,22,1112-09-22,0,-0.0469,0.0423,1180.5,15.0,0.0,,,0.0,0.0,0.0,,,0.0,0.0,0.0,,,0.0,0.0,0.0,,,0.0,0.0,0.0,,,0.0,0.0,0.0,,,0.0,0.0,0.0,,,0.0,0.0,0.0,,,0.0,0.0,0.0,0.0,0.0
2127658.75731,1113,3,19,1113-03-19,3,0.7477,0.7633,1177.0,15.0,0.1766,-0.8,06:16,0.2379,0.0808,0.2571,-0.8,06:14,0.342,0.197,0.0533,-0.7,06:22,0.1505,0.0,0.2454,-0.8,06:12,0.332,0.1846,0.4599,-0.6,05:56,0.5137,0.4153,0.6501,1.4,05:16,0.6513,0.6493,0.7043,14.2,05:18,0.7102,0.6986,0.8325,13.0,05:02,0.8388,0.8267,0.2571,0.342,0.197
2127835.43223,1113,9,11,1113-09-11,4,-0.7658,0.6906,1177.0,15.0,0.0,,,0.0,0.0,0.0,,,0.0,0.0,0.0,,,0.0,0.0,0.0,,,0.0,0.0,0.0,,,0.0,0.0,0.0,,,0.0,0.0,0.0,,,0.0,0.0,0.0,,,0.0,0.0,0.0,0.0,0.0
2127983.97676,1114,2,7,1114-02-07,6,-1.2231,1.194,1173.6,15.0,0.0,,,0.0,0.0,0.0,,,0.0,0.0,0.0,,,0.0,0.0,0.0,,,0.0,0.0,0.0,,,0.0,0.0,0.0,,,0.0,0.0,0.0,,,0.0,0.0,0.0,,,0.0,0.0,0.0,0.0,0.0
2128013.42872,1114,3,8,1114-03-08,0,1.4648,1.4662,1173.6,15.0,0.0,,,0.0,0.0,0.0,,,0.0,0.0,0.0,,,0.0,0.0,0.0,,,0.0,0.0,0.0,,,0.0,0.0,0.0,,,0.0,0.0,0.0,,,0.0,0.0,0.0,,,0.0,0.0,0.0,0.0,0.0
2128160.1051,1114,8,2,1114-08-02,0,1.2647,1.2239,1173.6,15.0,0.0,,,0.0,0.0,0.0,,,0.0,0.0,0.0,,,0.0,0.0,0.0,,,0.0,0.0,0.0,,,0.0024,0.0,0.0,,,0.0079,0.0,0.1554,21.9,15:07,0.1665,0.144,0.0355,16.4,15:25,0.0466,0.0241,0.0,0.0,0.0
2128189.58157,1114,9,1,1114-09-01,2,-1.4528,1.3665,1173.6,15.0,0.0,,,0.0,0.0,0.0,,,0.0,0.0,0.0,,,0.0,0.0,0.0,,,0.0,0.0,0.0,,,0.0,0.0,0.0,,,0.0,0.0,0.0,,,0.0,0.0,0.0,,,0.0,0.0,0.0,0.0,0.0
2128338.30022,1115,1,27,1115-01-27,3,-0.5577,0.5153,1170.1,15.0,0.0,,,0.0,0.0,0.0,,,0.0,0.0,0.0,,,0.0,0.0,0.0,,,0.0,0.0,0.0,,,0.0,0.0,0.0,,,0.0,0.0,0.0,,,0.0,0.0,0.0,,,0.0,0.0,0.0,0.0,0.0
2128514.69965,1115,7,23,1115-07-23,5,0.4784,0.484,1170.1,15.0,0.0,,,0.0,0.0,0.0,,,0.0,0.0,0.0,,,0.0,0.0,0.0,,,0.0,0.0,0.0,,,0.0,0.0,0.0,,,0.0,0.0,0.8884,-0.6,02:55,0.8978,0.8501,0.3431,-0.6,03:13,0.4216,0.2875,0.0,0.0,0.0
2128692.33381,1116,1,16,1116-01-16,0,0.135,0.1211,1166.7,15.0,0.0,,,0.0,0.0,0.0,,,0.0,0.0,0.0,,,0.0,0.0,0.0,,,0.0,0.0,0.0,,,0.0,0.0,0.0,,,0.0,0.0,0.0,,,0.0,0.0,0.0,,,0.0,0.0,0.0,0.0,0.0
2128869.41399,1116,7,11,1116-07-11,2,-0.2597,0.264,1166.7,15.0,0.0,,,0.0,0.0,0.0,,,0.0,0.0,0.0,,,0.0,0.0,0.0,,,0.0,0.0,0.0,,,0.0,0.0,0.0,,,0.0,0.0,0.0,,,0.0,0.0,0.0,,,0.0,0.0,0.0,0.0,0.0
2129046.31844,1117,1,4,1117-01-04,4,0.812,0.7414,1163.3,15.0,0.0,,,0.0,0.0,0.0,,,0.0,0.0,0.0,,,0.0,0.0,0.0,,,0.0,0.0,0.0,,,0.0,0.0,0.0,,,0.0,0.0,0.0,,,0.0,0.0,0.0,,,0.0,0.0,0.0,0.0,0.0
2129224.05292,1117,7,1,1117-07-01,0,-1.0381,1.0156,1163.3,15.0,0.0,,,0.0,0.0,0.0,,,0.0,0.0,0.0,,,0.0,0.0,0.0,,,0.0,0.0,0.0,,,0.0,0.0,0.0,,,0.0,0.0,0.0,,,0.0,0.0,0.0,,,0.0,0.0,0.0,0.0,0.0
2129371.00268,1117,11,25,1117-11-25,0,-1.3506,1.3373,1163.3,15.0,0.0,,,0.0,0.0,0.0,,,0.0,0.0,0.0,,,0.0,0.0,0.0,,,0.0,0.0,0.0,,,0.0,0.0,0.0,,,0.0,0.0,0.0,,,0.0,0.0,0.0,,,0.0,0.0,0.0,0.0,0.0
2129400.54678,1117,12,25,1117-12-25,2,1.4471,1.3922,1163.3,15.0,0.0,,,0.0,0.0,0.0,,,0.0,0.0,0.0,,,0.0,0.0,0.0,,,0.0,0.0,0.0,,,0.0,0.0,0.0,,,0.0,0.0,0.0,,,0.0,0.0,0.0,,,0.0,0.0,0.0,0.0,0.0
2129548.89037,1118,5,22,1118-05-22,3,0.8924,0.8097,1159.9,15.0,0.6327,32.2,08:04,0.6418,0.6238,0.6618,32.6,08:08,0.6703,0.6533,0.6265,31.0,08:00,0.6359,0.6171,0.6307,32.7,08:04,0.6397,0.6215,0.6058,35.6,08:08,0.6147,0.597,0.236,45.4,07:54,0.2482,0.2241,0.0678,61.6,08:20,0.0777,0.0583,0.0,,,0.0,0.0,0.6618,0.6703,0.6533
2129725.61456,1118,11,15,1118-11-15,5,-0.6517,0.6654,1159.9,15.0,0.0,,,0.0,0.0,0.0,,,0.0,0.0,0.0,,,0.0,0.0,0.0,,,0.0,0.0,0.0,,,0.0,0.0,0.0,,,0.0,0.0,0.0,,,0.0,0.0,0.0,,,0.0,0.0,0.0,0.0,0.0
2129902.91859,1119,5,11,1119-05-11,0,0.138,0.124,1156.5,15.0,0.0168,39.9,09:11,0.0257,0.0077,0.0,,,0.0,0.0,0.0239,39.3,09:09,0.0333,0.0147,0.0186,40.5,09:13,0.0276,0.0097,0.0427,43.0,09:17,0.0513,0.034,0.4239,57.8,09:15,0.4352,0.4124,0.5733,68.4,09:47,0.5802,0.5659,0.8515,77.9,09:41,0.8603,0.8421,0.0239,0.0333,0.0147
2130080.26353,1119,11,4,1119-11-04,2,0.0189,0.019,1156.5,15.0,0.0,,,0.0,0.0,0.0,,,0.0,0.0,0.0,,,0.0,0.0,0.0,,,0.0,0.0,0.0,,,0.0,0.0,0.0,,,0.0,0.0,0.0,,,0.0,0.0,0.0,,,0.0,0.0,0.0,0.0,0.0
2130257.03715,1120,4,29,1120-04-29,4,-0.6205,0.5776,1153.1,15.0,0.0,,,0.0,0.0,0.0,,,0.0,0.0,0.0,,,0.0,0.0,0.0,,,0.0,0.0,0.0,,,0.0,0.0,0.0,,,0.0,0.0,0.0,,,0.0,0.0,0.0,,,0.0,0.0,0.0,0.0,0.0
2130434.75616,1120,10,24,1120-10-24,0,0.748,0.7144,1153.1,15.0,0.0,,,0.0,0.0,0.0,,,0.0,0.0,0.0,,,0.0,0.0,0.0,,,0.0,0.0,0.0,,,0.0,0.0,0.0,,,0.0,0.0,0.3831,-0.5,04:35,0.4347,0.3402,0.1978,-0.8,04:15,0.2114,0.1727,0.0,0.0,0.0
2130582.07033,1121,3,20,1121-03-20,0,1.2839,1.2918,1149.8,15.0,0.0,,,0.0,0.0,0.0,,,0.0,0.0,0.0,,,0.0,0.0,0.0,,,0.0,0.0,0.0,,,0.0,0.0,0.0,,,0.0,0.0,0.0,,,0.0,0.0,0.0,,,0.0,0.0,0.0,0.0,0.0
2130611.44658,1121,4,18,1121-04-18,1,-1.3275,1.3053,1149.8,15.0,0.0,,,0.0,0.0,0.0,,,0.0,0.0,0.0,,,0.0,0.0,0.0,,,0.0,0.0,0.0,,,0.0,0.0,0.0,,,0.0,0.0,0.0,,,0.0,0.0,0.0,,,0.0,0.0,0.0,0.0,0.0
2130759.23955,1121,9,13,1121-09-13,2,-1.4601,1.3108,1149.8,15.0,0.0,,,0.0,0.0,0.0,,,0.0,0.0,0.0,,,0.0,0.0,0.0,,,0.0,0.0,0.0,,,0.0,0.0,0.0,,,0.0,0.0,0.0,,,0.0,0.0,0.0,,,0.0,0.0,0.0,0.0,0.0
2130788.95573,1121,10,13,1121-10-13,4,1.5063,1.369,1149.8,15.0,0.0,,,0.0,0.0,0.0,,,0.0,0.0,0.0,,,0.0,0.0,0.0,,,0.0,0.0,0.0,,,0.0,0.0,0.0,,,0.0,0.0,0.0,,,0.0,0.0,0.0,,,0.0,0.0,0.0,0.0,0.0
2130936.75092,1122,3,10,1122-03-10,5,0.5728,0.5843,1146.4,15.0,0.0,,,0.0,0.0,0.0,,,0.0,0.0,0.0,,,0.0,0.0,0.0,,,0.0,0.0,0.0,,,0.0,0.0,0.2112,-0.6,05:22,0.2891,0.1552,0.486,5.8,04:50,0.4868,0.4853,0.6762,4.8,04:36,0.6768,0.6761,0.0,0.0,0.0
2131113.24712,1122,9,2,1122-09-02,6,-0.7329,0.6666,1146.4,15.0,0.0,,,0.0,0.0,0.0,,,0.0,0.0,0.0,,,0.0,0.0,0.0,,,0.0,0.0,0.0,,,0.0,0.0,0.0,,,0.0,0.0,0.0,,,0.0,0.0,0.0,,,0.0,0.0,0.0,0.0,0.0
2131291.38551,1123,2,27,1123-02-27,2,-0.1315,0.1299,1143.1,15.0,0.0,,,0.0,0.0,0.0,,,0.0,0.0,0.0,,,0.0,0.0,0.0,,,0.0,0.0,0.0,,,0.0,0.0,0.0,,,0.0,0.0,0.0,,,0.0,0.0,0.0,,,0.0,0.0,0.0,0.0,0.0
2131467.48322,1123,8,22,1123-08-22,3,0.0393,0.0375,1143.1,15.0,0.0,,,0.0,0.0,0.0,,,0.0,0.0,0.0,,,0.0,0.0,0.0,,,0.0,0.0,0.0,,,0.0,0.0,0.0,,,0.0,0.0,0.0,,,0.0,0.0,0.0,,,0.0,0.0,0.0,0.0,0.0
2131645.78884,1124,2,17,1124-02-17,0,-0.8891,0.8314,1139.7,15.0,0.0,,,0.0,0.0,0.0,,,0.0,0.0,0.0,,,0.0,0.0,0.0,,,0.0,0.0,0.0,,,0.0,0.0,0.0,,,0.0,0.0,0.0,,,0.0,0.0,0.0,,,0.0,0.0,0.0,0.0,0.0
2131822.01977,1124,8,11,1124-08-11,1,0.7714,0.7749,1139.7,15.0,0.7083,48.1,11:41,0.7148,0.7021,0.7598,46.2,11:41,0.766,0.7539,0.675,48.7,11:39,0.6814,0.6688,0.7213,48.1,11:43,0.7278,0.715,0.7521,48.4,11:49,0.7593,0.7451,0.5441,57.7,12:23,0.5575,0.5307,0.7053,45.2,12:49,0.7186,0.6916,0.5013,44.2,13:07,0.5167,0.4856,0.7598,0.766,0.7539
2131970.09803,1125,1,6,1125-01-06,2,1.4108,1.2656,1136.4,15.0,0.1232,9.8,14:40,0.1301,0.116,0.1413,8.1,14:38,0.1477,0.1346,0.12,11.2,14:38,0.1269,0.1128,0.1208,9.3,14:40,0.1278,0.1137,0.0998,7.4,14:44,0.1072,0.0923,0.0,,,0.0,0.0,0.0,,,0.0,0.0,0.0,,,0.0,0.0,0.1413,0.1477,0.1346
2132147.42355,1125,7,2,1125-07-02,4,-1.0468,1.0564,1136.4,15.0,0.0,,,0.0,0.0,0.0,,,0.0,0.0,0.0,,,0.0,0.0,0.0,,,0.0,0.0,0.0,,,0.0,0.0,0.0,,,0.0,0.0,0.0,,,0.0,0.0,0.0,,,0.0,0.0,0.0,0.0,0.0
2132176.71867,1125,8,1,1125-08-01,6,1.4666,1.4958,1136.4,15.0,0.0,,,0.0,0.0,0.0,,,0.0,0.0,0.0,,,0.0,0.0,0.0,,,0.0,0.0,0.0,,,0.0,0.0,0.0,,,0.0,0.0,0.0,,,0.0,0.0,0.0,,,0.0,0.0,0.0,0.0,0.0
2132324.12862,1125,12,26,1125-12-26,6,0.703,0.6502,1136.4,15.0,0.614,3.3,15:36,0.6215,0.6067,0.5949,2.1,15:32,0.602,0.588,0.6174,4.6,15:36,0.6249,0.61,0.6166,2.7,15:36,0.624,0.6091,0.6385,0.4,15:40,0.6464,0.6308,0.767,-0.8,15:52,0.8265,0.6807,0.0,,,0.0,0.0,0.0,,,0.0,0.0,0.6174,0.6249,0.61
2132502.00872,1126,6,22,1126-06-22,2,-0.3161,0.3045,1133.1,15.0,0.0,,,0.0,0.0,0.0,,,0.0,0.0,0.0,,,0.0,0.0,0.0,,,0.0,0.0,0.0,,,0.0,0.0,0.0,,,0.0,0.0,0.0,,,0.0,0.0,0.0552,52.1,12:49,0.0663,0.0437,0.0,0.0,0.0
2132678.44552,1126,12,15,1126-12-15,3,-0.0228,0.0223,1133.1,15.0,0.0,,,0.0,0.0,0.0,,,0.0,0.0,0.0,,,0.0,0.0,0.0,,,0.0,0.0,0.0,,,0.0,0.0,0.0,,,0.0,0.0,0.0,,,0.0,0.0,0.0,,,0.0,0.0,0.0,0.0,0.0
2132856.31166,1127,6,11,1127-06-11,6,0.4755,0.4349,1129.8,15.0,0.4458,4.0,20:17,0.4538,0.4377,0.4208,5.3,20:15,0.4286,0.4129,0.4672,3.8,20:19,0.4754,0.4589,0.4357,3.7,20:17,0.4438,0.4277,0.4056,2.5,20:13,0.4135,0.3981,0.0,,,0.0,0.0,0.0,,,0.0,0.0,0.0,,,0.0,0.0,0.4672,0.4754,0.4589
2133033.01868,1127,12,5,1127-12-05,1,-0.6927,0.705,1129.8,15.0,0.0,,,0.0,0.0,0.0,,,0.0,0.0,0.0,,,0.0,0.0,0.0,,,0.0,0.0,0.0,,,0.0,0.0,0.0,,,0.0,0.0,0.0,,,0.0,0.0,0.0,,,0.0,0.0,0.0,0.0,0.0
2133210.36512,1128,5,30,1128-05-30,3,1.2508,1.1217,1126.5,15.0,0.0,,,0.0,0.0,0.0566,-0.8,21:05,0.1015,0.0251,0.0,,,0.0,0.0,0.0,,,0.0,0.0,0.0,,,0.0,0.0,0.0,,,0.0,0.0,0.0,,,0.0,0.0,0.0,,,0.0,0.0,0.0566,0.1015,0.0251
2133358.21048,1128,10,25,1128-10-25,4,1.351,1.341,1126.5,15.0,0.311,-0.8,16:52,0.3262,0.2912,0.302,-0.7,16:44,0.3273,0.2758,0.3209,-0.7,17:00,0.3239,0.3114,0.2963,-0.9,16:48,0.3151,0.2591,0.1563,-0.8,16:30,0.198,0.0907,0.0,,,0.0,0.0,0.0,,,0.0,0.0,0.0,,,0.0,0.0,0.3209,0.3273,0.3114
2133387.67313,1128,11,24,1128-11-24,6,-1.3527,1.3707,1126.5,15.0,0.0,,,0.0,0.0,0.0,,,0.0,0.0,0.0,,,0.0,0.0,0.0,,,0.0,0.0,0.0,,,0.0,0.0,0.0,,,0.0,0.0,0.0,,,0.0,0.0,0.0,,,0.0,0.0,0.0,0.0,0.0
2133534.93116,1129,4,20,1129-04-20,6,-0.8005,0.7567,1123.2,15.0,0.0,,,0.0,0.0,0.0,,,0.0,0.0,0.0,,,0.0,0.0,0.0,,,0.0,0.0,0.0,,,0.0,0.0,0.0,,,0.0,0.0,0.0,,,0.0,0.0,0.0,,,0.0,0.0,0.0,0.0,0.0
2133712.63082,1129,10,15,1129-10-15,2,0.6983,0.6561,1123.2,15.0,0.0,,,0.0,0.0,0.0,,,0.0,0.0,0.0,,,0.0,0.0,0.0,,,0.0,0.0,0.0,,,0.0,0.0,0.0,,,0.0,0.0,0.0,,,0.0,0.0,0.0,,,0.0,0.0,0.0,0.0,0.0
2133889.41742,1130,4,9,1130-04-09,3,-0.0163,0.0163,1119.9,15.0,0.0,,,0.0,0.0,0.0,,,0.0,0.0,0.0,,,0.0,0.0,0.0,,,0.0,0.0,0.0,,,0.0,0.0,0.0,,,0.0,0.0,0.0,,,0.0,0.0,0.0,,,0.0,0.0,0.0,0.0,0.0
2134066.75239,1130,10,4,1130-10-04,6,-0.008,0.0072,1119.9,15.0,0.0,,,0.0,0.0,0.0,,,0.0,0.0,0.0,,,0.0,0.0,0.0,,,0.0,0.0,0.0,,,0.0,0.0,0.0,,,0.0,0.0,0.4726,-0.7,04:10,0.5058,0.415,0.7372,-0.6,04:00,0.8103,0.6848,0.0,0.0,0.0
2134244.0914,1131,3,30,1131-03-30,1,0.7016,0.7162,1116.7,15.0,0.6252,33.3,14:59,0.6354,0.6159,0.6777,31.6,15:01,0.6872,0.669,0.6079,34.6,14:59,0.6185,0.5975,0.6266,32.5,15:01,0.636,0.6171,0.6062,29.9,15:05,0.6145,0.5982,0.1243,24.8,15:21,0.1297,0.1195,0.0687,10.4,15:33,0.0699,0.0681,0.0,,,0.0,0.0,0.6777,0.6872,0.669
2134420.73585,1131,9,23,1131-09-23,3,-0.7188,0.6491,1116.7,15.0,0.0,,,0.0,0.0,0.0,,,0.0,0.0,0.0,,,0.0,0.0,0.0,,,0.0,0.0,0.0,,,0.0,0.0,0.0,,,0.0,0.0,0.0,,,0.0,0.0,0.0,,,0.0,0.0,0.0,0.0,0.0
2134569.32042,1132,2,18,1132-02-18,4,-1.2494,1.216,1113.4,15.0,0.0,,,0.0,0.0,0.0,,,0.0,0.0,0.0,,,0.0,0.0,0.0,,,0.0,0.0,0.0,,,0.0,0.0,0.0,,,0.0,0.0,0.0,,,0.0,0.0,0.0,,,0.0,0.0,0.0,0.0,0.0
2134598.76345,1132,3,19,1132-03-19,6,1.4295,1.4273,1113.4,15.0,0.0437,-0.6,06:16,0.0956,0.0044,0.1141,-0.9,06:12,0.1413,0.0645,0.0,,,0.0224,0.0,0.085,-0.6,06:12,0.1294,0.05,0.1853,-0.8,05:54,0.1906,0.166,0.0935,3.0,05:24,0.095,0.0917,0.033,15.0,05:22,0.0391,0.0264,0.0,,,0.0,0.0,0.1141,0.1413,0.0645
2134745.41322,1132,8,12,1132-08-12,5,1.3222,1.2839,1113.4,15.0,0.0,,,0.0,0.0,0.0,,,0.0,0.0,0.0,,,0.0,0.0,0.0,,,0.0,0.0,0.0,,,0.0,0.0,0.0,,,0.0,0.0,0.0,,,0.0,0.0,0.0,,,0.0,0.0,0.0,0.0,0.0
2134774.89509,1132,9,11,1132-09-11,0,-1.4007,1.3218,1113.4,15.0,0.0,,,0.0,0.0,0.0,,,0.0,0.0,0.0,,,0.0,0.0,0.0,,,0.0,0.0,0.0,,,0.0,0.0,0.0,,,0.0,0.0,0.0,,,0.0,0.0,0.0,,,0.0,0.0,0.0,0.0,0.0
2134923.63191,1133,2,7,1133-02-07,2,-0.5794,0.5339,1110.2,15.0,0.0,,,0.0,0.0,0.0,,,0.0,0.0,0.0,,,0.0,0.0,0.0,,,0.0,0.0,0.0,,,0.0,0.0,0.0,,,0.0,0.0,0.0,,,0.0,0.0,0.0,,,0.0,0.0,0.0,0.0,0.0
2135100.01665,1133,8,2,1133-08-02,3,0.5425,0.5498,1110.2,15.0,0.9628,49.9,11:25,0.9717,0.9534,1.064,48.2,11:25,1.0641,1.064,0.9247,50.4,11:23,0.9349,0.9147,0.9784,49.9,11:25,0.9893,0.9679,1.0645,50.7,11:31,1.0646,1.0645,0.8797,62.2,12:05,0.8989,0.8605,0.9449,51.1,12:27,0.9642,0.9247,0.9587,50.1,12:47,0.9806,0.9378,1.064,1.0641,1.064
2135277.65912,1134,1,27,1134-01-27,6,0.117,0.1049,1106.9,15.0,0.0,,,0.0,0.0,0.0,,,0.0,0.0,0.0,,,0.0,0.0,0.0,,,0.0,0.0,0.0,,,0.0,0.0,0.0,,,0.0,0.0,0.0,,,0.0,0.0,0.0,,,0.0,0.0,0.0,0.0,0.0
2135454.72848,1134,7,23,1134-07-23,1,-0.1913,0.1942,1106.9,15.0,0.0,,,0.0,0.0,0.0,,,0.0,0.0,0.0,,,0.0,0.0,0.0,,,0.0,0.0,0.0,,,0.0,0.0,0.0,,,0.0,0.0,0.0,,,0.0,0.0,0.259,3.4,03:34,0.2712,0.2465,0.0,0.0,0.0
2135631.65482,1135,1,16,1135-01-16,3,0.7995,0.7315,1103.7,15.0,0.0,,,0.0,0.0,0.0,,,0.0,0.0,0.0,,,0.0,0.0,0.0,,,0.0,0.0,0.0,,,0.0,0.0,0.0,,,0.0,0.0,0.0,,,0.0,0.0,0.0,,,0.0,0.0,0.0,0.0,0.0
2135809.35317,1135,7,12,1135-07-12,5,-0.9681,0.944,1103.7,15.0,0.0,,,0.0,0.0,0.0,,,0.0,0.0,0.0,,,0.0,0.0,0.0,,,0.0,0.0,0.0,,,0.0,0.0,0.0,,,0.0,0.0,0.0,,,0.0,0.0,0.0,,,0.0,0.0,0.0,0.0,0.0
2135956.36573,1135,12,6,1135-12-06,5,-1.3502,1.3402,1103.7,15.0,0.0,,,0.0,0.0,0.0,,,0.0,0.0,0.0,,,0.0,0.0,0.0,,,0.0,0.0,0.0,,,0.0,0.0,0.0,,,0.0,0.0,0.0,,,0.0,0.0,0.0,,,0.0,0.0,0.0,0.0,0.0
2135985.90188,1136,1,5,1136-01-05,0,1.4385,1.3879,1100.5,15.0,0.1461,0.5,08:56,0.15,0.1417,0.1596,-0.2,09:00,0.1633,0.1555,0.1337,0.3,08:54,0.1382,0.129,0.1512,1.0,08:58,0.1551,0.1473,0.1647,2.7,09:00,0.1675,0.1617,0.068,18.5,08:58,0.068,0.0676,0.0113,26.1,09:20,0.0183,0.0036,0.0,,,0.0,0.0,0.1596,0.1633,0.1555
2136134.16161,1136,6,1,1136-06-01,1,0.9787,0.8863,1100.5,15.0,0.3941,33.4,16:40,0.4029,0.3852,0.4304,33.6,16:36,0.4387,0.422,0.3662,34.0,16:42,0.3754,0.3569,0.4065,32.8,16:40,0.4153,0.3976,0.4417,30.1,16:42,0.4506,0.4327,0.3353,14.8,17:08,0.3461,0.3243,0.4556,3.7,17:04,0.465,0.4459,0.2429,-0.8,17:00,0.2532,0.2162,0.4304,0.4387,0.422
2136310.98252,1136,11,25,1136-11-25,3,-0.656,0.6702,1100.5,15.0,0.0,,,0.0,0.0,0.0,,,0.0,0.0,0.0,,,0.0,0.0,0.0,,,0.0,0.0,0.0,,,0.0,0.0,0.0,,,0.0,0.0,0.0,,,0.0,0.0,0.0,,,0.0,0.0,0.0,0.0,0.0
2136488.18763,1137,5,21,1137-05-21,5,0.223,0.2006,1097.3,15.0,0.227,26.6,17:17,0.2349,0.219,0.1904,26.7,17:15,0.1978,0.1829,0.2541,27.1,17:19,0.2622,0.246,0.2153,26.0,17:17,0.2232,0.2073,0.1833,23.3,17:19,0.1912,0.1754,0.3118,8.4,17:37,0.3216,0.3021,0.1886,-0.8,17:23,0.2067,0.1577,0.0,,,0.0496,0.0,0.2541,0.2622,0.246
2136665.62511,1137,11,15,1137-11-15,1,0.0113,0.0113,1097.3,15.0,0.0,,,0.0,0.0,0.0,,,0.0,0.0,0.0,,,0.0,0.0,0.0,,,0.0,0.0,0.0,,,0.0,0.0,0.0,,,0.0,0.0,0.0,,,0.0,0.0,0.0,,,0.0,0.0,0.0,0.0,0.0
2136842.32511,1138,5,10,1138-05-10,2,-0.5446,0.5086,1094.1,15.0,0.0,,,0.0,0.0,0.0,,,0.0,0.0,0.0,,,0.0,0.0,0.0,,,0.0,0.0,0.0,,,0.0,0.0,0.0,,,0.0,0.0,0.0,,,0.0,0.0,0.0,,,0.0,0.0,0.0,0.0,0.0
2137020.10029,1138,11,4,1138-11-04,5,0.7364,0.7012,1094.1,15.0,0.5857,13.1,14:22,0.586,0.5855,0.5703,11.5,14:20,0.5705,0.5702,0.5942,14.4,14:22,0.5945,0.5942,0.5832,12.6,14:22,0.5838,0.583,0.5836,10.4,14:28,0.5849,0.5824,0.79,7.6,15:04,0.7961,0.7837,0.611,-0.7,14:50,0.6988,0.549,0.6262,-0.9,15:06,0.6884,0.536,0.5942,0.5945,0.5942
2137167.39965,1139,3,31,1139-03-31,5,1.3272,1.3379,1090.9,15.0,0.0,,,0.0,0.0,0.0,,,0.0,0.0,0.0,,,0.0,0.0,0.0,,,0.0,0.0,0.0,,,0.0,0.0,0.0,,,0.0,0.0,0.0,,,0.0,0.0,0.0,,,0.0,0.0,0.0,0.0,0.0
2137196.75685,1139,4,30,1139-04-30,0,-1.2615,1.2441,1090.9,15.0,0.0,,,0.0,0.0,0.0,,,0.0,0.0,0.0,,,0.0,0.0,0.0,,,0.0,0.0,0.0,,,0.0,0.0,0.0,,,0.0,0.0,0.0,,,0.0,0.0,0.0,,,0.0,0.0,0.0,0.0,0.0
2137344.54186,1139,9,25,1139-09-25,1,-1.5037,1.3492,1090.9,15.0,0.0,,,0.0,0.0,0.0,,,0.0,0.0,0.0,,,0.0,0.0,0.0,,,0.0,0.0,0.0,,,0.0,0.0,0.0,,,0.0,0.0,0.0,,,0.0,0.0,0.0,,,0.0,0.0,0.0,0.0,0.0
2137374.27911,1139,10,24,1139-10-24,2,1.4862,1.3483,1090.9,15.0,0.0,,,0.0,0.0,0.0,,,0.0,0.0,0.0,,,0.0,0.0,0.0,,,0.0,0.0,0.0,,,0.0,0.0,0.0,,,0.0,0.0,0.0,,,0.0,0.0,0.0,,,0.0,0.0,0.0,0.0,0.0
2137522.0894,1140,3,20,1140-03-20,3,0.6136,0.6253,1087.8,15.0,0.9583,31.6,14:46,0.9664,0.952,0.9119,30.0,14:46,0.918,0.9043,0.9773,32.9,14:46,0.9832,0.9693,0.957,30.8,14:48,0.9623,0.9499,0.9703,28.5,14:52,0.9756,0.9642,0.6523,24.3,15:12,0.6567,0.6477,0.5915,10.6,15:22,0.5925,0.5909,0.2795,9.4,15:28,0.2799,0.2794,0.9773,0.9832,0.9693
2137698.54872,1140,9,13,1140-09-13,5,-0.7819,0.7127,1087.8,15.0,0.0,,,0.0,0.0,0.0,,,0.0,0.0,0.0,,,0.0,0.0,0.0,,,0.0,0.0,0.0,,,0.0,0.0,0.0,,,0.0,0.0,0.0,,,0.0,0.0,0.0,,,0.0,0.0,0.0,0.0,0.0
2137876.722,1141,3,10,1141-03-10,1,-0.0973,0.0958,1084.6,15.0,0.0,,,0.0,0.0,0.0,,,0.0,0.0,0.0,,,0.0,0.0,0.0,,,0.0,0.0,0.0,,,0.0,0.0,0.0,,,0.0,0.0,0.0,,,0.0,0.0,0.0,,,0.0,0.0,0.0,0.0,0.0
2138052.79741,1141,9,2,1141-09-02,2,-0.0133,0.0128,1084.6,15.0,0.0,,,0.0,0.0,0.0,,,0.0,0.0,0.0,,,0.0,0.0,0.0,,,0.0,0.0,0.0,,,0.0,0.0,0.2285,4.7,05:12,0.231,0.2258,0.2709,17.5,05:14,0.271,0.2706,0.5651,18.1,05:08,0.5652,0.5648,0.0,0.0,0.0
2138231.11449,1142,2,27,1142-02-27,5,-0.8613,0.803,1081.5,15.0,0.0,,,0.0,0.0,0.0,,,0.0,0.0,0.0,,,0.0,0.0,0.0,,,0.0,0.0,0.0,,,0.0,0.0,0.0,,,0.0,0.0,0.0,,,0.0,0.0,0.0,,,0.0,0.0,0.0,0.0,0.0
2138407.343,1142,8,22,1142-08-22,6,0.7145,0.7193,1081.5,15.0,0.0,,,0.0,0.0,0.0,,,0.0095,0.0,0.0,,,0.0,0.0,0.0,,,0.0,0.0,0.0,,,0.0,0.0,0.0,,,0.0,0.0,0.0,,,0.0,0.0,0.0,,,0.0,0.0,0.0,0.0095,0.0
2138555.42812,1143,1,17,1143-01-17,0,1.4217,1.2759,1078.3,15.0,0.0,,,0.0,0.0,0.0,,,0.0,0.0,0.0,,,0.0,0.0,0.0,,,0.0,0.0,0.0,,,0.0,0.0,0.0,,,0.0,0.0,0.0,,,0.0,0.0,0.0,,,0.0,0.0,0.0,0.0,0.0
2138732.73346,1143,7,14,1143-07-14,3,-1.1193,1.1273,1078.3,15.0,0.0,,,0.0,0.0,0.0,,,0.0,0.0,0.0,,,0.0,0.0,0.0,,,0.0,0.0,0.0,,,0.0,0.0,0.0,,,0.0,0.0,0.0,,,0.0,0.0,0.0,,,0.0,0.0,0.0,0.0,0.0
2138762.03992,1143,8,12,1143-08-12,4,1.4088,1.4361,1078.3,15.0,0.0,,,0.0,0.0,0.0,,,0.0,0.0,0.0,,,0.0,0.0,0.0,,,0.0,0.0,0.0,,,0.0,0.0,0.0,,,0.0,0.0,0.0,,,0.0,0.0,0.0,,,0.0,0.0,0.0,0.0,0.0
2138909.472,1144,1,6,1144-01-06,4,0.7077,0.6563,1075.2,15.0,0.0,,,0.0,0.0,0.0,,,0.0,0.0,0.0,,,0.0,0.0,0.0,,,0.0,0.0,0.0,,,0.0,0.0,0.0,,,0.0,0.0,0.0,,,0.0,0.0,0.0,,,0.0,0.0,0.0,0.0,0.0
2139087.30259,1144,7,2,1144-07-02,0,-0.3949,0.379,1075.2,15.0,0.0,,,0.0,0.0,0.0,,,0.0,0.0,0.0,,,0.0,0.0,0.0,,,0.0,0.0,0.0,,,0.0,0.0,0.0,,,0.0,0.0,0.0,,,0.0,0.0,0.0,,,0.0,0.0,0.0,0.0,0.0
2139263.80586,1144,12,26,1144-12-26,2,-0.0197,0.0193,1075.2,15.0,0.0,,,0.0,0.0,0.0,,,0.0,0.0,0.0,,,0.0,0.0,0.0,,,0.0,0.0,0.0,,,0.0,0.0,0.0,,,0.0,0.0,0.0,,,0.0,0.0,0.0,,,0.0,0.0,0.0,0.0,0.0
2139441.58514,1145,6,22,1145-06-22,5,0.3907,0.3565,1072.1,15.0,0.0,,,0.0,0.0,0.0,,,0.0,0.0,0.0,,,0.0,0.0,0.0,,,0.0,0.0,0.0,,,0.0,0.0,0.0,,,0.0,0.0,0.0,,,0.0,0.0,0.0,,,0.0,0.0,0.0,0.0,0.0
2139618.38794,1145,12,15,1145-12-15,6,-0.6892,0.702,1072.1,15.0,0.0,,,0.0,0.0,0.0,,,0.0,0.0,0.0,,,0.0,0.0,0.0,,,0.0,0.0,0.0,,,0.0,0.0,0.0,,,0.0,0.0,0.0,,,0.0,0.0,0.0,,,0.0,0.0,0.0,0.0,0.0
2139795.63127,1146,6,11,1146-06-11,2,1.1641,1.0444,1069.0,15.0,0.0,,,0.0,0.0,0.0,,,0.0,0.0,0.0,,,0.0,0.0,0.0,,,0.0,0.0,0.0,,,0.0,0.0,0.0,,,0.0,0.0,0.0357,-0.9,02:29,0.0781,0.0,0.0,,,0.0,0.0,0.0,0.0,0.0
2139943.56505,1146,11,6,1146-11-06,3,1.3674,1.3539,1069.0,15.0,0.0,,,0.0,0.0,0.0,,,0.0,0.0,0.0,,,0.0,0.0,0.0,,,0.0,0.0,0.0,,,0.0,0.0,0.0,,,0.0,0.0,0.0,,,0.0,0.0,0.0,,,0.0,0.0,0.0,0.0,0.0
2139973.04001,1146,12,5,1146-12-05,4,-1.3506,1.3665,1069.0,15.0,0.0,,,0.0,0.0,0.0,,,0.0,0.0,0.0,,,0.0,0.0,0.0,,,0.0,0.0,0.0,,,0.0,0.0,0.0,,,0.0,0.0,0.0,,,0.0,0.0,0.0,,,0.0,0.0,0.0,0.0,0.0
2140120.22816,1147,5,1,1147-05-01,4,-0.8662,0.8215,1065.9,15.0,0.0,,,0.0,0.0,0.0,,,0.0,0.0,0.0,,,0.0,0.0,0.0,,,0.0,0.0,0.0,,,0.0,0.0,0.0,,,0.0,0.0,0.0,,,0.0,0.0,0.0,,,0.0,0.0,0.0,0.0,0.0
2140297.96592,1147,10,26,1147-10-26,0,0.7207,0.6752,1065.9,15.0,0.8758,13.6,09:35,0.8893,0.8641,0.9157,12.2,09:35,0.9264,0.9032,0.8433,13.7,09:33,0.8561,0.8305,0.8922,13.8,09:35,0.9039,0.879,0.9402,15.2,09:39,0.952,0.9274,0.8952,32.1,09:57,0.9136,0.8767,0.8423,33.9,10:25,0.8586,0.8264,0.9595,42.4,10:41,0.9596,0.9422,0.9157,0.9264,0.9032
2140474.73461,1148,4,20,1148-04-20,2,-0.0769,0.0768,1062.8,15.0,0.0,,,0.0,0.0,0.0,,,0.0,0.0,0.0,,,0.0,0.0,0.0,,,0.0,0.0,0.0,,,0.0,0.0,0.0,,,0.0,0.0,0.0,,,0.0,0.0,0.0,,,0.0,0.0,0.0,0.0,0.0
2140652.06797,1148,10,14,1148-10-14,4,0.023,0.0207,1062.8,15.0,0.0,,,0.0,0.0,0.0,,,0.0,0.0,0.0,,,0.0,0.0,0.0,,,0.0,0.0,0.0,,,0.0,0.0,0.0,,,0.0,0.0,0.0,,,0.0,0.0,0.0,,,0.0,0.0,0.0,0.0,0.0
2140829.41947,1149,4,9,1149-04-09,6,0.6482,0.6616,1059.7,15.0,0.0,,,0.0,0.0,0.0,,,0.0,0.0,0.0,,,0.0,0.0,0.0,,,0.0,0.0,0.0,,,0.0,0.0,0.0,,,0.0,0.0,0.0,,,0.0,0.0,0.0,,,0.0,0.0,0.0,0.0,0.0
2141006.04718,1149,10,3,1149-10-03,1,-0.6803,0.6153,1059.7,15.0,0.0,,,0.0,0.0,0.0,,,0.0,0.0,0.0,,,0.0,0.0,0.0,,,0.0,0.0,0.0,,,0.0,0.0,0.0,,,0.0,0.0,0.0,,,0.0,0.0,0.0,,,0.0,0.0,0.0,0.0,0.0
2141154.65717,1150,3,1,1150-03-01,3,-1.2834,1.2451,1056.6,15.0,0.0,,,0.0,0.0,0.0,,,0.0,0.0,0.0,,,0.0,0.0,0.0,,,0.0,0.0,0.0,,,0.0,0.0,0.0,,,0.0,0.0,0.0,,,0.0,0.0,0.0,,,0.0,0.0,0.0,0.0,0.0
2141184.0914,1150,3,30,1150-03-30,4,1.3869,1.3811,1056.6,15.0,0.0,,,0.0,0.0,0.0,,,0.0,0.0,0.0,,,0.0,0.0,0.0,,,0.0,0.0,0.0,,,0.0,0.0,0.0,,,0.0,0.0,0.0,,,0.0,0.0,0.0,,,0.0,0.0,0.0,0.0,0.0
2141330.72793,1150,8,24,1150-08-24,4,1.3729,1.3376,1056.6,15.0,0.0,,,0.0,0.0,0.0,,,0.0,0.0,0.0,,,0.0,0.0,0.0,,,0.0,0.0,0.0,,,0.0,0.0,0.0,,,0.0,0.0,0.0,,,0.0,0.0,0.0,,,0.0,0.0,0.0,0.0,0.0
2141360.21647,1150,9,22,1150-09-22,5,-1.3569,1.2845,1056.6,15.0,0.0,,,0.0,0.0,0.0,,,0.0,0.0,0.0,,,0.0,0.0,0.0,,,0.0,0.0,0.0,,,0.0,0.0,0.0,,,0.0,0.0,0.0,,,0.0,0.0,0.0,,,0.0,0.0,0.0,0.0,0.0
2141508.95818,1151,2,18,1151-02-18,0,-0.607,0.5579,1053.6,15.0,0.0,,,0.0,0.0,0.0,,,0.0,0.0,0.0,,,0.0,0.0,0.0,,,0.0,0.0,0.0,,,0.0,0.0,0.0,,,0.0,0.0,0.0,,,0.0,0.0,0.0,,,0.0,0.0,0.0,0.0,0.0
2141685.33741,1151,8,13,1151-08-13,1,0.6027,0.6118,1053.6,15.0,0.2389,-0.8,19:48,0.2605,0.1944,0.2665,-0.7,19:52,0.2755,0.2515,0.2439,-0.8,19:50,0.2656,0.1991,0.2137,-0.7,19:44,0.2523,0.181,0.0609,-0.7,19:28,0.1287,0.012,0.0,,,0.0,0.0,0.0,,,0.0,0.0,0.0,,,0.0,0.0,0.2665,0.2755,0.2515
2141862.98106,1152,2,7,1152-02-07,4,0.095,0.0852,1050.5,15.0,0.0,,,0.0,0.0,0.0,,,0.0,0.0,0.0,,,0.0,0.0,0.0,,,0.0,0.0,0.0,,,0.0,0.0,0.0274,32.5,12:39,0.0459,0.009,0.2787,24.8,12:57,0.2952,0.2619,0.5107,31.2,12:57,0.5299,0.4912,0.0,0.0,0.0
2142040.04497,1152,8,2,1152-08-02,6,-0.1253,0.127,1050.5,15.0,0.0,,,0.0,0.0,0.0,,,0.0,0.0,0.0,,,0.0,0.0,0.0,,,0.0,0.0,0.0,,,0.0,0.0,0.0,,,0.0,0.0,0.0,,,0.0,0.0,0.0,,,0.0,0.0,0.0,0.0,0.0
2142216.98885,1153,1,26,1153-01-26,1,0.7837,0.7186,1047.5,15.0,0.7459,18.4,11:58,0.7557,0.7364,0.7362,16.5,12:00,0.7454,0.7272,0.7419,19.1,11:54,0.7517,0.7324,0.7515,18.2,12:00,0.7614,0.7419,0.7837,18.3,12:06,0.7943,0.7732,0.843,30.1,12:20,0.8605,0.8253,0.5931,23.3,12:44,0.6106,0.5758,0.3702,30.9,12:40,0.3907,0.3499,0.7515,0.7614,0.7419
2142394.6545,1153,7,23,1153-07-23,4,-0.8999,0.8746,1047.5,15.0,0.0,,,0.0,0.0,0.0,,,0.0,0.0,0.0,,,0.0,0.0,0.0,,,0.0,0.0,0.0,,,0.0,0.0,0.0,,,0.0,0.0,0.0,,,0.0,0.0,0.0,,,0.0,0.0,0.0,0.0,0.0
2142541.73036,1153,12,17,1153-12-17,4,-1.3486,1.3418,1047.5,15.0,0.0,,,0.0,0.0,0.0,,,0.0,0.0,0.0,,,0.0,0.0,0.0,,,0.0,0.0,0.0,,,0.0,0.0,0.0,,,0.0,0.0,0.0,,,0.0,0.0,0.0,,,0.0,0.0,0.0,0.0,0.0
2142571.25561,1154,1,15,1154-01-15,5,1.4276,1.3814,1044.5,15.0,0.0,,,0.0,0.0,0.0,,,0.0,0.0,0.0,,,0.0,0.0,0.0,,,0.0,0.0,0.0,,,0.0,0.0,0.0,,,0.0,0.0,0.0,,,0.0,0.0,0.0,,,0.0,0.0,0.0,0.0,0.0
2142719.43166,1154,6,12,1154-06-12,6,1.0654,0.9631,1044.5,15.0,0.0,,,0.0,0.0,0.0,,,0.0,0.0,0.0,,,0.0,0.0,0.0,,,0.0,0.0,0.0,,,0.0,0.0,0.0,,,0.0,0.0,0.0,,,0.0,0.0,0.0,,,0.0,0.0,0.0,0.0,0.0
2142896.35171,1154,12,6,1154-12-06,1,-0.6593,0.6737,1044.5,15.0,0.0,,,0.0,0.0,0.0,,,0.0,0.0,0.0,,,0.0,0.0,0.0,,,0.0,0.0,0.0,,,0.0,0.0,0.0,,,0.0,0.0,0.0,,,0.0,0.0,0.0,,,0.0,0.0,0.0,0.0,0.0
2143073.4566,1155,6,1,1155-06-01,3,0.3083,0.2777,1041.4,15.0,0.0,,,0.0,0.0,0.0,,,0.0,0.0,0.0,,,0.0,0.0,0.0,,,0.0,0.0,0.0,,,0.0,0.0,0.0,,,0.0,0.0,0.0,,,0.0,0.0,0.0,,,0.0,0.0,0.0,0.0,0.0
2143250.98852,1155,11,26,1155-11-26,6,0.0061,0.0061,1041.4,15.0,0.0,,,0.0,0.0,0.0,,,0.0,0.0,0.0,,,0.0,0.0,0.0,,,0.0,0.0,0.0,,,0.0,0.0,0.0,,,0.0,0.0,0.0,,,0.0,0.0,0.0,,,0.0,0.0,0.0,0.0,0.0
2143427.61141,1156,5,21,1156-05-21,1,-0.4656,0.4363,1038.4,15.0,0.0,,,0.0,0.0,0.0,,,0.0,0.0,0.0,,,0.0,0.0,0.0,,,0.0,0.0,0.0,,,0.0,0.0,0.0,,,0.0,0.0,0.0,,,0.0,0.0,0.0,,,0.0,0.0,0.0,0.0,0.0
2143605.44743,1156,11,14,1156-11-14,3,0.7289,0.692,1038.4,15.0,0.0,,,0.0,0.0,0.0,,,0.0,0.0,0.0,,,0.0,0.0,0.0,,,0.0,0.0,0.0,,,0.0,0.0,0.0,,,0.0,0.0,0.0,,,0.0,0.0,0.0,,,0.0,0.0,0.0,0.0,0.0
2143752.72419,1157,4,11,1157-04-11,4,1.3769,1.3904,1035.4,15.0,0.0,,,0.0,0.0,0.0,,,0.0386,0.0,0.0,,,0.0,0.0,0.0,,,0.0,0.0,0.0979,-0.7,04:57,0.1454,0.0612,0.0,,,0.002,0.0,0.0,,,0.0,0.0,0.0,,,0.0,0.0,0.0,0.0386,0.0
2143782.06437,1157,5,10,1157-05-10,5,-1.191,1.1781,1035.4,15.0,0.0,,,0.0,0.0,0.0,,,0.0,0.0,0.0,,,0.0,0.0,0.0,,,0.0,0.0,0.0,,,0.0,0.0,0.0,,,0.0,0.0,0.0,,,0.0,0.0,0.0,,,0.0,0.0,0.0,0.0,0.0
2143929.85064,1157,10,5,1157-10-05,6,-1.5395,1.3807,1035.4,15.0,0.0,,,0.0,0.0,0.0,,,0.0,0.0,0.0,,,0.0,0.0,0.0,,,0.0,0.0,0.0,,,0.0,0.0,0.0,,,0.0,0.0,0.0,,,0.0,0.0,0.0,,,0.0,0.0,0.0,0.0,0.0
2143959.60682,1157,11,4,1157-11-04,1,1.4712,1.3324,1035.4,15.0,0.0,,,0.0,0.0,0.0,,,0.0,0.0,0.0,,,0.0,0.0,0.0,,,0.0,0.0,0.0,,,0.0,0.0,0.0,,,0.0,0.0,0.0,,,0.0,0.0,0.0,,,0.0,0.0,0.0,0.0,0.0
2144107.42183,1158,3,31,1158-03-31,1,0.6617,0.6737,1032.4,15.0,0.0,,,0.0,0.0,0.0,,,0.0,0.0,0.0,,,0.0,0.0,0.0,,,0.0,0.0,0.0,,,0.0,0.0,0.0,,,0.0,0.0,0.0,,,0.0,0.0,0.0,,,0.0,0.0,0.0,0.0,0.0
2144283.85827,1158,9,24,1158-09-24,3,-0.8221,0.751,1032.4,15.0,0.0,,,0.0,0.0,0.0,,,0.0,0.0,0.0,,,0.0,0.0,0.0,,,0.0,0.0,0.0,,,0.0,0.0,0.0,,,0.0,0.0,0.0,,,0.0,0.0,0.0,,,0.0,0.0,0.0,0.0,0.0
2144462.05182,1159,3,21,1159-03-21,6,-0.0558,0.0548,1029.5,15.0,0.0,,,0.0,0.0,0.0,,,0.0,0.0,0.0,,,0.0,0.0,0.0,,,0.0,0.0,0.0,,,0.0,0.0,0.069,33.7,14:17,0.0761,0.0615,0.1639,20.6,14:29,0.1669,0.1606,0.468,20.7,14:35,0.4707,0.4647,0.0,0.0,0.0
2144638.1182,1159,9,13,1159-09-13,0,-0.0589,0.0566,1029.5,15.0,0.0,,,0.0,0.0,0.0,,,0.0,0.0,0.0,,,0.0,0.0,0.0,,,0.0,0.0,0.0,,,0.0,0.0,0.0,,,0.0,0.0,0.0,,,0.0,0.0,0.0,,,0.0,0.0,0.0,0.0,0.0
2144816.43302,1160,3,9,1160-03-09,3,-0.8259,0.7677,1026.5,15.0,0.0,,,0.0,0.0,0.0,,,0.0,0.0,0.0,,,0.0,0.0,0.0,,,0.0,0.0,0.0,,,0.0,0.0,0.0,,,0.0,0.0,0.0,,,0.0,0.0,0.0,,,0.0,0.0,0.0,0.0,0.0
2144992.67165,1160,9,2,1160-09-02,5,0.6636,0.6695,1026.5,15.0,0.0,,,0.0,0.0,0.0,,,0.0,0.0,0.0,,,0.0,0.0,0.0,,,0.0,0.0,0.0,,,0.0,0.0,0.0,,,0.0,0.0,0.0,,,0.0,0.0,0.0,,,0.0,0.0,0.0,0.0,0.0
2145140.7538,1161,1,28,1161-01-28,6,1.4377,1.2911,1023.5,15.0,0.0,,,0.0,0.0,0.0,,,0.0,0.0,0.0,,,0.0,0.0,0.0,,,0.0,0.0,0.0,,,0.0,0.0,0.0,,,0.0,0.0,0.0,,,0.0,0.0,0.0,,,0.0,0.0,0.0,0.0,0.0
2145318.04501,1161,7,24,1161-07-24,1,-1.1893,1.1953,1023.5,15.0,0.0,,,0.0,0.0,0.0,,,0.0,0.0,0.0,,,0.0,0.0,0.0,,,0.0,0.0,0.0,,,0.0,0.0,0.0,,,0.0,0.0,0.0,,,0.0,0.0,0.0,,,0.0,0.0,0.0,0.0,0.0
2145347.36564,1161,8,22,1161-08-22,2,1.3564,1.3817,1023.5,15.0,0.0,,,0.0,0.0,0.0,,,0.0,0.0,0.0,,,0.0,0.0,0.0,,,0.0,0.0,0.0,,,0.0,0.0,0.0,,,0.0,0.0,0.0,,,0.0,0.0,0.0,,,0.0,0.0,0.0,0.0,0.0
2145494.81357,1162,1,17,1162-01-17,3,0.7153,0.6651,1020.6,15.0,0.0,,,0.0,0.0,0.0,,,0.0,0.0,0.0,,,0.0,0.0,0.0,,,0.0,0.0,0.0,,,0.0,0.0,0.5363,-0.7,06:32,0.62,0.4773,0.7907,6.6,06:08,0.7989,0.7833,0.9428,10.6,05:58,0.9431,0.9424,0.0,0.0,0.0
2145672.59691,1162,7,14,1162-07-14,6,-0.4721,0.4516,1020.6,15.0,0.0,,,0.0,0.0,0.0,,,0.0,0.0,0.0,,,0.0,0.0,0.0,,,0.0,0.0,0.0,,,0.0,0.0,0.0,,,0.0,0.0,0.0,,,0.0,0.0,0.0,,,0.0,0.0,0.0,0.0,0.0
2145849.16569,1163,1,6,1163-01-06,0,-0.0154,0.0151,1017.6,15.0,0.0,,,0.0,0.0,0.0,,,0.0,0.0,0.0,,,0.0,0.0,0.0,,,0.0,0.0,0.0,,,0.0,0.0,0.0,,,0.0,0.0,0.0,,,0.0,0.0,0.0,,,0.0,0.0,0.0,0.0,0.0
2146026.8583,1163,7,3,1163-07-03,3,0.3061,0.2787,1017.6,15.0,0.3039,24.6,07:14,0.3125,0.2952,0.2743,25.4,07:18,0.2826,0.2661,0.3109,23.4,07:12,0.3198,0.302,0.3057,25.5,07:16,0.3144,0.297,0.3292,27.9,07:16,0.3378,0.3207,0.6957,34.9,07:02,0.7069,0.6843,0.8577,50.6,07:20,0.8672,0.848,0.8363,49.9,07:06,0.8482,0.8247,0.3109,0.3198,0.302
2146203.75777,1163,12,27,1163-12-27,5,-0.6863,0.6997,1017.6,15.0,0.0,,,0.0,0.0,0.0,,,0.0,0.0,0.0,,,0.0,0.0,0.0,,,0.0,0.0,0.0,,,0.0,0.0,0.0,,,0.0,0.0,0.0,,,0.0,0.0,0.0,,,0.0,0.0,0.0,0.0,0.0
2146380.89615,1164,6,21,1164-06-21,0,1.0753,0.9651,1014.7,15.0,0.2668,33.6,08:09,0.2764,0.2573,0.2961,34.0,08:13,0.3051,0.2871,0.261,32.3,08:05,0.2708,0.251,0.2643,34.1,08:09,0.2738,0.2547,0.238,37.0,08:13,0.2473,0.2287,0.0,,,0.0,0.0,0.0,,,0.0,0.0,0.0,,,0.0,0.0,0.2961,0.3051,0.2871
2146528.92335,1164,11,16,1164-11-16,1,1.379,1.3619,1014.7,15.0,0.0,,,0.0,0.0,0.0,,,0.0,0.0,0.0,,,0.0,0.0,0.0,,,0.0,0.0,0.0,,,0.0,0.0,0.0,,,0.0,0.0,0.0,,,0.0,0.0,0.0,,,0.0,0.0,0.0,0.0,0.0
2146558.40837,1164,12,15,1164-12-15,2,-1.3508,1.3645,1014.7,15.0,0.0,,,0.0,0.0,0.0,,,0.0,0.0,0.0,,,0.0,0.0,0.0,,,0.0,0.0,0.0,,,0.0,0.0,0.0,,,0.0,0.0,0.0,,,0.0,0.0,0.0,,,0.0,0.0,0.0,0.0,0.0
2146705.52277,1165,5,12,1165-05-12,3,-0.9353,0.8901,1011.7,15.0,0.0,,,0.0,0.0,0.0,,,0.0,0.0,0.0,,,0.0,0.0,0.0,,,0.0,0.0,0.0,,,0.0,0.0,0.0,,,0.0,0.0,0.0,,,0.0,0.0,0.0,,,0.0,0.0,0.0,0.0,0.0
2146883.30499,1165,11,5,1165-11-05,5,0.7377,0.6892,1011.7,15.0,0.0,,,0.0,0.0,0.0,,,0.0,0.0,0.0,,,0.0,0.0,0.0,,,0.0,0.0,0.0,,,0.0,0.0,0.0,,,0.0,0.0,0.0,,,0.0,0.0,0.0,,,0.0,0.0,0.0,0.0,0.0
2147060.04924,1166,5,1,1166-05-01,0,-0.141,0.1412,1008.8,15.0,0.0,,,0.0,0.0,0.0,,,0.0,0.0,0.0,,,0.0,0.0,0.0,,,0.0,0.0,0.0,,,0.0,0.0,0.2794,44.2,14:06,0.2822,0.2759,0.3057,29.7,14:20,0.3087,0.302,0.6211,27.6,14:26,0.6256,0.6163,0.0,0.0,0.0
2147237.38852,1166,10,25,1166-10-25,2,0.0477,0.0429,1008.8,15.0,0.0,,,0.0,0.0,0.0,,,0.0,0.0,0.0,,,0.0,0.0,0.0,,,0.0,0.0,0.0,,,0.0,0.0,0.0,,,0.0,0.0,0.0,,,0.0,0.0,0.0,,,0.0,0.0,0.0,0.0,0.0
2147414.7441,1167,4,21,1167-04-21,5,0.5907,0.6027,1005.9,15.0,0.2677,2.1,05:18,0.2698,0.2657,0.2612,3.4,05:22,0.2634,0.2593,0.2698,0.7,05:16,0.2718,0.2682,0.2681,2.7,05:18,0.2705,0.2659,0.2757,5.1,05:18,0.2788,0.2728,0.4165,7.0,04:54,0.4226,0.4107,0.532,19.1,04:54,0.5425,0.5219,0.6712,15.9,04:38,0.6822,0.6606,0.2698,0.2718,0.2682
2147591.36424,1167,10,14,1167-10-14,6,-0.6478,0.5868,1005.9,15.0,0.0,,,0.0,0.0,0.0,,,0.0,0.0,0.0,,,0.0,0.0,0.0,,,0.0,0.0,0.0,,,0.0,0.0,0.0,,,0.0,0.0,0.0,,,0.0,0.0,0.0,,,0.0,0.0,0.0,0.0,0.0
2147739.98825,1168,3,11,1168-03-11,1,-1.3232,1.2797,1003.0,15.0,0.0,,,0.0,0.0,0.0,,,0.0,0.0,0.0,,,0.0,0.0,0.0,,,0.0,0.0,0.0,,,0.0,0.0,0.0,,,0.0,0.0,0.0,,,0.0,0.0,0.0,,,0.0,0.0,0.0,0.0,0.0
2147769.41428,1168,4,9,1168-04-09,2,1.3391,1.3298,1003.0,15.0,0.0,,,0.0,0.0,0.0,,,0.0,0.0,0.0,,,0.0,0.0,0.0,,,0.0,0.0,0.0,,,0.0,0.0,0.0,,,0.0,0.0,0.0,,,0.0,0.0,0.0,,,0.0,0.0,0.0,0.0,0.0
2147916.04864,1168,9,3,1168-09-03,2,1.4175,1.3856,1003.0,15.0,0.0,,,0.0,0.0,0.0,,,0.0,0.0,0.0,,,0.0,0.0,0.0,,,0.0,0.0,0.0,,,0.0,0.0,0.0,,,0.0,0.0,0.0,,,0.0,0.0,0.0,,,0.0,0.0,0.0,0.0,0.0
2147945.54452,1168,10,3,1168-10-03,4,-1.3197,1.2533,1003.0,15.0,0.0,,,0.0,0.0,0.0,,,0.0,0.0,0.0,,,0.0,0.0,0.0,,,0.0,0.0,0.0,,,0.0,0.0,0.0,,,0.0,0.0,0.0,,,0.0,0.0,0.0,,,0.0,0.0,0.0,0.0,0.0
2148094.27674,1169,2,28,1169-02-28,5,-0.6431,0.5897,1000.1,15.0,0.0,,,0.0,0.0,0.0,,,0.0,0.0,0.0,,,0.0,0.0,0.0,,,0.0,0.0,0.0,,,0.0,0.0,0.0,,,0.0,0.0,0.0,,,0.0,0.0,0.0,,,0.0,0.0,0.0,0.0,0.0
2148270.66364,1169,8,24,1169-08-24,0,0.6566,0.6674,1000.1,15.0,0.0,,,0.0,0.0,0.0,,,0.0,0.0,0.0,,,0.0,0.0,0.0,,,0.0,0.0,0.0,,,0.0,0.0,0.0,,,0.0,0.0,0.0,,,0.0,0.0,0.0,,,0.0,0.0,0.0,0.0,0.0
2148448.29649,1170,2,17,1170-02-17,2,0.0651,0.0584,997.2,15.0,0.0,,,0.0,0.0,0.0,,,0.0,0.0,0.0,,,0.0,0.0,0.0,,,0.0,0.0,0.0,,,0.0,0.0,0.0,,,0.0,0.0,0.0,,,0.0,0.0,0.0,,,0.0,0.0,0.0,0.0,0.0
2148625.36564,1170,8,13,1170-08-13,4,-0.0647,0.0655,997.2,15.0,0.0,,,0.0,0.0,0.0,,,0.0,0.0,0.0,,,0.0,0.0,0.0,,,0.0,0.0,0.0,,,0.0,0.0,0.0,,,0.0,0.0,0.0,,,0.0,0.0,0.0,,,0.0,0.0,0.0,0.0,0.0
2148802.31824,1171,2,6,1171-02-06,6,0.7615,0.6999,994.4,15.0,0.0,,,0.0,0.0,0.0,,,0.0,0.0,0.0,,,0.0,0.0,0.0,,,0.0,0.0,0.0,,,0.0,0.0,0.0,,,0.0,0.0,0.0,,,0.0,0.0,0.0,,,0.0,0.0,0.0,0.0,0.0
2148979.95841,1171,8,3,1171-08-03,2,-0.8354,0.8092,994.4,15.0,0.0,,,0.0,0.0,0.0,,,0.0,0.0,0.0,,,0.0,0.0,0.0,,,0.0,0.0,0.0,,,0.0,0.0,0.0,,,0.0,0.0,0.0,,,0.0,0.0,0.0,,,0.0,0.0,0.0,0.0,0.0
2149127.09473,1171,12,28,1171-12-28,2,-1.3482,1.3445,994.4,15.0,0.0,,,0.0,0.0,0.0,,,0.0,0.0,0.0,,,0.0,0.0,0.0,,,0.0,0.0,0.0,,,0.0,0.0,0.0,,,0.0,0.0,0.0,,,0.0,0.0,0.0,,,0.0,0.0,0.0,0.0,0.0
2149156.60624,1172,1,27,1172-01-27,4,1.4123,1.3706,991.5,15.0,0.0,,,0.0,0.0,0.0,,,0.0,0.0,0.0,,,0.0,0.0,0.0,,,0.0,0.0,0.0,,,0.0,0.0,0.0,,,0.0,0.0,0.0,,,0.0,0.0,0.0,,,0.0,0.0,0.0,0.0,0.0
2149304.6996,1172,6,23,1172-06-23,5,1.1539,1.0414,991.5,15.0,0.1916,-0.7,03:54,0.2467,0.1534,0.3864,-0.8,03:38,0.4103,0.3652,0.0278,-0.7,04:06,0.0942,0.0,0.2561,-0.7,03:48,0.3031,0.2222,0.3777,-0.8,03:28,0.3836,0.3561,0.0,,,0.0,0.0,0.0,,,0.0,0.0,0.0,,,0.0,0.0,0.3864,0.4103,0.3652
2149481.72218,1172,12,17,1172-12-17,0,-0.6613,0.6758,991.5,15.0,0.0,,,0.0,0.0,0.0,,,0.0,0.0,0.0,,,0.0,0.0,0.0,,,0.0,0.0,0.0,,,0.0,0.0,0.0,,,0.0,0.0,0.0,,,0.0,0.0,0.0,,,0.0,0.0,0.0,0.0,0.0
2149658.72398,1173,6,12,1173-06-12,2,0.3963,0.3574,988.6,15.0,0.2118,0.9,04:06,0.2188,0.2048,0.1936,2.5,04:08,0.2005,0.187,0.215,-0.4,04:06,0.222,0.2079,0.2141,1.5,04:06,0.2211,0.207,0.2345,3.4,04:04,0.2418,0.2273,0.5062,0.6,03:42,0.5161,0.4963,0.6589,10.3,03:36,0.6699,0.6481,0.8599,4.8,03:24,0.8725,0.8483,0.215,0.222,0.2079
2149836.35373,1173,12,6,1173-12-06,4,0.0034,0.0034,988.6,15.0,0.0,,,0.0,0.0,0.0,,,0.0,0.0,0.0,,,0.0,0.0,0.0,,,0.0,0.0,0.0,,,0.0,0.0,0.0,,,0.0,0.0,0.0,,,0.0,0.0,0.0,,,0.0,0.0,0.0,0.0,0.0
2150012.89692,1174,6,1,1174-06-01,6,-0.3843,0.3613,985.8,15.0,0.0,,,0.0,0.0,0.0,,,0.0,0.0,0.0,,,0.0,0.0,0.0,,,0.0,0.0,0.0,,,0.0,0.0,0.0,,,0.0,0.0,0.0,,,0.0,0.0,0.0118,73.5,08:53,0.0176,0.0053,0.0,0.0,0.0
2150190.79746,1174,11,26,1174-11-26,2,0.7252,0.6865,985.8,15.0,0.0,,,0.0,0.0,0.0,,,0.0,0.0,0.0,,,0.0,0.0,0.0,,,0.0,0.0,0.0,,,0.0,0.0,0.1665,-0.8,06:21,0.2307,0.0754,0.9157,2.3,05:31,0.9271,0.9028,0.7001,6.7,05:23,0.7139,0.686,0.0,0.0,0.0
2150338.04501,1175,4,22,1175-04-22,2,1.4311,1.4476,982.9,15.0,0.0,,,0.0,0.0,0.0,,,0.0,0.0,0.0,,,0.0,0.0,0.0,,,0.0,0.0,0.0,,,0.0,0.0,0.0,,,0.0,0.0,0.0,,,0.0,0.0,0.0,,,0.0,0.0,0.0,0.0,0.0
2150367.37006,1175,5,21,1175-05-21,3,-1.1175,1.1085,982.9,15.0,0.0,,,0.0,0.0,0.0,,,0.0,0.0,0.0,,,0.0,0.0,0.0,,,0.0,0.0,0.0,,,0.0,0.0,0.0,,,0.0,0.0,0.0,,,0.0,0.0,0.0,,,0.0,0.0,0.0,0.0,0.0
2150544.93837,1175,11,15,1175-11-15,6,1.4608,1.3209,982.9,15.0,0.0,,,0.0,0.0,0.0,,,0.0,0.0,0.0,,,0.0,0.0,0.0,,,0.0,0.0,0.0,,,0.0,0.0,0.0,,,0.0,0.0,0.0,,,0.0,0.0,0.0,,,0.0,0.0,0.0,0.0,0.0
2150692.7497,1176,4,11,1176-04-11,0,0.7152,0.7273,980.1,15.0,0.5523,-0.7,05:19,0.5792,0.521,0.5617,-0.4,05:15,0.5639,0.5573,0.4696,-0.7,05:27,0.533,0.4197,0.5768,-0.9,05:13,0.5801,0.5526,0.5828,1.3,05:11,0.5854,0.5803,0.7866,3.5,04:49,0.7914,0.7822,0.8832,15.4,04:47,0.8911,0.8755,0.9786,12.3,04:31,0.9865,0.9701,0.5768,0.5801,0.5573
2150869.17451,1176,10,4,1176-10-04,1,-0.8549,0.7828,980.1,15.0,0.0,,,0.0,0.0,0.0,,,0.0,0.0,0.0,,,0.0,0.0,0.0,,,0.0,0.0,0.0,,,0.0,0.0,0.0,,,0.0,0.0,0.0,,,0.0,0.0,0.0,,,0.0,0.0,0.0,0.0,0.0
2151047.37527,1177,3,31,1177-03-31,4,-0.0074,0.0072,977.3,15.0,0.0,,,0.0,0.0,0.0,,,0.0,0.0,0.0,,,0.0,0.0,0.0,,,0.0,0.0,0.0,,,0.0,0.0,0.0,,,0.0,0.0,0.0,,,0.0,0.0,0.0,,,0.0,0.0,0.0,0.0,0.0
2151223.44596,1177,9,23,1177-09-23,5,-0.0969,0.0935,977.3,15.0,0.0,,,0.0,0.0,0.0,,,0.0,0.0,0.0,,,0.0,0.0,0.0,,,0.0,0.0,0.0,,,0.0,0.0,0.0,,,0.0,0.0,0.0,,,0.0,0.0,0.0,,,0.0,0.0,0.0,0.0,0.0
2151401.74524,1178,3,21,1178-03-21,2,-0.7839,0.7265,974.5,15.0,0.0,,,0.0,0.0,0.0,,,0.0,0.0,0.0,,,0.0,0.0,0.0,,,0.0,0.0,0.0,,,0.0,0.0,0.0,,,0.0,0.0,0.0,,,0.0,0.0,0.0,,,0.0,0.0,0.0,0.0,0.0
2151578.00587,1178,9,13,1178-09-13,3,0.619,0.6258,974.5,15.0,0.8619,35.1,11:08,0.8708,0.8525,0.8176,33.3,11:08,0.8257,0.8089,0.8943,35.6,11:06,0.903,0.885,0.8476,35.1,11:10,0.857,0.8386,0.8102,35.7,11:14,0.8193,0.8007,0.9505,48.5,11:44,0.9643,0.9367,0.7971,40.1,12:12,0.8089,0.7855,0.9797,42.9,12:28,0.9917,0.9679,0.8943,0.903,0.885
2151726.07544,1179,2,8,1179-02-08,4,1.4584,1.3107,971.7,15.0,0.0,,,0.0,0.0,0.0,,,0.0,0.0,0.0,,,0.0,0.0,0.0,,,0.0,0.0,0.0,,,0.0,0.0,0.0,,,0.0,0.0,0.0,,,0.0,0.0,0.0,,,0.0,0.0,0.0,0.0,0.0
2151755.81931,1179,3,10,1179-03-10,6,-1.5357,1.3783,971.7,15.0,0.0,,,0.0,0.0,0.0,,,0.0,0.0,0.0,,,0.0,0.0,0.0,,,0.0,0.0,0.0,,,0.0,0.0,0.0,,,0.0,0.0,0.0,,,0.0,0.0,0.0,,,0.0,0.0,0.0,0.0,0.0
2151903.3596,1179,8,4,1179-08-04,6,-1.255,1.2587,971.7,15.0,0.0,,,0.0,0.0,0.0,,,0.0,0.0,0.0,,,0.0,0.0,0.0,,,0.0,0.0,0.0,,,0.0,0.0,0.0,,,0.0,0.0,0.0,,,0.0,0.0,0.0,,,0.0,0.0,0.0,0.0,0.0
2151932.69598,1179,9,3,1179-09-03,1,1.3094,1.3329,971.7,15.0,0.0,,,0.0,0.0,0.0,,,0.0,0.0,0.0,,,0.0,0.0,0.0,,,0.0,0.0,0.0,,,0.0,0.0,0.0,,,0.0,0.0,0.0,,,0.0,0.0,0.0,,,0.0,0.0,0.0,0.0,0.0
2152080.15221,1180,1,28,1180-01-28,1,0.727,0.6778,968.9,15.0,0.944,3.4,16:39,0.9444,0.9336,0.9081,2.4,16:37,0.9166,0.8998,0.9448,4.6,16:39,0.9449,0.9446,0.9443,2.8,16:39,0.9443,0.935,0.9437,0.5,16:39,0.9439,0.9435,0.4002,-0.7,16:29,0.4686,0.3485,0.0,,,0.0,0.0,0.0,,,0.0,0.0,0.9448,0.9449,0.9446
2152257.89246,1180,7,24,1180-07-24,4,-0.547,0.5214,968.9,15.0,0.0,,,0.0,0.0,0.0,,,0.0,0.0,0.0,,,0.0,0.0,0.0,,,0.0,0.0,0.0,,,0.0,0.0,0.0,,,0.0,0.0,0.0,,,0.0,0.0,0.0,,,0.0,0.0,0.0,0.0,0.0
2152434.52325,1181,1,17,1181-01-17,6,-0.0077,0.0076,966.1,15.0,0.0,,,0.0,0.0,0.0,,,0.0,0.0,0.0,,,0.0,0.0,0.0,,,0.0,0.0,0.0,,,0.0,0.0,0.0,,,0.0,0.0,0.0,,,0.0,0.0,0.0,,,0.0,0.0,0.0,0.0,0.0
2152612.13298,1181,7,13,1181-07-13,1,0.224,0.2035,966.1,15.0,0.2348,42.4,15:31,0.2436,0.226,0.1967,41.9,15:27,0.2049,0.1884,0.2636,43.6,15:31,0.2726,0.2545,0.2222,41.8,15:31,0.231,0.2134,0.187,39.2,15:33,0.1958,0.1782,0.2988,26.4,16:05,0.3102,0.2875,0.1739,13.3,16:09,0.1838,0.1641,0.3407,6.8,16:23,0.3513,0.3302,0.2636,0.2726,0.2545
2152789.12535,1182,1,6,1182-01-06,3,-0.6807,0.6944,963.3,15.0,0.0,,,0.0,0.0,0.0,,,0.0,0.0,0.0,,,0.0,0.0,0.0,,,0.0,0.0,0.0,,,0.0,0.0,0.0,,,0.0,0.0,0.0,,,0.0,0.0,0.0,,,0.0,0.0,0.0,0.0,0.0
2152966.16363,1182,7,2,1182-07-02,5,0.9889,0.8882,963.3,15.0,0.4,33.5,16:43,0.409,0.3912,0.4349,33.7,16:39,0.4435,0.4266,0.3729,34.2,16:45,0.3819,0.3637,0.4122,32.9,16:43,0.4211,0.4034,0.4472,30.2,16:45,0.4559,0.4383,0.3466,15.1,17:11,0.3572,0.3359,0.4629,3.9,17:07,0.4722,0.4537,0.2578,-0.8,17:05,0.2674,0.2323,0.4349,0.4435,0.4266
2153114.28376,1182,11,27,1182-11-27,6,1.3873,1.3667,963.3,15.0,0.0,,,0.0,0.0,0.0,,,0.0,0.0,0.0,,,0.0,0.0,0.0,,,0.0,0.0,0.0,,,0.0,0.0,0.0,,,0.0,0.0,0.0,,,0.0,0.0,0.0,,,0.0,0.0,0.0,0.0,0.0
2153143.7758,1182,12,27,1182-12-27,1,-1.3506,1.362,963.3,15.0,0.0,,,0.0,0.0,0.0,,,0.0,0.0,0.0,,,0.0,0.0,0.0,,,0.0,0.0,0.0,,,0.0,0.0,0.0,,,0.0,0.0,0.0,,,0.0,0.0,0.0,,,0.0,0.0,0.0,0.0,0.0
2153290.8158,1183,5,23,1183-05-23,1,-1.0071,0.9618,960.5,15.0,0.0,,,0.0,0.0,0.0,,,0.0,0.0,0.0,,,0.0,0.0,0.0,,,0.0,0.0,0.0,,,0.0,0.0,0.0,,,0.0,0.0,0.0,,,0.0,0.0,0.0,,,0.0,0.0,0.0,0.0,0.0
2153468.64719,1183,11,17,1183-11-17,4,0.7502,0.6989,960.5,15.0,0.0,,,0.0,0.0,0.0,,,0.0,0.0,0.0,,,0.0,0.0,0.0,,,0.0,0.0,0.0,,,0.0,0.0,0.0,,,0.0,0.0,0.0,,,0.0,0.0,0.0,,,0.0,0.0,0.0,0.0,0.0
2153645.36044,1184,5,11,1184-05-11,5,-0.2099,0.2107,957.8,15.0,0.0,,,0.0,0.0,0.0,,,0.0,0.0,0.0,,,0.0,0.0,0.0,,,0.0,0.0,0.0,,,0.0,0.0,0.0,,,0.0,0.0,0.0,,,0.0,0.0,0.0,,,0.0,0.0,0.0,0.0,0.0
2153822.71457,1184,11,5,1184-11-05,1,0.0659,0.0592,957.8,15.0,0.0,,,0.0,0.0,0.0,,,0.0,0.0,0.0,,,0.0,0.0,0.0,,,0.0,0.0,0.0,,,0.0,0.0,0.0,,,0.0,0.0,0.0,,,0.0,0.0,0.0,,,0.0,0.0,0.0,0.0,0.0
2154000.06325,1185,5,1,1185-05-01,3,0.5264,0.5368,955.0,15.0,0.9426,48.1,14:03,0.9509,0.9362,0.9982,46.4,14:03,1.0718,0.9908,0.9217,49.6,14:01,0.9304,0.9139,0.947,47.5,14:03,0.9535,0.9401,0.9343,45.0,14:09,0.941,0.9298,0.4804,40.2,14:29,0.4816,0.4796,0.482,24.6,14:47,0.4875,0.4769,0.1681,21.8,14:53,0.1752,0.1613,0.9982,1.0718,0.9908
2154176.68872,1185,10,25,1185-10-25,5,-0.6234,0.5657,955.0,15.0,0.0,,,0.0,0.0,0.0,,,0.0,0.0,0.0,,,0.0,0.0,0.0,,,0.0,0.0,0.0,,,0.0,0.0,0.0,,,0.0,0.0,0.0,,,0.0,0.0,0.0,,,0.0,0.0,0.0,0.0,0.0
2154325.31217,1186,3,22,1186-03-22,6,-1.3709,1.3214,952.3,15.0,0.0,,,0.0,0.0,0.0,,,0.0,0.0,0.0,,,0.0,0.0,0.0,,,0.0,0.0,0.0,,,0.0,0.0,0.0,,,0.0,0.0,0.0,,,0.0,0.0,0.0,,,0.0,0.0,0.0,0.0,0.0
2154354.7311,1186,4,21,1186-04-21,1,1.2847,1.272,952.3,15.0,0.4527,-0.2,05:00,0.4539,0.4511,0.4592,1.0,05:02,0.4603,0.4578,0.4399,-0.8,05:04,0.4476,0.4118,0.4529,0.4,05:00,0.4542,0.4511,0.448,2.5,04:58,0.4499,0.4459,0.321,3.1,04:32,0.3252,0.3164,0.228,14.0,04:26,0.2361,0.2195,0.0949,10.1,04:10,0.1033,0.0862,0.4592,0.4603,0.4578
2154501.37567,1186,9,14,1186-09-14,0,1.4557,1.4274,952.3,15.0,0.0,,,0.0,0.0,0.0,,,0.0,0.0,0.0,,,0.0,0.0,0.0,,,0.0,0.0,0.0,,,0.0,0.0,0.0,,,0.0,0.0,0.0,,,0.0,0.0,0.0,,,0.0,0.0,0.0,0.0,0.0
2154530.87905,1186,10,14,1186-10-14,2,-1.2891,1.2281,952.3,15.0,0.0,,,0.0,0.0,0.0,,,0.0,0.0,0.0,,,0.0,0.0,0.0,,,0.0,0.0,0.0,,,0.0,0.0,0.0,,,0.0,0.0,0.0,,,0.0,0.0,0.0,,,0.0,0.0,0.0,0.0,0.0
2154679.58929,1187,3,12,1187-03-12,4,-0.6856,0.6272,949.5,15.0,0.0,,,0.0,0.0,0.0,,,0.0,0.0,0.0,,,0.0,0.0,0.0,,,0.0,0.0,0.0,,,0.0,0.0,0.0,,,0.0,0.0,0.0,,,0.0,0.0,0.0,,,0.0,0.0,0.0,0.0,0.0
2154855.99469,1187,9,4,1187-09-04,5,0.7051,0.7176,949.5,15.0,0.7141,36.3,10:38,0.7268,0.7021,0.7648,34.6,10:36,0.7769,0.7535,0.6756,36.6,10:36,0.688,0.6632,0.7317,36.4,10:38,0.7441,0.7191,0.7821,37.5,10:42,0.7953,0.7687,0.693,53.1,11:12,0.7141,0.672,0.9516,48.1,11:36,0.9713,0.9322,0.817,51.9,11:54,0.8394,0.7944,0.7648,0.7769,0.7535
2155033.60689,1188,2,29,1188-02-29,1,0.0293,0.0262,946.8,15.0,0.0,,,0.0,0.0,0.0,,,0.0,0.0,0.0,,,0.0,0.0,0.0,,,0.0,0.0,0.0,,,0.0,0.0,0.0,,,0.0,0.0,0.0,,,0.0,0.0,0.0,,,0.0,0.0,0.0,0.0,0.0
2155210.68948,1188,8,24,1188-08-24,3,-0.0082,0.0083,946.8,15.0,0.0,,,0.0,0.0,0.0,,,0.0,0.0,0.0,,,0.0,0.0,0.0,,,0.0,0.0,0.0,,,0.0,0.0,0.0,,,0.0,0.0,0.0,,,0.0413,0.0,0.0,,,0.0,0.0,0.0,0.0,0.0
2155387.64404,1189,2,17,1189-02-17,5,0.7343,0.6766,944.1,15.0,0.0,,,0.0,0.0,0.0,,,0.0,0.0,0.0,,,0.0,0.0,0.0,,,0.0,0.0,0.0,,,0.0,0.0,0.0,,,0.0,0.0,0.0,,,0.0,0.0,0.0,,,0.0,0.0,0.0,0.0,0.0
2155565.26524,1189,8,13,1189-08-13,0,-0.7749,0.7481,944.1,15.0,0.0,,,0.0,0.0,0.0,,,0.0,0.0,0.0,,,0.0,0.0,0.0,,,0.0,0.0,0.0,,,0.0,0.0,0.0,,,0.0,0.0,0.0,,,0.0,0.0,0.0,,,0.0,0.0,0.0,0.0,0.0
2155712.458,1190,1,7,1190-01-07,0,-1.3498,1.3491,941.3,15.0,0.0,,,0.0,0.0,0.0,,,0.0,0.0,0.0,,,0.0,0.0,0.0,,,0.0,0.0,0.0,,,0.0,0.0,0.0,,,0.0,0.0,0.0,,,0.0,0.0,0.0,,,0.0,0.0,0.0,0.0,0.0
2155741.9535,1190,2,6,1190-02-06,2,1.3924,1.3551,941.3,15.0,0.1698,18.2,10:47,0.1779,0.1616,0.1768,16.6,10:49,0.1844,0.1688,0.1736,18.3,10:43,0.1813,0.1654,0.1649,18.2,10:47,0.1731,0.1564,0.1367,19.2,10:51,0.146,0.1272,0.0,,,0.0,0.0,0.0,,,0.0,0.0,0.0,,,0.0,0.0,0.1768,0.1844,0.1688
2155889.96904,1190,7,4,1190-07-04,3,1.2398,1.1173,941.3,15.0,0.0,,,0.0,0.0,0.0,,,0.0,0.0,0.0,,,0.0,0.0,0.0,,,0.0,0.0,0.0,,,0.0,0.0,0.0,,,0.0,0.0,0.0,,,0.0,0.0,0.0,,,0.0,0.0,0.0,0.0,0.0
2156067.09217,1190,12,28,1190-12-28,5,-0.6643,0.6789,941.3,15.0,0.0,,,0.0,0.0,0.0,,,0.0,0.0,0.0,,,0.0,0.0,0.0,,,0.0,0.0,0.0,,,0.0,0.0,0.0,,,0.0,0.0,0.0,,,0.0,0.0,0.0,,,0.0,0.0,0.0,0.0,0.0
2156243.99255,1191,6,23,1191-06-23,0,0.4832,0.4364,938.6,15.0,0.9535,55.0,10:59,0.9536,0.9534,0.9164,53.5,10:59,0.9165,0.9156,0.9535,54.9,10:55,0.9536,0.9534,0.9535,55.1,10:59,0.9536,0.9534,0.9488,56.5,11:05,0.95,0.9473,0.705,70.6,11:41,0.7145,0.696,0.8413,57.7,12:15,0.8553,0.8274,0.6318,54.7,12:37,0.649,0.6147,0.9535,0.9536,0.9534
2156421.71894,1191,12,18,1191-12-18,3,0.0009,0.0009,938.6,15.0,0.0,,,0.0,0.0,0.0,,,0.0,0.0,0.0,,,0.0,0.0,0.0,,,0.0,0.0,0.0,,,0.0,0.0,0.0,,,0.0,0.0,0.0,,,0.0,0.0,0.0,,,0.0,0.0,0.0,0.0,0.0
2156598.18299,1192,6,11,1192-06-11,4,-0.3024,0.2853,935.9,15.0,0.0,,,0.0,0.0,0.0,,,0.0,0.0,0.0,,,0.0,0.0,0.0,,,0.0,0.0,0.0,,,0.0,0.0,0.0,,,0.0,0.0,0.0,,,0.0,0.0,0.0,,,0.0,0.0,0.0,0.0,0.0
2156776.14813,1192,12,6,1192-12-06,0,0.723,0.6824,935.9,15.0,0.6821,-0.8,16:03,0.7158,0.6181,0.5511,-0.8,15:49,0.617,0.5006,0.7649,-0.9,16:15,0.7674,0.7326,0.6213,-0.8,15:57,0.6833,0.572,0.3905,-0.9,15:39,0.4477,0.3066,0.0608,-0.6,15:39,0.1514,0.0,0.0,,,0.0,0.0,0.0,,,0.0,0.0,0.7649,0.7674,0.7326
2156923.36183,1193,5,2,1193-05-02,0,1.4904,1.51,933.2,15.0,0.0,,,0.0,0.0,0.0,,,0.0,0.0,0.0,,,0.0,0.0,0.0,,,0.0,0.0,0.0,,,0.0,0.0,0.0,,,0.0,0.0,0.0,,,0.0,0.0,0.0,,,0.0,0.0,0.0,0.0,0.0
2156952.67466,1193,6,1,1193-06-01,2,-1.0418,1.0363,933.2,15.0,0.0,,,0.0,0.0,0.0,,,0.0,0.0,0.0,,,0.0,0.0,0.0,,,0.0,0.0,0.0,,,0.0,0.0,0.0,,,0.0,0.0,0.0,,,0.0,0.0,0.0,,,0.0,0.0,0.0,0.0,0.0
2157130.27249,1193,11,25,1193-11-25,4,1.4533,1.3123,933.2,15.0,0.0,,,0.0,0.0,0.0,,,0.0,0.0,0.0,,,0.0,0.0,0.0,,,0.0,0.0,0.0,,,0.0,0.0,0.0,,,0.0,0.0,0.0,,,0.0,0.0,0.0,,,0.0,0.0,0.0,0.0,0.0
2157278.07255,1194,4,22,1194-04-22,5,0.7744,0.7866,930.6,15.0,0.6454,45.0,14:10,0.6488,0.6425,0.6991,43.5,14:08,0.7021,0.6965,0.6206,46.5,14:08,0.6243,0.6172,0.6518,44.4,14:10,0.6547,0.6492,0.6528,41.9,14:16,0.6549,0.6511,0.2686,36.1,14:42,0.2715,0.2661,0.3022,21.0,14:58,0.3086,0.296,0.0115,17.5,15:08,0.0195,0.0039,0.6991,0.7021,0.6965
2157454.49726,1194,10,15,1194-10-15,6,-0.8808,0.8084,930.6,15.0,0.0,,,0.0,0.0,0.0,,,0.0,0.0,0.0,,,0.0,0.0,0.0,,,0.0,0.0,0.0,,,0.0,0.0,0.0,,,0.0,0.0,0.0,,,0.0,0.0,0.0,,,0.0,0.0,0.0,0.0,0.0
2157632.69263,1195,4,12,1195-04-12,3,0.0477,0.0465,927.9,15.0,0.0,,,0.0,0.0,0.0,,,0.0,0.0,0.0,,,0.0,0.0,0.0,,,0.0,0.0,0.0,,,0.0,0.0,0.0,,,0.0,0.0,0.0,,,0.0,0.0,0.0,,,0.0,0.0,0.0,0.0,0.0
2157808.78055,1195,10,5,1195-10-05,4,-0.1276,0.1235,927.9,15.0,0.0,,,0.0,0.0,0.0,,,0.0,0.0,0.0,,,0.0,0.0,0.0,,,0.0,0.0,0.0,,,0.0,0.0,0.0,,,0.0,0.0,0.0,,,0.0,0.0,0.2674,7.5,04:40,0.2741,0.2604,0.0,0.0,0.0
2157987.04939,1196,3,31,1196-03-31,0,-0.7327,0.6772,925.2,15.0,0.0,,,0.0,0.0,0.0,,,0.0,0.0,0.0,,,0.0,0.0,0.0,,,0.0,0.0,0.0,,,0.0,0.0,0.0,,,0.0,0.0,0.0,,,0.0,0.0,0.0,,,0.0,0.0,0.0,0.0,0.0
2158163.34625,1196,9,23,1196-09-23,1,0.5815,0.5888,925.2,15.0,0.0,,,0.0,0.0,0.0,,,0.0,0.0,0.0,,,0.0,0.0,0.0,,,0.0,0.0,0.0,,,0.0,0.0,0.0,,,0.0,0.0,0.0,,,0.0,0.0,0.0,,,0.0,0.0,0.0,0.0,0.0
2158311.39148,1197,2,18,1197-02-18,2,1.4856,1.3364,922.6,15.0,0.0,,,0.0,0.0,0.0,,,0.0,0.0,0.0,,,0.0,0.0,0.0,,,0.0,0.0,0.0,,,0.0,0.0,0.0,,,0.0,0.0,0.0,,,0.0,0.0,0.0,,,0.0,0.0,0.0,0.0,0.0
2158341.11732,1197,3,20,1197-03-20,4,-1.4883,1.3351,922.6,15.0,0.0,,,0.0,0.0,0.0,,,0.0,0.0,0.0,,,0.0,0.0,0.0,,,0.0,0.0,0.0,,,0.0,0.0,0.0,,,0.0,0.0,0.0,,,0.0,0.0,0.0,,,0.0,0.0,0.0,0.0,0.0
2158488.67771,1197,8,15,1197-08-15,5,-1.316,1.3168,922.6,15.0,0.0,,,0.0,0.0,0.0,,,0.0,0.0,0.0,,,0.0,0.0,0.0,,,0.0,0.0,0.0,,,0.0,0.0,0.0,,,0.0,0.0,0.0,,,0.0,0.0,0.0,,,0.0,0.0,0.0,0.0,0.0
2158518.03177,1197,9,13,1197-09-13,6,1.2693,1.2907,922.6,15.0,0.0169,36.9,12:08,0.0269,0.0068,0.0559,34.9,12:06,0.0654,0.0465,0.0,,,0.0,0.0,0.0306,36.6,12:08,0.0407,0.0206,0.0699,36.2,12:14,0.0798,0.0599,0.0,,,0.0,0.0,0.0909,31.0,13:10,0.0997,0.0817,0.0,,,0.0,0.0,0.0559,0.0654,0.0465
2158665.48694,1198,2,7,1198-02-07,6,0.744,0.6957,919.9,15.0,0.0,,,0.0,0.0,0.0,,,0.0,0.0,0.0,,,0.0,0.0,0.0,,,0.0,0.0,0.0,,,0.0,0.0,0.0,,,0.0,0.0,0.0,,,0.0,0.0,0.0,,,0.0,0.0,0.0,0.0,0.0
2158843.19078,1198,8,4,1198-08-04,2,-0.6173,0.5865,919.9,15.0,0.0,,,0.0,0.0,0.0,,,0.0,0.0,0.0,,,0.0,0.0,0.0,,,0.0,0.0,0.0,,,0.0,0.0,0.0,,,0.0,0.0,0.0,,,0.0,0.0,0.0,,,0.0,0.0,0.0,0.0,0.0
2159019.87872,1199,1,28,1199-01-28,4,0.0029,0.0029,917.2,15.0,0.0,,,0.0,0.0,0.0,,,0.0,0.0,0.0,,,0.0,0.0,0.0,,,0.0,0.0,0.0,,,0.0,0.0,0.0,,,0.0,0.0,0.0,,,0.0,0.0,0.0,,,0.0,0.0,0.0,0.0,0.0
2159197.40864,1199,7,24,1199-07-24,6,0.1436,0.1302,917.2,15.0,0.0,,,0.0,0.0,0.0,,,0.0,0.0,0.0,,,0.0,0.0,0.0,,,0.0,0.0,0.0,,,0.0,0.0,0.0,,,0.0,0.0,0.0,,,0.0,0.0,0.0,,,0.0,0.0,0.0,0.0,0.0
2159374.49184,1200,1,17,1200-01-17,1,-0.6738,0.6878,914.6,15.0,0.0,,,0.0,0.0,0.0,,,0.0,0.0,0.0,,,0.0,0.0,0.0,,,0.0,0.0,0.0,,,0.0,0.0,0.0,,,0.0,0.0,0.0,,,0.0,0.0,0.0,,,0.0,0.0,0.0,0.0,0.0
2159551.43243,1200,7,12,1200-07-12,3,0.9035,0.8123,914.6,15.0,0.0,,,0.0,0.0,0.0,,,0.0,0.0,0.0,,,0.0,0.0,0.0,,,0.0,0.0,0.0,,,0.0,0.0,0.0,,,0.0,0.0,0.0,,,0.0,0.0,0.0,,,0.0,0.0,0.0,0.0,0.0
2159699.64574,1200,12,8,1200-12-08,5,1.3937,1.3693,914.6,15.0,0.0,,,0.0,0.0,0.0,,,0.0,0.0,0.0,,,0.0,0.0,0.0,,,0.0,0.0,0.0,,,0.0,0.0,0.0,,,0.0,0.0,0.0,,,0.0,0.0,0.0,,,0.0,0.0,0.0,0.0,0.0
2159729.14194,1201,1,6,1201-01-06,6,-1.3495,1.3582,912.0,15.0,0.0,,,0.0,0.0,0.0,,,0.0,0.0,0.0,,,0.0,0.0,0.0,,,0.0,0.0,0.0,,,0.0,0.0,0.0,,,0.0,0.0,0.0,,,0.0,0.0,0.0,,,0.0,0.0,0.0,0.0,0.0
2159876.10811,1201,6,2,1201-06-02,6,-1.0804,1.0354,912.0,15.0,0.0,,,0.0,0.0,0.0,,,0.0,0.0,0.0,,,0.0,0.0,0.0,,,0.0,0.0,0.0,,,0.0,0.0,0.0,,,0.0,0.0,0.0,,,0.0,0.0,0.0,,,0.0,0.0,0.0,0.0,0.0
2160053.99176,1201,11,27,1201-11-27,2,0.7592,0.7054,912.0,15.0,0.7789,10.5,10:38,0.7893,0.7685,0.7561,8.8,10:40,0.7659,0.7463,0.8019,11.0,10:36,0.8129,0.7909,0.7674,10.5,10:40,0.7777,0.7571,0.7309,11.3,10:46,0.7407,0.7214,0.759,25.9,11:10,0.7685,0.7498,0.7002,21.4,11:50,0.7014,0.6995,0.8388,27.6,12:06,0.84,0.8385,0.8019,0.8129,0.7909
2160230.67068,1202,5,23,1202-05-23,4,-0.2806,0.2823,909.4,15.0,0.0,,,0.0,0.0,0.0,,,0.0,0.0,0.0,,,0.0,0.0,0.0,,,0.0,0.0,0.0,,,0.0,0.0,0.0,,,0.0,0.0,0.0,,,0.0,0.0,0.0,,,0.0,0.0,0.0,0.0,0.0
2160408.04325,1202,11,16,1202-11-16,6,0.0809,0.0726,909.4,15.0,0.0,,,0.0,0.0,0.0,,,0.0,0.0,0.0,,,0.0,0.0,0.0,,,0.0,0.0,0.0,,,0.0,0.0,0.0,,,0.0,0.0,0.0,,,0.0,0.0,0.0,,,0.0,0.0,0.0,0.0,0.0
2160585.38017,1203,5,12,1203-05-12,1,0.4596,0.4684,906.7,15.0,0.0,,,0.0,0.0,0.0,,,0.0,0.0,0.0,,,0.0,0.0,0.0,,,0.0,0.0,0.0,,,0.0,0.0,0.0,,,0.0,0.0,0.0,,,0.0,0.0,0.0,,,0.0,0.0,0.0,0.0,0.0
2160762.01786,1203,11,5,1203-11-05,3,-0.6038,0.549,906.7,15.0,0.0,,,0.0,0.0,0.0,,,0.0,0.0,0.0,,,0.0,0.0,0.0,,,0.0,0.0,0.0,,,0.0,0.0,0.0,,,0.0,0.0,0.0,,,0.0,0.0,0.0,,,0.0,0.0,0.0,0.0,0.0
2160910.62947,1204,4,2,1204-04-02,5,-1.4254,1.3694,904.1,15.0,0.0,,,0.0,0.0,0.0,,,0.0,0.0,0.0,,,0.0,0.0,0.0,,,0.0,0.0,0.0,,,0.0,0.0,0.0,,,0.0,0.0,0.0,,,0.0,0.0,0.0,,,0.0,0.0,0.0,0.0,0.0
2160940.04283,1204,5,1,1204-05-01,6,1.2249,1.2092,904.1,15.0,0.0,,,0.0,0.0,0.0,,,0.0,0.0,0.0,,,0.0,0.0,0.0,,,0.0,0.0,0.0,,,0.0,0.0,0.0,,,0.0,0.0,0.0,,,0.0,0.0,0.0,,,0.0,0.0,0.0,0.0,0.0
2161086.70921,1204,9,25,1204-09-25,6,1.4872,1.4627,904.1,15.0,0.0,,,0.0,0.0,0.0,,,0.0,0.0,0.0,,,0.0,0.0,0.0,,,0.0,0.0,0.0,,,0.0,0.0,0.0,,,0.0,0.0,0.0,,,0.0,0.0,0.0,,,0.0,0.0,0.0,0.0,0.0
2161116.21979,1204,10,24,1204-10-24,0,-1.265,1.2089,904.1,15.0,0.0,,,0.0,0.0,0.0,,,0.0,0.0,0.0,,,0.0,0.0,0.0,,,0.0,0.0,0.0,,,0.0,0.0,0.0,,,0.0,0.0,0.0,,,0.0,0.0,0.0,,,0.0,0.0,0.0,0.0,0.0
2161264.89407,1205,3,22,1205-03-22,2,-0.7365,0.6722,901.5,15.0,0.0,,,0.0,0.0,0.0,,,0.0,0.0,0.0,,,0.0,0.0,0.0,,,0.0,0.0,0.0,,,0.0,0.0,0.0,,,0.0,0.0,0.0,,,0.0,0.0,0.0,,,0.0,0.0,0.0,0.0,0.0
2161441.33181,1205,9,14,1205-09-14,3,0.7466,0.7607,901.5,15.0,0.0,,,0.0,0.0,0.0,,,0.0,0.0,0.0,,,0.0,0.0,0.0,,,0.0,0.0,0.0,,,0.0,0.0,0.0,,,0.0,0.0,0.0,,,0.0,0.0,0.0,,,0.0,0.0,0.0,0.0,0.0
2161618.91001,1206,3,11,1206-03-11,6,-0.0155,0.0139,898.9,15.0,0.0,,,0.0,0.0,0.0,,,0.0,0.0,0.0,,,0.0,0.0,0.0,,,0.0,0.0,0.0,,,0.0,0.0,0.0,,,0.0,0.0,0.0,,,0.0175,0.0,0.1863,57.5,10:33,0.2101,0.1624,0.0,0.0,0.0
2161796.01887,1206,9,4,1206-09-04,1,0.0411,0.0414,898.9,15.0,0.0,,,0.0,0.0,0.0,,,0.0,0.0,0.02,38.8,11:08,0.0337,0.0061,0.0,,,0.0,0.0,0.0,,,0.0,0.0,0.0,,,0.0,0.0,0.0,,,0.0,0.0,0.0,,,0.0,0.0,0.02,0.0337,0.0061
2161972.96456,1207,2,28,1207-02-28,3,0.6998,0.6465,896.3,15.0,0.7279,28.6,11:26,0.7404,0.7155,0.7162,26.8,11:28,0.7281,0.7043,0.722,29.0,11:22,0.7348,0.7092,0.7353,28.6,11:28,0.7481,0.7229,0.7759,29.1,11:32,0.7891,0.7627,0.8294,42.8,11:36,0.8491,0.8096,0.5572,38.1,12:00,0.5758,0.5389,0.329,46.8,11:50,0.3513,0.307,0.7353,0.7481,0.7229
2162150.57551,1207,8,25,1207-08-25,6,-0.719,0.6919,896.3,15.0,0.0,,,0.0,0.0,0.0,,,0.0,0.0,0.0,,,0.0,0.0,0.0,,,0.0,0.0,0.0,,,0.0,0.0,0.0,,,0.0,0.0,0.0,,,0.0,0.0,0.0,,,0.0,0.0,0.0,0.0,0.0
2162297.81916,1208,1,19,1208-01-19,6,-1.3547,1.3569,893.8,15.0,0.0,,,0.0,0.0,0.0,,,0.0,0.0,0.0,,,0.0,0.0,0.0,,,0.0,0.0,0.0,,,0.0,0.0,0.0,,,0.0,0.0,0.0,,,0.0,0.0,0.0,,,0.0,0.0,0.0,0.0,0.0
2162327.29649,1208,2,17,1208-02-17,0,1.3666,1.3339,893.8,15.0,0.0,,,0.0,0.0,0.0,,,0.0,0.0,0.0,,,0.0,0.0,0.0,,,0.0,0.0,0.0,,,0.0,0.0,0.0,,,0.0,0.0,0.0,,,0.0,0.0,0.0,,,0.0,0.0,0.0,0.0,0.0
2162475.23899,1208,7,14,1208-07-14,1,1.3245,1.1921,893.8,15.0,0.2052,18.8,18:15,0.2129,0.1974,0.2177,19.8,18:09,0.2252,0.2101,0.1906,19.1,18:17,0.1985,0.1825,0.2131,18.6,18:13,0.2206,0.2054,0.2392,16.5,18:11,0.2462,0.2321,0.2109,0.9,18:27,0.2163,0.2054,0.0,,,0.0,0.0,0.0,,,0.0,0.0,0.2177,0.2252,0.2101
2162504.852,1208,8,13,1208-08-13,3,-1.5228,1.3917,893.8,15.0,0.0,,,0.0,0.0,0.0,,,0.0,0.0,0.0,,,0.0,0.0,0.0,,,0.0,0.0,0.0,,,0.0,0.0,0.0,,,0.0,0.0,0.0,,,0.0,0.0,0.0,,,0.0,0.0,0.0,0.0,0.0
2162652.46058,1209,1,7,1209-01-07,3,-0.6694,0.6839,891.2,15.0,0.0,,,0.0,0.0,0.0,,,0.0,0.0,0.0,,,0.0,0.0,0.0,,,0.0,0.0,0.0,,,0.0,0.0,0.0,,,0.0,0.0,0.0,,,0.0,0.0,0.0,,,0.0,0.0,0.0,0.0,0.0
2162829.26224,1209,7,3,1209-07-03,5,0.5691,0.5149,891.2,15.0,0.4376,15.9,18:44,0.4451,0.4302,0.4233,16.8,18:40,0.4305,0.4162,0.4528,16.1,18:46,0.4606,0.4452,0.4297,15.4,18:44,0.4371,0.4224,0.4042,13.5,18:42,0.411,0.3976,0.4063,-0.8,18:44,0.4298,0.3622,0.0,,,0.0,0.0,0.0,,,0.0,0.0,0.4528,0.4606,0.4452
2163007.08384,1209,12,28,1209-12-28,1,-0.0016,0.0016,891.2,15.0,0.0,,,0.0,0.0,0.0,,,0.0,0.0,0.0,,,0.0,0.0,0.0,,,0.0,0.0,0.0,,,0.0,0.0,0.0,,,0.0,0.0,0.0,,,0.0,0.0,0.2842,-0.6,15:11,0.3106,0.2606,0.0,0.0,0.0
