jd_tt,year,month,day,date_julian_cal,weekday,kind,umbral_mag,penumbral_mag,beta_deg,delta_t_s,umbral_duration_h,irish_site,moon_alt_deg,frac_umbral_visible,visible_from_ireland
1867331.30091,400,6,22,0400-06-22,5,partial umbral,0.0253,1.076,0.9299,6535.0,0.63,,-90.0,0.0,False
1867509.35895,400,12,17,0400-12-17,1,total,1.0663,2.1235,0.4093,6535.0,3.37,Armagh,35.0,1.0,True
1867685.72433,401,6,12,0401-06-12,3,total,1.5421,2.5367,0.1814,6526.0,3.59,Clonmacnoise,10.8,0.4,True
1867863.55919,401,12,7,0401-12-07,6,total,1.3213,2.4338,0.2487,6526.0,3.74,Clonmacnoise,59.7,1.0,True
1868040.38338,402,6,1,0402-06-01,0,partial umbral,0.8611,1.8219,0.576,6516.0,2.97,,-90.0,0.0,False
1868217.53066,402,11,26,0402-11-26,3,partial umbral,0.0594,1.1873,0.8604,6516.0,1.0,Clonmacnoise,56.7,1.0,True
1868365.77228,403,4,23,0403-04-23,4,penumbral,-0.4035,0.5914,1.2323,6507.0,0.0,,,0.0,False
1868395.09857,403,5,22,0403-05-22,5,penumbral,-0.4963,0.4742,1.3158,6507.0,0.0,,,0.0,False
1868541.94496,403,10,16,0403-10-16,5,penumbral,-0.522,0.5316,1.238,6507.0,0.0,,,0.0,False
1868571.57585,403,11,15,0403-11-15,0,penumbral,-1.0821,0.0081,1.4775,6507.0,0.0,,,0.0,False
1868720.21208,404,4,11,0404-04-11,1,partial umbral,0.8759,1.9288,0.4984,6497.0,3.24,,-90.0,0.0,False
1868896.44294,404,10,4,0404-10-04,2,partial umbral,0.8814,1.8801,0.5469,6497.0,3.03,Clonmacnoise,34.7,1.0,True
1869074.34746,405,3,31,0405-03-31,5,total,1.4211,2.5186,0.2005,6488.0,3.84,Armagh,10.9,0.24,True
1869251.10625,405,9,24,0405-09-24,0,total,1.6087,2.589,0.155,6488.0,3.49,,-90.0,0.0,False
1869428.3538,406,3,20,0406-03-20,2,partial umbral,0.0811,1.1762,0.8647,6478.0,1.15,,-90.0,0.0,False
1869605.74131,406,9,14,0406-09-14,5,partial umbral,0.2743,1.2817,0.865,6478.0,1.89,Clonmacnoise,23.9,1.0,True
1869753.02674,407,2,8,0407-02-08,5,penumbral,-0.2124,0.8157,1.1061,6469.0,0.0,,,0.0,False
1869930.58579,407,8,5,0407-08-05,1,penumbral,-0.2569,0.8212,1.0469,6469.0,0.0,,,0.0,False
1870107.60555,408,1,29,0408-01-29,3,total,1.1441,2.1336,0.4099,6459.0,3.26,Clonmacnoise,54.6,1.0,True
1870284.62731,408,7,24,0408-07-24,5,total,1.0753,2.1716,0.3696,6459.0,3.6,Clonmacnoise,15.5,1.0,True
1870462.26927,409,1,17,0409-01-17,0,total,1.3745,2.3684,0.2801,6450.0,3.42,Iona,12.6,0.32,True
1870638.70332,409,7,13,0409-07-13,2,total,1.1977,2.2624,0.3259,6450.0,3.61,Clonmacnoise,13.3,0.6,True
1870816.82272,410,1,7,0410-01-07,5,partial umbral,0.0335,1.0741,0.9671,6440.0,0.7,Clonmacnoise,25.7,1.0,True
1870963.70895,410,6,3,0410-06-03,5,penumbral,-0.8199,0.1614,1.4741,6440.0,0.0,,,0.0,False
1870993.05745,410,7,2,0410-07-02,6,penumbral,-0.1269,0.8806,1.0628,6440.0,0.0,,,0.0,False
1871141.34092,410,11,27,0410-11-27,0,penumbral,-0.4808,0.6415,1.1324,6440.0,0.0,,,0.0,False
1871318.40234,411,5,23,0411-05-23,2,partial umbral,0.5747,1.534,0.7373,6431.0,2.54,,-90.0,0.0,False
1871495.29892,411,11,16,0411-11-16,4,partial umbral,0.7466,1.8677,0.5278,6431.0,3.16,Iona,21.4,0.64,True
1871673.09763,412,5,12,0412-05-12,0,total,1.8612,2.8431,0.0135,6422.0,3.61,,-90.0,0.0,False
1871849.41867,412,11,4,0412-11-04,1,total,1.611,2.683,0.1185,6422.0,3.74,Clonmacnoise,44.1,1.0,True
1872027.60412,413,5,2,0413-05-02,5,partial umbral,0.3799,1.4159,0.7655,6412.0,2.28,Clonmacnoise,21.2,1.0,True
1872203.84682,413,10,25,0413-10-25,6,partial umbral,0.3899,1.4032,0.8049,6412.0,2.2,Clonmacnoise,15.8,0.6,True
1872352.15346,414,3,22,0414-03-22,0,penumbral,-0.508,0.5963,1.1437,6403.0,0.0,,,0.0,False
1872529.09012,414,9,15,0414-09-15,2,penumbral,-0.2642,0.7178,1.1937,6403.0,0.0,,,0.0,False
1872558.4805,414,10,14,0414-10-14,3,penumbral,-0.763,0.2217,1.4778,6403.0,0.0,,,0.0,False
1872706.17753,415,3,11,0415-03-11,4,partial umbral,0.855,1.9422,0.4888,6393.0,3.28,,-90.0,0.0,False
1872883.68674,415,9,5,0415-09-05,0,partial umbral,0.9603,1.98,0.4833,6393.0,3.21,Clonmacnoise,28.7,1.0,True
1873060.44159,416,2,28,0416-02-28,1,total,1.4569,2.4925,0.2117,6384.0,3.62,Clonmacnoise,36.3,1.0,True
1873238.02946,416,8,24,0416-08-24,4,total,1.3798,2.4531,0.2326,6384.0,3.72,,-90.0,0.0,False
1873414.98531,417,2,17,0417-02-17,6,partial umbral,0.2071,1.1977,0.9238,6374.0,1.63,,-90.0,0.0,False
1873592.09771,417,8,13,0417-08-13,1,penumbral,-0.0203,1.0812,0.9054,6374.0,0.0,,,0.0,False
1873740.22648,418,1,8,0418-01-08,2,penumbral,-0.1166,0.8884,1.0932,6365.0,0.0,,,0.0,False
1873916.58464,418,7,4,0418-07-04,4,penumbral,-0.1113,0.937,1.0033,6365.0,0.0,,,0.0,False
1874094.71339,418,12,29,0418-12-29,0,total,1.0571,2.1165,0.4123,6365.0,3.37,Clonmacnoise,56.8,1.0,True
1874271.02484,419,6,23,0419-06-23,1,total,1.4042,2.3961,0.2571,6355.0,3.52,,-90.0,0.0,False
1874448.89893,419,12,18,0419-12-18,4,total,1.3285,2.4427,0.2442,6355.0,3.75,Clonmacnoise,22.8,0.56,True
1874625.6931,420,6,12,0420-06-12,6,partial umbral,0.9985,1.9586,0.5001,6346.0,3.12,Clonmacnoise,11.3,0.6,True
1874802.86534,420,12,6,0420-12-06,1,partial umbral,0.0725,1.2,0.8546,6346.0,1.1,Clonmacnoise,17.6,1.0,True
1874951.07974,421,5,3,0421-05-03,2,penumbral,-0.5346,0.4615,1.2987,6336.0,0.0,,,0.0,False
1874980.40594,421,6,1,0421-06-01,3,penumbral,-0.37,0.6022,1.2431,6336.0,0.0,,,0.0,False
1875127.29045,421,10,26,0421-10-26,3,penumbral,-0.5397,0.513,1.2513,6336.0,0.0,,,0.0,False
1875156.92139,421,11,25,0421-11-25,5,penumbral,-1.065,0.0233,1.4732,6336.0,0.0,,,0.0,False
1875305.50542,422,4,23,0422-04-23,0,partial umbral,0.7455,1.7994,0.563,6327.0,3.06,Clonmacnoise,23.0,1.0,True
1875481.79614,422,10,16,0422-10-16,1,partial umbral,0.8476,1.8469,0.5665,6327.0,2.98,Clonmacnoise,27.0,0.88,True
1875659.6298,423,4,12,0423-04-12,4,total,1.5488,2.6445,0.1379,6317.0,3.9,Clonmacnoise,27.4,1.0,True
1875836.4574,423,10,5,0423-10-05,5,total,1.6535,2.6371,0.1291,6317.0,3.51,Clonmacnoise,38.8,1.0,True
1876013.64371,424,3,31,0424-03-31,1,partial umbral,0.1992,1.289,0.8091,6308.0,1.77,Clonmacnoise,31.0,1.0,True
1876191.07925,424,9,24,0424-09-24,3,partial umbral,0.3253,1.3385,0.8336,6308.0,2.05,,-90.0,0.0,False
1876338.36508,425,2,18,0425-02-18,3,penumbral,-0.2537,0.7684,1.1331,6298.0,0.0,,,0.0,False
1876367.85209,425,3,20,0425-03-20,5,penumbral,-1.0292,0.0138,1.4979,6298.0,0.0,,,0.0,False
1876515.87594,425,8,15,0425-08-15,6,penumbral,-0.38,0.7038,1.1044,6298.0,0.0,,,0.0,False
1876692.95951,426,2,8,0426-02-08,1,total,1.1089,2.0946,0.4309,6289.0,3.23,,-90.0,0.0,False
1876869.90457,426,8,4,0426-08-04,3,partial umbral,0.9391,2.0378,0.4359,6289.0,3.45,,-90.0,0.0,False
1877047.62834,427,1,29,0427-01-29,6,total,1.3998,2.3928,0.2659,6279.0,3.43,Clonmacnoise,53.9,1.0,True
1877223.9877,427,7,24,0427-07-24,0,total,1.3386,2.4023,0.256,6279.0,3.7,,-90.0,0.0,False
1877402.1755,428,1,18,0428-01-18,3,partial umbral,0.0441,1.0857,0.9583,6270.0,0.8,,-90.0,0.0,False
1877549.01259,428,6,13,0428-06-13,3,penumbral,-0.9443,0.0345,1.5467,6270.0,0.0,,,0.0,False
1877578.35829,428,7,12,0428-07-12,4,partial umbral,0.0121,1.0178,0.9928,6270.0,0.42,,-90.0,0.0,False
1877726.67787,428,12,8,0428-12-08,6,penumbral,-0.4926,0.6313,1.1365,6270.0,0.0,,,0.0,False
1877903.71278,429,6,3,0429-06-03,1,partial umbral,0.4407,1.3996,0.812,6260.0,2.27,Clonmacnoise,8.9,0.44,True
1878080.63546,429,11,27,0429-11-27,3,partial umbral,0.7374,1.858,0.5331,6260.0,3.15,Clonmacnoise,58.5,1.0,True
1878258.40323,430,5,23,0430-05-23,5,total,1.775,2.7586,0.0598,6251.0,3.61,Clonmacnoise,6.7,0.12,True
1878434.76697,430,11,16,0430-11-16,0,total,1.6238,2.6942,0.1127,6251.0,3.73,Clonmacnoise,44.3,1.0,True
1878612.89485,431,5,13,0431-05-13,3,partial umbral,0.5109,1.549,0.6947,6241.0,2.61,,-90.0,0.0,False
1878789.20622,431,11,5,0431-11-05,4,partial umbral,0.4094,1.4222,0.7964,6241.0,2.24,,-90.0,0.0,False
1878937.43935,432,4,1,0432-04-01,5,penumbral,-0.6193,0.482,1.1987,6232.0,0.0,,,0.0,False
1878967.08369,432,5,1,0432-05-01,0,penumbral,-0.9912,0.0948,1.395,6232.0,0.0,,,0.0,False
1879114.43526,432,9,25,0432-09-25,0,penumbral,-0.3224,0.6638,1.2234,6232.0,0.0,,,0.0,False
1879143.84098,432,10,25,0432-10-25,2,penumbral,-0.7397,0.2471,1.4645,6232.0,0.0,,,0.0,False
1879291.47782,433,3,21,0433-03-21,2,partial umbral,0.7648,1.846,0.5367,6222.0,3.15,Clonmacnoise,31.7,1.0,True
1879469.01508,433,9,15,0433-09-15,5,partial umbral,0.8845,1.9105,0.5205,6222.0,3.13,,-90.0,0.0,False
1879645.76569,434,3,11,0434-03-11,0,total,1.5353,2.5644,0.1727,6213.0,3.64,Clonmacnoise,33.1,0.96,True
1879823.33404,434,9,4,0434-09-04,2,total,1.4671,2.5467,0.1864,6213.0,3.78,Armagh,8.1,0.12,True
1880000.3277,435,2,28,0435-02-28,4,partial umbral,0.2701,1.256,0.8918,6204.0,1.84,Iona,8.7,0.24,True
1880177.38492,435,8,24,0435-08-24,6,partial umbral,0.0886,1.1938,0.8509,6204.0,1.22,,-90.0,0.0,False
1880325.58655,436,1,20,0436-01-20,1,penumbral,-0.1395,0.8656,1.1034,6194.0,0.0,,,0.0,False
1880355.0064,436,2,18,0436-02-18,2,penumbral,-0.9507,0.0318,1.5777,6194.0,0.0,,,0.0,False
1880501.87226,436,7,14,0436-07-14,2,penumbral,-0.2407,0.8059,1.0734,6194.0,0.0,,,0.0,False
1880680.06376,437,1,8,0437-01-08,5,total,1.0409,2.1017,0.4192,6184.0,3.36,,-90.0,0.0,False
1880856.32833,437,7,3,0437-07-03,6,total,1.2714,2.2614,0.3302,6184.0,3.44,,-90.0,0.0,False
1881034.23688,437,12,28,0437-12-28,2,total,1.3384,2.4534,0.2387,6184.0,3.76,Iona,12.6,0.28,True
1881211.00316,438,6,23,0438-06-23,4,total,1.1352,2.0953,0.4243,6175.0,3.25,,-90.0,0.0,False
1881388.20105,438,12,17,0438-12-17,6,partial umbral,0.0841,1.2104,0.8499,6175.0,1.18,,-90.0,0.0,False
1881536.38275,439,5,14,0439-05-14,0,penumbral,-0.6736,0.3243,1.3686,6166.0,0.0,,,0.0,False
1881565.71148,439,6,13,0439-06-13,2,penumbral,-0.2409,0.7335,1.1689,6166.0,0.0,,,0.0,False
1881712.64122,439,11,7,0439-11-07,2,penumbral,-0.5479,0.5036,1.2598,6166.0,0.0,,,0.0,False
1881742.26958,439,12,6,0439-12-06,3,penumbral,-1.0514,0.0344,1.4709,6166.0,0.0,,,0.0,False
1881890.79259,440,5,3,0440-05-03,5,partial umbral,0.6032,1.6584,0.6332,6156.0,2.83,Clonmacnoise,7.5,0.12,True
1882067.15489,440,10,26,0440-10-26,6,partial umbral,0.8253,1.825,0.5798,6156.0,2.95,,-90.0,0.0,False
1882244.90726,441,4,22,0441-04-22,2,total,1.6867,2.7808,0.0705,6146.0,3.93,,-90.0,0.0,False
1882421.81319,441,10,16,0441-10-16,4,total,1.6878,2.6746,0.109,6146.0,3.51,Clonmacnoise,25.7,0.68,True
1882598.93042,442,4,11,0442-04-11,6,partial umbral,0.3254,1.4102,0.7493,6137.0,2.22,,-90.0,0.0,False
1882776.42149,442,10,5,0442-10-05,1,partial umbral,0.3657,1.3848,0.808,6137.0,2.16,Clonmacnoise,30.9,1.0,True
1882923.69912,443,3,2,0443-03-02,2,penumbral,-0.3052,0.7107,1.1656,6128.0,0.0,,,0.0,False
1882953.1615,443,3,31,0443-03-31,3,penumbral,-0.9207,0.1158,1.4481,6128.0,0.0,,,0.0,False
1883101.17009,443,8,26,0443-08-26,4,penumbral,-0.4928,0.5966,1.1567,6128.0,0.0,,,0.0,False
1883278.30873,444,2,19,0444-02-19,6,total,1.0628,2.0447,0.458,6118.0,3.18,Iona,12.5,0.32,True
1883455.18753,444,8,14,0444-08-14,1,partial umbral,0.8152,1.9163,0.4963,6118.0,3.29,,-90.0,0.0,False
1883632.98153,445,2,8,0445-02-08,4,total,1.4379,2.4299,0.2447,6108.0,3.46,,-90.0,0.0,False
1883809.27873,445,8,3,0445-08-03,5,total,1.4664,2.5295,0.1921,6108.0,3.76,,-90.0,0.0,False
1883987.5227,446,1,29,0446-01-29,2,partial umbral,0.066,1.1083,0.9437,6099.0,0.98,Clonmacnoise,49.1,1.0,True
1884163.66361,446,7,24,0446-07-24,3,partial umbral,0.1431,1.1475,0.9263,6099.0,1.4,Clonmacnoise,15.5,1.0,True
1884312.01367,446,12,19,0446-12-19,4,penumbral,-0.506,0.6186,1.1417,6099.0,0.0,,,0.0,False
1884489.02256,447,6,14,0447-06-14,6,partial umbral,0.3046,1.2639,0.8876,6090.0,1.93,,-90.0,0.0,False
1884665.97307,447,12,8,0447-12-08,1,partial umbral,0.7306,1.8498,0.5376,6090.0,3.13,,-90.0,0.0,False
1884843.70581,448,6,3,0448-06-03,4,total,1.6334,2.6194,0.1358,6080.0,3.59,Clonmacnoise,11.9,0.48,True
1885020.11861,448,11,26,0448-11-26,5,total,1.6311,2.6992,0.1099,6080.0,3.73,,-90.0,0.0,False
1885198.18156,449,5,23,0449-05-23,1,partial umbral,0.649,1.6896,0.6207,6070.0,2.88,,-90.0,0.0,False
1885374.56921,449,11,16,0449-11-16,3,partial umbral,0.4221,1.434,0.7915,6070.0,2.27,Clonmacnoise,54.8,1.0,True
1885522.71956,450,4,13,0450-04-13,4,penumbral,-0.7418,0.3565,1.2594,6061.0,0.0,,,0.0,False
1885552.35525,450,5,12,0450-05-12,5,penumbral,-0.8496,0.2364,1.3231,6061.0,0.0,,,0.0,False
1885699.7855,450,10,7,0450-10-07,6,penumbral,-0.3693,0.6211,1.2466,6061.0,0.0,,,0.0,False
1885729.20564,450,11,5,0450-11-05,0,penumbral,-0.7255,0.2631,1.4562,6061.0,0.0,,,0.0,False
1885876.77269,451,4,2,0451-04-02,1,partial umbral,0.6617,1.737,0.5913,6052.0,2.97,Clonmacnoise,20.4,0.68,True
1886054.34831,451,9,26,0451-09-26,3,partial umbral,0.8209,1.8533,0.5509,6052.0,3.06,Armagh,17.2,0.44,True
1886231.08493,452,3,21,0452-03-21,5,total,1.6261,2.6487,0.1269,6042.0,3.66,,-90.0,0.0,False
1886408.64386,452,9,15,0452-09-15,1,total,1.5415,2.6273,0.147,6042.0,3.81,Clonmacnoise,33.1,1.0,True
1886585.66516,453,3,11,0453-03-11,3,partial umbral,0.3444,1.3257,0.8533,6033.0,2.05,Clonmacnoise,39.9,1.0,True
1886762.67833,453,9,4,0453-09-04,5,partial umbral,0.1845,1.2933,0.8029,6033.0,1.73,Clonmacnoise,26.1,1.0,True
1886910.94286,454,1,30,0454-01-30,6,penumbral,-0.1692,0.8357,1.1172,6023.0,0.0,,,0.0,False
1886940.35182,454,2,28,0454-02-28,0,penumbral,-0.8999,0.0807,1.5481,6023.0,0.0,,,0.0,False
1887087.16419,454,7,25,0454-07-25,0,penumbral,-0.362,0.6832,1.1398,6023.0,0.0,,,0.0,False
1887116.71679,454,8,24,0454-08-24,2,penumbral,-1.0651,0.015,1.455,6023.0,0.0,,,0.0,False
1887265.41076,455,1,19,0455-01-19,3,total,1.0192,2.0811,0.4289,6014.0,3.35,Armagh,41.6,1.0,True
1887441.63491,455,7,15,0455-07-15,5,total,1.1442,2.1329,0.4005,6014.0,3.33,Clonmacnoise,14.5,1.0,True
1887619.57122,456,1,9,0456-01-09,1,total,1.3558,2.471,0.2296,6004.0,3.78,Clonmacnoise,58.7,1.0,True
1887796.31515,456,7,3,0456-07-03,2,total,1.2675,2.2282,0.3505,6004.0,3.34,,-90.0,0.0,False
1887973.53494,456,12,28,0456-12-28,5,partial umbral,0.1004,1.2246,0.8431,6004.0,1.29,Clonmacnoise,59.1,1.0,True
1888121.68353,457,5,25,0457-05-25,6,penumbral,-0.8157,0.1845,1.4395,5995.0,0.0,,,0.0,False
1888151.01781,457,6,23,0457-06-23,0,penumbral,-0.1146,0.8626,1.0962,5995.0,0.0,,,0.0,False
1888297.99486,457,11,17,0457-11-17,0,penumbral,-0.5511,0.4987,1.2657,5995.0,0.0,,,0.0,False
1888327.6173,457,12,17,0457-12-17,2,penumbral,-1.0353,0.0471,1.4676,5995.0,0.0,,,0.0,False
1888476.07618,458,5,14,0458-05-14,3,partial umbral,0.4552,1.5122,0.7057,5985.0,2.53,,-90.0,0.0,False
1888652.5175,458,11,7,0458-11-07,5,partial umbral,0.8109,1.8107,0.5887,5985.0,2.93,Clonmacnoise,52.8,1.0,True
1888830.17901,459,5,3,0459-05-03,0,total,1.8255,2.9182,0.0027,5976.0,3.95,,-90.0,0.0,False
1889007.17369,459,10,27,0459-10-27,2,total,1.7111,2.7009,0.0951,5976.0,3.52,,-90.0,0.0,False
1889184.21162,460,4,21,0460-04-21,4,partial umbral,0.4648,1.5447,0.6828,5966.0,2.59,,-90.0,0.0,False
1889361.76889,460,10,16,0460-10-16,0,partial umbral,0.3937,1.4182,0.7894,5966.0,2.24,Clonmacnoise,29.6,1.0,True
1889509.0272,461,3,12,0461-03-12,0,penumbral,-0.3708,0.6389,1.2059,5957.0,0.0,,,0.0,False
1889538.46606,461,4,10,0461-04-10,1,penumbral,-0.8001,0.2302,1.3915,5957.0,0.0,,,0.0,False
1889686.47026,461,9,5,0461-09-05,2,penumbral,-0.5912,0.504,1.2017,5957.0,0.0,,,0.0,False
1889716.12453,461,10,5,0461-10-05,4,penumbral,-1.0483,0.0317,1.4649,5957.0,0.0,,,0.0,False
1889863.65278,462,3,2,0462-03-02,5,total,1.0045,1.9825,0.4919,5947.0,3.13,Clonmacnoise,43.8,1.0,True
1890040.47563,462,8,25,0462-08-25,6,partial umbral,0.7021,1.8057,0.5515,5947.0,3.11,Clonmacnoise,23.4,1.0,True
1890218.32996,463,2,19,0463-02-19,2,total,1.4858,2.4767,0.2181,5938.0,3.49,Armagh,18.1,0.48,True
1890394.57501,463,8,15,0463-08-15,4,total,1.5848,2.6477,0.1326,5938.0,3.79,Clonmacnoise,22.0,1.0,True
1890572.8644,464,2,9,0464-02-09,0,partial umbral,0.0983,1.1409,0.9236,5928.0,1.19,Clonmacnoise,12.4,0.76,True
1890748.97367,464,8,3,0464-08-03,1,partial umbral,0.2653,1.2689,0.864,5928.0,1.87,,-90.0,0.0,False
1890897.34818,464,12,29,0464-12-29,2,penumbral,-0.521,0.6036,1.148,5928.0,0.0,,,0.0,False
1891074.33326,465,6,24,0465-06-24,4,partial umbral,0.1709,1.1312,0.9614,5919.0,1.47,,-90.0,0.0,False
1891103.61776,465,7,24,0465-07-24,6,penumbral,-0.9575,0.0084,1.586,5919.0,0.0,,,0.0,False
1891251.31092,465,12,18,0465-12-18,6,partial umbral,0.7239,1.8409,0.5424,5919.0,3.11,Iona,26.2,0.84,True
1891429.008,466,6,14,0466-06-14,2,total,1.4923,2.4813,0.2109,5909.0,3.56,,-90.0,0.0,False
1891605.47193,466,12,7,0466-12-07,3,total,1.6362,2.7016,0.1082,5909.0,3.72,Clonmacnoise,57.2,1.0,True
1891783.46538,467,6,3,0467-06-03,6,partial umbral,0.7917,1.8354,0.5448,5900.0,3.12,Clonmacnoise,11.7,0.48,True
1891959.93456,467,11,27,0467-11-27,1,partial umbral,0.4305,1.441,0.7891,5900.0,2.28,Iona,5.1,0.08,True
1892107.99505,468,4,23,0468-04-23,2,penumbral,-0.8738,0.2219,1.325,5890.0,0.0,,,0.0,False
1892137.62396,468,5,23,0468-05-23,4,penumbral,-0.7018,0.3846,1.2484,5890.0,0.0,,,0.0,False
1892285.14034,468,10,17,0468-10-17,4,penumbral,-0.406,0.5884,1.264,5890.0,0.0,,,0.0,False
1892314.57274,468,11,16,0468-11-16,6,penumbral,-0.7167,0.2734,1.4507,5890.0,0.0,,,0.0,False
1892462.06349,469,4,12,0469-04-12,6,partial umbral,0.5486,1.6181,0.6513,5881.0,2.75,,-90.0,0.0,False
1892639.68662,469,10,7,0469-10-07,2,partial umbral,0.7698,1.8083,0.5746,5881.0,2.99,Clonmacnoise,40.7,1.0,True
1892816.39979,470,4,1,0470-04-01,3,total,1.7277,2.744,0.075,5871.0,3.67,Clonmacnoise,20.4,0.56,True
1892993.95858,470,9,26,0470-09-26,6,total,1.6041,2.6959,0.1138,5871.0,3.84,,-90.0,0.0,False
1893170.99724,471,3,22,0471-03-22,1,partial umbral,0.4308,1.4077,0.8078,5862.0,2.26,,-90.0,0.0,False
1893347.97851,471,9,15,0471-09-15,3,partial umbral,0.266,1.3783,0.7621,5862.0,2.05,,-90.0,0.0,False
1893496.29269,472,2,10,0472-02-10,4,penumbral,-0.2124,0.7921,1.1381,5852.0,0.0,,,0.0,False
1893525.69003,472,3,11,0472-03-11,6,penumbral,-0.8345,0.1444,1.5101,5852.0,0.0,,,0.0,False
1893672.46217,472,8,4,0472-08-04,5,penumbral,-0.4716,0.5726,1.2004,5852.0,0.0,,,0.0,False
1893702.02067,472,9,3,0472-09-03,0,penumbral,-0.9695,0.1113,1.4106,5852.0,0.0,,,0.0,False
1893850.75173,473,1,30,0473-01-30,2,partial umbral,0.9862,2.0488,0.4445,5843.0,3.33,Clonmacnoise,46.2,1.0,True
1894026.94583,473,7,25,0473-07-25,3,total,1.0251,2.0129,0.4667,5843.0,3.22,,-90.0,0.0,False
1894204.90145,474,1,19,0474-01-19,6,total,1.3813,2.4959,0.2168,5833.0,3.8,Clonmacnoise,20.7,0.48,True
1894381.62927,474,7,15,0474-07-15,1,total,1.3947,2.3567,0.2794,5833.0,3.42,Clonmacnoise,13.8,1.0,True
1894558.8674,475,1,8,0475-01-08,3,partial umbral,0.1207,1.2421,0.8347,5824.0,1.41,Clonmacnoise,19.1,1.0,True
1894706.98052,475,6,5,0475-06-05,4,penumbral,-0.9643,0.0389,1.513,5824.0,0.0,,,0.0,False
1894736.3234,475,7,4,0475-07-04,5,partial umbral,0.0122,0.993,1.0233,5824.0,0.41,,-90.0,0.0,False
1894883.35217,475,11,28,0475-11-28,5,penumbral,-0.5475,0.5,1.2681,5824.0,0.0,,,0.0,False
1894912.96565,475,12,28,0475-12-28,0,penumbral,-1.0191,0.0593,1.4644,5824.0,0.0,,,0.0,False
1895061.35548,476,5,24,0476-05-24,1,partial umbral,0.3,1.3593,0.7813,5814.0,2.1,,-90.0,0.0,False
1895237.88348,476,11,17,0476-11-17,3,partial umbral,0.8037,1.8031,0.5938,5814.0,2.91,Clonmacnoise,15.4,0.48,True
1895415.44783,477,5,13,0477-05-13,5,total,1.6712,2.763,0.0786,5805.0,3.94,Clonmacnoise,14.7,0.52,True
1895592.53775,477,11,7,0477-11-07,1,total,1.7258,2.7182,0.0862,5805.0,3.52,Clonmacnoise,53.5,1.0,True
1895769.49071,478,5,2,0478-05-02,2,partial umbral,0.6103,1.6855,0.613,5795.0,2.9,Clonmacnoise,18.4,1.0,True
1895947.11955,478,10,27,0478-10-27,5,partial umbral,0.4135,1.4433,0.7752,5795.0,2.29,,-90.0,0.0,False
1896094.3514,479,3,23,0479-03-23,5,penumbral,-0.4458,0.5579,1.2515,5786.0,0.0,,,0.0,False
1896123.76791,479,4,22,0479-04-22,0,penumbral,-0.6719,0.3523,1.3306,5786.0,0.0,,,0.0,False
1896271.7754,479,9,17,0479-09-17,1,penumbral,-0.6777,0.423,1.2409,5786.0,0.0,,,0.0,False
1896301.4542,479,10,16,0479-10-16,2,penumbral,-1.018,0.0678,1.4441,5786.0,0.0,,,0.0,False
1896448.991,480,3,12,0480-03-12,3,partial umbral,0.9326,1.9069,0.5332,5776.0,3.05,,-90.0,0.0,False
1896625.77089,480,9,5,0480-09-05,5,partial umbral,0.6042,1.7103,0.5995,5776.0,2.93,Clonmacnoise,18.0,0.6,True
1896803.67198,481,3,2,0481-03-02,1,total,1.5475,2.5373,0.184,5767.0,3.52,Clonmacnoise,43.1,1.0,True
1896979.8783,481,8,25,0481-08-25,2,total,1.6894,2.7521,0.0798,5767.0,3.8,,-90.0,0.0,False
1897158.19929,482,2,19,0482-02-19,5,partial umbral,0.144,1.1869,0.8967,5757.0,1.44,,-90.0,0.0,False
1897334.28958,482,8,14,0482-08-14,6,partial umbral,0.3763,1.3794,0.8071,5757.0,2.19,,-90.0,0.0,False
1897482.67898,483,1,10,0483-01-10,1,penumbral,-0.5427,0.581,1.1579,5748.0,0.0,,,0.0,False
1897659.6446,483,7,6,0483-07-06,3,partial umbral,0.0382,1.0002,1.0342,5748.0,0.71,Clonmacnoise,10.9,1.0,True
1897688.93771,483,8,4,0483-08-04,4,penumbral,-0.8459,0.1214,1.525,5748.0,0.0,,,0.0,False
1897836.6477,483,12,30,0483-12-30,5,partial umbral,0.7144,1.8283,0.5487,5748.0,3.09,Clonmacnoise,60.3,1.0,True
1898014.30932,484,6,24,0484-06-24,0,total,1.35,2.3427,0.2859,5738.0,3.5,,-90.0,0.0,False
1898190.82544,484,12,18,0484-12-18,2,total,1.643,2.7048,0.1059,5738.0,3.71,Clonmacnoise,36.9,1.0,True
1898368.74756,485,6,14,0485-06-14,5,partial umbral,0.9366,1.9839,0.4681,5729.0,3.32,Clonmacnoise,7.3,0.16,True
1898545.30171,485,12,7,0485-12-07,6,partial umbral,0.4361,1.4448,0.7881,5729.0,2.29,Iona,20.6,0.92,True
1898693.2661,486,5,4,0486-05-04,0,penumbral,-1.0141,0.0791,1.3948,5719.0,0.0,,,0.0,False
1898722.88988,486,6,3,0486-06-03,2,penumbral,-0.5478,0.5394,1.171,5719.0,0.0,,,0.0,False
1898870.49941,486,10,28,0486-10-28,2,penumbral,-0.433,0.5653,1.2759,5719.0,0.0,,,0.0,False
1898899.9424,486,11,27,0486-11-27,4,penumbral,-0.714,0.2773,1.4484,5719.0,0.0,,,0.0,False
1899047.35043,487,4,23,0487-04-23,4,partial umbral,0.4259,1.4899,0.7165,5710.0,2.46,,-90.0,0.0,False
1899225.02953,487,10,18,0487-10-18,0,partial umbral,0.7308,1.7752,0.5919,5710.0,2.95,,-90.0,0.0,False
1899401.71021,488,4,12,0488-04-12,2,total,1.8404,2.8507,0.0167,5700.0,3.68,Clonmacnoise,25.3,0.88,True
1899579.27906,488,10,6,0488-10-06,4,total,1.6528,2.7504,0.0878,5700.0,3.86,Armagh,10.6,0.2,True
1899756.32507,489,4,1,0489-04-01,6,partial umbral,0.5266,1.4994,0.7568,5691.0,2.46,,-90.0,0.0,False
1899933.28436,489,9,25,0489-09-25,1,partial umbral,0.3359,1.4514,0.7272,5691.0,2.28,,-90.0,0.0,False
1900081.63758,490,2,21,0490-02-21,3,penumbral,-0.2652,0.7389,1.164,5681.0,0.0,,,0.0,False
1900111.02361,490,3,22,0490-03-22,4,penumbral,-0.7606,0.2167,1.4673,5681.0,0.0,,,0.0,False
1900257.7659,490,8,16,0490-08-16,4,penumbral,-0.5704,0.4732,1.2558,5681.0,0.0,,,0.0,False
1900287.33092,490,9,14,0490-09-14,5,penumbral,-0.8854,0.1959,1.3718,5681.0,0.0,,,0.0,False
1900436.08722,491,2,10,0491-02-10,0,partial umbral,0.943,2.0059,0.4653,5672.0,3.29,,-90.0,0.0,False
1900612.26104,491,8,5,0491-08-05,1,partial umbral,0.9138,1.9014,0.5287,5672.0,3.09,,-90.0,0.0,False
1900790.22627,492,1,30,0492-01-30,4,total,1.4179,2.5314,0.1987,5662.0,3.82,Iona,5.4,0.04,True
1900966.9469,492,7,25,0492-07-25,6,total,1.5137,2.4775,0.2125,5662.0,3.47,,-90.0,0.0,False
1901144.19519,493,1,18,0493-01-18,1,partial umbral,0.1518,1.2696,0.8212,5653.0,1.57,,-90.0,0.0,False
1901321.63173,493,7,15,0493-07-15,4,partial umbral,0.1313,1.1163,0.9546,5653.0,1.32,Clonmacnoise,13.1,1.0,True
1901468.71038,493,12,9,0493-12-09,4,penumbral,-0.5424,0.5023,1.2699,5653.0,0.0,,,0.0,False
1901498.31163,494,1,7,0494-01-07,5,penumbral,-0.9969,0.0769,1.4583,5643.0,0.0,,,0.0,False
1901646.63238,494,6,5,0494-06-05,0,partial umbral,0.1418,1.2037,0.858,5643.0,1.48,Clonmacnoise,13.9,1.0,True
1901823.25133,494,11,28,0494-11-28,1,partial umbral,0.8002,1.7989,0.5969,5643.0,2.9,Iona,13.2,0.4,True
1902000.71336,495,5,25,0495-05-25,4,total,1.5103,2.6014,0.1576,5634.0,3.89,Clonmacnoise,13.5,0.48,True
1902177.90465,495,11,18,0495-11-18,6,total,1.7341,2.7289,0.0808,5634.0,3.53,Clonmacnoise,13.5,0.32,True
1902354.76629,496,5,13,0496-05-13,1,partial umbral,0.765,1.836,0.5383,5624.0,3.15,Clonmacnoise,7.8,0.2,True
1902532.47434,496,11,6,0496-11-06,3,partial umbral,0.423,1.4576,0.7667,5624.0,2.32,Clonmacnoise,50.9,1.0,True
1902679.67045,497,4,3,0497-04-03,4,penumbral,-0.5333,0.4647,1.3039,5615.0,0.0,,,0.0,False
1902709.06666,497,5,2,0497-05-02,5,penumbral,-0.5351,0.4836,1.2647,5615.0,0.0,,,0.0,False
1902857.08615,497,9,27,0497-09-27,6,penumbral,-0.7509,0.3551,1.2737,5615.0,0.0,,,0.0,False
1902886.7881,497,10,27,0497-10-27,1,penumbral,-0.9974,0.0938,1.4286,5615.0,0.0,,,0.0,False
1903034.32423,498,3,23,0498-03-23,1,partial umbral,0.8493,1.8202,0.5809,5606.0,2.95,Armagh,7.0,0.12,True
1903211.07257,498,9,16,0498-09-16,3,partial umbral,0.5198,1.6284,0.641,5606.0,2.75,,-90.0,0.0,False
1903389.00795,499,3,13,0499-03-13,6,total,1.6215,2.6103,0.1433,5596.0,3.55,,-90.0,0.0,False
1903565.18817,499,9,5,0499-09-05,0,total,1.7811,2.8438,0.0331,5596.0,3.8,,-90.0,0.0,False
1903743.52774,500,3,2,0500-03-02,4,partial umbral,0.2018,1.2448,0.8635,5587.0,1.69,Clonmacnoise,40.7,1.0,True
1903919.6114,500,8,25,0500-08-25,5,partial umbral,0.4756,1.4786,0.7559,5587.0,2.42,Clonmacnoise,26.0,1.0,True
1904068.00584,501,1,20,0501-01-20,6,penumbral,-0.5718,0.5504,1.1717,5577.0,0.0,,,0.0,False
1904244.95877,501,7,16,0501-07-16,1,penumbral,-0.088,0.8762,1.1031,5577.0,0.0,,,0.0,False
1904274.26259,501,8,14,0501-08-14,2,penumbral,-0.7448,0.2244,1.4694,5577.0,0.0,,,0.0,False
1904421.98294,502,1,9,0502-01-09,3,partial umbral,0.7008,1.8111,0.5574,5568.0,3.07,,-90.0,0.0,False
1904599.61113,502,7,6,0502-07-06,6,total,1.21,2.2069,0.3591,5568.0,3.41,Clonmacnoise,12.6,1.0,True
1904776.17858,502,12,29,0502-12-29,0,total,1.6522,2.7099,0.1025,5568.0,3.7,,-90.0,0.0,False
1904954.02911,503,6,25,0503-06-25,3,total,1.0815,2.1329,0.3918,5558.0,3.48,,-90.0,0.0,False
1905130.66846,503,12,19,0503-12-19,5,partial umbral,0.4434,1.4497,0.7863,5558.0,2.31,Clonmacnoise,57.7,1.0,True
1905308.15544,504,6,13,0504-06-13,0,penumbral,-0.3929,0.6956,1.0934,5549.0,0.0,,,0.0,False
1905455.86183,504,11,8,0504-11-08,1,penumbral,-0.4523,0.5494,1.2835,5549.0,0.0,,,0.0,False
1905485.31242,504,12,7,0504-12-07,2,penumbral,-0.712,0.28,1.4465,5549.0,0.0,,,0.0,False
1905632.63512,505,5,4,0505-05-04,3,partial umbral,0.2973,1.3561,0.785,5539.0,2.09,Clonmacnoise,18.9,1.0,True
1905810.3758,505,10,28,0505-10-28,5,partial umbral,0.7005,1.7505,0.6046,5539.0,2.91,Armagh,34.3,1.0,True
1905987.01752,506,4,23,0506-04-23,0,total,1.7878,2.7926,0.0464,5530.0,3.66,,-90.0,0.0,False
1906164.60424,506,10,18,0506-10-18,3,total,1.6905,2.7934,0.0675,5530.0,3.87,Clonmacnoise,46.3,1.0,True
1906341.64716,507,4,13,0507-04-13,5,partial umbral,0.6357,1.6049,0.698,5520.0,2.65,Clonmacnoise,27.5,1.0,True
1906518.59723,507,10,7,0507-10-07,0,partial umbral,0.3913,1.5098,0.6995,5520.0,2.44,Clonmacnoise,41.4,1.0,True
1906666.97518,508,3,3,0508-03-03,1,penumbral,-0.3332,0.6704,1.1979,5511.0,0.0,,,0.0,False
1906696.35034,508,4,1,0508-04-01,2,penumbral,-0.6725,0.3036,1.4164,5511.0,0.0,,,0.0,False
1906843.07669,508,8,26,0508-08-26,2,penumbral,-0.6556,0.3877,1.3043,5511.0,0.0,,,0.0,False
1906872.64908,508,9,25,0508-09-25,4,penumbral,-0.8162,0.2656,1.3404,5511.0,0.0,,,0.0,False
1907021.41517,509,2,20,0509-02-20,5,partial umbral,0.885,1.9479,0.4936,5502.0,3.23,Clonmacnoise,34.1,1.0,True
1907197.58194,509,8,16,0509-08-16,0,partial umbral,0.8141,1.8018,0.5846,5502.0,2.96,Clonmacnoise,22.9,1.0,True
1907375.54569,510,2,10,0510-02-10,3,total,1.4652,2.5771,0.1755,5492.0,3.85,Clonmacnoise,50.2,1.0,True
1907552.26742,510,8,5,0510-08-05,4,total,1.6259,2.5922,0.1493,5492.0,3.5,,-90.0,0.0,False
1907729.52016,511,1,30,0511-01-30,0,partial umbral,0.1897,1.3034,0.8047,5482.0,1.74,Clonmacnoise,52.4,1.0,True
1907906.94137,511,7,26,0511-07-26,2,partial umbral,0.246,1.2357,0.8885,5482.0,1.79,,-90.0,0.0,False
1908054.06939,511,12,20,0511-12-20,2,penumbral,-0.5367,0.5045,1.2714,5482.0,0.0,,,0.0,False
1908083.6553,512,1,19,0512-01-19,4,penumbral,-0.9682,0.1003,1.4492,5473.0,0.0,,,0.0,False
1908231.90739,512,6,15,0512-06-15,5,penumbral,-0.0185,1.0465,0.9353,5473.0,0.0,,,0.0,False
1908408.62064,512,12,9,0512-12-09,0,partial umbral,0.7998,1.7974,0.5982,5473.0,2.9,Clonmacnoise,58.9,1.0,True
1908585.97826,513,6,4,0513-06-04,2,total,1.348,2.4388,0.2372,5464.0,3.81,,-90.0,0.0,False
1908763.27285,513,11,28,0513-11-28,4,total,1.7392,2.7359,0.0774,5464.0,3.53,Iona,21.0,0.6,True
1908940.04187,514,5,24,0514-05-24,6,partial umbral,0.9212,1.9882,0.4624,5454.0,3.36,,-90.0,0.0,False
1909117.831,514,11,18,0514-11-18,2,partial umbral,0.4275,1.4665,0.761,5454.0,2.34,Clonmacnoise,24.4,0.92,True
1909264.98556,515,4,14,0515-04-14,2,penumbral,-0.6304,0.3622,1.3616,5445.0,0.0,,,0.0,False
1909294.36342,515,5,13,0515-05-13,3,penumbral,-0.3921,0.6215,1.1948,5445.0,0.0,,,0.0,False
1909442.40225,515,10,8,0515-10-08,4,penumbral,-0.8114,0.2996,1.3003,5445.0,0.0,,,0.0,False
1909472.12531,515,11,7,0515-11-07,6,penumbral,-0.9844,0.1116,1.4173,5445.0,0.0,,,0.0,False
1909619.65227,516,4,3,0516-04-03,0,partial umbral,0.7543,1.7221,0.6348,5435.0,2.83,Clonmacnoise,31.0,1.0,True
1909796.38128,516,9,26,0516-09-26,1,partial umbral,0.4505,1.5612,0.6753,5435.0,2.58,Armagh,22.4,0.84,True
1909974.33758,517,3,23,0517-03-23,4,total,1.7084,2.6966,0.0955,5426.0,3.57,Armagh,12.1,0.28,True
1910150.50572,517,9,16,0517-09-16,6,total,1.8342,2.897,0.0059,5426.0,3.79,Clonmacnoise,34.4,1.0,True
1910328.84906,518,3,13,0518-03-13,2,partial umbral,0.2737,1.3168,0.8232,5416.0,1.96,Clonmacnoise,7.2,0.2,True
1910504.93933,518,9,5,0518-09-05,3,partial umbral,0.5627,1.566,0.7109,5416.0,2.59,,-90.0,0.0,False
1910653.32747,519,1,31,0519-01-31,4,penumbral,-0.611,0.509,1.1909,5407.0,0.0,,,0.0,False
1910830.27558,519,7,27,0519-07-27,6,penumbral,-0.2089,0.7583,1.1685,5407.0,0.0,,,0.0,False
1910859.59259,519,8,26,0519-08-26,1,penumbral,-0.6545,0.317,1.4193,5407.0,0.0,,,0.0,False
1911007.314,520,1,20,0520-01-20,1,partial umbral,0.6777,1.7835,0.5711,5398.0,3.02,Iona,22.4,0.72,True
1911184.91446,520,7,16,0520-07-16,4,total,1.0746,2.0764,0.4292,5398.0,3.31,,-90.0,0.0,False
1911361.52991,521,1,9,0521-01-09,6,total,1.6674,2.7203,0.0961,5388.0,3.7,Clonmacnoise,58.0,1.0,True
1911539.3109,521,7,5,0521-07-05,1,total,1.2241,2.28,0.3171,5388.0,3.61,,-90.0,0.0,False
1911716.03457,521,12,29,0521-12-29,3,partial umbral,0.4528,1.4564,0.7833,5388.0,2.32,,-90.0,0.0,False
1911893.42063,522,6,24,0522-06-24,5,penumbral,-0.2366,0.8534,1.0154,5379.0,0.0,,,0.0,False
1912041.22716,522,11,19,0522-11-19,6,penumbral,-0.4646,0.5402,1.2872,5379.0,0.0,,,0.0,False
1912070.68292,522,12,19,0522-12-19,1,penumbral,-0.7119,0.2803,1.4456,5379.0,0.0,,,0.0,False
1912217.91678,523,5,15,0523-05-15,1,partial umbral,0.1608,1.2148,0.858,5369.0,1.56,,-90.0,0.0,False
1912395.72593,523,11,9,0523-11-09,4,partial umbral,0.6804,1.7354,0.612,5369.0,2.88,Clonmacnoise,45.5,1.0,True
1912572.32195,524,5,3,0524-05-03,5,total,1.6641,2.6637,0.1142,5360.0,3.63,,-90.0,0.0,False
1912749.93363,524,10,28,0524-10-28,1,total,1.7184,2.8261,0.0523,5360.0,3.88,,-90.0,0.0,False
1912926.96628,525,4,23,0525-04-23,3,partial umbral,0.7515,1.7174,0.6352,5350.0,2.83,,-90.0,0.0,False
1913103.91568,525,10,17,0525-10-17,5,partial umbral,0.4359,1.5569,0.6774,5350.0,2.56,,-90.0,0.0,False
1913252.30753,526,3,14,0526-03-14,6,penumbral,-0.4109,0.5923,1.2367,5341.0,0.0,,,0.0,False
1913281.67282,526,4,13,0526-04-13,1,penumbral,-0.577,0.3984,1.3612,5341.0,0.0,,,0.0,False
1913428.39347,526,9,6,0526-09-06,0,penumbral,-0.7296,0.3134,1.3473,5341.0,0.0,,,0.0,False
1913457.97318,526,10,6,0526-10-06,2,penumbral,-0.7577,0.3243,1.3144,5341.0,0.0,,,0.0,False
1913606.73699,527,3,4,0527-03-04,4,partial umbral,0.8157,1.8786,0.5276,5332.0,3.15,Clonmacnoise,36.1,1.0,True
1913782.90843,527,8,27,0527-08-27,5,partial umbral,0.7256,1.714,0.6344,5332.0,2.83,,-90.0,0.0,False
1913960.8577,528,2,21,0528-02-21,1,total,1.5279,2.6378,0.145,5322.0,3.88,Clonmacnoise,21.6,0.48,True
1914137.59309,528,8,16,0528-08-16,3,total,1.7259,2.695,0.0927,5322.0,3.52,Clonmacnoise,22.3,1.0,True
1914314.83925,529,2,9,0529-02-09,5,partial umbral,0.2409,1.3499,0.7817,5313.0,1.94,Clonmacnoise,20.9,0.88,True
1914492.25469,529,8,5,0529-08-05,0,partial umbral,0.3513,1.3461,0.8277,5313.0,2.11,,-90.0,0.0,False
1914639.42671,529,12,30,0529-12-30,0,penumbral,-0.5355,0.5016,1.2755,5313.0,0.0,,,0.0,False
1914668.99479,530,1,29,0530-01-29,2,penumbral,-0.9293,0.1335,1.4348,5303.0,0.0,,,0.0,False
1914817.18233,530,6,26,0530-06-26,3,penumbral,-0.1767,0.892,1.0111,5303.0,0.0,,,0.0,False
1914993.98951,530,12,20,0530-12-20,5,partial umbral,0.7979,1.7938,0.6004,5303.0,2.89,,-90.0,0.0,False
1915171.24157,531,6,15,0531-06-15,0,total,1.1824,2.2732,0.3183,5294.0,3.7,,-90.0,0.0,False
1915348.64204,531,12,10,0531-12-10,3,total,1.7416,2.7398,0.0755,5294.0,3.53,Clonmacnoise,59.5,1.0,True
1915525.31651,532,6,3,0532-06-03,4,total,1.0807,2.1444,0.3843,5284.0,3.52,,-90.0,0.0,False
1915703.18927,532,11,28,0532-11-28,0,partial umbral,0.4272,1.47,0.758,5284.0,2.35,,-90.0,0.0,False
1915850.29697,533,4,24,0533-04-24,0,penumbral,-0.7362,0.2514,1.4242,5275.0,0.0,,,0.0,False
1915879.65927,533,5,24,0533-05-24,2,penumbral,-0.2456,0.7636,1.1225,5275.0,0.0,,,0.0,False
1916027.72411,533,10,19,0533-10-19,3,penumbral,-0.858,0.2575,1.3203,5275.0,0.0,,,0.0,False
1916057.46575,533,11,17,0533-11-17,4,penumbral,-0.9794,0.1208,1.4103,5275.0,0.0,,,0.0,False
1916204.97565,534,4,14,0534-04-14,5,partial umbral,0.6486,1.6137,0.6946,5266.0,2.67,,-90.0,0.0,False
1916381.69634,534,10,8,0534-10-08,0,partial umbral,0.3943,1.507,0.7034,5266.0,2.44,Clonmacnoise,37.4,1.0,True
1916559.66156,535,4,4,0535-04-04,3,total,1.8065,2.7942,0.0418,5256.0,3.6,Clonmacnoise,30.3,1.0,True
1916735.83037,535,9,27,0535-09-27,4,total,1.7715,2.8344,0.0382,5256.0,3.78,Clonmacnoise,15.8,0.36,True
1916914.16328,536,3,23,0536-03-23,0,partial umbral,0.3593,1.4027,0.776,5247.0,2.22,,-90.0,0.0,False
1917090.27393,536,9,15,0536-09-15,1,partial umbral,0.6364,1.6401,0.6727,5247.0,2.71,,-90.0,0.0,False
1917238.64394,537,2,11,0537-02-11,3,penumbral,-0.6605,0.4569,1.2153,5238.0,0.0,,,0.0,False
1917415.59589,537,8,7,0537-08-07,5,penumbral,-0.3219,0.6487,1.2291,5238.0,0.0,,,0.0,False
1917444.92742,537,9,5,0537-09-05,6,penumbral,-0.5744,0.3997,1.3746,5238.0,0.0,,,0.0,False
1917592.64194,538,1,31,0538-01-31,0,partial umbral,0.6472,1.748,0.5888,5228.0,2.96,Clonmacnoise,54.0,1.0,True
1917770.21993,538,7,27,0538-07-27,2,partial umbral,0.9452,1.9523,0.4955,5228.0,3.19,,-90.0,0.0,False
1917946.87839,539,1,20,0539-01-20,4,total,1.6902,2.7379,0.0857,5219.0,3.69,Clonmacnoise,23.3,0.56,True
1918124.5936,539,7,17,0539-07-17,0,total,1.3631,2.424,0.2445,5219.0,3.71,Clonmacnoise,14.9,1.0,True
1918301.39822,540,1,9,0540-01-09,1,partial umbral,0.4686,1.4689,0.7768,5209.0,2.35,Armagh,38.7,1.0,True
1918478.68797,540,7,5,0540-07-05,4,penumbral,-0.0846,1.0074,0.9397,5209.0,0.0,,,0.0,False
1918626.5932,540,11,30,0540-11-30,5,penumbral,-0.4753,0.5321,1.2899,5209.0,0.0,,,0.0,False
1918656.05102,540,12,29,0540-12-29,6,penumbral,-0.7065,0.2854,1.4415,5209.0,0.0,,,0.0,False
1918803.19851,541,5,25,0541-05-25,6,partial umbral,0.0229,1.0725,0.9321,5200.0,0.6,,-90.0,0.0,False
1918981.07796,541,11,19,0541-11-19,2,partial umbral,0.6654,1.7249,0.6169,5200.0,2.86,,-90.0,0.0,False
1919157.62426,542,5,15,0542-05-15,4,total,1.5339,2.5289,0.1859,5190.0,3.59,Clonmacnoise,16.7,1.0,True
1919335.26662,542,11,8,0542-11-08,6,total,1.7379,2.8498,0.0415,5190.0,3.89,Iona,19.0,0.44,True
1919512.28128,543,5,4,0543-05-04,1,partial umbral,0.8771,1.8403,0.5666,5181.0,2.99,,-90.0,0.0,False
1919689.24016,543,10,28,0543-10-28,3,partial umbral,0.4681,1.5909,0.6616,5181.0,2.64,Iona,5.4,0.08,True
1919837.63213,544,3,25,0544-03-25,5,penumbral,-0.5046,0.4986,1.2835,5172.0,0.0,,,0.0,False
1919866.98929,544,4,23,0544-04-23,6,penumbral,-0.4693,0.5058,1.2992,5172.0,0.0,,,0.0,False
1920013.71816,544,9,17,0544-09-17,6,penumbral,-0.7881,0.2548,1.3824,5172.0,0.0,,,0.0,False
1920043.30484,544,10,16,0544-10-16,0,penumbral,-0.7137,0.3683,1.2957,5172.0,0.0,,,0.0,False
1920192.05131,545,3,14,0545-03-14,2,partial umbral,0.732,1.7948,0.5687,5162.0,3.04,,-90.0,0.0,False
1920368.24064,545,9,6,0545-09-06,3,partial umbral,0.6486,1.6378,0.6779,5162.0,2.7,,-90.0,0.0,False
1920546.16383,546,3,3,0546-03-03,6,total,1.6027,2.7102,0.1086,5153.0,3.91,,-90.0,0.0,False
1920722.92302,546,8,27,0546-08-27,1,total,1.8161,2.7885,0.0415,5153.0,3.54,,-90.0,0.0,False
1920900.15351,547,2,20,0547-02-20,3,partial umbral,0.3039,1.4077,0.7531,5144.0,2.16,,-90.0,0.0,False
1921077.57104,547,8,17,0547-08-17,6,partial umbral,0.4488,1.4492,0.7712,5144.0,2.36,Clonmacnoise,21.9,1.0,True
1921224.78287,548,1,11,0548-01-11,6,penumbral,-0.5378,0.4948,1.2815,5134.0,0.0,,,0.0,False
1921254.3307,548,2,9,0548-02-09,0,penumbral,-0.8811,0.1756,1.4157,5134.0,0.0,,,0.0,False
1921402.45799,548,7,6,0548-07-06,1,penumbral,-0.3314,0.7413,1.0847,5134.0,0.0,,,0.0,False
1921579.35722,548,12,30,0548-12-30,3,partial umbral,0.7932,1.787,0.6043,5134.0,2.89,Armagh,34.3,1.0,True
1921756.50705,549,6,26,0549-06-26,6,total,1.0217,2.113,0.3971,5125.0,3.55,Clonmacnoise,12.8,0.72,True
1921934.01084,549,12,20,0549-12-20,1,total,1.7442,2.7434,0.0737,5125.0,3.54,,-90.0,0.0,False
1922110.59247,550,6,15,0550-06-15,3,total,1.2389,2.2996,0.3064,5116.0,3.64,Clonmacnoise,12.2,1.0,True
1922288.54779,550,12,10,0550-12-10,6,partial umbral,0.4253,1.4712,0.756,5116.0,2.35,Clonmacnoise,60.5,1.0,True
1922435.6061,551,5,6,0551-05-06,6,penumbral,-0.8477,0.1354,1.49,5106.0,0.0,,,0.0,False
1922464.95534,551,6,4,0551-06-04,0,penumbral,-0.0981,0.9071,1.049,5106.0,0.0,,,0.0,False
1922613.05023,551,10,30,0551-10-30,1,penumbral,-0.8947,0.2247,1.3358,5106.0,0.0,,,0.0,False
1922642.80704,551,11,29,0551-11-29,3,penumbral,-0.9765,0.127,1.4048,5106.0,0.0,,,0.0,False
1922790.29481,552,4,24,0552-04-24,3,partial umbral,0.5333,1.4963,0.7595,5097.0,2.46,,-90.0,0.0,False
1922967.0181,552,10,18,0552-10-18,5,partial umbral,0.3523,1.4663,0.7248,5097.0,2.31,,-90.0,0.0,False
1923144.98014,553,4,14,0553-04-14,1,total,1.8506,2.8384,0.0176,5088.0,3.61,,-90.0,0.0,False
1923321.16143,553,10,7,0553-10-07,2,total,1.7212,2.7839,0.0643,5088.0,3.76,,-90.0,0.0,False
1923499.47069,554,4,3,0554-04-03,5,partial umbral,0.4582,1.5021,0.7221,5078.0,2.48,Clonmacnoise,26.1,1.0,True
1923675.61482,554,9,27,0554-09-27,0,partial umbral,0.6973,1.7015,0.6412,5078.0,2.8,Clonmacnoise,38.6,1.0,True
1923823.95308,555,2,22,0555-02-22,1,penumbral,-0.7245,0.3898,1.2471,5069.0,0.0,,,0.0,False
1923853.65487,555,3,24,0555-03-24,3,penumbral,-1.0137,0.0815,1.4053,5069.0,0.0,,,0.0,False
1924000.92037,555,8,18,0555-08-18,3,penumbral,-0.4257,0.5488,1.2841,5069.0,0.0,,,0.0,False
1924030.26824,555,9,16,0555-09-16,4,penumbral,-0.5075,0.4693,1.337,5069.0,0.0,,,0.0,False
1924177.96431,556,2,11,0556-02-11,5,partial umbral,0.6039,1.6992,0.6131,5059.0,2.87,,-90.0,0.0,False
1924355.52863,556,8,7,0556-08-07,1,partial umbral,0.8244,1.8372,0.5567,5059.0,3.05,Clonmacnoise,19.6,1.0,True
1924532.22292,557,1,30,0557-01-30,2,total,1.7236,2.7656,0.0699,5050.0,3.69,Iona,4.8,0.04,True
1924709.87902,557,7,27,0557-07-27,5,total,1.4947,2.561,0.1761,5050.0,3.79,,-90.0,0.0,False
1924886.75967,558,1,20,0558-01-20,0,partial umbral,0.4899,1.4865,0.7673,5041.0,2.39,Clonmacnoise,41.5,1.0,True
1925063.9565,558,7,16,0558-07-16,2,partial umbral,0.0655,1.1597,0.8651,5041.0,1.05,,-90.0,0.0,False
1925211.96053,558,12,11,0558-12-11,3,penumbral,-0.4824,0.5271,1.2907,5041.0,0.0,,,0.0,False
1925241.41782,559,1,9,0559-01-09,4,penumbral,-0.6991,0.2922,1.4363,5031.0,0.0,,,0.0,False
1925388.47966,559,6,5,0559-06-05,4,penumbral,-0.1179,0.9278,1.0082,5031.0,0.0,,,0.0,False
1925566.43165,559,11,30,0559-11-30,0,partial umbral,0.6558,1.7192,0.6191,5031.0,2.86,Clonmacnoise,51.1,1.0,True
1925742.92572,560,5,25,0560-05-25,2,total,1.4,2.3911,0.2598,5022.0,3.52,,-90.0,0.0,False
1925920.60252,560,11,19,0560-11-19,5,total,1.7508,2.8662,0.0342,5022.0,3.89,Clonmacnoise,56.5,1.0,True
1926097.59468,561,5,15,0561-05-15,0,total,1.0057,1.9669,0.4959,5013.0,3.13,Clonmacnoise,17.1,1.0,True
1926274.56819,561,11,8,0561-11-08,2,partial umbral,0.4937,1.6178,0.6492,5013.0,2.69,Clonmacnoise,53.0,1.0,True
1926422.95189,562,4,5,0562-04-05,3,penumbral,-0.6069,0.3964,1.3346,5003.0,0.0,,,0.0,False
1926452.3027,562,5,4,0562-05-04,4,penumbral,-0.3565,0.6189,1.2342,5003.0,0.0,,,0.0,False
1926599.04904,562,9,28,0562-09-28,4,penumbral,-0.8351,0.2076,1.4116,5003.0,0.0,,,0.0,False
1926628.64162,562,10,28,0562-10-28,6,penumbral,-0.6787,0.4028,1.2816,5003.0,0.0,,,0.0,False
1926777.35835,563,3,25,0563-03-25,0,partial umbral,0.6341,1.6969,0.6168,4994.0,2.88,Armagh,13.9,0.4,True
1926953.57912,563,9,18,0563-09-18,2,partial umbral,0.5843,1.5745,0.7146,4994.0,2.59,Clonmacnoise,35.3,1.0,True
1927131.46238,564,3,13,0564-03-13,4,total,1.6936,2.7988,0.0644,4985.0,3.93,Clonmacnoise,35.9,1.0,True
1927308.25861,564,9,6,0564-09-06,6,total,1.8845,2.8604,0.0025,4985.0,3.54,,-90.0,0.0,False
1927485.46138,565,3,2,0565-03-02,1,partial umbral,0.382,1.4804,0.7171,4976.0,2.39,Clonmacnoise,37.2,1.0,True
1927662.89256,565,8,27,0565-08-27,4,partial umbral,0.5336,1.5398,0.7218,4976.0,2.54,,-90.0,0.0,False
1927810.13571,566,1,21,0566-01-21,4,penumbral,-0.5479,0.4797,1.2918,4966.0,0.0,,,0.0,False
1927839.66152,566,2,20,0566-02-20,6,penumbral,-0.8206,0.2297,1.3903,4966.0,0.0,,,0.0,False
1927987.73492,566,7,18,0566-07-18,0,penumbral,-0.4812,0.596,1.1556,4966.0,0.0,,,0.0,False
1928017.30014,566,8,16,0566-08-16,1,penumbral,-0.9607,0.099,1.4316,4966.0,0.0,,,0.0,False
1928164.72267,567,1,11,0567-01-11,2,partial umbral,0.7833,1.7746,0.611,4957.0,2.87,Clonmacnoise,50.8,1.0,True
1928341.77382,567,7,7,0567-07-07,4,partial umbral,0.8643,1.9564,0.4742,4957.0,3.36,,-90.0,0.0,False
1928519.37785,567,12,31,0567-12-31,6,total,1.7505,2.7501,0.07,4957.0,3.54,Armagh,42.1,1.0,True
1928695.8702,568,6,25,0568-06-25,1,total,1.3946,2.4528,0.2293,4948.0,3.73,,-90.0,0.0,False
1928873.90586,568,12,20,0568-12-20,4,partial umbral,0.4227,1.4712,0.7545,4948.0,2.35,Iona,12.9,0.44,True
1929020.91299,569,5,16,0569-05-16,4,penumbral,-0.9652,0.014,1.5591,4938.0,0.0,,,0.0,False
1929050.25202,569,6,14,0569-06-14,5,partial umbral,0.0499,1.0518,0.9744,4938.0,0.84,,-90.0,0.0,False
1929198.38022,569,11,9,0569-11-09,6,penumbral,-0.9221,0.2005,1.347,4938.0,0.0,,,0.0,False
1929228.14922,569,12,9,0569-12-09,1,penumbral,-0.9762,0.1301,1.4008,4938.0,0.0,,,0.0,False
1929375.61057,570,5,6,0570-05-06,2,partial umbral,0.4103,1.3716,0.8284,4929.0,2.2,Clonmacnoise,19.9,1.0,True
1929552.34552,570,10,29,0570-10-29,3,partial umbral,0.3216,1.4365,0.7408,4929.0,2.22,Armagh,26.0,1.0,True
1929730.29298,571,4,25,0571-04-25,6,total,1.7298,2.718,0.0831,4920.0,3.61,,-90.0,0.0,False
1929906.49919,571,10,18,0571-10-18,0,total,1.6842,2.7464,0.0838,4920.0,3.74,Clonmacnoise,47.2,1.0,True
1930084.77193,572,4,14,0572-04-14,4,partial umbral,0.5686,1.6133,0.6626,4910.0,2.73,Clonmacnoise,12.5,0.4,True
1930260.96151,572,10,7,0572-10-07,5,partial umbral,0.7465,1.7511,0.6158,4910.0,2.87,,-90.0,0.0,False
1930409.2567,573,3,4,0573-03-04,6,penumbral,-0.7993,0.3116,1.2844,4901.0,0.0,,,0.0,False
1930438.94463,573,4,3,0573-04-03,1,penumbral,-0.9078,0.186,1.3512,4901.0,0.0,,,0.0,False
1930586.24958,573,8,28,0573-08-28,1,penumbral,-0.519,0.4597,1.3329,4901.0,0.0,,,0.0,False
1930615.61424,573,9,27,0573-09-27,3,penumbral,-0.4522,0.5276,1.3054,4901.0,0.0,,,0.0,False
1930763.2827,574,2,21,0574-02-21,3,partial umbral,0.5511,1.6405,0.6425,4892.0,2.76,Iona,7.8,0.16,True
1930940.84046,574,8,18,0574-08-18,6,partial umbral,0.7116,1.7305,0.6131,4892.0,2.9,,-90.0,0.0,False
1931117.56366,575,2,11,0575-02-11,1,total,1.767,2.8029,0.0487,4882.0,3.69,Clonmacnoise,49.5,1.0,True
1931295.16767,575,8,7,0575-08-07,3,total,1.6182,2.6901,0.1122,4882.0,3.83,,-90.0,0.0,False
1931472.11634,576,1,31,0576-01-31,5,partial umbral,0.5229,1.5156,0.7513,4873.0,2.46,,-90.0,0.0,False
1931649.22983,576,7,26,0576-07-26,0,partial umbral,0.2059,1.3027,0.7954,4873.0,1.82,,-90.0,0.0,False
1931797.32651,576,12,21,0576-12-21,1,penumbral,-0.4926,0.5185,1.2931,4873.0,0.0,,,0.0,False
1931826.78051,577,1,20,0577-01-20,3,penumbral,-0.6827,0.3077,1.4259,4864.0,0.0,,,0.0,False
1931973.76274,577,6,16,0577-06-16,3,penumbral,-0.2559,0.7865,1.0832,4864.0,0.0,,,0.0,False
1932151.78477,577,12,11,0577-12-11,6,partial umbral,0.6462,1.7128,0.6214,4864.0,2.85,Clonmacnoise,39.5,1.0,True
1932328.22707,578,6,5,0578-06-05,0,total,1.2639,2.2516,0.3351,4855.0,3.43,,-90.0,0.0,False
1932505.93997,578,11,30,0578-11-30,3,total,1.7599,2.8778,0.029,4855.0,3.9,Iona,9.3,0.16,True
1932682.90511,579,5,26,0579-05-26,5,total,1.1414,2.1012,0.4209,4845.0,3.25,,-90.0,0.0,False
1932859.90089,579,11,19,0579-11-19,0,partial umbral,0.5104,1.635,0.6414,4845.0,2.73,Iona,9.4,0.24,True
1933008.26487,580,4,15,0580-04-15,1,penumbral,-0.723,0.2809,1.3924,4836.0,0.0,,,0.0,False
1933037.6119,580,5,15,0580-05-15,3,penumbral,-0.2352,0.741,1.1647,4836.0,0.0,,,0.0,False
1933184.38707,580,10,8,0580-10-08,2,penumbral,-0.8688,0.1737,1.4338,4836.0,0.0,,,0.0,False
1933213.98388,580,11,7,0580-11-07,4,penumbral,-0.6534,0.4271,1.2725,4836.0,0.0,,,0.0,False
1933362.65861,581,4,5,0581-04-05,6,partial umbral,0.523,1.586,0.6713,4827.0,2.67,Clonmacnoise,28.3,1.0,True
1933538.92383,581,9,28,0581-09-28,0,partial umbral,0.5324,1.5236,0.7443,4827.0,2.48,,-90.0,0.0,False
1933716.75497,582,3,25,0582-03-25,3,total,1.797,2.8996,0.0143,4818.0,3.94,Clonmacnoise,27.1,0.72,True
1933893.59915,582,9,18,0582-09-18,5,total,1.8148,2.7945,0.0402,4818.0,3.54,Clonmacnoise,34.7,1.0,True
1934070.76461,583,3,14,0583-03-14,0,partial umbral,0.4715,1.5642,0.6754,4808.0,2.61,Clonmacnoise,26.4,0.92,True
1934248.21853,583,9,7,0583-09-07,2,partial umbral,0.6071,1.6195,0.6786,4808.0,2.69,,-90.0,0.0,False
1934395.48505,584,2,1,0584-02-01,2,penumbral,-0.5665,0.4557,1.3068,4799.0,0.0,,,0.0,False
1934424.98758,584,3,2,0584-03-02,4,penumbral,-0.7483,0.2953,1.3587,4799.0,0.0,,,0.0,False
1934573.01514,584,7,28,0584-07-28,5,penumbral,-0.6219,0.46,1.2217,4799.0,0.0,,,0.0,False
1934602.60287,584,8,27,0584-08-27,0,penumbral,-0.8745,0.1916,1.3818,4799.0,0.0,,,0.0,False
1934750.08546,585,1,21,0585-01-21,0,partial umbral,0.7676,1.7562,0.621,4790.0,2.85,,-90.0,0.0,False
1934927.04411,585,7,17,0585-07-17,2,partial umbral,0.7144,1.8077,0.5478,4790.0,3.13,,-90.0,0.0,False
1935104.74239,586,1,11,0586-01-11,5,total,1.7617,2.7615,0.0636,4781.0,3.55,Clonmacnoise,50.1,1.0,True
1935281.15123,586,7,6,0586-07-06,6,total,1.5445,2.6007,0.1545,4781.0,3.79,,-90.0,0.0,False
1935459.26143,586,12,31,0586-12-31,2,partial umbral,0.4249,1.4755,0.7505,4781.0,2.36,Iona,14.8,0.52,True
1935635.55051,587,6,26,0587-06-26,4,partial umbral,0.1959,1.1951,0.9002,4771.0,1.63,Clonmacnoise,11.5,1.0,True
1935783.71296,587,11,21,0587-11-21,5,penumbral,-0.9427,0.1824,1.3552,4771.0,0.0,,,0.0,False
1935813.48998,587,12,20,0587-12-20,6,penumbral,-0.9733,0.1349,1.3959,4771.0,0.0,,,0.0,False
1935960.92378,588,5,16,0588-05-16,0,partial umbral,0.2816,1.242,0.9,4762.0,1.86,,-90.0,0.0,False
1936137.67707,588,11,9,0588-11-09,2,partial umbral,0.2995,1.4146,0.7528,4762.0,2.14,Clonmacnoise,48.8,1.0,True
1936315.60196,589,5,6,0589-05-06,5,total,1.6015,2.5908,0.1521,4753.0,3.59,Clonmacnoise,19.2,1.0,True
1936491.8426,589,10,29,0589-10-29,6,total,1.6585,2.7199,0.0976,4753.0,3.73,Clonmacnoise,20.9,0.52,True
1936670.06683,590,4,25,0590-04-25,2,partial umbral,0.6914,1.7372,0.5971,4744.0,2.96,,-90.0,0.0,False
1936846.31412,590,10,18,0590-10-18,3,partial umbral,0.7835,1.7884,0.597,4744.0,2.92,Armagh,21.0,0.6,True
1936994.55303,591,3,16,0591-03-16,5,penumbral,-0.8887,0.2186,1.3291,4734.0,0.0,,,0.0,False
1937024.22709,591,4,14,0591-04-14,6,penumbral,-0.7868,0.3057,1.2899,4734.0,0.0,,,0.0,False
1937171.5842,591,9,9,0591-09-09,0,penumbral,-0.6006,0.3826,1.3749,4734.0,0.0,,,0.0,False
1937200.96624,591,10,8,0591-10-08,1,penumbral,-0.4099,0.5727,1.2811,4734.0,0.0,,,0.0,False
1937348.59452,592,3,4,0592-03-04,2,partial umbral,0.4829,1.5661,0.6799,4725.0,2.61,Clonmacnoise,42.3,1.0,True
1937526.15729,592,8,28,0592-08-28,4,partial umbral,0.6111,1.6364,0.6626,4725.0,2.74,,-90.0,0.0,False
1937702.89983,593,2,21,0593-02-21,6,total,1.8224,2.8521,0.0211,4716.0,3.68,Clonmacnoise,9.6,0.16,True
1937880.45984,593,8,17,0593-08-17,1,total,1.7327,2.8105,0.053,4716.0,3.86,Clonmacnoise,22.6,0.8,True
1938057.46952,594,2,10,0594-02-10,3,partial umbral,0.5641,1.5527,0.7306,4707.0,2.53,Clonmacnoise,44.2,1.0,True
1938234.50663,594,8,7,0594-08-07,6,partial umbral,0.3398,1.4393,0.7291,4707.0,2.29,Clonmacnoise,20.2,1.0,True
1938382.69127,595,1,2,0595-01-02,0,penumbral,-0.5043,0.508,1.2963,4698.0,0.0,,,0.0,False
1938412.1395,595,1,31,0595-01-31,1,penumbral,-0.6594,0.3297,1.4115,4698.0,0.0,,,0.0,False
1938559.04713,595,6,27,0595-06-27,1,penumbral,-0.3926,0.647,1.158,4698.0,0.0,,,0.0,False
1938588.56439,595,7,27,0595-07-27,3,penumbral,-0.9523,0.1187,1.4022,4698.0,0.0,,,0.0,False
1938737.1375,595,12,22,0595-12-22,4,partial umbral,0.6374,1.7065,0.6235,4698.0,2.84,,-90.0,0.0,False
1938913.52961,596,6,16,0596-06-16,6,total,1.1289,2.1139,0.4101,4688.0,3.32,Clonmacnoise,11.9,0.96,True
1939091.27746,596,12,10,0596-12-10,1,total,1.7688,2.8886,0.0241,4688.0,3.91,Iona,25.4,0.68,True
1939268.21583,597,6,5,0597-06-05,3,total,1.2763,2.2353,0.3461,4679.0,3.35,,-90.0,0.0,False
1939445.23574,597,11,29,0597-11-29,5,partial umbral,0.5241,1.6485,0.6354,4679.0,2.76,Iona,12.0,0.36,True
1939593.57328,598,4,27,0598-04-27,0,penumbral,-0.8472,0.1578,1.4539,4670.0,0.0,,,0.0,False
1939622.91872,598,5,26,0598-05-26,1,penumbral,-0.11,0.8677,1.0929,4670.0,0.0,,,0.0,False
1939769.73074,598,10,20,0598-10-20,1,penumbral,-0.8923,0.1497,1.4508,4670.0,0.0,,,0.0,False
1939799.32985,598,11,18,0598-11-18,2,penumbral,-0.6339,0.4449,1.2665,4670.0,0.0,,,0.0,False
1939947.95261,599,4,16,0599-04-16,4,partial umbral,0.3996,1.463,0.7316,4661.0,2.39,,-90.0,0.0,False
1940124.27447,599,10,9,0599-10-09,5,partial umbral,0.4928,1.4851,0.7673,4661.0,2.4,Iona,7.8,0.12,True
1940302.04052,600,4,4,0600-04-04,1,total,1.7392,2.8393,0.0432,4652.0,3.94,,-90.0,0.0,False
1940478.94561,600,9,28,0600-09-28,3,total,1.7589,2.7424,0.0702,4652.0,3.53,,-90.0,0.0,False
1940656.06202,601,3,24,0601-03-24,5,partial umbral,0.5748,1.6619,0.6268,4642.0,2.83,,-90.0,0.0,False
1940833.54927,601,9,18,0601-09-18,1,partial umbral,0.669,1.6874,0.6419,4642.0,2.8,Clonmacnoise,34.4,1.0,True
1940980.82989,602,2,12,0602-02-12,1,penumbral,-0.5957,0.4209,1.3276,4633.0,0.0,,,0.0,False
1941010.30857,602,3,13,0602-03-13,2,penumbral,-0.6637,0.3734,1.3205,4633.0,0.0,,,0.0,False
1941158.29865,602,8,8,0602-08-08,3,penumbral,-0.7535,0.3334,1.2832,4633.0,0.0,,,0.0,False
1941187.91033,602,9,7,0602-09-07,5,penumbral,-0.7992,0.2734,1.338,4633.0,0.0,,,0.0,False
1941335.44356,603,2,1,0603-02-01,5,partial umbral,0.7408,1.7262,0.6372,4624.0,2.81,Clonmacnoise,44.3,1.0,True
1941512.31794,603,7,28,0603-07-28,0,partial umbral,0.5719,1.6667,0.6179,4624.0,2.86,,-90.0,0.0,False
1941690.10309,604,1,22,0604-01-22,3,total,1.7811,2.7807,0.0529,4615.0,3.56,,-90.0,0.0,False
1941866.4363,604,7,16,0604-07-16,4,total,1.6872,2.7418,0.0827,4615.0,3.81,Clonmacnoise,12.1,0.4,True
1942044.61393,605,1,11,0605-01-11,1,partial umbral,0.4326,1.4846,0.7438,4606.0,2.39,Clonmacnoise,58.6,1.0,True
1942220.85189,605,7,6,0605-07-06,2,partial umbral,0.337,1.3341,0.8279,4606.0,2.09,,-90.0,0.0,False
1942369.04809,605,12,1,0605-12-01,3,penumbral,-0.9571,0.1698,1.3607,4606.0,0.0,,,0.0,False
1942398.82967,605,12,31,0605-12-31,5,penumbral,-0.9687,0.1405,1.3906,4606.0,0.0,,,0.0,False
1942546.23447,606,5,27,0606-05-27,5,partial umbral,0.1471,1.1071,0.9746,4597.0,1.37,,-90.0,0.0,False
1942575.5074,606,6,26,0606-06-26,0,penumbral,-0.9091,0.0526,1.5604,4597.0,0.0,,,0.0,False
1942723.0132,606,11,20,0606-11-20,0,partial umbral,0.2867,1.4015,0.7606,4597.0,2.1,,-90.0,0.0,False
1942900.90696,607,5,17,0607-05-17,3,total,1.4659,2.4568,0.2245,4588.0,3.55,,-90.0,0.0,False
1943077.19108,607,11,9,0607-11-09,4,total,1.6424,2.7026,0.1066,4588.0,3.71,Iona,5.2,0.04,True
1943255.35709,608,5,5,0608-05-05,0,partial umbral,0.8226,1.8699,0.5276,4578.0,3.16,Clonmacnoise,4.2,0.04,True
1943431.67169,608,10,29,0608-10-29,2,partial umbral,0.8103,1.8153,0.5836,4578.0,2.95,Clonmacnoise,48.5,1.0,True
1943579.84458,609,3,26,0609-03-26,3,penumbral,-0.9878,0.1159,1.3789,4569.0,0.0,,,0.0,False
1943609.50562,609,4,25,0609-04-25,5,penumbral,-0.6572,0.4342,1.2247,4569.0,0.0,,,0.0,False
1943756.92324,609,9,19,0609-09-19,5,penumbral,-0.6728,0.3151,1.4113,4569.0,0.0,,,0.0,False
1943786.32226,609,10,18,0609-10-18,6,penumbral,-0.3764,0.6091,1.2613,4569.0,0.0,,,0.0,False
1943933.90246,610,3,15,0610-03-15,0,partial umbral,0.4051,1.4821,0.7225,4560.0,2.41,,-90.0,0.0,False
1944111.47838,610,9,8,0610-09-08,2,partial umbral,0.521,1.5529,0.7063,4560.0,2.57,Clonmacnoise,29.5,1.0,True
1944288.23064,611,3,4,0611-03-04,4,total,1.8395,2.8629,0.0137,4551.0,3.67,,-90.0,0.0,False
1944465.75708,611,8,29,0611-08-29,0,total,1.8349,2.9187,0.0002,4551.0,3.88,Clonmacnoise,19.0,0.52,True
1944642.81705,612,2,22,0612-02-22,2,partial umbral,0.6185,1.603,0.7024,4542.0,2.63,Clonmacnoise,21.5,0.72,True
1944819.78985,612,8,17,0612-08-17,4,partial umbral,0.4602,1.5627,0.6694,4542.0,2.62,Clonmacnoise,6.9,0.12,True
1944968.0521,613,1,12,0613-01-12,5,penumbral,-0.5244,0.4886,1.3039,4533.0,0.0,,,0.0,False
1944997.49283,613,2,10,0613-02-10,6,penumbral,-0.6243,0.3635,1.3905,4533.0,0.0,,,0.0,False
1945144.33587,613,7,7,0613-07-07,6,penumbral,-0.5215,0.5157,1.2292,4533.0,0.0,,,0.0,False
1945173.8532,613,8,6,0613-08-06,1,penumbral,-0.8224,0.2482,1.3407,4533.0,0.0,,,0.0,False
1945322.48758,614,1,1,0614-01-01,2,partial umbral,0.6239,1.695,0.6281,4524.0,2.83,Clonmacnoise,58.0,1.0,True
1945498.83328,614,6,27,0614-06-27,4,partial umbral,0.9944,1.9772,0.4851,4524.0,3.18,,-90.0,0.0,False
1945676.61468,614,12,22,0614-12-22,0,total,1.7783,2.8991,0.0191,4524.0,3.91,Clonmacnoise,60.0,1.0,True
1945853.52572,615,6,17,0615-06-17,2,total,1.4136,2.3727,0.2696,4514.0,3.43,Clonmacnoise,12.6,0.92,True
1946030.57228,615,12,11,0615-12-11,4,partial umbral,0.5356,1.6589,0.6307,4514.0,2.78,Clonmacnoise,59.1,1.0,True
1946178.87628,616,5,7,0616-05-07,5,penumbral,-0.9818,0.0248,1.5203,4505.0,0.0,,,0.0,False
1946208.22333,616,6,5,0616-06-05,6,partial umbral,0.0193,0.9992,1.0189,4505.0,0.51,,-90.0,0.0,False
1946355.08071,616,10,30,0616-10-30,6,penumbral,-0.9041,0.137,1.4617,4505.0,0.0,,,0.0,False
1946384.67962,616,11,29,0616-11-29,1,penumbral,-0.6205,0.4562,1.2638,4505.0,0.0,,,0.0,False
1946533.24093,617,4,26,0617-04-26,2,partial umbral,0.2659,1.3301,0.7967,4496.0,1.99,,-90.0,0.0,False
1946709.63018,617,10,20,0617-10-20,4,partial umbral,0.4634,1.4567,0.7845,4496.0,2.33,Clonmacnoise,47.7,1.0,True
1946887.32102,618,4,15,0618-04-15,6,total,1.6126,2.7102,0.1059,4487.0,3.92,Armagh,6.3,0.08,True
1947064.29698,618,10,9,0618-10-09,1,total,1.7144,2.7016,0.0938,4487.0,3.53,Armagh,17.1,0.4,True
1947241.35433,619,4,4,0619-04-04,3,partial umbral,0.6908,1.7722,0.5717,4478.0,3.04,Armagh,12.6,0.32,True
1947418.88513,619,9,29,0619-09-29,6,partial umbral,0.7183,1.7429,0.612,4478.0,2.89,,-90.0,0.0,False
1947566.1704,620,2,23,0620-02-23,6,penumbral,-0.6353,0.3755,1.3541,4469.0,0.0,,,0.0,False
1947595.62522,620,3,24,0620-03-24,1,penumbral,-0.5679,0.4626,1.2762,4469.0,0.0,,,0.0,False
1947743.58676,620,8,19,0620-08-19,2,penumbral,-0.8739,0.2181,1.3391,4469.0,0.0,,,0.0,False
1947773.22269,620,9,17,0620-09-17,3,penumbral,-0.7348,0.3441,1.3001,4469.0,0.0,,,0.0,False
1947920.79752,621,2,12,0621-02-12,4,partial umbral,0.7044,1.6866,0.6587,4460.0,2.75,Clonmacnoise,28.6,1.0,True
1948097.59748,621,8,8,0621-08-08,6,partial umbral,0.4415,1.5379,0.6822,4460.0,2.57,Clonmacnoise,20.8,1.0,True
1948275.45972,622,2,1,0622-02-01,1,total,1.8089,2.808,0.0376,4451.0,3.57,Clonmacnoise,49.2,1.0,True
1948451.72592,622,7,28,0622-07-28,3,total,1.8217,2.8751,0.0147,4451.0,3.81,Clonmacnoise,13.5,0.44,True
1948629.96215,623,1,22,0623-01-22,6,partial umbral,0.4483,1.5014,0.7331,4442.0,2.43,,-90.0,0.0,False
1948806.15711,623,7,17,0623-07-17,0,partial umbral,0.471,1.4666,0.7587,4442.0,2.41,,-90.0,0.0,False
1948954.38293,623,12,12,0623-12-12,1,penumbral,-0.9709,0.1568,1.3663,4442.0,0.0,,,0.0,False
1948984.16483,624,1,11,0624-01-11,3,penumbral,-0.9554,0.1543,1.3811,4433.0,0.0,,,0.0,False
1949131.54461,624,6,7,0624-06-07,4,partial umbral,0.0118,0.9722,1.0491,4433.0,0.39,Clonmacnoise,13.6,1.0,True
1949160.81952,624,7,6,0624-07-06,5,penumbral,-0.7813,0.1807,1.4905,4433.0,0.0,,,0.0,False
1949308.3516,624,11,30,0624-11-30,5,partial umbral,0.2789,1.3923,0.7661,4433.0,2.07,Armagh,33.0,1.0,True
1949486.20932,625,5,27,0625-05-27,1,total,1.3254,2.3185,0.2988,4424.0,3.48,,-90.0,0.0,False
1949662.54297,625,11,20,0625-11-20,3,total,1.6326,2.691,0.1125,4424.0,3.7,Clonmacnoise,56.8,1.0,True
1949840.64262,626,5,17,0626-05-17,6,partial umbral,0.9624,2.0117,0.454,4414.0,3.35,Clonmacnoise,16.0,0.92,True
1950017.03378,626,11,9,0626-11-09,0,partial umbral,0.8282,1.8329,0.575,4414.0,2.96,,-90.0,0.0,False
1950194.7777,627,5,6,0627-05-06,3,penumbral,-0.5136,0.5769,1.153,4406.0,0.0,,,0.0,False
1950342.26828,627,9,30,0627-09-30,3,penumbral,-0.7315,0.261,1.4401,4406.0,0.0,,,0.0,False
1950371.68366,627,10,30,0627-10-30,5,penumbral,-0.3551,0.633,1.2483,4406.0,0.0,,,0.0,False
1950519.20442,628,3,25,0628-03-25,5,partial umbral,0.3133,1.3839,0.7725,4396.0,2.14,,-90.0,0.0,False
1950696.80467,628,9,19,0628-09-19,1,partial umbral,0.4439,1.4823,0.7429,4396.0,2.41,Clonmacnoise,11.2,0.36,True
1950873.55694,629,3,15,0629-03-15,3,total,1.7656,2.7826,0.0549,4387.0,3.66,Clonmacnoise,37.2,1.0,True
1951051.05952,629,9,8,0629-09-08,5,total,1.7403,2.83,0.046,4387.0,3.88,,-90.0,0.0,False
1951228.16024,630,3,4,0630-03-04,0,partial umbral,0.6829,1.6631,0.6686,4378.0,2.73,,-90.0,0.0,False
1951405.078,630,8,28,0630-08-28,2,partial umbral,0.5709,1.6764,0.6146,4378.0,2.87,,-90.0,0.0,False
1951553.41009,631,1,23,0631-01-23,3,penumbral,-0.5497,0.4636,1.3144,4369.0,0.0,,,0.0,False
1951582.84157,631,2,22,0631-02-22,5,penumbral,-0.5803,0.406,1.3644,4369.0,0.0,,,0.0,False
1951729.6282,631,7,19,0631-07-19,5,penumbral,-0.6447,0.3907,1.2978,4369.0,0.0,,,0.0,False
1951759.14784,631,8,17,0631-08-17,6,penumbral,-0.7024,0.3682,1.2839,4369.0,0.0,,,0.0,False
1951907.83448,632,1,13,0632-01-13,1,partial umbral,0.6048,1.6773,0.6358,4360.0,2.8,Clonmacnoise,28.1,0.92,True
1952084.14017,632,7,7,0632-07-07,2,partial umbral,0.8653,1.8466,0.5572,4360.0,3.03,,-90.0,0.0,False
1952261.95001,633,1,1,0633-01-01,5,total,1.7922,2.9133,0.0122,4351.0,3.92,Iona,9.2,0.16,True
1952438.83679,633,6,27,0633-06-27,0,total,1.548,2.5077,0.1945,4351.0,3.48,,-90.0,0.0,False
1952615.90856,633,12,21,0633-12-21,2,partial umbral,0.5491,1.6704,0.6253,4351.0,2.8,Iona,12.0,0.36,True
1952793.52726,634,6,17,0634-06-17,5,partial umbral,0.149,1.1317,0.9449,4342.0,1.41,Clonmacnoise,13.1,1.0,True
1952940.43464,634,11,10,0634-11-10,4,penumbral,-0.9088,0.1311,1.4689,4342.0,0.0,,,0.0,False
1952970.03041,634,12,10,0634-12-10,6,penumbral,-0.6076,0.4662,1.2615,4342.0,0.0,,,0.0,False
1953118.52369,635,5,8,0635-05-08,1,partial umbral,0.1218,1.1871,0.8666,4333.0,1.38,Clonmacnoise,17.3,1.0,True
1953294.9907,635,10,31,0635-10-31,2,partial umbral,0.4438,1.4379,0.7964,4333.0,2.29,,-90.0,0.0,False
1953472.59637,636,4,26,0636-04-26,5,total,1.4746,2.5702,0.174,4324.0,3.88,Clonmacnoise,21.6,1.0,True
1953649.65291,636,10,20,0636-10-20,0,total,1.6802,2.6711,0.1117,4324.0,3.52,Clonmacnoise,47.0,1.0,True
1953826.64247,637,4,15,0637-04-15,2,partial umbral,0.8176,1.8936,0.5111,4315.0,3.23,Clonmacnoise,26.1,1.0,True
1954004.22604,637,10,9,0637-10-09,4,partial umbral,0.7558,1.7864,0.5887,4315.0,2.95,,-90.0,0.0,False
1954151.50552,638,3,6,0638-03-06,5,penumbral,-0.6878,0.3171,1.3877,4306.0,0.0,,,0.0,False
1954180.93679,638,4,4,0638-04-04,6,penumbral,-0.4591,0.565,1.2248,4306.0,0.0,,,0.0,False
1954328.87975,638,8,30,0638-08-30,0,penumbral,-0.9826,0.1148,1.3891,4306.0,0.0,,,0.0,False
1954358.54062,638,9,29,0638-09-29,2,penumbral,-0.6828,0.4024,1.2688,4306.0,0.0,,,0.0,False
1954506.14604,639,2,23,0639-02-23,2,partial umbral,0.6554,1.6343,0.6871,4297.0,2.68,,-90.0,0.0,False
1954682.88288,639,8,19,0639-08-19,4,partial umbral,0.3236,1.4219,0.7405,4297.0,2.24,,-90.0,0.0,False
1954860.81058,640,2,13,0640-02-13,0,total,1.8489,2.8473,0.0158,4288.0,3.58,Clonmacnoise,29.5,0.76,True
1955037.02176,640,8,7,0640-08-07,1,total,1.7579,2.8106,0.0476,4288.0,3.8,,-90.0,0.0,False
1955215.30581,641,2,1,0641-02-01,4,partial umbral,0.4722,1.5259,0.7182,4279.0,2.49,Iona,18.2,0.64,True
1955391.46608,641,7,27,0641-07-27,5,partial umbral,0.5982,1.5928,0.6926,4279.0,2.66,Clonmacnoise,14.6,0.76,True
1955539.71801,641,12,23,0641-12-23,0,penumbral,-0.9832,0.1445,1.3715,4279.0,0.0,,,0.0,False
1955569.49703,642,1,21,0642-01-21,1,penumbral,-0.9364,0.173,1.3692,4270.0,0.0,,,0.0,False
1955716.85404,642,6,18,0642-06-18,2,penumbral,-0.125,0.8365,1.124,4270.0,0.0,,,0.0,False
1955746.13349,642,7,17,0642-07-17,3,penumbral,-0.6571,0.3057,1.4221,4270.0,0.0,,,0.0,False
1955893.69201,642,12,12,0642-12-12,4,partial umbral,0.2743,1.3858,0.7703,4270.0,2.05,Clonmacnoise,51.9,1.0,True
1956071.50921,643,6,8,0643-06-08,0,total,1.1805,2.1764,0.3749,4261.0,3.39,Clonmacnoise,13.0,0.88,True
1956247.89803,643,12,1,0643-12-01,1,total,1.6287,2.6847,0.1155,4261.0,3.69,Clonmacnoise,15.0,0.36,True
1956425.92565,644,5,27,0644-05-27,4,total,1.1062,2.158,0.3788,4252.0,3.51,,-90.0,0.0,False
1956602.39848,644,11,19,0644-11-19,5,partial umbral,0.8412,1.8453,0.5691,4252.0,2.97,Armagh,46.4,1.0,True
1956780.04798,645,5,16,0645-05-16,1,penumbral,-0.366,0.724,1.0795,4243.0,0.0,,,0.0,False
1956927.61783,645,10,11,0645-10-11,2,penumbral,-0.7802,0.2169,1.4631,4243.0,0.0,,,0.0,False
1956957.04809,645,11,9,0645-11-09,3,penumbral,-0.3407,0.6496,1.2391,4243.0,0.0,,,0.0,False
1957104.50243,646,4,6,0646-04-06,4,partial umbral,0.2116,1.2761,0.8278,4234.0,1.78,Clonmacnoise,28.4,1.0,True
1957282.13579,646,9,30,0646-09-30,6,partial umbral,0.3788,1.4236,0.773,4234.0,2.25,,-90.0,0.0,False
1957458.87827,647,3,26,0647-03-26,1,total,1.6793,2.6901,0.1029,4226.0,3.64,,-90.0,0.0,False
1957636.36787,647,9,19,0647-09-19,3,total,1.6585,2.754,0.0852,4226.0,3.87,Clonmacnoise,25.1,0.64,True
1957813.49719,648,3,14,0648-03-14,5,partial umbral,0.7619,1.7381,0.6265,4217.0,2.84,Clonmacnoise,35.7,1.0,True
1957990.37381,648,9,7,0648-09-07,0,partial umbral,0.6659,1.7743,0.5676,4217.0,3.05,Clonmacnoise,19.5,0.56,True
1958138.76267,649,2,3,0649-02-03,2,penumbral,-0.5868,0.4267,1.331,4208.0,0.0,,,0.0,False
1958168.18412,649,3,4,0649-03-04,3,penumbral,-0.5235,0.4615,1.331,4208.0,0.0,,,0.0,False
1958314.92551,649,7,29,0649-07-29,3,penumbral,-0.759,0.275,1.3621,4208.0,0.0,,,0.0,False
1958344.44919,649,8,27,0649-08-27,4,penumbral,-0.5942,0.4765,1.2328,4208.0,0.0,,,0.0,False
1958493.17664,650,1,23,0650-01-23,6,partial umbral,0.5767,1.65,0.6481,4199.0,2.75,,-90.0,0.0,False
1958669.44985,650,7,18,0650-07-18,0,partial umbral,0.7403,1.7208,0.6273,4199.0,2.86,Clonmacnoise,11.9,0.52,True
1958847.28171,651,1,12,0651-01-12,3,total,1.8137,2.9343,0.0017,4190.0,3.92,Iona,23.5,0.6,True
1959024.14884,651,7,8,0651-07-08,5,total,1.6802,2.6412,0.1204,4190.0,3.52,,-90.0,0.0,False
1959201.24415,652,1,1,0652-01-01,0,partial umbral,0.5655,1.6841,0.6187,4181.0,2.83,Iona,13.4,0.44,True
1959378.83091,652,6,27,0652-06-27,3,partial umbral,0.2781,1.2642,0.8713,4181.0,1.89,,-90.0,0.0,False
1959525.79221,652,11,21,0652-11-21,3,penumbral,-0.9073,0.1309,1.4728,4181.0,0.0,,,0.0,False
1959555.38194,652,12,20,0652-12-20,4,penumbral,-0.5944,0.4758,1.2592,4181.0,0.0,,,0.0,False
1959703.8027,653,5,18,0653-05-18,6,penumbral,-0.0287,1.0382,0.9393,4172.0,0.0,,,0.0,False
1959880.35534,653,11,10,0653-11-10,0,partial umbral,0.4325,1.427,0.8036,4172.0,2.26,Armagh,34.1,1.0,True
1960057.86731,654,5,7,0654-05-07,3,total,1.327,2.4206,0.2468,4163.0,3.8,,-90.0,0.0,False
1960235.01335,654,10,31,0654-10-31,5,total,1.6565,2.6509,0.1237,4163.0,3.52,,-90.0,0.0,False
1960411.92703,655,4,26,0655-04-26,0,partial umbral,0.9544,2.0251,0.4451,4154.0,3.39,,-90.0,0.0,False
1960589.57142,655,10,21,0655-10-21,3,partial umbral,0.7824,1.8187,0.5714,4154.0,3.0,Clonmacnoise,47.2,1.0,True
1960736.836,656,3,16,0656-03-16,3,penumbral,-0.7512,0.248,1.4272,4145.0,0.0,,,0.0,False
1960766.24503,656,4,14,0656-04-14,4,penumbral,-0.3414,0.6766,1.1682,4145.0,0.0,,,0.0,False
1960914.17863,656,9,9,0656-09-09,5,penumbral,-1.0772,0.0253,1.4324,4145.0,0.0,,,0.0,False
1960943.86362,656,10,9,0656-10-09,0,penumbral,-0.6419,0.4492,1.2436,4145.0,0.0,,,0.0,False
1961091.49008,657,3,5,0657-03-05,0,partial umbral,0.5967,1.5723,0.7209,4136.0,2.58,Clonmacnoise,38.6,1.0,True
1961268.17407,657,8,29,0657-08-29,2,partial umbral,0.2179,1.318,0.793,4136.0,1.86,,-90.0,0.0,False
1961446.15636,658,2,23,0658-02-23,5,total,1.857,2.8547,0.0115,4128.0,3.59,,-90.0,0.0,False
1961622.32355,658,8,18,0658-08-18,6,total,1.648,2.7001,0.1043,4128.0,3.77,Armagh,5.6,0.04,True
1961800.64264,659,2,13,0659-02-13,3,partial umbral,0.5098,1.5639,0.6963,4119.0,2.58,Clonmacnoise,49.6,1.0,True
1961976.78056,659,8,8,0659-08-08,4,partial umbral,0.7144,1.7086,0.6317,4119.0,2.84,Clonmacnoise,5.1,0.08,True
1962125.05032,660,1,3,0660-01-03,5,penumbral,-1.0002,0.1268,1.3795,4110.0,0.0,,,0.0,False
1962154.82285,660,2,2,0660-02-02,0,penumbral,-0.9047,0.2039,1.3513,4110.0,0.0,,,0.0,False
1962302.16476,660,6,28,0660-06-28,0,penumbral,-0.2586,0.7045,1.1966,4110.0,0.0,,,0.0,False
1962331.45163,660,7,27,0660-07-27,1,penumbral,-0.542,0.4223,1.3583,4110.0,0.0,,,0.0,False
1962479.03153,660,12,22,0660-12-22,2,partial umbral,0.2675,1.3762,0.776,4110.0,2.02,,-90.0,0.0,False
1962656.80856,661,6,18,0661-06-18,5,total,1.036,2.0353,0.4501,4101.0,3.28,,-90.0,0.0,False
1962833.25455,661,12,11,0661-12-11,6,total,1.6271,2.6801,0.1175,4101.0,3.68,Iona,21.2,0.6,True
1963011.20506,662,6,7,0662-06-07,2,total,1.2562,2.311,0.3008,4092.0,3.64,,-90.0,0.0,False
1963187.76611,662,12,1,0662-12-01,4,partial umbral,0.8482,1.8512,0.5666,4092.0,2.98,Clonmacnoise,40.2,1.0,True
1963365.31425,663,5,27,0663-05-27,6,penumbral,-0.21,0.8799,1.0022,4083.0,0.0,,,0.0,False
1963512.97271,663,10,22,0663-10-22,0,penumbral,-0.817,0.1846,1.4793,4083.0,0.0,,,0.0,False
1963542.41596,663,11,20,0663-11-20,1,penumbral,-0.3344,0.6579,1.2342,4083.0,0.0,,,0.0,False
1963689.79574,664,4,16,0664-04-16,2,partial umbral,0.0986,1.1572,0.8893,4074.0,1.23,,-90.0,0.0,False
1963867.47235,664,10,10,0664-10-10,4,partial umbral,0.3272,1.3782,0.796,4074.0,2.12,Clonmacnoise,41.9,1.0,True
1964044.19564,665,4,5,0665-04-05,6,total,1.5824,2.5873,0.1568,4066.0,3.61,,-90.0,0.0,False
1964221.68099,665,9,30,0665-09-30,2,total,1.5879,2.6891,0.1187,4066.0,3.86,Clonmacnoise,38.0,1.0,True
1964398.83,666,3,26,0666-03-26,4,partial umbral,0.8501,1.8225,0.579,4057.0,2.96,Clonmacnoise,7.3,0.12,True
1964575.67549,666,9,19,0666-09-19,6,partial umbral,0.7493,1.8607,0.5263,4057.0,3.18,Clonmacnoise,33.7,1.0,True
1964724.11005,667,2,14,0667-02-14,0,penumbral,-0.6339,0.3794,1.3528,4048.0,0.0,,,0.0,False
1964753.52083,667,3,16,0667-03-16,2,penumbral,-0.4551,0.5286,1.291,4048.0,0.0,,,0.0,False
1964900.22816,667,8,9,0667-08-09,1,penumbral,-0.8636,0.1694,1.4216,4048.0,0.0,,,0.0,False
1964929.75749,667,9,8,0667-09-08,3,penumbral,-0.4988,0.5721,1.188,4048.0,0.0,,,0.0,False
1965078.51379,668,2,4,0668-02-04,5,partial umbral,0.5392,1.613,0.6653,4039.0,2.69,Clonmacnoise,52.0,1.0,True
1965254.76409,668,7,29,0668-07-29,6,partial umbral,0.6243,1.6045,0.6926,4039.0,2.67,Clonmacnoise,4.9,0.08,True
1965432.60927,669,1,23,0669-01-23,2,total,1.7914,2.9109,0.0129,4030.0,3.93,Clonmacnoise,55.3,1.0,True
1965609.46396,669,7,18,0669-07-18,3,total,1.8051,2.768,0.0503,4030.0,3.54,Clonmacnoise,14.7,0.64,True
1965786.57733,670,1,12,0670-01-12,6,partial umbral,0.5884,1.7036,0.6092,4021.0,2.88,Clonmacnoise,57.0,1.0,True
1965964.13513,670,7,8,0670-07-08,1,partial umbral,0.4048,1.3949,0.7991,4021.0,2.25,,-90.0,0.0,False
1966111.15209,670,12,2,0670-12-02,1,penumbral,-0.9024,0.1335,1.475,4021.0,0.0,,,0.0,False
1966140.73256,671,1,1,0671-01-01,3,penumbral,-0.5774,0.4887,1.2551,4013.0,0.0,,,0.0,False
1966289.0785,671,5,29,0671-05-29,4,penumbral,-0.1848,0.884,1.0145,4013.0,0.0,,,0.0,False
1966465.72256,671,11,22,0671-11-22,6,partial umbral,0.426,1.4205,0.8082,4013.0,2.24,Clonmacnoise,44.4,1.0,True
1966643.13546,672,5,17,0672-05-17,1,total,1.1729,2.2649,0.3227,4004.0,3.69,,-90.0,0.0,False
1966820.37719,672,11,10,0672-11-10,3,total,1.6406,2.638,0.1316,4004.0,3.52,Armagh,43.0,1.0,True
1966997.20883,673,5,6,0673-05-06,5,total,1.0986,2.1644,0.375,3995.0,3.53,,-90.0,0.0,False
1967174.92061,673,10,31,0673-10-31,1,partial umbral,0.7997,1.8413,0.5592,3995.0,3.03,,-90.0,0.0,False
1967322.16144,674,3,27,0674-03-27,1,penumbral,-0.8265,0.1671,1.4734,3986.0,0.0,,,0.0,False
1967351.54953,674,4,26,0674-04-26,3,penumbral,-0.2136,0.7987,1.1058,3986.0,0.0,,,0.0,False
1967529.19194,674,10,20,0674-10-20,5,penumbral,-0.6132,0.4835,1.2248,3986.0,0.0,,,0.0,False
1967676.82752,675,3,17,0675-03-17,6,partial umbral,0.5227,1.4952,0.7631,3978.0,2.44,Clonmacnoise,8.5,0.2,True
1967853.47271,675,9,9,0675-09-09,0,partial umbral,0.1278,1.2299,0.8381,3978.0,1.44,Clonmacnoise,29.6,1.0,True
1968031.49575,676,3,5,0676-03-05,3,total,1.7943,2.7913,0.0459,3969.0,3.59,Clonmacnoise,40.2,1.0,True
1968207.63227,676,8,29,0676-08-29,5,total,1.5513,2.6032,0.1546,3969.0,3.73,Clonmacnoise,27.4,1.0,True
1968385.97371,677,2,23,0677-02-23,1,partial umbral,0.5583,1.6126,0.6689,3960.0,2.69,,-90.0,0.0,False
1968562.10035,677,8,18,0677-08-18,2,partial umbral,0.8203,1.8144,0.576,3960.0,2.98,,-90.0,0.0,False
1968710.38062,678,1,13,0678-01-13,3,penumbral,-1.0206,0.1049,1.3894,3951.0,0.0,,,0.0,False
1968740.14371,678,2,12,0678-02-12,5,penumbral,-0.863,0.2444,1.3287,3951.0,0.0,,,0.0,False
1968887.47596,678,7,9,0678-07-09,5,penumbral,-0.3912,0.5743,1.2681,3951.0,0.0,,,0.0,False
1968916.77289,678,8,8,0678-08-08,0,penumbral,-0.4333,0.5331,1.2977,3951.0,0.0,,,0.0,False
1969064.37124,679,1,2,0679-01-02,0,partial umbral,0.2606,1.3658,0.7819,3942.0,1.99,Armagh,35.9,1.0,True
1969242.10748,679,6,29,0679-06-29,3,partial umbral,0.8921,1.8955,0.5243,3942.0,3.13,,-90.0,0.0,False
1969418.61124,679,12,23,0679-12-23,5,total,1.625,2.6744,0.1199,3942.0,3.67,Clonmacnoise,59.7,1.0,True
1969596.48406,680,6,17,0680-06-17,0,total,1.4053,2.4635,0.2237,3934.0,3.74,Clonmacnoise,12.0,0.68,True
1969773.13451,680,12,11,0680-12-11,2,partial umbral,0.8537,1.8553,0.5649,3934.0,2.98,,-90.0,0.0,False
1969950.57989,681,6,7,0681-06-07,5,penumbral,-0.052,1.0381,0.924,3925.0,0.0,,,0.0,False
1970098.33074,681,11,1,0681-11-01,5,penumbral,-0.8467,0.1591,1.4916,3925.0,0.0,,,0.0,False
1970127.78492,681,12,1,0681-12-01,0,penumbral,-0.3308,0.663,1.2309,3925.0,0.0,,,0.0,False
1970275.08633,682,4,27,0682-04-27,0,penumbral,-0.0214,1.0314,0.9547,3916.0,0.0,,,0.0,False
1970452.81296,682,10,22,0682-10-22,3,partial umbral,0.2855,1.3425,0.8137,3916.0,2.0,Clonmacnoise,15.7,0.64,True
1970629.50827,683,4,17,0683-04-17,5,total,1.4733,2.4725,0.2176,3908.0,3.56,Clonmacnoise,24.6,1.0,True
1970807.00004,683,10,11,0683-10-11,0,total,1.5314,2.6378,0.1452,3908.0,3.85,,-90.0,0.0,False
1970984.15733,684,4,5,0684-04-05,2,partial umbral,0.9509,1.9198,0.5242,3899.0,3.07,,-90.0,0.0,False
1971160.98402,684,9,29,0684-09-29,4,partial umbral,0.8188,1.9327,0.4919,3899.0,3.29,,-90.0,0.0,False
1971309.45082,685,2,24,0685-02-24,5,penumbral,-0.6945,0.3186,1.3816,3890.0,0.0,,,0.0,False
1971338.85143,685,3,26,0685-03-26,0,penumbral,-0.3745,0.6082,1.2443,3890.0,0.0,,,0.0,False
1971485.53734,685,8,20,0685-08-20,0,penumbral,-0.9561,0.0763,1.4751,3890.0,0.0,,,0.0,False
1971515.07329,685,9,18,0685-09-18,1,penumbral,-0.4177,0.6535,1.1501,3890.0,0.0,,,0.0,False
1971663.84423,686,2,14,0686-02-14,3,partial umbral,0.4887,1.5625,0.6891,3881.0,2.58,Clonmacnoise,17.4,0.52,True
1971840.08242,686,8,9,0686-08-09,4,partial umbral,0.5156,1.496,0.7539,3881.0,2.46,,-90.0,0.0,False
1972017.93157,687,2,3,0687-02-03,0,total,1.7516,2.8692,0.033,3873.0,3.93,Clonmacnoise,7.0,0.08,True
1972194.78194,687,7,30,0687-07-30,2,total,1.8645,2.8299,0.0165,3873.0,3.54,Clonmacnoise,4.9,0.04,True
1972371.90704,688,1,23,0688-01-23,4,partial umbral,0.6206,1.7316,0.5952,3864.0,2.93,Iona,9.5,0.24,True
1972549.44116,688,7,18,0688-07-18,6,partial umbral,0.5265,1.5212,0.7299,3864.0,2.53,Clonmacnoise,12.4,0.52,True
1972696.5138,688,12,13,0688-12-13,0,penumbral,-0.8953,0.1379,1.476,3864.0,0.0,,,0.0,False
1972726.08214,689,1,11,0689-01-11,1,penumbral,-0.5561,0.5052,1.249,3855.0,0.0,,,0.0,False
1972874.35173,689,6,8,0689-06-08,2,penumbral,-0.3445,0.7267,1.091,3855.0,0.0,,,0.0,False
1972903.87814,689,7,8,0689-07-08,4,penumbral,-1.0041,0.0443,1.4597,3855.0,0.0,,,0.0,False
1973051.09205,689,12,2,0689-12-02,4,partial umbral,0.424,1.4182,0.8102,3855.0,2.23,,-90.0,0.0,False
1973228.40133,690,5,28,0690-05-28,6,total,1.0135,2.1042,0.4013,3847.0,3.54,Clonmacnoise,8.4,0.24,True
1973405.74374,690,11,22,0690-11-22,2,total,1.6317,2.6319,0.1355,3847.0,3.52,Clonmacnoise,44.4,1.0,True
1973582.48859,691,5,17,0691-05-17,3,total,1.249,2.3102,0.3014,3838.0,3.65,Clonmacnoise,16.1,0.88,True
1973760.27313,691,11,11,0691-11-11,6,partial umbral,0.8086,1.8551,0.5516,3838.0,3.05,Iona,20.2,0.64,True
1973907.4831,692,4,6,0692-04-06,6,penumbral,-0.9106,0.0778,1.5244,3829.0,0.0,,,0.0,False
1973936.85241,692,5,6,0692-05-06,1,penumbral,-0.081,0.9261,1.0403,3829.0,0.0,,,0.0,False
1974114.52336,692,10,31,0692-10-31,4,penumbral,-0.5913,0.5103,1.2098,3829.0,0.0,,,0.0,False
1974262.16077,693,3,27,0693-03-27,4,partial umbral,0.4395,1.4092,0.8102,3821.0,2.27,,-90.0,0.0,False
1974438.77803,693,9,20,0693-09-20,6,partial umbral,0.0513,1.1552,0.8767,3821.0,0.92,Clonmacnoise,10.6,0.64,True
1974616.829,694,3,17,0694-03-17,2,total,1.7189,2.7153,0.087,3812.0,3.59,Clonmacnoise,13.2,0.28,True
1974792.9478,694,9,9,0694-09-09,3,total,1.4677,2.5194,0.1983,3812.0,3.68,,-90.0,0.0,False
1974971.29714,695,3,6,0695-03-06,6,partial umbral,0.6223,1.6766,0.6338,3804.0,2.82,Armagh,9.9,0.2,True
1975147.4266,695,8,29,0695-08-29,0,partial umbral,0.9127,1.9071,0.5271,3804.0,3.09,Clonmacnoise,22.9,0.88,True
1975295.70542,696,1,25,0696-01-25,2,penumbral,-1.0512,0.0719,1.4048,3795.0,0.0,,,0.0,False
1975325.45672,696,2,23,0696-02-23,3,penumbral,-0.8053,0.3005,1.2986,3795.0,0.0,,,0.0,False
1975472.79033,696,7,20,0696-07-20,4,penumbral,-0.5161,0.4524,1.3348,3795.0,0.0,,,0.0,False
1975502.09969,696,8,18,0696-08-18,5,penumbral,-0.3371,0.6317,1.2436,3795.0,0.0,,,0.0,False
1975649.70813,697,1,13,0697-01-13,6,partial umbral,0.2476,1.3485,0.7912,3786.0,1.94,Clonmacnoise,47.4,1.0,True
1975827.4067,697,7,9,0697-07-09,1,partial umbral,0.7504,1.7584,0.5967,3786.0,2.95,Clonmacnoise,7.9,0.16,True
1976003.96713,698,1,2,0698-01-02,3,total,1.6203,2.6655,0.1238,3778.0,3.66,,-90.0,0.0,False
1976181.76174,698,6,29,0698-06-29,6,total,1.5552,2.6174,0.1465,3778.0,3.81,,-90.0,0.0,False
1976358.50303,698,12,23,0698-12-23,1,partial umbral,0.8599,1.8594,0.5629,3778.0,2.98,Clonmacnoise,60.4,1.0,True
1976535.84403,699,6,18,0699-06-18,3,partial umbral,0.1095,1.2003,0.8443,3769.0,1.35,,-90.0,0.0,False
1976683.69279,699,11,13,0699-11-13,4,penumbral,-0.867,0.1426,1.4986,3769.0,0.0,,,0.0,False
1976713.15514,699,12,12,0699-12-12,5,penumbral,-0.3306,0.6641,1.2294,3769.0,0.0,,,0.0,False
1976860.37427,700,5,7,0700-05-07,5,penumbral,-0.1486,0.8989,1.0242,3760.0,0.0,,,0.0,False
1977038.15729,700,11,1,0700-11-01,1,partial umbral,0.2535,1.316,0.8265,3760.0,1.9,,-90.0,0.0,False
1977214.81842,701,4,27,0701-04-27,3,total,1.3573,2.3513,0.2823,3752.0,3.49,,-90.0,0.0,False
1977392.32391,701,10,21,0701-10-21,5,total,1.4865,2.5978,0.166,3752.0,3.84,Armagh,29.8,0.76,True
1977569.48036,702,4,16,0702-04-16,0,total,1.0612,2.027,0.4639,3743.0,3.18,Clonmacnoise,23.5,1.0,True
1977746.29892,702,10,10,0702-10-10,2,partial umbral,0.8754,1.9916,0.4639,3743.0,3.36,Armagh,19.9,0.48,True
1977894.78579,703,3,8,0703-03-08,4,penumbral,-0.7662,0.2468,1.4161,3735.0,0.0,,,0.0,False
1977924.17665,703,4,6,0703-04-06,5,penumbral,-0.2839,0.6982,1.192,3735.0,0.0,,,0.0,False
1978100.39605,703,9,29,0703-09-29,6,penumbral,-0.3494,0.7219,1.1186,3735.0,0.0,,,0.0,False
1978249.16823,704,2,25,0704-02-25,1,partial umbral,0.4257,1.4994,0.7191,3726.0,2.44,,-90.0,0.0,False
1978425.40664,704,8,19,0704-08-19,2,partial umbral,0.4188,1.3998,0.8087,3726.0,2.24,Clonmacnoise,14.7,0.64,True
1978603.24859,705,2,13,0705-02-13,5,total,1.7007,2.8161,0.0584,3718.0,3.93,Iona,10.0,0.2,True
1978780.10349,705,8,9,0705-08-09,0,total,1.7512,2.7197,0.0787,3718.0,3.53,,-90.0,0.0,False
1978957.2328,706,2,2,0706-02-02,2,partial umbral,0.6627,1.769,0.5766,3709.0,3.0,Iona,6.0,0.08,True
1979134.74959,706,7,30,0706-07-30,5,partial umbral,0.6418,1.6417,0.6643,3709.0,2.75,Clonmacnoise,7.9,0.2,True
1979281.87477,706,12,24,0706-12-24,5,penumbral,-0.8907,0.139,1.4784,3709.0,0.0,,,0.0,False
1979311.42778,707,1,22,0707-01-22,6,penumbral,-0.5245,0.5314,1.2376,3700.0,0.0,,,0.0,False
1979459.62404,707,6,20,0707-06-20,1,penumbral,-0.5044,0.5698,1.1672,3700.0,0.0,,,0.0,False
1979489.16483,707,7,19,0707-07-19,2,penumbral,-0.8812,0.1725,1.3911,3700.0,0.0,,,0.0,False
1979636.46186,707,12,13,0707-12-13,2,partial umbral,0.422,1.4154,0.8122,3700.0,2.23,Clonmacnoise,56.5,1.0,True
1979813.66689,708,6,8,0708-06-08,5,partial umbral,0.8536,1.9435,0.4801,3692.0,3.34,Clonmacnoise,11.4,0.56,True
1979991.11116,708,12,2,0708-12-02,0,total,1.6253,2.6276,0.1383,3692.0,3.52,,-90.0,0.0,False
1980167.76781,709,5,28,0709-05-28,2,total,1.4022,2.4593,0.2258,3683.0,3.73,,-90.0,0.0,False
1980345.62804,709,11,22,0709-11-22,5,partial umbral,0.8114,1.8623,0.5474,3683.0,3.06,Clonmacnoise,56.6,1.0,True
1980522.15222,710,5,17,0710-05-17,6,partial umbral,0.0606,1.0629,0.9694,3675.0,0.93,,-90.0,0.0,False
1980699.85947,710,11,11,0710-11-11,2,penumbral,-0.5798,0.5262,1.2004,3675.0,0.0,,,0.0,False
1980847.48792,711,4,7,0711-04-07,2,partial umbral,0.342,1.3093,0.865,3666.0,2.03,Clonmacnoise,25.9,1.0,True
1981024.09089,711,10,1,0711-10-01,4,penumbral,-0.0095,1.096,0.9079,3666.0,0.0,,,0.0,False
1981202.15566,712,3,27,0712-03-27,0,total,1.6297,2.6258,0.1353,3658.0,3.58,,-90.0,0.0,False
1981378.27077,712,9,19,0712-09-19,1,total,1.3987,2.4504,0.2347,3658.0,3.64,Armagh,7.6,0.08,True
1981556.61443,713,3,17,0713-03-17,5,partial umbral,0.6976,1.7519,0.593,3649.0,2.96,Clonmacnoise,37.0,1.0,True
1981732.75805,713,9,9,0713-09-09,6,partial umbral,0.9947,1.9897,0.4835,3649.0,3.17,Clonmacnoise,18.5,0.56,True
1981881.02672,714,2,4,0714-02-04,0,penumbral,-1.0882,0.0321,1.4236,3641.0,0.0,,,0.0,False
1981910.76419,714,3,6,0714-03-06,2,penumbral,-0.7364,0.3675,1.2632,3641.0,0.0,,,0.0,False
1982058.10671,714,7,31,0714-07-31,2,penumbral,-0.6361,0.3359,1.3983,3641.0,0.0,,,0.0,False
1982087.43062,714,8,29,0714-08-29,3,penumbral,-0.2502,0.7215,1.1944,3641.0,0.0,,,0.0,False
1982235.04213,715,1,24,0715-01-24,4,partial umbral,0.2277,1.3238,0.8042,3632.0,1.86,,-90.0,0.0,False
1982412.7075,715,7,21,0715-07-21,0,partial umbral,0.6139,1.6271,0.6656,3632.0,2.74,Clonmacnoise,11.5,0.44,True
1982589.32113,716,1,13,0716-01-13,1,total,1.6107,2.6513,0.1305,3624.0,3.65,Armagh,31.5,0.84,True
1982767.04086,716,7,9,0716-07-09,4,total,1.7005,2.767,0.072,3624.0,3.86,,-90.0,0.0,False
1982943.8698,717,1,2,0717-01-02,6,partial umbral,0.8705,1.8675,0.5585,3615.0,2.99,Clonmacnoise,19.6,0.56,True
1983121.10996,717,6,28,0717-06-28,1,partial umbral,0.2675,1.3592,0.7665,3615.0,2.06,,-90.0,0.0,False
1983269.05651,717,11,23,0717-11-23,2,penumbral,-0.8831,0.1298,1.5033,3615.0,0.0,,,0.0,False
1983298.52439,717,12,23,0717-12-23,4,penumbral,-0.3289,0.6665,1.2269,3615.0,0.0,,,0.0,False
1983445.66033,718,5,19,0718-05-19,4,penumbral,-0.2809,0.7617,1.0968,3607.0,0.0,,,0.0,False
1983475.17173,718,6,17,0718-06-17,5,penumbral,-1.0505,0.017,1.4495,3607.0,0.0,,,0.0,False
1983623.5047,718,11,13,0718-11-13,0,partial umbral,0.23,1.2974,0.8349,3607.0,1.82,Clonmacnoise,54.4,1.0,True
1983800.12546,719,5,8,0719-05-08,1,total,1.2332,2.2226,0.3516,3598.0,3.41,,-90.0,0.0,False
1983977.65202,719,11,2,0719-11-02,4,total,1.4522,2.5676,0.1817,3598.0,3.83,Clonmacnoise,51.1,1.0,True
1984154.79921,720,4,27,0720-04-27,6,total,1.1806,2.1439,0.3983,3590.0,3.28,,-90.0,0.0,False
1984331.62026,720,10,21,0720-10-21,1,partial umbral,0.9187,2.0366,0.4427,3590.0,3.41,Clonmacnoise,48.3,1.0,True
1984480.11388,721,3,18,0721-03-18,2,penumbral,-0.8517,0.1613,1.4575,3582.0,0.0,,,0.0,False
1984509.49622,721,4,16,0721-04-16,3,penumbral,-0.182,0.7998,1.1334,3582.0,0.0,,,0.0,False
1984685.72559,721,10,10,0721-10-10,5,penumbral,-0.2939,0.7773,1.0935,3582.0,0.0,,,0.0,False
1984834.48491,722,3,7,0722-03-07,6,partial umbral,0.3486,1.4219,0.7562,3573.0,2.24,Clonmacnoise,38.8,1.0,True
1985010.73614,722,8,31,0722-08-31,1,partial umbral,0.332,1.314,0.8579,3573.0,2.02,Clonmacnoise,15.2,0.72,True
1985188.55827,723,2,25,0723-02-25,4,total,1.6344,2.7471,0.0916,3565.0,3.92,Clonmacnoise,44.3,1.0,True
1985365.42959,723,8,20,0723-08-20,5,total,1.6481,2.6202,0.135,3565.0,3.52,Clonmacnoise,21.8,0.76,True
1985542.55391,724,2,14,0724-02-14,1,partial umbral,0.7164,1.8175,0.5523,3556.0,3.09,Clonmacnoise,47.8,1.0,True
1985720.06099,724,8,9,0724-08-09,3,partial umbral,0.7492,1.7546,0.6032,3556.0,2.92,,-90.0,0.0,False
1985867.235,725,1,3,0725-01-03,3,penumbral,-0.8887,0.1372,1.4823,3548.0,0.0,,,0.0,False
1985896.77055,725,2,2,0725-02-02,5,penumbral,-0.4855,0.5647,1.2225,3548.0,0.0,,,0.0,False
1986044.89622,725,6,30,0725-06-30,6,penumbral,-0.6624,0.4149,1.2423,3548.0,0.0,,,0.0,False
1986074.45336,725,7,29,0725-07-29,0,penumbral,-0.7629,0.2962,1.3253,3548.0,0.0,,,0.0,False
1986221.83195,725,12,24,0725-12-24,1,partial umbral,0.4207,1.4128,0.8139,3548.0,2.22,Clonmacnoise,24.5,1.0,True
1986398.93166,726,6,19,0726-06-19,3,partial umbral,0.6918,1.7812,0.56,3540.0,3.09,,-90.0,0.0,False
1986576.47959,726,12,13,0726-12-13,5,total,1.622,2.6261,0.1394,3540.0,3.53,Clonmacnoise,59.8,1.0,True
1986753.04724,727,6,8,0727-06-08,0,total,1.5568,2.6103,0.149,3531.0,3.79,,-90.0,0.0,False
1986930.9837,727,12,3,0727-12-03,3,partial umbral,0.8117,1.8664,0.5446,3531.0,3.07,,-90.0,0.0,False
1987107.45234,728,5,27,0728-05-27,4,partial umbral,0.2029,1.2011,0.8974,3523.0,1.66,Clonmacnoise,11.2,0.68,True
1987285.19731,728,11,21,0728-11-21,0,penumbral,-0.5718,0.5378,1.1931,3523.0,0.0,,,0.0,False
1987432.81125,729,4,18,0729-04-18,1,partial umbral,0.2366,1.2017,0.9239,3514.0,1.71,,-90.0,0.0,False
1987609.40946,729,10,11,0729-10-11,2,penumbral,-0.0587,1.048,0.9336,3514.0,0.0,,,0.0,False
1987787.47664,730,4,7,0730-04-07,5,total,1.5291,2.5252,0.1894,3506.0,3.56,Clonmacnoise,27.1,1.0,True
1987963.60049,730,10,1,0730-10-01,0,total,1.3433,2.3948,0.2644,3506.0,3.6,Clonmacnoise,40.5,1.0,True
1988141.92343,731,3,28,0731-03-28,3,partial umbral,0.7893,1.8438,0.544,3498.0,3.11,,-90.0,0.0,False
1988318.09644,731,9,20,0731-09-20,4,total,1.0619,2.0576,0.4476,3498.0,3.23,,-90.0,0.0,False
1988496.06378,732,3,16,0732-03-16,0,penumbral,-0.6516,0.4503,1.2203,3489.0,0.0,,,0.0,False
1988643.42724,732,8,10,0732-08-10,0,penumbral,-0.7466,0.2295,1.456,3489.0,0.0,,,0.0,False
1988672.76712,732,9,9,0732-09-09,2,penumbral,-0.1759,0.7989,1.152,3489.0,0.0,,,0.0,False
1988820.37153,733,2,3,0733-02-03,2,partial umbral,0.1974,1.288,0.8228,3481.0,1.74,Armagh,28.9,1.0,True
1988998.01068,733,7,31,0733-07-31,5,partial umbral,0.4844,1.5032,0.7303,3481.0,2.49,,-90.0,0.0,False
1989174.67196,734,1,24,0734-01-24,0,total,1.5931,2.6284,0.1416,3473.0,3.63,Clonmacnoise,54.0,1.0,True
1989352.32056,734,7,20,0734-07-20,2,total,1.8404,2.9117,0.0006,3473.0,3.88,,-90.0,0.0,False
1989529.2347,735,1,13,0735-01-13,4,partial umbral,0.8855,1.8796,0.5517,3464.0,3.01,Iona,12.3,0.32,True
1989706.37725,735,7,9,0735-07-09,6,partial umbral,0.4227,1.5158,0.6901,3464.0,2.53,,-90.0,0.0,False
1989854.42178,735,12,4,0735-12-04,0,penumbral,-0.8949,0.1209,1.5055,3464.0,0.0,,,0.0,False
1989883.89216,736,1,3,0736-01-03,2,penumbral,-0.3248,0.6707,1.2231,3456.0,0.0,,,0.0,False
1990030.94597,736,5,29,0736-05-29,2,penumbral,-0.4151,0.6231,1.1708,3456.0,0.0,,,0.0,False
1990060.44753,736,6,27,0736-06-27,3,penumbral,-0.8943,0.1711,1.3755,3456.0,0.0,,,0.0,False
1990208.85463,736,11,23,0736-11-23,5,partial umbral,0.2142,1.2859,0.8396,3456.0,1.76,Clonmacnoise,12.5,0.56,True
1990385.43087,737,5,18,0737-05-18,6,total,1.104,2.0892,0.4239,3448.0,3.29,Clonmacnoise,13.1,0.52,True
1990562.98382,737,11,12,0737-11-12,2,total,1.4269,2.546,0.193,3448.0,3.82,,-90.0,0.0,False
1990740.11501,738,5,8,0738-05-08,4,total,1.3063,2.2676,0.3288,3440.0,3.37,,-90.0,0.0,False
1990916.94691,738,11,1,0738-11-01,6,partial umbral,0.9519,2.0711,0.4265,3440.0,3.45,,-90.0,0.0,False
1991065.43548,739,3,29,0739-03-29,0,penumbral,-0.9497,0.0634,1.5051,3431.0,0.0,,,0.0,False
1991094.81096,739,4,28,0739-04-28,2,penumbral,-0.0709,0.9111,1.0698,3431.0,0.0,,,0.0,False
1991271.06143,739,10,21,0739-10-21,3,penumbral,-0.2502,0.8207,1.0744,3431.0,0.0,,,0.0,False
1991419.79509,740,3,18,0740-03-18,5,partial umbral,0.2588,1.332,0.7995,3423.0,1.96,Clonmacnoise,12.8,0.4,True
1991596.07136,740,9,10,0740-09-10,6,partial umbral,0.2567,1.24,0.9008,3423.0,1.79,,-90.0,0.0,False
1991773.86218,741,3,7,0741-03-07,2,total,1.5563,2.6661,0.1305,3415.0,3.9,Clonmacnoise,10.6,0.16,True
1991950.76039,741,8,31,0741-08-31,4,total,1.5558,2.5316,0.1851,3415.0,3.49,Clonmacnoise,16.1,0.44,True
1992127.86914,742,2,24,0742-02-24,6,partial umbral,0.784,1.8795,0.5211,3406.0,3.19,Clonmacnoise,9.1,0.16,True
1992305.37616,742,8,20,0742-08-20,1,partial umbral,0.8468,1.8581,0.5477,3406.0,3.07,Clonmacnoise,14.9,0.44,True
1992452.59257,743,1,15,0743-01-15,2,penumbral,-0.8935,0.1279,1.4899,3398.0,0.0,,,0.0,False
1992482.10816,743,2,13,0743-02-13,3,penumbral,-0.4337,0.6104,1.2006,3398.0,0.0,,,0.0,False
1992630.1699,743,7,11,0743-07-11,4,penumbral,-0.8156,0.2655,1.3147,3398.0,0.0,,,0.0,False
1992659.74583,743,8,10,0743-08-10,6,penumbral,-0.6538,0.4112,1.2646,3398.0,0.0,,,0.0,False
1992807.19954,744,1,4,0744-01-04,6,partial umbral,0.4129,1.4033,0.8192,3390.0,2.2,,-90.0,0.0,False
1992984.19855,744,6,29,0744-06-29,1,partial umbral,0.5342,1.6235,0.6379,3390.0,2.79,,-90.0,0.0,False
1993161.84692,744,12,24,0744-12-24,4,total,1.6165,2.6219,0.1418,3390.0,3.53,Clonmacnoise,26.0,0.72,True
1993338.32721,745,6,18,0745-06-18,5,total,1.7119,2.7623,0.0713,3382.0,3.81,,-90.0,0.0,False
1993516.3398,745,12,13,0745-12-13,1,partial umbral,0.8103,1.8681,0.5429,3382.0,3.08,Armagh,37.4,1.0,True
1993692.75134,746,6,8,0746-06-08,3,partial umbral,0.3499,1.3446,0.8222,3373.0,2.12,,-90.0,0.0,False
1993870.53714,746,12,3,0746-12-03,6,penumbral,-0.5687,0.5439,1.1885,3373.0,0.0,,,0.0,False
1994018.12929,747,4,29,0747-04-29,6,partial umbral,0.1191,1.0828,0.9892,3365.0,1.24,,-90.0,0.0,False
1994047.41064,747,5,28,0747-05-28,0,penumbral,-0.9023,0.059,1.557,3365.0,0.0,,,0.0,False
1994194.73506,747,10,23,0747-10-23,1,penumbral,-0.0933,1.0142,0.9523,3365.0,0.0,,,0.0,False
1994372.79206,748,4,18,0748-04-18,4,total,1.4176,2.4142,0.2488,3357.0,3.53,Clonmacnoise,7.1,0.12,True
1994548.93642,748,10,11,0748-10-11,5,total,1.3,2.3513,0.2879,3357.0,3.56,,-90.0,0.0,False
1994727.22681,749,4,7,0749-04-07,1,partial umbral,0.8914,1.9463,0.49,3349.0,3.26,,-90.0,0.0,False
1994903.44036,749,9,30,0749-09-30,2,total,1.1178,2.1143,0.4178,3349.0,3.27,Clonmacnoise,38.4,1.0,True
1995081.35697,750,3,27,0750-03-27,5,penumbral,-0.5534,0.5464,1.171,3341.0,0.0,,,0.0,False
1995228.7512,750,8,22,0750-08-22,6,penumbral,-0.8493,0.1312,1.509,3341.0,0.0,,,0.0,False
1995258.10858,750,9,20,0750-09-20,0,penumbral,-0.1127,0.8655,1.1155,3341.0,0.0,,,0.0,False
1995405.6969,751,2,15,0751-02-15,1,partial umbral,0.1577,1.2425,0.8464,3332.0,1.56,Clonmacnoise,39.1,1.0,True
1995583.31717,751,8,11,0751-08-11,3,partial umbral,0.364,1.3888,0.7896,3332.0,2.2,,-90.0,0.0,False
1995760.0189,752,2,4,0752-02-04,5,total,1.566,2.5958,0.1579,3324.0,3.62,,-90.0,0.0,False
1995937.60394,752,7,31,0752-07-31,1,total,1.703,2.7793,0.068,3324.0,3.87,Clonmacnoise,18.3,1.0,True
1996114.59633,753,1,24,0753-01-24,3,partial umbral,0.9079,1.8989,0.5407,3316.0,3.03,Clonmacnoise,55.2,1.0,True
1996291.64743,753,7,20,0753-07-20,5,partial umbral,0.5719,1.6667,0.6166,3316.0,2.87,Clonmacnoise,14.6,0.88,True
1996439.78679,753,12,15,0753-12-15,6,penumbral,-0.9063,0.1119,1.5076,3316.0,0.0,,,0.0,False
1996469.25707,754,1,13,0754-01-13,0,penumbral,-0.3154,0.6799,1.2162,3308.0,0.0,,,0.0,False
1996616.232,754,6,9,0754-06-09,0,penumbral,-0.5492,0.4851,1.2452,3308.0,0.0,,,0.0,False
1996645.72637,754,7,9,0754-07-09,2,penumbral,-0.7427,0.3209,1.3035,3308.0,0.0,,,0.0,False
1996794.20498,754,12,4,0754-12-04,3,partial umbral,0.2007,1.2761,0.8432,3308.0,1.71,Iona,5.6,0.12,True
1996970.73513,755,5,30,0755-05-30,5,partial umbral,0.9708,1.9526,0.4985,3300.0,3.16,Clonmacnoise,6.2,0.08,True
1997148.31812,755,11,23,0755-11-23,0,total,1.4086,2.5304,0.2011,3300.0,3.82,Armagh,36.3,0.96,True
1997325.42834,756,5,18,0756-05-18,2,total,1.4375,2.3974,0.2561,3292.0,3.44,Clonmacnoise,12.6,0.52,True
1997502.27762,756,11,11,0756-11-11,4,partial umbral,0.9772,2.097,0.4144,3292.0,3.47,Iona,25.5,0.72,True
1997680.12144,757,5,8,0757-05-08,0,partial umbral,0.0479,1.0307,1.002,3284.0,0.81,,-90.0,0.0,False
1997856.4033,757,10,31,0757-10-31,1,penumbral,-0.218,0.8521,1.0612,3284.0,0.0,,,0.0,False
1998005.09694,758,3,29,0758-03-29,3,partial umbral,0.153,1.2259,0.8506,3275.0,1.54,,-90.0,0.0,False
1998181.41268,758,9,21,0758-09-21,4,partial umbral,0.194,1.1789,0.9366,3275.0,1.57,Clonmacnoise,26.6,1.0,True
1998359.15857,759,3,18,0759-03-18,0,total,1.4626,2.5693,0.1772,3267.0,3.87,,-90.0,0.0,False
1998536.09642,759,9,11,0759-09-11,2,total,1.4755,2.4554,0.2283,3267.0,3.46,,-90.0,0.0,False
1998713.17916,760,3,6,0760-03-06,4,partial umbral,0.8643,1.9538,0.4837,3259.0,3.29,,-90.0,0.0,False
1998890.69575,760,8,31,0760-08-31,0,partial umbral,0.9331,1.9507,0.4983,3259.0,3.18,Clonmacnoise,24.5,0.92,True
1999037.94789,761,1,25,0761-01-25,0,penumbral,-0.904,0.1126,1.5007,3251.0,0.0,,,0.0,False
1999067.44214,761,2,23,0761-02-23,1,penumbral,-0.3726,0.665,1.1739,3251.0,0.0,,,0.0,False
1999215.44447,761,7,21,0761-07-21,2,penumbral,-0.965,0.12,1.3851,3251.0,0.0,,,0.0,False
1999245.04085,761,8,20,0761-08-20,4,penumbral,-0.5509,0.5202,1.2075,3251.0,0.0,,,0.0,False
1999392.5656,762,1,15,0762-01-15,5,partial umbral,0.4017,1.3901,0.8263,3243.0,2.18,Clonmacnoise,57.6,1.0,True
1999569.46726,762,7,10,0762-07-10,6,partial umbral,0.38,1.4696,0.7143,3243.0,2.4,Clonmacnoise,12.1,0.76,True
1999747.21242,763,1,4,0763-01-04,2,total,1.608,2.6142,0.1459,3235.0,3.54,Iona,11.8,0.28,True
1999923.60989,763,6,30,0763-06-30,4,total,1.844,2.8917,0.0047,3235.0,3.81,Clonmacnoise,12.6,0.88,True
2000101.69437,763,12,25,0763-12-25,0,partial umbral,0.8114,1.8717,0.5401,3235.0,3.09,Clonmacnoise,53.8,1.0,True
2000278.05233,764,6,18,0764-06-18,1,partial umbral,0.4935,1.4852,0.7482,3227.0,2.46,,-90.0,0.0,False
2000455.876,764,12,13,0764-12-13,4,penumbral,-0.5637,0.551,1.1833,3227.0,0.0,,,0.0,False
2000603.44489,765,5,9,0765-05-09,4,penumbral,-0.0031,0.9596,1.0567,3219.0,0.0,,,0.0,False
2000632.72093,765,6,8,0765-06-08,6,penumbral,-0.7705,0.1896,1.4851,3219.0,0.0,,,0.0,False
2000780.06549,765,11,2,0765-11-02,6,penumbral,-0.1184,0.9895,0.9665,3219.0,0.0,,,0.0,False
2000958.10176,766,4,29,0766-04-29,2,total,1.2946,2.292,0.3141,3211.0,3.47,,-90.0,0.0,False
2001134.27863,766,10,22,0766-10-22,3,total,1.2692,2.3199,0.3051,3211.0,3.53,Armagh,21.1,0.52,True
2001312.52287,767,4,19,0767-04-19,0,total,1.0081,2.0638,0.4287,3203.0,3.4,Clonmacnoise,24.2,1.0,True
2001488.79039,767,10,12,0767-10-12,1,total,1.1608,2.1581,0.3948,3203.0,3.3,Clonmacnoise,21.7,0.6,True
2001666.64309,768,4,7,0768-04-07,4,penumbral,-0.4402,0.6577,1.1147,3195.0,0.0,,,0.0,False
2001814.08062,768,9,1,0768-09-01,4,penumbral,-0.9395,0.0457,1.5546,3195.0,0.0,,,0.0,False
2001843.45601,768,9,30,0768-09-30,5,penumbral,-0.0629,0.9186,1.0864,3195.0,0.0,,,0.0,False
2001991.01684,769,2,25,0769-02-25,6,partial umbral,0.1057,1.1843,0.8766,3187.0,1.28,,-90.0,0.0,False
2002168.62687,769,8,22,0769-08-22,2,partial umbral,0.2524,1.2835,0.8439,3187.0,1.87,Clonmacnoise,25.1,1.0,True
2002345.36159,770,2,14,0770-02-14,3,total,1.5286,2.5525,0.1799,3179.0,3.6,Armagh,32.1,0.88,True
2002522.89021,770,8,11,0770-08-11,6,total,1.5736,2.6553,0.131,3179.0,3.85,,-90.0,0.0,False
2002699.95368,771,2,4,0771-02-04,1,partial umbral,0.9402,1.9276,0.5243,3171.0,3.06,,-90.0,0.0,False
2002876.92162,771,7,31,0771-07-31,3,partial umbral,0.7127,1.8095,0.5473,3171.0,3.13,,-90.0,0.0,False
2003025.15124,771,12,26,0771-12-26,4,penumbral,-0.9176,0.1024,1.5095,3171.0,0.0,,,0.0,False
2003054.61869,772,1,25,0772-01-25,6,penumbral,-0.3001,0.6946,1.206,3163.0,0.0,,,0.0,False
2003201.51943,772,6,20,0772-06-20,6,penumbral,-0.6818,0.3491,1.3192,3163.0,0.0,,,0.0,False
2003231.00901,772,7,19,0772-07-19,0,penumbral,-0.597,0.4653,1.234,3163.0,0.0,,,0.0,False
2003379.55547,772,12,15,0772-12-15,2,partial umbral,0.1894,1.2679,0.8458,3163.0,1.67,Clonmacnoise,59.1,1.0,True
2003556.03952,773,6,9,0773-06-09,3,partial umbral,0.8369,1.8157,0.5737,3155.0,2.99,,-90.0,0.0,False
2003733.65428,773,12,4,0773-12-04,6,total,1.3953,2.5191,0.2069,3155.0,3.81,Clonmacnoise,58.3,1.0,True
2003910.73929,774,5,30,0774-05-30,1,total,1.5736,2.5328,0.1804,3147.0,3.49,Clonmacnoise,5.6,0.08,True
2004087.61234,774,11,23,0774-11-23,3,partial umbral,0.9949,2.1145,0.4063,3147.0,3.49,Clonmacnoise,57.8,1.0,True
2004265.42858,775,5,19,0775-05-19,5,partial umbral,0.1723,1.1565,0.9312,3139.0,1.51,Clonmacnoise,8.7,0.56,True
2004441.74919,775,11,12,0775-11-12,0,penumbral,-0.1929,0.876,1.0517,3139.0,0.0,,,0.0,False
2004590.39286,776,4,8,0776-04-08,1,partial umbral,0.0364,1.1092,0.907,3131.0,0.76,Armagh,12.6,1.0,True
2004766.75964,776,10,2,0776-10-02,3,partial umbral,0.1431,1.1294,0.9659,3131.0,1.36,Clonmacnoise,17.1,1.0,True
2004944.44928,777,3,28,0777-03-28,5,total,1.3568,2.4604,0.2297,3123.0,3.82,Clonmacnoise,30.2,1.0,True
2005121.4371,777,9,21,0777-09-21,0,total,1.4058,2.39,0.2656,3123.0,3.43,Clonmacnoise,35.4,1.0,True
2005298.48358,778,3,17,0778-03-17,2,partial umbral,0.9581,2.0417,0.4393,3115.0,3.4,Clonmacnoise,34.9,1.0,True
2005476.02005,778,9,11,0778-09-11,5,total,1.008,2.0319,0.4553,3115.0,3.27,,-90.0,0.0,False
2005623.29804,779,2,5,0779-02-05,5,penumbral,-0.9271,0.0844,1.5183,3107.0,0.0,,,0.0,False
2005652.76972,779,3,7,0779-03-07,0,penumbral,-0.2958,0.7354,1.1387,3107.0,0.0,,,0.0,False
2005830.34152,779,8,31,0779-08-31,2,penumbral,-0.4606,0.6167,1.1572,3107.0,0.0,,,0.0,False
2005977.92746,780,1,26,0780-01-26,3,partial umbral,0.3803,1.3663,0.8391,3099.0,2.13,,-90.0,0.0,False
2006154.73977,780,7,21,0780-07-21,5,partial umbral,0.234,1.3241,0.7869,3099.0,1.93,,-90.0,0.0,False
2006332.57458,781,1,15,0781-01-15,1,total,1.5928,2.5994,0.1539,3091.0,3.54,Clonmacnoise,56.9,1.0,True
2006508.8954,781,7,10,0781-07-10,2,total,1.7001,2.7456,0.0791,3091.0,3.79,,-90.0,0.0,False
2006687.04678,782,1,4,0782-01-04,5,partial umbral,0.8159,1.8782,0.5357,3083.0,3.1,,-90.0,0.0,False
2006863.3539,782,6,29,0782-06-29,6,partial umbral,0.6375,1.6269,0.6732,3083.0,2.73,,-90.0,0.0,False
2007041.21482,782,12,24,0782-12-24,2,penumbral,-0.559,0.557,1.1786,3083.0,0.0,,,0.0,False
2007188.75696,783,5,21,0783-05-21,3,penumbral,-0.1334,0.829,1.1282,3076.0,0.0,,,0.0,False
2007218.03075,783,6,19,0783-06-19,4,penumbral,-0.6374,0.3223,1.412,3076.0,0.0,,,0.0,False
2007365.40079,783,11,13,0783-11-13,4,penumbral,-0.1337,0.9738,0.9761,3076.0,0.0,,,0.0,False
2007543.40746,784,5,9,0784-05-09,0,total,1.164,2.1629,0.3827,3068.0,3.38,Clonmacnoise,12.8,0.48,True
2007719.62639,784,11,2,0784-11-02,2,total,1.2488,2.2986,0.3169,3068.0,3.51,Clonmacnoise,52.4,1.0,True
2007897.81382,785,4,29,0785-04-29,5,total,1.1342,2.1908,0.3631,3060.0,3.53,,-90.0,0.0,False
2008074.14542,785,10,22,0785-10-22,6,total,1.1936,2.1915,0.3773,3060.0,3.32,,-90.0,0.0,False
2008251.92405,786,4,18,0786-04-18,2,penumbral,-0.3158,0.7802,1.0531,3052.0,0.0,,,0.0,False
2008428.80821,786,10,12,0786-10-12,4,penumbral,-0.0243,0.9607,1.0633,3052.0,0.0,,,0.0,False
2008576.33173,787,3,8,0787-03-08,4,partial umbral,0.0422,1.1143,0.9129,3044.0,0.81,Armagh,9.0,0.64,True
2008753.94149,787,9,2,0787-09-02,0,partial umbral,0.1535,1.1912,0.8911,3044.0,1.49,,-90.0,0.0,False
2008930.69987,788,2,26,0788-02-26,2,total,1.4807,2.4987,0.2077,3036.0,3.57,Clonmacnoise,40.4,1.0,True
2009108.1809,788,8,21,0788-08-21,4,total,1.4553,2.5424,0.1883,3036.0,3.81,,-90.0,0.0,False
2009285.30651,789,2,14,0789-02-14,6,partial umbral,0.9826,1.9664,0.5021,3028.0,3.11,Armagh,19.8,0.56,True
2009462.20084,789,8,10,0789-08-10,1,partial umbral,0.8429,1.9419,0.4832,3028.0,3.32,,-90.0,0.0,False
2009610.51296,790,1,6,0790-01-06,3,penumbral,-0.9339,0.0874,1.5142,3021.0,0.0,,,0.0,False
2009639.9752,790,2,4,0790-02-04,4,penumbral,-0.2744,0.7195,1.19,3021.0,0.0,,,0.0,False
2009786.80894,790,7,1,0790-07-01,4,penumbral,-0.8111,0.217,1.3919,3021.0,0.0,,,0.0,False
2009816.29662,790,7,30,0790-07-30,5,penumbral,-0.4599,0.6015,1.1685,3021.0,0.0,,,0.0,False
2009964.90415,790,12,26,0790-12-26,0,partial umbral,0.176,1.2568,0.8497,3021.0,1.62,Iona,5.5,0.12,True
2010141.34478,791,6,20,0791-06-20,1,partial umbral,0.7036,1.6803,0.6487,3013.0,2.8,,-90.0,0.0,False
2010318.98975,791,12,15,0791-12-15,4,total,1.3818,2.5068,0.213,3013.0,3.81,,-90.0,0.0,False
2010496.04971,792,6,9,0792-06-09,6,total,1.7101,2.6693,0.1042,3005.0,3.53,,-90.0,0.0,False
2010672.94945,792,12,3,0792-12-03,1,total,1.0081,2.1268,0.4006,3005.0,3.5,,-90.0,0.0,False
2010850.7322,793,5,30,0793-05-30,4,partial umbral,0.303,1.2893,0.8571,2997.0,1.97,,-90.0,0.0,False
2011027.09947,793,11,22,0793-11-22,5,penumbral,-0.176,0.8911,1.0464,2997.0,0.0,,,0.0,False
2011175.68157,794,4,20,0794-04-20,0,penumbral,-0.0938,0.9792,0.9698,2989.0,0.0,,,0.0,False
2011352.11247,794,10,13,0794-10-13,1,partial umbral,0.1041,1.0919,0.9884,2989.0,1.16,,-90.0,0.0,False
2011529.73302,795,4,9,0795-04-09,4,total,1.2359,2.3364,0.2897,2982.0,3.74,Clonmacnoise,20.8,0.56,True
2011706.78353,795,10,3,0795-10-03,6,total,1.3494,2.3379,0.2952,2982.0,3.41,Clonmacnoise,20.4,0.56,True
2011883.78346,796,3,28,0796-03-28,1,total,1.0635,2.141,0.3891,2974.0,3.51,Clonmacnoise,15.2,0.36,True
2012061.34866,796,9,21,0796-09-21,3,total,1.0722,2.1025,0.4182,2974.0,3.34,Armagh,24.4,0.68,True
2012208.64486,797,2,16,0797-02-16,4,penumbral,-0.9579,0.0483,1.5402,2966.0,0.0,,,0.0,False
2012238.0937,797,3,17,0797-03-17,5,penumbral,-0.2099,0.8148,1.0985,2966.0,0.0,,,0.0,False
2012415.64625,797,9,11,0797-09-11,1,penumbral,-0.3796,0.7039,1.112,2966.0,0.0,,,0.0,False
2012563.2856,798,2,5,0798-02-05,1,partial umbral,0.3509,1.3343,0.8563,2958.0,2.05,Iona,13.9,0.52,True
2012740.01621,798,8,1,0798-08-01,3,partial umbral,0.0962,1.1872,0.8557,2958.0,1.26,,-90.0,0.0,False
2012917.93303,799,1,26,0799-01-26,6,total,1.5703,2.5771,0.1658,2951.0,3.54,,-90.0,0.0,False
2013094.18567,799,7,21,0799-07-21,0,total,1.5648,2.6086,0.1493,2951.0,3.74,,-90.0,0.0,False
2013272.39498,800,1,15,0800-01-15,3,partial umbral,0.8287,1.8924,0.5271,2943.0,3.13,Armagh,44.7,1.0,True
2013448.65939,800,7,10,0800-07-10,5,partial umbral,0.774,1.7616,0.6016,2943.0,2.93,Clonmacnoise,13.1,0.64,True
2013626.55075,801,1,4,0801-01-04,1,penumbral,-0.5481,0.5684,1.1712,2935.0,0.0,,,0.0,False
2013774.06731,801,5,31,0801-05-31,1,penumbral,-0.2671,0.6957,1.2011,2935.0,0.0,,,0.0,False
2013803.34155,801,6,29,0801-06-29,2,penumbral,-0.5062,0.4538,1.3394,2935.0,0.0,,,0.0,False
2013950.73933,801,11,24,0801-11-24,3,penumbral,-0.143,0.9635,0.9831,2935.0,0.0,,,0.0,False
2014128.70909,802,5,21,0802-05-21,6,total,1.0253,2.0262,0.4551,2928.0,3.27,Clonmacnoise,9.4,0.28,True
2014304.9785,802,11,13,0802-11-13,0,total,1.237,2.2854,0.3245,2928.0,3.49,,-90.0,0.0,False
2014483.09897,803,5,10,0803-05-10,3,total,1.2714,2.3294,0.2921,2920.0,3.65,,-90.0,0.0,False
2014659.50547,803,11,3,0803-11-03,5,total,1.216,2.2142,0.3655,2920.0,3.33,Clonmacnoise,52.2,1.0,True
2014837.19958,804,4,28,0804-04-28,0,penumbral,-0.1798,0.9145,0.9861,2912.0,0.0,,,0.0,False
2015014.16513,804,10,22,0804-10-22,2,partial umbral,0.0036,0.9917,1.0462,2912.0,0.22,,-90.0,0.0,False
2015161.64132,805,3,19,0805-03-19,3,penumbral,-0.0338,1.0318,0.9559,2905.0,0.0,,,0.0,False
2015339.26057,805,9,12,0805-09-12,5,partial umbral,0.0662,1.1105,0.9321,2905.0,0.99,,-90.0,0.0,False
2015516.03231,806,3,8,0806-03-08,0,total,1.4185,2.4303,0.2434,2897.0,3.53,,-90.0,0.0,False
2015693.47626,806,9,1,0806-09-01,2,total,1.3483,2.4411,0.2395,2897.0,3.77,Clonmacnoise,29.7,1.0,True
2015870.65421,807,2,26,0807-02-26,5,total,1.0368,2.0169,0.4734,2889.0,3.16,Clonmacnoise,43.7,1.0,True
2016047.48564,807,8,21,0807-08-21,6,partial umbral,0.9617,2.0629,0.4247,2889.0,3.47,Clonmacnoise,24.9,1.0,True
2016195.87161,808,1,17,0808-01-17,1,penumbral,-0.9558,0.0665,1.5217,2882.0,0.0,,,0.0,False
2016225.32688,808,2,15,0808-02-15,2,penumbral,-0.2393,0.7536,1.1687,2882.0,0.0,,,0.0,False
2016372.10188,808,7,11,0808-07-11,2,penumbral,-0.9344,0.0915,1.4618,2882.0,0.0,,,0.0,False
2016401.58979,808,8,10,0808-08-10,4,penumbral,-0.3327,0.7281,1.1075,2882.0,0.0,,,0.0,False
2016550.25106,809,1,5,0809-01-05,5,partial umbral,0.1608,1.2433,0.8547,2874.0,1.56,Iona,11.6,0.64,True
2016726.65108,809,7,1,0809-07-01,0,partial umbral,0.5714,1.5465,0.7233,2874.0,2.57,Clonmacnoise,12.4,0.68,True
2016904.32528,809,12,25,0809-12-25,2,total,1.3696,2.4951,0.2187,2874.0,3.81,Armagh,38.0,1.0,True
2017081.35974,810,6,20,0810-06-20,4,total,1.8467,2.8066,0.0279,2866.0,3.54,,-90.0,0.0,False
2017258.2875,810,12,14,0810-12-14,6,total,1.0206,2.1375,0.3955,2866.0,3.5,Iona,30.4,0.88,True
2017436.03453,811,6,10,0811-06-10,2,partial umbral,0.4349,1.4238,0.7826,2859.0,2.32,,-90.0,0.0,False
2017612.45181,811,12,3,0811-12-03,3,penumbral,-0.1621,0.9026,1.0429,2859.0,0.0,,,0.0,False
2017760.96594,812,4,30,0812-04-30,5,penumbral,-0.2316,0.8418,1.0361,2851.0,0.0,,,0.0,False
2017937.46949,812,10,23,0812-10-23,6,partial umbral,0.0734,1.0626,1.0063,2851.0,0.98,Clonmacnoise,45.5,1.0,True
2018115.01242,813,4,19,0813-04-19,2,total,1.1059,2.2034,0.3542,2844.0,3.63,,-90.0,0.0,False
2018292.1345,813,10,13,0813-10-13,4,total,1.3036,2.2963,0.319,2844.0,3.38,,-90.0,0.0,False
2018469.07756,814,4,8,0814-04-08,6,total,1.183,2.2546,0.3314,2836.0,3.6,,-90.0,0.0,False
2018646.68264,814,10,3,0814-10-03,2,total,1.1232,2.1598,0.3884,2836.0,3.39,Clonmacnoise,37.4,1.0,True
2018823.41188,815,3,28,0815-03-28,3,penumbral,-0.11,0.9084,1.0506,2829.0,0.0,,,0.0,False
2019000.95699,815,9,22,0815-09-22,6,penumbral,-0.3123,0.7772,1.074,2829.0,0.0,,,0.0,False
2019148.63809,816,2,17,0816-02-17,0,partial umbral,0.3085,1.2891,0.8807,2821.0,1.93,Clonmacnoise,47.0,1.0,True
2019325.29877,816,8,11,0816-08-11,1,penumbral,-0.0288,1.0633,0.9185,2821.0,0.0,,,0.0,False
2019503.28664,817,2,5,0817-02-05,4,total,1.5379,2.5445,0.1831,2814.0,3.54,Armagh,20.0,0.52,True
2019679.48004,817,7,31,0817-07-31,5,total,1.4363,2.4788,0.2165,2814.0,3.68,Clonmacnoise,18.8,0.92,True
2019857.73932,818,1,26,0818-01-26,2,partial umbral,0.8488,1.9133,0.5149,2806.0,3.17,Clonmacnoise,42.2,1.0,True
2020033.96766,818,7,21,0818-07-21,3,partial umbral,0.9061,1.8927,0.5317,2806.0,3.09,,-90.0,0.0,False
2020211.8835,819,1,15,0819-01-15,6,penumbral,-0.5307,0.5856,1.1609,2799.0,0.0,,,0.0,False
2020359.37625,819,6,11,0819-06-11,6,penumbral,-0.4037,0.5601,1.275,2799.0,0.0,,,0.0,False
2020388.65415,819,7,11,0819-07-11,1,penumbral,-0.3787,0.5822,1.2684,2799.0,0.0,,,0.0,False
2020536.08104,819,12,5,0819-12-05,1,penumbral,-0.1465,0.9583,0.9874,2799.0,0.0,,,0.0,False
2020714.00823,820,5,31,0820-05-31,4,partial umbral,0.8829,1.8864,0.5288,2791.0,3.12,,-90.0,0.0,False
2020890.33401,820,11,23,0820-11-23,5,total,1.2314,2.278,0.3289,2791.0,3.47,Armagh,39.6,1.0,True
2021068.38069,821,5,20,0821-05-20,1,total,1.4145,2.4744,0.2185,2784.0,3.75,Clonmacnoise,9.5,0.24,True
2021244.86936,821,11,13,0821-11-13,3,total,1.2302,2.2285,0.3582,2784.0,3.33,Clonmacnoise,12.4,0.32,True
2021422.47063,822,5,9,0822-05-09,5,penumbral,-0.034,1.0589,0.9144,2776.0,0.0,,,0.0,False
2021599.52622,822,11,3,0822-11-03,1,partial umbral,0.0217,1.0129,1.0343,2776.0,0.54,Clonmacnoise,51.5,1.0,True
2021746.94634,823,3,30,0823-03-30,1,penumbral,-0.1208,0.9384,1.0049,2769.0,0.0,,,0.0,False
2021924.58452,823,9,24,0823-09-24,4,penumbral,-0.009,1.0419,0.9665,2769.0,0.0,,,0.0,False
2022101.3604,824,3,18,0824-03-18,5,total,1.3454,2.3513,0.285,2761.0,3.49,Clonmacnoise,22.2,0.64,True
2022278.77727,824,9,12,0824-09-12,1,total,1.2547,2.353,0.2841,2761.0,3.71,Clonmacnoise,17.1,0.4,True
2022455.99673,825,3,8,0825-03-08,3,total,1.1025,2.079,0.438,2754.0,3.22,,-90.0,0.0,False
2022632.77626,825,9,1,0825-09-01,5,total,1.0685,2.1721,0.372,2754.0,3.58,Clonmacnoise,13.1,0.32,True
2022781.22571,826,1,27,0826-01-27,6,penumbral,-0.9862,0.0366,1.5337,2746.0,0.0,,,0.0,False
2022810.67253,826,2,26,0826-02-26,1,penumbral,-0.1922,0.7997,1.1407,2746.0,0.0,,,0.0,False
2022986.88969,826,8,21,0826-08-21,2,penumbral,-0.2184,0.8421,1.0528,2746.0,0.0,,,0.0,False
2023135.59305,827,1,17,0827-01-17,4,partial umbral,0.1368,1.2204,0.8643,2739.0,1.44,Clonmacnoise,55.6,1.0,True
2023311.96051,827,7,12,0827-07-12,5,partial umbral,0.4451,1.4193,0.7946,2739.0,2.31,,-90.0,0.0,False
2023489.658,828,1,6,0828-01-06,1,total,1.3529,2.4779,0.2269,2732.0,3.8,Clonmacnoise,57.8,1.0,True
2023666.67055,828,7,1,0828-07-01,3,total,1.8113,2.7725,0.0472,2732.0,3.54,Clonmacnoise,11.6,0.48,True
2023843.62552,828,12,25,0828-12-25,5,total,1.0342,2.1487,0.39,2732.0,3.51,Clonmacnoise,60.1,1.0,True
2024021.33532,829,6,20,0829-06-20,0,partial umbral,0.5686,1.5607,0.7073,2724.0,2.61,,-90.0,0.0,False
2024197.80622,829,12,14,0829-12-14,2,penumbral,-0.151,0.9106,1.041,2724.0,0.0,,,0.0,False
2024346.24377,830,5,11,0830-05-11,3,penumbral,-0.3817,0.6925,1.1082,2717.0,0.0,,,0.0,False
2024375.77333,830,6,10,0830-06-10,5,penumbral,-0.9729,0.0743,1.443,2717.0,0.0,,,0.0,False
2024522.83173,830,11,4,0830-11-04,5,partial umbral,0.0538,1.0441,1.0179,2717.0,0.84,Clonmacnoise,7.2,0.4,True
2024700.28667,831,4,30,0831-04-30,0,partial umbral,0.9647,2.0595,0.4242,2709.0,3.48,,-90.0,0.0,False
2024877.49014,831,10,24,0831-10-24,2,total,1.2689,2.2657,0.3365,2709.0,3.37,Clonmacnoise,49.6,1.0,True
2025054.36854,832,4,18,0832-04-18,4,total,1.3106,2.3764,0.2694,2702.0,3.69,Clonmacnoise,14.9,0.44,True
2025232.02129,832,10,13,0832-10-13,0,total,1.1624,2.2051,0.365,2702.0,3.44,,-90.0,0.0,False
2025408.72653,833,4,8,0833-04-08,2,penumbral,-0.0009,1.0113,0.9974,2695.0,0.0,,,0.0,False
2025586.27225,833,10,2,0833-10-02,4,penumbral,-0.2553,0.8402,1.0416,2695.0,0.0,,,0.0,False
2025733.98626,834,2,27,0834-02-27,5,partial umbral,0.2566,1.2344,0.9103,2687.0,1.78,,-90.0,0.0,False
2025910.58719,834,8,23,0834-08-23,0,penumbral,-0.1422,0.9512,0.9758,2687.0,0.0,,,0.0,False
2026088.63466,835,2,17,0835-02-17,3,total,1.4938,2.5001,0.2067,2680.0,3.53,Clonmacnoise,47.5,1.0,True
2026264.78102,835,8,12,0835-08-12,4,total,1.3203,2.362,0.2774,2680.0,3.61,Clonmacnoise,6.5,0.12,True
2026443.07802,836,2,6,0836-02-06,0,partial umbral,0.8804,1.9456,0.4969,2673.0,3.22,,-90.0,0.0,False
2026619.28055,836,7,31,0836-07-31,1,total,1.0291,2.0151,0.4662,2673.0,3.21,,-90.0,0.0,False
2026797.21155,837,1,25,0837-01-25,4,penumbral,-0.5033,0.6123,1.1459,2665.0,0.0,,,0.0,False
2026944.68522,837,6,22,0837-06-22,5,penumbral,-0.54,0.4255,1.3482,2665.0,0.0,,,0.0,False
2026973.96941,837,7,21,0837-07-21,6,penumbral,-0.2568,0.7057,1.2002,2665.0,0.0,,,0.0,False
2027121.42334,837,12,15,0837-12-15,6,penumbral,-0.1492,0.953,0.9916,2665.0,0.0,,,0.0,False
2027299.30458,838,6,11,0838-06-11,2,partial umbral,0.7356,1.7423,0.6044,2658.0,2.93,,-90.0,0.0,False
2027475.69183,838,12,5,0838-12-05,4,total,1.2297,2.2739,0.3313,2658.0,3.46,Clonmacnoise,53.6,1.0,True
2027653.65886,839,6,1,0839-06-01,0,total,1.5638,2.626,0.1421,2651.0,3.82,Clonmacnoise,12.9,0.56,True
2027830.23577,839,11,24,0839-11-24,1,total,1.2398,2.2378,0.3535,2651.0,3.33,Iona,18.6,0.56,True
2028007.73855,840,5,20,0840-05-20,4,partial umbral,0.1191,1.211,0.8393,2644.0,1.4,,-90.0,0.0,False
2028184.89095,840,11,13,0840-11-13,6,partial umbral,0.0318,1.0257,1.027,2644.0,0.65,,-90.0,0.0,False
2028332.24637,841,4,9,0841-04-09,6,penumbral,-0.2197,0.8331,1.0604,2636.0,0.0,,,0.0,False
2028509.91342,841,10,4,0841-10-04,2,penumbral,-0.0719,0.9855,0.9944,2636.0,0.0,,,0.0,False
2028686.68335,842,3,30,0842-03-30,4,total,1.2594,2.2594,0.334,2629.0,3.43,Clonmacnoise,28.0,1.0,True
2028864.08406,842,9,23,0842-09-23,6,total,1.1751,2.2787,0.3217,2629.0,3.66,,-90.0,0.0,False
2029041.33365,843,3,19,0843-03-19,1,total,1.1808,2.1538,0.3955,2622.0,3.28,Armagh,17.4,0.48,True
2029218.07407,843,9,12,0843-09-12,3,total,1.1603,2.2663,0.3266,2622.0,3.66,,-90.0,0.0,False
2029396.01307,844,3,8,0844-03-08,6,penumbral,-0.1356,0.8554,1.1074,2615.0,0.0,,,0.0,False
2029572.19546,844,8,31,0844-08-31,0,penumbral,-0.1147,0.9457,1.0031,2615.0,0.0,,,0.0,False
2029720.9315,845,1,27,0845-01-27,2,partial umbral,0.107,1.1912,0.8769,2607.0,1.29,,-90.0,0.0,False
2029897.2728,845,7,22,0845-07-22,3,partial umbral,0.3241,1.2979,0.8632,2607.0,2.0,,-90.0,0.0,False
2030074.98793,846,1,16,0846-01-16,6,total,1.3306,2.4545,0.2379,2600.0,3.79,,-90.0,0.0,False
2030251.98278,846,7,12,0846-07-12,1,total,1.6786,2.6419,0.1205,2600.0,3.53,,-90.0,0.0,False
2030428.96234,847,1,5,0847-01-05,3,total,1.0519,2.163,0.3828,2593.0,3.52,,-90.0,0.0,False
2030606.63688,847,7,2,0847-07-02,6,partial umbral,0.699,1.6951,0.6339,2593.0,2.84,Clonmacnoise,11.9,0.76,True
2030783.15979,847,12,25,0847-12-25,0,penumbral,-0.1365,0.9215,1.0374,2593.0,0.0,,,0.0,False
2030931.51941,848,5,22,0848-05-22,2,penumbral,-0.5343,0.5411,1.1812,2586.0,0.0,,,0.0,False
2030961.05529,848,6,20,0848-06-20,3,penumbral,-0.8391,0.2117,1.3693,2586.0,0.0,,,0.0,False
2031108.19704,848,11,14,0848-11-14,3,partial umbral,0.0406,1.0318,1.0259,2586.0,0.73,,-90.0,0.0,False
2031285.55747,849,5,11,0849-05-11,6,partial umbral,0.8161,1.9084,0.498,2579.0,3.29,Clonmacnoise,17.7,1.0,True
2031462.84967,849,11,4,0849-11-04,1,total,1.2437,2.2443,0.3488,2579.0,3.35,Clonmacnoise,14.0,0.36,True
2031639.65553,850,4,30,0850-04-30,3,total,1.4482,2.5086,0.2019,2572.0,3.75,Clonmacnoise,19.6,0.8,True
2031817.36455,850,10,24,0850-10-24,5,total,1.1906,2.239,0.3476,2572.0,3.47,Clonmacnoise,40.0,1.0,True
2031994.03651,851,4,19,0851-04-19,0,partial umbral,0.12,1.1265,0.9375,2564.0,1.29,,-90.0,0.0,False
2032171.59384,851,10,14,0851-10-14,3,penumbral,-0.2123,0.8887,1.0165,2564.0,0.0,,,0.0,False
2032319.32852,852,3,9,0852-03-09,3,partial umbral,0.191,1.1661,0.9473,2557.0,1.55,Armagh,12.6,0.56,True
2032495.88213,852,9,2,0852-09-02,5,penumbral,-0.2424,0.8524,1.0268,2557.0,0.0,,,0.0,False
2032673.97677,853,2,27,0853-02-27,1,total,1.4375,2.4433,0.2368,2550.0,3.52,,-90.0,0.0,False
2032850.08771,853,8,22,0853-08-22,2,total,1.2146,2.2556,0.3335,2550.0,3.52,,-90.0,0.0,False
2033028.41037,854,2,16,0854-02-16,5,partial umbral,0.9246,1.9899,0.4726,2543.0,3.28,Clonmacnoise,39.4,1.0,True
2033204.59796,854,8,12,0854-08-12,0,total,1.1433,2.1293,0.405,2543.0,3.31,Clonmacnoise,22.0,1.0,True
2033382.53463,855,2,6,0855-02-06,3,penumbral,-0.4657,0.6485,1.1262,2536.0,0.0,,,0.0,False
2033529.99456,855,7,3,0855-07-03,3,penumbral,-0.6749,0.293,1.42,2536.0,0.0,,,0.0,False
2033559.28787,855,8,1,0855-08-01,4,penumbral,-0.1421,0.8226,1.1355,2536.0,0.0,,,0.0,False
2033706.76581,855,12,27,0855-12-27,5,penumbral,-0.1524,0.9466,0.9963,2536.0,0.0,,,0.0,False
2033884.60044,856,6,22,0856-06-22,1,partial umbral,0.5889,1.5993,0.679,2529.0,2.69,Clonmacnoise,11.6,1.0,True
2034061.0513,856,12,15,0856-12-15,2,total,1.2305,2.2717,0.3327,2529.0,3.46,,-90.0,0.0,False
2034238.93453,857,6,11,0857-06-11,5,total,1.7172,2.7821,0.064,2522.0,3.86,,-90.0,0.0,False
2034415.60444,857,12,5,0857-12-05,0,total,1.2451,2.2423,0.3513,2522.0,3.33,Clonmacnoise,59.0,1.0,True
2034593.00441,858,5,31,0858-05-31,2,partial umbral,0.2777,1.3689,0.7616,2515.0,2.09,,-90.0,0.0,False
2034770.25779,858,11,24,0858-11-24,4,partial umbral,0.0368,1.033,1.0224,2515.0,0.7,Iona,12.4,1.0,True
2034917.54311,859,4,21,0859-04-21,5,penumbral,-0.327,0.7198,1.1205,2508.0,0.0,,,0.0,False
2034947.06777,859,5,20,0859-05-20,6,penumbral,-1.039,0.0291,1.4444,2508.0,0.0,,,0.0,False
2035095.24721,859,10,15,0859-10-15,0,penumbral,-0.1227,0.9408,1.0161,2508.0,0.0,,,0.0,False
2035272.0027,860,4,9,0860-04-09,2,total,1.1643,2.1588,0.3879,2501.0,3.35,,-90.0,0.0,False
2035449.39583,860,10,3,0860-10-03,4,total,1.1072,2.2159,0.3535,2501.0,3.6,Clonmacnoise,38.0,1.0,True
2035626.66569,861,3,30,0861-03-30,0,total,1.2699,2.2397,0.3468,2494.0,3.34,Clonmacnoise,29.6,1.0,True
2035803.3785,861,9,22,0861-09-22,1,total,1.2387,2.3469,0.2879,2494.0,3.72,Clonmacnoise,30.9,0.88,True
2035981.34633,862,3,19,0862-03-19,4,penumbral,-0.064,0.9262,1.0658,2487.0,0.0,,,0.0,False
2036157.50908,862,9,12,0862-09-12,6,penumbral,-0.0261,1.0343,0.9608,2487.0,0.0,,,0.0,False
2036306.26322,863,2,7,0863-02-07,0,partial umbral,0.0643,1.1486,0.8961,2480.0,1.01,Iona,5.1,0.12,True
2036482.58969,863,8,3,0863-08-03,2,partial umbral,0.2119,1.186,0.9267,2480.0,1.64,Clonmacnoise,19.9,1.0,True
2036660.31272,864,1,27,0864-01-27,4,total,1.2981,2.42,0.2542,2473.0,3.77,Armagh,29.8,0.76,True
2036837.29771,864,7,22,0864-07-22,6,total,1.5523,2.5181,0.1899,2473.0,3.49,,-90.0,0.0,False
2037014.29719,865,1,15,0865-01-15,1,total,1.0749,2.1821,0.373,2466.0,3.54,Armagh,28.6,0.76,True
2037191.93813,865,7,12,0865-07-12,4,partial umbral,0.8287,1.8292,0.5613,2466.0,3.04,,-90.0,0.0,False
2037368.51354,866,1,5,0866-01-05,6,penumbral,-0.1212,0.9325,1.0335,2459.0,0.0,,,0.0,False
2037516.79095,866,6,2,0866-06-02,0,penumbral,-0.6934,0.3836,1.2572,2459.0,0.0,,,0.0,False
2037546.3359,866,7,1,0866-07-01,1,penumbral,-0.7038,0.3512,1.2953,2459.0,0.0,,,0.0,False
2037693.56556,866,11,26,0866-11-26,2,partial umbral,0.0341,1.0257,1.0301,2459.0,0.67,Clonmacnoise,57.0,1.0,True
2037870.82556,867,5,22,0867-05-22,4,partial umbral,0.6615,1.7516,0.5748,2452.0,3.04,,-90.0,0.0,False
2038048.21284,867,11,15,0867-11-15,6,total,1.2277,2.2317,0.3561,2452.0,3.35,Iona,13.8,0.36,True
2038224.94092,868,5,10,0868-05-10,1,total,1.5912,2.6464,0.1312,2445.0,3.79,,-90.0,0.0,False
2038402.71127,868,11,4,0868-11-04,4,total,1.2101,2.264,0.3349,2445.0,3.49,Clonmacnoise,43.3,1.0,True
2038579.34426,869,4,29,0869-04-29,5,partial umbral,0.2472,1.2483,0.8737,2438.0,1.81,,-90.0,0.0,False
2038756.91967,869,10,24,0869-10-24,1,penumbral,-0.1783,0.9277,0.9963,2438.0,0.0,,,0.0,False
2038904.66532,870,3,21,0870-03-21,2,partial umbral,0.1131,1.0857,0.9909,2431.0,1.21,Clonmacnoise,29.5,1.0,True
2039081.18403,870,9,13,0870-09-13,3,penumbral,-0.3285,0.7676,1.0712,2431.0,0.0,,,0.0,False
2039259.31281,871,3,10,0871-03-10,6,total,1.3688,2.3743,0.2734,2424.0,3.49,Armagh,17.1,0.44,True
2039435.40136,871,9,2,0871-09-02,0,total,1.1224,2.1631,0.3827,2424.0,3.44,Clonmacnoise,25.1,0.84,True
2039613.73607,872,2,28,0872-02-28,4,partial umbral,0.9819,2.0472,0.4418,2417.0,3.35,Clonmacnoise,32.7,0.96,True
2039789.92116,872,8,22,0872-08-22,5,total,1.2455,2.2319,0.3499,2417.0,3.38,,-90.0,0.0,False
2039967.85144,873,2,16,0873-02-16,1,penumbral,-0.4147,0.6976,1.1003,2410.0,0.0,,,0.0,False
2040115.30512,873,7,13,0873-07-13,1,penumbral,-0.8069,0.1639,1.4896,2410.0,0.0,,,0.0,False
2040144.61009,873,8,12,0873-08-12,3,penumbral,-0.0355,0.9317,1.0752,2410.0,0.0,,,0.0,False
2040292.10697,874,1,6,0874-01-06,3,penumbral,-0.1595,0.9355,1.0033,2403.0,0.0,,,0.0,False
2040469.89599,874,7,3,0874-07-03,6,partial umbral,0.4425,1.4573,0.7527,2403.0,2.4,,-90.0,0.0,False
2040646.41005,874,12,26,0874-12-26,0,total,1.2282,2.2657,0.3358,2403.0,3.45,Clonmacnoise,53.3,1.0,True
2040824.20945,875,6,22,0875-06-22,3,total,1.8153,2.8835,0.0139,2397.0,3.88,,-90.0,0.0,False
2041000.97381,875,12,16,0875-12-16,5,total,1.2501,2.2461,0.3493,2397.0,3.33,,-90.0,0.0,False
2041178.26911,876,6,10,0876-06-10,0,partial umbral,0.4395,1.5303,0.6825,2390.0,2.57,,-90.0,0.0,False
2041355.62641,876,12,5,0876-12-05,3,partial umbral,0.0377,1.0357,1.0201,2390.0,0.71,Clonmacnoise,53.4,1.0,True
2041502.83645,877,5,1,0877-05-01,3,penumbral,-0.4431,0.598,1.1855,2383.0,0.0,,,0.0,False
2041532.34363,877,5,30,0877-05-30,4,penumbral,-0.8824,0.1819,1.3706,2383.0,0.0,,,0.0,False
2041680.58568,877,10,26,0877-10-26,6,penumbral,-0.1617,0.9077,1.0316,2383.0,0.0,,,0.0,False
2041857.31718,878,4,20,0878-04-20,0,total,1.0568,2.0461,0.4488,2376.0,3.25,Armagh,5.2,0.08,True
2042034.71387,878,10,15,0878-10-15,3,total,1.0539,2.1673,0.3781,2376.0,3.55,Clonmacnoise,37.2,1.0,True
2042211.99291,879,4,10,0879-04-10,5,total,1.3698,2.3367,0.292,2369.0,3.4,,-90.0,0.0,False
2042388.68971,879,10,4,0879-10-04,0,total,1.3036,2.4137,0.2558,2369.0,3.76,Clonmacnoise,37.0,1.0,True
2042566.67471,880,3,30,0880-03-30,3,partial umbral,0.0168,1.0065,1.0191,2363.0,0.48,Clonmacnoise,22.1,1.0,True
2042742.82941,880,9,22,0880-09-22,4,partial umbral,0.0502,1.1106,0.9245,2363.0,0.88,,-90.0,0.0,False
2042891.58989,881,2,18,0881-02-18,6,partial umbral,0.0124,1.0965,0.92,2356.0,0.45,Clonmacnoise,44.9,1.0,True
2043067.91055,881,8,13,0881-08-13,0,partial umbral,0.1073,1.082,0.9861,2356.0,1.18,,-90.0,0.0,False
2043245.6334,882,2,7,0882-02-07,3,total,1.2574,2.3769,0.2747,2349.0,3.75,Clonmacnoise,50.2,1.0,True
2043422.61593,882,8,3,0882-08-03,5,total,1.4336,2.4026,0.2547,2349.0,3.45,Clonmacnoise,19.3,1.0,True
2043599.62809,883,1,27,0883-01-27,0,total,1.1079,2.2104,0.3585,2342.0,3.56,Clonmacnoise,54.2,1.0,True
2043777.2423,883,7,23,0883-07-23,2,partial umbral,0.95,1.9556,0.4934,2342.0,3.19,,-90.0,0.0,False
2043953.86475,884,1,16,0884-01-16,4,penumbral,-0.0992,0.9497,1.0263,2336.0,0.0,,,0.0,False
2044102.06175,884,6,12,0884-06-12,5,penumbral,-0.8523,0.2267,1.3329,2336.0,0.0,,,0.0,False
2044131.61788,884,7,12,0884-07-12,0,penumbral,-0.5722,0.4874,1.2236,2336.0,0.0,,,0.0,False
2044278.93508,884,12,6,0884-12-06,0,partial umbral,0.0295,1.021,1.0332,2336.0,0.62,,-90.0,0.0,False
2044456.09226,885,6,1,0885-06-01,2,partial umbral,0.5039,1.5922,0.6532,2329.0,2.72,,-90.0,0.0,False
2044633.578,885,11,26,0885-11-26,5,total,1.2165,2.2235,0.3607,2329.0,3.35,Clonmacnoise,57.7,1.0,True
2044810.22369,886,5,21,0886-05-21,6,total,1.7417,2.7923,0.0561,2322.0,3.82,,-90.0,0.0,False
2044988.06135,886,11,15,0886-11-15,2,total,1.2214,2.2801,0.3268,2322.0,3.51,,-90.0,0.0,False
2045164.64901,887,5,11,0887-05-11,4,partial umbral,0.3826,1.3789,0.8048,2315.0,2.21,Clonmacnoise,14.1,0.88,True
2045342.24974,887,11,4,0887-11-04,6,penumbral,-0.1539,0.9566,0.9812,2315.0,0.0,,,0.0,False
2045489.99653,888,3,31,0888-03-31,0,partial umbral,0.0229,0.9933,1.041,2309.0,0.55,,-90.0,0.0,False
2045519.3044,888,4,29,0888-04-29,1,penumbral,-0.8621,0.1025,1.5343,2309.0,0.0,,,0.0,False
2045666.49331,888,9,23,0888-09-23,1,penumbral,-0.3996,0.6978,1.1084,2309.0,0.0,,,0.0,False
2045844.64213,889,3,21,0889-03-21,5,total,1.2862,2.2914,0.3172,2302.0,3.45,Clonmacnoise,34.5,1.0,True
2046020.72153,889,9,13,0889-09-13,6,total,1.0426,2.0832,0.4257,2302.0,3.35,Clonmacnoise,24.2,0.76,True
2046199.05481,890,3,10,0890-03-10,2,total,1.053,2.1182,0.4042,2295.0,3.44,,-90.0,0.0,False
2046375.25013,890,9,2,0890-09-02,3,total,1.3362,2.3233,0.3007,2295.0,3.42,,-90.0,0.0,False
2046553.16188,891,2,27,0891-02-27,6,penumbral,-0.3502,0.7599,1.068,2289.0,0.0,,,0.0,False
2046700.61812,891,7,25,0891-07-25,0,penumbral,-0.9333,0.0411,1.5556,2289.0,0.0,,,0.0,False
2046729.93709,891,8,23,0891-08-23,1,partial umbral,0.0604,1.0307,1.0205,2289.0,0.89,,-90.0,0.0,False
2046877.44668,892,1,17,0892-01-17,1,penumbral,-0.1709,0.9195,1.0128,2282.0,0.0,,,0.0,False
2047055.19203,892,7,13,0892-07-13,4,partial umbral,0.2987,1.3184,0.8244,2282.0,2.02,,-90.0,0.0,False
2047231.76845,893,1,6,0893-01-06,6,total,1.224,2.2575,0.34,2276.0,3.43,Clonmacnoise,39.8,1.0,True
2047409.48411,893,7,2,0893-07-02,1,total,1.6585,2.7303,0.0913,2276.0,3.87,Clonmacnoise,13.3,0.8,True
2047586.34288,893,12,26,0893-12-26,3,total,1.2561,2.2505,0.3468,2276.0,3.34,Armagh,40.4,1.0,True
2047763.53393,894,6,22,0894-06-22,6,partial umbral,0.6016,1.6925,0.6031,2269.0,2.93,Clonmacnoise,13.1,1.0,True
2047940.9951,894,12,16,0894-12-16,1,partial umbral,0.0381,1.0375,1.0181,2269.0,0.71,,-90.0,0.0,False
2048088.12843,895,5,12,0895-05-12,1,penumbral,-0.5633,0.4725,1.2531,2262.0,0.0,,,0.0,False
2048117.62085,895,6,11,0895-06-11,3,penumbral,-0.7265,0.3343,1.2968,2262.0,0.0,,,0.0,False
2048265.92704,895,11,6,0895-11-06,4,penumbral,-0.1932,0.8814,1.0435,2262.0,0.0,,,0.0,False
2048442.62953,896,5,1,0896-05-01,6,partial umbral,0.9433,1.9279,0.5131,2256.0,3.13,Clonmacnoise,18.8,1.0,True
2048620.03656,896,10,25,0896-10-25,1,total,1.0112,2.1288,0.3976,2256.0,3.51,,-90.0,0.0,False
2048797.31534,897,4,20,0897-04-20,3,total,1.4804,2.4449,0.2309,2249.0,3.45,Armagh,6.2,0.08,True
2048974.00756,897,10,14,0897-10-14,5,total,1.3553,2.4671,0.2302,2249.0,3.78,,-90.0,0.0,False
2049151.99646,898,4,10,0898-04-10,1,partial umbral,0.1113,1.1008,0.965,2243.0,1.22,,-90.0,0.0,False
2049328.15755,898,10,3,0898-10-03,2,partial umbral,0.1112,1.1715,0.8959,2243.0,1.29,,-90.0,0.0,False
2049476.90842,899,3,1,0899-03-01,4,penumbral,-0.0554,1.0282,0.9518,2236.0,0.0,,,0.0,False
2049653.23752,899,8,24,0899-08-24,5,partial umbral,0.0152,0.9912,1.0385,2236.0,0.45,,-90.0,0.0,False
2049830.94792,900,2,18,0900-02-18,1,total,1.2041,2.3207,0.3014,2230.0,3.71,,-90.0,0.0,False
2050007.9375,900,8,13,0900-08-13,3,total,1.3226,2.2953,0.3149,2230.0,3.39,,-90.0,0.0,False
2050184.95567,901,2,6,0901-02-06,5,total,1.1494,2.2466,0.3398,2223.0,3.59,,-90.0,0.0,False
2050362.54811,901,8,3,0901-08-03,1,total,1.0661,2.0771,0.4286,2223.0,3.32,Clonmacnoise,19.0,1.0,True
2050539.21332,902,1,26,0902-01-26,2,penumbral,-0.0697,0.9737,1.0152,2217.0,0.0,,,0.0,False
2050687.33058,902,6,23,0902-06-23,3,penumbral,-1.0136,0.0679,1.4095,2217.0,0.0,,,0.0,False
2050716.90078,902,7,23,0902-07-23,5,penumbral,-0.4433,0.6213,1.1538,2217.0,0.0,,,0.0,False
2050864.30575,902,12,17,0902-12-17,5,partial umbral,0.027,1.0181,1.0351,2217.0,0.59,Iona,22.2,1.0,True
2051041.35879,903,6,12,0903-06-12,0,partial umbral,0.3454,1.4322,0.7322,2210.0,2.3,,-90.0,0.0,False
2051218.94436,903,12,7,0903-12-07,3,total,1.2088,2.2184,0.3636,2210.0,3.35,,-90.0,0.0,False
2051395.50705,904,6,1,0904-06-01,5,total,1.8156,2.8619,0.0196,2204.0,3.81,Clonmacnoise,13.2,0.96,True
2051573.41349,904,11,25,0904-11-25,0,total,1.227,2.29,0.3218,2204.0,3.52,Clonmacnoise,55.0,1.0,True
2051749.95229,905,5,21,0905-05-21,2,partial umbral,0.5227,1.5146,0.7328,2197.0,2.52,,-90.0,0.0,False
2051927.58324,905,11,15,0905-11-15,5,penumbral,-0.137,0.9774,0.9701,2197.0,0.0,,,0.0,False
2052075.32306,906,4,11,0906-04-11,5,penumbral,-0.0773,0.8912,1.0964,2191.0,0.0,,,0.0,False
2052104.61974,906,5,11,0906-05-11,0,penumbral,-0.7395,0.2227,1.4677,2191.0,0.0,,,0.0,False
2052251.80954,906,10,5,0906-10-05,0,penumbral,-0.457,0.6414,1.139,2191.0,0.0,,,0.0,False
2052429.96543,907,4,1,0907-04-01,3,total,1.1913,2.1967,0.3672,2184.0,3.4,,-90.0,0.0,False
2052606.04919,907,9,24,0907-09-24,4,partial umbral,0.9776,2.018,0.4613,2184.0,3.27,,-90.0,0.0,False
2052784.36694,908,3,20,0908-03-20,0,total,1.1373,2.2024,0.3601,2178.0,3.53,Clonmacnoise,23.7,0.68,True
2052960.58476,908,9,13,0908-09-13,2,total,1.4154,2.4034,0.2574,2178.0,3.46,Clonmacnoise,33.9,1.0,True
2053138.4657,909,3,9,0909-03-09,4,penumbral,-0.2714,0.8362,1.0289,2172.0,0.0,,,0.0,False
2053315.26904,909,9,2,0909-09-02,6,partial umbral,0.1455,1.1193,0.9716,2172.0,1.36,,-90.0,0.0,False
2053462.78206,910,1,28,0910-01-28,0,penumbral,-0.1925,0.8925,1.0278,2165.0,0.0,,,0.0,False
2053640.49002,910,7,24,0910-07-24,2,partial umbral,0.1607,1.1858,0.8925,2165.0,1.52,Clonmacnoise,15.6,1.0,True
2053817.12398,911,1,17,0911-01-17,4,total,1.2121,2.241,0.3486,2159.0,3.42,,-90.0,0.0,False
2053994.76029,911,7,14,0911-07-14,0,total,1.5063,2.5821,0.1659,2159.0,3.83,,-90.0,0.0,False
2054171.71009,912,1,7,0912-01-07,2,total,1.2672,2.2595,0.3415,2152.0,3.34,Clonmacnoise,49.6,1.0,True
2054348.80027,912,7,2,0912-07-02,4,partial umbral,0.7613,1.8526,0.5249,2152.0,3.21,,-90.0,0.0,False
2054526.36357,912,12,26,0912-12-26,6,partial umbral,0.0385,1.0388,1.0161,2152.0,0.72,Armagh,33.8,1.0,True
2054673.41791,913,5,22,0913-05-22,6,penumbral,-0.6904,0.3404,1.3247,2146.0,0.0,,,0.0,False
2054702.89801,913,6,21,0913-06-21,1,penumbral,-0.5678,0.4902,1.2212,2146.0,0.0,,,0.0,False
2054851.27237,913,11,16,0913-11-16,2,penumbral,-0.2146,0.8648,1.0503,2146.0,0.0,,,0.0,False
2055027.93866,914,5,12,0914-05-12,4,partial umbral,0.8206,1.8011,0.5826,2140.0,2.97,,-90.0,0.0,False
2055205.36424,914,11,5,0914-11-05,6,partial umbral,0.9801,2.1014,0.4116,2140.0,3.48,Clonmacnoise,44.1,1.0,True
2055382.63412,915,5,2,0915-05-02,2,total,1.599,2.5617,0.1653,2134.0,3.5,Clonmacnoise,19.5,0.92,True
2055559.33203,915,10,25,0915-10-25,3,total,1.3943,2.5073,0.2109,2134.0,3.8,Armagh,36.1,0.96,True
2055737.31382,916,4,20,0916-04-20,6,partial umbral,0.2137,1.2034,0.9067,2127.0,1.67,,-90.0,0.0,False
2055913.49153,916,10,13,0916-10-13,0,partial umbral,0.1616,1.2216,0.8727,2127.0,1.54,Clonmacnoise,45.2,1.0,True
2056062.22125,917,3,11,0917-03-11,2,penumbral,-0.1336,0.9493,0.9888,2121.0,0.0,,,0.0,False
2056238.56934,917,9,4,0917-09-04,4,penumbral,-0.0672,0.9103,1.0853,2121.0,0.0,,,0.0,False
2056267.96023,917,10,3,0917-10-03,5,penumbral,-0.9761,0.0264,1.5568,2121.0,0.0,,,0.0,False
2056416.25626,918,2,28,0918-02-28,6,total,1.1378,2.2512,0.3346,2115.0,3.66,Armagh,9.6,0.16,True
2056593.2637,918,8,24,0918-08-24,1,total,1.2222,2.199,0.369,2115.0,3.33,,-90.0,0.0,False
2056770.27815,919,2,17,0919-02-17,3,total,1.2034,2.295,0.3149,2108.0,3.63,Armagh,17.5,0.4,True
2056947.8577,919,8,14,0919-08-14,6,total,1.1725,2.1894,0.3692,2108.0,3.42,,-90.0,0.0,False
2057124.55758,920,2,7,0920-02-07,1,penumbral,-0.0294,1.0084,0.9984,2102.0,0.0,,,0.0,False
2057302.18705,920,8,2,0920-08-02,3,penumbral,-0.3225,0.7475,1.0884,2102.0,0.0,,,0.0,False
2057449.67535,920,12,28,0920-12-28,4,partial umbral,0.022,1.0122,1.0383,2102.0,0.54,Clonmacnoise,45.4,1.0,True
2057626.62543,921,6,23,0921-06-23,6,partial umbral,0.1869,1.2728,0.8114,2096.0,1.73,Clonmacnoise,12.1,0.92,True
2057804.31083,921,12,17,0921-12-17,1,total,1.2024,2.214,0.3658,2096.0,3.35,Armagh,35.4,1.0,True
2057980.79027,922,6,12,0922-06-12,3,total,1.6672,2.7097,0.0968,2090.0,3.78,,-90.0,0.0,False
2058158.7663,922,12,7,0922-12-07,6,total,1.23,2.2967,0.3184,2090.0,3.53,Clonmacnoise,38.7,1.0,True
2058335.25477,923,6,1,0923-06-01,0,partial umbral,0.6657,1.6539,0.6586,2083.0,2.77,,-90.0,0.0,False
2058512.91967,923,11,26,0923-11-26,3,penumbral,-0.1271,0.9903,0.9629,2083.0,0.0,,,0.0,False
2058660.64465,924,4,22,0924-04-22,4,penumbral,-0.1884,0.7787,1.1574,2077.0,0.0,,,0.0,False
2058689.93238,924,5,21,0924-05-21,5,penumbral,-0.611,0.3494,1.3973,2077.0,0.0,,,0.0,False
2058837.13235,924,10,15,0924-10-15,5,penumbral,-0.5014,0.5977,1.1635,2077.0,0.0,,,0.0,False
2059015.28253,925,4,11,0925-04-11,1,total,1.084,2.0897,0.4235,2071.0,3.32,,-90.0,0.0,False
2059191.38354,925,10,4,0925-10-04,2,partial umbral,0.9251,1.9654,0.4904,2071.0,3.21,Clonmacnoise,35.6,1.0,True
2059369.67136,926,4,1,0926-04-01,6,total,1.2373,2.3024,0.3083,2065.0,3.62,Clonmacnoise,28.0,0.96,True
2059545.92581,926,9,24,0926-09-24,0,total,1.4811,2.4703,0.2213,2065.0,3.48,,-90.0,0.0,False
2059723.76329,927,3,21,0927-03-21,3,penumbral,-0.1792,0.9259,0.9835,2059.0,0.0,,,0.0,False
2059900.60584,927,9,14,0927-09-14,5,partial umbral,0.2196,1.1971,0.9287,2059.0,1.66,Clonmacnoise,33.8,1.0,True
2060048.1144,928,2,8,0928-02-08,5,penumbral,-0.2216,0.8578,1.0467,2053.0,0.0,,,0.0,False
2060225.79043,928,8,4,0928-08-04,1,partial umbral,0.0297,1.0606,0.9563,2053.0,0.67,,-90.0,0.0,False
2060402.47721,929,1,27,0929-01-27,2,total,1.1942,2.2181,0.3605,2046.0,3.4,Clonmacnoise,53.0,1.0,True
2060580.03784,929,7,24,0929-07-24,5,total,1.358,2.4383,0.2382,2046.0,3.77,,-90.0,0.0,False
2060757.07518,930,1,17,0930-01-17,0,total,1.2835,2.2733,0.3334,2040.0,3.35,,-90.0,0.0,False
2060934.06948,930,7,13,0930-07-13,2,partial umbral,0.9157,2.0078,0.4493,2040.0,3.42,,-90.0,0.0,False
2061111.72939,931,1,7,0931-01-07,5,partial umbral,0.0445,1.0454,1.0109,2034.0,0.77,Clonmacnoise,34.7,1.0,True
2061258.70828,931,6,3,0931-06-03,5,penumbral,-0.8171,0.2095,1.3965,2034.0,0.0,,,0.0,False
2061288.17902,931,7,2,0931-07-02,6,penumbral,-0.4149,0.6406,1.148,2034.0,0.0,,,0.0,False
2061436.61908,931,11,28,0931-11-28,1,penumbral,-0.2323,0.8512,1.0554,2034.0,0.0,,,0.0,False
2061613.24665,932,5,22,0932-05-22,2,partial umbral,0.6943,1.6711,0.6542,2028.0,2.78,,-90.0,0.0,False
2061790.69492,932,11,16,0932-11-16,5,partial umbral,0.9561,2.0802,0.4223,2028.0,3.46,Clonmacnoise,48.6,1.0,True
2061967.94945,933,5,12,0933-05-12,0,total,1.7253,2.6866,0.0952,2022.0,3.53,,-90.0,0.0,False
2062144.66177,933,11,5,0933-11-05,2,total,1.423,2.5364,0.197,2022.0,3.81,Clonmacnoise,50.6,1.0,True
2062322.62504,934,5,2,0934-05-02,5,partial umbral,0.3284,1.3188,0.8417,2016.0,2.05,Clonmacnoise,19.0,1.0,True
2062498.83242,934,10,25,0934-10-25,6,partial umbral,0.1985,1.258,0.8563,2016.0,1.69,Clonmacnoise,6.6,0.16,True
2062647.526,935,3,23,0935-03-23,1,penumbral,-0.2276,0.8547,1.0335,2010.0,0.0,,,0.0,False
2062823.90714,935,9,15,0935-09-15,2,penumbral,-0.1375,0.8417,1.1254,2010.0,0.0,,,0.0,False
2062853.30956,935,10,14,0935-10-14,3,penumbral,-0.9298,0.0731,1.5351,2010.0,0.0,,,0.0,False
2063001.55816,936,3,11,0936-03-11,5,total,1.0578,2.1676,0.3747,2004.0,3.58,Clonmacnoise,37.6,1.0,True
2063178.59451,936,9,4,0936-09-04,0,total,1.1324,2.1135,0.4169,2004.0,3.26,Clonmacnoise,30.7,1.0,True
2063355.59571,937,2,28,0937-02-28,2,total,1.2698,2.3553,0.2838,1998.0,3.67,Clonmacnoise,42.7,1.0,True
2063533.17053,937,8,24,0937-08-24,4,total,1.2702,2.2934,0.3147,1998.0,3.5,,-90.0,0.0,False
2063709.8981,938,2,17,0938-02-17,6,partial umbral,0.0206,1.0523,0.9765,1992.0,0.55,,-90.0,0.0,False
2063887.47661,938,8,13,0938-08-13,1,penumbral,-0.2096,0.866,1.0275,1992.0,0.0,,,0.0,False
2064035.04346,939,1,8,0939-01-08,2,partial umbral,0.0136,1.0025,1.0434,1986.0,0.42,,-90.0,0.0,False
2064211.89464,939,7,4,0939-07-04,4,partial umbral,0.0339,1.1191,0.8882,1986.0,0.75,,-90.0,0.0,False
2064389.67675,939,12,29,0939-12-29,0,total,1.1962,2.2094,0.3679,1986.0,3.35,Clonmacnoise,54.8,1.0,True
2064566.07526,940,6,22,0940-06-22,1,total,1.5207,2.5599,0.1733,1980.0,3.73,,-90.0,0.0,False
2064744.11928,940,12,17,0940-12-17,4,total,1.2316,2.3014,0.3159,1980.0,3.54,,-90.0,0.0,False
2064920.5576,941,6,12,0941-06-12,6,partial umbral,0.809,1.7941,0.5836,1974.0,2.98,Clonmacnoise,11.8,1.0,True
2065098.25699,941,12,6,0941-12-06,1,penumbral,-0.1188,1.0009,0.9568,1974.0,0.0,,,0.0,False
2065245.96217,942,5,3,0942-05-03,2,penumbral,-0.3083,0.6579,1.2229,1968.0,0.0,,,0.0,False
2065275.24369,942,6,1,0942-06-01,3,penumbral,-0.4795,0.4799,1.3247,1968.0,0.0,,,0.0,False
2065422.46138,942,10,26,0942-10-26,3,penumbral,-0.5337,0.5658,1.1821,1968.0,0.0,,,0.0,False
2065600.59462,943,4,23,0943-04-23,0,partial umbral,0.9668,1.9733,0.4845,1962.0,3.21,Clonmacnoise,22.8,1.0,True
2065776.72387,943,10,16,0943-10-16,1,partial umbral,0.8843,1.9242,0.5136,1962.0,3.15,Clonmacnoise,32.8,1.0,True
2065954.96981,944,4,11,0944-04-11,4,total,1.3486,2.414,0.2509,1956.0,3.7,,-90.0,0.0,False
2066131.27259,944,10,4,0944-10-04,5,total,1.5348,2.5252,0.1917,1956.0,3.5,Armagh,17.6,0.4,True
2066309.05355,945,3,31,0945-03-31,1,penumbral,-0.0711,1.0312,0.9306,1951.0,0.0,,,0.0,False
2066485.94833,945,9,24,0945-09-24,3,partial umbral,0.2806,1.262,0.8929,1951.0,1.86,,-90.0,0.0,False
2066633.44131,946,2,18,0946-02-18,3,penumbral,-0.2632,0.81,1.0725,1945.0,0.0,,,0.0,False
2066811.09478,946,8,15,0946-08-15,6,penumbral,-0.0911,0.946,1.0144,1945.0,0.0,,,0.0,False
2066987.82544,947,2,8,0947-02-08,1,total,1.1638,2.1823,0.3793,1939.0,3.36,Clonmacnoise,20.9,0.52,True
2067165.31933,947,8,4,0947-08-04,3,total,1.2193,2.3042,0.3053,1939.0,3.68,Clonmacnoise,5.2,0.04,True
2067342.43695,948,1,28,0948-01-28,5,total,1.308,2.2951,0.3207,1933.0,3.36,Clonmacnoise,49.6,1.0,True
2067519.34127,948,7,23,0948-07-23,0,total,1.0656,2.1588,0.3758,1933.0,3.58,Clonmacnoise,6.4,0.08,True
2067697.09309,949,1,17,0949-01-17,3,partial umbral,0.0545,1.0554,1.0035,1927.0,0.85,,-90.0,0.0,False
2067843.99804,949,6,13,0949-06-13,3,penumbral,-0.947,0.0758,1.4703,1927.0,0.0,,,0.0,False
2067873.46204,949,7,12,0949-07-12,4,penumbral,-0.2635,0.7901,1.0751,1927.0,0.0,,,0.0,False
2068021.96728,949,12,8,0949-12-08,6,penumbral,-0.2448,0.8422,1.058,1927.0,0.0,,,0.0,False
2068198.55296,950,6,3,0950-06-03,1,partial umbral,0.5627,1.5366,0.7287,1921.0,2.55,Clonmacnoise,12.3,1.0,True
2068376.02888,950,11,27,0950-11-27,3,partial umbral,0.94,2.0663,0.4293,1921.0,3.44,,-90.0,0.0,False
2068553.26261,951,5,23,0951-05-23,5,total,1.8556,2.8163,0.0227,1916.0,3.54,,-90.0,0.0,False
2068729.99552,951,11,16,0951-11-16,0,total,1.4444,2.5579,0.1867,1916.0,3.81,,-90.0,0.0,False
2068907.93318,952,5,12,0952-05-12,3,partial umbral,0.4483,1.4399,0.7741,1910.0,2.36,,-90.0,0.0,False
2069084.17817,952,11,4,0952-11-04,4,partial umbral,0.2268,1.2854,0.8444,1910.0,1.79,,-90.0,0.0,False
2069232.82436,953,4,2,0953-04-02,6,penumbral,-0.3336,0.7482,1.0841,1904.0,0.0,,,0.0,False
2069409.2503,953,9,25,0953-09-25,0,penumbral,-0.1971,0.7841,1.1593,1904.0,0.0,,,0.0,False
2069438.66403,953,10,25,0953-10-25,2,penumbral,-0.8938,0.1094,1.5187,1904.0,0.0,,,0.0,False
2069586.85398,954,3,22,0954-03-22,3,partial umbral,0.9647,2.0708,0.4214,1898.0,3.48,,-90.0,0.0,False
2069763.93057,954,9,15,0954-09-15,5,total,1.0548,2.0406,0.4578,1898.0,3.2,,-90.0,0.0,False
2069940.90773,955,3,11,0955-03-11,0,total,1.3497,2.4291,0.2459,1892.0,3.71,,-90.0,0.0,False
2070118.48848,955,9,4,0955-09-04,2,total,1.3551,2.3846,0.2673,1892.0,3.57,Clonmacnoise,30.7,1.0,True
2070295.23377,956,2,28,0956-02-28,4,partial umbral,0.0822,1.1077,0.9482,1887.0,1.08,,-90.0,0.0,False
2070472.77012,956,8,24,0956-08-24,0,penumbral,-0.1061,0.9753,0.9717,1887.0,0.0,,,0.0,False
2070620.40862,957,1,18,0957-01-18,0,penumbral,-0.0013,0.986,1.0521,1881.0,0.0,,,0.0,False
2070797.16646,957,7,14,0957-07-14,2,penumbral,-0.1133,0.9717,0.9625,1881.0,0.0,,,0.0,False
2070975.03977,958,1,8,0958-01-08,5,total,1.1844,2.1986,0.3732,1875.0,3.35,,-90.0,0.0,False
2071151.3625,958,7,3,0958-07-03,6,total,1.3771,2.4137,0.2487,1875.0,3.65,Clonmacnoise,6.1,0.08,True
2071329.47054,958,12,28,0958-12-28,2,total,1.2359,2.308,0.3122,1875.0,3.56,Clonmacnoise,59.6,1.0,True
2071505.86149,959,6,23,0959-06-23,4,partial umbral,0.9513,1.9339,0.5085,1870.0,3.14,,-90.0,0.0,False
2071683.59434,959,12,18,0959-12-18,0,penumbral,-0.1109,1.0104,0.9512,1870.0,0.0,,,0.0,False
2071831.27625,960,5,13,0960-05-13,0,penumbral,-0.4353,0.5307,1.2917,1864.0,0.0,,,0.0,False
2071860.5542,960,6,12,0960-06-12,2,penumbral,-0.3464,0.6126,1.2509,1864.0,0.0,,,0.0,False
2072007.79619,960,11,6,0960-11-06,2,penumbral,-0.5544,0.5448,1.1953,1864.0,0.0,,,0.0,False
2072185.90061,961,5,3,0961-05-03,5,partial umbral,0.8375,1.8452,0.5515,1858.0,3.07,,-90.0,0.0,False
2072362.07057,961,10,26,0961-10-26,6,partial umbral,0.8561,1.8955,0.5302,1858.0,3.1,,-90.0,0.0,False
2072540.26165,962,4,22,0962-04-22,2,total,1.4726,2.5384,0.1876,1853.0,3.77,,-90.0,0.0,False
2072716.62527,962,10,16,0962-10-16,4,total,1.5759,2.5674,0.169,1853.0,3.5,Clonmacnoise,46.1,1.0,True
2072894.33849,963,4,11,0963-04-11,6,partial umbral,0.0483,1.1481,0.8722,1847.0,0.9,,-90.0,0.0,False
2073071.29606,963,10,5,0963-10-05,1,partial umbral,0.3293,1.3146,0.8639,1847.0,2.0,Armagh,17.2,0.64,True
2073218.76452,964,3,1,0964-03-01,2,penumbral,-0.3139,0.7529,1.1032,1842.0,0.0,,,0.0,False
2073396.40201,964,8,25,0964-08-25,4,penumbral,-0.2043,0.8392,1.0681,1842.0,0.0,,,0.0,False
2073573.1704,965,2,18,0965-02-18,6,total,1.1252,2.1381,0.4026,1836.0,3.33,,-90.0,0.0,False
2073750.60413,965,8,15,0965-08-15,2,total,1.0885,2.1784,0.3683,1836.0,3.58,Clonmacnoise,22.7,1.0,True
2073927.79418,966,2,8,0966-02-08,4,total,1.3432,2.3272,0.302,1830.0,3.38,Clonmacnoise,26.5,0.72,True
2074104.61808,966,8,4,0966-08-04,6,total,1.2052,2.2998,0.3072,1830.0,3.7,Clonmacnoise,19.8,1.0,True
2074282.45223,967,1,28,0967-01-28,1,partial umbral,0.0741,1.0749,0.9908,1825.0,0.99,Clonmacnoise,45.4,1.0,True
2074458.75028,967,7,24,0967-07-24,3,penumbral,-0.1215,0.9306,1.0065,1825.0,0.0,,,0.0,False
2074607.31393,967,12,19,0967-12-19,4,penumbral,-0.2594,0.8303,1.062,1825.0,0.0,,,0.0,False
2074783.86002,968,6,13,0968-06-13,6,partial umbral,0.4316,1.4032,0.8031,1819.0,2.28,,-90.0,0.0,False
2074961.36368,968,12,7,0968-12-07,1,partial umbral,0.9263,2.0539,0.4354,1819.0,3.43,Armagh,48.0,1.0,True
2075138.57321,969,6,3,0969-06-03,4,total,1.8013,2.7619,0.053,1814.0,3.54,Clonmacnoise,12.9,1.0,True
2075315.33302,969,11,26,0969-11-26,5,total,1.4593,2.5719,0.1798,1814.0,3.81,Armagh,43.0,1.0,True
2075493.23699,970,5,23,0970-05-23,1,partial umbral,0.5766,1.5702,0.7021,1808.0,2.63,,-90.0,0.0,False
2075669.52864,970,11,16,0970-11-16,3,partial umbral,0.2467,1.3038,0.837,1808.0,1.86,Clonmacnoise,55.5,1.0,True
2075818.11538,971,4,13,0971-04-13,4,penumbral,-0.4538,0.6275,1.1416,1803.0,0.0,,,0.0,False
2075847.66911,971,5,13,0971-05-13,6,penumbral,-0.9603,0.0899,1.4348,1803.0,0.0,,,0.0,False
2075994.59972,971,10,7,0971-10-07,6,penumbral,-0.244,0.7392,1.186,1803.0,0.0,,,0.0,False
2076024.02376,971,11,5,0971-11-05,0,penumbral,-0.8681,0.1352,1.5077,1803.0,0.0,,,0.0,False
2076172.14364,972,4,1,0972-04-01,1,partial umbral,0.8584,1.9608,0.4745,1797.0,3.35,,-90.0,0.0,False
2076349.27136,972,9,25,0972-09-25,3,partial umbral,0.9883,1.9788,0.4924,1797.0,3.14,Armagh,13.2,0.32,True
2076526.21494,973,3,21,0973-03-21,5,total,1.4415,2.5146,0.2017,1792.0,3.75,,-90.0,0.0,False
2076703.81088,973,9,15,0973-09-15,1,total,1.4284,2.4645,0.2262,1792.0,3.61,Clonmacnoise,8.5,0.16,True
2076880.56429,974,3,11,0974-03-11,3,partial umbral,0.1564,1.1756,0.9131,1786.0,1.47,Clonmacnoise,38.9,1.0,True
2077058.06868,974,9,4,0974-09-04,5,penumbral,-0.0142,1.0731,0.9221,1786.0,0.0,,,0.0,False
2077205.77058,975,1,30,0975-01-30,6,penumbral,-0.023,0.9623,1.0645,1781.0,0.0,,,0.0,False
2077382.44236,975,7,25,0975-07-25,0,penumbral,-0.2524,0.8326,1.033,1781.0,0.0,,,0.0,False
2077560.40003,976,1,19,0976-01-19,3,total,1.1676,2.1826,0.3812,1776.0,3.34,Clonmacnoise,47.4,1.0,True
2077736.65343,976,7,14,0976-07-14,5,total,1.2399,2.2743,0.3212,1776.0,3.55,Clonmacnoise,14.3,0.64,True
2077914.81947,977,1,8,0977-01-08,1,total,1.2442,2.318,0.3065,1770.0,3.57,Clonmacnoise,27.8,0.72,True
2078091.16697,977,7,3,0977-07-03,2,total,1.0912,2.072,0.434,1770.0,3.27,,-90.0,0.0,False
2078268.93061,977,12,28,0977-12-28,5,penumbral,-0.1009,1.0211,0.9448,1770.0,0.0,,,0.0,False
2078416.58784,978,5,25,0978-05-25,6,penumbral,-0.5668,0.3995,1.3624,1765.0,0.0,,,0.0,False
2078445.86527,978,6,23,0978-06-23,0,penumbral,-0.215,0.7443,1.1775,1765.0,0.0,,,0.0,False
2078593.13484,978,11,17,0978-11-17,0,penumbral,-0.5676,0.5308,1.205,1765.0,0.0,,,0.0,False
2078771.20298,979,5,14,0979-05-14,3,partial umbral,0.7022,1.7116,0.621,1759.0,2.88,,-90.0,0.0,False
2078947.42221,979,11,6,0979-11-06,4,partial umbral,0.8381,1.8765,0.5416,1759.0,3.07,Clonmacnoise,51.2,1.0,True
2079125.54808,980,5,3,0980-05-03,1,total,1.6068,2.6734,0.1193,1754.0,3.83,Clonmacnoise,18.8,1.0,True
2079301.98265,980,10,26,0980-10-26,2,total,1.6071,2.5996,0.1517,1754.0,3.51,,-90.0,0.0,False
2079479.61717,981,4,22,0981-04-22,5,partial umbral,0.1814,1.2787,0.8074,1749.0,1.72,Clonmacnoise,20.3,1.0,True
2079656.64896,981,10,16,0981-10-16,0,partial umbral,0.3664,1.3555,0.8414,1749.0,2.1,Clonmacnoise,42.1,1.0,True
2079804.08106,982,3,12,0982-03-12,0,penumbral,-0.3802,0.68,1.1422,1743.0,0.0,,,0.0,False
2079981.71457,982,9,6,0982-09-06,3,penumbral,-0.3042,0.7459,1.1146,1743.0,0.0,,,0.0,False
2080011.22501,982,10,5,0982-10-05,4,penumbral,-1.0093,0.0192,1.5287,1743.0,0.0,,,0.0,False
2080158.50976,983,3,2,0983-03-02,5,total,1.0727,2.0798,0.4337,1738.0,3.27,Clonmacnoise,41.6,1.0,True
2080335.89348,983,8,26,0983-08-26,0,partial umbral,0.9687,2.0636,0.4256,1738.0,3.46,,-90.0,0.0,False
2080513.14681,984,2,19,0984-02-19,2,total,1.3889,2.3698,0.2775,1733.0,3.41,,-90.0,0.0,False
2080689.89958,984,8,14,0984-08-14,4,total,1.3356,2.4318,0.2429,1733.0,3.79,,-90.0,0.0,False
2080867.80711,985,2,8,0985-02-08,0,partial umbral,0.1019,1.1022,0.9735,1728.0,1.16,Clonmacnoise,12.9,0.84,True
2081044.04241,985,8,3,0985-08-03,1,partial umbral,0.0144,1.0654,0.9405,1728.0,0.47,,-90.0,0.0,False
2081192.66007,985,12,30,0985-12-30,3,penumbral,-0.2733,0.8184,1.0658,1728.0,0.0,,,0.0,False
2081369.1675,986,6,24,0986-06-24,4,partial umbral,0.3001,1.2701,0.8777,1722.0,1.93,,-90.0,0.0,False
2081546.69883,986,12,19,0986-12-19,0,partial umbral,0.914,2.0421,0.4411,1722.0,3.42,Clonmacnoise,52.2,1.0,True
2081723.88362,987,6,14,0987-06-14,2,total,1.665,2.6263,0.1285,1717.0,3.52,,-90.0,0.0,False
2081900.67299,987,12,8,0987-12-08,4,total,1.4706,2.5818,0.1749,1717.0,3.81,Clonmacnoise,55.7,1.0,True
2082078.53852,988,6,3,0988-06-03,0,partial umbral,0.7084,1.7043,0.6285,1712.0,2.86,Clonmacnoise,13.6,1.0,True
2082254.88229,988,11,26,0988-11-26,1,partial umbral,0.2612,1.3165,0.8323,1712.0,1.9,Iona,4.9,0.08,True
2082403.40116,989,4,23,0989-04-23,2,penumbral,-0.5834,0.4977,1.2035,1707.0,0.0,,,0.0,False
2082432.95367,989,5,23,0989-05-23,4,penumbral,-0.8309,0.2214,1.3638,1707.0,0.0,,,0.0,False
2082579.95402,989,10,17,0989-10-17,4,penumbral,-0.2805,0.7046,1.2068,1707.0,0.0,,,0.0,False
2082609.38685,989,11,15,0989-11-15,5,penumbral,-0.8494,0.1536,1.5004,1707.0,0.0,,,0.0,False
2082757.42761,990,4,12,0990-04-12,6,partial umbral,0.74,1.8387,0.5338,1701.0,3.17,Clonmacnoise,22.9,0.96,True
2082934.61757,990,10,7,0990-10-07,2,partial umbral,0.9347,1.9299,0.5198,1701.0,3.09,Clonmacnoise,43.3,1.0,True
2083111.51741,991,4,2,0991-04-02,4,total,1.5449,2.6118,0.1514,1696.0,3.78,Clonmacnoise,29.4,1.0,True
2083289.13788,991,9,26,0991-09-26,6,total,1.4903,2.5328,0.1914,1696.0,3.65,,-90.0,0.0,False
2083465.89011,992,3,21,0992-03-21,1,partial umbral,0.2421,1.2552,0.8716,1691.0,1.8,,-90.0,0.0,False
2083643.37249,992,9,14,0992-09-14,3,partial umbral,0.0656,1.1587,0.8789,1691.0,1.03,Armagh,19.3,1.0,True
2083791.12749,993,2,9,0993-02-09,4,penumbral,-0.0562,0.927,1.0831,1686.0,0.0,,,0.0,False
2083820.50566,993,3,11,0993-03-11,6,penumbral,-0.9423,0.0359,1.5736,1686.0,0.0,,,0.0,False
2083967.72299,993,8,5,0993-08-05,6,penumbral,-0.3818,0.7037,1.099,1686.0,0.0,,,0.0,False
2084145.75541,994,1,30,0994-01-30,2,total,1.141,2.1563,0.3945,1681.0,3.33,Clonmacnoise,35.9,1.0,True
2084321.94891,994,7,25,0994-07-25,3,total,1.111,2.1437,0.3898,1681.0,3.44,,-90.0,0.0,False
2084500.16394,995,1,19,0995-01-19,6,total,1.261,2.336,0.2968,1676.0,3.59,,-90.0,0.0,False
2084676.47561,995,7,14,0995-07-14,0,total,1.2247,2.2043,0.3624,1676.0,3.37,Clonmacnoise,14.7,0.88,True
2084854.26498,996,1,8,0996-01-08,3,penumbral,-0.0875,1.0344,0.9372,1671.0,0.0,,,0.0,False
2085001.89672,996,6,4,0996-06-04,4,penumbral,-0.7036,0.2637,1.4355,1671.0,0.0,,,0.0,False
2085031.17638,996,7,3,0996-07-03,5,penumbral,-0.0838,0.8764,1.104,1671.0,0.0,,,0.0,False
2085178.4776,996,11,27,0996-11-27,5,penumbral,-0.5727,0.5241,1.2108,1671.0,0.0,,,0.0,False
2085356.50083,997,5,25,0997-05-25,2,partial umbral,0.5587,1.5704,0.6941,1666.0,2.64,Clonmacnoise,14.6,1.0,True
2085532.77837,997,11,17,0997-11-17,3,partial umbral,0.8285,1.8656,0.5487,1666.0,3.05,Clonmacnoise,29.0,0.92,True
2085710.82921,998,5,14,0998-05-14,6,total,1.7511,2.8189,0.0463,1660.0,3.87,,-90.0,0.0,False
2085887.34477,998,11,6,0998-11-06,0,total,1.6282,2.6214,0.14,1660.0,3.51,Armagh,41.9,1.0,True
2086064.89224,999,5,3,0999-05-03,3,partial umbral,0.3228,1.4179,0.7385,1655.0,2.24,,-90.0,0.0,False
2086242.00567,999,10,27,0999-10-27,5,partial umbral,0.3947,1.3875,0.8237,1655.0,2.17,,-90.0,0.0,False
2086389.39415,1000,3,22,1000-03-22,5,penumbral,-0.4548,0.5989,1.1858,1650.0,0.0,,,0.0,False
2086418.94949,1000,4,21,1000-04-21,0,penumbral,-0.9772,0.0955,1.4132,1650.0,0.0,,,0.0,False
2086567.03111,1000,9,16,1000-09-16,1,penumbral,-0.394,0.6627,1.1556,1650.0,0.0,,,0.0,False
2086596.56618,1000,10,16,1000-10-16,3,penumbral,-0.978,0.0564,1.5061,1650.0,0.0,,,0.0,False
2086743.84447,1001,3,12,1001-03-12,3,total,1.0089,2.0103,0.4709,1645.0,3.2,,-90.0,0.0,False
2086921.18784,1001,9,5,1001-09-05,5,partial umbral,0.8609,1.9609,0.4769,1645.0,3.33,,-90.0,0.0,False
2087098.49407,1002,3,1,1002-03-01,0,total,1.4465,2.4242,0.2463,1640.0,3.43,Clonmacnoise,40.8,1.0,True
2087275.18773,1002,8,25,1002-08-25,2,total,1.4522,2.5501,0.1854,1640.0,3.85,,-90.0,0.0,False
2087453.1558,1003,2,19,1003-02-19,5,partial umbral,0.1424,1.1421,0.9493,1635.0,1.37,,-90.0,0.0,False
2087629.34145,1003,8,14,1003-08-14,6,partial umbral,0.1371,1.1874,0.8807,1635.0,1.43,,-90.0,0.0,False
2087778.00265,1004,1,10,1004-01-10,1,penumbral,-0.2938,0.7992,1.0731,1630.0,0.0,,,0.0,False
2087954.47662,1004,7,4,1004-07-04,2,partial umbral,0.171,1.1399,0.951,1630.0,1.48,Clonmacnoise,11.8,1.0,True
2088132.0327,1004,12,29,1004-12-29,5,partial umbral,0.8995,2.0273,0.4481,1630.0,3.4,,-90.0,0.0,False
2088309.19334,1005,6,24,1005-06-24,0,total,1.5267,2.4894,0.2048,1626.0,3.49,,-90.0,0.0,False
2088486.01354,1005,12,18,1005-12-18,2,total,1.4821,2.5909,0.1701,1626.0,3.81,,-90.0,0.0,False
2088663.83763,1006,6,14,1006-06-14,5,partial umbral,0.844,1.843,0.5531,1621.0,3.06,,-90.0,0.0,False
2088840.23852,1006,12,7,1006-12-07,6,partial umbral,0.272,1.3247,0.8298,1621.0,1.93,Iona,16.3,0.8,True
2088988.68114,1007,5,5,1007-05-05,1,penumbral,-0.7234,0.3578,1.2704,1616.0,0.0,,,0.0,False
2089018.23487,1007,6,3,1007-06-03,2,penumbral,-0.6955,0.3594,1.2903,1616.0,0.0,,,0.0,False
2089165.31309,1007,10,28,1007-10-28,2,penumbral,-0.3073,0.6796,1.2221,1616.0,0.0,,,0.0,False
2089194.75292,1007,11,27,1007-11-27,4,penumbral,-0.8364,0.1659,1.4962,1616.0,0.0,,,0.0,False
2089342.70671,1008,4,23,1008-04-23,5,partial umbral,0.6109,1.706,0.5985,1611.0,2.94,Clonmacnoise,13.3,0.44,True
2089519.96848,1008,10,17,1008-10-17,0,partial umbral,0.8921,1.8921,0.5409,1611.0,3.04,,-90.0,0.0,False
2089696.81471,1009,4,12,1009-04-12,2,total,1.6615,2.7221,0.0942,1606.0,3.81,,-90.0,0.0,False
2089874.47012,1009,10,6,1009-10-06,4,total,1.5392,2.5881,0.1637,1606.0,3.68,Clonmacnoise,43.8,1.0,True
2090051.21121,1010,4,1,1010-04-01,6,partial umbral,0.3398,1.3469,0.8233,1601.0,2.1,,-90.0,0.0,False
2090228.68178,1010,9,26,1010-09-26,2,partial umbral,0.1332,1.232,0.8421,1601.0,1.46,Clonmacnoise,27.5,1.0,True
2090376.4797,1011,2,20,1011-02-20,2,penumbral,-0.0996,0.8814,1.1073,1596.0,0.0,,,0.0,False
2090405.84214,1011,3,22,1011-03-22,4,penumbral,-0.8651,0.1093,1.533,1596.0,0.0,,,0.0,False
2090553.00946,1011,8,16,1011-08-16,4,penumbral,-0.499,0.587,1.1593,1596.0,0.0,,,0.0,False
2090731.10671,1012,2,10,1012-02-10,0,total,1.1071,2.1224,0.4118,1591.0,3.31,,-90.0,0.0,False
2090907.24861,1012,8,4,1012-08-04,1,partial umbral,0.9897,2.0211,0.4548,1591.0,3.31,,-90.0,0.0,False
2091085.50437,1013,1,30,1013-01-30,5,total,1.285,2.3607,0.2834,1586.0,3.62,Clonmacnoise,52.5,1.0,True
2091261.78737,1013,7,25,1013-07-25,6,total,1.3518,2.3308,0.2937,1586.0,3.44,,-90.0,0.0,False
2091439.59495,1014,1,19,1014-01-19,2,penumbral,-0.0649,1.0562,0.9253,1582.0,0.0,,,0.0,False
2091587.2049,1014,6,15,1014-06-15,2,penumbral,-0.841,0.1279,1.5082,1582.0,0.0,,,0.0,False
2091616.48986,1014,7,14,1014-07-14,3,partial umbral,0.0415,1.0033,1.0333,1582.0,0.74,Clonmacnoise,13.0,1.0,True
2091763.82189,1014,12,9,1014-12-09,4,penumbral,-0.575,0.5196,1.2155,1582.0,0.0,,,0.0,False
2091941.79666,1015,6,5,1015-06-05,0,partial umbral,0.4125,1.427,0.7681,1577.0,2.33,,-90.0,0.0,False
2092118.13671,1015,11,28,1015-11-28,1,partial umbral,0.8228,1.858,0.5538,1577.0,3.03,,-90.0,0.0,False
2092296.10686,1016,5,24,1016-05-24,4,total,1.784,2.8533,0.0293,1572.0,3.88,,-90.0,0.0,False
2092472.71012,1016,11,17,1016-11-17,6,total,1.6427,2.6363,0.132,1572.0,3.51,Clonmacnoise,44.9,1.0,True
2092650.16198,1017,5,13,1017-05-13,1,partial umbral,0.476,1.5692,0.664,1567.0,2.66,,-90.0,0.0,False
2092827.36686,1017,11,6,1017-11-06,3,partial umbral,0.4123,1.4085,0.8119,1567.0,2.22,Armagh,42.0,1.0,True
2092974.70124,1018,4,3,1018-04-03,4,penumbral,-0.5431,0.5041,1.2369,1563.0,0.0,,,0.0,False
2093004.23367,1018,5,2,1018-05-02,5,penumbral,-0.8363,0.2312,1.3475,1563.0,0.0,,,0.0,False
2093152.35333,1018,9,27,1018-09-27,6,penumbral,-0.4695,0.5937,1.1893,1563.0,0.0,,,0.0,False
2093181.91216,1018,10,27,1018-10-27,1,penumbral,-0.9582,0.0818,1.4898,1563.0,0.0,,,0.0,False
2093329.1737,1019,3,23,1019-03-23,1,partial umbral,0.932,1.9278,0.5155,1558.0,3.12,,-90.0,0.0,False
2093506.48826,1019,9,16,1019-09-16,3,partial umbral,0.7676,1.8725,0.5209,1558.0,3.2,Clonmacnoise,35.5,1.0,True
2093683.83622,1020,3,12,1020-03-12,6,total,1.5156,2.4902,0.2086,1553.0,3.46,Clonmacnoise,6.4,0.08,True
2093860.4814,1020,9,4,1020-09-04,0,total,1.5578,2.6575,0.1331,1553.0,3.88,Clonmacnoise,31.7,1.0,True
2094038.49939,1021,3,1,1021-03-01,3,partial umbral,0.1928,1.1918,0.9197,1548.0,1.59,Clonmacnoise,40.0,1.0,True
2094214.64611,1021,8,25,1021-08-25,5,partial umbral,0.2499,1.2997,0.8256,1548.0,1.9,Clonmacnoise,24.0,1.0,True
2094363.34166,1022,1,20,1022-01-20,6,penumbral,-0.3202,0.7736,1.0835,1544.0,0.0,,,0.0,False
2094539.78822,1022,7,16,1022-07-16,1,partial umbral,0.0462,1.0148,1.0218,1544.0,0.78,,-90.0,0.0,False
2094569.11892,1022,8,14,1022-08-14,2,penumbral,-0.9564,0.036,1.542,1544.0,0.0,,,0.0,False
2094717.36488,1023,1,9,1023-01-09,3,partial umbral,0.8818,2.0084,0.4569,1539.0,3.38,Armagh,44.8,1.0,True
2094894.5042,1023,7,6,1023-07-06,6,total,1.3915,2.3562,0.2791,1539.0,3.43,Clonmacnoise,13.4,1.0,True
2095071.35401,1023,12,29,1023-12-29,0,total,1.4951,2.601,0.1646,1539.0,3.8,Armagh,45.9,1.0,True
2095249.13639,1024,6,24,1024-06-24,3,partial umbral,0.9787,1.9813,0.4785,1534.0,3.23,,-90.0,0.0,False
2095425.59569,1024,12,18,1024-12-18,5,partial umbral,0.2819,1.3315,0.8278,1534.0,1.96,Clonmacnoise,58.8,1.0,True
2095573.95656,1025,5,15,1025-05-15,6,penumbral,-0.871,0.2105,1.341,1530.0,0.0,,,0.0,False
2095603.51375,1025,6,14,1025-06-14,1,penumbral,-0.5561,0.5018,1.2151,1530.0,0.0,,,0.0,False
2095750.67622,1025,11,8,1025-11-08,1,penumbral,-0.3258,0.6626,1.2325,1530.0,0.0,,,0.0,False
2095780.12057,1025,12,7,1025-12-07,2,penumbral,-0.8264,0.1748,1.4935,1530.0,0.0,,,0.0,False
2095927.98191,1026,5,4,1026-05-04,3,partial umbral,0.473,1.5648,0.6676,1525.0,2.64,,-90.0,0.0,False
2096105.32358,1026,10,28,1026-10-28,5,partial umbral,0.8596,1.8639,0.5565,1525.0,3.01,Armagh,34.5,1.0,True
2096282.10873,1027,4,23,1027-04-23,0,total,1.7866,2.8414,0.0322,1521.0,3.82,,-90.0,0.0,False
2096459.80701,1027,10,18,1027-10-18,3,total,1.577,2.632,0.1419,1521.0,3.7,Clonmacnoise,18.1,0.44,True
2096636.52777,1028,4,12,1028-04-12,5,partial umbral,0.4487,1.4499,0.7687,1516.0,2.36,Clonmacnoise,26.0,1.0,True
2096813.99627,1028,10,6,1028-10-06,0,partial umbral,0.189,1.2932,0.8115,1516.0,1.73,,-90.0,0.0,False
2096961.82612,1029,3,3,1029-03-03,1,penumbral,-0.1555,0.8232,1.1382,1512.0,0.0,,,0.0,False
2096991.17293,1029,4,1,1029-04-01,2,penumbral,-0.7757,0.1951,1.4853,1512.0,0.0,,,0.0,False
2097138.30239,1029,8,26,1029-08-26,2,penumbral,-0.6028,0.4841,1.2133,1512.0,0.0,,,0.0,False
2097167.98526,1029,9,25,1029-09-25,4,penumbral,-1.1039,0.0076,1.4367,1512.0,0.0,,,0.0,False
2097316.45097,1030,2,20,1030-02-20,5,total,1.0587,2.0739,0.4367,1507.0,3.28,Clonmacnoise,43.1,1.0,True
2097492.55459,1030,8,16,1030-08-16,0,partial umbral,0.8806,1.9112,0.5137,1507.0,3.17,Clonmacnoise,24.2,1.0,True
2097670.83868,1031,2,10,1031-02-10,3,total,1.3207,2.3967,0.2643,1502.0,3.65,Clonmacnoise,17.2,0.36,True
2097847.10318,1031,8,5,1031-08-05,4,total,1.4707,2.4496,0.2291,1502.0,3.49,,-90.0,0.0,False
2098024.92106,1032,1,30,1032-01-30,0,penumbral,-0.0344,1.0852,0.9098,1498.0,0.0,,,0.0,False
2098201.80527,1032,7,25,1032-07-25,2,partial umbral,0.1621,1.1262,0.965,1498.0,1.43,,-90.0,0.0,False
2098349.16792,1032,12,19,1032-12-19,2,penumbral,-0.5745,0.5172,1.2191,1498.0,0.0,,,0.0,False
2098527.08927,1033,6,15,1033-06-15,5,partial umbral,0.2608,1.2788,0.8441,1493.0,1.9,,-90.0,0.0,False
2098703.4979,1033,12,8,1033-12-08,6,partial umbral,0.8225,1.8553,0.5561,1493.0,3.03,Clonmacnoise,59.3,1.0,True
2098881.38152,1034,6,4,1034-06-04,2,total,1.6272,2.6985,0.107,1489.0,3.87,Clonmacnoise,9.0,0.24,True
2099058.078,1034,11,28,1034-11-28,4,total,1.6517,2.6454,0.1271,1489.0,3.51,,-90.0,0.0,False
2099235.43031,1035,5,24,1035-05-24,6,partial umbral,0.6326,1.7241,0.5878,1484.0,2.99,Clonmacnoise,12.1,0.64,True
2099412.73091,1035,11,18,1035-11-18,2,partial umbral,0.4225,1.4217,0.8043,1484.0,2.25,Clonmacnoise,36.1,1.0,True
2099560.00516,1036,4,13,1036-04-13,2,penumbral,-0.6391,0.4017,1.2923,1480.0,0.0,,,0.0,False
2099589.51608,1036,5,13,1036-05-13,4,penumbral,-0.6895,0.3731,1.2785,1480.0,0.0,,,0.0,False
2099737.6796,1036,10,8,1036-10-08,5,penumbral,-0.5348,0.5348,1.2175,1480.0,0.0,,,0.0,False
2099767.26125,1036,11,6,1036-11-06,6,penumbral,-0.9461,0.0992,1.4776,1480.0,0.0,,,0.0,False
2099914.49875,1037,4,2,1037-04-02,6,partial umbral,0.8449,1.8353,0.5657,1476.0,3.01,Clonmacnoise,28.9,1.0,True
2100091.79436,1037,9,27,1037-09-27,2,partial umbral,0.6872,1.797,0.5587,1476.0,3.07,Clonmacnoise,12.3,0.32,True
2100269.1724,1038,3,23,1038-03-23,4,total,1.598,2.5698,0.1634,1471.0,3.49,,-90.0,0.0,False
2100445.78268,1038,9,16,1038-09-16,6,total,1.6478,2.7492,0.0884,1471.0,3.9,Clonmacnoise,15.2,0.32,True
2100623.83648,1039,3,13,1039-03-13,2,partial umbral,0.2563,1.2549,0.8829,1467.0,1.82,,-90.0,0.0,False
2100799.95756,1039,9,5,1039-09-05,3,partial umbral,0.3498,1.3993,0.7768,1467.0,2.2,,-90.0,0.0,False
2100948.67517,1040,2,1,1040-02-01,5,penumbral,-0.357,0.737,1.0993,1462.0,0.0,,,0.0,False
2101125.10317,1040,7,26,1040-07-26,6,penumbral,-0.0723,0.8965,1.0891,1462.0,0.0,,,0.0,False
2101154.44106,1040,8,24,1040-08-24,0,penumbral,-0.8521,0.1404,1.4893,1462.0,0.0,,,0.0,False
2101302.69281,1041,1,20,1041-01-20,2,partial umbral,0.8556,1.9804,0.4701,1458.0,3.34,Clonmacnoise,49.8,1.0,True
2101479.81606,1041,7,16,1041-07-16,4,total,1.2586,2.2259,0.3517,1458.0,3.35,,-90.0,0.0,False
2101656.69288,1042,1,9,1042-01-09,6,total,1.5133,2.6153,0.1569,1453.0,3.8,Clonmacnoise,52.4,1.0,True
2101834.43489,1042,7,5,1042-07-05,1,total,1.1123,2.1193,0.4047,1453.0,3.37,Clonmacnoise,13.3,0.6,True
2102010.95247,1042,12,29,1042-12-29,3,partial umbral,0.2945,1.3403,0.8245,1453.0,1.99,,-90.0,0.0,False
2102159.22824,1043,5,26,1043-05-26,4,penumbral,-1.025,0.0573,1.4144,1449.0,0.0,,,0.0,False
2102188.79155,1043,6,25,1043-06-25,6,penumbral,-0.4151,0.6463,1.1396,1449.0,0.0,,,0.0,False
2102336.04302,1043,11,19,1043-11-19,6,penumbral,-0.3369,0.6528,1.2388,1449.0,0.0,,,0.0,False
2102365.48947,1043,12,18,1043-12-18,0,penumbral,-0.8186,0.181,1.4919,1449.0,0.0,,,0.0,False
2102513.25309,1044,5,14,1044-05-14,1,partial umbral,0.3263,1.415,0.7413,1445.0,2.24,,-90.0,0.0,False
2102690.68262,1044,11,8,1044-11-08,4,partial umbral,0.8367,1.8452,0.5667,1445.0,2.99,Clonmacnoise,46.1,1.0,True
2102867.39912,1045,5,3,1045-05-03,5,total,1.7836,2.8327,0.0353,1440.0,3.81,Clonmacnoise,15.9,0.56,True
2103045.14826,1045,10,28,1045-10-28,1,total,1.6035,2.6643,0.1263,1440.0,3.72,,-90.0,0.0,False
2103221.84053,1046,4,23,1046-04-23,3,partial umbral,0.567,1.5629,0.7085,1436.0,2.6,,-90.0,0.0,False
2103399.31621,1046,10,17,1046-10-17,5,partial umbral,0.2326,1.3417,0.7873,1436.0,1.91,Armagh,24.5,1.0,True
2103547.16775,1047,3,14,1047-03-14,6,penumbral,-0.2214,0.7551,1.1744,1432.0,0.0,,,0.0,False
2103576.49987,1047,4,12,1047-04-12,0,penumbral,-0.6787,0.2889,1.4329,1432.0,0.0,,,0.0,False
2103723.60113,1047,9,7,1047-09-07,1,penumbral,-0.6948,0.3928,1.2617,1432.0,0.0,,,0.0,False
2103753.29535,1047,10,6,1047-10-06,2,penumbral,-1.039,0.0749,1.4055,1432.0,0.0,,,0.0,False
2103901.79025,1048,3,3,1048-03-03,4,total,1.0009,2.016,0.4665,1428.0,3.23,Clonmacnoise,17.6,0.48,True
2104077.86618,1048,8,26,1048-08-26,5,partial umbral,0.7823,1.8123,0.5672,1428.0,3.03,,-90.0,0.0,False
2104256.16668,1049,2,20,1049-02-20,1,total,1.369,2.445,0.239,1423.0,3.69,,-90.0,0.0,False
2104432.42372,1049,8,15,1049-08-15,2,total,1.5799,2.5592,0.1693,1423.0,3.53,Clonmacnoise,22.4,0.88,True
2104610.24116,1050,2,9,1050-02-09,5,partial umbral,0.0089,1.1265,0.8884,1419.0,0.39,,-90.0,0.0,False
2104787.12464,1050,8,5,1050-08-05,0,partial umbral,0.2735,1.2403,0.9017,1419.0,1.84,,-90.0,0.0,False
2104934.51243,1050,12,31,1050-12-31,1,penumbral,-0.5777,0.5104,1.2248,1419.0,0.0,,,0.0,False
2105112.38214,1051,6,26,1051-06-26,3,partial umbral,0.1121,1.1341,0.918,1415.0,1.28,,-90.0,0.0,False
2105288.85939,1051,12,20,1051-12-20,5,partial umbral,0.8224,1.8523,0.5584,1415.0,3.02,Clonmacnoise,15.4,0.44,True
2105466.65387,1052,6,15,1052-06-15,1,total,1.4668,2.5406,0.186,1410.0,3.82,Clonmacnoise,11.7,0.48,True
2105643.4474,1052,12,8,1052-12-08,2,total,1.6576,2.6509,0.124,1410.0,3.51,Clonmacnoise,59.6,1.0,True
2105820.6959,1053,6,4,1053-06-04,5,partial umbral,0.795,1.8853,0.5087,1406.0,3.26,Clonmacnoise,7.1,0.16,True
2105998.09727,1053,11,28,1053-11-28,0,partial umbral,0.427,1.4288,0.7998,1406.0,2.26,,-90.0,0.0,False
2106145.30428,1054,4,24,1054-04-24,0,penumbral,-0.7466,0.2883,1.3541,1402.0,0.0,,,0.0,False
2106174.79617,1054,5,24,1054-05-24,2,penumbral,-0.5359,0.5223,1.2057,1402.0,0.0,,,0.0,False
2106323.01159,1054,10,19,1054-10-19,3,penumbral,-0.5859,0.4898,1.2386,1402.0,0.0,,,0.0,False
2106352.61393,1054,11,18,1054-11-18,5,penumbral,-0.943,0.107,1.4704,1402.0,0.0,,,0.0,False
2106499.81926,1055,4,14,1055-04-14,5,partial umbral,0.7465,1.7319,0.6223,1398.0,2.87,,-90.0,0.0,False
2106677.10586,1055,10,8,1055-10-08,0,partial umbral,0.6194,1.7337,0.5903,1398.0,2.95,,-90.0,0.0,False
2106854.50378,1056,4,3,1056-04-03,3,total,1.6908,2.6599,0.1123,1394.0,3.52,Clonmacnoise,28.1,1.0,True
2107031.09055,1056,9,26,1056-09-26,4,total,1.7246,2.8277,0.0501,1394.0,3.9,,-90.0,0.0,False
2107209.16719,1057,3,23,1057-03-23,0,partial umbral,0.3325,1.3305,0.8393,1390.0,2.05,,-90.0,0.0,False
2107385.27592,1057,9,15,1057-09-15,1,partial umbral,0.4362,1.4856,0.7345,1390.0,2.42,Armagh,9.0,0.16,True
2107534.00335,1058,2,11,1058-02-11,3,penumbral,-0.4032,0.6905,1.1199,1385.0,0.0,,,0.0,False
2107710.42211,1058,8,6,1058-08-06,4,penumbral,-0.1829,0.7868,1.1518,1385.0,0.0,,,0.0,False
2107739.76903,1058,9,5,1058-09-05,6,penumbral,-0.7594,0.2335,1.4424,1385.0,0.0,,,0.0,False
2107888.01687,1059,1,31,1059-01-31,0,partial umbral,0.8217,1.944,0.4873,1381.0,3.3,,-90.0,0.0,False
2108065.13081,1059,7,27,1059-07-27,2,total,1.1327,2.1032,0.42,1381.0,3.26,,-90.0,0.0,False
2108242.02988,1060,1,20,1060-01-20,4,total,1.5369,2.6345,0.1465,1377.0,3.81,,-90.0,0.0,False
2108419.73382,1060,7,16,1060-07-16,0,total,1.2435,2.2552,0.3326,1377.0,3.48,Clonmacnoise,6.1,0.08,True
2108596.30824,1061,1,8,1061-01-08,1,partial umbral,0.3106,1.3522,0.8195,1373.0,2.04,Armagh,27.5,1.0,True
2108774.06929,1061,7,5,1061-07-05,4,penumbral,-0.2746,0.7908,1.0648,1373.0,0.0,,,0.0,False
2108921.41156,1061,11,29,1061-11-29,4,penumbral,-0.3444,0.646,1.243,1373.0,0.0,,,0.0,False
2108950.85706,1061,12,29,1061-12-29,6,penumbral,-0.8074,0.1902,1.4883,1373.0,0.0,,,0.0,False
2109098.52261,1062,5,26,1062-05-26,0,partial umbral,0.1757,1.2618,0.8171,1369.0,1.68,Clonmacnoise,13.1,1.0,True
2109276.04428,1062,11,19,1062-11-19,2,partial umbral,0.8202,1.8324,0.5735,1369.0,2.97,,-90.0,0.0,False
2109452.6879,1063,5,15,1063-05-15,4,total,1.6491,2.6931,0.1057,1365.0,3.77,Clonmacnoise,12.0,0.36,True
2109630.49237,1063,11,8,1063-11-08,6,total,1.6229,2.689,0.1145,1365.0,3.73,Clonmacnoise,54.7,1.0,True
2109807.1502,1064,5,3,1064-05-03,1,partial umbral,0.6934,1.6844,0.6434,1361.0,2.81,,-90.0,0.0,False
2109984.64095,1064,10,28,1064-10-28,4,partial umbral,0.2654,1.3791,0.7687,1361.0,2.03,Clonmacnoise,45.5,1.0,True
2110132.50243,1065,3,25,1065-03-25,5,penumbral,-0.3026,0.6719,1.2188,1357.0,0.0,,,0.0,False
2110161.82109,1065,4,23,1065-04-23,6,penumbral,-0.569,0.3958,1.3731,1357.0,0.0,,,0.0,False
2110308.90766,1065,9,17,1065-09-17,6,penumbral,-0.7712,0.3173,1.3026,1357.0,0.0,,,0.0,False
2110338.61291,1065,10,17,1065-10-17,1,penumbral,-0.9885,0.1274,1.3816,1357.0,0.0,,,0.0,False
2110487.12196,1066,3,14,1066-03-14,2,partial umbral,0.9274,1.9424,0.5045,1353.0,3.16,,-90.0,0.0,False
2110663.1848,1066,9,6,1066-09-06,3,partial umbral,0.6976,1.7273,0.6138,1353.0,2.89,,-90.0,0.0,False
2110841.48751,1067,3,3,1067-03-03,6,total,1.4315,2.5073,0.2067,1349.0,3.73,Clonmacnoise,40.5,1.0,True
2111017.74971,1067,8,27,1067-08-27,1,total,1.6775,2.6577,0.1155,1349.0,3.54,Clonmacnoise,13.6,0.36,True
2111195.55609,1068,2,21,1068-02-21,4,partial umbral,0.0629,1.178,0.8619,1345.0,1.03,Clonmacnoise,45.8,1.0,True
2111372.4469,1068,8,15,1068-08-15,5,partial umbral,0.378,1.3481,0.8419,1345.0,2.13,Clonmacnoise,21.4,1.0,True
2111519.85692,1069,1,10,1069-01-10,6,penumbral,-0.5814,0.5024,1.2311,1341.0,0.0,,,0.0,False
2111697.674,1069,7,7,1069-07-07,2,penumbral,-0.0366,0.99,0.9911,1341.0,0.0,,,0.0,False
2111874.22089,1069,12,30,1069-12-30,3,partial umbral,0.8216,1.848,0.5613,1341.0,3.01,Iona,15.7,0.52,True
2112051.92576,1070,6,26,1070-06-26,6,total,1.3069,2.3836,0.2643,1337.0,3.74,,-90.0,0.0,False
2112228.81748,1070,12,20,1070-12-20,1,total,1.6618,2.6543,0.122,1337.0,3.5,Clonmacnoise,26.6,0.72,True
2112405.96189,1071,6,15,1071-06-15,3,partial umbral,0.9573,2.0467,0.4296,1333.0,3.47,,-90.0,0.0,False
2112583.46448,1071,12,9,1071-12-09,5,partial umbral,0.4289,1.433,0.7968,1333.0,2.27,Clonmacnoise,59.8,1.0,True
2112730.60175,1072,5,5,1072-05-05,6,penumbral,-0.8585,0.1707,1.4185,1329.0,0.0,,,0.0,False
2112760.07659,1072,6,3,1072-06-03,0,penumbral,-0.381,0.6731,1.1319,1329.0,0.0,,,0.0,False
2112908.34711,1072,10,29,1072-10-29,1,penumbral,-0.628,0.4533,1.2551,1329.0,0.0,,,0.0,False
2112937.96797,1072,11,28,1072-11-28,3,penumbral,-0.9435,0.1107,1.4653,1329.0,0.0,,,0.0,False
2113085.13574,1073,4,24,1073-04-24,3,partial umbral,0.6381,1.6188,0.6844,1325.0,2.69,,-90.0,0.0,False
2113262.42325,1073,10,18,1073-10-18,5,partial umbral,0.5652,1.6836,0.6154,1325.0,2.85,Clonmacnoise,45.9,1.0,True
2113439.83001,1074,4,14,1074-04-14,1,total,1.7946,2.7615,0.055,1321.0,3.54,,-90.0,0.0,False
2113616.40531,1074,10,7,1074-10-07,2,total,1.7874,2.8918,0.0187,1321.0,3.9,Clonmacnoise,42.8,1.0,True
2113794.49165,1075,4,3,1075-04-03,5,partial umbral,0.4207,1.4187,0.7891,1317.0,2.29,Clonmacnoise,27.3,1.0,True
2113970.60145,1075,9,27,1075-09-27,0,partial umbral,0.5085,1.5578,0.6993,1317.0,2.58,Clonmacnoise,39.7,1.0,True
2114119.3247,1076,2,22,1076-02-22,1,penumbral,-0.4625,0.6306,1.1471,1313.0,0.0,,,0.0,False
2114295.74523,1076,8,17,1076-08-17,3,penumbral,-0.2854,0.6856,1.21,1313.0,0.0,,,0.0,False
2114325.10295,1076,9,15,1076-09-15,4,penumbral,-0.6786,0.315,1.4015,1313.0,0.0,,,0.0,False
2114473.33541,1077,2,10,1077-02-10,5,partial umbral,0.7762,1.8954,0.5104,1309.0,3.23,Armagh,30.8,0.92,True
2114650.44837,1077,8,6,1077-08-06,0,total,1.013,1.9873,0.4844,1309.0,3.16,Clonmacnoise,20.3,1.0,True
2114827.36249,1078,1,30,1078-01-30,2,total,1.572,2.6644,0.1304,1305.0,3.81,Armagh,40.6,1.0,True
2115005.0348,1078,7,27,1078-07-27,5,total,1.3685,2.3856,0.264,1305.0,3.57,,-90.0,0.0,False
2115181.6619,1079,1,20,1079-01-20,0,partial umbral,0.3332,1.37,0.811,1301.0,2.1,Clonmacnoise,49.0,1.0,True
2115359.34755,1079,7,16,1079-07-16,2,penumbral,-0.1359,0.9338,0.9913,1301.0,0.0,,,0.0,False
2115506.78171,1079,12,11,1079-12-11,3,penumbral,-0.3488,0.6421,1.2453,1301.0,0.0,,,0.0,False
2115536.22379,1080,1,9,1080-01-09,4,penumbral,-0.7942,0.2009,1.4836,1297.0,0.0,,,0.0,False
2115683.79057,1080,6,5,1080-06-05,5,partial umbral,0.0213,1.1051,0.8951,1297.0,0.6,,-90.0,0.0,False
2115861.40833,1080,11,29,1080-11-29,0,partial umbral,0.8104,1.8258,0.5767,1297.0,2.96,Clonmacnoise,54.7,1.0,True
2116037.97449,1081,5,25,1081-05-25,2,total,1.508,2.5471,0.18,1294.0,3.72,,-90.0,0.0,False
2116215.83996,1081,11,19,1081-11-19,5,total,1.6334,2.7043,0.1075,1294.0,3.74,Clonmacnoise,18.6,0.44,True
2116392.45785,1082,5,14,1082-05-14,6,partial umbral,0.8255,1.812,0.5747,1290.0,2.99,Clonmacnoise,16.1,0.92,True
2116569.96939,1082,11,8,1082-11-08,2,partial umbral,0.2902,1.4079,0.7543,1290.0,2.12,,-90.0,0.0,False
2116717.83277,1083,4,5,1083-04-05,3,penumbral,-0.3929,0.58,1.2679,1286.0,0.0,,,0.0,False
2116747.13983,1083,5,4,1083-05-04,4,penumbral,-0.4544,0.5081,1.3102,1286.0,0.0,,,0.0,False
2116894.2208,1083,9,28,1083-09-28,4,penumbral,-0.8349,0.2545,1.3375,1286.0,0.0,,,0.0,False
2116923.93563,1083,10,28,1083-10-28,6,penumbral,-0.9471,0.1703,1.3624,1286.0,0.0,,,0.0,False
2117072.44811,1084,3,24,1084-03-24,0,partial umbral,0.8433,1.8584,0.5478,1282.0,3.07,Clonmacnoise,30.4,1.0,True
2117248.50953,1084,9,17,1084-09-17,2,partial umbral,0.6245,1.6541,0.6545,1282.0,2.76,Clonmacnoise,36.8,1.0,True
2117426.80165,1085,3,14,1085-03-14,5,total,1.5072,2.5826,0.168,1278.0,3.78,Clonmacnoise,13.8,0.28,True
2117603.08146,1085,9,6,1085-09-06,6,total,1.7626,2.7439,0.0684,1278.0,3.55,,-90.0,0.0,False
2117780.8636,1086,3,3,1086-03-03,2,partial umbral,0.1327,1.245,0.8279,1274.0,1.48,,-90.0,0.0,False
2117957.77459,1086,8,27,1086-08-27,4,partial umbral,0.4695,1.4433,0.7893,1274.0,2.34,Clonmacnoise,4.1,0.04,True
2118105.19811,1087,1,21,1087-01-21,4,penumbral,-0.5923,0.4866,1.2413,1271.0,0.0,,,0.0,False
2118282.96736,1087,7,18,1087-07-18,0,penumbral,-0.1798,0.8518,1.0608,1271.0,0.0,,,0.0,False
2118312.39403,1087,8,16,1087-08-16,1,penumbral,-0.9471,0.0621,1.5074,1271.0,0.0,,,0.0,False
2118459.58043,1088,1,11,1088-01-11,2,partial umbral,0.8157,1.8382,0.5669,1267.0,3.0,Clonmacnoise,56.7,1.0,True
2118637.19786,1088,7,6,1088-07-06,4,total,1.149,2.229,0.3412,1267.0,3.63,,-90.0,0.0,False
2118814.18656,1088,12,30,1088-12-30,6,total,1.6691,2.6602,0.1184,1267.0,3.5,Iona,11.7,0.28,True
2118991.22744,1089,6,25,1089-06-25,1,total,1.1212,2.2101,0.3496,1263.0,3.64,,-90.0,0.0,False
2119168.83196,1089,12,20,1089-12-20,4,partial umbral,0.4294,1.4351,0.7946,1263.0,2.27,Clonmacnoise,18.6,0.72,True
2119315.8963,1090,5,16,1090-05-16,4,penumbral,-0.9777,0.0463,1.4871,1260.0,0.0,,,0.0,False
2119345.35708,1090,6,14,1090-06-14,5,penumbral,-0.2241,0.8265,1.0565,1260.0,0.0,,,0.0,False
2119493.68657,1090,11,10,1090-11-10,0,penumbral,-0.6599,0.4264,1.2667,1260.0,0.0,,,0.0,False
2119523.323,1090,12,9,1090-12-09,1,penumbral,-0.9473,0.1105,1.4621,1260.0,0.0,,,0.0,False
2119670.44909,1091,5,5,1091-05-05,1,partial umbral,0.5218,1.4983,0.751,1256.0,2.47,Clonmacnoise,17.5,1.0,True
2119847.74595,1091,10,30,1091-10-30,4,partial umbral,0.5236,1.6455,0.6345,1256.0,2.76,Clonmacnoise,29.6,1.0,True
2120025.15143,1092,4,24,1092-04-24,6,total,1.8796,2.8447,0.0081,1252.0,3.54,,-90.0,0.0,False
2120201.72655,1092,10,18,1092-10-18,1,total,1.812,2.9174,0.0063,1252.0,3.89,Clonmacnoise,35.0,0.88,True
2120379.81028,1093,4,14,1093-04-14,4,partial umbral,0.5201,1.5182,0.7331,1248.0,2.51,,-90.0,0.0,False
2120555.93379,1093,10,7,1093-10-07,5,partial umbral,0.5678,1.6169,0.6706,1248.0,2.69,,-90.0,0.0,False
2120704.63934,1094,3,5,1094-03-05,0,penumbral,-0.5345,0.5577,1.1807,1245.0,0.0,,,0.0,False
2120734.24153,1094,4,3,1094-04-03,1,penumbral,-0.9869,0.07,1.45,1245.0,0.0,,,0.0,False
2120881.07361,1094,8,28,1094-08-28,1,penumbral,-0.3774,0.5953,1.262,1245.0,0.0,,,0.0,False
2120910.44309,1094,9,26,1094-09-26,2,penumbral,-0.6104,0.384,1.3671,1245.0,0.0,,,0.0,False
2121058.64919,1095,2,22,1095-02-22,4,partial umbral,0.7205,1.8361,0.5388,1241.0,3.14,Clonmacnoise,43.7,1.0,True
2121235.76931,1095,8,18,1095-08-18,6,partial umbral,0.9012,1.8797,0.5441,1241.0,3.04,Clonmacnoise,5.4,0.08,True
2121412.69192,1096,2,11,1096-02-11,1,total,1.6155,2.7023,0.1102,1237.0,3.81,Clonmacnoise,44.3,1.0,True
2121590.33809,1096,8,6,1096-08-06,3,total,1.487,2.5098,0.1993,1237.0,3.64,Clonmacnoise,11.0,0.24,True
2121767.01194,1097,1,30,1097-01-30,5,partial umbral,0.3651,1.3966,0.7978,1234.0,2.18,,-90.0,0.0,False
2121944.62797,1097,7,27,1097-07-27,1,penumbral,-0.0028,1.0717,0.9211,1234.0,0.0,,,0.0,False
2122092.15158,1097,12,21,1097-12-21,1,penumbral,-0.3541,0.6366,1.2482,1234.0,0.0,,,0.0,False
2122121.58726,1098,1,20,1098-01-20,3,penumbral,-0.7735,0.2187,1.4745,1230.0,0.0,,,0.0,False
2122269.05947,1098,6,16,1098-06-16,3,penumbral,-0.1313,0.9505,0.9725,1230.0,0.0,,,0.0,False
2122446.77236,1098,12,11,1098-12-11,6,partial umbral,0.801,1.8192,0.5797,1230.0,2.96,Clonmacnoise,33.7,1.0,True
2122623.26169,1099,6,5,1099-06-05,0,total,1.366,2.401,0.255,1226.0,3.64,,-90.0,0.0,False
2122801.18894,1099,11,30,1099-11-30,3,total,1.6404,2.7154,0.1026,1226.0,3.75,Iona,15.2,0.4,True
2122977.76319,1100,5,25,1100-05-25,5,partial umbral,0.9641,1.9468,0.5018,1223.0,3.15,,-90.0,0.0,False
2123155.30161,1100,11,18,1100-11-18,0,partial umbral,0.3071,1.4279,0.7442,1223.0,2.18,Armagh,30.3,1.0,True
2123303.15692,1101,4,15,1101-04-15,1,penumbral,-0.4969,0.4748,1.3241,1219.0,0.0,,,0.0,False
2123332.45445,1101,5,14,1101-05-14,2,penumbral,-0.3303,0.6306,1.2415,1219.0,0.0,,,0.0,False
2123479.54169,1101,10,9,1101-10-09,3,penumbral,-0.8829,0.207,1.3647,1219.0,0.0,,,0.0,False
2123509.2643,1101,11,7,1101-11-07,4,penumbral,-0.9169,0.2013,1.349,1219.0,0.0,,,0.0,False
2123657.76674,1102,4,5,1102-04-05,6,partial umbral,0.7438,1.7592,0.5989,1216.0,2.94,Clonmacnoise,8.3,0.2,True
2123833.84174,1102,9,28,1102-09-28,0,partial umbral,0.5665,1.5959,0.6874,1216.0,2.65,,-90.0,0.0,False
2124012.10884,1103,3,25,1103-03-25,3,total,1.5963,2.6714,0.1227,1212.0,3.82,,-90.0,0.0,False
2124188.41857,1103,9,17,1103-09-17,4,total,1.8363,2.8191,0.0272,1212.0,3.55,Clonmacnoise,35.1,1.0,True
2124366.16575,1104,3,13,1104-03-13,0,partial umbral,0.214,1.3232,0.7885,1209.0,1.85,,-90.0,0.0,False
2124543.1065,1104,9,6,1104-09-06,2,partial umbral,0.551,1.5288,0.7421,1209.0,2.51,,-90.0,0.0,False
2124690.53654,1105,2,1,1105-02-01,3,penumbral,-0.6101,0.4632,1.2553,1205.0,0.0,,,0.0,False
2124720.18249,1105,3,2,1105-03-02,4,penumbral,-1.0288,0.0633,1.4286,1205.0,0.0,,,0.0,False
2124868.26187,1105,7,28,1105-07-28,5,penumbral,-0.3188,0.7184,1.1278,1205.0,0.0,,,0.0,False
2124897.70973,1105,8,27,1105-08-27,0,penumbral,-0.8623,0.153,1.4559,1205.0,0.0,,,0.0,False
2125044.93815,1106,1,21,1106-01-21,0,partial umbral,0.805,1.8231,0.5753,1202.0,2.97,,-90.0,0.0,False
2125222.47174,1106,7,17,1106-07-17,2,partial umbral,0.9961,2.0796,0.4154,1202.0,3.49,Clonmacnoise,16.4,0.92,True
2125399.55389,1107,1,11,1107-01-11,5,total,1.6804,2.6699,0.1125,1198.0,3.51,Clonmacnoise,57.3,1.0,True
2125576.49574,1107,7,6,1107-07-06,6,total,1.2797,2.3684,0.2721,1198.0,3.76,Clonmacnoise,13.6,0.96,True
2125754.19839,1107,12,31,1107-12-31,2,partial umbral,0.4314,1.4385,0.7916,1198.0,2.28,Iona,10.0,0.28,True
2125930.63899,1108,6,25,1108-06-25,4,penumbral,-0.0681,0.9794,0.9811,1194.0,0.0,,,0.0,False
2126079.02846,1108,11,20,1108-11-20,5,penumbral,-0.6849,0.4059,1.2749,1194.0,0.0,,,0.0,False
2126108.67762,1108,12,20,1108-12-20,0,penumbral,-0.9513,0.1095,1.4591,1194.0,0.0,,,0.0,False
2126255.76008,1109,5,16,1109-05-16,0,partial umbral,0.3996,1.3725,0.8208,1191.0,2.2,,-90.0,0.0,False
2126433.07271,1109,11,9,1109-11-09,2,partial umbral,0.4914,1.6162,0.6492,1191.0,2.69,,-90.0,0.0,False
2126610.46906,1110,5,5,1110-05-05,4,total,1.7589,2.7229,0.0756,1187.0,3.54,Clonmacnoise,17.6,1.0,True
2126787.05394,1110,10,29,1110-10-29,6,total,1.7738,2.8798,0.0252,1187.0,3.88,,-90.0,0.0,False
2126965.12367,1111,4,25,1111-04-25,2,partial umbral,0.6296,1.6283,0.6718,1184.0,2.72,,-90.0,0.0,False
2127141.27212,1111,10,18,1111-10-18,3,partial umbral,0.6157,1.6645,0.6477,1184.0,2.77,Armagh,21.5,0.64,True
2127289.94681,1112,3,15,1112-03-15,5,penumbral,-0.6203,0.4708,1.2211,1180.0,0.0,,,0.0,False
2127319.54163,1112,4,14,1112-04-14,0,penumbral,-0.8866,0.1707,1.3942,1180.0,0.0,,,0.0,False
2127466.40738,1112,9,7,1112-09-07,6,penumbral,-0.4588,0.516,1.308,1180.0,0.0,,,0.0,False
2127495.78938,1112,10,7,1112-10-07,1,penumbral,-0.5547,0.4406,1.3391,1180.0,0.0,,,0.0,False
2127643.95555,1113,3,4,1113-03-04,2,partial umbral,0.6489,1.7606,0.5751,1177.0,3.02,,-90.0,0.0,False
2127821.09488,1113,8,28,1113-08-28,4,partial umbral,0.8001,1.7834,0.5974,1177.0,2.92,,-90.0,0.0,False
2127998.01596,1114,2,21,1114-02-21,6,total,1.6724,2.7532,0.0832,1174.0,3.82,,-90.0,0.0,False
2128175.64499,1114,8,18,1114-08-18,2,total,1.5958,2.6247,0.1399,1174.0,3.69,Clonmacnoise,23.5,0.92,True
2128352.35824,1115,2,10,1115-02-10,3,partial umbral,0.4065,1.4324,0.7793,1170.0,2.28,Armagh,31.1,1.0,True
2128529.91137,1115,8,7,1115-08-07,6,partial umbral,0.1233,1.2028,0.8547,1170.0,1.4,,-90.0,0.0,False
2128677.52127,1116,1,2,1116-01-02,0,penumbral,-0.36,0.6303,1.2512,1167.0,0.0,,,0.0,False
2128706.94819,1116,1,31,1116-01-31,1,penumbral,-0.7474,0.2416,1.4623,1167.0,0.0,,,0.0,False
2128854.32828,1116,6,26,1116-06-26,1,penumbral,-0.2847,0.7956,1.0506,1167.0,0.0,,,0.0,False
2129032.13717,1116,12,21,1116-12-21,4,partial umbral,0.7945,1.815,0.5812,1167.0,2.96,,-90.0,0.0,False
2129208.54907,1117,6,16,1117-06-16,6,total,1.2222,2.2534,0.3315,1163.0,3.54,Clonmacnoise,12.0,1.0,True
2129386.53885,1117,12,11,1117-12-11,2,total,1.6445,2.7229,0.0993,1163.0,3.76,Clonmacnoise,59.8,1.0,True
2129563.06858,1118,6,5,1118-06-05,3,total,1.1037,2.0831,0.4278,1160.0,3.28,,-90.0,0.0,False
2129740.6362,1118,11,30,1118-11-30,6,partial umbral,0.3192,1.4426,0.7368,1160.0,2.22,Clonmacnoise,54.0,1.0,True
2129888.47755,1119,4,26,1119-04-26,6,penumbral,-0.6074,0.3634,1.3834,1156.0,0.0,,,0.0,False
2129917.76773,1119,5,26,1119-05-26,1,penumbral,-0.204,0.7558,1.1713,1156.0,0.0,,,0.0,False
2130064.86806,1119,10,20,1119-10-20,1,penumbral,-0.9206,0.1696,1.3871,1156.0,0.0,,,0.0,False
2130094.59632,1119,11,19,1119-11-19,3,penumbral,-0.8922,0.2264,1.3385,1156.0,0.0,,,0.0,False
2130243.08037,1120,4,15,1120-04-15,4,partial umbral,0.635,1.651,0.6544,1153.0,2.77,,-90.0,0.0,False
2130419.18014,1120,10,8,1120-10-08,5,partial umbral,0.5205,1.5498,0.7141,1153.0,2.55,,-90.0,0.0,False
2130597.40854,1121,4,4,1121-04-04,1,total,1.7004,2.7752,0.0701,1150.0,3.85,Clonmacnoise,25.7,0.88,True
2130773.76199,1121,9,28,1121-09-28,3,total,1.873,2.8573,0.0065,1150.0,3.55,Clonmacnoise,20.7,0.52,True
2130951.46058,1122,3,24,1122-03-24,5,partial umbral,0.3113,1.4174,0.7415,1146.0,2.21,Clonmacnoise,31.6,1.0,True
2131128.44382,1122,9,17,1122-09-17,0,partial umbral,0.62,1.602,0.7018,1146.0,2.63,Clonmacnoise,35.0,1.0,True
2131275.87007,1123,2,12,1123-02-12,1,penumbral,-0.6393,0.4281,1.2755,1143.0,0.0,,,0.0,False
2131305.49144,1123,3,13,1123-03-13,2,penumbral,-0.9447,0.1414,1.3913,1143.0,0.0,,,0.0,False
2131453.55979,1123,8,9,1123-08-09,4,penumbral,-0.4483,0.5948,1.1894,1143.0,0.0,,,0.0,False
2131483.03029,1123,9,7,1123-09-07,5,penumbral,-0.7888,0.2327,1.4107,1143.0,0.0,,,0.0,False
2131630.2921,1124,2,1,1124-02-01,5,partial umbral,0.7851,1.7983,0.5889,1140.0,2.94,Armagh,23.1,0.72,True
2131807.74724,1124,7,28,1124-07-28,1,partial umbral,0.8478,1.9353,0.4869,1140.0,3.31,Clonmacnoise,6.1,0.08,True
2131984.91839,1125,1,21,1125-01-21,3,total,1.6984,2.6857,0.1031,1136.0,3.51,,-90.0,0.0,False
2132161.76631,1125,7,17,1125-07-17,5,total,1.4335,2.5226,0.1966,1136.0,3.84,,-90.0,0.0,False
2132339.56233,1126,1,11,1126-01-11,1,partial umbral,0.4381,1.4458,0.7861,1133.0,2.3,Clonmacnoise,57.9,1.0,True
2132515.92358,1126,7,6,1126-07-06,2,partial umbral,0.0838,1.1288,0.9072,1133.0,1.13,,-90.0,0.0,False
2132664.37282,1126,12,1,1126-12-01,3,penumbral,-0.7025,0.392,1.2796,1133.0,0.0,,,0.0,False
2132694.03128,1126,12,31,1126-12-31,5,penumbral,-0.955,0.1081,1.4562,1133.0,0.0,,,0.0,False
2132841.0692,1127,5,27,1127-05-27,5,partial umbral,0.2721,1.242,0.8935,1130.0,1.85,,-90.0,0.0,False
2133018.40321,1127,11,20,1127-11-20,0,partial umbral,0.4679,1.595,0.6598,1130.0,2.64,Clonmacnoise,51.5,1.0,True
2133195.78331,1128,5,16,1128-05-16,3,total,1.6309,2.5941,0.147,1126.0,3.51,,-90.0,0.0,False
2133372.38687,1128,11,8,1128-11-08,4,total,1.7465,2.8525,0.0388,1126.0,3.87,Clonmacnoise,51.4,1.0,True
2133550.43164,1129,5,5,1129-05-05,0,partial umbral,0.7495,1.7494,0.605,1123.0,2.92,Clonmacnoise,15.8,0.84,True
2133726.61675,1129,10,29,1129-10-29,2,partial umbral,0.6515,1.6996,0.6311,1123.0,2.82,Clonmacnoise,50.7,1.0,True
2133875.24782,1130,3,26,1130-03-26,3,penumbral,-0.7182,0.3719,1.2674,1120.0,0.0,,,0.0,False
2133904.83623,1130,4,25,1130-04-25,5,penumbral,-0.776,0.2821,1.3335,1120.0,0.0,,,0.0,False
2134051.74639,1130,9,19,1130-09-19,5,penumbral,-0.5296,0.4474,1.3478,1120.0,0.0,,,0.0,False
2134081.14073,1130,10,18,1130-10-18,6,penumbral,-0.5092,0.4869,1.3165,1120.0,0.0,,,0.0,False
2134229.2571,1131,3,15,1131-03-15,0,partial umbral,0.5671,1.6747,0.6166,1117.0,2.86,,-90.0,0.0,False
2134406.42494,1131,9,8,1131-09-08,2,partial umbral,0.7097,1.6978,0.6446,1117.0,2.8,Clonmacnoise,30.5,1.0,True
2134583.33568,1132,3,3,1132-03-03,4,total,1.7402,2.8148,0.0506,1113.0,3.82,Armagh,26.5,0.72,True
2134760.95536,1132,8,28,1132-08-28,0,total,1.6956,2.7308,0.0857,1113.0,3.72,,-90.0,0.0,False
2134937.70005,1133,2,21,1133-02-21,2,partial umbral,0.4592,1.4793,0.7548,1110.0,2.4,Clonmacnoise,34.0,1.0,True
2135115.19903,1133,8,17,1133-08-17,4,partial umbral,0.2397,1.3246,0.7935,1110.0,1.93,,-90.0,0.0,False
2135262.88795,1134,1,12,1134-01-12,5,penumbral,-0.3732,0.6162,1.2582,1107.0,0.0,,,0.0,False
2135292.30389,1134,2,10,1134-02-10,6,penumbral,-0.7093,0.2763,1.4433,1107.0,0.0,,,0.0,False
2135439.60074,1134,7,8,1134-07-08,0,penumbral,-0.4311,0.6482,1.1255,1107.0,0.0,,,0.0,False
2135617.49997,1135,1,1,1135-01-01,2,partial umbral,0.7837,1.8059,0.5852,1104.0,2.95,Clonmacnoise,59.1,1.0,True
2135793.83847,1135,6,27,1135-06-27,4,total,1.0807,2.1088,0.4071,1104.0,3.41,,-90.0,0.0,False
2135971.88802,1135,12,22,1135-12-22,0,total,1.6496,2.7308,0.0957,1104.0,3.77,Iona,12.8,0.32,True
2136148.37367,1136,6,15,1136-06-15,1,total,1.2454,2.2223,0.352,1100.0,3.38,Clonmacnoise,7.4,0.16,True
2136325.97207,1136,12,10,1136-12-10,4,partial umbral,0.3286,1.4535,0.731,1100.0,2.25,,-90.0,0.0,False
2136473.79257,1137,5,7,1137-05-07,5,penumbral,-0.7302,0.2404,1.4489,1097.0,0.0,,,0.0,False
2136503.07834,1137,6,5,1137-06-05,6,penumbral,-0.0717,0.8878,1.0973,1097.0,0.0,,,0.0,False
2136650.20167,1137,10,30,1137-10-30,6,penumbral,-0.9441,0.1459,1.4025,1097.0,0.0,,,0.0,False
2136679.93264,1137,11,29,1137-11-29,1,penumbral,-0.875,0.2431,1.3321,1097.0,0.0,,,0.0,False
2136828.38765,1138,4,26,1138-04-26,2,partial umbral,0.5135,1.5306,0.7161,1094.0,2.55,Clonmacnoise,13.8,0.6,True
2137004.52476,1138,10,20,1138-10-20,4,partial umbral,0.4865,1.5156,0.7344,1094.0,2.47,Clonmacnoise,49.5,1.0,True
2137182.70209,1139,4,16,1139-04-16,0,total,1.8165,2.8912,0.0117,1091.0,3.87,Clonmacnoise,18.4,0.52,True
2137359.11094,1139,10,9,1139-10-09,1,total,1.8227,2.8087,0.034,1091.0,3.54,,-90.0,0.0,False
2137536.74967,1140,4,4,1140-04-04,4,partial umbral,0.4215,1.5242,0.6883,1088.0,2.52,Clonmacnoise,11.1,0.28,True
2137713.786,1140,9,28,1140-09-28,6,partial umbral,0.6778,1.6643,0.6676,1088.0,2.73,Clonmacnoise,11.9,0.32,True
2137861.20001,1141,2,22,1141-02-22,6,penumbral,-0.6771,0.384,1.3004,1085.0,0.0,,,0.0,False
2137890.79572,1141,3,24,1141-03-24,1,penumbral,-0.8486,0.2314,1.3481,1085.0,0.0,,,0.0,False
2138038.86078,1141,8,19,1141-08-19,2,penumbral,-0.5692,0.4801,1.2461,1085.0,0.0,,,0.0,False
2138068.35541,1141,9,17,1141-09-17,3,penumbral,-0.7262,0.3017,1.3715,1085.0,0.0,,,0.0,False
2138215.64225,1142,2,12,1142-02-12,4,partial umbral,0.7559,1.7641,0.6075,1082.0,2.89,Clonmacnoise,45.8,1.0,True
2138393.02697,1142,8,8,1142-08-08,6,partial umbral,0.7101,1.8018,0.553,1082.0,3.11,,-90.0,0.0,False
2138570.27982,1143,2,1,1143-02-01,1,total,1.7229,2.7079,0.0901,1078.0,3.51,Armagh,23.3,0.6,True
2138747.04085,1143,7,28,1143-07-28,3,total,1.5796,2.6691,0.1247,1078.0,3.89,,-90.0,0.0,False
2138924.92337,1144,1,22,1144-01-22,6,partial umbral,0.4501,1.4583,0.7777,1075.0,2.33,,-90.0,0.0,False
2139101.2118,1144,7,16,1144-07-16,0,partial umbral,0.2297,1.2727,0.8357,1075.0,1.83,,-90.0,0.0,False
2139249.71714,1144,12,12,1144-12-12,2,penumbral,-0.7191,0.3786,1.2841,1075.0,0.0,,,0.0,False
2139279.38156,1145,1,10,1145-01-10,3,penumbral,-0.9523,0.1126,1.45,1072.0,0.0,,,0.0,False
2139426.37758,1145,6,6,1145-06-06,3,partial umbral,0.1418,1.1094,0.9678,1072.0,1.36,,-90.0,0.0,False
2139603.736,1145,12,1,1145-12-01,6,partial umbral,0.4501,1.5786,0.668,1072.0,2.6,Clonmacnoise,37.5,1.0,True
2139781.09554,1146,5,27,1146-05-27,1,total,1.4984,2.4617,0.2204,1069.0,3.47,,-90.0,0.0,False
2139957.72333,1146,11,20,1146-11-20,3,total,1.726,2.8314,0.0493,1069.0,3.86,Clonmacnoise,43.5,1.0,True
2140135.73593,1147,5,17,1147-05-17,6,partial umbral,0.8758,1.8774,0.535,1066.0,3.1,,-90.0,0.0,False
2140311.96638,1147,11,9,1147-11-09,0,partial umbral,0.6777,1.7248,0.6194,1066.0,2.86,,-90.0,0.0,False
2140460.54114,1148,4,6,1148-04-06,2,penumbral,-0.8308,0.2583,1.3209,1063.0,0.0,,,0.0,False
2140490.12433,1148,5,5,1148-05-05,3,penumbral,-0.6526,0.4065,1.2666,1063.0,0.0,,,0.0,False
2140637.09137,1148,9,29,1148-09-29,3,penumbral,-0.5881,0.3914,1.3806,1063.0,0.0,,,0.0,False
2140666.49784,1148,10,28,1148-10-28,4,penumbral,-0.4759,0.5208,1.3003,1063.0,0.0,,,0.0,False
2140814.55149,1149,3,26,1149-03-26,6,partial umbral,0.4699,1.5732,0.6658,1060.0,2.64,Clonmacnoise,32.1,1.0,True
2140991.76053,1149,9,19,1149-09-19,1,partial umbral,0.632,1.6252,0.6845,1060.0,2.68,Clonmacnoise,14.4,0.44,True
2141168.6495,1150,3,15,1150-03-15,3,total,1.8227,2.8909,0.0104,1057.0,3.82,Clonmacnoise,35.4,1.0,True
2141346.27098,1150,9,8,1150-09-08,5,total,1.7822,2.824,0.0386,1057.0,3.74,Armagh,11.2,0.2,True
2141523.03766,1151,3,4,1151-03-04,0,partial umbral,0.5227,1.5368,0.7244,1054.0,2.53,,-90.0,0.0,False
2141700.49047,1151,8,28,1151-08-28,2,partial umbral,0.3477,1.438,0.7369,1054.0,2.29,Clonmacnoise,29.6,1.0,True
2141848.25265,1152,1,23,1152-01-23,3,penumbral,-0.3906,0.5975,1.2675,1050.0,0.0,,,0.0,False
2141877.65594,1152,2,22,1152-02-22,5,penumbral,-0.6636,0.3185,1.4199,1050.0,0.0,,,0.0,False
2142024.87556,1152,7,18,1152-07-18,5,penumbral,-0.5733,0.5053,1.1988,1050.0,0.0,,,0.0,False
2142054.50426,1152,8,17,1152-08-17,0,penumbral,-1.005,0.0942,1.3906,1050.0,0.0,,,0.0,False
2142202.86086,1153,1,12,1153-01-12,1,partial umbral,0.7701,1.7936,0.5906,1048.0,2.94,Clonmacnoise,14.1,0.36,True
2142379.13011,1153,7,7,1153-07-07,2,partial umbral,0.9422,1.9676,0.4815,1048.0,3.25,,-90.0,0.0,False
2142557.23594,1154,1,1,1154-01-01,5,total,1.6566,2.74,0.0913,1044.0,3.78,Iona,22.4,0.6,True
2142733.6804,1154,6,27,1154-06-27,0,total,1.3842,2.359,0.2772,1044.0,3.46,Clonmacnoise,9.3,0.28,True
2142911.30743,1154,12,21,1154-12-21,2,partial umbral,0.3393,1.4652,0.7248,1044.0,2.29,Armagh,32.2,1.0,True
2143059.10542,1155,5,18,1155-05-18,3,penumbral,-0.8566,0.1143,1.5158,1041.0,0.0,,,0.0,False
2143088.38926,1155,6,16,1155-06-16,4,partial umbral,0.0595,1.0192,1.0237,1041.0,0.88,,-90.0,0.0,False
2143235.53969,1155,11,11,1155-11-11,5,penumbral,-0.9598,0.1296,1.4143,1041.0,0.0,,,0.0,False
2143265.27048,1155,12,10,1155-12-10,6,penumbral,-0.8592,0.2576,1.3267,1041.0,0.0,,,0.0,False
2143413.68996,1156,5,7,1156-05-07,1,partial umbral,0.3827,1.4012,0.7822,1038.0,2.25,Clonmacnoise,8.4,0.32,True
2143589.87476,1156,10,30,1156-10-30,2,partial umbral,0.4626,1.4912,0.7495,1038.0,2.41,,-90.0,0.0,False
2143767.9894,1157,4,26,1157-04-26,5,total,1.7342,2.8091,0.0528,1035.0,3.88,,-90.0,0.0,False
2143944.46533,1157,10,19,1157-10-19,6,total,1.7842,2.7716,0.0551,1035.0,3.53,Clonmacnoise,49.1,1.0,True
2144122.03263,1158,4,15,1158-04-15,2,partial umbral,0.5455,1.6452,0.6283,1032.0,2.82,,-90.0,0.0,False
2144299.13373,1158,10,9,1158-10-09,4,partial umbral,0.7229,1.7136,0.6406,1032.0,2.8,,-90.0,0.0,False
2144446.52467,1159,3,6,1159-03-06,5,penumbral,-0.7268,0.3278,1.3318,1030.0,0.0,,,0.0,False
2144476.09488,1159,4,4,1159-04-04,6,penumbral,-0.74,0.334,1.2985,1030.0,0.0,,,0.0,False
2144624.16576,1159,8,30,1159-08-30,0,penumbral,-0.6796,0.3761,1.2971,1030.0,0.0,,,0.0,False
2144653.6853,1159,9,29,1159-09-29,2,penumbral,-0.6747,0.3595,1.3384,1030.0,0.0,,,0.0,False
2144800.98774,1160,2,23,1160-02-23,2,partial umbral,0.7156,1.7185,0.6324,1026.0,2.83,,-90.0,0.0,False
2144978.31061,1160,8,18,1160-08-18,4,partial umbral,0.5821,1.6783,0.6142,1026.0,2.88,Armagh,8.5,0.16,True
2145155.63611,1161,2,12,1161-02-12,0,total,1.7595,2.7419,0.0704,1024.0,3.52,Clonmacnoise,47.5,1.0,True
2145332.32018,1161,8,7,1161-08-07,1,total,1.7158,2.8062,0.0574,1024.0,3.92,Clonmacnoise,9.5,0.2,True
2145510.28012,1162,2,1,1162-02-01,4,partial umbral,0.4706,1.4788,0.7647,1021.0,2.38,Iona,19.3,0.72,True
2145686.50443,1162,7,28,1162-07-28,6,partial umbral,0.3682,1.4095,0.7676,1021.0,2.26,Clonmacnoise,17.6,1.0,True
2145835.06119,1162,12,23,1162-12-23,0,penumbral,-0.7346,0.3654,1.2882,1021.0,0.0,,,0.0,False
2145864.72855,1163,1,22,1163-01-22,2,penumbral,-0.944,0.1222,1.4411,1018.0,0.0,,,0.0,False
2146011.68604,1163,6,18,1163-06-18,2,partial umbral,0.0109,0.9768,1.0424,1018.0,0.38,,-90.0,0.0,False
2146040.99387,1163,7,17,1163-07-17,3,penumbral,-0.8723,0.1134,1.4989,1018.0,0.0,,,0.0,False
2146189.07085,1163,12,12,1163-12-12,4,partial umbral,0.4371,1.5663,0.6741,1018.0,2.56,,-90.0,0.0,False
2146366.40521,1164,6,6,1164-06-06,6,total,1.3602,2.324,0.2966,1015.0,3.41,Clonmacnoise,10.4,0.4,True
2146543.06399,1164,11,30,1164-11-30,1,total,1.7139,2.818,0.0558,1015.0,3.85,,-90.0,0.0,False
2146721.03664,1165,5,27,1165-05-27,4,total,1.0081,2.0118,0.4622,1012.0,3.26,,-90.0,0.0,False
2146897.32026,1165,11,19,1165-11-19,5,partial umbral,0.6961,1.7417,0.6119,1012.0,2.88,Armagh,38.9,1.0,True
2147045.82902,1166,4,17,1166-04-17,0,penumbral,-0.9531,0.1351,1.3792,1009.0,0.0,,,0.0,False
2147075.4088,1166,5,16,1166-05-16,1,penumbral,-0.5227,0.5379,1.1969,1009.0,0.0,,,0.0,False
2147222.44169,1166,10,10,1166-10-10,1,penumbral,-0.6356,0.3463,1.4071,1009.0,0.0,,,0.0,False
2147251.85907,1166,11,9,1166-11-09,3,penumbral,-0.4513,0.5457,1.2888,1009.0,0.0,,,0.0,False
2147399.84173,1167,4,6,1167-04-06,4,partial umbral,0.3634,1.4624,0.7199,1006.0,2.36,,-90.0,0.0,False
2147577.10047,1167,9,30,1167-09-30,6,partial umbral,0.5644,1.5628,0.7187,1006.0,2.56,,-90.0,0.0,False
2147753.95936,1168,3,25,1168-03-25,1,total,1.7773,2.839,0.0353,1003.0,3.81,,-90.0,0.0,False
2147931.59114,1168,9,19,1168-09-19,4,total,1.8481,2.8965,0.0025,1003.0,3.75,Clonmacnoise,36.8,1.0,True
2148108.36944,1169,3,14,1169-03-14,5,partial umbral,0.6005,1.6087,0.686,1000.0,2.67,Clonmacnoise,24.7,0.96,True
2148285.78776,1169,9,8,1169-09-08,1,partial umbral,0.4426,1.5383,0.6872,1000.0,2.55,Clonmacnoise,6.0,0.08,True
2148433.61268,1170,2,3,1170-02-03,2,penumbral,-0.4189,0.5678,1.2826,997.0,0.0,,,0.0,False
2148463.00217,1170,3,4,1170-03-04,3,penumbral,-0.6048,0.3737,1.3889,997.0,0.0,,,0.0,False
2148610.15567,1170,7,29,1170-07-29,3,penumbral,-0.7048,0.3734,1.2671,997.0,0.0,,,0.0,False
2148639.79182,1170,8,28,1170-08-28,5,penumbral,-0.8911,0.2103,1.3353,997.0,0.0,,,0.0,False
2148788.21737,1171,1,23,1171-01-23,6,partial umbral,0.7475,1.7718,0.6009,994.0,2.91,Iona,11.0,0.28,True
2148964.4257,1171,7,18,1171-07-18,0,partial umbral,0.8103,1.8336,0.5528,994.0,3.08,Clonmacnoise,14.2,0.68,True
2149142.58065,1172,1,13,1172-01-13,4,total,1.6699,2.7548,0.0839,992.0,3.8,Clonmacnoise,56.8,1.0,True
2149318.98814,1172,7,7,1172-07-07,5,total,1.522,2.4956,0.2024,992.0,3.51,,-90.0,0.0,False
2149496.64207,1173,1,1,1173-01-01,1,partial umbral,0.3521,1.4779,0.718,989.0,2.33,Clonmacnoise,54.5,1.0,True
2149673.69967,1173,6,27,1173-06-27,3,partial umbral,0.192,1.1527,0.949,989.0,1.56,,-90.0,0.0,False
2149820.88259,1173,11,21,1173-11-21,3,penumbral,-0.9664,0.1217,1.4217,989.0,0.0,,,0.0,False
2149850.60943,1173,12,21,1173-12-21,5,penumbral,-0.8439,0.2708,1.3219,989.0,0.0,,,0.0,False
2149998.98766,1174,5,18,1174-05-18,6,partial umbral,0.243,1.2635,0.8522,986.0,1.84,,-90.0,0.0,False
2150175.2301,1174,11,10,1174-11-10,0,partial umbral,0.4488,1.4765,0.7593,986.0,2.37,Iona,17.2,0.6,True
2150353.27163,1175,5,7,1175-05-07,3,total,1.5954,2.6707,0.1218,983.0,3.86,,-90.0,0.0,False
2150529.82442,1175,10,31,1175-10-31,5,total,1.7556,2.7445,0.0706,983.0,3.53,Clonmacnoise,15.8,0.36,True
2150707.31114,1176,4,25,1176-04-25,0,partial umbral,0.6799,1.7765,0.5634,980.0,3.07,Armagh,5.3,0.04,True
2150884.48625,1176,10,19,1176-10-19,2,partial umbral,0.7564,1.7514,0.6199,980.0,2.85,Clonmacnoise,48.5,1.0,True
2151031.84452,1177,3,16,1177-03-16,3,penumbral,-0.7879,0.2601,1.3694,977.0,0.0,,,0.0,False
2151061.38951,1177,4,14,1177-04-14,4,penumbral,-0.6198,0.4483,1.2429,977.0,0.0,,,0.0,False
2151209.47546,1177,9,9,1177-09-09,5,penumbral,-0.778,0.2842,1.3417,977.0,0.0,,,0.0,False
2151239.02029,1177,10,9,1177-10-09,0,penumbral,-0.6353,0.4052,1.312,977.0,0.0,,,0.0,False
2151386.3289,1178,3,5,1178-03-05,0,partial umbral,0.6649,1.6625,0.6629,974.0,2.74,Armagh,20.8,0.72,True
2151563.59927,1178,8,30,1178-08-30,3,partial umbral,0.4659,1.5666,0.6695,974.0,2.63,Clonmacnoise,29.5,1.0,True
2151740.98815,1179,2,23,1179-02-23,5,total,1.8054,2.7852,0.0455,972.0,3.53,,-90.0,0.0,False
2151917.60531,1179,8,19,1179-08-19,0,total,1.8227,2.9141,0.0044,972.0,3.92,Clonmacnoise,24.9,1.0,True
2152095.632,1180,2,13,1180-02-13,3,partial umbral,0.5009,1.509,0.7463,969.0,2.45,Clonmacnoise,46.9,1.0,True
2152271.80206,1180,8,7,1180-08-07,4,partial umbral,0.4978,1.538,0.7034,969.0,2.57,,-90.0,0.0,False
2152420.40316,1181,1,2,1181-01-02,5,penumbral,-0.7528,0.3487,1.294,966.0,0.0,,,0.0,False
2152450.07031,1181,2,1,1181-02-01,0,penumbral,-0.9257,0.1412,1.4272,966.0,0.0,,,0.0,False
2152596.99575,1181,6,28,1181-06-28,0,penumbral,-0.1179,0.847,1.1157,966.0,0.0,,,0.0,False
2152626.30494,1181,7,27,1181-07-27,1,penumbral,-0.7452,0.2397,1.4339,966.0,0.0,,,0.0,False
2152774.40473,1181,12,22,1181-12-22,2,partial umbral,0.423,1.5519,0.681,966.0,2.53,Clonmacnoise,51.8,1.0,True
2152951.71487,1182,6,18,1182-06-18,5,total,1.2226,2.1879,0.372,963.0,3.33,,-90.0,0.0,False
2153128.40643,1182,12,11,1182-12-11,6,total,1.7054,2.8075,0.0607,963.0,3.85,Clonmacnoise,57.1,1.0,True
2153306.33465,1183,6,7,1183-06-07,2,total,1.1447,2.1512,0.3873,960.0,3.4,,-90.0,0.0,False
2153482.67728,1183,12,1,1183-12-01,4,partial umbral,0.7091,1.7526,0.6074,960.0,2.89,Clonmacnoise,50.5,1.0,True
2153631.11033,1184,4,27,1184-04-27,5,penumbral,-1.0875,0.0001,1.4434,958.0,0.0,,,0.0,False
2153660.68854,1184,5,27,1184-05-27,0,penumbral,-0.3839,0.6786,1.123,958.0,0.0,,,0.0,False
2153807.7977,1184,10,21,1184-10-21,0,penumbral,-0.6716,0.3126,1.427,958.0,0.0,,,0.0,False
2153837.22446,1184,11,19,1184-11-19,1,penumbral,-0.4352,0.5618,1.2818,958.0,0.0,,,0.0,False
2153985.12502,1185,4,16,1185-04-16,2,partial umbral,0.2416,1.3364,0.7817,955.0,1.95,,-90.0,0.0,False
2154162.44627,1185,10,10,1185-10-10,4,partial umbral,0.5106,1.5141,0.7451,955.0,2.46,Clonmacnoise,44.6,1.0,True
2154339.26398,1186,4,5,1186-04-05,6,total,1.6776,2.7329,0.088,952.0,3.78,,-90.0,0.0,False
2154516.91608,1186,9,30,1186-09-30,2,total,1.7779,2.8328,0.0372,952.0,3.76,,-90.0,0.0,False
2154693.69717,1187,3,26,1187-03-26,4,partial umbral,0.6885,1.6908,0.6419,950.0,2.81,Clonmacnoise,22.9,0.84,True
2154871.09002,1187,9,19,1187-09-19,6,partial umbral,0.5264,1.6275,0.6432,950.0,2.75,,-90.0,0.0,False
2155018.9689,1188,2,14,1188-02-14,0,penumbral,-0.4551,0.5298,1.3021,947.0,0.0,,,0.0,False
2155048.34361,1188,3,14,1188-03-14,1,penumbral,-0.536,0.439,1.3521,947.0,0.0,,,0.0,False
2155195.43965,1188,8,8,1188-08-08,1,penumbral,-0.8289,0.2492,1.3321,947.0,0.0,,,0.0,False
2155225.08488,1188,9,7,1188-09-07,3,penumbral,-0.7872,0.3164,1.285,947.0,0.0,,,0.0,False
2155373.57024,1189,2,3,1189-02-03,5,partial umbral,0.7181,1.7429,0.6149,944.0,2.88,Clonmacnoise,51.4,1.0,True
2155549.72555,1189,7,29,1189-07-29,6,partial umbral,0.6857,1.7074,0.6207,944.0,2.88,Clonmacnoise,7.1,0.16,True
2155727.92146,1190,1,23,1190-01-23,2,total,1.6911,2.7769,0.0727,941.0,3.81,,-90.0,0.0,False
2155904.2995,1190,7,18,1190-07-18,3,total,1.6526,2.6255,0.131,941.0,3.55,,-90.0,0.0,False
2156081.97442,1191,1,12,1191-01-12,6,partial umbral,0.3705,1.4956,0.7087,939.0,2.38,,-90.0,0.0,False
2156259.01127,1191,7,8,1191-07-08,1,partial umbral,0.3216,1.2839,0.8757,939.0,1.98,,-90.0,0.0,False
2156406.22806,1191,12,2,1191-12-02,1,penumbral,-0.9689,0.1173,1.4272,939.0,0.0,,,0.0,False
2156435.94789,1192,1,1,1192-01-01,3,penumbral,-0.8258,0.2862,1.3159,936.0,0.0,,,0.0,False
2156584.28215,1192,5,28,1192-05-28,4,partial umbral,0.0979,1.1209,0.9245,936.0,1.2,,-90.0,0.0,False
2156760.5889,1192,11,21,1192-11-21,6,partial umbral,0.4415,1.468,0.7656,936.0,2.35,Clonmacnoise,58.2,1.0,True
2156938.54904,1193,5,18,1193-05-18,2,total,1.4471,2.5232,0.1952,933.0,3.81,Clonmacnoise,14.9,1.0,True
2157115.18773,1193,11,10,1193-11-10,3,total,1.7362,2.7261,0.0812,933.0,3.52,Iona,12.9,0.32,True
2157292.58553,1194,5,7,1194-05-07,6,partial umbral,0.8237,1.9175,0.4938,931.0,3.3,Clonmacnoise,18.1,1.0,True
2157469.84271,1194,10,31,1194-10-31,1,partial umbral,0.7809,1.7799,0.6043,931.0,2.89,Clonmacnoise,8.8,0.2,True
2157617.15948,1195,3,27,1195-03-27,1,penumbral,-0.8605,0.1809,1.4132,928.0,0.0,,,0.0,False
2157646.68055,1195,4,26,1195-04-26,3,penumbral,-0.4898,0.5726,1.1822,928.0,0.0,,,0.0,False
2157794.79029,1195,9,21,1195-09-21,4,penumbral,-0.8639,0.2049,1.3799,928.0,0.0,,,0.0,False
2157824.36003,1195,10,20,1195-10-20,5,penumbral,-0.6068,0.4397,1.2915,928.0,0.0,,,0.0,False
2157971.66429,1196,3,16,1196-03-16,6,partial umbral,0.6,1.5923,0.7014,925.0,2.63,Clonmacnoise,30.1,1.0,True
2158148.89349,1196,9,9,1196-09-09,1,partial umbral,0.3623,1.4676,0.7186,925.0,2.36,,-90.0,0.0,False
2158326.33434,1197,3,5,1197-03-05,3,total,1.8648,2.842,0.0131,923.0,3.53,Armagh,24.9,0.72,True
2158502.89709,1197,8,29,1197-08-29,5,total,1.7104,2.8031,0.0597,923.0,3.9,,-90.0,0.0,False
2158680.97803,1198,2,23,1198-02-23,1,partial umbral,0.5429,1.5507,0.7216,920.0,2.54,,-90.0,0.0,False
2158857.10604,1198,8,18,1198-08-18,2,partial umbral,0.6153,1.6547,0.645,920.0,2.79,,-90.0,0.0,False
2159005.74301,1199,1,14,1199-01-14,4,penumbral,-0.7735,0.329,1.3013,917.0,0.0,,,0.0,False
2159035.40739,1199,2,12,1199-02-12,5,penumbral,-0.8992,0.1681,1.4092,917.0,0.0,,,0.0,False
2159182.30657,1199,7,9,1199-07-09,5,penumbral,-0.2453,0.7192,1.188,917.0,0.0,,,0.0,False
2159211.61958,1199,8,8,1199-08-08,0,penumbral,-0.6244,0.3601,1.3717,917.0,0.0,,,0.0,False
2159359.73888,1200,1,3,1200-01-03,1,partial umbral,0.4099,1.5378,0.6877,915.0,2.49,Clonmacnoise,37.8,1.0,True
2159537.02385,1200,6,28,1200-06-28,3,total,1.084,2.0513,0.4475,915.0,3.22,,-90.0,0.0,False
2159713.75022,1200,12,22,1200-12-22,5,total,1.6988,2.7981,0.0649,915.0,3.84,Clonmacnoise,41.6,1.0,True
2159891.63083,1201,6,18,1201-06-18,1,total,1.2836,2.2935,0.3115,912.0,3.51,Clonmacnoise,11.7,0.6,True
2160068.03648,1201,12,11,1201-12-11,2,partial umbral,0.7186,1.7596,0.6048,912.0,2.9,,-90.0,0.0,False
2160245.96657,1202,6,7,1202-06-07,5,penumbral,-0.242,0.8228,1.048,909.0,0.0,,,0.0,False
2160393.15733,1202,11,1,1202-11-01,5,penumbral,-0.7006,0.2858,1.4427,909.0,0.0,,,0.0,False
2160422.59155,1202,12,1,1202-12-01,0,penumbral,-0.4222,0.5745,1.2765,909.0,0.0,,,0.0,False
2160570.40554,1203,4,27,1203-04-27,0,partial umbral,0.1135,1.2042,0.8469,907.0,1.36,Clonmacnoise,14.3,1.0,True
2160747.79604,1203,10,22,1203-10-22,3,partial umbral,0.4661,1.4746,0.7663,907.0,2.38,Clonmacnoise,14.2,0.48,True
2160924.56446,1204,4,16,1204-04-16,5,total,1.5673,2.6163,0.1466,904.0,3.75,Clonmacnoise,23.8,1.0,True
2161102.24595,1204,10,10,1204-10-10,0,total,1.7199,2.7812,0.0654,904.0,3.76,Armagh,18.3,0.4,True
2161279.01973,1205,4,5,1205-04-05,2,partial umbral,0.7889,1.7856,0.5908,902.0,2.95,,-90.0,0.0,False
2161456.39846,1205,9,29,1205-09-29,4,partial umbral,0.5965,1.7027,0.6063,902.0,2.9,Clonmacnoise,38.5,1.0,True
2161604.31894,1206,2,24,1206-02-24,5,penumbral,-0.5054,0.4778,1.329,899.0,0.0,,,0.0,False
2161633.67913,1206,3,26,1206-03-26,0,penumbral,-0.4543,0.5175,1.3079,899.0,0.0,,,0.0,False
2161780.73095,1206,8,20,1206-08-20,0,penumbral,-0.9385,0.1398,1.3902,899.0,0.0,,,0.0,False
2161810.38573,1206,9,18,1206-09-18,1,penumbral,-0.6985,0.4073,1.2422,899.0,0.0,,,0.0,False
2161958.91738,1207,2,14,1207-02-14,3,partial umbral,0.6767,1.7018,0.6352,896.0,2.82,,-90.0,0.0,False
2162135.0302,1207,8,9,1207-08-09,4,partial umbral,0.5694,1.59,0.6845,896.0,2.67,,-90.0,0.0,False
2162313.2573,1208,2,3,1208-02-03,0,total,1.7224,2.8085,0.0566,894.0,3.82,Armagh,19.8,0.48,True
2162489.61378,1208,7,29,1208-07-29,2,total,1.7779,2.7508,0.0621,894.0,3.56,Clonmacnoise,18.4,0.96,True
2162667.30279,1209,1,22,1209-01-22,4,partial umbral,0.3978,1.5214,0.6953,891.0,2.46,Armagh,26.3,1.0,True
2162844.32442,1209,7,18,1209-07-18,6,partial umbral,0.4476,1.4122,0.8043,891.0,2.29,,-90.0,0.0,False
2162991.5763,1209,12,13,1209-12-13,0,penumbral,-0.9668,0.1169,1.4306,891.0,0.0,,,0.0,False
