date_julian_cal,year,weekday,type,kind,magnitude,best_site,diagnostic,why,note
0400-12-17,400,1,lunar,total,1.066,Armagh,blind,,"Moon 35.0 deg up, 1.0 of umbral phase in a dark sky"
0401-06-12,401,3,lunar,total,1.542,Clonmacnoise,blind,,"Moon 10.8 deg up, 0.4 of umbral phase in a dark sky"
0401-12-07,401,6,lunar,total,1.321,Clonmacnoise,blind,,"Moon 59.7 deg up, 1.0 of umbral phase in a dark sky"
0402-06-01,402,,lunar,partial umbral,0.8611,-,borrowed-if-recorded,not visible from Ireland; visible from the Mediterranean,below the Irish horizon throughout the umbral phase
0402-11-11,402,2,solar,partial,0.844,Clonmacnoise,blind,,UT 07:57 at Armagh
0402-11-26,402,3,lunar,partial umbral,0.059,Clonmacnoise,blind,,"Moon 56.7 deg up, 1.0 of umbral phase in a dark sky"
0404-04-25,404,1,solar,partial,0.527,Iona,blind,,UT 14:42 at Armagh
0404-10-04,404,2,lunar,partial umbral,0.881,Clonmacnoise,blind,,"Moon 34.7 deg up, 1.0 of umbral phase in a dark sky"
0405-03-31,405,5,lunar,total,1.421,Armagh,blind,,"Moon 10.9 deg up, 0.24 of umbral phase in a dark sky"
0406-03-20,406,,lunar,partial umbral,0.0811,-,borrowed-if-recorded,not visible from Ireland; visible from the Mediterranean,below the Irish horizon throughout the umbral phase
0406-09-14,406,5,lunar,partial umbral,0.274,Clonmacnoise,blind,,"Moon 23.9 deg up, 1.0 of umbral phase in a dark sky"
0408-01-29,408,3,lunar,total,1.144,Clonmacnoise,blind,,"Moon 54.6 deg up, 1.0 of umbral phase in a dark sky"
0408-07-24,408,5,lunar,total,1.075,Clonmacnoise,blind,,"Moon 15.5 deg up, 1.0 of umbral phase in a dark sky"
0409-01-17,409,0,lunar,total,1.375,Iona,blind,,"Moon 12.6 deg up, 0.32 of umbral phase in a dark sky"
0409-07-13,409,2,lunar,total,1.198,Clonmacnoise,blind,,"Moon 13.3 deg up, 0.6 of umbral phase in a dark sky"
0410-01-07,410,5,lunar,partial umbral,0.034,Clonmacnoise,blind,,"Moon 25.7 deg up, 1.0 of umbral phase in a dark sky"
0411-05-23,411,,lunar,partial umbral,0.5747,-,borrowed-if-recorded,not visible from Ireland; visible from the Mediterranean,below the Irish horizon throughout the umbral phase
0411-11-16,411,4,lunar,partial umbral,0.747,Iona,blind,,"Moon 21.4 deg up, 0.64 of umbral phase in a dark sky"
0412-11-04,412,1,lunar,total,1.611,Clonmacnoise,blind,,"Moon 44.1 deg up, 1.0 of umbral phase in a dark sky"
0413-04-16,413,3,solar,deep partial,0.973,Clonmacnoise,totality-in-ireland,umbral track 39.0 km from the island,UT 13:03 at Armagh
0413-05-02,413,5,lunar,partial umbral,0.38,Clonmacnoise,blind,,"Moon 21.2 deg up, 1.0 of umbral phase in a dark sky"
0413-10-25,413,6,lunar,partial umbral,0.39,Clonmacnoise,local-if-recorded,"above the Irish horizon, below the Mediterranean one","Moon 15.8 deg up, 0.6 of umbral phase in a dark sky"
0415-09-05,415,0,lunar,partial umbral,0.96,Clonmacnoise,blind,,"Moon 28.7 deg up, 1.0 of umbral phase in a dark sky"
0416-02-28,416,1,lunar,total,1.457,Clonmacnoise,blind,,"Moon 36.3 deg up, 1.0 of umbral phase in a dark sky"
0418-07-19,418,5,solar,partial,0.663,Clonmacnoise,blind,,UT 10:13 at Armagh
0418-12-29,418,0,lunar,total,1.057,Clonmacnoise,blind,,"Moon 56.8 deg up, 1.0 of umbral phase in a dark sky"
0419-12-18,419,4,lunar,total,1.329,Clonmacnoise,blind,,"Moon 22.8 deg up, 0.56 of umbral phase in a dark sky"
0420-06-12,420,6,lunar,partial umbral,0.999,Clonmacnoise,blind,,"Moon 11.3 deg up, 0.6 of umbral phase in a dark sky"
0420-12-06,420,1,lunar,partial umbral,0.072,Clonmacnoise,local-if-recorded,"above the Irish horizon, below the Mediterranean one","Moon 17.6 deg up, 1.0 of umbral phase in a dark sky"
0422-04-23,422,0,lunar,partial umbral,0.746,Clonmacnoise,blind,,"Moon 23.0 deg up, 1.0 of umbral phase in a dark sky"
0422-10-16,422,1,lunar,partial umbral,0.848,Clonmacnoise,blind,,"Moon 27.0 deg up, 0.88 of umbral phase in a dark sky"
0423-04-12,423,4,lunar,total,1.549,Clonmacnoise,blind,,"Moon 27.4 deg up, 1.0 of umbral phase in a dark sky"
0423-10-05,423,5,lunar,total,1.653,Clonmacnoise,blind,,"Moon 38.8 deg up, 1.0 of umbral phase in a dark sky"
0424-03-31,424,1,lunar,partial umbral,0.199,Clonmacnoise,blind,,"Moon 31.0 deg up, 1.0 of umbral phase in a dark sky"
0427-01-29,427,6,lunar,total,1.4,Clonmacnoise,blind,,"Moon 53.9 deg up, 1.0 of umbral phase in a dark sky"
0428-07-12,428,,lunar,partial umbral,0.0121,-,borrowed-if-recorded,not visible from Ireland; visible from the Mediterranean,below the Irish horizon throughout the umbral phase
0429-06-03,429,1,lunar,partial umbral,0.441,Clonmacnoise,blind,,"Moon 8.9 deg up, 0.44 of umbral phase in a dark sky"
0429-11-27,429,3,lunar,partial umbral,0.737,Clonmacnoise,blind,,"Moon 58.5 deg up, 1.0 of umbral phase in a dark sky"
0430-05-23,430,5,lunar,total,1.775,Clonmacnoise,blind,,"Moon 6.7 deg up, 0.12 of umbral phase in a dark sky"
0430-11-16,430,0,lunar,total,1.624,Clonmacnoise,blind,,"Moon 44.3 deg up, 1.0 of umbral phase in a dark sky"
0431-11-05,431,,lunar,partial umbral,0.4094,-,borrowed-if-recorded,not visible from Ireland; visible from the Mediterranean,below the Irish horizon throughout the umbral phase
0433-03-21,433,2,lunar,partial umbral,0.765,Clonmacnoise,blind,,"Moon 31.7 deg up, 1.0 of umbral phase in a dark sky"
0433-09-29,433,5,solar,partial,0.788,Iona,blind,,UT 09:40 at Armagh
0434-03-11,434,0,lunar,total,1.535,Clonmacnoise,blind,,"Moon 33.1 deg up, 0.96 of umbral phase in a dark sky"
0434-09-04,434,2,lunar,total,1.467,Armagh,blind,,"Moon 8.1 deg up, 0.12 of umbral phase in a dark sky"
0435-02-28,435,4,lunar,partial umbral,0.27,Iona,blind,,"Moon 8.7 deg up, 0.24 of umbral phase in a dark sky"
0435-08-24,435,,lunar,partial umbral,0.0886,-,borrowed-if-recorded,not visible from Ireland; visible from the Mediterranean,below the Irish horizon throughout the umbral phase
0437-07-03,437,,lunar,total,1.2714,-,borrowed-if-recorded,not visible from Ireland; visible from the Mediterranean,below the Irish horizon throughout the umbral phase
0437-07-19,437,1,solar,partial,0.554,Iona,blind,,UT 04:14 at Armagh
0437-12-13,437,1,solar,partial,0.576,Iona,blind,,UT 10:50 at Armagh
0437-12-28,437,2,lunar,total,1.338,Iona,blind,,"Moon 12.6 deg up, 0.28 of umbral phase in a dark sky"
0438-12-17,438,,lunar,partial umbral,0.0841,-,borrowed-if-recorded,not visible from Ireland; visible from the Mediterranean,below the Irish horizon throughout the umbral phase
0440-05-03,440,5,lunar,partial umbral,0.603,Clonmacnoise,local-if-recorded,"above the Irish horizon, below the Mediterranean one","Moon 7.5 deg up, 0.12 of umbral phase in a dark sky"
0441-10-16,441,4,lunar,total,1.688,Clonmacnoise,blind,,"Moon 25.7 deg up, 0.68 of umbral phase in a dark sky"
0442-09-20,442,0,solar,partial,0.582,Iona,blind,,UT 06:10 at Armagh
0442-10-05,442,1,lunar,partial umbral,0.366,Clonmacnoise,blind,,"Moon 30.9 deg up, 1.0 of umbral phase in a dark sky"
0443-03-17,443,3,solar,partial,0.661,Clonmacnoise,blind,,UT 17:31 at Armagh
0444-02-19,444,6,lunar,total,1.063,Iona,blind,,"Moon 12.5 deg up, 0.32 of umbral phase in a dark sky"
0445-07-20,445,5,solar,partial,0.683,Iona,blind,,UT 18:12 at Armagh
0445-08-03,445,,lunar,total,1.4664,-,borrowed-if-recorded,not visible from Ireland; visible from the Mediterranean,below the Irish horizon throughout the umbral phase
0446-01-29,446,2,lunar,partial umbral,0.066,Clonmacnoise,blind,,"Moon 49.1 deg up, 1.0 of umbral phase in a dark sky"
0446-07-24,446,3,lunar,partial umbral,0.143,Clonmacnoise,blind,,"Moon 15.5 deg up, 1.0 of umbral phase in a dark sky"
0447-12-23,447,2,solar,partial,0.863,Bangor,blind,,UT 13:28 at Armagh
0448-06-03,448,4,lunar,total,1.633,Clonmacnoise,blind,,"Moon 11.9 deg up, 0.48 of umbral phase in a dark sky"
0449-11-16,449,3,lunar,partial umbral,0.422,Clonmacnoise,blind,,"Moon 54.8 deg up, 1.0 of umbral phase in a dark sky"
0451-04-02,451,1,lunar,partial umbral,0.662,Clonmacnoise,blind,,"Moon 20.4 deg up, 0.68 of umbral phase in a dark sky"
0451-09-26,451,3,lunar,partial umbral,0.821,Armagh,blind,,"Moon 17.2 deg up, 0.44 of umbral phase in a dark sky"
0452-09-15,452,1,lunar,total,1.542,Clonmacnoise,blind,,"Moon 33.1 deg up, 1.0 of umbral phase in a dark sky"
0453-02-24,453,2,solar,partial,0.715,Clonmacnoise,blind,,UT 16:51 at Armagh
0453-03-11,453,3,lunar,partial umbral,0.344,Clonmacnoise,blind,,"Moon 39.9 deg up, 1.0 of umbral phase in a dark sky"
0453-09-04,453,5,lunar,partial umbral,0.184,Clonmacnoise,blind,,"Moon 26.1 deg up, 1.0 of umbral phase in a dark sky"
0455-01-19,455,3,lunar,total,1.019,Armagh,blind,,"Moon 41.6 deg up, 1.0 of umbral phase in a dark sky"
0455-07-15,455,5,lunar,total,1.144,Clonmacnoise,blind,,"Moon 14.5 deg up, 1.0 of umbral phase in a dark sky"
0456-01-09,456,1,lunar,total,1.356,Clonmacnoise,blind,,"Moon 58.7 deg up, 1.0 of umbral phase in a dark sky"
0456-07-03,456,,lunar,total,1.2675,-,borrowed-if-recorded,not visible from Ireland; visible from the Mediterranean,below the Irish horizon throughout the umbral phase
0456-12-28,456,5,lunar,partial umbral,0.1,Clonmacnoise,blind,,"Moon 59.1 deg up, 1.0 of umbral phase in a dark sky"
0458-05-28,458,3,solar,deep partial,0.947,Clonmacnoise,blind,,UT 11:18 at Armagh
0458-11-07,458,5,lunar,partial umbral,0.811,Clonmacnoise,blind,,"Moon 52.8 deg up, 1.0 of umbral phase in a dark sky"
0459-10-27,459,,lunar,total,1.7111,-,borrowed-if-recorded,not visible from Ireland; visible from the Mediterranean,below the Irish horizon throughout the umbral phase
0460-09-30,460,5,solar,partial,0.524,Clonmacnoise,blind,,UT 15:25 at Armagh
0460-10-16,460,0,lunar,partial umbral,0.394,Clonmacnoise,blind,,"Moon 29.6 deg up, 1.0 of umbral phase in a dark sky"
0462-03-02,462,5,lunar,total,1.004,Clonmacnoise,blind,,"Moon 43.8 deg up, 1.0 of umbral phase in a dark sky"
0462-08-25,462,6,lunar,partial umbral,0.702,Clonmacnoise,blind,,"Moon 23.4 deg up, 1.0 of umbral phase in a dark sky"
0463-02-19,463,2,lunar,total,1.486,Armagh,blind,,"Moon 18.1 deg up, 0.48 of umbral phase in a dark sky"
0463-08-15,463,4,lunar,total,1.585,Clonmacnoise,blind,,"Moon 22.0 deg up, 1.0 of umbral phase in a dark sky"
0464-02-09,464,0,lunar,partial umbral,0.098,Clonmacnoise,local-if-recorded,"above the Irish horizon, below the Mediterranean one","Moon 12.4 deg up, 0.76 of umbral phase in a dark sky"
0464-07-20,464,1,solar,partial,0.841,Clonmacnoise,blind,,UT 07:44 at Armagh
0465-06-24,465,,lunar,partial umbral,0.1709,-,borrowed-if-recorded,not visible from Ireland; visible from the Mediterranean,below the Irish horizon throughout the umbral phase
0465-12-18,465,6,lunar,partial umbral,0.724,Iona,blind,,"Moon 26.2 deg up, 0.84 of umbral phase in a dark sky"
0466-12-07,466,3,lunar,total,1.636,Clonmacnoise,blind,,"Moon 57.2 deg up, 1.0 of umbral phase in a dark sky"
0467-05-19,467,5,solar,partial,0.708,Iona,blind,,UT 10:14 at Armagh
0467-06-03,467,6,lunar,partial umbral,0.792,Clonmacnoise,blind,,"Moon 11.7 deg up, 0.48 of umbral phase in a dark sky"
0467-11-27,467,1,lunar,partial umbral,0.43,Iona,local-if-recorded,"above the Irish horizon, below the Mediterranean one","Moon 5.1 deg up, 0.08 of umbral phase in a dark sky"
0469-10-07,469,2,lunar,partial umbral,0.77,Clonmacnoise,blind,,"Moon 40.7 deg up, 1.0 of umbral phase in a dark sky"
0470-04-01,470,3,lunar,total,1.728,Clonmacnoise,blind,,"Moon 20.4 deg up, 0.56 of umbral phase in a dark sky"
0473-01-30,473,2,lunar,partial umbral,0.986,Clonmacnoise,blind,,"Moon 46.2 deg up, 1.0 of umbral phase in a dark sky"
0473-08-09,473,4,solar,deep partial,0.95,Iona,local-if-recorded,"deep over Ireland, shallow in the Mediterranean",UT 19:54 at Armagh
0474-01-19,474,6,lunar,total,1.381,Clonmacnoise,local-if-recorded,"above the Irish horizon, below the Mediterranean one","Moon 20.7 deg up, 0.48 of umbral phase in a dark sky"
0474-07-15,474,1,lunar,total,1.395,Clonmacnoise,blind,,"Moon 13.8 deg up, 1.0 of umbral phase in a dark sky"
0475-01-08,475,3,lunar,partial umbral,0.121,Clonmacnoise,local-if-recorded,"above the Irish horizon, below the Mediterranean one","Moon 19.1 deg up, 1.0 of umbral phase in a dark sky"
0475-07-04,475,,lunar,partial umbral,0.0122,-,borrowed-if-recorded,not visible from Ireland; visible from the Mediterranean,below the Irish horizon throughout the umbral phase
0476-05-24,476,,lunar,partial umbral,0.3,-,borrowed-if-recorded,not visible from Ireland; visible from the Mediterranean,below the Irish horizon throughout the umbral phase
0476-06-07,476,1,solar,partial,0.556,Clonmacnoise,blind,,UT 19:41 at Armagh
0476-11-17,476,3,lunar,partial umbral,0.804,Clonmacnoise,local-if-recorded,"above the Irish horizon, below the Mediterranean one","Moon 15.4 deg up, 0.48 of umbral phase in a dark sky"
0477-05-13,477,5,lunar,total,1.671,Clonmacnoise,blind,,"Moon 14.7 deg up, 0.52 of umbral phase in a dark sky"
0477-11-07,477,1,lunar,total,1.726,Clonmacnoise,blind,,"Moon 53.5 deg up, 1.0 of umbral phase in a dark sky"
0478-05-02,478,2,lunar,partial umbral,0.61,Clonmacnoise,blind,,"Moon 18.4 deg up, 1.0 of umbral phase in a dark sky"
0480-03-27,480,4,solar,partial,0.825,Iona,blind,,UT 10:43 at Armagh
0480-09-05,480,5,lunar,partial umbral,0.604,Clonmacnoise,blind,,"Moon 18.0 deg up, 0.6 of umbral phase in a dark sky"
0481-03-02,481,1,lunar,total,1.548,Clonmacnoise,blind,,"Moon 43.1 deg up, 1.0 of umbral phase in a dark sky"
0482-08-14,482,,lunar,partial umbral,0.3763,-,borrowed-if-recorded,not visible from Ireland; visible from the Mediterranean,below the Irish horizon throughout the umbral phase
0483-07-06,483,3,lunar,partial umbral,0.038,Clonmacnoise,blind,,"Moon 10.9 deg up, 1.0 of umbral phase in a dark sky"
0483-12-30,483,5,lunar,partial umbral,0.714,Clonmacnoise,blind,,"Moon 60.3 deg up, 1.0 of umbral phase in a dark sky"
0484-01-14,484.0,6.0,solar,partial,0.0,-,borrowed-if-recorded,"deep in the Mediterranean, effectively invisible from Ireland","Mediterranean magnitude high, Irish magnitude below 0.20"
0484-06-24,484,,lunar,total,1.35,-,borrowed-if-recorded,not visible from Ireland; visible from the Mediterranean,below the Irish horizon throughout the umbral phase
0484-12-18,484,2,lunar,total,1.643,Clonmacnoise,blind,,"Moon 36.9 deg up, 1.0 of umbral phase in a dark sky"
0485-05-29,485,3,solar,partial,0.812,Iona,local-if-recorded,"deep over Ireland, shallow in the Mediterranean",UT 19:04 at Armagh
0485-06-14,485,5,lunar,partial umbral,0.937,Clonmacnoise,blind,,"Moon 7.3 deg up, 0.16 of umbral phase in a dark sky"
0485-12-07,485,6,lunar,partial umbral,0.436,Iona,blind,,"Moon 20.6 deg up, 0.92 of umbral phase in a dark sky"
0486-05-19,486.0,1.0,solar,partial,0.0357,-,borrowed-if-recorded,"deep in the Mediterranean, effectively invisible from Ireland","Mediterranean magnitude high, Irish magnitude below 0.20"
0487-04-23,487,,lunar,partial umbral,0.4259,-,borrowed-if-recorded,not visible from Ireland; visible from the Mediterranean,below the Irish horizon throughout the umbral phase
0487-11-01,487,0,solar,partial,0.875,Clonmacnoise,blind,,UT 10:09 at Armagh
0488-04-12,488,2,lunar,total,1.84,Clonmacnoise,blind,,"Moon 25.3 deg up, 0.88 of umbral phase in a dark sky"
0488-10-06,488,4,lunar,total,1.653,Armagh,blind,,"Moon 10.6 deg up, 0.2 of umbral phase in a dark sky"
0489-04-01,489,,lunar,partial umbral,0.5266,-,borrowed-if-recorded,not visible from Ireland; visible from the Mediterranean,below the Irish horizon throughout the umbral phase
0489-09-25,489,,lunar,partial umbral,0.3359,-,borrowed-if-recorded,not visible from Ireland; visible from the Mediterranean,below the Irish horizon throughout the umbral phase
0491-08-05,491,,lunar,partial umbral,0.9138,-,borrowed-if-recorded,not visible from Ireland; visible from the Mediterranean,below the Irish horizon throughout the umbral phase
0492-01-15,492,3,solar,partial,0.542,Iona,blind,,UT 14:36 at Armagh
0492-01-30,492,4,lunar,total,1.418,Iona,blind,,"Moon 5.4 deg up, 0.04 of umbral phase in a dark sky"
0493-01-18,493,,lunar,partial umbral,0.1518,-,borrowed-if-recorded,not visible from Ireland; visible from the Mediterranean,below the Irish horizon throughout the umbral phase
0493-07-15,493,4,lunar,partial umbral,0.131,Clonmacnoise,blind,,"Moon 13.1 deg up, 1.0 of umbral phase in a dark sky"
0494-06-05,494,0,lunar,partial umbral,0.142,Clonmacnoise,blind,,"Moon 13.9 deg up, 1.0 of umbral phase in a dark sky"
0494-11-28,494,1,lunar,partial umbral,0.8,Iona,blind,,"Moon 13.2 deg up, 0.4 of umbral phase in a dark sky"
0495-05-25,495,4,lunar,total,1.51,Clonmacnoise,blind,,"Moon 13.5 deg up, 0.48 of umbral phase in a dark sky"
0495-11-18,495,6,lunar,total,1.734,Clonmacnoise,local-if-recorded,"above the Irish horizon, below the Mediterranean one","Moon 13.5 deg up, 0.32 of umbral phase in a dark sky"
0496-05-13,496,1,lunar,partial umbral,0.765,Clonmacnoise,blind,,"Moon 7.8 deg up, 0.2 of umbral phase in a dark sky"
0496-11-06,496,3,lunar,partial umbral,0.423,Clonmacnoise,blind,,"Moon 50.9 deg up, 1.0 of umbral phase in a dark sky"
0498-03-23,498,1,lunar,partial umbral,0.849,Armagh,blind,,"Moon 7.0 deg up, 0.12 of umbral phase in a dark sky"
0500-03-02,500,4,lunar,partial umbral,0.202,Clonmacnoise,blind,,"Moon 40.7 deg up, 1.0 of umbral phase in a dark sky"
0500-08-25,500,5,lunar,partial umbral,0.476,Clonmacnoise,blind,,"Moon 26.0 deg up, 1.0 of umbral phase in a dark sky"
0502-01-24,502,4,solar,partial,0.664,Iona,blind,,UT 16:41 at Armagh
0502-07-06,502,6,lunar,total,1.21,Clonmacnoise,blind,,"Moon 12.6 deg up, 1.0 of umbral phase in a dark sky"
0502-12-29,502,,lunar,total,1.6522,-,borrowed-if-recorded,not visible from Ireland; visible from the Mediterranean,below the Irish horizon throughout the umbral phase
0503-12-19,503,5,lunar,partial umbral,0.443,Clonmacnoise,blind,,"Moon 57.7 deg up, 1.0 of umbral phase in a dark sky"
0505-05-04,505,3,lunar,partial umbral,0.297,Clonmacnoise,blind,,"Moon 18.9 deg up, 1.0 of umbral phase in a dark sky"
0505-10-28,505,5,lunar,partial umbral,0.701,Armagh,blind,,"Moon 34.3 deg up, 1.0 of umbral phase in a dark sky"
0506-10-18,506,3,lunar,total,1.69,Clonmacnoise,blind,,"Moon 46.3 deg up, 1.0 of umbral phase in a dark sky"
0507-03-29,507,4,solar,deep partial,0.934,Clonmacnoise,totality-in-ireland,umbral track 6.0 km from the island,UT 13:34 at Armagh
0507-04-13,507,5,lunar,partial umbral,0.636,Clonmacnoise,blind,,"Moon 27.5 deg up, 1.0 of umbral phase in a dark sky"
0507-10-07,507,0,lunar,partial umbral,0.391,Clonmacnoise,blind,,"Moon 41.4 deg up, 1.0 of umbral phase in a dark sky"
0509-02-20,509,5,lunar,partial umbral,0.885,Clonmacnoise,blind,,"Moon 34.1 deg up, 1.0 of umbral phase in a dark sky"
0509-08-16,509,0,lunar,partial umbral,0.814,Clonmacnoise,blind,,"Moon 22.9 deg up, 1.0 of umbral phase in a dark sky"
0509-08-31,509,1,solar,partial,0.552,Iona,blind,,UT 08:26 at Armagh
0510-02-10,510,3,lunar,total,1.465,Clonmacnoise,blind,,"Moon 50.2 deg up, 1.0 of umbral phase in a dark sky"
0510-08-05,510,,lunar,total,1.6259,-,borrowed-if-recorded,not visible from Ireland; visible from the Mediterranean,below the Irish horizon throughout the umbral phase
0511-01-30,511,0,lunar,partial umbral,0.19,Clonmacnoise,blind,,"Moon 52.4 deg up, 1.0 of umbral phase in a dark sky"
0512-12-09,512,0,lunar,partial umbral,0.8,Clonmacnoise,blind,,"Moon 58.9 deg up, 1.0 of umbral phase in a dark sky"
0513-11-28,513,4,lunar,total,1.739,Iona,blind,,"Moon 21.0 deg up, 0.6 of umbral phase in a dark sky"
0514-11-02,514,0,solar,partial,0.509,Clonmacnoise,blind,,UT 16:29 at Armagh
0514-11-18,514,2,lunar,partial umbral,0.427,Clonmacnoise,blind,,"Moon 24.4 deg up, 0.92 of umbral phase in a dark sky"
0516-04-03,516,0,lunar,partial umbral,0.754,Clonmacnoise,blind,,"Moon 31.0 deg up, 1.0 of umbral phase in a dark sky"
0516-09-26,516,1,lunar,partial umbral,0.451,Armagh,blind,,"Moon 22.4 deg up, 0.84 of umbral phase in a dark sky"
0517-03-23,517,4,lunar,total,1.708,Armagh,blind,,"Moon 12.1 deg up, 0.28 of umbral phase in a dark sky"
0517-09-16,517,6,lunar,total,1.834,Clonmacnoise,blind,,"Moon 34.4 deg up, 1.0 of umbral phase in a dark sky"
0518-03-13,518,2,lunar,partial umbral,0.274,Clonmacnoise,local-if-recorded,"above the Irish horizon, below the Mediterranean one","Moon 7.2 deg up, 0.2 of umbral phase in a dark sky"
0520-01-20,520,1,lunar,partial umbral,0.678,Iona,blind,,"Moon 22.4 deg up, 0.72 of umbral phase in a dark sky"
0521-01-09,521,6,lunar,total,1.667,Clonmacnoise,blind,,"Moon 58.0 deg up, 1.0 of umbral phase in a dark sky"
0521-07-05,521,,lunar,total,1.2241,-,borrowed-if-recorded,not visible from Ireland; visible from the Mediterranean,below the Irish horizon throughout the umbral phase
0523-11-09,523,4,lunar,partial umbral,0.68,Clonmacnoise,blind,,"Moon 45.5 deg up, 1.0 of umbral phase in a dark sky"
0524-05-03,524,,lunar,total,1.6641,-,borrowed-if-recorded,not visible from Ireland; visible from the Mediterranean,below the Irish horizon throughout the umbral phase
0527-03-04,527,4,lunar,partial umbral,0.816,Clonmacnoise,blind,,"Moon 36.1 deg up, 1.0 of umbral phase in a dark sky"
0527-09-11,527,6,solar,partial,0.764,Clonmacnoise,blind,,UT 17:47 at Armagh
0528-02-21,528,1,lunar,total,1.528,Clonmacnoise,blind,,"Moon 21.6 deg up, 0.48 of umbral phase in a dark sky"
0528-08-16,528,3,lunar,total,1.726,Clonmacnoise,blind,,"Moon 22.3 deg up, 1.0 of umbral phase in a dark sky"
0529-02-09,529,5,lunar,partial umbral,0.241,Clonmacnoise,blind,,"Moon 20.9 deg up, 0.88 of umbral phase in a dark sky"
0531-06-15,531,,lunar,total,1.1824,-,borrowed-if-recorded,not visible from Ireland; visible from the Mediterranean,below the Irish horizon throughout the umbral phase
0531-06-30,531,1,solar,partial,0.59,Iona,blind,,UT 07:25 at Armagh
0531-12-10,531,3,lunar,total,1.742,Clonmacnoise,blind,,"Moon 59.5 deg up, 1.0 of umbral phase in a dark sky"
0532-06-03,532,,lunar,total,1.0807,-,borrowed-if-recorded,not visible from Ireland; visible from the Mediterranean,below the Irish horizon throughout the umbral phase
0532-11-28,532,,lunar,partial umbral,0.4272,-,borrowed-if-recorded,not visible from Ireland; visible from the Mediterranean,below the Irish horizon throughout the umbral phase
0534-04-29,534,6,solar,partial,0.514,Bangor,blind,,UT 06:23 at Armagh
0534-10-08,534,0,lunar,partial umbral,0.394,Clonmacnoise,blind,,"Moon 37.4 deg up, 1.0 of umbral phase in a dark sky"
0535-04-04,535,3,lunar,total,1.806,Clonmacnoise,blind,,"Moon 30.3 deg up, 1.0 of umbral phase in a dark sky"
0535-09-27,535,4,lunar,total,1.772,Clonmacnoise,blind,,"Moon 15.8 deg up, 0.36 of umbral phase in a dark sky"
0536-09-01,536,1,solar,deep partial,0.946,Armagh,totality-in-ireland,umbral track 9.0 km from the island,UT 12:44 at Armagh
0536-09-15,536,,lunar,partial umbral,0.6364,-,borrowed-if-recorded,not visible from Ireland; visible from the Mediterranean,below the Irish horizon throughout the umbral phase
0538-01-31,538,0,lunar,partial umbral,0.647,Clonmacnoise,blind,,"Moon 54.0 deg up, 1.0 of umbral phase in a dark sky"
0538-02-15,538,1,solar,partial,0.666,Clonmacnoise,blind,,UT 08:15 at Armagh
0539-01-20,539,4,lunar,total,1.69,Clonmacnoise,blind,,"Moon 23.3 deg up, 0.56 of umbral phase in a dark sky"
0539-07-17,539,0,lunar,total,1.363,Clonmacnoise,blind,,"Moon 14.9 deg up, 1.0 of umbral phase in a dark sky"
0540-01-09,540,1,lunar,partial umbral,0.469,Armagh,blind,,"Moon 38.7 deg up, 1.0 of umbral phase in a dark sky"
0540-06-20,540,3,solar,partial,0.544,Clonmacnoise,blind,,UT 07:52 at Armagh
0541-12-03,541,2,solar,partial,0.563,Clonmacnoise,blind,,UT 12:14 at Armagh
0542-05-15,542,4,lunar,total,1.534,Clonmacnoise,blind,,"Moon 16.7 deg up, 1.0 of umbral phase in a dark sky"
0542-11-08,542,6,lunar,total,1.738,Iona,blind,,"Moon 19.0 deg up, 0.44 of umbral phase in a dark sky"
0543-05-04,543,,lunar,partial umbral,0.8771,-,borrowed-if-recorded,not visible from Ireland; visible from the Mediterranean,below the Irish horizon throughout the umbral phase
0543-10-28,543,3,lunar,partial umbral,0.468,Iona,blind,,"Moon 5.4 deg up, 0.08 of umbral phase in a dark sky"
0545-09-06,545,,lunar,partial umbral,0.6486,-,borrowed-if-recorded,not visible from Ireland; visible from the Mediterranean,below the Irish horizon throughout the umbral phase
0547-08-17,547,6,lunar,partial umbral,0.449,Clonmacnoise,blind,,"Moon 21.9 deg up, 1.0 of umbral phase in a dark sky"
0548-12-30,548,3,lunar,partial umbral,0.793,Armagh,blind,,"Moon 34.3 deg up, 1.0 of umbral phase in a dark sky"
0549-06-26,549,6,lunar,total,1.022,Clonmacnoise,blind,,"Moon 12.8 deg up, 0.72 of umbral phase in a dark sky"
0549-07-10,549,6,solar,partial,0.694,Iona,blind,,UT 16:51 at Armagh
0550-06-15,550,3,lunar,total,1.239,Clonmacnoise,blind,,"Moon 12.2 deg up, 1.0 of umbral phase in a dark sky"
0550-11-24,550,4,solar,partial,0.637,Bangor,blind,,UT 08:19 at Armagh
0550-12-10,550,6,lunar,partial umbral,0.425,Clonmacnoise,blind,,"Moon 60.5 deg up, 1.0 of umbral phase in a dark sky"
0552-04-24,552,,lunar,partial umbral,0.5333,-,borrowed-if-recorded,not visible from Ireland; visible from the Mediterranean,below the Irish horizon throughout the umbral phase
0552-05-09,552,4,solar,partial,0.787,Iona,blind,,UT 14:14 at Armagh
0553-10-07,553,,lunar,total,1.7212,-,borrowed-if-recorded,not visible from Ireland; visible from the Mediterranean,below the Irish horizon throughout the umbral phase
0554-04-03,554,5,lunar,partial umbral,0.458,Clonmacnoise,blind,,"Moon 26.1 deg up, 1.0 of umbral phase in a dark sky"
0554-09-27,554,0,lunar,partial umbral,0.697,Clonmacnoise,blind,,"Moon 38.6 deg up, 1.0 of umbral phase in a dark sky"
0556-08-07,556,1,lunar,partial umbral,0.824,Clonmacnoise,blind,,"Moon 19.6 deg up, 1.0 of umbral phase in a dark sky"
0557-01-30,557,2,lunar,total,1.724,Iona,blind,,"Moon 4.8 deg up, 0.04 of umbral phase in a dark sky"
0558-01-20,558,0,lunar,partial umbral,0.49,Clonmacnoise,blind,,"Moon 41.5 deg up, 1.0 of umbral phase in a dark sky"
0559-11-30,559,0,lunar,partial umbral,0.656,Clonmacnoise,blind,,"Moon 51.1 deg up, 1.0 of umbral phase in a dark sky"
0560-11-19,560,5,lunar,total,1.751,Clonmacnoise,blind,,"Moon 56.5 deg up, 1.0 of umbral phase in a dark sky"
0561-04-30,561,6,solar,partial,0.853,Iona,blind,,UT 08:15 at Armagh
0561-05-15,561,0,lunar,total,1.006,Clonmacnoise,blind,,"Moon 17.1 deg up, 1.0 of umbral phase in a dark sky"
0561-11-08,561,2,lunar,partial umbral,0.494,Clonmacnoise,blind,,"Moon 53.0 deg up, 1.0 of umbral phase in a dark sky"
0563-03-25,563,0,lunar,partial umbral,0.634,Armagh,blind,,"Moon 13.9 deg up, 0.4 of umbral phase in a dark sky"
0563-09-18,563,2,lunar,partial umbral,0.584,Clonmacnoise,blind,,"Moon 35.3 deg up, 1.0 of umbral phase in a dark sky"
0563-10-03,563,3,solar,partial,0.775,Iona,blind,,UT 06:57 at Armagh
0564-03-13,564,4,lunar,total,1.694,Clonmacnoise,blind,,"Moon 35.9 deg up, 1.0 of umbral phase in a dark sky"
0564-09-06,564,,lunar,total,1.8845,-,borrowed-if-recorded,not visible from Ireland; visible from the Mediterranean,below the Irish horizon throughout the umbral phase
0565-02-16,565,1,solar,partial,0.87,Clonmacnoise,local-if-recorded,"deep over Ireland, shallow in the Mediterranean",UT 17:21 at Armagh
0565-03-02,565,1,lunar,partial umbral,0.382,Clonmacnoise,blind,,"Moon 37.2 deg up, 1.0 of umbral phase in a dark sky"
0567-01-11,567,2,lunar,partial umbral,0.783,Clonmacnoise,blind,,"Moon 50.8 deg up, 1.0 of umbral phase in a dark sky"
0567-12-31,567,6,lunar,total,1.75,Armagh,blind,,"Moon 42.1 deg up, 1.0 of umbral phase in a dark sky"
0568-12-20,568,4,lunar,partial umbral,0.423,Iona,local-if-recorded,"above the Irish horizon, below the Mediterranean one","Moon 12.9 deg up, 0.44 of umbral phase in a dark sky"
0570-05-06,570,2,lunar,partial umbral,0.41,Clonmacnoise,blind,,"Moon 19.9 deg up, 1.0 of umbral phase in a dark sky"
0570-10-29,570,3,lunar,partial umbral,0.322,Armagh,blind,,"Moon 26.0 deg up, 1.0 of umbral phase in a dark sky"
0571-04-25,571,,lunar,total,1.7298,-,borrowed-if-recorded,not visible from Ireland; visible from the Mediterranean,below the Irish horizon throughout the umbral phase
0571-10-18,571,0,lunar,total,1.684,Clonmacnoise,blind,,"Moon 47.2 deg up, 1.0 of umbral phase in a dark sky"
0572-04-14,572,4,lunar,partial umbral,0.569,Clonmacnoise,blind,,"Moon 12.5 deg up, 0.4 of umbral phase in a dark sky"
0574-02-21,574,3,lunar,partial umbral,0.551,Iona,blind,,"Moon 7.8 deg up, 0.16 of umbral phase in a dark sky"
0575-02-11,575,1,lunar,total,1.767,Clonmacnoise,blind,,"Moon 49.5 deg up, 1.0 of umbral phase in a dark sky"
0577-12-11,577,6,lunar,partial umbral,0.646,Clonmacnoise,blind,,"Moon 39.5 deg up, 1.0 of umbral phase in a dark sky"
0578-11-30,578,3,lunar,total,1.76,Iona,local-if-recorded,"above the Irish horizon, below the Mediterranean one","Moon 9.3 deg up, 0.16 of umbral phase in a dark sky"
0579-11-19,579,0,lunar,partial umbral,0.51,Iona,local-if-recorded,"above the Irish horizon, below the Mediterranean one","Moon 9.4 deg up, 0.24 of umbral phase in a dark sky"
0581-04-05,581,6,lunar,partial umbral,0.523,Clonmacnoise,blind,,"Moon 28.3 deg up, 1.0 of umbral phase in a dark sky"
0581-10-13,581,1,solar,partial,0.582,Clonmacnoise,blind,,UT 16:52 at Armagh
0582-03-25,582,3,lunar,total,1.797,Clonmacnoise,blind,,"Moon 27.1 deg up, 0.72 of umbral phase in a dark sky"
0582-09-18,582,5,lunar,total,1.815,Clonmacnoise,blind,,"Moon 34.7 deg up, 1.0 of umbral phase in a dark sky"
0583-03-14,583,0,lunar,partial umbral,0.471,Clonmacnoise,blind,,"Moon 26.4 deg up, 0.92 of umbral phase in a dark sky"
0583-09-07,583,,lunar,partial umbral,0.6071,-,borrowed-if-recorded,not visible from Ireland; visible from the Mediterranean,below the Irish horizon throughout the umbral phase
0585-08-01,585,3,solar,deep partial,0.935,Iona,blind,,UT 06:03 at Armagh
0586-01-11,586,5,lunar,total,1.762,Clonmacnoise,blind,,"Moon 50.1 deg up, 1.0 of umbral phase in a dark sky"
0586-12-31,586,2,lunar,partial umbral,0.425,Iona,blind,,"Moon 14.8 deg up, 0.52 of umbral phase in a dark sky"
0587-06-26,587,4,lunar,partial umbral,0.196,Clonmacnoise,blind,,"Moon 11.5 deg up, 1.0 of umbral phase in a dark sky"
0588-11-09,588,2,lunar,partial umbral,0.299,Clonmacnoise,blind,,"Moon 48.8 deg up, 1.0 of umbral phase in a dark sky"
0589-05-06,589,5,lunar,total,1.601,Clonmacnoise,blind,,"Moon 19.2 deg up, 1.0 of umbral phase in a dark sky"
0589-10-29,589,6,lunar,total,1.659,Clonmacnoise,blind,,"Moon 20.9 deg up, 0.52 of umbral phase in a dark sky"
0590-10-04,590,3,solar,partial,0.719,Iona,blind,,UT 10:30 at Armagh
0590-10-18,590,3,lunar,partial umbral,0.783,Armagh,blind,,"Moon 21.0 deg up, 0.6 of umbral phase in a dark sky"
0592-03-04,592,2,lunar,partial umbral,0.483,Clonmacnoise,blind,,"Moon 42.3 deg up, 1.0 of umbral phase in a dark sky"
0592-03-19,592,3,solar,partial,0.573,Bangor,blind,,UT 09:00 at Armagh
0593-02-21,593,6,lunar,total,1.822,Clonmacnoise,local-if-recorded,"above the Irish horizon, below the Mediterranean one","Moon 9.6 deg up, 0.16 of umbral phase in a dark sky"
0593-08-17,593,1,lunar,total,1.733,Clonmacnoise,blind,,"Moon 22.6 deg up, 0.8 of umbral phase in a dark sky"
0594-02-10,594,3,lunar,partial umbral,0.564,Clonmacnoise,blind,,"Moon 44.2 deg up, 1.0 of umbral phase in a dark sky"
0594-07-23,594,5,solar,central,1.061,Bangor,totality-in-ireland,umbral track 18.0 km from the island,UT 06:11 at Armagh
0594-08-07,594,6,lunar,partial umbral,0.34,Clonmacnoise,blind,,"Moon 20.2 deg up, 1.0 of umbral phase in a dark sky"
0595-12-22,595,,lunar,partial umbral,0.6374,-,borrowed-if-recorded,not visible from Ireland; visible from the Mediterranean,below the Irish horizon throughout the umbral phase
0596-01-05,596,4,solar,partial,0.761,Bangor,blind,,UT 14:46 at Armagh
0596-06-16,596,6,lunar,total,1.129,Clonmacnoise,blind,,"Moon 11.9 deg up, 0.96 of umbral phase in a dark sky"
0596-12-10,596,1,lunar,total,1.769,Iona,blind,,"Moon 25.4 deg up, 0.68 of umbral phase in a dark sky"
0597-11-29,597,5,lunar,partial umbral,0.524,Iona,blind,,"Moon 12.0 deg up, 0.36 of umbral phase in a dark sky"
0599-10-09,599,5,lunar,partial umbral,0.493,Iona,blind,,"Moon 7.8 deg up, 0.12 of umbral phase in a dark sky"
0601-09-18,601,1,lunar,partial umbral,0.669,Clonmacnoise,blind,,"Moon 34.4 deg up, 1.0 of umbral phase in a dark sky"
0603-02-01,603,5,lunar,partial umbral,0.741,Clonmacnoise,blind,,"Moon 44.3 deg up, 1.0 of umbral phase in a dark sky"
0603-07-28,603,,lunar,partial umbral,0.5719,-,borrowed-if-recorded,not visible from Ireland; visible from the Mediterranean,below the Irish horizon throughout the umbral phase
0603-08-12,603,1,solar,deep partial,0.922,Clonmacnoise,blind,,UT 15:30 at Armagh
0604-07-16,604,4,lunar,total,1.687,Clonmacnoise,blind,,"Moon 12.1 deg up, 0.4 of umbral phase in a dark sky"
0604-12-26,604,6,solar,partial,0.641,Clonmacnoise,blind,,UT 10:28 at Armagh
0605-01-11,605,1,lunar,partial umbral,0.433,Clonmacnoise,blind,,"Moon 58.6 deg up, 1.0 of umbral phase in a dark sky"
0607-11-09,607,4,lunar,total,1.642,Iona,blind,,"Moon 5.2 deg up, 0.04 of umbral phase in a dark sky"
0608-05-05,608,0,lunar,partial umbral,0.823,Clonmacnoise,blind,,"Moon 4.2 deg up, 0.04 of umbral phase in a dark sky"
0608-10-29,608,2,lunar,partial umbral,0.81,Clonmacnoise,blind,,"Moon 48.5 deg up, 1.0 of umbral phase in a dark sky"
0610-03-30,610,1,solar,partial,0.656,Iona,blind,,UT 18:29 at Armagh
0610-09-08,610,2,lunar,partial umbral,0.521,Clonmacnoise,blind,,"Moon 29.5 deg up, 1.0 of umbral phase in a dark sky"
0611-03-04,611,,lunar,total,1.8395,-,borrowed-if-recorded,not visible from Ireland; visible from the Mediterranean,below the Irish horizon throughout the umbral phase
0611-08-29,611,0,lunar,total,1.835,Clonmacnoise,blind,,"Moon 19.0 deg up, 0.52 of umbral phase in a dark sky"
0612-02-22,612,2,lunar,partial umbral,0.619,Clonmacnoise,blind,,"Moon 21.5 deg up, 0.72 of umbral phase in a dark sky"
0612-08-02,612,3,solar,partial,0.784,Clonmacnoise,blind,,UT 15:28 at Armagh
0612-08-17,612,4,lunar,partial umbral,0.46,Clonmacnoise,local-if-recorded,"above the Irish horizon, below the Mediterranean one","Moon 6.9 deg up, 0.12 of umbral phase in a dark sky"
0614-01-01,614,2,lunar,partial umbral,0.624,Clonmacnoise,blind,,"Moon 58.0 deg up, 1.0 of umbral phase in a dark sky"
0614-12-22,614,0,lunar,total,1.778,Clonmacnoise,blind,,"Moon 60.0 deg up, 1.0 of umbral phase in a dark sky"
0615-06-02,615,1,solar,partial,0.583,Iona,blind,,UT 03:55 at Armagh
0615-06-17,615,2,lunar,total,1.414,Clonmacnoise,blind,,"Moon 12.6 deg up, 0.92 of umbral phase in a dark sky"
0615-12-11,615,4,lunar,partial umbral,0.536,Clonmacnoise,blind,,"Moon 59.1 deg up, 1.0 of umbral phase in a dark sky"
0616-05-21,616.0,5.0,solar,partial,0.1244,-,borrowed-if-recorded,"deep in the Mediterranean, effectively invisible from Ireland","Mediterranean magnitude high, Irish magnitude below 0.20"
0617-04-26,617,,lunar,partial umbral,0.2659,-,borrowed-if-recorded,not visible from Ireland; visible from the Mediterranean,below the Irish horizon throughout the umbral phase
0617-10-20,617,4,lunar,partial umbral,0.463,Clonmacnoise,blind,,"Moon 47.7 deg up, 1.0 of umbral phase in a dark sky"
0618-04-15,618,6,lunar,total,1.613,Armagh,blind,,"Moon 6.3 deg up, 0.08 of umbral phase in a dark sky"
0618-10-09,618,1,lunar,total,1.714,Armagh,blind,,"Moon 17.1 deg up, 0.4 of umbral phase in a dark sky"
0619-03-21,619,3,solar,partial,0.871,Iona,local-if-recorded,"deep over Ireland, shallow in the Mediterranean",UT 17:43 at Armagh
0619-04-04,619,3,lunar,partial umbral,0.691,Armagh,blind,,"Moon 12.6 deg up, 0.32 of umbral phase in a dark sky"
0621-02-12,621,4,lunar,partial umbral,0.704,Clonmacnoise,blind,,"Moon 28.6 deg up, 1.0 of umbral phase in a dark sky"
0621-08-08,621,6,lunar,partial umbral,0.442,Clonmacnoise,blind,,"Moon 20.8 deg up, 1.0 of umbral phase in a dark sky"
0622-02-01,622,1,lunar,total,1.809,Clonmacnoise,blind,,"Moon 49.2 deg up, 1.0 of umbral phase in a dark sky"
0622-07-28,622,3,lunar,total,1.822,Clonmacnoise,blind,,"Moon 13.5 deg up, 0.44 of umbral phase in a dark sky"
0624-06-07,624,4,lunar,partial umbral,0.012,Clonmacnoise,blind,,"Moon 13.6 deg up, 1.0 of umbral phase in a dark sky"
0624-11-30,624,5,lunar,partial umbral,0.279,Armagh,blind,,"Moon 33.0 deg up, 1.0 of umbral phase in a dark sky"
0625-11-20,625,3,lunar,total,1.633,Clonmacnoise,blind,,"Moon 56.8 deg up, 1.0 of umbral phase in a dark sky"
0626-05-17,626,6,lunar,partial umbral,0.962,Clonmacnoise,blind,,"Moon 16.0 deg up, 0.92 of umbral phase in a dark sky"
0628-09-19,628,1,lunar,partial umbral,0.444,Clonmacnoise,local-if-recorded,"above the Irish horizon, below the Mediterranean one","Moon 11.2 deg up, 0.36 of umbral phase in a dark sky"
0629-03-15,629,3,lunar,total,1.766,Clonmacnoise,blind,,"Moon 37.2 deg up, 1.0 of umbral phase in a dark sky"
0632-01-13,632,1,lunar,partial umbral,0.605,Clonmacnoise,blind,,"Moon 28.1 deg up, 0.92 of umbral phase in a dark sky"
0633-01-01,633,5,lunar,total,1.792,Iona,local-if-recorded,"above the Irish horizon, below the Mediterranean one","Moon 9.2 deg up, 0.16 of umbral phase in a dark sky"
0633-12-21,633,2,lunar,partial umbral,0.549,Iona,local-if-recorded,"above the Irish horizon, below the Mediterranean one","Moon 12.0 deg up, 0.36 of umbral phase in a dark sky"
0634-06-01,634,3,solar,partial,0.811,Clonmacnoise,blind,,UT 14:13 at Armagh
0634-06-17,634,5,lunar,partial umbral,0.149,Clonmacnoise,blind,,"Moon 13.1 deg up, 1.0 of umbral phase in a dark sky"
0635-05-08,635,1,lunar,partial umbral,0.122,Clonmacnoise,blind,,"Moon 17.3 deg up, 1.0 of umbral phase in a dark sky"
0636-04-26,636,5,lunar,total,1.475,Clonmacnoise,blind,,"Moon 21.6 deg up, 1.0 of umbral phase in a dark sky"
0636-10-20,636,0,lunar,total,1.68,Clonmacnoise,blind,,"Moon 47.0 deg up, 1.0 of umbral phase in a dark sky"
0637-04-15,637,2,lunar,partial umbral,0.818,Clonmacnoise,blind,,"Moon 26.1 deg up, 1.0 of umbral phase in a dark sky"
0637-10-09,637,,lunar,partial umbral,0.7558,-,borrowed-if-recorded,not visible from Ireland; visible from the Mediterranean,below the Irish horizon throughout the umbral phase
0639-09-03,639,5,solar,deep partial,0.979,Armagh,blind,,UT 05:44 at Armagh
0640-02-13,640,0,lunar,total,1.849,Clonmacnoise,blind,,"Moon 29.5 deg up, 0.76 of umbral phase in a dark sky"
0641-02-01,641,4,lunar,partial umbral,0.472,Iona,blind,,"Moon 18.2 deg up, 0.64 of umbral phase in a dark sky"
0641-07-27,641,5,lunar,partial umbral,0.598,Clonmacnoise,blind,,"Moon 14.6 deg up, 0.76 of umbral phase in a dark sky"
0642-12-12,642,4,lunar,partial umbral,0.274,Clonmacnoise,blind,,"Moon 51.9 deg up, 1.0 of umbral phase in a dark sky"
0643-06-08,643,0,lunar,total,1.181,Clonmacnoise,blind,,"Moon 13.0 deg up, 0.88 of umbral phase in a dark sky"
0643-12-01,643,1,lunar,total,1.629,Clonmacnoise,local-if-recorded,"above the Irish horizon, below the Mediterranean one","Moon 15.0 deg up, 0.36 of umbral phase in a dark sky"
0644-11-05,644,5,solar,partial,0.767,Iona,blind,,UT 09:58 at Armagh
0644-11-19,644,5,lunar,partial umbral,0.841,Armagh,blind,,"Moon 46.4 deg up, 1.0 of umbral phase in a dark sky"
0646-04-06,646,4,lunar,partial umbral,0.212,Clonmacnoise,blind,,"Moon 28.4 deg up, 1.0 of umbral phase in a dark sky"
0647-09-19,647,3,lunar,total,1.659,Clonmacnoise,blind,,"Moon 25.1 deg up, 0.64 of umbral phase in a dark sky"
0648-03-14,648,5,lunar,partial umbral,0.762,Clonmacnoise,blind,,"Moon 35.7 deg up, 1.0 of umbral phase in a dark sky"
0648-08-24,648,0,solar,partial,0.594,Iona,blind,,UT 05:28 at Armagh
0648-09-07,648,0,lunar,partial umbral,0.666,Clonmacnoise,blind,,"Moon 19.5 deg up, 0.56 of umbral phase in a dark sky"
0650-01-23,650,,lunar,partial umbral,0.5767,-,borrowed-if-recorded,not visible from Ireland; visible from the Mediterranean,below the Irish horizon throughout the umbral phase
0650-02-06,650,6,solar,deep partial,0.925,Iona,local-if-recorded,"deep over Ireland, shallow in the Mediterranean",UT 16:10 at Armagh
0650-07-18,650,0,lunar,partial umbral,0.74,Clonmacnoise,blind,,"Moon 11.9 deg up, 0.52 of umbral phase in a dark sky"
0651-01-12,651,3,lunar,total,1.814,Iona,blind,,"Moon 23.5 deg up, 0.6 of umbral phase in a dark sky"
0652-01-01,652,0,lunar,partial umbral,0.566,Iona,blind,,"Moon 13.4 deg up, 0.44 of umbral phase in a dark sky"
0653-11-10,653,0,lunar,partial umbral,0.432,Armagh,blind,,"Moon 34.1 deg up, 1.0 of umbral phase in a dark sky"
0655-04-12,655,0,solar,partial,0.828,Clonmacnoise,blind,,UT 07:13 at Armagh
0655-10-21,655,3,lunar,partial umbral,0.782,Clonmacnoise,blind,,"Moon 47.2 deg up, 1.0 of umbral phase in a dark sky"
0657-03-05,657,0,lunar,partial umbral,0.597,Clonmacnoise,blind,,"Moon 38.6 deg up, 1.0 of umbral phase in a dark sky"
0658-02-23,658,,lunar,total,1.857,-,borrowed-if-recorded,not visible from Ireland; visible from the Mediterranean,below the Irish horizon throughout the umbral phase
0658-08-18,658,6,lunar,total,1.648,Armagh,blind,,"Moon 5.6 deg up, 0.04 of umbral phase in a dark sky"
0659-01-28,659,1,solar,partial,0.687,Clonmacnoise,blind,,UT 13:06 at Armagh
0659-02-13,659,3,lunar,partial umbral,0.51,Clonmacnoise,blind,,"Moon 49.6 deg up, 1.0 of umbral phase in a dark sky"
0659-08-08,659,4,lunar,partial umbral,0.714,Clonmacnoise,blind,,"Moon 5.1 deg up, 0.08 of umbral phase in a dark sky"
0661-07-02,661,5,solar,deep partial,0.963,Bangor,totality-in-ireland,umbral track 15.0 km from the island,UT 04:56 at Armagh
0661-12-11,661,6,lunar,total,1.627,Iona,blind,,"Moon 21.2 deg up, 0.6 of umbral phase in a dark sky"
0662-12-01,662,4,lunar,partial umbral,0.848,Clonmacnoise,blind,,"Moon 40.2 deg up, 1.0 of umbral phase in a dark sky"
0664-05-01,664,3,solar,central,1.042,Bangor,totality-in-ireland,umbral track 20.0 km from the island,UT 17:15 at Armagh
0664-10-10,664,4,lunar,partial umbral,0.327,Clonmacnoise,blind,,"Moon 41.9 deg up, 1.0 of umbral phase in a dark sky"
0665-04-05,665,,lunar,total,1.5824,-,borrowed-if-recorded,not visible from Ireland; visible from the Mediterranean,below the Irish horizon throughout the umbral phase
0665-09-30,665,2,lunar,total,1.588,Clonmacnoise,blind,,"Moon 38.0 deg up, 1.0 of umbral phase in a dark sky"
0666-03-26,666,4,lunar,partial umbral,0.85,Clonmacnoise,local-if-recorded,"above the Irish horizon, below the Mediterranean one","Moon 7.3 deg up, 0.12 of umbral phase in a dark sky"
0666-09-04,666,5,solar,deep partial,0.93,Clonmacnoise,blind,,UT 14:55 at Armagh
0666-09-19,666,6,lunar,partial umbral,0.749,Clonmacnoise,blind,,"Moon 33.7 deg up, 1.0 of umbral phase in a dark sky"
0667-08-25,667.0,3.0,solar,partial,0.0,-,borrowed-if-recorded,"deep in the Mediterranean, effectively invisible from Ireland","Mediterranean magnitude high, Irish magnitude below 0.20"
0668-02-04,668,5,lunar,partial umbral,0.539,Clonmacnoise,blind,,"Moon 52.0 deg up, 1.0 of umbral phase in a dark sky"
0668-07-29,668,6,lunar,partial umbral,0.624,Clonmacnoise,blind,,"Moon 4.9 deg up, 0.08 of umbral phase in a dark sky"
0669-01-23,669,2,lunar,total,1.791,Clonmacnoise,blind,,"Moon 55.3 deg up, 1.0 of umbral phase in a dark sky"
0669-07-18,669,3,lunar,total,1.805,Clonmacnoise,blind,,"Moon 14.7 deg up, 0.64 of umbral phase in a dark sky"
0670-01-12,670,6,lunar,partial umbral,0.588,Clonmacnoise,blind,,"Moon 57.0 deg up, 1.0 of umbral phase in a dark sky"
0671-11-22,671,6,lunar,partial umbral,0.426,Clonmacnoise,blind,,"Moon 44.4 deg up, 1.0 of umbral phase in a dark sky"
0671-12-07,671.0,0.0,solar,partial,0.1541,-,borrowed-if-recorded,"deep in the Mediterranean, effectively invisible from Ireland","Mediterranean magnitude high, Irish magnitude below 0.20"
0672-11-10,672,3,lunar,total,1.641,Armagh,blind,,"Moon 43.0 deg up, 1.0 of umbral phase in a dark sky"
0673-04-22,673,5,solar,partial,0.512,Iona,blind,,UT 16:33 at Armagh
0673-05-06,673,,lunar,total,1.0986,-,borrowed-if-recorded,not visible from Ireland; visible from the Mediterranean,below the Irish horizon throughout the umbral phase
0675-03-17,675,6,lunar,partial umbral,0.523,Clonmacnoise,local-if-recorded,"above the Irish horizon, below the Mediterranean one","Moon 8.5 deg up, 0.2 of umbral phase in a dark sky"
0675-09-09,675,0,lunar,partial umbral,0.128,Clonmacnoise,blind,,"Moon 29.6 deg up, 1.0 of umbral phase in a dark sky"
0676-03-05,676,3,lunar,total,1.794,Clonmacnoise,blind,,"Moon 40.2 deg up, 1.0 of umbral phase in a dark sky"
0676-08-29,676,5,lunar,total,1.551,Clonmacnoise,blind,,"Moon 27.4 deg up, 1.0 of umbral phase in a dark sky"
0679-01-02,679,0,lunar,partial umbral,0.261,Armagh,blind,,"Moon 35.9 deg up, 1.0 of umbral phase in a dark sky"
0679-07-13,679,3,solar,partial,0.657,Iona,blind,,UT 12:49 at Armagh
0679-12-23,679,5,lunar,total,1.625,Clonmacnoise,blind,,"Moon 59.7 deg up, 1.0 of umbral phase in a dark sky"
0680-06-17,680,0,lunar,total,1.405,Clonmacnoise,blind,,"Moon 12.0 deg up, 0.68 of umbral phase in a dark sky"
0680-12-11,680,,lunar,partial umbral,0.8537,-,borrowed-if-recorded,not visible from Ireland; visible from the Mediterranean,below the Irish horizon throughout the umbral phase
0682-10-22,682,3,lunar,partial umbral,0.285,Clonmacnoise,local-if-recorded,"above the Irish horizon, below the Mediterranean one","Moon 15.7 deg up, 0.64 of umbral phase in a dark sky"
0683-04-17,683,5,lunar,total,1.473,Clonmacnoise,blind,,"Moon 24.6 deg up, 1.0 of umbral phase in a dark sky"
0686-02-14,686,3,lunar,partial umbral,0.489,Clonmacnoise,local-if-recorded,"above the Irish horizon, below the Mediterranean one","Moon 17.4 deg up, 0.52 of umbral phase in a dark sky"
0687-02-03,687,0,lunar,total,1.752,Clonmacnoise,local-if-recorded,"above the Irish horizon, below the Mediterranean one","Moon 7.0 deg up, 0.08 of umbral phase in a dark sky"
0687-07-30,687,2,lunar,total,1.865,Clonmacnoise,blind,,"Moon 4.9 deg up, 0.04 of umbral phase in a dark sky"
0688-01-23,688,4,lunar,partial umbral,0.621,Iona,local-if-recorded,"above the Irish horizon, below the Mediterranean one","Moon 9.5 deg up, 0.24 of umbral phase in a dark sky"
0688-07-03,688,5,solar,partial,0.744,Iona,blind,,UT 09:08 at Armagh
0688-07-18,688,6,lunar,partial umbral,0.526,Clonmacnoise,blind,,"Moon 12.4 deg up, 0.52 of umbral phase in a dark sky"
0690-05-28,690,6,lunar,total,1.014,Clonmacnoise,blind,,"Moon 8.4 deg up, 0.24 of umbral phase in a dark sky"
0690-11-22,690,2,lunar,total,1.632,Clonmacnoise,blind,,"Moon 44.4 deg up, 1.0 of umbral phase in a dark sky"
0691-05-17,691,3,lunar,total,1.249,Clonmacnoise,blind,,"Moon 16.1 deg up, 0.88 of umbral phase in a dark sky"
0691-11-11,691,6,lunar,partial umbral,0.809,Iona,blind,,"Moon 20.2 deg up, 0.64 of umbral phase in a dark sky"
0693-09-20,693,6,lunar,partial umbral,0.051,Clonmacnoise,local-if-recorded,"above the Irish horizon, below the Mediterranean one","Moon 10.6 deg up, 0.64 of umbral phase in a dark sky"
0693-10-05,693,0,solar,partial,0.793,Bangor,blind,,UT 06:43 at Armagh
0694-03-17,694,2,lunar,total,1.719,Clonmacnoise,local-if-recorded,"above the Irish horizon, below the Mediterranean one","Moon 13.2 deg up, 0.28 of umbral phase in a dark sky"
0695-03-06,695,6,lunar,partial umbral,0.622,Armagh,blind,,"Moon 9.9 deg up, 0.2 of umbral phase in a dark sky"
0695-08-29,695,0,lunar,partial umbral,0.913,Clonmacnoise,blind,,"Moon 22.9 deg up, 0.88 of umbral phase in a dark sky"
0697-01-13,697,6,lunar,partial umbral,0.248,Clonmacnoise,blind,,"Moon 47.4 deg up, 1.0 of umbral phase in a dark sky"
0697-07-09,697,1,lunar,partial umbral,0.75,Clonmacnoise,blind,,"Moon 7.9 deg up, 0.16 of umbral phase in a dark sky"
0697-07-23,697,1,solar,partial,0.568,Clonmacnoise,blind,,UT 20:26 at Armagh
0698-12-08,698,0,solar,deep partial,0.908,Clonmacnoise,totality-in-ireland,umbral track 25.0 km from the island,UT 10:37 at Armagh
0698-12-23,698,1,lunar,partial umbral,0.86,Clonmacnoise,blind,,"Moon 60.4 deg up, 1.0 of umbral phase in a dark sky"
0700-11-01,700,,lunar,partial umbral,0.2535,-,borrowed-if-recorded,not visible from Ireland; visible from the Mediterranean,below the Irish horizon throughout the umbral phase
0701-10-21,701,5,lunar,total,1.486,Armagh,blind,,"Moon 29.8 deg up, 0.76 of umbral phase in a dark sky"
0702-04-16,702,0,lunar,total,1.061,Clonmacnoise,blind,,"Moon 23.5 deg up, 1.0 of umbral phase in a dark sky"
0702-10-10,702,2,lunar,partial umbral,0.875,Armagh,blind,,"Moon 19.9 deg up, 0.48 of umbral phase in a dark sky"
0704-03-10,704,1,solar,deep partial,0.909,Iona,local-if-recorded,"deep over Ireland, shallow in the Mediterranean",UT 16:18 at Armagh
0704-08-19,704,2,lunar,partial umbral,0.419,Clonmacnoise,blind,,"Moon 14.7 deg up, 0.64 of umbral phase in a dark sky"
0705-02-13,705,5,lunar,total,1.701,Iona,blind,,"Moon 10.0 deg up, 0.2 of umbral phase in a dark sky"
0706-02-02,706,2,lunar,partial umbral,0.663,Iona,blind,,"Moon 6.0 deg up, 0.08 of umbral phase in a dark sky"
0706-07-14,706,3,solar,partial,0.813,Clonmacnoise,blind,,UT 17:49 at Armagh
0706-07-30,706,5,lunar,partial umbral,0.642,Clonmacnoise,local-if-recorded,"above the Irish horizon, below the Mediterranean one","Moon 7.9 deg up, 0.2 of umbral phase in a dark sky"
0707-12-13,707,2,lunar,partial umbral,0.422,Clonmacnoise,blind,,"Moon 56.5 deg up, 1.0 of umbral phase in a dark sky"
0708-06-08,708,5,lunar,partial umbral,0.854,Clonmacnoise,blind,,"Moon 11.4 deg up, 0.56 of umbral phase in a dark sky"
0708-12-02,708,,lunar,total,1.6253,-,borrowed-if-recorded,not visible from Ireland; visible from the Mediterranean,below the Irish horizon throughout the umbral phase
0709-05-14,709,2,solar,partial,0.791,Iona,blind,,UT 05:14 at Armagh
0709-11-22,709,5,lunar,partial umbral,0.811,Clonmacnoise,blind,,"Moon 56.6 deg up, 1.0 of umbral phase in a dark sky"
0711-04-07,711,2,lunar,partial umbral,0.342,Clonmacnoise,blind,,"Moon 25.9 deg up, 1.0 of umbral phase in a dark sky"
0712-09-19,712,1,lunar,total,1.399,Armagh,blind,,"Moon 7.6 deg up, 0.08 of umbral phase in a dark sky"
0713-03-01,713,3,solar,deep partial,0.927,Iona,blind,,UT 14:14 at Armagh
0713-03-17,713,5,lunar,partial umbral,0.698,Clonmacnoise,blind,,"Moon 37.0 deg up, 1.0 of umbral phase in a dark sky"
0713-09-09,713,6,lunar,partial umbral,0.995,Clonmacnoise,blind,,"Moon 18.5 deg up, 0.56 of umbral phase in a dark sky"
0715-07-21,715,0,lunar,partial umbral,0.614,Clonmacnoise,blind,,"Moon 11.5 deg up, 0.44 of umbral phase in a dark sky"
0716-01-13,716,1,lunar,total,1.611,Armagh,blind,,"Moon 31.5 deg up, 0.84 of umbral phase in a dark sky"
0717-01-02,717,6,lunar,partial umbral,0.871,Clonmacnoise,local-if-recorded,"above the Irish horizon, below the Mediterranean one","Moon 19.6 deg up, 0.56 of umbral phase in a dark sky"
0718-06-03,718,5,solar,partial,0.611,Clonmacnoise,blind,,UT 14:45 at Armagh
0718-11-13,718,0,lunar,partial umbral,0.23,Clonmacnoise,blind,,"Moon 54.4 deg up, 1.0 of umbral phase in a dark sky"
0719-11-02,719,4,lunar,total,1.452,Clonmacnoise,blind,,"Moon 51.1 deg up, 1.0 of umbral phase in a dark sky"
0720-10-06,720,0,solar,partial,0.851,Clonmacnoise,blind,,UT 15:53 at Armagh
0720-10-21,720,1,lunar,partial umbral,0.919,Clonmacnoise,blind,,"Moon 48.3 deg up, 1.0 of umbral phase in a dark sky"
0722-03-07,722,6,lunar,partial umbral,0.349,Clonmacnoise,blind,,"Moon 38.8 deg up, 1.0 of umbral phase in a dark sky"
0722-08-31,722,1,lunar,partial umbral,0.332,Clonmacnoise,blind,,"Moon 15.2 deg up, 0.72 of umbral phase in a dark sky"
0723-02-25,723,4,lunar,total,1.634,Clonmacnoise,blind,,"Moon 44.3 deg up, 1.0 of umbral phase in a dark sky"
0723-08-20,723,5,lunar,total,1.648,Clonmacnoise,blind,,"Moon 21.8 deg up, 0.76 of umbral phase in a dark sky"
0724-02-14,724,1,lunar,partial umbral,0.716,Clonmacnoise,blind,,"Moon 47.8 deg up, 1.0 of umbral phase in a dark sky"
0725-12-24,725,1,lunar,partial umbral,0.421,Clonmacnoise,blind,,"Moon 24.5 deg up, 1.0 of umbral phase in a dark sky"
0726-12-13,726,5,lunar,total,1.622,Clonmacnoise,blind,,"Moon 59.8 deg up, 1.0 of umbral phase in a dark sky"
0728-05-27,728,4,lunar,partial umbral,0.203,Clonmacnoise,blind,,"Moon 11.2 deg up, 0.68 of umbral phase in a dark sky"
0730-04-07,730,5,lunar,total,1.529,Clonmacnoise,blind,,"Moon 27.1 deg up, 1.0 of umbral phase in a dark sky"
0730-10-01,730,0,lunar,total,1.343,Clonmacnoise,blind,,"Moon 40.5 deg up, 1.0 of umbral phase in a dark sky"
0730-10-16,730,1,solar,partial,0.594,Iona,blind,,UT 15:25 at Armagh
0733-02-03,733,2,lunar,partial umbral,0.197,Armagh,blind,,"Moon 28.9 deg up, 1.0 of umbral phase in a dark sky"
0733-08-14,733,5,solar,deep partial,0.948,Clonmacnoise,totality-in-ireland,umbral track 18.0 km from the island,UT 08:44 at Armagh
0734-01-24,734,0,lunar,total,1.593,Clonmacnoise,blind,,"Moon 54.0 deg up, 1.0 of umbral phase in a dark sky"
0734-07-20,734,,lunar,total,1.8404,-,borrowed-if-recorded,not visible from Ireland; visible from the Mediterranean,below the Irish horizon throughout the umbral phase
0735-01-13,735,4,lunar,partial umbral,0.885,Iona,blind,,"Moon 12.3 deg up, 0.32 of umbral phase in a dark sky"
0735-07-09,735,,lunar,partial umbral,0.4227,-,borrowed-if-recorded,not visible from Ireland; visible from the Mediterranean,below the Irish horizon throughout the umbral phase
0736-11-23,736,5,lunar,partial umbral,0.214,Clonmacnoise,local-if-recorded,"above the Irish horizon, below the Mediterranean one","Moon 12.5 deg up, 0.56 of umbral phase in a dark sky"
0737-05-18,737,6,lunar,total,1.104,Clonmacnoise,blind,,"Moon 13.1 deg up, 0.52 of umbral phase in a dark sky"
0737-06-03,737,1,solar,partial,0.734,Iona,blind,,UT 06:38 at Armagh
0740-03-18,740,5,lunar,partial umbral,0.259,Clonmacnoise,local-if-recorded,"above the Irish horizon, below the Mediterranean one","Moon 12.8 deg up, 0.4 of umbral phase in a dark sky"
0741-03-07,741,2,lunar,total,1.556,Clonmacnoise,local-if-recorded,"above the Irish horizon, below the Mediterranean one","Moon 10.6 deg up, 0.16 of umbral phase in a dark sky"
0741-08-31,741,4,lunar,total,1.556,Clonmacnoise,blind,,"Moon 16.1 deg up, 0.44 of umbral phase in a dark sky"
0742-02-24,742,6,lunar,partial umbral,0.784,Clonmacnoise,local-if-recorded,"above the Irish horizon, below the Mediterranean one","Moon 9.1 deg up, 0.16 of umbral phase in a dark sky"
0742-08-20,742,1,lunar,partial umbral,0.847,Clonmacnoise,blind,,"Moon 14.9 deg up, 0.44 of umbral phase in a dark sky"
0744-01-04,744,,lunar,partial umbral,0.4129,-,borrowed-if-recorded,not visible from Ireland; visible from the Mediterranean,below the Irish horizon throughout the umbral phase
0744-12-24,744,4,lunar,total,1.617,Clonmacnoise,blind,,"Moon 26.0 deg up, 0.72 of umbral phase in a dark sky"
0745-06-04,745,5,solar,partial,0.5,Iona,blind,,UT 20:53 at Armagh
0745-06-18,745,,lunar,total,1.7119,-,borrowed-if-recorded,not visible from Ireland; visible from the Mediterranean,below the Irish horizon throughout the umbral phase
0745-12-13,745,1,lunar,partial umbral,0.81,Armagh,blind,,"Moon 37.4 deg up, 1.0 of umbral phase in a dark sky"
0748-04-18,748,4,lunar,total,1.418,Clonmacnoise,local-if-recorded,"above the Irish horizon, below the Mediterranean one","Moon 7.1 deg up, 0.12 of umbral phase in a dark sky"
0749-03-23,749.0,0.0,solar,partial,0.0,-,borrowed-if-recorded,"deep in the Mediterranean, effectively invisible from Ireland","Mediterranean magnitude high, Irish magnitude below 0.20"
0749-04-07,749,,lunar,partial umbral,0.8914,-,borrowed-if-recorded,not visible from Ireland; visible from the Mediterranean,below the Irish horizon throughout the umbral phase
0749-09-30,749,2,lunar,total,1.118,Clonmacnoise,blind,,"Moon 38.4 deg up, 1.0 of umbral phase in a dark sky"
0751-02-15,751,1,lunar,partial umbral,0.158,Clonmacnoise,blind,,"Moon 39.1 deg up, 1.0 of umbral phase in a dark sky"
0751-08-11,751,,lunar,partial umbral,0.364,-,borrowed-if-recorded,not visible from Ireland; visible from the Mediterranean,below the Irish horizon throughout the umbral phase
0752-07-31,752,1,lunar,total,1.703,Clonmacnoise,blind,,"Moon 18.3 deg up, 1.0 of umbral phase in a dark sky"
0753-01-09,753,2,solar,partial,0.865,Clonmacnoise,blind,,UT 11:17 at Armagh
0753-01-24,753,3,lunar,partial umbral,0.908,Clonmacnoise,blind,,"Moon 55.2 deg up, 1.0 of umbral phase in a dark sky"
0753-07-20,753,5,lunar,partial umbral,0.572,Clonmacnoise,blind,,"Moon 14.6 deg up, 0.88 of umbral phase in a dark sky"
0754-12-04,754,3,lunar,partial umbral,0.201,Iona,blind,,"Moon 5.6 deg up, 0.12 of umbral phase in a dark sky"
0755-05-30,755,5,lunar,partial umbral,0.971,Clonmacnoise,blind,,"Moon 6.2 deg up, 0.08 of umbral phase in a dark sky"
0755-11-23,755,0,lunar,total,1.409,Armagh,blind,,"Moon 36.3 deg up, 0.96 of umbral phase in a dark sky"
0756-05-18,756,2,lunar,total,1.438,Clonmacnoise,blind,,"Moon 12.6 deg up, 0.52 of umbral phase in a dark sky"
0756-11-11,756,4,lunar,partial umbral,0.977,Iona,blind,,"Moon 25.5 deg up, 0.72 of umbral phase in a dark sky"
0758-04-12,758,3,solar,partial,0.899,Clonmacnoise,blind,,UT 15:03 at Armagh
0758-09-21,758,4,lunar,partial umbral,0.194,Clonmacnoise,blind,,"Moon 26.6 deg up, 1.0 of umbral phase in a dark sky"
0759-03-18,759,,lunar,total,1.4626,-,borrowed-if-recorded,not visible from Ireland; visible from the Mediterranean,below the Irish horizon throughout the umbral phase
0760-03-06,760,,lunar,partial umbral,0.8643,-,borrowed-if-recorded,not visible from Ireland; visible from the Mediterranean,below the Irish horizon throughout the umbral phase
0760-08-15,760,5,solar,partial,0.724,Iona,blind,,UT 14:57 at Armagh
0760-08-31,760,0,lunar,partial umbral,0.933,Clonmacnoise,blind,,"Moon 24.5 deg up, 0.92 of umbral phase in a dark sky"
0762-01-15,762,5,lunar,partial umbral,0.402,Clonmacnoise,blind,,"Moon 57.6 deg up, 1.0 of umbral phase in a dark sky"
0762-07-10,762,6,lunar,partial umbral,0.38,Clonmacnoise,blind,,"Moon 12.1 deg up, 0.76 of umbral phase in a dark sky"
0763-01-04,763,2,lunar,total,1.608,Iona,blind,,"Moon 11.8 deg up, 0.28 of umbral phase in a dark sky"
0763-06-30,763,4,lunar,total,1.844,Clonmacnoise,blind,,"Moon 12.6 deg up, 0.88 of umbral phase in a dark sky"
0763-12-25,763,0,lunar,partial umbral,0.811,Clonmacnoise,blind,,"Moon 53.8 deg up, 1.0 of umbral phase in a dark sky"
0764-06-04,764,1,solar,deep partial,0.968,Clonmacnoise,totality-in-ireland,umbral track 3.0 km from the island,UT 10:52 at Armagh
0766-10-22,766,3,lunar,total,1.269,Armagh,blind,,"Moon 21.1 deg up, 0.52 of umbral phase in a dark sky"
0767-04-03,767,5,solar,partial,0.511,Iona,blind,,UT 13:43 at Armagh
0767-04-19,767,0,lunar,total,1.008,Clonmacnoise,blind,,"Moon 24.2 deg up, 1.0 of umbral phase in a dark sky"
0767-10-12,767,1,lunar,total,1.161,Clonmacnoise,blind,,"Moon 21.7 deg up, 0.6 of umbral phase in a dark sky"
0769-08-22,769,2,lunar,partial umbral,0.252,Clonmacnoise,blind,,"Moon 25.1 deg up, 1.0 of umbral phase in a dark sky"
0770-02-14,770,3,lunar,total,1.529,Armagh,blind,,"Moon 32.1 deg up, 0.88 of umbral phase in a dark sky"
0772-12-15,772,2,lunar,partial umbral,0.189,Clonmacnoise,blind,,"Moon 59.1 deg up, 1.0 of umbral phase in a dark sky"
0773-12-04,773,6,lunar,total,1.395,Clonmacnoise,blind,,"Moon 58.3 deg up, 1.0 of umbral phase in a dark sky"
0774-05-30,774,1,lunar,total,1.574,Clonmacnoise,blind,,"Moon 5.6 deg up, 0.08 of umbral phase in a dark sky"
0774-11-23,774,3,lunar,partial umbral,0.995,Clonmacnoise,blind,,"Moon 57.8 deg up, 1.0 of umbral phase in a dark sky"
0775-05-19,775,5,lunar,partial umbral,0.172,Clonmacnoise,blind,,"Moon 8.7 deg up, 0.56 of umbral phase in a dark sky"
0776-04-08,776,1,lunar,partial umbral,0.036,Armagh,blind,,"Moon 12.6 deg up, 1.0 of umbral phase in a dark sky"
0776-10-02,776,3,lunar,partial umbral,0.143,Clonmacnoise,blind,,"Moon 17.1 deg up, 1.0 of umbral phase in a dark sky"
0777-03-28,777,5,lunar,total,1.357,Clonmacnoise,blind,,"Moon 30.2 deg up, 1.0 of umbral phase in a dark sky"
0777-09-21,777,0,lunar,total,1.406,Clonmacnoise,blind,,"Moon 35.4 deg up, 1.0 of umbral phase in a dark sky"
0778-03-17,778,2,lunar,partial umbral,0.958,Clonmacnoise,blind,,"Moon 34.9 deg up, 1.0 of umbral phase in a dark sky"
0779-08-16,779,1,solar,partial,0.552,Clonmacnoise,blind,,UT 10:03 at Armagh
0781-01-15,781,1,lunar,total,1.593,Clonmacnoise,blind,,"Moon 56.9 deg up, 1.0 of umbral phase in a dark sky"
0782-06-15,782,6,solar,partial,0.638,Clonmacnoise,blind,,UT 18:51 at Armagh
0782-06-29,782,,lunar,partial umbral,0.6375,-,borrowed-if-recorded,not visible from Ireland; visible from the Mediterranean,below the Irish horizon throughout the umbral phase
0784-05-09,784,0,lunar,total,1.164,Clonmacnoise,blind,,"Moon 12.8 deg up, 0.48 of umbral phase in a dark sky"
0784-11-02,784,2,lunar,total,1.249,Clonmacnoise,blind,,"Moon 52.4 deg up, 1.0 of umbral phase in a dark sky"
0785-10-22,785,,lunar,total,1.1936,-,borrowed-if-recorded,not visible from Ireland; visible from the Mediterranean,below the Irish horizon throughout the umbral phase
0787-03-08,787,4,lunar,partial umbral,0.042,Armagh,blind,,"Moon 9.0 deg up, 0.64 of umbral phase in a dark sky"
0787-09-16,787,0,solar,partial,0.646,Clonmacnoise,blind,,UT 06:57 at Armagh
0788-02-26,788,2,lunar,total,1.481,Clonmacnoise,blind,,"Moon 40.4 deg up, 1.0 of umbral phase in a dark sky"
0788-08-21,788,,lunar,total,1.4553,-,borrowed-if-recorded,not visible from Ireland; visible from the Mediterranean,below the Irish horizon throughout the umbral phase
0789-02-14,789,6,lunar,partial umbral,0.983,Armagh,blind,,"Moon 19.8 deg up, 0.56 of umbral phase in a dark sky"
0789-08-10,789,,lunar,partial umbral,0.8429,-,borrowed-if-recorded,not visible from Ireland; visible from the Mediterranean,below the Irish horizon throughout the umbral phase
0790-12-26,790,0,lunar,partial umbral,0.176,Iona,local-if-recorded,"above the Irish horizon, below the Mediterranean one","Moon 5.5 deg up, 0.12 of umbral phase in a dark sky"
0791-06-20,791,,lunar,partial umbral,0.7036,-,borrowed-if-recorded,not visible from Ireland; visible from the Mediterranean,below the Irish horizon throughout the umbral phase
0795-04-09,795,4,lunar,total,1.236,Clonmacnoise,blind,,"Moon 20.8 deg up, 0.56 of umbral phase in a dark sky"
0795-10-03,795,6,lunar,total,1.349,Clonmacnoise,blind,,"Moon 20.4 deg up, 0.56 of umbral phase in a dark sky"
0796-03-28,796,1,lunar,total,1.063,Clonmacnoise,blind,,"Moon 15.2 deg up, 0.36 of umbral phase in a dark sky"
0796-09-21,796,3,lunar,total,1.072,Armagh,blind,,"Moon 24.4 deg up, 0.68 of umbral phase in a dark sky"
0798-02-05,798,1,lunar,partial umbral,0.351,Iona,blind,,"Moon 13.9 deg up, 0.52 of umbral phase in a dark sky"
0798-02-20,798,2,solar,partial,0.833,Iona,local-if-recorded,"deep over Ireland, shallow in the Mediterranean",UT 17:51 at Armagh
0800-01-15,800,3,lunar,partial umbral,0.829,Armagh,blind,,"Moon 44.7 deg up, 1.0 of umbral phase in a dark sky"
0800-07-10,800,5,lunar,partial umbral,0.774,Clonmacnoise,blind,,"Moon 13.1 deg up, 0.64 of umbral phase in a dark sky"
0802-05-21,802,6,lunar,total,1.025,Clonmacnoise,blind,,"Moon 9.4 deg up, 0.28 of umbral phase in a dark sky"
0803-11-03,803,5,lunar,total,1.216,Clonmacnoise,blind,,"Moon 52.2 deg up, 1.0 of umbral phase in a dark sky"
0805-09-12,805,,lunar,partial umbral,0.0662,-,borrowed-if-recorded,not visible from Ireland; visible from the Mediterranean,below the Irish horizon throughout the umbral phase
0806-09-01,806,2,lunar,total,1.348,Clonmacnoise,blind,,"Moon 29.7 deg up, 1.0 of umbral phase in a dark sky"
0807-02-11,807,4,solar,deep partial,0.916,Bangor,blind,,UT 10:47 at Armagh
0807-02-26,807,5,lunar,total,1.037,Clonmacnoise,blind,,"Moon 43.7 deg up, 1.0 of umbral phase in a dark sky"
0807-08-21,807,6,lunar,partial umbral,0.962,Clonmacnoise,blind,,"Moon 24.9 deg up, 1.0 of umbral phase in a dark sky"
0809-01-05,809,5,lunar,partial umbral,0.161,Iona,blind,,"Moon 11.6 deg up, 0.64 of umbral phase in a dark sky"
0809-07-01,809,0,lunar,partial umbral,0.571,Clonmacnoise,blind,,"Moon 12.4 deg up, 0.68 of umbral phase in a dark sky"
0809-07-16,809,1,solar,partial,0.84,Iona,blind,,UT 09:36 at Armagh
0809-12-25,809,2,lunar,total,1.37,Armagh,blind,,"Moon 38.0 deg up, 1.0 of umbral phase in a dark sky"
0810-06-20,810,,lunar,total,1.8467,-,borrowed-if-recorded,not visible from Ireland; visible from the Mediterranean,below the Irish horizon throughout the umbral phase
0810-11-30,810,6,solar,partial,0.876,Iona,blind,,UT 10:24 at Armagh
0810-12-14,810,6,lunar,total,1.021,Iona,blind,,"Moon 30.4 deg up, 0.88 of umbral phase in a dark sky"
0812-10-23,812,6,lunar,partial umbral,0.073,Clonmacnoise,blind,,"Moon 45.5 deg up, 1.0 of umbral phase in a dark sky"
0813-05-04,813,3,solar,partial,0.584,Iona,blind,,UT 04:34 at Armagh
0813-10-13,813,,lunar,total,1.3036,-,borrowed-if-recorded,not visible from Ireland; visible from the Mediterranean,below the Irish horizon throughout the umbral phase
0814-09-17,814,0,solar,partial,0.514,Iona,blind,,UT 13:31 at Armagh
0814-10-03,814,2,lunar,total,1.123,Clonmacnoise,blind,,"Moon 37.4 deg up, 1.0 of umbral phase in a dark sky"
0816-02-17,816,0,lunar,partial umbral,0.308,Clonmacnoise,blind,,"Moon 47.0 deg up, 1.0 of umbral phase in a dark sky"
0817-02-05,817,4,lunar,total,1.538,Armagh,blind,,"Moon 20.0 deg up, 0.52 of umbral phase in a dark sky"
0817-07-31,817,5,lunar,total,1.436,Clonmacnoise,blind,,"Moon 18.8 deg up, 0.92 of umbral phase in a dark sky"
0818-01-26,818,2,lunar,partial umbral,0.849,Clonmacnoise,blind,,"Moon 42.2 deg up, 1.0 of umbral phase in a dark sky"
0818-07-07,818,3,solar,partial,0.771,Iona,blind,,UT 05:38 at Armagh
0820-11-23,820,5,lunar,total,1.231,Armagh,blind,,"Moon 39.6 deg up, 1.0 of umbral phase in a dark sky"
0820-12-09,820,0,solar,partial,0.547,Iona,blind,,UT 08:59 at Armagh
0821-05-20,821,1,lunar,total,1.415,Clonmacnoise,blind,,"Moon 9.5 deg up, 0.24 of umbral phase in a dark sky"
0821-11-13,821,3,lunar,total,1.23,Clonmacnoise,local-if-recorded,"above the Irish horizon, below the Mediterranean one","Moon 12.4 deg up, 0.32 of umbral phase in a dark sky"
0822-11-03,822,1,lunar,partial umbral,0.022,Clonmacnoise,blind,,"Moon 51.5 deg up, 1.0 of umbral phase in a dark sky"
0824-03-18,824,5,lunar,total,1.345,Clonmacnoise,blind,,"Moon 22.2 deg up, 0.64 of umbral phase in a dark sky"
0824-09-12,824,1,lunar,total,1.255,Clonmacnoise,blind,,"Moon 17.1 deg up, 0.4 of umbral phase in a dark sky"
0824-09-26,824,1,solar,partial,0.565,Iona,blind,,UT 11:12 at Armagh
0825-09-01,825,5,lunar,total,1.069,Clonmacnoise,blind,,"Moon 13.1 deg up, 0.32 of umbral phase in a dark sky"
0827-01-17,827,4,lunar,partial umbral,0.137,Clonmacnoise,blind,,"Moon 55.6 deg up, 1.0 of umbral phase in a dark sky"
0827-07-27,827,6,solar,partial,0.579,Clonmacnoise,blind,,UT 18:10 at Armagh
0828-01-06,828,1,lunar,total,1.353,Clonmacnoise,blind,,"Moon 57.8 deg up, 1.0 of umbral phase in a dark sky"
0828-07-01,828,3,lunar,total,1.811,Clonmacnoise,blind,,"Moon 11.6 deg up, 0.48 of umbral phase in a dark sky"
0828-12-25,828,5,lunar,total,1.034,Clonmacnoise,blind,,"Moon 60.1 deg up, 1.0 of umbral phase in a dark sky"
0829-06-20,829,,lunar,partial umbral,0.5686,-,borrowed-if-recorded,not visible from Ireland; visible from the Mediterranean,below the Irish horizon throughout the umbral phase
0829-11-30,829.0,2.0,solar,partial,0.0,-,borrowed-if-recorded,"deep in the Mediterranean, effectively invisible from Ireland","Mediterranean magnitude high, Irish magnitude below 0.20"
0830-11-04,830,5,lunar,partial umbral,0.054,Clonmacnoise,local-if-recorded,"above the Irish horizon, below the Mediterranean one","Moon 7.2 deg up, 0.4 of umbral phase in a dark sky"
0831-04-30,831,,lunar,partial umbral,0.9647,-,borrowed-if-recorded,not visible from Ireland; visible from the Mediterranean,below the Irish horizon throughout the umbral phase
0831-10-24,831,2,lunar,total,1.269,Clonmacnoise,blind,,"Moon 49.6 deg up, 1.0 of umbral phase in a dark sky"
0832-04-18,832,4,lunar,total,1.311,Clonmacnoise,blind,,"Moon 14.9 deg up, 0.44 of umbral phase in a dark sky"
0833-09-17,833,3,solar,partial,0.686,Clonmacnoise,blind,,UT 09:56 at Armagh
0835-02-17,835,3,lunar,total,1.494,Clonmacnoise,blind,,"Moon 47.5 deg up, 1.0 of umbral phase in a dark sky"
0835-03-03,835,3,solar,partial,0.531,Bangor,blind,,UT 07:03 at Armagh
0835-08-12,835,4,lunar,total,1.32,Clonmacnoise,local-if-recorded,"above the Irish horizon, below the Mediterranean one","Moon 6.5 deg up, 0.12 of umbral phase in a dark sky"
0836-07-17,836,1,solar,partial,0.557,Iona,blind,,UT 13:53 at Armagh
0836-07-31,836,,lunar,total,1.0291,-,borrowed-if-recorded,not visible from Ireland; visible from the Mediterranean,below the Irish horizon throughout the umbral phase
0838-06-11,838,,lunar,partial umbral,0.7356,-,borrowed-if-recorded,not visible from Ireland; visible from the Mediterranean,below the Irish horizon throughout the umbral phase
0838-12-05,838,4,lunar,total,1.23,Clonmacnoise,blind,,"Moon 53.6 deg up, 1.0 of umbral phase in a dark sky"
0839-06-01,839,0,lunar,total,1.564,Clonmacnoise,blind,,"Moon 12.9 deg up, 0.56 of umbral phase in a dark sky"
0839-11-24,839,1,lunar,total,1.24,Iona,blind,,"Moon 18.6 deg up, 0.56 of umbral phase in a dark sky"
0840-05-05,840,3,solar,partial,0.774,Clonmacnoise,blind,,UT 12:26 at Armagh
0842-03-30,842,4,lunar,total,1.259,Clonmacnoise,blind,,"Moon 28.0 deg up, 1.0 of umbral phase in a dark sky"
0843-03-19,843,1,lunar,total,1.181,Armagh,blind,,"Moon 17.4 deg up, 0.48 of umbral phase in a dark sky"
0845-07-22,845,,lunar,partial umbral,0.3241,-,borrowed-if-recorded,not visible from Ireland; visible from the Mediterranean,below the Irish horizon throughout the umbral phase
0847-07-02,847,6,lunar,partial umbral,0.699,Clonmacnoise,blind,,"Moon 11.9 deg up, 0.76 of umbral phase in a dark sky"
0848-11-14,848,,lunar,partial umbral,0.0406,-,borrowed-if-recorded,not visible from Ireland; visible from the Mediterranean,below the Irish horizon throughout the umbral phase
0849-05-11,849,6,lunar,partial umbral,0.816,Clonmacnoise,blind,,"Moon 17.7 deg up, 1.0 of umbral phase in a dark sky"
0849-05-25,849,6,solar,deep partial,0.936,Iona,local-if-recorded,"deep over Ireland, shallow in the Mediterranean",UT 20:32 at Armagh
0849-11-04,849,1,lunar,total,1.244,Clonmacnoise,local-if-recorded,"above the Irish horizon, below the Mediterranean one","Moon 14.0 deg up, 0.36 of umbral phase in a dark sky"
0850-04-30,850,3,lunar,total,1.448,Clonmacnoise,blind,,"Moon 19.6 deg up, 0.8 of umbral phase in a dark sky"
0850-10-24,850,5,lunar,total,1.191,Clonmacnoise,blind,,"Moon 40.0 deg up, 1.0 of umbral phase in a dark sky"
0852-03-09,852,3,lunar,partial umbral,0.191,Armagh,blind,,"Moon 12.6 deg up, 0.56 of umbral phase in a dark sky"
0852-03-24,852,4,solar,partial,0.857,Clonmacnoise,blind,,UT 15:16 at Armagh
0854-02-16,854,5,lunar,partial umbral,0.925,Clonmacnoise,blind,,"Moon 39.4 deg up, 1.0 of umbral phase in a dark sky"
0854-07-28,854,6,solar,partial,0.828,Iona,local-if-recorded,"deep over Ireland, shallow in the Mediterranean",UT 20:25 at Armagh
0854-08-12,854,0,lunar,total,1.143,Clonmacnoise,blind,,"Moon 22.0 deg up, 1.0 of umbral phase in a dark sky"
0856-06-22,856,1,lunar,partial umbral,0.589,Clonmacnoise,blind,,"Moon 11.6 deg up, 1.0 of umbral phase in a dark sky"
0857-12-05,857,0,lunar,total,1.245,Clonmacnoise,blind,,"Moon 59.0 deg up, 1.0 of umbral phase in a dark sky"
0858-11-24,858,4,lunar,partial umbral,0.037,Iona,blind,,"Moon 12.4 deg up, 1.0 of umbral phase in a dark sky"
0860-10-03,860,4,lunar,total,1.107,Clonmacnoise,blind,,"Moon 38.0 deg up, 1.0 of umbral phase in a dark sky"
0861-03-15,861,6,solar,partial,0.71,Iona,blind,,UT 08:28 at Armagh
0861-03-30,861,0,lunar,total,1.27,Clonmacnoise,blind,,"Moon 29.6 deg up, 1.0 of umbral phase in a dark sky"
0861-09-22,861,1,lunar,total,1.239,Clonmacnoise,blind,,"Moon 30.9 deg up, 0.88 of umbral phase in a dark sky"
0863-02-07,863,0,lunar,partial umbral,0.064,Iona,blind,,"Moon 5.1 deg up, 0.12 of umbral phase in a dark sky"
0863-08-03,863,2,lunar,partial umbral,0.212,Clonmacnoise,blind,,"Moon 19.9 deg up, 1.0 of umbral phase in a dark sky"
0863-08-18,863,3,solar,partial,0.68,Clonmacnoise,blind,,UT 05:46 at Armagh
0864-01-27,864,4,lunar,total,1.298,Armagh,blind,,"Moon 29.8 deg up, 0.76 of umbral phase in a dark sky"
0864-07-22,864,,lunar,total,1.5523,-,borrowed-if-recorded,not visible from Ireland; visible from the Mediterranean,below the Irish horizon throughout the umbral phase
0865-01-01,865,1,solar,deep partial,0.999,Armagh,totality-in-ireland,umbral track 31.0 km from the island,UT 14:03 at Armagh
0865-01-15,865,1,lunar,total,1.075,Armagh,blind,,"Moon 28.6 deg up, 0.76 of umbral phase in a dark sky"
0866-11-26,866,2,lunar,partial umbral,0.034,Clonmacnoise,blind,,"Moon 57.0 deg up, 1.0 of umbral phase in a dark sky"
0867-11-15,867,6,lunar,total,1.228,Iona,blind,,"Moon 13.8 deg up, 0.36 of umbral phase in a dark sky"
0868-10-19,868,2,solar,partial,0.636,Iona,blind,,UT 14:04 at Armagh
0868-11-04,868,4,lunar,total,1.21,Clonmacnoise,blind,,"Moon 43.3 deg up, 1.0 of umbral phase in a dark sky"
0869-04-29,869,,lunar,partial umbral,0.2472,-,borrowed-if-recorded,not visible from Ireland; visible from the Mediterranean,below the Irish horizon throughout the umbral phase
0870-03-21,870,2,lunar,partial umbral,0.113,Clonmacnoise,blind,,"Moon 29.5 deg up, 1.0 of umbral phase in a dark sky"
0871-03-10,871,6,lunar,total,1.369,Armagh,blind,,"Moon 17.1 deg up, 0.44 of umbral phase in a dark sky"
0871-09-02,871,0,lunar,total,1.122,Clonmacnoise,blind,,"Moon 25.1 deg up, 0.84 of umbral phase in a dark sky"
0872-02-28,872,4,lunar,partial umbral,0.982,Clonmacnoise,blind,,"Moon 32.7 deg up, 0.96 of umbral phase in a dark sky"
0874-12-26,874,0,lunar,total,1.228,Clonmacnoise,blind,,"Moon 53.3 deg up, 1.0 of umbral phase in a dark sky"
0875-01-11,875,2,solar,partial,0.647,Iona,blind,,UT 11:28 at Armagh
0875-06-22,875,,lunar,total,1.8153,-,borrowed-if-recorded,not visible from Ireland; visible from the Mediterranean,below the Irish horizon throughout the umbral phase
0876-06-10,876,,lunar,partial umbral,0.4395,-,borrowed-if-recorded,not visible from Ireland; visible from the Mediterranean,below the Irish horizon throughout the umbral phase
0876-12-05,876,3,lunar,partial umbral,0.038,Clonmacnoise,blind,,"Moon 53.4 deg up, 1.0 of umbral phase in a dark sky"
0878-04-20,878,0,lunar,total,1.057,Armagh,blind,,"Moon 5.2 deg up, 0.08 of umbral phase in a dark sky"
0878-10-15,878,3,lunar,total,1.054,Clonmacnoise,blind,,"Moon 37.2 deg up, 1.0 of umbral phase in a dark sky"
0878-10-29,878,3,solar,central,1.025,Armagh,totality-in-ireland,umbral track 15.0 km from the island,UT 13:14 at Armagh
0879-10-04,879,0,lunar,total,1.304,Clonmacnoise,blind,,"Moon 37.0 deg up, 1.0 of umbral phase in a dark sky"
0880-03-30,880,3,lunar,partial umbral,0.017,Clonmacnoise,blind,,"Moon 22.1 deg up, 1.0 of umbral phase in a dark sky"
0881-02-18,881,6,lunar,partial umbral,0.012,Clonmacnoise,blind,,"Moon 44.9 deg up, 1.0 of umbral phase in a dark sky"
0882-02-07,882,3,lunar,total,1.257,Clonmacnoise,blind,,"Moon 50.2 deg up, 1.0 of umbral phase in a dark sky"
0882-08-03,882,5,lunar,total,1.434,Clonmacnoise,blind,,"Moon 19.3 deg up, 1.0 of umbral phase in a dark sky"
0883-01-27,883,0,lunar,total,1.108,Clonmacnoise,blind,,"Moon 54.2 deg up, 1.0 of umbral phase in a dark sky"
0883-07-23,883,,lunar,partial umbral,0.95,-,borrowed-if-recorded,not visible from Ireland; visible from the Mediterranean,below the Irish horizon throughout the umbral phase
0885-06-16,885,3,solar,central,1.077,Iona,blind,,UT 09:47 at Armagh
0885-11-26,885,5,lunar,total,1.216,Clonmacnoise,blind,,"Moon 57.7 deg up, 1.0 of umbral phase in a dark sky"
0886-05-21,886,,lunar,total,1.7417,-,borrowed-if-recorded,not visible from Ireland; visible from the Mediterranean,below the Irish horizon throughout the umbral phase
0887-05-11,887,4,lunar,partial umbral,0.383,Clonmacnoise,blind,,"Moon 14.1 deg up, 0.88 of umbral phase in a dark sky"
0889-03-21,889,5,lunar,total,1.286,Clonmacnoise,blind,,"Moon 34.5 deg up, 1.0 of umbral phase in a dark sky"
0889-04-04,889.0,5.0,solar,partial,0.0,-,borrowed-if-recorded,"deep in the Mediterranean, effectively invisible from Ireland","Mediterranean magnitude high, Irish magnitude below 0.20"
0889-09-13,889,6,lunar,total,1.043,Clonmacnoise,blind,,"Moon 24.2 deg up, 0.76 of umbral phase in a dark sky"
0890-09-02,890,,lunar,total,1.3362,-,borrowed-if-recorded,not visible from Ireland; visible from the Mediterranean,below the Irish horizon throughout the umbral phase
0891-08-08,891,0,solar,partial,0.834,Clonmacnoise,blind,,UT 08:55 at Armagh
0893-01-06,893,6,lunar,total,1.224,Clonmacnoise,blind,,"Moon 39.8 deg up, 1.0 of umbral phase in a dark sky"
0893-07-02,893,1,lunar,total,1.659,Clonmacnoise,blind,,"Moon 13.3 deg up, 0.8 of umbral phase in a dark sky"
0893-12-26,893,3,lunar,total,1.256,Armagh,blind,,"Moon 40.4 deg up, 1.0 of umbral phase in a dark sky"
0894-06-07,894,5,solar,partial,0.864,Iona,local-if-recorded,"deep over Ireland, shallow in the Mediterranean",UT 10:12 at Armagh
0894-06-22,894,6,lunar,partial umbral,0.602,Clonmacnoise,blind,,"Moon 13.1 deg up, 1.0 of umbral phase in a dark sky"
0896-05-01,896,6,lunar,partial umbral,0.943,Clonmacnoise,blind,,"Moon 18.8 deg up, 1.0 of umbral phase in a dark sky"
0897-04-20,897,3,lunar,total,1.48,Armagh,blind,,"Moon 6.2 deg up, 0.08 of umbral phase in a dark sky"
0899-08-24,899,,lunar,partial umbral,0.0152,-,borrowed-if-recorded,not visible from Ireland; visible from the Mediterranean,below the Irish horizon throughout the umbral phase
0901-08-03,901,1,lunar,total,1.066,Clonmacnoise,blind,,"Moon 19.0 deg up, 1.0 of umbral phase in a dark sky"
0902-12-17,902,5,lunar,partial umbral,0.027,Iona,blind,,"Moon 22.2 deg up, 1.0 of umbral phase in a dark sky"
0903-06-12,903,,lunar,partial umbral,0.3454,-,borrowed-if-recorded,not visible from Ireland; visible from the Mediterranean,below the Irish horizon throughout the umbral phase
0903-06-27,903,1,solar,partial,0.687,Clonmacnoise,blind,,UT 18:48 at Armagh
0904-06-01,904,5,lunar,total,1.816,Clonmacnoise,blind,,"Moon 13.2 deg up, 0.96 of umbral phase in a dark sky"
0904-11-25,904,0,lunar,total,1.227,Clonmacnoise,blind,,"Moon 55.0 deg up, 1.0 of umbral phase in a dark sky"
0906-04-26,906.0,6.0,solar,partial,0.1119,-,borrowed-if-recorded,"deep in the Mediterranean, effectively invisible from Ireland","Mediterranean magnitude high, Irish magnitude below 0.20"
0908-03-20,908,0,lunar,total,1.137,Clonmacnoise,blind,,"Moon 23.7 deg up, 0.68 of umbral phase in a dark sky"
0908-08-29,908,1,solar,partial,0.656,Iona,blind,,UT 17:24 at Armagh
0908-09-13,908,2,lunar,total,1.415,Clonmacnoise,blind,,"Moon 33.9 deg up, 1.0 of umbral phase in a dark sky"
0909-09-02,909,,lunar,partial umbral,0.1455,-,borrowed-if-recorded,not visible from Ireland; visible from the Mediterranean,below the Irish horizon throughout the umbral phase
0910-07-24,910,2,lunar,partial umbral,0.161,Clonmacnoise,blind,,"Moon 15.6 deg up, 1.0 of umbral phase in a dark sky"
0911-01-17,911,,lunar,total,1.2121,-,borrowed-if-recorded,not visible from Ireland; visible from the Mediterranean,below the Irish horizon throughout the umbral phase
0912-01-07,912,2,lunar,total,1.267,Clonmacnoise,blind,,"Moon 49.6 deg up, 1.0 of umbral phase in a dark sky"
0912-06-17,912,3,solar,partial,0.851,Clonmacnoise,blind,,UT 19:04 at Armagh
0912-12-26,912,6,lunar,partial umbral,0.038,Armagh,blind,,"Moon 33.8 deg up, 1.0 of umbral phase in a dark sky"
0914-11-05,914,6,lunar,partial umbral,0.98,Clonmacnoise,blind,,"Moon 44.1 deg up, 1.0 of umbral phase in a dark sky"
0915-05-02,915,2,lunar,total,1.599,Clonmacnoise,blind,,"Moon 19.5 deg up, 0.92 of umbral phase in a dark sky"
0915-10-25,915,3,lunar,total,1.394,Armagh,blind,,"Moon 36.1 deg up, 0.96 of umbral phase in a dark sky"
0916-04-20,916,,lunar,partial umbral,0.2137,-,borrowed-if-recorded,not visible from Ireland; visible from the Mediterranean,below the Irish horizon throughout the umbral phase
0916-10-13,916,0,lunar,partial umbral,0.162,Clonmacnoise,blind,,"Moon 45.2 deg up, 1.0 of umbral phase in a dark sky"
0918-02-28,918,6,lunar,total,1.138,Armagh,blind,,"Moon 9.6 deg up, 0.16 of umbral phase in a dark sky"
0918-08-24,918,,lunar,total,1.2222,-,borrowed-if-recorded,not visible from Ireland; visible from the Mediterranean,below the Irish horizon throughout the umbral phase
0919-02-03,919,3,solar,partial,0.561,Iona,blind,,UT 16:35 at Armagh
0919-02-17,919,3,lunar,total,1.203,Armagh,blind,,"Moon 17.5 deg up, 0.4 of umbral phase in a dark sky"
0920-12-28,920,4,lunar,partial umbral,0.022,Clonmacnoise,blind,,"Moon 45.4 deg up, 1.0 of umbral phase in a dark sky"
0921-06-23,921,6,lunar,partial umbral,0.187,Clonmacnoise,blind,,"Moon 12.1 deg up, 0.92 of umbral phase in a dark sky"
0921-12-17,921,1,lunar,total,1.202,Armagh,blind,,"Moon 35.4 deg up, 1.0 of umbral phase in a dark sky"
0922-11-21,922,4,solar,partial,0.656,Clonmacnoise,blind,,UT 16:12 at Armagh
0922-12-07,922,6,lunar,total,1.23,Clonmacnoise,blind,,"Moon 38.7 deg up, 1.0 of umbral phase in a dark sky"
0923-06-01,923,,lunar,partial umbral,0.6657,-,borrowed-if-recorded,not visible from Ireland; visible from the Mediterranean,below the Irish horizon throughout the umbral phase
0925-04-11,925,,lunar,total,1.084,-,borrowed-if-recorded,not visible from Ireland; visible from the Mediterranean,below the Irish horizon throughout the umbral phase
0925-10-04,925,2,lunar,partial umbral,0.925,Clonmacnoise,blind,,"Moon 35.6 deg up, 1.0 of umbral phase in a dark sky"
0926-04-01,926,6,lunar,total,1.237,Clonmacnoise,blind,,"Moon 28.0 deg up, 0.96 of umbral phase in a dark sky"
0927-09-14,927,5,lunar,partial umbral,0.22,Clonmacnoise,blind,,"Moon 33.8 deg up, 1.0 of umbral phase in a dark sky"
0929-01-27,929,2,lunar,total,1.194,Clonmacnoise,blind,,"Moon 53.0 deg up, 1.0 of umbral phase in a dark sky"
0931-01-07,931,5,lunar,partial umbral,0.044,Clonmacnoise,blind,,"Moon 34.7 deg up, 1.0 of umbral phase in a dark sky"
0932-05-22,932,,lunar,partial umbral,0.6943,-,borrowed-if-recorded,not visible from Ireland; visible from the Mediterranean,below the Irish horizon throughout the umbral phase
0932-11-16,932,5,lunar,partial umbral,0.956,Clonmacnoise,blind,,"Moon 48.6 deg up, 1.0 of umbral phase in a dark sky"
0932-11-30,932,5,solar,partial,0.727,Clonmacnoise,blind,,UT 16:05 at Armagh
0933-11-05,933,2,lunar,total,1.423,Clonmacnoise,blind,,"Moon 50.6 deg up, 1.0 of umbral phase in a dark sky"
0934-04-16,934,3,solar,deep partial,0.961,Clonmacnoise,totality-in-ireland,umbral track 18.0 km from the island,UT 17:01 at Armagh
0934-05-02,934,5,lunar,partial umbral,0.328,Clonmacnoise,blind,,"Moon 19.0 deg up, 1.0 of umbral phase in a dark sky"
0934-10-25,934,6,lunar,partial umbral,0.199,Clonmacnoise,local-if-recorded,"above the Irish horizon, below the Mediterranean one","Moon 6.6 deg up, 0.16 of umbral phase in a dark sky"
0936-03-11,936,5,lunar,total,1.058,Clonmacnoise,blind,,"Moon 37.6 deg up, 1.0 of umbral phase in a dark sky"
0936-09-04,936,0,lunar,total,1.132,Clonmacnoise,blind,,"Moon 30.7 deg up, 1.0 of umbral phase in a dark sky"
0936-09-18,936,0,solar,partial,0.566,Iona,blind,,UT 11:27 at Armagh
0937-02-28,937,2,lunar,total,1.27,Clonmacnoise,blind,,"Moon 42.7 deg up, 1.0 of umbral phase in a dark sky"
0937-08-24,937,,lunar,total,1.2702,-,borrowed-if-recorded,not visible from Ireland; visible from the Mediterranean,below the Irish horizon throughout the umbral phase
0939-07-19,939,5,solar,partial,0.651,Clonmacnoise,blind,,UT 07:52 at Armagh
0939-12-29,939,0,lunar,total,1.196,Clonmacnoise,blind,,"Moon 54.8 deg up, 1.0 of umbral phase in a dark sky"
0940-12-17,940,,lunar,total,1.2316,-,borrowed-if-recorded,not visible from Ireland; visible from the Mediterranean,below the Irish horizon throughout the umbral phase
0941-06-12,941,6,lunar,partial umbral,0.809,Clonmacnoise,blind,,"Moon 11.8 deg up, 1.0 of umbral phase in a dark sky"
0943-04-23,943,0,lunar,partial umbral,0.967,Clonmacnoise,blind,,"Moon 22.8 deg up, 1.0 of umbral phase in a dark sky"
0943-10-16,943,1,lunar,partial umbral,0.884,Clonmacnoise,blind,,"Moon 32.8 deg up, 1.0 of umbral phase in a dark sky"
0944-10-04,944,5,lunar,total,1.535,Armagh,blind,,"Moon 17.6 deg up, 0.4 of umbral phase in a dark sky"
0945-09-09,945,2,solar,partial,0.731,Iona,blind,,UT 05:56 at Armagh
0947-02-08,947,1,lunar,total,1.164,Clonmacnoise,blind,,"Moon 20.9 deg up, 0.52 of umbral phase in a dark sky"
0947-08-04,947,3,lunar,total,1.219,Clonmacnoise,blind,,"Moon 5.2 deg up, 0.04 of umbral phase in a dark sky"
0948-01-28,948,5,lunar,total,1.308,Clonmacnoise,blind,,"Moon 49.6 deg up, 1.0 of umbral phase in a dark sky"
0948-07-23,948,0,lunar,total,1.066,Clonmacnoise,blind,,"Moon 6.4 deg up, 0.08 of umbral phase in a dark sky"
0950-06-03,950,1,lunar,partial umbral,0.563,Clonmacnoise,blind,,"Moon 12.3 deg up, 1.0 of umbral phase in a dark sky"
0951-05-23,951,,lunar,total,1.8556,-,borrowed-if-recorded,not visible from Ireland; visible from the Mediterranean,below the Irish horizon throughout the umbral phase
0952-11-04,952,,lunar,partial umbral,0.2268,-,borrowed-if-recorded,not visible from Ireland; visible from the Mediterranean,below the Irish horizon throughout the umbral phase
0955-02-25,955,0,solar,partial,0.844,Iona,blind,,UT 07:26 at Armagh
0955-09-04,955,2,lunar,total,1.355,Clonmacnoise,blind,,"Moon 30.7 deg up, 1.0 of umbral phase in a dark sky"
0956-02-28,956,,lunar,partial umbral,0.0822,-,borrowed-if-recorded,not visible from Ireland; visible from the Mediterranean,below the Irish horizon throughout the umbral phase
0958-07-03,958,6,lunar,total,1.377,Clonmacnoise,blind,,"Moon 6.1 deg up, 0.08 of umbral phase in a dark sky"
0958-12-28,958,2,lunar,total,1.236,Clonmacnoise,blind,,"Moon 59.6 deg up, 1.0 of umbral phase in a dark sky"
0961-05-17,961,5,solar,partial,0.819,Bangor,blind,,UT 07:43 at Armagh
0962-04-22,962,,lunar,total,1.4726,-,borrowed-if-recorded,not visible from Ireland; visible from the Mediterranean,below the Irish horizon throughout the umbral phase
0962-10-16,962,4,lunar,total,1.576,Clonmacnoise,blind,,"Moon 46.1 deg up, 1.0 of umbral phase in a dark sky"
0963-04-11,963,,lunar,partial umbral,0.0483,-,borrowed-if-recorded,not visible from Ireland; visible from the Mediterranean,below the Irish horizon throughout the umbral phase
0963-10-05,963,1,lunar,partial umbral,0.329,Armagh,blind,,"Moon 17.2 deg up, 0.64 of umbral phase in a dark sky"
0964-03-16,964,3,solar,partial,0.764,Clonmacnoise,blind,,UT 18:43 at Armagh
0965-02-18,965,,lunar,total,1.1252,-,borrowed-if-recorded,not visible from Ireland; visible from the Mediterranean,below the Irish horizon throughout the umbral phase
0965-08-15,965,2,lunar,total,1.089,Clonmacnoise,blind,,"Moon 22.7 deg up, 1.0 of umbral phase in a dark sky"
0966-02-08,966,4,lunar,total,1.343,Clonmacnoise,blind,,"Moon 26.5 deg up, 0.72 of umbral phase in a dark sky"
0966-07-20,966,5,solar,partial,0.832,Iona,blind,,UT 17:16 at Armagh
0966-08-04,966,6,lunar,total,1.205,Clonmacnoise,blind,,"Moon 19.8 deg up, 1.0 of umbral phase in a dark sky"
0967-01-28,967,1,lunar,partial umbral,0.074,Clonmacnoise,blind,,"Moon 45.4 deg up, 1.0 of umbral phase in a dark sky"
0968-12-07,968,1,lunar,partial umbral,0.926,Armagh,blind,,"Moon 48.0 deg up, 1.0 of umbral phase in a dark sky"
0968-12-22,968,2,solar,deep partial,0.98,Clonmacnoise,blind,,UT 08:51 at Armagh
0969-06-03,969,4,lunar,total,1.801,Clonmacnoise,blind,,"Moon 12.9 deg up, 1.0 of umbral phase in a dark sky"
0969-11-26,969,5,lunar,total,1.459,Armagh,blind,,"Moon 43.0 deg up, 1.0 of umbral phase in a dark sky"
0970-05-08,970,0,solar,partial,0.6,Clonmacnoise,blind,,UT 05:01 at Armagh
0970-05-23,970,,lunar,partial umbral,0.5766,-,borrowed-if-recorded,not visible from Ireland; visible from the Mediterranean,below the Irish horizon throughout the umbral phase
0970-11-16,970,3,lunar,partial umbral,0.247,Clonmacnoise,blind,,"Moon 55.5 deg up, 1.0 of umbral phase in a dark sky"
0972-09-25,972,3,lunar,partial umbral,0.988,Armagh,blind,,"Moon 13.2 deg up, 0.32 of umbral phase in a dark sky"
0973-03-21,973,,lunar,total,1.4415,-,borrowed-if-recorded,not visible from Ireland; visible from the Mediterranean,below the Irish horizon throughout the umbral phase
0973-09-15,973,1,lunar,total,1.428,Clonmacnoise,local-if-recorded,"above the Irish horizon, below the Mediterranean one","Moon 8.5 deg up, 0.16 of umbral phase in a dark sky"
0974-03-11,974,3,lunar,partial umbral,0.156,Clonmacnoise,blind,,"Moon 38.9 deg up, 1.0 of umbral phase in a dark sky"
0976-01-19,976,3,lunar,total,1.168,Clonmacnoise,blind,,"Moon 47.4 deg up, 1.0 of umbral phase in a dark sky"
0976-07-14,976,5,lunar,total,1.24,Clonmacnoise,blind,,"Moon 14.3 deg up, 0.64 of umbral phase in a dark sky"
0977-01-08,977,1,lunar,total,1.244,Clonmacnoise,blind,,"Moon 27.8 deg up, 0.72 of umbral phase in a dark sky"
0979-05-14,979,,lunar,partial umbral,0.7022,-,borrowed-if-recorded,not visible from Ireland; visible from the Mediterranean,below the Irish horizon throughout the umbral phase
0979-05-28,979,3,solar,partial,0.782,Iona,blind,,UT 16:19 at Armagh
0979-11-06,979,4,lunar,partial umbral,0.838,Clonmacnoise,blind,,"Moon 51.2 deg up, 1.0 of umbral phase in a dark sky"
0980-05-03,980,1,lunar,total,1.607,Clonmacnoise,blind,,"Moon 18.8 deg up, 1.0 of umbral phase in a dark sky"
0981-04-22,981,5,lunar,partial umbral,0.181,Clonmacnoise,blind,,"Moon 20.3 deg up, 1.0 of umbral phase in a dark sky"
0981-10-16,981,0,lunar,partial umbral,0.366,Clonmacnoise,blind,,"Moon 42.1 deg up, 1.0 of umbral phase in a dark sky"
0983-03-02,983,5,lunar,total,1.073,Clonmacnoise,blind,,"Moon 41.6 deg up, 1.0 of umbral phase in a dark sky"
0983-03-17,983,6,solar,partial,0.506,Iona,blind,,UT 11:54 at Armagh
0984-02-19,984,,lunar,total,1.3889,-,borrowed-if-recorded,not visible from Ireland; visible from the Mediterranean,below the Irish horizon throughout the umbral phase
0985-02-08,985,0,lunar,partial umbral,0.102,Clonmacnoise,local-if-recorded,"above the Irish horizon, below the Mediterranean one","Moon 12.9 deg up, 0.84 of umbral phase in a dark sky"
0986-12-19,986,0,lunar,partial umbral,0.914,Clonmacnoise,blind,,"Moon 52.2 deg up, 1.0 of umbral phase in a dark sky"
0987-12-08,987,4,lunar,total,1.471,Clonmacnoise,blind,,"Moon 55.7 deg up, 1.0 of umbral phase in a dark sky"
0988-05-18,988,5,solar,partial,0.641,Iona,blind,,UT 13:02 at Armagh
0988-06-03,988,0,lunar,partial umbral,0.708,Clonmacnoise,blind,,"Moon 13.6 deg up, 1.0 of umbral phase in a dark sky"
0988-11-26,988,1,lunar,partial umbral,0.261,Iona,local-if-recorded,"above the Irish horizon, below the Mediterranean one","Moon 4.9 deg up, 0.08 of umbral phase in a dark sky"
0990-04-12,990,6,lunar,partial umbral,0.74,Clonmacnoise,blind,,"Moon 22.9 deg up, 0.96 of umbral phase in a dark sky"
0990-10-07,990,2,lunar,partial umbral,0.935,Clonmacnoise,blind,,"Moon 43.3 deg up, 1.0 of umbral phase in a dark sky"
0990-10-21,990,2,solar,partial,0.81,Iona,blind,,UT 09:46 at Armagh
0991-04-02,991,4,lunar,total,1.545,Clonmacnoise,blind,,"Moon 29.4 deg up, 1.0 of umbral phase in a dark sky"
0991-09-26,991,,lunar,total,1.4903,-,borrowed-if-recorded,not visible from Ireland; visible from the Mediterranean,below the Irish horizon throughout the umbral phase
0992-09-14,992,3,lunar,partial umbral,0.066,Armagh,blind,,"Moon 19.3 deg up, 1.0 of umbral phase in a dark sky"
0994-01-30,994,2,lunar,total,1.141,Clonmacnoise,blind,,"Moon 35.9 deg up, 1.0 of umbral phase in a dark sky"
0995-01-19,995,,lunar,total,1.261,-,borrowed-if-recorded,not visible from Ireland; visible from the Mediterranean,below the Irish horizon throughout the umbral phase
0995-07-14,995,0,lunar,total,1.225,Clonmacnoise,blind,,"Moon 14.7 deg up, 0.88 of umbral phase in a dark sky"
0997-05-25,997,2,lunar,partial umbral,0.559,Clonmacnoise,blind,,"Moon 14.6 deg up, 1.0 of umbral phase in a dark sky"
0997-11-17,997,3,lunar,partial umbral,0.829,Clonmacnoise,blind,,"Moon 29.0 deg up, 0.92 of umbral phase in a dark sky"
0998-11-06,998,0,lunar,total,1.628,Armagh,blind,,"Moon 41.9 deg up, 1.0 of umbral phase in a dark sky"
1001-09-05,1001,,lunar,partial umbral,0.8609,-,borrowed-if-recorded,not visible from Ireland; visible from the Mediterranean,below the Irish horizon throughout the umbral phase
1002-03-01,1002,0,lunar,total,1.446,Clonmacnoise,blind,,"Moon 40.8 deg up, 1.0 of umbral phase in a dark sky"
1002-08-25,1002,,lunar,total,1.4522,-,borrowed-if-recorded,not visible from Ireland; visible from the Mediterranean,below the Irish horizon throughout the umbral phase
1003-08-14,1003,,lunar,partial umbral,0.1371,-,borrowed-if-recorded,not visible from Ireland; visible from the Mediterranean,below the Irish horizon throughout the umbral phase
1004-01-24,1004.0,1.0,solar,partial,0.0,-,borrowed-if-recorded,"deep in the Mediterranean, effectively invisible from Ireland","Mediterranean magnitude high, Irish magnitude below 0.20"
1004-07-04,1004,2,lunar,partial umbral,0.171,Clonmacnoise,blind,,"Moon 11.8 deg up, 1.0 of umbral phase in a dark sky"
1006-05-29,1006,3,solar,deep partial,0.982,Clonmacnoise,totality-in-ireland,umbral track 93.0 km from the island,UT 20:36 at Armagh
1006-12-07,1006,6,lunar,partial umbral,0.272,Iona,blind,,"Moon 16.3 deg up, 0.8 of umbral phase in a dark sky"
1008-04-23,1008,5,lunar,partial umbral,0.611,Clonmacnoise,blind,,"Moon 13.3 deg up, 0.44 of umbral phase in a dark sky"
1009-03-29,1009,2,solar,partial,0.568,Iona,blind,,UT 07:10 at Armagh
1009-10-06,1009,4,lunar,total,1.539,Clonmacnoise,blind,,"Moon 43.8 deg up, 1.0 of umbral phase in a dark sky"
1010-03-18,1010,6,solar,partial,0.772,Clonmacnoise,blind,,UT 17:01 at Armagh
1010-04-01,1010,,lunar,partial umbral,0.3398,-,borrowed-if-recorded,not visible from Ireland; visible from the Mediterranean,below the Irish horizon throughout the umbral phase
1010-09-26,1010,2,lunar,partial umbral,0.133,Clonmacnoise,blind,,"Moon 27.5 deg up, 1.0 of umbral phase in a dark sky"
1012-08-04,1012,,lunar,partial umbral,0.9897,-,borrowed-if-recorded,not visible from Ireland; visible from the Mediterranean,below the Irish horizon throughout the umbral phase
1013-01-14,1013,3,solar,partial,0.673,Iona,blind,,UT 11:15 at Armagh
1013-01-30,1013,5,lunar,total,1.285,Clonmacnoise,blind,,"Moon 52.5 deg up, 1.0 of umbral phase in a dark sky"
1014-07-14,1014,3,lunar,partial umbral,0.042,Clonmacnoise,blind,,"Moon 13.0 deg up, 1.0 of umbral phase in a dark sky"
1015-11-28,1015,,lunar,partial umbral,0.8228,-,borrowed-if-recorded,not visible from Ireland; visible from the Mediterranean,below the Irish horizon throughout the umbral phase
1016-11-17,1016,6,lunar,total,1.643,Clonmacnoise,blind,,"Moon 44.9 deg up, 1.0 of umbral phase in a dark sky"
1017-10-22,1017,2,solar,partial,0.575,Clonmacnoise,blind,,UT 13:13 at Armagh
1017-11-06,1017,3,lunar,partial umbral,0.412,Armagh,blind,,"Moon 42.0 deg up, 1.0 of umbral phase in a dark sky"
1019-03-23,1019,,lunar,partial umbral,0.932,-,borrowed-if-recorded,not visible from Ireland; visible from the Mediterranean,below the Irish horizon throughout the umbral phase
1019-09-16,1019,3,lunar,partial umbral,0.768,Clonmacnoise,blind,,"Moon 35.5 deg up, 1.0 of umbral phase in a dark sky"
1020-03-12,1020,6,lunar,total,1.516,Clonmacnoise,local-if-recorded,"above the Irish horizon, below the Mediterranean one","Moon 6.4 deg up, 0.08 of umbral phase in a dark sky"
1020-08-21,1020,0,solar,partial,0.515,Iona,blind,,UT 15:58 at Armagh
1020-09-04,1020,0,lunar,total,1.558,Clonmacnoise,blind,,"Moon 31.7 deg up, 1.0 of umbral phase in a dark sky"
1021-03-01,1021,3,lunar,partial umbral,0.193,Clonmacnoise,blind,,"Moon 40.0 deg up, 1.0 of umbral phase in a dark sky"
1021-08-25,1021,5,lunar,partial umbral,0.25,Clonmacnoise,blind,,"Moon 24.0 deg up, 1.0 of umbral phase in a dark sky"
1023-01-09,1023,3,lunar,partial umbral,0.882,Armagh,blind,,"Moon 44.8 deg up, 1.0 of umbral phase in a dark sky"
1023-01-24,1023,4,solar,deep partial,0.998,Bangor,totality-in-ireland,umbral track 81.0 km from the island,UT 12:21 at Armagh
1023-07-06,1023,6,lunar,total,1.391,Clonmacnoise,blind,,"Moon 13.4 deg up, 1.0 of umbral phase in a dark sky"
1023-12-29,1023,0,lunar,total,1.495,Armagh,blind,,"Moon 45.9 deg up, 1.0 of umbral phase in a dark sky"
1024-12-18,1024,5,lunar,partial umbral,0.282,Clonmacnoise,blind,,"Moon 58.8 deg up, 1.0 of umbral phase in a dark sky"
1026-10-28,1026,5,lunar,partial umbral,0.86,Armagh,blind,,"Moon 34.5 deg up, 1.0 of umbral phase in a dark sky"
1027-10-18,1027,3,lunar,total,1.577,Clonmacnoise,local-if-recorded,"above the Irish horizon, below the Mediterranean one","Moon 18.1 deg up, 0.44 of umbral phase in a dark sky"
1028-04-12,1028,5,lunar,partial umbral,0.449,Clonmacnoise,blind,,"Moon 26.0 deg up, 1.0 of umbral phase in a dark sky"
1030-02-20,1030,5,lunar,total,1.059,Clonmacnoise,blind,,"Moon 43.1 deg up, 1.0 of umbral phase in a dark sky"
1030-08-16,1030,0,lunar,partial umbral,0.881,Clonmacnoise,blind,,"Moon 24.2 deg up, 1.0 of umbral phase in a dark sky"
1030-08-31,1030,1,solar,partial,0.825,Iona,blind,,UT 14:06 at Armagh
1031-02-10,1031,3,lunar,total,1.321,Clonmacnoise,local-if-recorded,"above the Irish horizon, below the Mediterranean one","Moon 17.2 deg up, 0.36 of umbral phase in a dark sky"
1033-06-29,1033,5,solar,partial,0.764,Clonmacnoise,blind,,UT 11:12 at Armagh
1033-12-08,1033,6,lunar,partial umbral,0.823,Clonmacnoise,blind,,"Moon 59.3 deg up, 1.0 of umbral phase in a dark sky"
1034-06-04,1034,2,lunar,total,1.627,Clonmacnoise,blind,,"Moon 9.0 deg up, 0.24 of umbral phase in a dark sky"
1034-11-28,1034,,lunar,total,1.6517,-,borrowed-if-recorded,not visible from Ireland; visible from the Mediterranean,below the Irish horizon throughout the umbral phase
1035-05-24,1035,6,lunar,partial umbral,0.633,Clonmacnoise,blind,,"Moon 12.1 deg up, 0.64 of umbral phase in a dark sky"
1035-11-18,1035,2,lunar,partial umbral,0.422,Clonmacnoise,blind,,"Moon 36.1 deg up, 1.0 of umbral phase in a dark sky"
1037-04-02,1037,6,lunar,partial umbral,0.845,Clonmacnoise,blind,,"Moon 28.9 deg up, 1.0 of umbral phase in a dark sky"
1037-04-18,1037,1,solar,deep partial,0.935,Iona,blind,,UT 09:05 at Armagh
1037-09-27,1037,2,lunar,partial umbral,0.687,Clonmacnoise,local-if-recorded,"above the Irish horizon, below the Mediterranean one","Moon 12.3 deg up, 0.32 of umbral phase in a dark sky"
1038-03-23,1038,,lunar,total,1.598,-,borrowed-if-recorded,not visible from Ireland; visible from the Mediterranean,below the Irish horizon throughout the umbral phase
1038-09-16,1038,6,lunar,total,1.648,Clonmacnoise,blind,,"Moon 15.2 deg up, 0.32 of umbral phase in a dark sky"
1039-08-22,1039,3,solar,deep partial,0.928,Clonmacnoise,totality-in-ireland,umbral track 47.0 km from the island,UT 11:21 at Armagh
1041-01-20,1041,2,lunar,partial umbral,0.856,Clonmacnoise,blind,,"Moon 49.8 deg up, 1.0 of umbral phase in a dark sky"
1042-01-09,1042,6,lunar,total,1.513,Clonmacnoise,blind,,"Moon 52.4 deg up, 1.0 of umbral phase in a dark sky"
1042-07-05,1042,1,lunar,total,1.112,Clonmacnoise,blind,,"Moon 13.3 deg up, 0.6 of umbral phase in a dark sky"
1044-05-14,1044,,lunar,partial umbral,0.3263,-,borrowed-if-recorded,not visible from Ireland; visible from the Mediterranean,below the Irish horizon throughout the umbral phase
1044-11-08,1044,4,lunar,partial umbral,0.837,Clonmacnoise,blind,,"Moon 46.1 deg up, 1.0 of umbral phase in a dark sky"
1044-11-22,1044,4,solar,partial,0.88,Clonmacnoise,blind,,UT 09:55 at Armagh
1045-05-03,1045,5,lunar,total,1.784,Clonmacnoise,blind,,"Moon 15.9 deg up, 0.56 of umbral phase in a dark sky"
1045-10-28,1045,,lunar,total,1.6035,-,borrowed-if-recorded,not visible from Ireland; visible from the Mediterranean,below the Irish horizon throughout the umbral phase
1046-10-17,1046,5,lunar,partial umbral,0.233,Armagh,blind,,"Moon 24.5 deg up, 1.0 of umbral phase in a dark sky"
1048-03-03,1048,4,lunar,total,1.001,Clonmacnoise,blind,,"Moon 17.6 deg up, 0.48 of umbral phase in a dark sky"
1049-02-20,1049,,lunar,total,1.369,-,borrowed-if-recorded,not visible from Ireland; visible from the Mediterranean,below the Irish horizon throughout the umbral phase
1049-08-15,1049,2,lunar,total,1.58,Clonmacnoise,blind,,"Moon 22.4 deg up, 0.88 of umbral phase in a dark sky"
1050-02-09,1050,,lunar,partial umbral,0.0089,-,borrowed-if-recorded,not visible from Ireland; visible from the Mediterranean,below the Irish horizon throughout the umbral phase
1051-06-26,1051,,lunar,partial umbral,0.1121,-,borrowed-if-recorded,not visible from Ireland; visible from the Mediterranean,below the Irish horizon throughout the umbral phase
1051-12-20,1051,5,lunar,partial umbral,0.822,Clonmacnoise,local-if-recorded,"above the Irish horizon, below the Mediterranean one","Moon 15.4 deg up, 0.44 of umbral phase in a dark sky"
1052-06-15,1052,1,lunar,total,1.467,Clonmacnoise,blind,,"Moon 11.7 deg up, 0.48 of umbral phase in a dark sky"
1052-06-29,1052,1,solar,partial,0.61,Iona,blind,,UT 05:09 at Armagh
1052-12-08,1052,2,lunar,total,1.658,Clonmacnoise,blind,,"Moon 59.6 deg up, 1.0 of umbral phase in a dark sky"
1053-06-04,1053,5,lunar,partial umbral,0.795,Clonmacnoise,blind,,"Moon 7.1 deg up, 0.16 of umbral phase in a dark sky"
1056-04-03,1056,3,lunar,total,1.691,Clonmacnoise,blind,,"Moon 28.1 deg up, 1.0 of umbral phase in a dark sky"
1057-09-15,1057,1,lunar,partial umbral,0.436,Armagh,blind,,"Moon 9.0 deg up, 0.16 of umbral phase in a dark sky"
1060-06-30,1060,5,solar,partial,0.506,Iona,blind,,UT 17:27 at Armagh
1060-07-16,1060,0,lunar,total,1.244,Clonmacnoise,local-if-recorded,"above the Irish horizon, below the Mediterranean one","Moon 6.1 deg up, 0.08 of umbral phase in a dark sky"
1061-01-08,1061,1,lunar,partial umbral,0.311,Armagh,blind,,"Moon 27.5 deg up, 1.0 of umbral phase in a dark sky"
1061-06-20,1061.0,3.0,solar,partial,0.0918,-,borrowed-if-recorded,"deep in the Mediterranean, effectively invisible from Ireland","Mediterranean magnitude high, Irish magnitude below 0.20"
1062-05-26,1062,0,lunar,partial umbral,0.176,Clonmacnoise,blind,,"Moon 13.1 deg up, 1.0 of umbral phase in a dark sky"
1063-05-15,1063,4,lunar,total,1.649,Clonmacnoise,blind,,"Moon 12.0 deg up, 0.36 of umbral phase in a dark sky"
1063-11-08,1063,6,lunar,total,1.623,Clonmacnoise,blind,,"Moon 54.7 deg up, 1.0 of umbral phase in a dark sky"
1064-04-19,1064,1,solar,deep partial,0.923,Iona,blind,,UT 13:32 at Armagh
1064-10-28,1064,4,lunar,partial umbral,0.265,Clonmacnoise,blind,,"Moon 45.5 deg up, 1.0 of umbral phase in a dark sky"
1066-09-06,1066,,lunar,partial umbral,0.6976,-,borrowed-if-recorded,not visible from Ireland; visible from the Mediterranean,below the Irish horizon throughout the umbral phase
1067-03-03,1067,6,lunar,total,1.431,Clonmacnoise,blind,,"Moon 40.5 deg up, 1.0 of umbral phase in a dark sky"
1067-08-27,1067,1,lunar,total,1.677,Clonmacnoise,blind,,"Moon 13.6 deg up, 0.36 of umbral phase in a dark sky"
1068-02-21,1068,4,lunar,partial umbral,0.063,Clonmacnoise,blind,,"Moon 45.8 deg up, 1.0 of umbral phase in a dark sky"
1068-08-15,1068,5,lunar,partial umbral,0.378,Clonmacnoise,blind,,"Moon 21.4 deg up, 1.0 of umbral phase in a dark sky"
1069-12-30,1069,3,lunar,partial umbral,0.822,Iona,blind,,"Moon 15.7 deg up, 0.52 of umbral phase in a dark sky"
1070-12-20,1070,1,lunar,total,1.662,Clonmacnoise,blind,,"Moon 26.6 deg up, 0.72 of umbral phase in a dark sky"
1071-12-09,1071,5,lunar,partial umbral,0.429,Clonmacnoise,blind,,"Moon 59.8 deg up, 1.0 of umbral phase in a dark sky"
1073-10-18,1073,5,lunar,partial umbral,0.565,Clonmacnoise,blind,,"Moon 45.9 deg up, 1.0 of umbral phase in a dark sky"
1074-10-07,1074,2,lunar,total,1.787,Clonmacnoise,blind,,"Moon 42.8 deg up, 1.0 of umbral phase in a dark sky"
1075-04-03,1075,5,lunar,partial umbral,0.421,Clonmacnoise,blind,,"Moon 27.3 deg up, 1.0 of umbral phase in a dark sky"
1075-09-27,1075,0,lunar,partial umbral,0.508,Clonmacnoise,blind,,"Moon 39.7 deg up, 1.0 of umbral phase in a dark sky"
1077-02-10,1077,5,lunar,partial umbral,0.776,Armagh,blind,,"Moon 30.8 deg up, 0.92 of umbral phase in a dark sky"
1077-02-25,1077,6,solar,partial,0.697,Iona,blind,,UT 14:29 at Armagh
1077-08-06,1077,0,lunar,total,1.013,Clonmacnoise,blind,,"Moon 20.3 deg up, 1.0 of umbral phase in a dark sky"
1078-01-30,1078,2,lunar,total,1.572,Armagh,blind,,"Moon 40.6 deg up, 1.0 of umbral phase in a dark sky"
1079-01-20,1079,0,lunar,partial umbral,0.333,Clonmacnoise,blind,,"Moon 49.0 deg up, 1.0 of umbral phase in a dark sky"
1079-07-01,1079,1,solar,partial,0.656,Clonmacnoise,blind,,UT 13:30 at Armagh
1080-11-29,1080,0,lunar,partial umbral,0.81,Clonmacnoise,blind,,"Moon 54.7 deg up, 1.0 of umbral phase in a dark sky"
1081-11-19,1081,5,lunar,total,1.633,Clonmacnoise,local-if-recorded,"above the Irish horizon, below the Mediterranean one","Moon 18.6 deg up, 0.44 of umbral phase in a dark sky"
1082-05-14,1082,6,lunar,partial umbral,0.826,Clonmacnoise,blind,,"Moon 16.1 deg up, 0.92 of umbral phase in a dark sky"
1084-03-24,1084,0,lunar,partial umbral,0.843,Clonmacnoise,blind,,"Moon 30.4 deg up, 1.0 of umbral phase in a dark sky"
1084-09-17,1084,2,lunar,partial umbral,0.625,Clonmacnoise,blind,,"Moon 36.8 deg up, 1.0 of umbral phase in a dark sky"
1084-10-02,1084,3,solar,partial,0.853,Clonmacnoise,blind,,UT 13:23 at Armagh
1085-03-14,1085,5,lunar,total,1.507,Clonmacnoise,local-if-recorded,"above the Irish horizon, below the Mediterranean one","Moon 13.8 deg up, 0.28 of umbral phase in a dark sky"
1086-08-27,1086,4,lunar,partial umbral,0.469,Clonmacnoise,blind,,"Moon 4.1 deg up, 0.04 of umbral phase in a dark sky"
1087-08-01,1087.0,0.0,solar,partial,0.1959,-,borrowed-if-recorded,"deep in the Mediterranean, effectively invisible from Ireland","Mediterranean magnitude high, Irish magnitude below 0.20"
1088-01-11,1088,2,lunar,partial umbral,0.816,Clonmacnoise,blind,,"Moon 56.7 deg up, 1.0 of umbral phase in a dark sky"
1088-07-06,1088,,lunar,total,1.149,-,borrowed-if-recorded,not visible from Ireland; visible from the Mediterranean,below the Irish horizon throughout the umbral phase
1088-12-30,1088,6,lunar,total,1.669,Iona,blind,,"Moon 11.7 deg up, 0.28 of umbral phase in a dark sky"
1089-06-25,1089,,lunar,total,1.1212,-,borrowed-if-recorded,not visible from Ireland; visible from the Mediterranean,below the Irish horizon throughout the umbral phase
1089-12-20,1089,4,lunar,partial umbral,0.429,Clonmacnoise,local-if-recorded,"above the Irish horizon, below the Mediterranean one","Moon 18.6 deg up, 0.72 of umbral phase in a dark sky"
1091-05-05,1091,1,lunar,partial umbral,0.522,Clonmacnoise,blind,,"Moon 17.5 deg up, 1.0 of umbral phase in a dark sky"
1091-10-30,1091,4,lunar,partial umbral,0.524,Clonmacnoise,blind,,"Moon 29.6 deg up, 1.0 of umbral phase in a dark sky"
1092-10-18,1092,1,lunar,total,1.812,Clonmacnoise,blind,,"Moon 35.0 deg up, 0.88 of umbral phase in a dark sky"
1093-09-23,1093,5,solar,partial,0.877,Iona,blind,,UT 09:42 at Armagh
1095-02-22,1095,4,lunar,partial umbral,0.721,Clonmacnoise,blind,,"Moon 43.7 deg up, 1.0 of umbral phase in a dark sky"
1095-08-18,1095,6,lunar,partial umbral,0.901,Clonmacnoise,local-if-recorded,"above the Irish horizon, below the Mediterranean one","Moon 5.4 deg up, 0.08 of umbral phase in a dark sky"
1096-02-11,1096,1,lunar,total,1.615,Clonmacnoise,blind,,"Moon 44.3 deg up, 1.0 of umbral phase in a dark sky"
1096-08-06,1096,3,lunar,total,1.487,Clonmacnoise,blind,,"Moon 11.0 deg up, 0.24 of umbral phase in a dark sky"
1098-12-11,1098,6,lunar,partial umbral,0.801,Clonmacnoise,blind,,"Moon 33.7 deg up, 1.0 of umbral phase in a dark sky"
1098-12-25,1098,6,solar,partial,0.696,Clonmacnoise,blind,,UT 11:03 at Armagh
1099-06-05,1099,,lunar,total,1.366,-,borrowed-if-recorded,not visible from Ireland; visible from the Mediterranean,below the Irish horizon throughout the umbral phase
1099-11-30,1099,3,lunar,total,1.64,Iona,blind,,"Moon 15.2 deg up, 0.4 of umbral phase in a dark sky"
1100-11-18,1100,0,lunar,partial umbral,0.307,Armagh,blind,,"Moon 30.3 deg up, 1.0 of umbral phase in a dark sky"
1102-04-05,1102,6,lunar,partial umbral,0.744,Clonmacnoise,local-if-recorded,"above the Irish horizon, below the Mediterranean one","Moon 8.3 deg up, 0.2 of umbral phase in a dark sky"
1103-09-17,1103,4,lunar,total,1.836,Clonmacnoise,blind,,"Moon 35.1 deg up, 1.0 of umbral phase in a dark sky"
1106-07-17,1106,2,lunar,partial umbral,0.996,Clonmacnoise,blind,,"Moon 16.4 deg up, 0.92 of umbral phase in a dark sky"
1107-01-11,1107,5,lunar,total,1.68,Clonmacnoise,blind,,"Moon 57.3 deg up, 1.0 of umbral phase in a dark sky"
1107-07-06,1107,6,lunar,total,1.28,Clonmacnoise,blind,,"Moon 13.6 deg up, 0.96 of umbral phase in a dark sky"
1107-12-31,1107,2,lunar,partial umbral,0.431,Iona,blind,,"Moon 10.0 deg up, 0.28 of umbral phase in a dark sky"
1109-05-31,1109,1,solar,deep partial,0.919,Iona,blind,,UT 12:55 at Armagh
1110-05-05,1110,4,lunar,total,1.759,Clonmacnoise,blind,,"Moon 17.6 deg up, 1.0 of umbral phase in a dark sky"
1111-10-18,1111,3,lunar,partial umbral,0.616,Armagh,blind,,"Moon 21.5 deg up, 0.64 of umbral phase in a dark sky"
1112-03-29,1112.0,5.0,solar,partial,0.1928,-,borrowed-if-recorded,"deep in the Mediterranean, effectively invisible from Ireland","Mediterranean magnitude high, Irish magnitude below 0.20"
1114-08-18,1114,2,lunar,total,1.596,Clonmacnoise,blind,,"Moon 23.5 deg up, 0.92 of umbral phase in a dark sky"
1115-02-10,1115,3,lunar,partial umbral,0.406,Armagh,blind,,"Moon 31.1 deg up, 1.0 of umbral phase in a dark sky"
1115-07-23,1115.0,5.0,solar,partial,0.0,-,borrowed-if-recorded,"deep in the Mediterranean, effectively invisible from Ireland","Mediterranean magnitude high, Irish magnitude below 0.20"
1116-12-21,1116,,lunar,partial umbral,0.7945,-,borrowed-if-recorded,not visible from Ireland; visible from the Mediterranean,below the Irish horizon throughout the umbral phase
1117-06-16,1117,6,lunar,total,1.222,Clonmacnoise,blind,,"Moon 12.0 deg up, 1.0 of umbral phase in a dark sky"
1117-12-11,1117,2,lunar,total,1.645,Clonmacnoise,blind,,"Moon 59.8 deg up, 1.0 of umbral phase in a dark sky"
1118-05-22,1118,3,solar,partial,0.662,Iona,blind,,UT 08:04 at Armagh
1118-11-30,1118,6,lunar,partial umbral,0.319,Clonmacnoise,blind,,"Moon 54.0 deg up, 1.0 of umbral phase in a dark sky"
1119-05-11,1119.0,0.0,solar,partial,0.0239,-,borrowed-if-recorded,"deep in the Mediterranean, effectively invisible from Ireland","Mediterranean magnitude high, Irish magnitude below 0.20"
1120-10-08,1120,,lunar,partial umbral,0.5205,-,borrowed-if-recorded,not visible from Ireland; visible from the Mediterranean,below the Irish horizon throughout the umbral phase
1121-04-04,1121,1,lunar,total,1.7,Clonmacnoise,blind,,"Moon 25.7 deg up, 0.88 of umbral phase in a dark sky"
1121-09-28,1121,3,lunar,total,1.873,Clonmacnoise,blind,,"Moon 20.7 deg up, 0.52 of umbral phase in a dark sky"
1122-03-24,1122,5,lunar,partial umbral,0.311,Clonmacnoise,blind,,"Moon 31.6 deg up, 1.0 of umbral phase in a dark sky"
1122-09-17,1122,0,lunar,partial umbral,0.62,Clonmacnoise,blind,,"Moon 35.0 deg up, 1.0 of umbral phase in a dark sky"
1124-02-01,1124,5,lunar,partial umbral,0.785,Armagh,blind,,"Moon 23.1 deg up, 0.72 of umbral phase in a dark sky"
1124-07-28,1124,1,lunar,partial umbral,0.848,Clonmacnoise,blind,,"Moon 6.1 deg up, 0.08 of umbral phase in a dark sky"
1124-08-11,1124,1,solar,partial,0.76,Iona,blind,,UT 11:41 at Armagh
1125-12-26,1125,6,solar,partial,0.617,Clonmacnoise,blind,,UT 15:36 at Armagh
1126-01-11,1126,1,lunar,partial umbral,0.438,Clonmacnoise,blind,,"Moon 57.9 deg up, 1.0 of umbral phase in a dark sky"
1127-11-20,1127,0,lunar,partial umbral,0.468,Clonmacnoise,blind,,"Moon 51.5 deg up, 1.0 of umbral phase in a dark sky"
1128-11-08,1128,4,lunar,total,1.746,Clonmacnoise,blind,,"Moon 51.4 deg up, 1.0 of umbral phase in a dark sky"
1129-05-05,1129,0,lunar,partial umbral,0.75,Clonmacnoise,blind,,"Moon 15.8 deg up, 0.84 of umbral phase in a dark sky"
1129-10-29,1129,2,lunar,partial umbral,0.651,Clonmacnoise,blind,,"Moon 50.7 deg up, 1.0 of umbral phase in a dark sky"
1131-03-15,1131,,lunar,partial umbral,0.5671,-,borrowed-if-recorded,not visible from Ireland; visible from the Mediterranean,below the Irish horizon throughout the umbral phase
1131-03-30,1131,1,solar,partial,0.678,Iona,blind,,UT 14:59 at Armagh
1131-09-08,1131,2,lunar,partial umbral,0.71,Clonmacnoise,blind,,"Moon 30.5 deg up, 1.0 of umbral phase in a dark sky"
1132-03-03,1132,4,lunar,total,1.74,Armagh,blind,,"Moon 26.5 deg up, 0.72 of umbral phase in a dark sky"
1133-02-21,1133,2,lunar,partial umbral,0.459,Clonmacnoise,blind,,"Moon 34.0 deg up, 1.0 of umbral phase in a dark sky"
1133-08-02,1133,3,solar,central,1.064,Iona,blind,,UT 11:25 at Armagh
1133-08-17,1133,,lunar,partial umbral,0.2397,-,borrowed-if-recorded,not visible from Ireland; visible from the Mediterranean,below the Irish horizon throughout the umbral phase
1135-01-01,1135,2,lunar,partial umbral,0.784,Clonmacnoise,blind,,"Moon 59.1 deg up, 1.0 of umbral phase in a dark sky"
1135-12-22,1135,0,lunar,total,1.65,Iona,local-if-recorded,"above the Irish horizon, below the Mediterranean one","Moon 12.8 deg up, 0.32 of umbral phase in a dark sky"
1136-06-15,1136,1,lunar,total,1.245,Clonmacnoise,blind,,"Moon 7.4 deg up, 0.16 of umbral phase in a dark sky"
1138-04-26,1138,2,lunar,partial umbral,0.513,Clonmacnoise,blind,,"Moon 13.8 deg up, 0.6 of umbral phase in a dark sky"
1138-10-20,1138,4,lunar,partial umbral,0.486,Clonmacnoise,blind,,"Moon 49.5 deg up, 1.0 of umbral phase in a dark sky"
1138-11-04,1138,5,solar,partial,0.594,Clonmacnoise,blind,,UT 14:22 at Armagh
1139-04-16,1139,0,lunar,total,1.817,Clonmacnoise,blind,,"Moon 18.4 deg up, 0.52 of umbral phase in a dark sky"
1139-10-09,1139,,lunar,total,1.8227,-,borrowed-if-recorded,not visible from Ireland; visible from the Mediterranean,below the Irish horizon throughout the umbral phase
1140-03-20,1140,3,solar,deep partial,0.977,Clonmacnoise,totality-in-ireland,umbral track 63.0 km from the island,UT 14:46 at Armagh
1140-04-04,1140,4,lunar,partial umbral,0.421,Clonmacnoise,local-if-recorded,"above the Irish horizon, below the Mediterranean one","Moon 11.1 deg up, 0.28 of umbral phase in a dark sky"
1140-09-28,1140,6,lunar,partial umbral,0.678,Clonmacnoise,local-if-recorded,"above the Irish horizon, below the Mediterranean one","Moon 11.9 deg up, 0.32 of umbral phase in a dark sky"
1142-02-12,1142,4,lunar,partial umbral,0.756,Clonmacnoise,blind,,"Moon 45.8 deg up, 1.0 of umbral phase in a dark sky"
1143-02-01,1143,1,lunar,total,1.723,Armagh,blind,,"Moon 23.3 deg up, 0.6 of umbral phase in a dark sky"
1145-06-06,1145,,lunar,partial umbral,0.1418,-,borrowed-if-recorded,not visible from Ireland; visible from the Mediterranean,below the Irish horizon throughout the umbral phase
1145-12-01,1145,6,lunar,partial umbral,0.45,Clonmacnoise,blind,,"Moon 37.5 deg up, 1.0 of umbral phase in a dark sky"
1146-11-20,1146,3,lunar,total,1.726,Clonmacnoise,blind,,"Moon 43.5 deg up, 1.0 of umbral phase in a dark sky"
1147-10-26,1147,0,solar,deep partial,0.916,Iona,blind,,UT 09:35 at Armagh
1149-03-26,1149,6,lunar,partial umbral,0.47,Clonmacnoise,blind,,"Moon 32.1 deg up, 1.0 of umbral phase in a dark sky"
1149-09-19,1149,1,lunar,partial umbral,0.632,Clonmacnoise,local-if-recorded,"above the Irish horizon, below the Mediterranean one","Moon 14.4 deg up, 0.44 of umbral phase in a dark sky"
1150-03-15,1150,3,lunar,total,1.823,Clonmacnoise,blind,,"Moon 35.4 deg up, 1.0 of umbral phase in a dark sky"
1150-09-08,1150,5,lunar,total,1.782,Armagh,blind,,"Moon 11.2 deg up, 0.2 of umbral phase in a dark sky"
1151-08-28,1151,2,lunar,partial umbral,0.348,Clonmacnoise,blind,,"Moon 29.6 deg up, 1.0 of umbral phase in a dark sky"
1153-01-12,1153,1,lunar,partial umbral,0.77,Clonmacnoise,local-if-recorded,"above the Irish horizon, below the Mediterranean one","Moon 14.1 deg up, 0.36 of umbral phase in a dark sky"
1153-01-26,1153,1,solar,partial,0.751,Bangor,blind,,UT 11:58 at Armagh
1154-01-01,1154,5,lunar,total,1.657,Iona,blind,,"Moon 22.4 deg up, 0.6 of umbral phase in a dark sky"
1154-06-27,1154,0,lunar,total,1.384,Clonmacnoise,blind,,"Moon 9.3 deg up, 0.28 of umbral phase in a dark sky"
1154-12-21,1154,2,lunar,partial umbral,0.339,Armagh,blind,,"Moon 32.2 deg up, 1.0 of umbral phase in a dark sky"
1155-06-16,1155,,lunar,partial umbral,0.0595,-,borrowed-if-recorded,not visible from Ireland; visible from the Mediterranean,below the Irish horizon throughout the umbral phase
1156-05-07,1156,1,lunar,partial umbral,0.383,Clonmacnoise,blind,,"Moon 8.4 deg up, 0.32 of umbral phase in a dark sky"
1157-10-19,1157,6,lunar,total,1.784,Clonmacnoise,blind,,"Moon 49.1 deg up, 1.0 of umbral phase in a dark sky"
1158-10-09,1158,,lunar,partial umbral,0.7229,-,borrowed-if-recorded,not visible from Ireland; visible from the Mediterranean,below the Irish horizon throughout the umbral phase
1160-08-18,1160,4,lunar,partial umbral,0.582,Armagh,blind,,"Moon 8.5 deg up, 0.16 of umbral phase in a dark sky"
1161-02-12,1161,0,lunar,total,1.76,Clonmacnoise,blind,,"Moon 47.5 deg up, 1.0 of umbral phase in a dark sky"
1161-08-07,1161,1,lunar,total,1.716,Clonmacnoise,blind,,"Moon 9.5 deg up, 0.2 of umbral phase in a dark sky"
1162-01-17,1162.0,3.0,solar,partial,0.0,-,borrowed-if-recorded,"deep in the Mediterranean, effectively invisible from Ireland","Mediterranean magnitude high, Irish magnitude below 0.20"
1162-02-01,1162,4,lunar,partial umbral,0.471,Iona,blind,,"Moon 19.3 deg up, 0.72 of umbral phase in a dark sky"
1162-07-28,1162,6,lunar,partial umbral,0.368,Clonmacnoise,blind,,"Moon 17.6 deg up, 1.0 of umbral phase in a dark sky"
1164-06-06,1164,6,lunar,total,1.36,Clonmacnoise,blind,,"Moon 10.4 deg up, 0.4 of umbral phase in a dark sky"
1164-11-30,1164,,lunar,total,1.7139,-,borrowed-if-recorded,not visible from Ireland; visible from the Mediterranean,below the Irish horizon throughout the umbral phase
1165-11-19,1165,5,lunar,partial umbral,0.696,Armagh,blind,,"Moon 38.9 deg up, 1.0 of umbral phase in a dark sky"
1168-09-19,1168,4,lunar,total,1.848,Clonmacnoise,blind,,"Moon 36.8 deg up, 1.0 of umbral phase in a dark sky"
1169-03-14,1169,5,lunar,partial umbral,0.601,Clonmacnoise,blind,,"Moon 24.7 deg up, 0.96 of umbral phase in a dark sky"
1169-09-08,1169,1,lunar,partial umbral,0.443,Clonmacnoise,local-if-recorded,"above the Irish horizon, below the Mediterranean one","Moon 6.0 deg up, 0.08 of umbral phase in a dark sky"
1171-01-23,1171,6,lunar,partial umbral,0.748,Iona,blind,,"Moon 11.0 deg up, 0.28 of umbral phase in a dark sky"
1171-07-18,1171,0,lunar,partial umbral,0.81,Clonmacnoise,blind,,"Moon 14.2 deg up, 0.68 of umbral phase in a dark sky"
1172-01-13,1172,4,lunar,total,1.67,Clonmacnoise,blind,,"Moon 56.8 deg up, 1.0 of umbral phase in a dark sky"
1173-01-01,1173,1,lunar,partial umbral,0.352,Clonmacnoise,blind,,"Moon 54.5 deg up, 1.0 of umbral phase in a dark sky"
1174-11-10,1174,0,lunar,partial umbral,0.449,Iona,blind,,"Moon 17.2 deg up, 0.6 of umbral phase in a dark sky"
1174-11-26,1174.0,2.0,solar,partial,0.0,-,borrowed-if-recorded,"deep in the Mediterranean, effectively invisible from Ireland","Mediterranean magnitude high, Irish magnitude below 0.20"
1175-05-07,1175,,lunar,total,1.5954,-,borrowed-if-recorded,not visible from Ireland; visible from the Mediterranean,below the Irish horizon throughout the umbral phase
1175-10-31,1175,5,lunar,total,1.756,Clonmacnoise,local-if-recorded,"above the Irish horizon, below the Mediterranean one","Moon 15.8 deg up, 0.36 of umbral phase in a dark sky"
1176-04-11,1176,0,solar,partial,0.577,Bangor,blind,,UT 05:19 at Armagh
1176-04-25,1176,0,lunar,partial umbral,0.68,Armagh,blind,,"Moon 5.3 deg up, 0.04 of umbral phase in a dark sky"
1176-10-19,1176,2,lunar,partial umbral,0.756,Clonmacnoise,blind,,"Moon 48.5 deg up, 1.0 of umbral phase in a dark sky"
1178-03-05,1178,0,lunar,partial umbral,0.665,Armagh,blind,,"Moon 20.8 deg up, 0.72 of umbral phase in a dark sky"
1178-08-30,1178,3,lunar,partial umbral,0.466,Clonmacnoise,blind,,"Moon 29.5 deg up, 1.0 of umbral phase in a dark sky"
1178-09-13,1178,3,solar,partial,0.894,Clonmacnoise,blind,,UT 11:08 at Armagh
1179-08-19,1179,0,lunar,total,1.823,Clonmacnoise,blind,,"Moon 24.9 deg up, 1.0 of umbral phase in a dark sky"
1180-01-28,1180,1,solar,deep partial,0.945,Clonmacnoise,totality-in-ireland,umbral track 34.0 km from the island,UT 16:39 at Armagh
1180-02-13,1180,3,lunar,partial umbral,0.501,Clonmacnoise,blind,,"Moon 46.9 deg up, 1.0 of umbral phase in a dark sky"
1181-12-22,1181,2,lunar,partial umbral,0.423,Clonmacnoise,blind,,"Moon 51.8 deg up, 1.0 of umbral phase in a dark sky"
1182-12-11,1182,6,lunar,total,1.705,Clonmacnoise,blind,,"Moon 57.1 deg up, 1.0 of umbral phase in a dark sky"
1183-06-07,1183,,lunar,total,1.1447,-,borrowed-if-recorded,not visible from Ireland; visible from the Mediterranean,below the Irish horizon throughout the umbral phase
1183-12-01,1183,4,lunar,partial umbral,0.709,Clonmacnoise,blind,,"Moon 50.5 deg up, 1.0 of umbral phase in a dark sky"
1185-05-01,1185,3,solar,deep partial,0.999,Iona,blind,,UT 14:03 at Armagh
1185-10-10,1185,4,lunar,partial umbral,0.511,Clonmacnoise,blind,,"Moon 44.6 deg up, 1.0 of umbral phase in a dark sky"
1186-04-05,1186,,lunar,total,1.6776,-,borrowed-if-recorded,not visible from Ireland; visible from the Mediterranean,below the Irish horizon throughout the umbral phase
1187-03-26,1187,4,lunar,partial umbral,0.689,Clonmacnoise,blind,,"Moon 22.9 deg up, 0.84 of umbral phase in a dark sky"
1187-09-04,1187,5,solar,partial,0.765,Iona,blind,,UT 10:38 at Armagh
1189-02-03,1189,5,lunar,partial umbral,0.718,Clonmacnoise,blind,,"Moon 51.4 deg up, 1.0 of umbral phase in a dark sky"
1189-07-29,1189,6,lunar,partial umbral,0.686,Clonmacnoise,local-if-recorded,"above the Irish horizon, below the Mediterranean one","Moon 7.1 deg up, 0.16 of umbral phase in a dark sky"
1190-07-18,1190,,lunar,total,1.6526,-,borrowed-if-recorded,not visible from Ireland; visible from the Mediterranean,below the Irish horizon throughout the umbral phase
1191-06-23,1191,0,solar,deep partial,0.954,Armagh,totality-in-ireland,umbral track 17.0 km from the island,UT 10:59 at Armagh
1192-05-28,1192,,lunar,partial umbral,0.0979,-,borrowed-if-recorded,not visible from Ireland; visible from the Mediterranean,below the Irish horizon throughout the umbral phase
1192-11-21,1192,6,lunar,partial umbral,0.442,Clonmacnoise,blind,,"Moon 58.2 deg up, 1.0 of umbral phase in a dark sky"
1192-12-06,1192,0,solar,partial,0.765,Clonmacnoise,blind,,UT 16:03 at Armagh
1193-05-18,1193,2,lunar,total,1.447,Clonmacnoise,blind,,"Moon 14.9 deg up, 1.0 of umbral phase in a dark sky"
1193-11-10,1193,3,lunar,total,1.736,Iona,blind,,"Moon 12.9 deg up, 0.32 of umbral phase in a dark sky"
1194-04-22,1194,5,solar,partial,0.699,Iona,blind,,UT 14:10 at Armagh
1194-05-07,1194,6,lunar,partial umbral,0.824,Clonmacnoise,blind,,"Moon 18.1 deg up, 1.0 of umbral phase in a dark sky"
1194-10-31,1194,1,lunar,partial umbral,0.781,Clonmacnoise,local-if-recorded,"above the Irish horizon, below the Mediterranean one","Moon 8.8 deg up, 0.2 of umbral phase in a dark sky"
1196-03-16,1196,6,lunar,partial umbral,0.6,Clonmacnoise,blind,,"Moon 30.1 deg up, 1.0 of umbral phase in a dark sky"
1197-03-05,1197,3,lunar,total,1.865,Armagh,blind,,"Moon 24.9 deg up, 0.72 of umbral phase in a dark sky"
1200-01-03,1200,1,lunar,partial umbral,0.41,Clonmacnoise,blind,,"Moon 37.8 deg up, 1.0 of umbral phase in a dark sky"
1200-12-22,1200,5,lunar,total,1.699,Clonmacnoise,blind,,"Moon 41.6 deg up, 1.0 of umbral phase in a dark sky"
1201-06-18,1201,1,lunar,total,1.284,Clonmacnoise,blind,,"Moon 11.7 deg up, 0.6 of umbral phase in a dark sky"
1201-11-27,1201,2,solar,partial,0.802,Clonmacnoise,blind,,UT 10:38 at Armagh
1203-04-27,1203,0,lunar,partial umbral,0.114,Clonmacnoise,blind,,"Moon 14.3 deg up, 1.0 of umbral phase in a dark sky"
1203-10-22,1203,3,lunar,partial umbral,0.466,Clonmacnoise,local-if-recorded,"above the Irish horizon, below the Mediterranean one","Moon 14.2 deg up, 0.48 of umbral phase in a dark sky"
1204-04-16,1204,5,lunar,total,1.567,Clonmacnoise,blind,,"Moon 23.8 deg up, 1.0 of umbral phase in a dark sky"
1204-10-10,1204,0,lunar,total,1.72,Armagh,blind,,"Moon 18.3 deg up, 0.4 of umbral phase in a dark sky"
1205-09-29,1205,4,lunar,partial umbral,0.597,Clonmacnoise,blind,,"Moon 38.5 deg up, 1.0 of umbral phase in a dark sky"
1207-02-28,1207,3,solar,partial,0.735,Bangor,blind,,UT 11:26 at Armagh
1208-02-03,1208,0,lunar,total,1.722,Armagh,blind,,"Moon 19.8 deg up, 0.48 of umbral phase in a dark sky"
1208-07-29,1208,2,lunar,total,1.778,Clonmacnoise,blind,,"Moon 18.4 deg up, 0.96 of umbral phase in a dark sky"
1209-01-22,1209,4,lunar,partial umbral,0.398,Armagh,blind,,"Moon 26.3 deg up, 1.0 of umbral phase in a dark sky"
1209-07-18,1209,,lunar,partial umbral,0.4476,-,borrowed-if-recorded,not visible from Ireland; visible from the Mediterranean,below the Irish horizon throughout the umbral phase
